timestamp,unix_time,instrument,price,direction,tick_size,session_id
2026-07-15 10:20:05,1784110805,BOOM600,5347.279,0,,BACKFILL_AUTO
2026-07-15 10:20:06,1784110806,BOOM600,5347.263,-1,0.016000000000531145,BACKFILL_AUTO
2026-07-15 10:20:07,1784110807,BOOM600,5347.248,-1,0.015000000000327418,BACKFILL_AUTO
2026-07-15 10:20:08,1784110808,BOOM600,5347.221,-1,0.027000000000043656,BACKFILL_AUTO
2026-07-15 10:20:09,1784110809,BOOM600,5347.216,-1,0.004999999999199645,BACKFILL_AUTO
2026-07-15 10:20:10,1784110810,BOOM600,5347.195,-1,0.021000000000640284,BACKFILL_AUTO
2026-07-15 10:20:11,1784110811,BOOM600,5347.19,-1,0.005000000000109139,BACKFILL_AUTO
2026-07-15 10:20:12,1784110812,BOOM600,5347.186,-1,0.0039999999999054126,BACKFILL_AUTO
2026-07-15 10:20:13,1784110813,BOOM600,5347.185,-1,0.0009999999992942321,BACKFILL_AUTO
2026-07-15 10:20:14,1784110814,BOOM600,5347.169,-1,0.016000000000531145,BACKFILL_AUTO
2026-07-15 10:20:15,1784110815,BOOM600,5347.158,-1,0.01099999999951251,BACKFILL_AUTO
2026-07-15 10:20:16,1784110816,BOOM600,5347.155,-1,0.0030000000006111804,BACKFILL_AUTO
2026-07-15 10:20:17,1784110817,BOOM600,5347.154,-1,0.0009999999992942321,BACKFILL_AUTO
2026-07-15 10:20:18,1784110818,BOOM600,5347.148,-1,0.006000000000312866,BACKFILL_AUTO
2026-07-15 10:20:19,1784110819,BOOM600,5347.143,-1,0.005000000000109139,BACKFILL_AUTO
2026-07-15 10:20:20,1784110820,BOOM600,5347.131,-1,0.011999999999716238,BACKFILL_AUTO
2026-07-15 10:20:21,1784110821,BOOM600,5347.128,-1,0.0030000000006111804,BACKFILL_AUTO
2026-07-15 10:20:22,1784110822,BOOM600,5347.123,-1,0.005000000000109139,BACKFILL_AUTO
2026-07-15 10:20:23,1784110823,BOOM600,5347.116,-1,0.006999999999607098,BACKFILL_AUTO
2026-07-15 10:20:24,1784110824,BOOM600,5347.108,-1,0.007999999999810825,BACKFILL_AUTO
2026-07-15 10:20:25,1784110825,BOOM600,5347.107,-1,0.0010000000002037268,BACKFILL_AUTO
2026-07-15 10:20:26,1784110826,BOOM600,5347.102,-1,0.005000000000109139,BACKFILL_AUTO
2026-07-15 10:20:27,1784110827,BOOM600,5347.099,-1,0.0029999999997016857,BACKFILL_AUTO
2026-07-15 10:20:28,1784110828,BOOM600,5347.093,-1,0.006000000000312866,BACKFILL_AUTO
2026-07-15 10:20:29,1784110829,BOOM600,5347.091,-1,0.001999999999497959,BACKFILL_AUTO
2026-07-15 10:20:30,1784110830,BOOM600,5347.081,-1,0.010000000000218279,BACKFILL_AUTO
2026-07-15 10:20:31,1784110831,BOOM600,5347.064,-1,0.016999999999825377,BACKFILL_AUTO
2026-07-15 10:20:32,1784110832,BOOM600,5347.056,-1,0.00800000000072032,BACKFILL_AUTO
2026-07-15 10:20:33,1784110833,BOOM600,5347.055,-1,0.0009999999992942321,BACKFILL_AUTO
2026-07-15 10:20:34,1784110834,BOOM600,5347.052,-1,0.0030000000006111804,BACKFILL_AUTO
2026-07-15 10:20:35,1784110835,BOOM600,5347.049,-1,0.0029999999997016857,BACKFILL_AUTO
2026-07-15 10:20:36,1784110836,BOOM600,5347.03,-1,0.01900000000023283,BACKFILL_AUTO
2026-07-15 10:20:37,1784110837,BOOM600,5347.018,-1,0.011999999999716238,BACKFILL_AUTO
2026-07-15 10:20:38,1784110838,BOOM600,5347.017,-1,0.0010000000002037268,BACKFILL_AUTO
2026-07-15 10:20:39,1784110839,BOOM600,5347.012,-1,0.005000000000109139,BACKFILL_AUTO
2026-07-15 10:20:40,1784110840,BOOM600,5347.008,-1,0.0039999999999054126,BACKFILL_AUTO
2026-07-15 10:20:41,1784110841,BOOM600,5347.001,-1,0.006999999999607098,BACKFILL_AUTO
2026-07-15 10:20:42,1784110842,BOOM600,5346.983,-1,0.018000000000029104,BACKFILL_AUTO
2026-07-15 10:20:43,1784110843,BOOM600,5346.977,-1,0.006000000000312866,BACKFILL_AUTO
2026-07-15 10:20:44,1784110844,BOOM600,5346.965,-1,0.011999999999716238,BACKFILL_AUTO
2026-07-15 10:20:45,1784110845,BOOM600,5346.959,-1,0.006000000000312866,BACKFILL_AUTO
2026-07-15 10:20:46,1784110846,BOOM600,5346.938,-1,0.02099999999973079,BACKFILL_AUTO
2026-07-15 10:20:47,1784110847,BOOM600,5346.932,-1,0.006000000000312866,BACKFILL_AUTO
2026-07-15 10:20:48,1784110848,BOOM600,5346.926,-1,0.0059999999994033715,BACKFILL_AUTO
2026-07-15 10:20:49,1784110849,BOOM600,5346.92,-1,0.006000000000312866,BACKFILL_AUTO
2026-07-15 10:20:50,1784110850,BOOM600,5346.914,-1,0.006000000000312866,BACKFILL_AUTO
2026-07-15 10:20:51,1784110851,BOOM600,5346.912,-1,0.001999999999497959,BACKFILL_AUTO
2026-07-15 10:20:52,1784110852,BOOM600,5346.898,-1,0.014000000000123691,BACKFILL_AUTO
2026-07-15 10:20:53,1784110853,BOOM600,5346.888,-1,0.010000000000218279,BACKFILL_AUTO
2026-07-15 10:20:54,1784110854,BOOM600,5346.879,-1,0.009000000000014552,BACKFILL_AUTO
2026-07-15 10:20:55,1784110855,BOOM600,5346.868,-1,0.01099999999951251,BACKFILL_AUTO
2026-07-15 10:20:56,1784110856,BOOM600,5346.861,-1,0.007000000000516593,BACKFILL_AUTO
2026-07-15 10:20:57,1784110857,BOOM600,5346.857,-1,0.0039999999999054126,BACKFILL_AUTO
2026-07-15 10:20:58,1784110858,BOOM600,5346.854,-1,0.0029999999997016857,BACKFILL_AUTO
2026-07-15 10:20:59,1784110859,BOOM600,5346.845,-1,0.009000000000014552,BACKFILL_AUTO
2026-07-15 10:21:00,1784110860,BOOM600,5346.841,-1,0.0039999999999054126,BACKFILL_AUTO
2026-07-15 10:21:01,1784110861,BOOM600,5346.836,-1,0.005000000000109139,BACKFILL_AUTO
2026-07-15 10:21:02,1784110862,BOOM600,5346.828,-1,0.007999999999810825,BACKFILL_AUTO
2026-07-15 10:21:03,1784110863,BOOM600,5346.82,-1,0.00800000000072032,BACKFILL_AUTO
2026-07-15 10:21:04,1784110864,BOOM600,5346.811,-1,0.009000000000014552,BACKFILL_AUTO
2026-07-15 10:21:05,1784110865,BOOM600,5346.794,-1,0.016999999999825377,BACKFILL_AUTO
2026-07-15 10:21:06,1784110866,BOOM600,5346.787,-1,0.006999999999607098,BACKFILL_AUTO
2026-07-15 10:21:07,1784110867,BOOM600,5346.785,-1,0.0020000000004074536,BACKFILL_AUTO
2026-07-15 10:21:08,1784110868,BOOM600,5346.783,-1,0.001999999999497959,BACKFILL_AUTO
2026-07-15 10:21:09,1784110869,BOOM600,5346.783,0,0.0,BACKFILL_AUTO
2026-07-15 10:21:10,1784110870,BOOM600,5346.766,-1,0.01700000000073487,BACKFILL_AUTO
2026-07-15 10:21:11,1784110871,BOOM600,5346.75,-1,0.01599999999962165,BACKFILL_AUTO
2026-07-15 10:21:12,1784110872,BOOM600,5346.745,-1,0.005000000000109139,BACKFILL_AUTO
2026-07-15 10:21:13,1784110873,BOOM600,5346.742,-1,0.0029999999997016857,BACKFILL_AUTO
2026-07-15 10:21:14,1784110874,BOOM600,5346.737,-1,0.005000000000109139,BACKFILL_AUTO
2026-07-15 10:21:15,1784110875,BOOM600,5346.728,-1,0.009000000000014552,BACKFILL_AUTO
2026-07-15 10:21:16,1784110876,BOOM600,5346.714,-1,0.014000000000123691,BACKFILL_AUTO
2026-07-15 10:21:17,1784110877,BOOM600,5346.698,-1,0.01599999999962165,BACKFILL_AUTO
2026-07-15 10:21:18,1784110878,BOOM600,5346.686,-1,0.012000000000625732,BACKFILL_AUTO
2026-07-15 10:21:19,1784110879,BOOM600,5346.682,-1,0.0039999999999054126,BACKFILL_AUTO
2026-07-15 10:21:20,1784110880,BOOM600,5346.678,-1,0.0039999999999054126,BACKFILL_AUTO
2026-07-15 10:21:21,1784110881,BOOM600,5346.668,-1,0.010000000000218279,BACKFILL_AUTO
2026-07-15 10:21:22,1784110882,BOOM600,5346.661,-1,0.006999999999607098,BACKFILL_AUTO
2026-07-15 10:21:23,1784110883,BOOM600,5346.651,-1,0.010000000000218279,BACKFILL_AUTO
2026-07-15 10:21:24,1784110884,BOOM600,5346.649,-1,0.001999999999497959,BACKFILL_AUTO
2026-07-15 10:21:25,1784110885,BOOM600,5346.643,-1,0.006000000000312866,BACKFILL_AUTO
2026-07-15 10:21:26,1784110886,BOOM600,5346.629,-1,0.014000000000123691,BACKFILL_AUTO
2026-07-15 10:21:27,1784110887,BOOM600,5346.615,-1,0.014000000000123691,BACKFILL_AUTO
2026-07-15 10:21:28,1784110888,BOOM600,5346.608,-1,0.006999999999607098,BACKFILL_AUTO
2026-07-15 10:21:29,1784110889,BOOM600,5346.584,-1,0.02400000000034197,BACKFILL_AUTO
2026-07-15 10:21:30,1784110890,BOOM600,5346.577,-1,0.006999999999607098,BACKFILL_AUTO
2026-07-15 10:21:31,1784110891,BOOM600,5346.575,-1,0.0020000000004074536,BACKFILL_AUTO
2026-07-15 10:21:32,1784110892,BOOM600,5346.567,-1,0.007999999999810825,BACKFILL_AUTO
2026-07-15 10:21:33,1784110893,BOOM600,5346.551,-1,0.01599999999962165,BACKFILL_AUTO
2026-07-15 10:21:34,1784110894,BOOM600,5346.548,-1,0.0030000000006111804,BACKFILL_AUTO
2026-07-15 10:21:35,1784110895,BOOM600,5346.539,-1,0.009000000000014552,BACKFILL_AUTO
2026-07-15 10:21:36,1784110896,BOOM600,5346.533,-1,0.0059999999994033715,BACKFILL_AUTO
2026-07-15 10:21:37,1784110897,BOOM600,5346.526,-1,0.007000000000516593,BACKFILL_AUTO
2026-07-15 10:21:38,1784110898,BOOM600,5346.516,-1,0.010000000000218279,BACKFILL_AUTO
2026-07-15 10:21:39,1784110899,BOOM600,5346.504,-1,0.011999999999716238,BACKFILL_AUTO
2026-07-15 10:21:40,1784110900,BOOM600,5346.497,-1,0.006999999999607098,BACKFILL_AUTO
2026-07-15 10:21:41,1784110901,BOOM600,5346.485,-1,0.012000000000625732,BACKFILL_AUTO
2026-07-15 10:21:42,1784110902,BOOM600,5346.467,-1,0.018000000000029104,BACKFILL_AUTO
2026-07-15 10:21:43,1784110903,BOOM600,5346.458,-1,0.009000000000014552,BACKFILL_AUTO
2026-07-15 10:21:44,1784110904,BOOM600,5346.452,-1,0.0059999999994033715,BACKFILL_AUTO
2026-07-15 10:21:45,1784110905,BOOM600,5346.437,-1,0.015000000000327418,BACKFILL_AUTO
2026-07-15 10:21:46,1784110906,BOOM600,5346.434,-1,0.0029999999997016857,BACKFILL_AUTO
2026-07-15 10:21:47,1784110907,BOOM600,5346.429,-1,0.005000000000109139,BACKFILL_AUTO
2026-07-15 10:21:48,1784110908,BOOM600,5346.428,-1,0.0010000000002037268,BACKFILL_AUTO
2026-07-15 10:21:49,1784110909,BOOM600,5346.422,-1,0.006000000000312866,BACKFILL_AUTO
2026-07-15 10:21:50,1784110910,BOOM600,5346.412,-1,0.009999999999308784,BACKFILL_AUTO
2026-07-15 10:21:51,1784110911,BOOM600,5346.399,-1,0.012999999999919964,BACKFILL_AUTO
2026-07-15 10:21:52,1784110912,BOOM600,5346.373,-1,0.026000000000749424,BACKFILL_AUTO
2026-07-15 10:21:53,1784110913,BOOM600,5346.368,-1,0.004999999999199645,BACKFILL_AUTO
2026-07-15 10:21:54,1784110914,BOOM600,5346.368,0,0.0,BACKFILL_AUTO
2026-07-15 10:21:55,1784110915,BOOM600,5346.365,-1,0.0030000000006111804,BACKFILL_AUTO
2026-07-15 10:21:56,1784110916,BOOM600,5346.347,-1,0.018000000000029104,BACKFILL_AUTO
2026-07-15 10:21:57,1784110917,BOOM600,5346.327,-1,0.019999999999527063,BACKFILL_AUTO
2026-07-15 10:21:58,1784110918,BOOM600,5346.323,-1,0.0039999999999054126,BACKFILL_AUTO
2026-07-15 10:21:59,1784110919,BOOM600,5346.313,-1,0.010000000000218279,BACKFILL_AUTO
2026-07-15 10:22:00,1784110920,BOOM600,5346.31,-1,0.0029999999997016857,BACKFILL_AUTO
2026-07-15 10:22:01,1784110921,BOOM600,5346.302,-1,0.00800000000072032,BACKFILL_AUTO
2026-07-15 10:22:02,1784110922,BOOM600,5346.299,-1,0.0029999999997016857,BACKFILL_AUTO
2026-07-15 10:22:03,1784110923,BOOM600,5346.296,-1,0.0029999999997016857,BACKFILL_AUTO
2026-07-15 10:22:04,1784110924,BOOM600,5346.29,-1,0.006000000000312866,BACKFILL_AUTO
2026-07-15 10:22:05,1784110925,BOOM600,5346.284,-1,0.006000000000312866,BACKFILL_AUTO
2026-07-15 10:22:06,1784110926,BOOM600,5346.273,-1,0.01099999999951251,BACKFILL_AUTO
2026-07-15 10:22:07,1784110927,BOOM600,5346.257,-1,0.016000000000531145,BACKFILL_AUTO
2026-07-15 10:22:08,1784110928,BOOM600,5346.251,-1,0.0059999999994033715,BACKFILL_AUTO
2026-07-15 10:22:09,1784110929,BOOM600,5346.25,-1,0.0010000000002037268,BACKFILL_AUTO
2026-07-15 10:22:10,1784110930,BOOM600,5346.245,-1,0.005000000000109139,BACKFILL_AUTO
2026-07-15 10:22:11,1784110931,BOOM600,5346.241,-1,0.0039999999999054126,BACKFILL_AUTO
2026-07-15 10:22:12,1784110932,BOOM600,5346.228,-1,0.012999999999919964,BACKFILL_AUTO
2026-07-15 10:22:13,1784110933,BOOM600,5346.211,-1,0.016999999999825377,BACKFILL_AUTO
2026-07-15 10:22:14,1784110934,BOOM600,5346.205,-1,0.006000000000312866,BACKFILL_AUTO
2026-07-15 10:22:15,1784110935,BOOM600,5346.19,-1,0.015000000000327418,BACKFILL_AUTO
2026-07-15 10:22:16,1784110936,BOOM600,5346.169,-1,0.02099999999973079,BACKFILL_AUTO
2026-07-15 10:22:17,1784110937,BOOM600,5346.16,-1,0.009000000000014552,BACKFILL_AUTO
2026-07-15 10:22:18,1784110938,BOOM600,5346.159,-1,0.0010000000002037268,BACKFILL_AUTO
2026-07-15 10:22:19,1784110939,BOOM600,5346.143,-1,0.01599999999962165,BACKFILL_AUTO
2026-07-15 10:22:20,1784110940,BOOM600,5346.132,-1,0.011000000000422006,BACKFILL_AUTO
2026-07-15 10:22:21,1784110941,BOOM600,5346.112,-1,0.019999999999527063,BACKFILL_AUTO
2026-07-15 10:22:22,1784110942,BOOM600,5346.092,-1,0.020000000000436557,BACKFILL_AUTO
2026-07-15 10:22:23,1784110943,BOOM600,5346.089,-1,0.0029999999997016857,BACKFILL_AUTO
2026-07-15 10:22:24,1784110944,BOOM600,5346.086,-1,0.0029999999997016857,BACKFILL_AUTO
2026-07-15 10:22:25,1784110945,BOOM600,5346.073,-1,0.012999999999919964,BACKFILL_AUTO
2026-07-15 10:22:26,1784110946,BOOM600,5346.073,0,0.0,BACKFILL_AUTO
2026-07-15 10:22:27,1784110947,BOOM600,5346.058,-1,0.015000000000327418,BACKFILL_AUTO
2026-07-15 10:22:28,1784110948,BOOM600,5346.044,-1,0.014000000000123691,BACKFILL_AUTO
2026-07-15 10:22:29,1784110949,BOOM600,5346.014,-1,0.02999999999974534,BACKFILL_AUTO
2026-07-15 10:22:30,1784110950,BOOM600,5346.011,-1,0.0029999999997016857,BACKFILL_AUTO
2026-07-15 10:22:31,1784110951,BOOM600,5345.998,-1,0.01300000000082946,BACKFILL_AUTO
2026-07-15 10:22:32,1784110952,BOOM600,5345.987,-1,0.01099999999951251,BACKFILL_AUTO
2026-07-15 10:22:33,1784110953,BOOM600,5345.984,-1,0.0029999999997016857,BACKFILL_AUTO
2026-07-15 10:22:34,1784110954,BOOM600,5345.955,-1,0.02900000000045111,BACKFILL_AUTO
2026-07-15 10:22:35,1784110955,BOOM600,5345.95,-1,0.005000000000109139,BACKFILL_AUTO
2026-07-15 10:22:36,1784110956,BOOM600,5345.939,-1,0.01099999999951251,BACKFILL_AUTO
2026-07-15 10:22:37,1784110957,BOOM600,5345.931,-1,0.00800000000072032,BACKFILL_AUTO
2026-07-15 10:22:38,1784110958,BOOM600,5345.927,-1,0.0039999999999054126,BACKFILL_AUTO
2026-07-15 10:22:39,1784110959,BOOM600,5345.919,-1,0.007999999999810825,BACKFILL_AUTO
2026-07-15 10:22:40,1784110960,BOOM600,5345.912,-1,0.006999999999607098,BACKFILL_AUTO
2026-07-15 10:22:41,1784110961,BOOM600,5345.904,-1,0.007999999999810825,BACKFILL_AUTO
2026-07-15 10:22:42,1784110962,BOOM600,5345.881,-1,0.023000000000138243,BACKFILL_AUTO
2026-07-15 10:22:43,1784110963,BOOM600,5345.875,-1,0.006000000000312866,BACKFILL_AUTO
2026-07-15 10:22:44,1784110964,BOOM600,5345.871,-1,0.0039999999999054126,BACKFILL_AUTO
2026-07-15 10:22:45,1784110965,BOOM600,5345.862,-1,0.009000000000014552,BACKFILL_AUTO
2026-07-15 10:22:46,1784110966,BOOM600,5345.856,-1,0.006000000000312866,BACKFILL_AUTO
2026-07-15 10:22:47,1784110967,BOOM600,5345.846,-1,0.010000000000218279,BACKFILL_AUTO
2026-07-15 10:22:48,1784110968,BOOM600,5345.832,-1,0.013999999999214197,BACKFILL_AUTO
2026-07-15 10:22:49,1784110969,BOOM600,5345.817,-1,0.015000000000327418,BACKFILL_AUTO
2026-07-15 10:22:50,1784110970,BOOM600,5345.795,-1,0.021999999999934516,BACKFILL_AUTO
2026-07-15 10:22:51,1784110971,BOOM600,5345.791,-1,0.0039999999999054126,BACKFILL_AUTO
2026-07-15 10:22:52,1784110972,BOOM600,5345.784,-1,0.007000000000516593,BACKFILL_AUTO
2026-07-15 10:22:53,1784110973,BOOM600,5345.776,-1,0.007999999999810825,BACKFILL_AUTO
2026-07-15 10:22:54,1784110974,BOOM600,5345.771,-1,0.005000000000109139,BACKFILL_AUTO
2026-07-15 10:22:55,1784110975,BOOM600,5345.759,-1,0.011999999999716238,BACKFILL_AUTO
2026-07-15 10:22:56,1784110976,BOOM600,5345.747,-1,0.011999999999716238,BACKFILL_AUTO
2026-07-15 10:22:57,1784110977,BOOM600,5345.746,-1,0.0010000000002037268,BACKFILL_AUTO
2026-07-15 10:22:58,1784110978,BOOM600,5345.734,-1,0.011999999999716238,BACKFILL_AUTO
2026-07-15 10:22:59,1784110979,BOOM600,5345.718,-1,0.016000000000531145,BACKFILL_AUTO
2026-07-15 10:23:00,1784110980,BOOM600,5345.71,-1,0.007999999999810825,BACKFILL_AUTO
2026-07-15 10:23:01,1784110981,BOOM600,5345.701,-1,0.009000000000014552,BACKFILL_AUTO
2026-07-15 10:23:02,1784110982,BOOM600,5345.67,-1,0.03099999999994907,BACKFILL_AUTO
2026-07-15 10:23:03,1784110983,BOOM600,5345.655,-1,0.015000000000327418,BACKFILL_AUTO
2026-07-15 10:23:04,1784110984,BOOM600,5345.648,-1,0.006999999999607098,BACKFILL_AUTO
2026-07-15 10:23:05,1784110985,BOOM600,5345.645,-1,0.0029999999997016857,BACKFILL_AUTO
2026-07-15 10:23:06,1784110986,BOOM600,5345.638,-1,0.007000000000516593,BACKFILL_AUTO
2026-07-15 10:23:07,1784110987,BOOM600,5345.625,-1,0.012999999999919964,BACKFILL_AUTO
2026-07-15 10:23:08,1784110988,BOOM600,5345.617,-1,0.007999999999810825,BACKFILL_AUTO
2026-07-15 10:23:09,1784110989,BOOM600,5345.606,-1,0.011000000000422006,BACKFILL_AUTO
2026-07-15 10:23:10,1784110990,BOOM600,5345.605,-1,0.0010000000002037268,BACKFILL_AUTO
2026-07-15 10:23:11,1784110991,BOOM600,5345.591,-1,0.013999999999214197,BACKFILL_AUTO
2026-07-15 10:23:12,1784110992,BOOM600,5345.586,-1,0.005000000000109139,BACKFILL_AUTO
2026-07-15 10:23:13,1784110993,BOOM600,5345.578,-1,0.007999999999810825,BACKFILL_AUTO
2026-07-15 10:23:14,1784110994,BOOM600,5345.573,-1,0.005000000000109139,BACKFILL_AUTO
2026-07-15 10:23:15,1784110995,BOOM600,5345.551,-1,0.021999999999934516,BACKFILL_AUTO
2026-07-15 10:23:16,1784110996,BOOM600,5345.548,-1,0.0030000000006111804,BACKFILL_AUTO
2026-07-15 10:23:17,1784110997,BOOM600,5345.547,-1,0.0010000000002037268,BACKFILL_AUTO
2026-07-15 10:23:18,1784110998,BOOM600,5345.545,-1,0.001999999999497959,BACKFILL_AUTO
2026-07-15 10:23:19,1784110999,BOOM600,5345.539,-1,0.006000000000312866,BACKFILL_AUTO
2026-07-15 10:23:20,1784111000,BOOM600,5345.539,0,0.0,BACKFILL_AUTO
2026-07-15 10:23:21,1784111001,BOOM600,5345.524,-1,0.014999999999417923,BACKFILL_AUTO
2026-07-15 10:23:22,1784111002,BOOM600,5345.512,-1,0.012000000000625732,BACKFILL_AUTO
2026-07-15 10:23:23,1784111003,BOOM600,5345.502,-1,0.009999999999308784,BACKFILL_AUTO
2026-07-15 10:23:24,1784111004,BOOM600,5345.495,-1,0.007000000000516593,BACKFILL_AUTO
2026-07-15 10:23:25,1784111005,BOOM600,5345.481,-1,0.014000000000123691,BACKFILL_AUTO
2026-07-15 10:23:26,1784111006,BOOM600,5345.474,-1,0.006999999999607098,BACKFILL_AUTO
2026-07-15 10:23:27,1784111007,BOOM600,5345.465,-1,0.009000000000014552,BACKFILL_AUTO
2026-07-15 10:23:28,1784111008,BOOM600,5345.455,-1,0.010000000000218279,BACKFILL_AUTO
2026-07-15 10:23:29,1784111009,BOOM600,5345.446,-1,0.009000000000014552,BACKFILL_AUTO
2026-07-15 10:23:30,1784111010,BOOM600,5345.435,-1,0.01099999999951251,BACKFILL_AUTO
2026-07-15 10:23:31,1784111011,BOOM600,5345.431,-1,0.004000000000814907,BACKFILL_AUTO
2026-07-15 10:23:32,1784111012,BOOM600,5345.417,-1,0.013999999999214197,BACKFILL_AUTO
2026-07-15 10:23:33,1784111013,BOOM600,5345.407,-1,0.010000000000218279,BACKFILL_AUTO
2026-07-15 10:23:34,1784111014,BOOM600,5345.391,-1,0.016000000000531145,BACKFILL_AUTO
2026-07-15 10:23:35,1784111015,BOOM600,5345.376,-1,0.014999999999417923,BACKFILL_AUTO
2026-07-15 10:23:36,1784111016,BOOM600,5345.369,-1,0.007000000000516593,BACKFILL_AUTO
2026-07-15 10:23:37,1784111017,BOOM600,5345.352,-1,0.016999999999825377,BACKFILL_AUTO
2026-07-15 10:23:38,1784111018,BOOM600,5345.337,-1,0.014999999999417923,BACKFILL_AUTO
2026-07-15 10:23:39,1784111019,BOOM600,5345.335,-1,0.0020000000004074536,BACKFILL_AUTO
2026-07-15 10:23:40,1784111020,BOOM600,5345.326,-1,0.009000000000014552,BACKFILL_AUTO
2026-07-15 10:23:41,1784111021,BOOM600,5345.317,-1,0.009000000000014552,BACKFILL_AUTO
2026-07-15 10:23:42,1784111022,BOOM600,5345.295,-1,0.021999999999934516,BACKFILL_AUTO
2026-07-15 10:23:43,1784111023,BOOM600,5345.282,-1,0.012999999999919964,BACKFILL_AUTO
2026-07-15 10:23:44,1784111024,BOOM600,5345.278,-1,0.0039999999999054126,BACKFILL_AUTO
2026-07-15 10:23:45,1784111025,BOOM600,5345.272,-1,0.006000000000312866,BACKFILL_AUTO
2026-07-15 10:23:46,1784111026,BOOM600,5345.264,-1,0.007999999999810825,BACKFILL_AUTO
2026-07-15 10:23:47,1784111027,BOOM600,5345.257,-1,0.007000000000516593,BACKFILL_AUTO
2026-07-15 10:23:48,1784111028,BOOM600,5345.253,-1,0.0039999999999054126,BACKFILL_AUTO
2026-07-15 10:23:49,1784111029,BOOM600,5345.243,-1,0.009999999999308784,BACKFILL_AUTO
2026-07-15 10:23:50,1784111030,BOOM600,5345.243,0,0.0,BACKFILL_AUTO
2026-07-15 10:23:51,1784111031,BOOM600,5345.241,-1,0.0020000000004074536,BACKFILL_AUTO
2026-07-15 10:23:52,1784111032,BOOM600,5345.235,-1,0.006000000000312866,BACKFILL_AUTO
2026-07-15 10:23:53,1784111033,BOOM600,5345.225,-1,0.009999999999308784,BACKFILL_AUTO
2026-07-15 10:23:54,1784111034,BOOM600,5345.221,-1,0.004000000000814907,BACKFILL_AUTO
2026-07-15 10:23:55,1784111035,BOOM600,5345.22,-1,0.0009999999992942321,BACKFILL_AUTO
2026-07-15 10:23:56,1784111036,BOOM600,5345.209,-1,0.011000000000422006,BACKFILL_AUTO
2026-07-15 10:23:57,1784111037,BOOM600,5345.204,-1,0.005000000000109139,BACKFILL_AUTO
2026-07-15 10:23:58,1784111038,BOOM600,5345.194,-1,0.009999999999308784,BACKFILL_AUTO
2026-07-15 10:23:59,1784111039,BOOM600,5345.184,-1,0.010000000000218279,BACKFILL_AUTO
2026-07-15 10:24:00,1784111040,BOOM600,5345.176,-1,0.007999999999810825,BACKFILL_AUTO
2026-07-15 10:24:01,1784111041,BOOM600,5345.175,-1,0.0010000000002037268,BACKFILL_AUTO
2026-07-15 10:24:02,1784111042,BOOM600,5345.171,-1,0.0039999999999054126,BACKFILL_AUTO
2026-07-15 10:24:03,1784111043,BOOM600,5345.146,-1,0.025000000000545697,BACKFILL_AUTO
2026-07-15 10:24:04,1784111044,BOOM600,5345.143,-1,0.0029999999997016857,BACKFILL_AUTO
2026-07-15 10:24:05,1784111045,BOOM600,5345.137,-1,0.006000000000312866,BACKFILL_AUTO
2026-07-15 10:24:06,1784111046,BOOM600,5345.125,-1,0.011999999999716238,BACKFILL_AUTO
2026-07-15 10:24:07,1784111047,BOOM600,5345.125,0,0.0,BACKFILL_AUTO
2026-07-15 10:24:08,1784111048,BOOM600,5345.106,-1,0.01900000000023283,BACKFILL_AUTO
2026-07-15 10:24:09,1784111049,BOOM600,5345.09,-1,0.01599999999962165,BACKFILL_AUTO
2026-07-15 10:24:10,1784111050,BOOM600,5345.09,0,0.0,BACKFILL_AUTO
2026-07-15 10:24:11,1784111051,BOOM600,5345.087,-1,0.0029999999997016857,BACKFILL_AUTO
2026-07-15 10:24:12,1784111052,BOOM600,5345.077,-1,0.010000000000218279,BACKFILL_AUTO
2026-07-15 10:24:13,1784111053,BOOM600,5345.052,-1,0.025000000000545697,BACKFILL_AUTO
2026-07-15 10:24:14,1784111054,BOOM600,5345.044,-1,0.007999999999810825,BACKFILL_AUTO
2026-07-15 10:24:15,1784111055,BOOM600,5345.041,-1,0.0029999999997016857,BACKFILL_AUTO
2026-07-15 10:24:16,1784111056,BOOM600,5345.035,-1,0.006000000000312866,BACKFILL_AUTO
2026-07-15 10:24:17,1784111057,BOOM600,5345.032,-1,0.0029999999997016857,BACKFILL_AUTO
2026-07-15 10:24:18,1784111058,BOOM600,5345.026,-1,0.006000000000312866,BACKFILL_AUTO
2026-07-15 10:24:19,1784111059,BOOM600,5345.015,-1,0.01099999999951251,BACKFILL_AUTO
2026-07-15 10:24:20,1784111060,BOOM600,5345.015,0,0.0,BACKFILL_AUTO
2026-07-15 10:24:21,1784111061,BOOM600,5345.005,-1,0.010000000000218279,BACKFILL_AUTO
2026-07-15 10:24:22,1784111062,BOOM600,5344.978,-1,0.027000000000043656,BACKFILL_AUTO
2026-07-15 10:24:23,1784111063,BOOM600,5344.964,-1,0.014000000000123691,BACKFILL_AUTO
2026-07-15 10:24:24,1784111064,BOOM600,5344.956,-1,0.007999999999810825,BACKFILL_AUTO
2026-07-15 10:24:25,1784111065,BOOM600,5344.945,-1,0.011000000000422006,BACKFILL_AUTO
2026-07-15 10:24:26,1784111066,BOOM600,5344.943,-1,0.001999999999497959,BACKFILL_AUTO
2026-07-15 10:24:27,1784111067,BOOM600,5344.936,-1,0.007000000000516593,BACKFILL_AUTO
2026-07-15 10:24:28,1784111068,BOOM600,5344.928,-1,0.007999999999810825,BACKFILL_AUTO
2026-07-15 10:24:29,1784111069,BOOM600,5344.927,-1,0.0010000000002037268,BACKFILL_AUTO
2026-07-15 10:24:30,1784111070,BOOM600,5344.921,-1,0.0059999999994033715,BACKFILL_AUTO
2026-07-15 10:24:31,1784111071,BOOM600,5344.901,-1,0.020000000000436557,BACKFILL_AUTO
2026-07-15 10:24:32,1784111072,BOOM600,5344.898,-1,0.0029999999997016857,BACKFILL_AUTO
2026-07-15 10:24:33,1784111073,BOOM600,5344.894,-1,0.0039999999999054126,BACKFILL_AUTO
2026-07-15 10:24:34,1784111074,BOOM600,5344.879,-1,0.015000000000327418,BACKFILL_AUTO
2026-07-15 10:24:35,1784111075,BOOM600,5344.875,-1,0.0039999999999054126,BACKFILL_AUTO
2026-07-15 10:24:36,1784111076,BOOM600,5344.869,-1,0.006000000000312866,BACKFILL_AUTO
2026-07-15 10:24:37,1784111077,BOOM600,5344.866,-1,0.0029999999997016857,BACKFILL_AUTO
2026-07-15 10:24:38,1784111078,BOOM600,5344.861,-1,0.005000000000109139,BACKFILL_AUTO
2026-07-15 10:24:39,1784111079,BOOM600,5344.847,-1,0.014000000000123691,BACKFILL_AUTO
2026-07-15 10:24:40,1784111080,BOOM600,5344.846,-1,0.0010000000002037268,BACKFILL_AUTO
2026-07-15 10:24:41,1784111081,BOOM600,5344.828,-1,0.01799999999911961,BACKFILL_AUTO
2026-07-15 10:24:42,1784111082,BOOM600,5344.81,-1,0.018000000000029104,BACKFILL_AUTO
2026-07-15 10:24:43,1784111083,BOOM600,5344.793,-1,0.01700000000073487,BACKFILL_AUTO
2026-07-15 10:24:44,1784111084,BOOM600,5344.782,-1,0.01099999999951251,BACKFILL_AUTO
2026-07-15 10:24:45,1784111085,BOOM600,5344.77,-1,0.011999999999716238,BACKFILL_AUTO
2026-07-15 10:24:46,1784111086,BOOM600,5344.766,-1,0.004000000000814907,BACKFILL_AUTO
2026-07-15 10:24:47,1784111087,BOOM600,5344.754,-1,0.011999999999716238,BACKFILL_AUTO
2026-07-15 10:24:48,1784111088,BOOM600,5344.742,-1,0.011999999999716238,BACKFILL_AUTO
2026-07-15 10:24:49,1784111089,BOOM600,5344.729,-1,0.012999999999919964,BACKFILL_AUTO
2026-07-15 10:24:50,1784111090,BOOM600,5344.726,-1,0.0030000000006111804,BACKFILL_AUTO
2026-07-15 10:24:51,1784111091,BOOM600,5344.719,-1,0.006999999999607098,BACKFILL_AUTO
2026-07-15 10:24:52,1784111092,BOOM600,5344.714,-1,0.005000000000109139,BACKFILL_AUTO
2026-07-15 10:24:53,1784111093,BOOM600,5344.71,-1,0.0039999999999054126,BACKFILL_AUTO
2026-07-15 10:24:54,1784111094,BOOM600,5344.698,-1,0.011999999999716238,BACKFILL_AUTO
2026-07-15 10:24:55,1784111095,BOOM600,5344.696,-1,0.0020000000004074536,BACKFILL_AUTO
2026-07-15 10:24:56,1784111096,BOOM600,5344.684,-1,0.011999999999716238,BACKFILL_AUTO
2026-07-15 10:24:57,1784111097,BOOM600,5344.672,-1,0.012000000000625732,BACKFILL_AUTO
2026-07-15 10:24:58,1784111098,BOOM600,5344.665,-1,0.006999999999607098,BACKFILL_AUTO
2026-07-15 10:24:59,1784111099,BOOM600,5344.664,-1,0.0010000000002037268,BACKFILL_AUTO
2026-07-15 10:25:00,1784111100,BOOM600,5344.66,-1,0.0039999999999054126,BACKFILL_AUTO
2026-07-15 10:25:01,1784111101,BOOM600,5344.643,-1,0.016999999999825377,BACKFILL_AUTO
2026-07-15 10:25:02,1784111102,BOOM600,5344.641,-1,0.0020000000004074536,BACKFILL_AUTO
2026-07-15 10:25:03,1784111103,BOOM600,5344.635,-1,0.0059999999994033715,BACKFILL_AUTO
2026-07-15 10:25:04,1784111104,BOOM600,5344.617,-1,0.018000000000029104,BACKFILL_AUTO
2026-07-15 10:25:05,1784111105,BOOM600,5344.613,-1,0.0039999999999054126,BACKFILL_AUTO
2026-07-15 10:25:06,1784111106,BOOM600,5344.603,-1,0.010000000000218279,BACKFILL_AUTO
2026-07-15 10:25:07,1784111107,BOOM600,5344.585,-1,0.018000000000029104,BACKFILL_AUTO
2026-07-15 10:25:08,1784111108,BOOM600,5344.568,-1,0.016999999999825377,BACKFILL_AUTO
2026-07-15 10:25:09,1784111109,BOOM600,5344.562,-1,0.006000000000312866,BACKFILL_AUTO
2026-07-15 10:25:10,1784111110,BOOM600,5344.551,-1,0.01099999999951251,BACKFILL_AUTO
2026-07-15 10:25:11,1784111111,BOOM600,5344.539,-1,0.012000000000625732,BACKFILL_AUTO
2026-07-15 10:25:12,1784111112,BOOM600,5344.533,-1,0.0059999999994033715,BACKFILL_AUTO
2026-07-15 10:25:13,1784111113,BOOM600,5344.523,-1,0.010000000000218279,BACKFILL_AUTO
2026-07-15 10:25:14,1784111114,BOOM600,5344.506,-1,0.016999999999825377,BACKFILL_AUTO
2026-07-15 10:25:15,1784111115,BOOM600,5344.501,-1,0.005000000000109139,BACKFILL_AUTO
2026-07-15 10:25:16,1784111116,BOOM600,5344.498,-1,0.0030000000006111804,BACKFILL_AUTO
2026-07-15 10:25:17,1784111117,BOOM600,5344.495,-1,0.0029999999997016857,BACKFILL_AUTO
2026-07-15 10:25:18,1784111118,BOOM600,5344.48,-1,0.015000000000327418,BACKFILL_AUTO
2026-07-15 10:25:19,1784111119,BOOM600,5344.477,-1,0.0029999999997016857,BACKFILL_AUTO
2026-07-15 10:25:20,1784111120,BOOM600,5344.459,-1,0.018000000000029104,BACKFILL_AUTO
2026-07-15 10:25:21,1784111121,BOOM600,5344.451,-1,0.007999999999810825,BACKFILL_AUTO
2026-07-15 10:25:22,1784111122,BOOM600,5344.45,-1,0.0010000000002037268,BACKFILL_AUTO
2026-07-15 10:25:23,1784111123,BOOM600,5344.439,-1,0.01099999999951251,BACKFILL_AUTO
2026-07-15 10:25:24,1784111124,BOOM600,5344.431,-1,0.00800000000072032,BACKFILL_AUTO
2026-07-15 10:25:25,1784111125,BOOM600,5344.422,-1,0.009000000000014552,BACKFILL_AUTO
2026-07-15 10:25:26,1784111126,BOOM600,5344.409,-1,0.012999999999919964,BACKFILL_AUTO
2026-07-15 10:25:27,1784111127,BOOM600,5344.395,-1,0.013999999999214197,BACKFILL_AUTO
2026-07-15 10:25:28,1784111128,BOOM600,5344.38,-1,0.015000000000327418,BACKFILL_AUTO
2026-07-15 10:25:29,1784111129,BOOM600,5344.373,-1,0.007000000000516593,BACKFILL_AUTO
2026-07-15 10:25:30,1784111130,BOOM600,5344.368,-1,0.004999999999199645,BACKFILL_AUTO
2026-07-15 10:25:31,1784111131,BOOM600,5344.353,-1,0.015000000000327418,BACKFILL_AUTO
2026-07-15 10:25:32,1784111132,BOOM600,5344.337,-1,0.01599999999962165,BACKFILL_AUTO
2026-07-15 10:25:33,1784111133,BOOM600,5344.327,-1,0.010000000000218279,BACKFILL_AUTO
2026-07-15 10:25:34,1784111134,BOOM600,5344.326,-1,0.0010000000002037268,BACKFILL_AUTO
2026-07-15 10:25:35,1784111135,BOOM600,5344.31,-1,0.01599999999962165,BACKFILL_AUTO
2026-07-15 10:25:36,1784111136,BOOM600,5344.299,-1,0.011000000000422006,BACKFILL_AUTO
2026-07-15 10:25:37,1784111137,BOOM600,5344.294,-1,0.005000000000109139,BACKFILL_AUTO
2026-07-15 10:25:38,1784111138,BOOM600,5344.291,-1,0.0029999999997016857,BACKFILL_AUTO
2026-07-15 10:25:39,1784111139,BOOM600,5344.287,-1,0.0039999999999054126,BACKFILL_AUTO
2026-07-15 10:25:40,1784111140,BOOM600,5344.284,-1,0.0030000000006111804,BACKFILL_AUTO
2026-07-15 10:25:41,1784111141,BOOM600,5344.272,-1,0.011999999999716238,BACKFILL_AUTO
2026-07-15 10:25:42,1784111142,BOOM600,5344.272,0,0.0,BACKFILL_AUTO
2026-07-15 10:25:43,1784111143,BOOM600,5344.262,-1,0.010000000000218279,BACKFILL_AUTO
2026-07-15 10:25:44,1784111144,BOOM600,5344.248,-1,0.014000000000123691,BACKFILL_AUTO
2026-07-15 10:25:45,1784111145,BOOM600,5344.246,-1,0.001999999999497959,BACKFILL_AUTO
2026-07-15 10:25:46,1784111146,BOOM600,5344.234,-1,0.011999999999716238,BACKFILL_AUTO
2026-07-15 10:25:47,1784111147,BOOM600,5344.217,-1,0.01700000000073487,BACKFILL_AUTO
2026-07-15 10:25:48,1784111148,BOOM600,5344.189,-1,0.027999999999337888,BACKFILL_AUTO
2026-07-15 10:25:49,1784111149,BOOM600,5344.181,-1,0.00800000000072032,BACKFILL_AUTO
2026-07-15 10:25:50,1784111150,BOOM600,5344.174,-1,0.006999999999607098,BACKFILL_AUTO
2026-07-15 10:25:51,1784111151,BOOM600,5344.168,-1,0.006000000000312866,BACKFILL_AUTO
2026-07-15 10:25:52,1784111152,BOOM600,5344.163,-1,0.005000000000109139,BACKFILL_AUTO
2026-07-15 10:25:53,1784111153,BOOM600,5344.145,-1,0.01799999999911961,BACKFILL_AUTO
2026-07-15 10:25:54,1784111154,BOOM600,5344.134,-1,0.011000000000422006,BACKFILL_AUTO
2026-07-15 10:25:55,1784111155,BOOM600,5344.122,-1,0.011999999999716238,BACKFILL_AUTO
2026-07-15 10:25:56,1784111156,BOOM600,5344.113,-1,0.009000000000014552,BACKFILL_AUTO
2026-07-15 10:25:57,1784111157,BOOM600,5344.105,-1,0.00800000000072032,BACKFILL_AUTO
2026-07-15 10:25:58,1784111158,BOOM600,5344.084,-1,0.02099999999973079,BACKFILL_AUTO
2026-07-15 10:25:59,1784111159,BOOM600,5344.075,-1,0.009000000000014552,BACKFILL_AUTO
2026-07-15 10:26:00,1784111160,BOOM600,5344.069,-1,0.0059999999994033715,BACKFILL_AUTO
2026-07-15 10:26:01,1784111161,BOOM600,5344.056,-1,0.01300000000082946,BACKFILL_AUTO
2026-07-15 10:26:02,1784111162,BOOM600,5344.043,-1,0.012999999999919964,BACKFILL_AUTO
2026-07-15 10:26:03,1784111163,BOOM600,5344.032,-1,0.01099999999951251,BACKFILL_AUTO
2026-07-15 10:26:04,1784111164,BOOM600,5344.03,-1,0.0020000000004074536,BACKFILL_AUTO
2026-07-15 10:26:05,1784111165,BOOM600,5344.021,-1,0.009000000000014552,BACKFILL_AUTO
2026-07-15 10:26:06,1784111166,BOOM600,5344.007,-1,0.014000000000123691,BACKFILL_AUTO
2026-07-15 10:26:07,1784111167,BOOM600,5344.005,-1,0.001999999999497959,BACKFILL_AUTO
2026-07-15 10:26:08,1784111168,BOOM600,5343.991,-1,0.014000000000123691,BACKFILL_AUTO
2026-07-15 10:26:09,1784111169,BOOM600,5343.987,-1,0.0039999999999054126,BACKFILL_AUTO
2026-07-15 10:26:10,1784111170,BOOM600,5343.986,-1,0.0010000000002037268,BACKFILL_AUTO
2026-07-15 10:26:11,1784111171,BOOM600,5343.979,-1,0.006999999999607098,BACKFILL_AUTO
2026-07-15 10:26:12,1784111172,BOOM600,5343.962,-1,0.016999999999825377,BACKFILL_AUTO
2026-07-15 10:26:13,1784111173,BOOM600,5343.961,-1,0.0010000000002037268,BACKFILL_AUTO
2026-07-15 10:26:14,1784111174,BOOM600,5343.947,-1,0.014000000000123691,BACKFILL_AUTO
2026-07-15 10:26:15,1784111175,BOOM600,5343.946,-1,0.0010000000002037268,BACKFILL_AUTO
2026-07-15 10:26:16,1784111176,BOOM600,5343.946,0,0.0,BACKFILL_AUTO
2026-07-15 10:26:17,1784111177,BOOM600,5343.945,-1,0.0010000000002037268,BACKFILL_AUTO
2026-07-15 10:26:18,1784111178,BOOM600,5343.942,-1,0.0029999999997016857,BACKFILL_AUTO
2026-07-15 10:26:19,1784111179,BOOM600,5343.937,-1,0.005000000000109139,BACKFILL_AUTO
2026-07-15 10:26:20,1784111180,BOOM600,5343.926,-1,0.01099999999951251,BACKFILL_AUTO
2026-07-15 10:26:21,1784111181,BOOM600,5343.919,-1,0.007000000000516593,BACKFILL_AUTO
2026-07-15 10:26:22,1784111182,BOOM600,5343.909,-1,0.010000000000218279,BACKFILL_AUTO
2026-07-15 10:26:23,1784111183,BOOM600,5343.906,-1,0.0029999999997016857,BACKFILL_AUTO
2026-07-15 10:26:24,1784111184,BOOM600,5343.901,-1,0.005000000000109139,BACKFILL_AUTO
2026-07-15 10:26:25,1784111185,BOOM600,5343.887,-1,0.014000000000123691,BACKFILL_AUTO
2026-07-15 10:26:26,1784111186,BOOM600,5343.884,-1,0.0029999999997016857,BACKFILL_AUTO
2026-07-15 10:26:27,1784111187,BOOM600,5343.874,-1,0.010000000000218279,BACKFILL_AUTO
2026-07-15 10:26:28,1784111188,BOOM600,5343.86,-1,0.014000000000123691,BACKFILL_AUTO
2026-07-15 10:26:29,1784111189,BOOM600,5343.844,-1,0.01599999999962165,BACKFILL_AUTO
2026-07-15 10:26:30,1784111190,BOOM600,5343.834,-1,0.010000000000218279,BACKFILL_AUTO
2026-07-15 10:26:31,1784111191,BOOM600,5343.807,-1,0.027000000000043656,BACKFILL_AUTO
2026-07-15 10:26:32,1784111192,BOOM600,5343.799,-1,0.007999999999810825,BACKFILL_AUTO
2026-07-15 10:26:33,1784111193,BOOM600,5343.779,-1,0.019999999999527063,BACKFILL_AUTO
2026-07-15 10:26:34,1784111194,BOOM600,5343.77,-1,0.009000000000014552,BACKFILL_AUTO
2026-07-15 10:26:35,1784111195,BOOM600,5343.759,-1,0.011000000000422006,BACKFILL_AUTO
2026-07-15 10:26:36,1784111196,BOOM600,5343.746,-1,0.012999999999919964,BACKFILL_AUTO
2026-07-15 10:26:37,1784111197,BOOM600,5343.738,-1,0.007999999999810825,BACKFILL_AUTO
2026-07-15 10:26:38,1784111198,BOOM600,5343.728,-1,0.010000000000218279,BACKFILL_AUTO
2026-07-15 10:26:39,1784111199,BOOM600,5343.712,-1,0.01599999999962165,BACKFILL_AUTO
2026-07-15 10:26:40,1784111200,BOOM600,5343.688,-1,0.02400000000034197,BACKFILL_AUTO
2026-07-15 10:26:41,1784111201,BOOM600,5343.682,-1,0.006000000000312866,BACKFILL_AUTO
2026-07-15 10:26:42,1784111202,BOOM600,5343.668,-1,0.014000000000123691,BACKFILL_AUTO
2026-07-15 10:26:43,1784111203,BOOM600,5343.654,-1,0.013999999999214197,BACKFILL_AUTO
2026-07-15 10:26:44,1784111204,BOOM600,5343.641,-1,0.01300000000082946,BACKFILL_AUTO
2026-07-15 10:26:45,1784111205,BOOM600,5343.621,-1,0.019999999999527063,BACKFILL_AUTO
2026-07-15 10:26:46,1784111206,BOOM600,5343.606,-1,0.015000000000327418,BACKFILL_AUTO
2026-07-15 10:26:47,1784111207,BOOM600,5343.606,0,0.0,BACKFILL_AUTO
2026-07-15 10:26:48,1784111208,BOOM600,5343.599,-1,0.006999999999607098,BACKFILL_AUTO
2026-07-15 10:26:49,1784111209,BOOM600,5343.581,-1,0.018000000000029104,BACKFILL_AUTO
2026-07-15 10:26:50,1784111210,BOOM600,5343.56,-1,0.02099999999973079,BACKFILL_AUTO
2026-07-15 10:26:51,1784111211,BOOM600,5343.549,-1,0.011000000000422006,BACKFILL_AUTO
2026-07-15 10:26:52,1784111212,BOOM600,5343.547,-1,0.0020000000004074536,BACKFILL_AUTO
2026-07-15 10:26:53,1784111213,BOOM600,5343.53,-1,0.016999999999825377,BACKFILL_AUTO
2026-07-15 10:26:54,1784111214,BOOM600,5343.521,-1,0.009000000000014552,BACKFILL_AUTO
2026-07-15 10:26:55,1784111215,BOOM600,5343.513,-1,0.007999999999810825,BACKFILL_AUTO
2026-07-15 10:26:56,1784111216,BOOM600,5343.505,-1,0.007999999999810825,BACKFILL_AUTO
2026-07-15 10:26:57,1784111217,BOOM600,5343.499,-1,0.006000000000312866,BACKFILL_AUTO
2026-07-15 10:26:58,1784111218,BOOM600,5343.497,-1,0.001999999999497959,BACKFILL_AUTO
2026-07-15 10:26:59,1784111219,BOOM600,5343.486,-1,0.011000000000422006,BACKFILL_AUTO
2026-07-15 10:27:00,1784111220,BOOM600,5343.472,-1,0.014000000000123691,BACKFILL_AUTO
2026-07-15 10:27:01,1784111221,BOOM600,5343.468,-1,0.0039999999999054126,BACKFILL_AUTO
2026-07-15 10:27:02,1784111222,BOOM600,5343.467,-1,0.0010000000002037268,BACKFILL_AUTO
2026-07-15 10:27:03,1784111223,BOOM600,5343.457,-1,0.009999999999308784,BACKFILL_AUTO
2026-07-15 10:27:04,1784111224,BOOM600,5343.456,-1,0.0010000000002037268,BACKFILL_AUTO
2026-07-15 10:27:05,1784111225,BOOM600,5343.454,-1,0.0020000000004074536,BACKFILL_AUTO
2026-07-15 10:27:06,1784111226,BOOM600,5343.439,-1,0.014999999999417923,BACKFILL_AUTO
2026-07-15 10:27:07,1784111227,BOOM600,5343.438,-1,0.0010000000002037268,BACKFILL_AUTO
2026-07-15 10:27:08,1784111228,BOOM600,5343.428,-1,0.010000000000218279,BACKFILL_AUTO
2026-07-15 10:27:09,1784111229,BOOM600,5343.424,-1,0.0039999999999054126,BACKFILL_AUTO
2026-07-15 10:27:10,1784111230,BOOM600,5343.406,-1,0.018000000000029104,BACKFILL_AUTO
2026-07-15 10:27:11,1784111231,BOOM600,5343.38,-1,0.02599999999983993,BACKFILL_AUTO
2026-07-15 10:27:12,1784111232,BOOM600,5343.371,-1,0.009000000000014552,BACKFILL_AUTO
2026-07-15 10:27:13,1784111233,BOOM600,5343.365,-1,0.006000000000312866,BACKFILL_AUTO
2026-07-15 10:27:14,1784111234,BOOM600,5343.362,-1,0.0029999999997016857,BACKFILL_AUTO
2026-07-15 10:27:15,1784111235,BOOM600,5343.347,-1,0.015000000000327418,BACKFILL_AUTO
2026-07-15 10:27:16,1784111236,BOOM600,5343.344,-1,0.0029999999997016857,BACKFILL_AUTO
2026-07-15 10:27:17,1784111237,BOOM600,5343.34,-1,0.0039999999999054126,BACKFILL_AUTO
2026-07-15 10:27:18,1784111238,BOOM600,5343.329,-1,0.011000000000422006,BACKFILL_AUTO
2026-07-15 10:27:19,1784111239,BOOM600,5343.321,-1,0.007999999999810825,BACKFILL_AUTO
2026-07-15 10:27:20,1784111240,BOOM600,5343.304,-1,0.016999999999825377,BACKFILL_AUTO
2026-07-15 10:27:21,1784111241,BOOM600,5343.297,-1,0.007000000000516593,BACKFILL_AUTO
2026-07-15 10:27:22,1784111242,BOOM600,5343.296,-1,0.0009999999992942321,BACKFILL_AUTO
2026-07-15 10:27:23,1784111243,BOOM600,5343.282,-1,0.014000000000123691,BACKFILL_AUTO
2026-07-15 10:27:24,1784111244,BOOM600,5343.275,-1,0.007000000000516593,BACKFILL_AUTO
2026-07-15 10:27:25,1784111245,BOOM600,5343.275,0,0.0,BACKFILL_AUTO
2026-07-15 10:27:26,1784111246,BOOM600,5343.268,-1,0.006999999999607098,BACKFILL_AUTO
2026-07-15 10:27:27,1784111247,BOOM600,5343.246,-1,0.021999999999934516,BACKFILL_AUTO
2026-07-15 10:27:28,1784111248,BOOM600,5343.238,-1,0.007999999999810825,BACKFILL_AUTO
2026-07-15 10:27:29,1784111249,BOOM600,5343.237,-1,0.0010000000002037268,BACKFILL_AUTO
2026-07-15 10:27:30,1784111250,BOOM600,5343.236,-1,0.0010000000002037268,BACKFILL_AUTO
2026-07-15 10:27:31,1784111251,BOOM600,5355.157,1,11.921000000000276,BACKFILL_AUTO
2026-07-15 10:27:32,1784111252,BOOM600,5355.153,-1,0.0039999999999054126,BACKFILL_AUTO
2026-07-15 10:27:33,1784111253,BOOM600,5355.15,-1,0.0030000000006111804,BACKFILL_AUTO
2026-07-15 10:27:34,1784111254,BOOM600,5355.145,-1,0.004999999999199645,BACKFILL_AUTO
2026-07-15 10:27:35,1784111255,BOOM600,5355.136,-1,0.009000000000014552,BACKFILL_AUTO
2026-07-15 10:27:36,1784111256,BOOM600,5355.114,-1,0.02200000000084401,BACKFILL_AUTO
2026-07-15 10:27:37,1784111257,BOOM600,5355.108,-1,0.0059999999994033715,BACKFILL_AUTO
2026-07-15 10:27:38,1784111258,BOOM600,5355.094,-1,0.014000000000123691,BACKFILL_AUTO
2026-07-15 10:27:39,1784111259,BOOM600,5355.086,-1,0.007999999999810825,BACKFILL_AUTO
2026-07-15 10:27:40,1784111260,BOOM600,5355.084,-1,0.0020000000004074536,BACKFILL_AUTO
2026-07-15 10:27:41,1784111261,BOOM600,5355.076,-1,0.007999999999810825,BACKFILL_AUTO
2026-07-15 10:27:42,1784111262,BOOM600,5355.07,-1,0.006000000000312866,BACKFILL_AUTO
2026-07-15 10:27:43,1784111263,BOOM600,5355.059,-1,0.01099999999951251,BACKFILL_AUTO
2026-07-15 10:27:44,1784111264,BOOM600,5355.044,-1,0.015000000000327418,BACKFILL_AUTO
2026-07-15 10:27:45,1784111265,BOOM600,5355.04,-1,0.0039999999999054126,BACKFILL_AUTO
2026-07-15 10:27:46,1784111266,BOOM600,5355.029,-1,0.01099999999951251,BACKFILL_AUTO
2026-07-15 10:27:47,1784111267,BOOM600,5355.016,-1,0.01300000000082946,BACKFILL_AUTO
2026-07-15 10:27:48,1784111268,BOOM600,5355.003,-1,0.012999999999919964,BACKFILL_AUTO
2026-07-15 10:27:49,1784111269,BOOM600,5354.976,-1,0.027000000000043656,BACKFILL_AUTO
2026-07-15 10:27:50,1784111270,BOOM600,5354.958,-1,0.018000000000029104,BACKFILL_AUTO
2026-07-15 10:27:51,1784111271,BOOM600,5354.947,-1,0.01099999999951251,BACKFILL_AUTO
2026-07-15 10:27:52,1784111272,BOOM600,5354.938,-1,0.009000000000014552,BACKFILL_AUTO
2026-07-15 10:27:53,1784111273,BOOM600,5354.933,-1,0.005000000000109139,BACKFILL_AUTO
2026-07-15 10:27:54,1784111274,BOOM600,5354.924,-1,0.009000000000014552,BACKFILL_AUTO
2026-07-15 10:27:55,1784111275,BOOM600,5354.923,-1,0.0010000000002037268,BACKFILL_AUTO
2026-07-15 10:27:56,1784111276,BOOM600,5354.919,-1,0.0039999999999054126,BACKFILL_AUTO
2026-07-15 10:27:57,1784111277,BOOM600,5354.916,-1,0.0029999999997016857,BACKFILL_AUTO
2026-07-15 10:27:58,1784111278,BOOM600,5354.91,-1,0.006000000000312866,BACKFILL_AUTO
2026-07-15 10:27:59,1784111279,BOOM600,5354.907,-1,0.0029999999997016857,BACKFILL_AUTO
2026-07-15 10:28:00,1784111280,BOOM600,5354.898,-1,0.009000000000014552,BACKFILL_AUTO
2026-07-15 10:28:01,1784111281,BOOM600,5354.879,-1,0.01900000000023283,BACKFILL_AUTO
2026-07-15 10:28:02,1784111282,BOOM600,5354.868,-1,0.01099999999951251,BACKFILL_AUTO
2026-07-15 10:28:03,1784111283,BOOM600,5354.858,-1,0.010000000000218279,BACKFILL_AUTO
2026-07-15 10:28:04,1784111284,BOOM600,5354.844,-1,0.014000000000123691,BACKFILL_AUTO
2026-07-15 10:28:05,1784111285,BOOM600,5354.82,-1,0.02400000000034197,BACKFILL_AUTO
2026-07-15 10:28:06,1784111286,BOOM600,5354.807,-1,0.012999999999919964,BACKFILL_AUTO
2026-07-15 10:28:07,1784111287,BOOM600,5354.803,-1,0.0039999999999054126,BACKFILL_AUTO
2026-07-15 10:28:08,1784111288,BOOM600,5354.786,-1,0.016999999999825377,BACKFILL_AUTO
2026-07-15 10:28:09,1784111289,BOOM600,5354.769,-1,0.016999999999825377,BACKFILL_AUTO
2026-07-15 10:28:10,1784111290,BOOM600,5354.754,-1,0.015000000000327418,BACKFILL_AUTO
2026-07-15 10:28:11,1784111291,BOOM600,5354.752,-1,0.001999999999497959,BACKFILL_AUTO
2026-07-15 10:28:12,1784111292,BOOM600,5354.732,-1,0.020000000000436557,BACKFILL_AUTO
2026-07-15 10:28:13,1784111293,BOOM600,5354.723,-1,0.009000000000014552,BACKFILL_AUTO
2026-07-15 10:28:14,1784111294,BOOM600,5354.721,-1,0.0020000000004074536,BACKFILL_AUTO
2026-07-15 10:28:15,1784111295,BOOM600,5354.707,-1,0.013999999999214197,BACKFILL_AUTO
2026-07-15 10:28:16,1784111296,BOOM600,5354.697,-1,0.010000000000218279,BACKFILL_AUTO
2026-07-15 10:28:17,1784111297,BOOM600,5354.675,-1,0.021999999999934516,BACKFILL_AUTO
2026-07-15 10:28:18,1784111298,BOOM600,5354.67,-1,0.005000000000109139,BACKFILL_AUTO
2026-07-15 10:28:19,1784111299,BOOM600,5354.662,-1,0.007999999999810825,BACKFILL_AUTO
2026-07-15 10:28:20,1784111300,BOOM600,5354.658,-1,0.0039999999999054126,BACKFILL_AUTO
2026-07-15 10:28:21,1784111301,BOOM600,5354.642,-1,0.016000000000531145,BACKFILL_AUTO
2026-07-15 10:28:22,1784111302,BOOM600,5354.642,0,0.0,BACKFILL_AUTO
2026-07-15 10:28:23,1784111303,BOOM600,5354.623,-1,0.01900000000023283,BACKFILL_AUTO
2026-07-15 10:28:24,1784111304,BOOM600,5354.616,-1,0.006999999999607098,BACKFILL_AUTO
2026-07-15 10:28:25,1784111305,BOOM600,5354.61,-1,0.006000000000312866,BACKFILL_AUTO
2026-07-15 10:28:26,1784111306,BOOM600,5354.598,-1,0.011999999999716238,BACKFILL_AUTO
2026-07-15 10:28:27,1784111307,BOOM600,5354.585,-1,0.012999999999919964,BACKFILL_AUTO
2026-07-15 10:28:28,1784111308,BOOM600,5354.578,-1,0.006999999999607098,BACKFILL_AUTO
2026-07-15 10:28:29,1784111309,BOOM600,5354.56,-1,0.018000000000029104,BACKFILL_AUTO
2026-07-15 10:28:30,1784111310,BOOM600,5354.552,-1,0.00800000000072032,BACKFILL_AUTO
2026-07-15 10:28:31,1784111311,BOOM600,5354.532,-1,0.019999999999527063,BACKFILL_AUTO
2026-07-15 10:28:32,1784111312,BOOM600,5354.525,-1,0.007000000000516593,BACKFILL_AUTO
2026-07-15 10:28:33,1784111313,BOOM600,5354.52,-1,0.004999999999199645,BACKFILL_AUTO
2026-07-15 10:28:34,1784111314,BOOM600,5354.513,-1,0.007000000000516593,BACKFILL_AUTO
2026-07-15 10:28:35,1784111315,BOOM600,5354.508,-1,0.005000000000109139,BACKFILL_AUTO
2026-07-15 10:28:36,1784111316,BOOM600,5354.498,-1,0.010000000000218279,BACKFILL_AUTO
2026-07-15 10:28:37,1784111317,BOOM600,5354.496,-1,0.001999999999497959,BACKFILL_AUTO
2026-07-15 10:28:38,1784111318,BOOM600,5354.494,-1,0.0020000000004074536,BACKFILL_AUTO
2026-07-15 10:28:39,1784111319,BOOM600,5354.477,-1,0.016999999999825377,BACKFILL_AUTO
2026-07-15 10:28:40,1784111320,BOOM600,5354.475,-1,0.001999999999497959,BACKFILL_AUTO
2026-07-15 10:28:41,1784111321,BOOM600,5354.473,-1,0.0020000000004074536,BACKFILL_AUTO
2026-07-15 10:28:42,1784111322,BOOM600,5354.468,-1,0.005000000000109139,BACKFILL_AUTO
2026-07-15 10:28:43,1784111323,BOOM600,5354.466,-1,0.001999999999497959,BACKFILL_AUTO
2026-07-15 10:28:44,1784111324,BOOM600,5354.454,-1,0.012000000000625732,BACKFILL_AUTO
2026-07-15 10:28:45,1784111325,BOOM600,5354.44,-1,0.014000000000123691,BACKFILL_AUTO
2026-07-15 10:28:46,1784111326,BOOM600,5354.438,-1,0.001999999999497959,BACKFILL_AUTO
2026-07-15 10:28:47,1784111327,BOOM600,5354.422,-1,0.016000000000531145,BACKFILL_AUTO
2026-07-15 10:28:48,1784111328,BOOM600,5354.411,-1,0.01099999999951251,BACKFILL_AUTO
2026-07-15 10:28:49,1784111329,BOOM600,5354.403,-1,0.007999999999810825,BACKFILL_AUTO
2026-07-15 10:28:50,1784111330,BOOM600,5354.381,-1,0.021999999999934516,BACKFILL_AUTO
2026-07-15 10:28:51,1784111331,BOOM600,5354.371,-1,0.010000000000218279,BACKFILL_AUTO
2026-07-15 10:28:52,1784111332,BOOM600,5354.359,-1,0.011999999999716238,BACKFILL_AUTO
2026-07-15 10:28:53,1784111333,BOOM600,5354.345,-1,0.014000000000123691,BACKFILL_AUTO
2026-07-15 10:28:54,1784111334,BOOM600,5354.343,-1,0.0020000000004074536,BACKFILL_AUTO
2026-07-15 10:28:55,1784111335,BOOM600,5354.334,-1,0.009000000000014552,BACKFILL_AUTO
2026-07-15 10:28:56,1784111336,BOOM600,5354.329,-1,0.005000000000109139,BACKFILL_AUTO
2026-07-15 10:28:57,1784111337,BOOM600,5354.321,-1,0.007999999999810825,BACKFILL_AUTO
2026-07-15 10:28:58,1784111338,BOOM600,5354.3,-1,0.02099999999973079,BACKFILL_AUTO
2026-07-15 10:28:59,1784111339,BOOM600,5354.273,-1,0.027000000000043656,BACKFILL_AUTO
2026-07-15 10:29:00,1784111340,BOOM600,5354.266,-1,0.007000000000516593,BACKFILL_AUTO
2026-07-15 10:29:01,1784111341,BOOM600,5354.249,-1,0.016999999999825377,BACKFILL_AUTO
2026-07-15 10:29:02,1784111342,BOOM600,5354.228,-1,0.02099999999973079,BACKFILL_AUTO
2026-07-15 10:29:03,1784111343,BOOM600,5354.208,-1,0.020000000000436557,BACKFILL_AUTO
2026-07-15 10:29:04,1784111344,BOOM600,5354.202,-1,0.0059999999994033715,BACKFILL_AUTO
2026-07-15 10:29:05,1784111345,BOOM600,5354.192,-1,0.010000000000218279,BACKFILL_AUTO
2026-07-15 10:29:06,1784111346,BOOM600,5354.191,-1,0.0010000000002037268,BACKFILL_AUTO
2026-07-15 10:29:07,1784111347,BOOM600,5354.177,-1,0.014000000000123691,BACKFILL_AUTO
2026-07-15 10:29:08,1784111348,BOOM600,5354.161,-1,0.01599999999962165,BACKFILL_AUTO
2026-07-15 10:29:09,1784111349,BOOM600,5354.155,-1,0.006000000000312866,BACKFILL_AUTO
2026-07-15 10:29:10,1784111350,BOOM600,5354.148,-1,0.006999999999607098,BACKFILL_AUTO
2026-07-15 10:29:11,1784111351,BOOM600,5354.131,-1,0.016999999999825377,BACKFILL_AUTO
2026-07-15 10:29:12,1784111352,BOOM600,5354.113,-1,0.018000000000029104,BACKFILL_AUTO
2026-07-15 10:29:13,1784111353,BOOM600,5354.108,-1,0.005000000000109139,BACKFILL_AUTO
2026-07-15 10:29:14,1784111354,BOOM600,5354.1,-1,0.007999999999810825,BACKFILL_AUTO
2026-07-15 10:29:15,1784111355,BOOM600,5354.082,-1,0.018000000000029104,BACKFILL_AUTO
2026-07-15 10:29:16,1784111356,BOOM600,5354.071,-1,0.011000000000422006,BACKFILL_AUTO
2026-07-15 10:29:17,1784111357,BOOM600,5354.066,-1,0.005000000000109139,BACKFILL_AUTO
2026-07-15 10:29:18,1784111358,BOOM600,5354.045,-1,0.02099999999973079,BACKFILL_AUTO
2026-07-15 10:29:19,1784111359,BOOM600,5354.035,-1,0.010000000000218279,BACKFILL_AUTO
2026-07-15 10:29:20,1784111360,BOOM600,5354.029,-1,0.0059999999994033715,BACKFILL_AUTO
2026-07-15 10:29:21,1784111361,BOOM600,5354.024,-1,0.005000000000109139,BACKFILL_AUTO
2026-07-15 10:29:22,1784111362,BOOM600,5354.009,-1,0.015000000000327418,BACKFILL_AUTO
2026-07-15 10:29:23,1784111363,BOOM600,5354.008,-1,0.0010000000002037268,BACKFILL_AUTO
2026-07-15 10:29:24,1784111364,BOOM600,5353.988,-1,0.019999999999527063,BACKFILL_AUTO
2026-07-15 10:29:25,1784111365,BOOM600,5353.981,-1,0.007000000000516593,BACKFILL_AUTO
2026-07-15 10:29:26,1784111366,BOOM600,5353.953,-1,0.027999999999337888,BACKFILL_AUTO
2026-07-15 10:29:27,1784111367,BOOM600,5353.944,-1,0.009000000000014552,BACKFILL_AUTO
2026-07-15 10:29:28,1784111368,BOOM600,5353.931,-1,0.01300000000082946,BACKFILL_AUTO
2026-07-15 10:29:29,1784111369,BOOM600,5353.93,-1,0.0009999999992942321,BACKFILL_AUTO
2026-07-15 10:29:30,1784111370,BOOM600,5353.923,-1,0.007000000000516593,BACKFILL_AUTO
2026-07-15 10:29:31,1784111371,BOOM600,5353.909,-1,0.014000000000123691,BACKFILL_AUTO
2026-07-15 10:29:32,1784111372,BOOM600,5353.902,-1,0.006999999999607098,BACKFILL_AUTO
2026-07-15 10:29:33,1784111373,BOOM600,5353.892,-1,0.010000000000218279,BACKFILL_AUTO
2026-07-15 10:29:34,1784111374,BOOM600,5353.879,-1,0.012999999999919964,BACKFILL_AUTO
2026-07-15 10:29:35,1784111375,BOOM600,5353.869,-1,0.010000000000218279,BACKFILL_AUTO
2026-07-15 10:29:36,1784111376,BOOM600,5353.86,-1,0.009000000000014552,BACKFILL_AUTO
2026-07-15 10:29:37,1784111377,BOOM600,5353.848,-1,0.011999999999716238,BACKFILL_AUTO
2026-07-15 10:29:38,1784111378,BOOM600,5353.836,-1,0.011999999999716238,BACKFILL_AUTO
2026-07-15 10:29:39,1784111379,BOOM600,5353.827,-1,0.009000000000014552,BACKFILL_AUTO
2026-07-15 10:29:40,1784111380,BOOM600,5353.825,-1,0.0020000000004074536,BACKFILL_AUTO
2026-07-15 10:29:41,1784111381,BOOM600,5353.811,-1,0.014000000000123691,BACKFILL_AUTO
2026-07-15 10:29:42,1784111382,BOOM600,5353.804,-1,0.006999999999607098,BACKFILL_AUTO
2026-07-15 10:29:43,1784111383,BOOM600,5353.8,-1,0.0039999999999054126,BACKFILL_AUTO
2026-07-15 10:29:44,1784111384,BOOM600,5353.782,-1,0.018000000000029104,BACKFILL_AUTO
2026-07-15 10:29:45,1784111385,BOOM600,5353.764,-1,0.018000000000029104,BACKFILL_AUTO
2026-07-15 10:29:46,1784111386,BOOM600,5353.756,-1,0.007999999999810825,BACKFILL_AUTO
2026-07-15 10:29:47,1784111387,BOOM600,5353.751,-1,0.005000000000109139,BACKFILL_AUTO
2026-07-15 10:29:48,1784111388,BOOM600,5353.75,-1,0.0010000000002037268,BACKFILL_AUTO
2026-07-15 10:29:49,1784111389,BOOM600,5353.74,-1,0.010000000000218279,BACKFILL_AUTO
2026-07-15 10:29:50,1784111390,BOOM600,5353.728,-1,0.011999999999716238,BACKFILL_AUTO
2026-07-15 10:29:51,1784111391,BOOM600,5353.722,-1,0.006000000000312866,BACKFILL_AUTO
2026-07-15 10:29:52,1784111392,BOOM600,5353.704,-1,0.018000000000029104,BACKFILL_AUTO
2026-07-15 10:29:53,1784111393,BOOM600,5353.688,-1,0.01599999999962165,BACKFILL_AUTO
2026-07-15 10:29:54,1784111394,BOOM600,5353.68,-1,0.007999999999810825,BACKFILL_AUTO
2026-07-15 10:29:55,1784111395,BOOM600,5353.664,-1,0.016000000000531145,BACKFILL_AUTO
2026-07-15 10:29:56,1784111396,BOOM600,5353.652,-1,0.011999999999716238,BACKFILL_AUTO
2026-07-15 10:29:57,1784111397,BOOM600,5353.639,-1,0.012999999999919964,BACKFILL_AUTO
2026-07-15 10:29:58,1784111398,BOOM600,5353.621,-1,0.018000000000029104,BACKFILL_AUTO
2026-07-15 10:29:59,1784111399,BOOM600,5353.61,-1,0.011000000000422006,BACKFILL_AUTO
2026-07-15 10:30:00,1784111400,BOOM600,5353.6,-1,0.009999999999308784,BACKFILL_AUTO
2026-07-15 10:30:01,1784111401,BOOM600,5353.599,-1,0.0010000000002037268,BACKFILL_AUTO
2026-07-15 10:30:02,1784111402,BOOM600,5353.598,-1,0.0010000000002037268,BACKFILL_AUTO
2026-07-15 10:30:03,1784111403,BOOM600,5353.581,-1,0.016999999999825377,BACKFILL_AUTO
2026-07-15 10:30:04,1784111404,BOOM600,5353.561,-1,0.020000000000436557,BACKFILL_AUTO
2026-07-15 10:30:05,1784111405,BOOM600,5353.553,-1,0.007999999999810825,BACKFILL_AUTO
2026-07-15 10:30:06,1784111406,BOOM600,5353.541,-1,0.011999999999716238,BACKFILL_AUTO
2026-07-15 10:30:07,1784111407,BOOM600,5353.532,-1,0.009000000000014552,BACKFILL_AUTO
2026-07-15 10:30:08,1784111408,BOOM600,5353.531,-1,0.0010000000002037268,BACKFILL_AUTO
2026-07-15 10:30:09,1784111409,BOOM600,5353.513,-1,0.018000000000029104,BACKFILL_AUTO
2026-07-15 10:30:10,1784111410,BOOM600,5353.505,-1,0.007999999999810825,BACKFILL_AUTO
2026-07-15 10:30:11,1784111411,BOOM600,5353.497,-1,0.007999999999810825,BACKFILL_AUTO
2026-07-15 10:30:12,1784111412,BOOM600,5353.481,-1,0.016000000000531145,BACKFILL_AUTO
2026-07-15 10:30:13,1784111413,BOOM600,5353.467,-1,0.014000000000123691,BACKFILL_AUTO
2026-07-15 10:30:14,1784111414,BOOM600,5353.456,-1,0.01099999999951251,BACKFILL_AUTO
2026-07-15 10:30:15,1784111415,BOOM600,5353.443,-1,0.012999999999919964,BACKFILL_AUTO
2026-07-15 10:30:16,1784111416,BOOM600,5353.431,-1,0.012000000000625732,BACKFILL_AUTO
2026-07-15 10:30:17,1784111417,BOOM600,5353.431,0,0.0,BACKFILL_AUTO
2026-07-15 10:30:18,1784111418,BOOM600,5353.416,-1,0.014999999999417923,BACKFILL_AUTO
2026-07-15 10:30:19,1784111419,BOOM600,5353.395,-1,0.02099999999973079,BACKFILL_AUTO
2026-07-15 10:30:20,1784111420,BOOM600,5353.375,-1,0.020000000000436557,BACKFILL_AUTO
2026-07-15 10:30:21,1784111421,BOOM600,5353.366,-1,0.009000000000014552,BACKFILL_AUTO
2026-07-15 10:30:22,1784111422,BOOM600,5353.365,-1,0.0010000000002037268,BACKFILL_AUTO
2026-07-15 10:30:23,1784111423,BOOM600,5353.354,-1,0.01099999999951251,BACKFILL_AUTO
2026-07-15 10:30:24,1784111424,BOOM600,5353.341,-1,0.012999999999919964,BACKFILL_AUTO
2026-07-15 10:30:25,1784111425,BOOM600,5353.32,-1,0.021000000000640284,BACKFILL_AUTO
2026-07-15 10:30:26,1784111426,BOOM600,5353.312,-1,0.007999999999810825,BACKFILL_AUTO
2026-07-15 10:30:27,1784111427,BOOM600,5353.311,-1,0.0010000000002037268,BACKFILL_AUTO
2026-07-15 10:30:28,1784111428,BOOM600,5353.299,-1,0.011999999999716238,BACKFILL_AUTO
2026-07-15 10:30:29,1784111429,BOOM600,5353.299,0,0.0,BACKFILL_AUTO
2026-07-15 10:30:30,1784111430,BOOM600,5353.296,-1,0.0029999999997016857,BACKFILL_AUTO
2026-07-15 10:30:31,1784111431,BOOM600,5353.283,-1,0.012999999999919964,BACKFILL_AUTO
2026-07-15 10:30:32,1784111432,BOOM600,5353.268,-1,0.015000000000327418,BACKFILL_AUTO
2026-07-15 10:30:33,1784111433,BOOM600,5353.255,-1,0.012999999999919964,BACKFILL_AUTO
2026-07-15 10:30:34,1784111434,BOOM600,5353.251,-1,0.0039999999999054126,BACKFILL_AUTO
2026-07-15 10:30:35,1784111435,BOOM600,5353.237,-1,0.014000000000123691,BACKFILL_AUTO
2026-07-15 10:30:36,1784111436,BOOM600,5353.231,-1,0.006000000000312866,BACKFILL_AUTO
2026-07-15 10:30:37,1784111437,BOOM600,5353.217,-1,0.014000000000123691,BACKFILL_AUTO
2026-07-15 10:30:38,1784111438,BOOM600,5353.217,0,0.0,BACKFILL_AUTO
2026-07-15 10:30:39,1784111439,BOOM600,5353.211,-1,0.0059999999994033715,BACKFILL_AUTO
2026-07-15 10:30:40,1784111440,BOOM600,5353.205,-1,0.006000000000312866,BACKFILL_AUTO
2026-07-15 10:30:41,1784111441,BOOM600,5353.199,-1,0.006000000000312866,BACKFILL_AUTO
2026-07-15 10:30:42,1784111442,BOOM600,5353.183,-1,0.01599999999962165,BACKFILL_AUTO
2026-07-15 10:30:43,1784111443,BOOM600,5353.182,-1,0.0010000000002037268,BACKFILL_AUTO
2026-07-15 10:30:44,1784111444,BOOM600,5353.167,-1,0.014999999999417923,BACKFILL_AUTO
2026-07-15 10:30:45,1784111445,BOOM600,5353.164,-1,0.0030000000006111804,BACKFILL_AUTO
2026-07-15 10:30:46,1784111446,BOOM600,5353.15,-1,0.014000000000123691,BACKFILL_AUTO
2026-07-15 10:30:47,1784111447,BOOM600,5353.126,-1,0.023999999999432475,BACKFILL_AUTO
2026-07-15 10:30:48,1784111448,BOOM600,5353.114,-1,0.012000000000625732,BACKFILL_AUTO
2026-07-15 10:30:49,1784111449,BOOM600,5353.112,-1,0.001999999999497959,BACKFILL_AUTO
2026-07-15 10:30:50,1784111450,BOOM600,5353.102,-1,0.010000000000218279,BACKFILL_AUTO
2026-07-15 10:30:51,1784111451,BOOM600,5353.086,-1,0.01599999999962165,BACKFILL_AUTO
2026-07-15 10:30:52,1784111452,BOOM600,5353.074,-1,0.012000000000625732,BACKFILL_AUTO
2026-07-15 10:30:53,1784111453,BOOM600,5353.059,-1,0.014999999999417923,BACKFILL_AUTO
2026-07-15 10:30:54,1784111454,BOOM600,5353.057,-1,0.0020000000004074536,BACKFILL_AUTO
2026-07-15 10:30:55,1784111455,BOOM600,5353.051,-1,0.0059999999994033715,BACKFILL_AUTO
2026-07-15 10:30:56,1784111456,BOOM600,5353.037,-1,0.014000000000123691,BACKFILL_AUTO
2026-07-15 10:30:57,1784111457,BOOM600,5353.015,-1,0.021999999999934516,BACKFILL_AUTO
2026-07-15 10:30:58,1784111458,BOOM600,5352.985,-1,0.030000000000654836,BACKFILL_AUTO
2026-07-15 10:30:59,1784111459,BOOM600,5352.973,-1,0.011999999999716238,BACKFILL_AUTO
2026-07-15 10:31:00,1784111460,BOOM600,5352.963,-1,0.010000000000218279,BACKFILL_AUTO
2026-07-15 10:31:01,1784111461,BOOM600,5352.941,-1,0.021999999999934516,BACKFILL_AUTO
2026-07-15 10:31:02,1784111462,BOOM600,5352.941,0,0.0,BACKFILL_AUTO
2026-07-15 10:31:03,1784111463,BOOM600,5352.939,-1,0.001999999999497959,BACKFILL_AUTO
2026-07-15 10:31:04,1784111464,BOOM600,5352.938,-1,0.0010000000002037268,BACKFILL_AUTO
2026-07-15 10:31:05,1784111465,BOOM600,5352.934,-1,0.0039999999999054126,BACKFILL_AUTO
2026-07-15 10:31:06,1784111466,BOOM600,5352.925,-1,0.009000000000014552,BACKFILL_AUTO
2026-07-15 10:31:07,1784111467,BOOM600,5352.92,-1,0.005000000000109139,BACKFILL_AUTO
2026-07-15 10:31:08,1784111468,BOOM600,5352.905,-1,0.015000000000327418,BACKFILL_AUTO
2026-07-15 10:31:09,1784111469,BOOM600,5352.901,-1,0.0039999999999054126,BACKFILL_AUTO
2026-07-15 10:31:10,1784111470,BOOM600,5352.894,-1,0.006999999999607098,BACKFILL_AUTO
2026-07-15 10:31:11,1784111471,BOOM600,5352.894,0,0.0,BACKFILL_AUTO
2026-07-15 10:31:12,1784111472,BOOM600,5352.872,-1,0.021999999999934516,BACKFILL_AUTO
2026-07-15 10:31:13,1784111473,BOOM600,5352.85,-1,0.021999999999934516,BACKFILL_AUTO
2026-07-15 10:31:14,1784111474,BOOM600,5352.846,-1,0.004000000000814907,BACKFILL_AUTO
2026-07-15 10:31:15,1784111475,BOOM600,5352.84,-1,0.0059999999994033715,BACKFILL_AUTO
2026-07-15 10:31:16,1784111476,BOOM600,5352.839,-1,0.0010000000002037268,BACKFILL_AUTO
2026-07-15 10:31:17,1784111477,BOOM600,5352.824,-1,0.015000000000327418,BACKFILL_AUTO
2026-07-15 10:31:18,1784111478,BOOM600,5352.809,-1,0.014999999999417923,BACKFILL_AUTO
2026-07-15 10:31:19,1784111479,BOOM600,5352.799,-1,0.010000000000218279,BACKFILL_AUTO
2026-07-15 10:31:20,1784111480,BOOM600,5352.781,-1,0.018000000000029104,BACKFILL_AUTO
2026-07-15 10:31:21,1784111481,BOOM600,5352.768,-1,0.012999999999919964,BACKFILL_AUTO
2026-07-15 10:31:22,1784111482,BOOM600,5352.752,-1,0.01599999999962165,BACKFILL_AUTO
2026-07-15 10:31:23,1784111483,BOOM600,5352.75,-1,0.0020000000004074536,BACKFILL_AUTO
2026-07-15 10:31:24,1784111484,BOOM600,5352.743,-1,0.006999999999607098,BACKFILL_AUTO
2026-07-15 10:31:25,1784111485,BOOM600,5352.74,-1,0.0030000000006111804,BACKFILL_AUTO
2026-07-15 10:31:26,1784111486,BOOM600,5352.723,-1,0.016999999999825377,BACKFILL_AUTO
2026-07-15 10:31:27,1784111487,BOOM600,5352.708,-1,0.015000000000327418,BACKFILL_AUTO
2026-07-15 10:31:28,1784111488,BOOM600,5352.699,-1,0.009000000000014552,BACKFILL_AUTO
2026-07-15 10:31:29,1784111489,BOOM600,5352.699,0,0.0,BACKFILL_AUTO
2026-07-15 10:31:30,1784111490,BOOM600,5352.684,-1,0.014999999999417923,BACKFILL_AUTO
2026-07-15 10:31:31,1784111491,BOOM600,5352.68,-1,0.0039999999999054126,BACKFILL_AUTO
2026-07-15 10:31:32,1784111492,BOOM600,5352.678,-1,0.0020000000004074536,BACKFILL_AUTO
2026-07-15 10:31:33,1784111493,BOOM600,5352.66,-1,0.018000000000029104,BACKFILL_AUTO
2026-07-15 10:31:34,1784111494,BOOM600,5352.654,-1,0.0059999999994033715,BACKFILL_AUTO
2026-07-15 10:31:35,1784111495,BOOM600,5352.632,-1,0.02200000000084401,BACKFILL_AUTO
2026-07-15 10:31:36,1784111496,BOOM600,5352.622,-1,0.009999999999308784,BACKFILL_AUTO
2026-07-15 10:31:37,1784111497,BOOM600,5352.608,-1,0.014000000000123691,BACKFILL_AUTO
2026-07-15 10:31:38,1784111498,BOOM600,5352.594,-1,0.014000000000123691,BACKFILL_AUTO
2026-07-15 10:31:39,1784111499,BOOM600,5352.591,-1,0.0029999999997016857,BACKFILL_AUTO
2026-07-15 10:31:40,1784111500,BOOM600,5352.576,-1,0.015000000000327418,BACKFILL_AUTO
2026-07-15 10:31:41,1784111501,BOOM600,5352.574,-1,0.0020000000004074536,BACKFILL_AUTO
2026-07-15 10:31:42,1784111502,BOOM600,5352.571,-1,0.0029999999997016857,BACKFILL_AUTO
2026-07-15 10:31:43,1784111503,BOOM600,5352.565,-1,0.006000000000312866,BACKFILL_AUTO
2026-07-15 10:31:44,1784111504,BOOM600,5352.561,-1,0.0039999999999054126,BACKFILL_AUTO
2026-07-15 10:31:45,1784111505,BOOM600,5352.553,-1,0.007999999999810825,BACKFILL_AUTO
2026-07-15 10:31:46,1784111506,BOOM600,5352.548,-1,0.005000000000109139,BACKFILL_AUTO
2026-07-15 10:31:47,1784111507,BOOM600,5352.546,-1,0.001999999999497959,BACKFILL_AUTO
2026-07-15 10:31:48,1784111508,BOOM600,5352.541,-1,0.005000000000109139,BACKFILL_AUTO
2026-07-15 10:31:49,1784111509,BOOM600,5352.524,-1,0.016999999999825377,BACKFILL_AUTO
2026-07-15 10:31:50,1784111510,BOOM600,5352.517,-1,0.007000000000516593,BACKFILL_AUTO
2026-07-15 10:31:51,1784111511,BOOM600,5352.508,-1,0.009000000000014552,BACKFILL_AUTO
2026-07-15 10:31:52,1784111512,BOOM600,5352.506,-1,0.001999999999497959,BACKFILL_AUTO
2026-07-15 10:31:53,1784111513,BOOM600,5352.489,-1,0.01700000000073487,BACKFILL_AUTO
2026-07-15 10:31:54,1784111514,BOOM600,5352.479,-1,0.009999999999308784,BACKFILL_AUTO
2026-07-15 10:31:55,1784111515,BOOM600,5352.46,-1,0.01900000000023283,BACKFILL_AUTO
2026-07-15 10:31:56,1784111516,BOOM600,5352.458,-1,0.0020000000004074536,BACKFILL_AUTO
2026-07-15 10:31:57,1784111517,BOOM600,5352.443,-1,0.014999999999417923,BACKFILL_AUTO
2026-07-15 10:31:58,1784111518,BOOM600,5352.434,-1,0.009000000000014552,BACKFILL_AUTO
2026-07-15 10:31:59,1784111519,BOOM600,5352.432,-1,0.0020000000004074536,BACKFILL_AUTO
2026-07-15 10:32:00,1784111520,BOOM600,5352.431,-1,0.0010000000002037268,BACKFILL_AUTO
2026-07-15 10:32:01,1784111521,BOOM600,5352.427,-1,0.0039999999999054126,BACKFILL_AUTO
2026-07-15 10:32:02,1784111522,BOOM600,5352.415,-1,0.011999999999716238,BACKFILL_AUTO
2026-07-15 10:32:03,1784111523,BOOM600,5352.414,-1,0.0010000000002037268,BACKFILL_AUTO
2026-07-15 10:32:04,1784111524,BOOM600,5352.414,0,0.0,BACKFILL_AUTO
2026-07-15 10:32:05,1784111525,BOOM600,5352.407,-1,0.006999999999607098,BACKFILL_AUTO
2026-07-15 10:32:06,1784111526,BOOM600,5352.402,-1,0.005000000000109139,BACKFILL_AUTO
2026-07-15 10:32:07,1784111527,BOOM600,5352.398,-1,0.0039999999999054126,BACKFILL_AUTO
2026-07-15 10:32:08,1784111528,BOOM600,5352.397,-1,0.0010000000002037268,BACKFILL_AUTO
2026-07-15 10:32:09,1784111529,BOOM600,5352.388,-1,0.009000000000014552,BACKFILL_AUTO
2026-07-15 10:32:10,1784111530,BOOM600,5352.386,-1,0.001999999999497959,BACKFILL_AUTO
2026-07-15 10:32:11,1784111531,BOOM600,5352.382,-1,0.004000000000814907,BACKFILL_AUTO
2026-07-15 10:32:12,1784111532,BOOM600,5352.38,-1,0.001999999999497959,BACKFILL_AUTO
2026-07-15 10:32:13,1784111533,BOOM600,5352.371,-1,0.009000000000014552,BACKFILL_AUTO
2026-07-15 10:32:14,1784111534,BOOM600,5352.354,-1,0.016999999999825377,BACKFILL_AUTO
2026-07-15 10:32:15,1784111535,BOOM600,5352.34,-1,0.014000000000123691,BACKFILL_AUTO
2026-07-15 10:32:16,1784111536,BOOM600,5352.332,-1,0.007999999999810825,BACKFILL_AUTO
2026-07-15 10:32:17,1784111537,BOOM600,5352.328,-1,0.0039999999999054126,BACKFILL_AUTO
2026-07-15 10:32:18,1784111538,BOOM600,5352.32,-1,0.00800000000072032,BACKFILL_AUTO
2026-07-15 10:32:19,1784111539,BOOM600,5352.32,0,0.0,BACKFILL_AUTO
2026-07-15 10:32:20,1784111540,BOOM600,5352.318,-1,0.001999999999497959,BACKFILL_AUTO
2026-07-15 10:32:21,1784111541,BOOM600,5352.31,-1,0.007999999999810825,BACKFILL_AUTO
2026-07-15 10:32:22,1784111542,BOOM600,5352.307,-1,0.0030000000006111804,BACKFILL_AUTO
2026-07-15 10:32:23,1784111543,BOOM600,5352.297,-1,0.010000000000218279,BACKFILL_AUTO
2026-07-15 10:32:24,1784111544,BOOM600,5352.295,-1,0.001999999999497959,BACKFILL_AUTO
2026-07-15 10:32:25,1784111545,BOOM600,5352.277,-1,0.018000000000029104,BACKFILL_AUTO
2026-07-15 10:32:26,1784111546,BOOM600,5352.261,-1,0.01599999999962165,BACKFILL_AUTO
2026-07-15 10:32:27,1784111547,BOOM600,5352.245,-1,0.016000000000531145,BACKFILL_AUTO
2026-07-15 10:32:28,1784111548,BOOM600,5352.234,-1,0.01099999999951251,BACKFILL_AUTO
2026-07-15 10:32:29,1784111549,BOOM600,5352.221,-1,0.01300000000082946,BACKFILL_AUTO
2026-07-15 10:32:30,1784111550,BOOM600,5352.214,-1,0.006999999999607098,BACKFILL_AUTO
2026-07-15 10:32:31,1784111551,BOOM600,5352.212,-1,0.001999999999497959,BACKFILL_AUTO
2026-07-15 10:32:32,1784111552,BOOM600,5352.191,-1,0.021000000000640284,BACKFILL_AUTO
2026-07-15 10:32:33,1784111553,BOOM600,5352.177,-1,0.014000000000123691,BACKFILL_AUTO
2026-07-15 10:32:34,1784111554,BOOM600,5352.172,-1,0.005000000000109139,BACKFILL_AUTO
2026-07-15 10:32:35,1784111555,BOOM600,5352.166,-1,0.0059999999994033715,BACKFILL_AUTO
2026-07-15 10:32:36,1784111556,BOOM600,5352.146,-1,0.020000000000436557,BACKFILL_AUTO
2026-07-15 10:32:37,1784111557,BOOM600,5352.139,-1,0.006999999999607098,BACKFILL_AUTO
2026-07-15 10:32:38,1784111558,BOOM600,5352.124,-1,0.015000000000327418,BACKFILL_AUTO
2026-07-15 10:32:39,1784111559,BOOM600,5352.106,-1,0.018000000000029104,BACKFILL_AUTO
2026-07-15 10:32:40,1784111560,BOOM600,5352.087,-1,0.018999999999323336,BACKFILL_AUTO
2026-07-15 10:32:41,1784111561,BOOM600,5352.077,-1,0.010000000000218279,BACKFILL_AUTO
2026-07-15 10:32:42,1784111562,BOOM600,5352.073,-1,0.0039999999999054126,BACKFILL_AUTO
2026-07-15 10:32:43,1784111563,BOOM600,5352.073,0,0.0,BACKFILL_AUTO
2026-07-15 10:32:44,1784111564,BOOM600,5352.046,-1,0.027000000000043656,BACKFILL_AUTO
2026-07-15 10:32:45,1784111565,BOOM600,5352.038,-1,0.00800000000072032,BACKFILL_AUTO
2026-07-15 10:32:46,1784111566,BOOM600,5352.021,-1,0.016999999999825377,BACKFILL_AUTO
2026-07-15 10:32:47,1784111567,BOOM600,5352.019,-1,0.001999999999497959,BACKFILL_AUTO
2026-07-15 10:32:48,1784111568,BOOM600,5352.017,-1,0.0020000000004074536,BACKFILL_AUTO
2026-07-15 10:32:49,1784111569,BOOM600,5352.009,-1,0.007999999999810825,BACKFILL_AUTO
2026-07-15 10:32:50,1784111570,BOOM600,5351.992,-1,0.016999999999825377,BACKFILL_AUTO
2026-07-15 10:32:51,1784111571,BOOM600,5351.989,-1,0.0030000000006111804,BACKFILL_AUTO
2026-07-15 10:32:52,1784111572,BOOM600,5351.985,-1,0.0039999999999054126,BACKFILL_AUTO
2026-07-15 10:32:53,1784111573,BOOM600,5351.978,-1,0.006999999999607098,BACKFILL_AUTO
2026-07-15 10:32:54,1784111574,BOOM600,5351.978,0,0.0,BACKFILL_AUTO
2026-07-15 10:32:55,1784111575,BOOM600,5351.974,-1,0.0039999999999054126,BACKFILL_AUTO
2026-07-15 10:32:56,1784111576,BOOM600,5351.961,-1,0.012999999999919964,BACKFILL_AUTO
2026-07-15 10:32:57,1784111577,BOOM600,5351.957,-1,0.0039999999999054126,BACKFILL_AUTO
2026-07-15 10:32:58,1784111578,BOOM600,5351.952,-1,0.005000000000109139,BACKFILL_AUTO
2026-07-15 10:32:59,1784111579,BOOM600,5351.945,-1,0.007000000000516593,BACKFILL_AUTO
2026-07-15 10:33:00,1784111580,BOOM600,5351.933,-1,0.011999999999716238,BACKFILL_AUTO
2026-07-15 10:33:01,1784111581,BOOM600,5351.915,-1,0.018000000000029104,BACKFILL_AUTO
2026-07-15 10:33:02,1784111582,BOOM600,5351.887,-1,0.028000000000247383,BACKFILL_AUTO
2026-07-15 10:33:03,1784111583,BOOM600,5351.886,-1,0.0009999999992942321,BACKFILL_AUTO
2026-07-15 10:33:04,1784111584,BOOM600,5351.878,-1,0.00800000000072032,BACKFILL_AUTO
2026-07-15 10:33:05,1784111585,BOOM600,5351.869,-1,0.009000000000014552,BACKFILL_AUTO
2026-07-15 10:33:06,1784111586,BOOM600,5351.868,-1,0.0009999999992942321,BACKFILL_AUTO
2026-07-15 10:33:07,1784111587,BOOM600,5351.867,-1,0.0010000000002037268,BACKFILL_AUTO
2026-07-15 10:33:08,1784111588,BOOM600,5351.867,0,0.0,BACKFILL_AUTO
2026-07-15 10:33:09,1784111589,BOOM600,5351.857,-1,0.010000000000218279,BACKFILL_AUTO
2026-07-15 10:33:10,1784111590,BOOM600,5351.832,-1,0.024999999999636202,BACKFILL_AUTO
2026-07-15 10:33:11,1784111591,BOOM600,5351.821,-1,0.011000000000422006,BACKFILL_AUTO
2026-07-15 10:33:12,1784111592,BOOM600,5351.81,-1,0.01099999999951251,BACKFILL_AUTO
2026-07-15 10:33:13,1784111593,BOOM600,5351.805,-1,0.005000000000109139,BACKFILL_AUTO
2026-07-15 10:33:14,1784111594,BOOM600,5351.799,-1,0.006000000000312866,BACKFILL_AUTO
2026-07-15 10:33:15,1784111595,BOOM600,5351.793,-1,0.006000000000312866,BACKFILL_AUTO
2026-07-15 10:33:16,1784111596,BOOM600,5351.789,-1,0.0039999999999054126,BACKFILL_AUTO
2026-07-15 10:33:17,1784111597,BOOM600,5351.781,-1,0.007999999999810825,BACKFILL_AUTO
2026-07-15 10:33:18,1784111598,BOOM600,5351.777,-1,0.0039999999999054126,BACKFILL_AUTO
2026-07-15 10:33:19,1784111599,BOOM600,5351.768,-1,0.009000000000014552,BACKFILL_AUTO
2026-07-15 10:33:20,1784111600,BOOM600,5351.756,-1,0.011999999999716238,BACKFILL_AUTO
2026-07-15 10:33:21,1784111601,BOOM600,5351.756,0,0.0,BACKFILL_AUTO
2026-07-15 10:33:22,1784111602,BOOM600,5351.749,-1,0.007000000000516593,BACKFILL_AUTO
2026-07-15 10:33:23,1784111603,BOOM600,5351.729,-1,0.019999999999527063,BACKFILL_AUTO
2026-07-15 10:33:24,1784111604,BOOM600,5351.722,-1,0.007000000000516593,BACKFILL_AUTO
2026-07-15 10:33:25,1784111605,BOOM600,5351.717,-1,0.005000000000109139,BACKFILL_AUTO
2026-07-15 10:33:26,1784111606,BOOM600,5351.708,-1,0.009000000000014552,BACKFILL_AUTO
2026-07-15 10:33:27,1784111607,BOOM600,5351.689,-1,0.018999999999323336,BACKFILL_AUTO
2026-07-15 10:33:28,1784111608,BOOM600,5351.678,-1,0.011000000000422006,BACKFILL_AUTO
2026-07-15 10:33:29,1784111609,BOOM600,5351.664,-1,0.014000000000123691,BACKFILL_AUTO
2026-07-15 10:33:30,1784111610,BOOM600,5351.661,-1,0.0029999999997016857,BACKFILL_AUTO
2026-07-15 10:33:31,1784111611,BOOM600,5351.655,-1,0.006000000000312866,BACKFILL_AUTO
2026-07-15 10:33:32,1784111612,BOOM600,5351.648,-1,0.006999999999607098,BACKFILL_AUTO
2026-07-15 10:33:33,1784111613,BOOM600,5351.636,-1,0.011999999999716238,BACKFILL_AUTO
2026-07-15 10:33:34,1784111614,BOOM600,5351.628,-1,0.00800000000072032,BACKFILL_AUTO
2026-07-15 10:33:35,1784111615,BOOM600,5351.623,-1,0.005000000000109139,BACKFILL_AUTO
2026-07-15 10:33:36,1784111616,BOOM600,5351.623,0,0.0,BACKFILL_AUTO
2026-07-15 10:33:37,1784111617,BOOM600,5351.604,-1,0.018999999999323336,BACKFILL_AUTO
2026-07-15 10:33:38,1784111618,BOOM600,5351.599,-1,0.005000000000109139,BACKFILL_AUTO
2026-07-15 10:33:39,1784111619,BOOM600,5351.587,-1,0.011999999999716238,BACKFILL_AUTO
2026-07-15 10:33:40,1784111620,BOOM600,5351.584,-1,0.0030000000006111804,BACKFILL_AUTO
2026-07-15 10:33:41,1784111621,BOOM600,5351.577,-1,0.006999999999607098,BACKFILL_AUTO
2026-07-15 10:33:42,1784111622,BOOM600,5351.574,-1,0.0030000000006111804,BACKFILL_AUTO
2026-07-15 10:33:43,1784111623,BOOM600,5351.573,-1,0.0009999999992942321,BACKFILL_AUTO
2026-07-15 10:33:44,1784111624,BOOM600,5351.553,-1,0.020000000000436557,BACKFILL_AUTO
2026-07-15 10:33:45,1784111625,BOOM600,5351.553,0,0.0,BACKFILL_AUTO
2026-07-15 10:33:46,1784111626,BOOM600,5351.538,-1,0.015000000000327418,BACKFILL_AUTO
2026-07-15 10:33:47,1784111627,BOOM600,5351.53,-1,0.007999999999810825,BACKFILL_AUTO
2026-07-15 10:33:48,1784111628,BOOM600,5351.525,-1,0.005000000000109139,BACKFILL_AUTO
2026-07-15 10:33:49,1784111629,BOOM600,5351.523,-1,0.001999999999497959,BACKFILL_AUTO
2026-07-15 10:33:50,1784111630,BOOM600,5351.514,-1,0.009000000000014552,BACKFILL_AUTO
2026-07-15 10:33:51,1784111631,BOOM600,5351.507,-1,0.007000000000516593,BACKFILL_AUTO
2026-07-15 10:33:52,1784111632,BOOM600,5351.493,-1,0.013999999999214197,BACKFILL_AUTO
2026-07-15 10:33:53,1784111633,BOOM600,5351.484,-1,0.009000000000014552,BACKFILL_AUTO
2026-07-15 10:33:54,1784111634,BOOM600,5351.471,-1,0.01300000000082946,BACKFILL_AUTO
2026-07-15 10:33:55,1784111635,BOOM600,5351.454,-1,0.016999999999825377,BACKFILL_AUTO
2026-07-15 10:33:56,1784111636,BOOM600,5351.44,-1,0.014000000000123691,BACKFILL_AUTO
2026-07-15 10:33:57,1784111637,BOOM600,5351.439,-1,0.0009999999992942321,BACKFILL_AUTO
2026-07-15 10:33:58,1784111638,BOOM600,5351.435,-1,0.0039999999999054126,BACKFILL_AUTO
2026-07-15 10:33:59,1784111639,BOOM600,5351.431,-1,0.004000000000814907,BACKFILL_AUTO
2026-07-15 10:34:00,1784111640,BOOM600,5351.42,-1,0.01099999999951251,BACKFILL_AUTO
2026-07-15 10:34:01,1784111641,BOOM600,5351.411,-1,0.009000000000014552,BACKFILL_AUTO
2026-07-15 10:34:02,1784111642,BOOM600,5351.408,-1,0.0029999999997016857,BACKFILL_AUTO
2026-07-15 10:34:03,1784111643,BOOM600,5351.399,-1,0.009000000000014552,BACKFILL_AUTO
2026-07-15 10:34:04,1784111644,BOOM600,5351.398,-1,0.0010000000002037268,BACKFILL_AUTO
2026-07-15 10:34:05,1784111645,BOOM600,5351.378,-1,0.020000000000436557,BACKFILL_AUTO
2026-07-15 10:34:06,1784111646,BOOM600,5351.362,-1,0.01599999999962165,BACKFILL_AUTO
2026-07-15 10:34:07,1784111647,BOOM600,5351.356,-1,0.006000000000312866,BACKFILL_AUTO
2026-07-15 10:34:08,1784111648,BOOM600,5351.347,-1,0.009000000000014552,BACKFILL_AUTO
2026-07-15 10:34:09,1784111649,BOOM600,5351.344,-1,0.0029999999997016857,BACKFILL_AUTO
2026-07-15 10:34:10,1784111650,BOOM600,5351.342,-1,0.0020000000004074536,BACKFILL_AUTO
2026-07-15 10:34:11,1784111651,BOOM600,5351.336,-1,0.0059999999994033715,BACKFILL_AUTO
2026-07-15 10:34:12,1784111652,BOOM600,5351.324,-1,0.012000000000625732,BACKFILL_AUTO
2026-07-15 10:34:13,1784111653,BOOM600,5351.314,-1,0.009999999999308784,BACKFILL_AUTO
2026-07-15 10:34:14,1784111654,BOOM600,5351.301,-1,0.012999999999919964,BACKFILL_AUTO
2026-07-15 10:34:15,1784111655,BOOM600,5351.301,0,0.0,BACKFILL_AUTO
2026-07-15 10:34:16,1784111656,BOOM600,5351.3,-1,0.0010000000002037268,BACKFILL_AUTO
2026-07-15 10:34:17,1784111657,BOOM600,5351.295,-1,0.005000000000109139,BACKFILL_AUTO
2026-07-15 10:34:18,1784111658,BOOM600,5351.289,-1,0.006000000000312866,BACKFILL_AUTO
2026-07-15 10:34:19,1784111659,BOOM600,5351.283,-1,0.0059999999994033715,BACKFILL_AUTO
2026-07-15 10:34:20,1784111660,BOOM600,5351.268,-1,0.015000000000327418,BACKFILL_AUTO
2026-07-15 10:34:21,1784111661,BOOM600,5351.258,-1,0.010000000000218279,BACKFILL_AUTO
2026-07-15 10:34:22,1784111662,BOOM600,5351.246,-1,0.011999999999716238,BACKFILL_AUTO
2026-07-15 10:34:23,1784111663,BOOM600,5351.23,-1,0.016000000000531145,BACKFILL_AUTO
2026-07-15 10:34:24,1784111664,BOOM600,5351.213,-1,0.016999999999825377,BACKFILL_AUTO
2026-07-15 10:34:25,1784111665,BOOM600,5351.205,-1,0.007999999999810825,BACKFILL_AUTO
2026-07-15 10:34:26,1784111666,BOOM600,5351.193,-1,0.011999999999716238,BACKFILL_AUTO
2026-07-15 10:34:27,1784111667,BOOM600,5351.182,-1,0.011000000000422006,BACKFILL_AUTO
2026-07-15 10:34:28,1784111668,BOOM600,5351.18,-1,0.001999999999497959,BACKFILL_AUTO
2026-07-15 10:34:29,1784111669,BOOM600,5351.175,-1,0.005000000000109139,BACKFILL_AUTO
2026-07-15 10:34:30,1784111670,BOOM600,5351.17,-1,0.005000000000109139,BACKFILL_AUTO
2026-07-15 10:34:31,1784111671,BOOM600,5351.161,-1,0.009000000000014552,BACKFILL_AUTO
2026-07-15 10:34:32,1784111672,BOOM600,5351.15,-1,0.011000000000422006,BACKFILL_AUTO
2026-07-15 10:34:33,1784111673,BOOM600,5351.147,-1,0.0029999999997016857,BACKFILL_AUTO
2026-07-15 10:34:34,1784111674,BOOM600,5351.14,-1,0.006999999999607098,BACKFILL_AUTO
2026-07-15 10:34:35,1784111675,BOOM600,5351.122,-1,0.018000000000029104,BACKFILL_AUTO
2026-07-15 10:34:36,1784111676,BOOM600,5351.109,-1,0.012999999999919964,BACKFILL_AUTO
2026-07-15 10:34:37,1784111677,BOOM600,5351.109,0,0.0,BACKFILL_AUTO
2026-07-15 10:34:38,1784111678,BOOM600,5351.093,-1,0.016000000000531145,BACKFILL_AUTO
2026-07-15 10:34:39,1784111679,BOOM600,5351.084,-1,0.009000000000014552,BACKFILL_AUTO
2026-07-15 10:34:40,1784111680,BOOM600,5351.076,-1,0.007999999999810825,BACKFILL_AUTO
2026-07-15 10:34:41,1784111681,BOOM600,5351.073,-1,0.0029999999997016857,BACKFILL_AUTO
2026-07-15 10:34:42,1784111682,BOOM600,5351.072,-1,0.0010000000002037268,BACKFILL_AUTO
2026-07-15 10:34:43,1784111683,BOOM600,5351.053,-1,0.01900000000023283,BACKFILL_AUTO
2026-07-15 10:34:44,1784111684,BOOM600,5351.042,-1,0.01099999999951251,BACKFILL_AUTO
2026-07-15 10:34:45,1784111685,BOOM600,5351.029,-1,0.012999999999919964,BACKFILL_AUTO
2026-07-15 10:34:46,1784111686,BOOM600,5351.008,-1,0.021000000000640284,BACKFILL_AUTO
2026-07-15 10:34:47,1784111687,BOOM600,5351.003,-1,0.005000000000109139,BACKFILL_AUTO
2026-07-15 10:34:48,1784111688,BOOM600,5351.002,-1,0.0009999999992942321,BACKFILL_AUTO
2026-07-15 10:34:49,1784111689,BOOM600,5350.98,-1,0.02200000000084401,BACKFILL_AUTO
2026-07-15 10:34:50,1784111690,BOOM600,5350.978,-1,0.001999999999497959,BACKFILL_AUTO
2026-07-15 10:34:51,1784111691,BOOM600,5350.971,-1,0.007000000000516593,BACKFILL_AUTO
2026-07-15 10:34:52,1784111692,BOOM600,5350.969,-1,0.001999999999497959,BACKFILL_AUTO
2026-07-15 10:34:53,1784111693,BOOM600,5350.954,-1,0.015000000000327418,BACKFILL_AUTO
2026-07-15 10:34:54,1784111694,BOOM600,5350.932,-1,0.021999999999934516,BACKFILL_AUTO
2026-07-15 10:34:55,1784111695,BOOM600,5350.921,-1,0.01099999999951251,BACKFILL_AUTO
2026-07-15 10:34:56,1784111696,BOOM600,5350.913,-1,0.00800000000072032,BACKFILL_AUTO
2026-07-15 10:34:57,1784111697,BOOM600,5350.892,-1,0.02099999999973079,BACKFILL_AUTO
2026-07-15 10:34:58,1784111698,BOOM600,5350.892,0,0.0,BACKFILL_AUTO
2026-07-15 10:34:59,1784111699,BOOM600,5350.892,0,0.0,BACKFILL_AUTO
2026-07-15 10:35:00,1784111700,BOOM600,5350.863,-1,0.028999999999541615,BACKFILL_AUTO
2026-07-15 10:35:01,1784111701,BOOM600,5350.857,-1,0.006000000000312866,BACKFILL_AUTO
2026-07-15 10:35:02,1784111702,BOOM600,5350.848,-1,0.009000000000014552,BACKFILL_AUTO
2026-07-15 10:35:03,1784111703,BOOM600,5350.831,-1,0.016999999999825377,BACKFILL_AUTO
2026-07-15 10:35:04,1784111704,BOOM600,5350.83,-1,0.0010000000002037268,BACKFILL_AUTO
2026-07-15 10:35:05,1784111705,BOOM600,5350.822,-1,0.007999999999810825,BACKFILL_AUTO
2026-07-15 10:35:06,1784111706,BOOM600,5350.817,-1,0.005000000000109139,BACKFILL_AUTO
2026-07-15 10:35:07,1784111707,BOOM600,5350.813,-1,0.0039999999999054126,BACKFILL_AUTO
2026-07-15 10:35:08,1784111708,BOOM600,5350.81,-1,0.0029999999997016857,BACKFILL_AUTO
2026-07-15 10:35:09,1784111709,BOOM600,5350.806,-1,0.004000000000814907,BACKFILL_AUTO
2026-07-15 10:35:10,1784111710,BOOM600,5350.789,-1,0.016999999999825377,BACKFILL_AUTO
2026-07-15 10:35:11,1784111711,BOOM600,5350.785,-1,0.0039999999999054126,BACKFILL_AUTO
2026-07-15 10:35:12,1784111712,BOOM600,5350.776,-1,0.009000000000014552,BACKFILL_AUTO
2026-07-15 10:35:13,1784111713,BOOM600,5350.772,-1,0.0039999999999054126,BACKFILL_AUTO
2026-07-15 10:35:14,1784111714,BOOM600,5350.771,-1,0.0010000000002037268,BACKFILL_AUTO
2026-07-15 10:35:15,1784111715,BOOM600,5350.761,-1,0.009999999999308784,BACKFILL_AUTO
2026-07-15 10:35:16,1784111716,BOOM600,5350.737,-1,0.02400000000034197,BACKFILL_AUTO
2026-07-15 10:35:17,1784111717,BOOM600,5350.734,-1,0.0029999999997016857,BACKFILL_AUTO
2026-07-15 10:35:18,1784111718,BOOM600,5350.73,-1,0.004000000000814907,BACKFILL_AUTO
2026-07-15 10:35:19,1784111719,BOOM600,5350.728,-1,0.001999999999497959,BACKFILL_AUTO
2026-07-15 10:35:20,1784111720,BOOM600,5350.719,-1,0.009000000000014552,BACKFILL_AUTO
2026-07-15 10:35:21,1784111721,BOOM600,5350.698,-1,0.02099999999973079,BACKFILL_AUTO
2026-07-15 10:35:22,1784111722,BOOM600,5350.691,-1,0.007000000000516593,BACKFILL_AUTO
2026-07-15 10:35:23,1784111723,BOOM600,5350.686,-1,0.005000000000109139,BACKFILL_AUTO
2026-07-15 10:35:24,1784111724,BOOM600,5350.671,-1,0.014999999999417923,BACKFILL_AUTO
2026-07-15 10:35:25,1784111725,BOOM600,5350.669,-1,0.0020000000004074536,BACKFILL_AUTO
2026-07-15 10:35:26,1784111726,BOOM600,5350.66,-1,0.009000000000014552,BACKFILL_AUTO
2026-07-15 10:35:27,1784111727,BOOM600,5350.653,-1,0.006999999999607098,BACKFILL_AUTO
2026-07-15 10:35:28,1784111728,BOOM600,5350.63,-1,0.023000000000138243,BACKFILL_AUTO
2026-07-15 10:35:29,1784111729,BOOM600,5350.626,-1,0.0039999999999054126,BACKFILL_AUTO
2026-07-15 10:35:30,1784111730,BOOM600,5350.625,-1,0.0010000000002037268,BACKFILL_AUTO
2026-07-15 10:35:31,1784111731,BOOM600,5350.619,-1,0.006000000000312866,BACKFILL_AUTO
2026-07-15 10:35:32,1784111732,BOOM600,5350.611,-1,0.007999999999810825,BACKFILL_AUTO
2026-07-15 10:35:33,1784111733,BOOM600,5350.599,-1,0.011999999999716238,BACKFILL_AUTO
2026-07-15 10:35:34,1784111734,BOOM600,5350.588,-1,0.011000000000422006,BACKFILL_AUTO
2026-07-15 10:35:35,1784111735,BOOM600,5350.563,-1,0.024999999999636202,BACKFILL_AUTO
2026-07-15 10:35:36,1784111736,BOOM600,5350.554,-1,0.009000000000014552,BACKFILL_AUTO
2026-07-15 10:35:37,1784111737,BOOM600,5350.543,-1,0.011000000000422006,BACKFILL_AUTO
2026-07-15 10:35:38,1784111738,BOOM600,5350.529,-1,0.013999999999214197,BACKFILL_AUTO
2026-07-15 10:35:39,1784111739,BOOM600,5350.521,-1,0.00800000000072032,BACKFILL_AUTO
2026-07-15 10:35:40,1784111740,BOOM600,5350.506,-1,0.014999999999417923,BACKFILL_AUTO
2026-07-15 10:35:41,1784111741,BOOM600,5350.5,-1,0.006000000000312866,BACKFILL_AUTO
2026-07-15 10:35:42,1784111742,BOOM600,5350.498,-1,0.0020000000004074536,BACKFILL_AUTO
2026-07-15 10:35:43,1784111743,BOOM600,5350.476,-1,0.021999999999934516,BACKFILL_AUTO
2026-07-15 10:35:44,1784111744,BOOM600,5350.475,-1,0.0009999999992942321,BACKFILL_AUTO
2026-07-15 10:35:45,1784111745,BOOM600,5350.458,-1,0.01700000000073487,BACKFILL_AUTO
2026-07-15 10:35:46,1784111746,BOOM600,5350.455,-1,0.0029999999997016857,BACKFILL_AUTO
2026-07-15 10:35:47,1784111747,BOOM600,5350.452,-1,0.0029999999997016857,BACKFILL_AUTO
2026-07-15 10:35:48,1784111748,BOOM600,5350.432,-1,0.020000000000436557,BACKFILL_AUTO
2026-07-15 10:35:49,1784111749,BOOM600,5350.426,-1,0.0059999999994033715,BACKFILL_AUTO
2026-07-15 10:35:50,1784111750,BOOM600,5350.402,-1,0.02400000000034197,BACKFILL_AUTO
2026-07-15 10:35:51,1784111751,BOOM600,5350.382,-1,0.020000000000436557,BACKFILL_AUTO
2026-07-15 10:35:52,1784111752,BOOM600,5350.378,-1,0.0039999999999054126,BACKFILL_AUTO
2026-07-15 10:35:53,1784111753,BOOM600,5350.372,-1,0.0059999999994033715,BACKFILL_AUTO
2026-07-15 10:35:54,1784111754,BOOM600,5350.363,-1,0.009000000000014552,BACKFILL_AUTO
2026-07-15 10:35:55,1784111755,BOOM600,5350.356,-1,0.007000000000516593,BACKFILL_AUTO
2026-07-15 10:35:56,1784111756,BOOM600,5350.354,-1,0.001999999999497959,BACKFILL_AUTO
2026-07-15 10:35:57,1784111757,BOOM600,5350.353,-1,0.0010000000002037268,BACKFILL_AUTO
2026-07-15 10:35:58,1784111758,BOOM600,5350.351,-1,0.0020000000004074536,BACKFILL_AUTO
2026-07-15 10:35:59,1784111759,BOOM600,5350.347,-1,0.0039999999999054126,BACKFILL_AUTO
2026-07-15 10:36:00,1784111760,BOOM600,5350.337,-1,0.009999999999308784,BACKFILL_AUTO
2026-07-15 10:36:01,1784111761,BOOM600,5350.336,-1,0.0010000000002037268,BACKFILL_AUTO
2026-07-15 10:36:02,1784111762,BOOM600,5350.334,-1,0.0020000000004074536,BACKFILL_AUTO
2026-07-15 10:36:03,1784111763,BOOM600,5350.33,-1,0.0039999999999054126,BACKFILL_AUTO
2026-07-15 10:36:04,1784111764,BOOM600,5350.324,-1,0.006000000000312866,BACKFILL_AUTO
2026-07-15 10:36:05,1784111765,BOOM600,5350.314,-1,0.009999999999308784,BACKFILL_AUTO
2026-07-15 10:36:06,1784111766,BOOM600,5350.312,-1,0.0020000000004074536,BACKFILL_AUTO
2026-07-15 10:36:07,1784111767,BOOM600,5350.298,-1,0.014000000000123691,BACKFILL_AUTO
2026-07-15 10:36:08,1784111768,BOOM600,5350.291,-1,0.006999999999607098,BACKFILL_AUTO
2026-07-15 10:36:09,1784111769,BOOM600,5350.279,-1,0.011999999999716238,BACKFILL_AUTO
2026-07-15 10:36:10,1784111770,BOOM600,5350.274,-1,0.005000000000109139,BACKFILL_AUTO
2026-07-15 10:36:11,1784111771,BOOM600,5350.259,-1,0.015000000000327418,BACKFILL_AUTO
2026-07-15 10:36:12,1784111772,BOOM600,5350.245,-1,0.014000000000123691,BACKFILL_AUTO
2026-07-15 10:36:13,1784111773,BOOM600,5350.241,-1,0.0039999999999054126,BACKFILL_AUTO
2026-07-15 10:36:14,1784111774,BOOM600,5350.236,-1,0.005000000000109139,BACKFILL_AUTO
2026-07-15 10:36:15,1784111775,BOOM600,5350.224,-1,0.011999999999716238,BACKFILL_AUTO
2026-07-15 10:36:16,1784111776,BOOM600,5350.206,-1,0.018000000000029104,BACKFILL_AUTO
2026-07-15 10:36:17,1784111777,BOOM600,5350.2,-1,0.006000000000312866,BACKFILL_AUTO
2026-07-15 10:36:18,1784111778,BOOM600,5350.192,-1,0.007999999999810825,BACKFILL_AUTO
2026-07-15 10:36:19,1784111779,BOOM600,5350.184,-1,0.007999999999810825,BACKFILL_AUTO
2026-07-15 10:36:20,1784111780,BOOM600,5350.178,-1,0.006000000000312866,BACKFILL_AUTO
2026-07-15 10:36:21,1784111781,BOOM600,5350.157,-1,0.02099999999973079,BACKFILL_AUTO
2026-07-15 10:36:22,1784111782,BOOM600,5350.152,-1,0.005000000000109139,BACKFILL_AUTO
2026-07-15 10:36:23,1784111783,BOOM600,5350.137,-1,0.015000000000327418,BACKFILL_AUTO
2026-07-15 10:36:24,1784111784,BOOM600,5350.133,-1,0.0039999999999054126,BACKFILL_AUTO
2026-07-15 10:36:25,1784111785,BOOM600,5350.126,-1,0.006999999999607098,BACKFILL_AUTO
2026-07-15 10:36:26,1784111786,BOOM600,5350.113,-1,0.012999999999919964,BACKFILL_AUTO
2026-07-15 10:36:27,1784111787,BOOM600,5350.098,-1,0.015000000000327418,BACKFILL_AUTO
2026-07-15 10:36:28,1784111788,BOOM600,5350.082,-1,0.01599999999962165,BACKFILL_AUTO
2026-07-15 10:36:29,1784111789,BOOM600,5350.063,-1,0.01900000000023283,BACKFILL_AUTO
2026-07-15 10:36:30,1784111790,BOOM600,5350.057,-1,0.006000000000312866,BACKFILL_AUTO
2026-07-15 10:36:31,1784111791,BOOM600,5350.053,-1,0.0039999999999054126,BACKFILL_AUTO
2026-07-15 10:36:32,1784111792,BOOM600,5350.043,-1,0.010000000000218279,BACKFILL_AUTO
2026-07-15 10:36:33,1784111793,BOOM600,5350.033,-1,0.009999999999308784,BACKFILL_AUTO
2026-07-15 10:36:34,1784111794,BOOM600,5350.022,-1,0.011000000000422006,BACKFILL_AUTO
2026-07-15 10:36:35,1784111795,BOOM600,5350.012,-1,0.010000000000218279,BACKFILL_AUTO
2026-07-15 10:36:36,1784111796,BOOM600,5349.999,-1,0.012999999999919964,BACKFILL_AUTO
2026-07-15 10:36:37,1784111797,BOOM600,5349.995,-1,0.0039999999999054126,BACKFILL_AUTO
2026-07-15 10:36:38,1784111798,BOOM600,5349.98,-1,0.015000000000327418,BACKFILL_AUTO
2026-07-15 10:36:39,1784111799,BOOM600,5349.96,-1,0.019999999999527063,BACKFILL_AUTO
2026-07-15 10:36:40,1784111800,BOOM600,5349.948,-1,0.011999999999716238,BACKFILL_AUTO
2026-07-15 10:36:41,1784111801,BOOM600,5349.939,-1,0.009000000000014552,BACKFILL_AUTO
2026-07-15 10:36:42,1784111802,BOOM600,5349.915,-1,0.02400000000034197,BACKFILL_AUTO
2026-07-15 10:36:43,1784111803,BOOM600,5349.914,-1,0.0010000000002037268,BACKFILL_AUTO
2026-07-15 10:36:44,1784111804,BOOM600,5349.907,-1,0.006999999999607098,BACKFILL_AUTO
2026-07-15 10:36:45,1784111805,BOOM600,5349.904,-1,0.0029999999997016857,BACKFILL_AUTO
2026-07-15 10:36:46,1784111806,BOOM600,5349.893,-1,0.011000000000422006,BACKFILL_AUTO
2026-07-15 10:36:47,1784111807,BOOM600,5349.89,-1,0.0029999999997016857,BACKFILL_AUTO
2026-07-15 10:36:48,1784111808,BOOM600,5349.885,-1,0.005000000000109139,BACKFILL_AUTO
2026-07-15 10:36:49,1784111809,BOOM600,5349.878,-1,0.007000000000516593,BACKFILL_AUTO
2026-07-15 10:36:50,1784111810,BOOM600,5349.872,-1,0.0059999999994033715,BACKFILL_AUTO
2026-07-15 10:36:51,1784111811,BOOM600,5349.867,-1,0.005000000000109139,BACKFILL_AUTO
2026-07-15 10:36:52,1784111812,BOOM600,5349.86,-1,0.007000000000516593,BACKFILL_AUTO
2026-07-15 10:36:53,1784111813,BOOM600,5349.85,-1,0.009999999999308784,BACKFILL_AUTO
2026-07-15 10:36:54,1784111814,BOOM600,5349.845,-1,0.005000000000109139,BACKFILL_AUTO
2026-07-15 10:36:55,1784111815,BOOM600,5349.842,-1,0.0030000000006111804,BACKFILL_AUTO
2026-07-15 10:36:56,1784111816,BOOM600,5349.842,0,0.0,BACKFILL_AUTO
2026-07-15 10:36:57,1784111817,BOOM600,5349.84,-1,0.001999999999497959,BACKFILL_AUTO
2026-07-15 10:36:58,1784111818,BOOM600,5349.823,-1,0.016999999999825377,BACKFILL_AUTO
2026-07-15 10:36:59,1784111819,BOOM600,5349.814,-1,0.009000000000014552,BACKFILL_AUTO
2026-07-15 10:37:00,1784111820,BOOM600,5349.811,-1,0.0030000000006111804,BACKFILL_AUTO
2026-07-15 10:37:01,1784111821,BOOM600,5349.799,-1,0.011999999999716238,BACKFILL_AUTO
2026-07-15 10:37:02,1784111822,BOOM600,5349.792,-1,0.006999999999607098,BACKFILL_AUTO
2026-07-15 10:37:03,1784111823,BOOM600,5349.772,-1,0.020000000000436557,BACKFILL_AUTO
2026-07-15 10:37:04,1784111824,BOOM600,5349.767,-1,0.005000000000109139,BACKFILL_AUTO
2026-07-15 10:37:05,1784111825,BOOM600,5349.748,-1,0.01900000000023283,BACKFILL_AUTO
2026-07-15 10:37:06,1784111826,BOOM600,5349.74,-1,0.007999999999810825,BACKFILL_AUTO
2026-07-15 10:37:07,1784111827,BOOM600,5349.736,-1,0.0039999999999054126,BACKFILL_AUTO
2026-07-15 10:37:08,1784111828,BOOM600,5349.73,-1,0.006000000000312866,BACKFILL_AUTO
2026-07-15 10:37:09,1784111829,BOOM600,5349.711,-1,0.018999999999323336,BACKFILL_AUTO
2026-07-15 10:37:10,1784111830,BOOM600,5349.699,-1,0.012000000000625732,BACKFILL_AUTO
2026-07-15 10:37:11,1784111831,BOOM600,5349.697,-1,0.001999999999497959,BACKFILL_AUTO
2026-07-15 10:37:12,1784111832,BOOM600,5349.694,-1,0.0029999999997016857,BACKFILL_AUTO
2026-07-15 10:37:13,1784111833,BOOM600,5349.678,-1,0.016000000000531145,BACKFILL_AUTO
2026-07-15 10:37:14,1784111834,BOOM600,5349.667,-1,0.01099999999951251,BACKFILL_AUTO
2026-07-15 10:37:15,1784111835,BOOM600,5349.664,-1,0.0030000000006111804,BACKFILL_AUTO
2026-07-15 10:37:16,1784111836,BOOM600,5349.657,-1,0.006999999999607098,BACKFILL_AUTO
2026-07-15 10:37:17,1784111837,BOOM600,5349.653,-1,0.0039999999999054126,BACKFILL_AUTO
2026-07-15 10:37:18,1784111838,BOOM600,5349.644,-1,0.009000000000014552,BACKFILL_AUTO
2026-07-15 10:37:19,1784111839,BOOM600,5349.621,-1,0.023000000000138243,BACKFILL_AUTO
2026-07-15 10:37:20,1784111840,BOOM600,5349.603,-1,0.018000000000029104,BACKFILL_AUTO
2026-07-15 10:37:21,1784111841,BOOM600,5349.591,-1,0.011999999999716238,BACKFILL_AUTO
2026-07-15 10:37:22,1784111842,BOOM600,5349.568,-1,0.023000000000138243,BACKFILL_AUTO
2026-07-15 10:37:23,1784111843,BOOM600,5349.552,-1,0.016000000000531145,BACKFILL_AUTO
2026-07-15 10:37:24,1784111844,BOOM600,5349.545,-1,0.006999999999607098,BACKFILL_AUTO
2026-07-15 10:37:25,1784111845,BOOM600,5349.54,-1,0.005000000000109139,BACKFILL_AUTO
2026-07-15 10:37:26,1784111846,BOOM600,5349.536,-1,0.0039999999999054126,BACKFILL_AUTO
2026-07-15 10:37:27,1784111847,BOOM600,5349.524,-1,0.011999999999716238,BACKFILL_AUTO
2026-07-15 10:37:28,1784111848,BOOM600,5349.517,-1,0.007000000000516593,BACKFILL_AUTO
2026-07-15 10:37:29,1784111849,BOOM600,5349.516,-1,0.0010000000002037268,BACKFILL_AUTO
2026-07-15 10:37:30,1784111850,BOOM600,5349.507,-1,0.009000000000014552,BACKFILL_AUTO
2026-07-15 10:37:31,1784111851,BOOM600,5349.506,-1,0.0009999999992942321,BACKFILL_AUTO
2026-07-15 10:37:32,1784111852,BOOM600,5349.504,-1,0.0020000000004074536,BACKFILL_AUTO
2026-07-15 10:37:33,1784111853,BOOM600,5349.48,-1,0.02400000000034197,BACKFILL_AUTO
2026-07-15 10:37:34,1784111854,BOOM600,5349.477,-1,0.0029999999997016857,BACKFILL_AUTO
2026-07-15 10:37:35,1784111855,BOOM600,5349.459,-1,0.018000000000029104,BACKFILL_AUTO
2026-07-15 10:37:36,1784111856,BOOM600,5349.441,-1,0.018000000000029104,BACKFILL_AUTO
2026-07-15 10:37:37,1784111857,BOOM600,5349.428,-1,0.012999999999919964,BACKFILL_AUTO
2026-07-15 10:37:38,1784111858,BOOM600,5349.426,-1,0.001999999999497959,BACKFILL_AUTO
2026-07-15 10:37:39,1784111859,BOOM600,5349.417,-1,0.009000000000014552,BACKFILL_AUTO
2026-07-15 10:37:40,1784111860,BOOM600,5349.401,-1,0.016000000000531145,BACKFILL_AUTO
2026-07-15 10:37:41,1784111861,BOOM600,5349.39,-1,0.01099999999951251,BACKFILL_AUTO
2026-07-15 10:37:42,1784111862,BOOM600,5349.377,-1,0.012999999999919964,BACKFILL_AUTO
2026-07-15 10:37:43,1784111863,BOOM600,5349.358,-1,0.01900000000023283,BACKFILL_AUTO
2026-07-15 10:37:44,1784111864,BOOM600,5349.348,-1,0.010000000000218279,BACKFILL_AUTO
2026-07-15 10:37:45,1784111865,BOOM600,5349.334,-1,0.014000000000123691,BACKFILL_AUTO
2026-07-15 10:37:46,1784111866,BOOM600,5349.329,-1,0.005000000000109139,BACKFILL_AUTO
2026-07-15 10:37:47,1784111867,BOOM600,5349.326,-1,0.0029999999997016857,BACKFILL_AUTO
2026-07-15 10:37:48,1784111868,BOOM600,5349.321,-1,0.005000000000109139,BACKFILL_AUTO
2026-07-15 10:37:49,1784111869,BOOM600,5349.306,-1,0.015000000000327418,BACKFILL_AUTO
2026-07-15 10:37:50,1784111870,BOOM600,5349.3,-1,0.0059999999994033715,BACKFILL_AUTO
2026-07-15 10:37:51,1784111871,BOOM600,5349.29,-1,0.010000000000218279,BACKFILL_AUTO
2026-07-15 10:37:52,1784111872,BOOM600,5349.285,-1,0.005000000000109139,BACKFILL_AUTO
2026-07-15 10:37:53,1784111873,BOOM600,5349.28,-1,0.005000000000109139,BACKFILL_AUTO
2026-07-15 10:37:54,1784111874,BOOM600,5349.267,-1,0.012999999999919964,BACKFILL_AUTO
2026-07-15 10:37:55,1784111875,BOOM600,5349.264,-1,0.0029999999997016857,BACKFILL_AUTO
2026-07-15 10:37:56,1784111876,BOOM600,5349.261,-1,0.0029999999997016857,BACKFILL_AUTO
2026-07-15 10:37:57,1784111877,BOOM600,5349.253,-1,0.00800000000072032,BACKFILL_AUTO
2026-07-15 10:37:58,1784111878,BOOM600,5349.249,-1,0.0039999999999054126,BACKFILL_AUTO
2026-07-15 10:37:59,1784111879,BOOM600,5349.244,-1,0.005000000000109139,BACKFILL_AUTO
2026-07-15 10:38:00,1784111880,BOOM600,5349.226,-1,0.018000000000029104,BACKFILL_AUTO
2026-07-15 10:38:01,1784111881,BOOM600,5349.216,-1,0.009999999999308784,BACKFILL_AUTO
2026-07-15 10:38:02,1784111882,BOOM600,5349.196,-1,0.020000000000436557,BACKFILL_AUTO
2026-07-15 10:38:03,1784111883,BOOM600,5349.189,-1,0.006999999999607098,BACKFILL_AUTO
2026-07-15 10:38:04,1784111884,BOOM600,5349.187,-1,0.0020000000004074536,BACKFILL_AUTO
2026-07-15 10:38:05,1784111885,BOOM600,5349.186,-1,0.0010000000002037268,BACKFILL_AUTO
2026-07-15 10:38:06,1784111886,BOOM600,5349.177,-1,0.009000000000014552,BACKFILL_AUTO
2026-07-15 10:38:07,1784111887,BOOM600,5349.163,-1,0.014000000000123691,BACKFILL_AUTO
2026-07-15 10:38:08,1784111888,BOOM600,5349.162,-1,0.0009999999992942321,BACKFILL_AUTO
2026-07-15 10:38:09,1784111889,BOOM600,5349.149,-1,0.012999999999919964,BACKFILL_AUTO
2026-07-15 10:38:10,1784111890,BOOM600,5349.147,-1,0.0020000000004074536,BACKFILL_AUTO
2026-07-15 10:38:11,1784111891,BOOM600,5349.144,-1,0.0029999999997016857,BACKFILL_AUTO
2026-07-15 10:38:12,1784111892,BOOM600,5349.127,-1,0.016999999999825377,BACKFILL_AUTO
2026-07-15 10:38:13,1784111893,BOOM600,5349.121,-1,0.006000000000312866,BACKFILL_AUTO
2026-07-15 10:38:14,1784111894,BOOM600,5349.12,-1,0.0010000000002037268,BACKFILL_AUTO
2026-07-15 10:38:15,1784111895,BOOM600,5349.107,-1,0.012999999999919964,BACKFILL_AUTO
2026-07-15 10:38:16,1784111896,BOOM600,5349.105,-1,0.0020000000004074536,BACKFILL_AUTO
2026-07-15 10:38:17,1784111897,BOOM600,5349.093,-1,0.011999999999716238,BACKFILL_AUTO
2026-07-15 10:38:18,1784111898,BOOM600,5349.084,-1,0.009000000000014552,BACKFILL_AUTO
2026-07-15 10:38:19,1784111899,BOOM600,5349.072,-1,0.011999999999716238,BACKFILL_AUTO
2026-07-15 10:38:20,1784111900,BOOM600,5349.06,-1,0.011999999999716238,BACKFILL_AUTO
2026-07-15 10:38:21,1784111901,BOOM600,5349.048,-1,0.012000000000625732,BACKFILL_AUTO
2026-07-15 10:38:22,1784111902,BOOM600,5349.038,-1,0.010000000000218279,BACKFILL_AUTO
2026-07-15 10:38:23,1784111903,BOOM600,5349.032,-1,0.0059999999994033715,BACKFILL_AUTO
2026-07-15 10:38:24,1784111904,BOOM600,5349.025,-1,0.007000000000516593,BACKFILL_AUTO
2026-07-15 10:38:25,1784111905,BOOM600,5349.017,-1,0.007999999999810825,BACKFILL_AUTO
2026-07-15 10:38:26,1784111906,BOOM600,5349.005,-1,0.011999999999716238,BACKFILL_AUTO
2026-07-15 10:38:27,1784111907,BOOM600,5348.998,-1,0.007000000000516593,BACKFILL_AUTO
2026-07-15 10:38:28,1784111908,BOOM600,5348.983,-1,0.014999999999417923,BACKFILL_AUTO
2026-07-15 10:38:29,1784111909,BOOM600,5348.968,-1,0.015000000000327418,BACKFILL_AUTO
2026-07-15 10:38:30,1784111910,BOOM600,5348.957,-1,0.01099999999951251,BACKFILL_AUTO
2026-07-15 10:38:31,1784111911,BOOM600,5348.953,-1,0.0039999999999054126,BACKFILL_AUTO
2026-07-15 10:38:32,1784111912,BOOM600,5348.944,-1,0.009000000000014552,BACKFILL_AUTO
2026-07-15 10:38:33,1784111913,BOOM600,5348.938,-1,0.006000000000312866,BACKFILL_AUTO
2026-07-15 10:38:34,1784111914,BOOM600,5364.683,1,15.74499999999989,BACKFILL_AUTO
2026-07-15 10:38:35,1784111915,BOOM600,5364.676,-1,0.006999999999607098,BACKFILL_AUTO
2026-07-15 10:38:36,1784111916,BOOM600,5364.667,-1,0.009000000000014552,BACKFILL_AUTO
2026-07-15 10:38:37,1784111917,BOOM600,5364.653,-1,0.014000000000123691,BACKFILL_AUTO
2026-07-15 10:38:38,1784111918,BOOM600,5364.647,-1,0.006000000000312866,BACKFILL_AUTO
2026-07-15 10:38:39,1784111919,BOOM600,5364.624,-1,0.023000000000138243,BACKFILL_AUTO
2026-07-15 10:38:40,1784111920,BOOM600,5364.616,-1,0.007999999999810825,BACKFILL_AUTO
2026-07-15 10:38:41,1784111921,BOOM600,5364.608,-1,0.007999999999810825,BACKFILL_AUTO
2026-07-15 10:38:42,1784111922,BOOM600,5364.593,-1,0.015000000000327418,BACKFILL_AUTO
2026-07-15 10:38:43,1784111923,BOOM600,5364.579,-1,0.014000000000123691,BACKFILL_AUTO
2026-07-15 10:38:44,1784111924,BOOM600,5364.576,-1,0.0029999999997016857,BACKFILL_AUTO
2026-07-15 10:38:45,1784111925,BOOM600,5364.556,-1,0.020000000000436557,BACKFILL_AUTO
2026-07-15 10:38:46,1784111926,BOOM600,5364.549,-1,0.006999999999607098,BACKFILL_AUTO
2026-07-15 10:38:47,1784111927,BOOM600,5364.537,-1,0.011999999999716238,BACKFILL_AUTO
2026-07-15 10:38:48,1784111928,BOOM600,5364.518,-1,0.01900000000023283,BACKFILL_AUTO
2026-07-15 10:38:49,1784111929,BOOM600,5364.513,-1,0.005000000000109139,BACKFILL_AUTO
2026-07-15 10:38:50,1784111930,BOOM600,5364.505,-1,0.007999999999810825,BACKFILL_AUTO
2026-07-15 10:38:51,1784111931,BOOM600,5364.5,-1,0.005000000000109139,BACKFILL_AUTO
2026-07-15 10:38:52,1784111932,BOOM600,5364.499,-1,0.0010000000002037268,BACKFILL_AUTO
2026-07-15 10:38:53,1784111933,BOOM600,5364.495,-1,0.0039999999999054126,BACKFILL_AUTO
2026-07-15 10:38:54,1784111934,BOOM600,5364.489,-1,0.006000000000312866,BACKFILL_AUTO
2026-07-15 10:38:55,1784111935,BOOM600,5364.486,-1,0.0029999999997016857,BACKFILL_AUTO
2026-07-15 10:38:56,1784111936,BOOM600,5364.484,-1,0.001999999999497959,BACKFILL_AUTO
2026-07-15 10:38:57,1784111937,BOOM600,5364.472,-1,0.012000000000625732,BACKFILL_AUTO
2026-07-15 10:38:58,1784111938,BOOM600,5364.464,-1,0.007999999999810825,BACKFILL_AUTO
2026-07-15 10:38:59,1784111939,BOOM600,5364.452,-1,0.011999999999716238,BACKFILL_AUTO
2026-07-15 10:39:00,1784111940,BOOM600,5364.449,-1,0.0030000000006111804,BACKFILL_AUTO
2026-07-15 10:39:01,1784111941,BOOM600,5364.439,-1,0.009999999999308784,BACKFILL_AUTO
2026-07-15 10:39:02,1784111942,BOOM600,5364.419,-1,0.020000000000436557,BACKFILL_AUTO
2026-07-15 10:39:03,1784111943,BOOM600,5364.405,-1,0.014000000000123691,BACKFILL_AUTO
2026-07-15 10:39:04,1784111944,BOOM600,5364.4,-1,0.005000000000109139,BACKFILL_AUTO
2026-07-15 10:39:05,1784111945,BOOM600,5364.397,-1,0.0029999999997016857,BACKFILL_AUTO
2026-07-15 10:39:06,1784111946,BOOM600,5364.393,-1,0.0039999999999054126,BACKFILL_AUTO
2026-07-15 10:39:07,1784111947,BOOM600,5364.381,-1,0.011999999999716238,BACKFILL_AUTO
2026-07-15 10:39:08,1784111948,BOOM600,5364.38,-1,0.0010000000002037268,BACKFILL_AUTO
2026-07-15 10:39:09,1784111949,BOOM600,5364.359,-1,0.02099999999973079,BACKFILL_AUTO
2026-07-15 10:39:10,1784111950,BOOM600,5364.34,-1,0.01900000000023283,BACKFILL_AUTO
2026-07-15 10:39:11,1784111951,BOOM600,5364.331,-1,0.009000000000014552,BACKFILL_AUTO
2026-07-15 10:39:12,1784111952,BOOM600,5364.328,-1,0.0029999999997016857,BACKFILL_AUTO
2026-07-15 10:39:13,1784111953,BOOM600,5364.322,-1,0.006000000000312866,BACKFILL_AUTO
2026-07-15 10:39:14,1784111954,BOOM600,5364.319,-1,0.0029999999997016857,BACKFILL_AUTO
2026-07-15 10:39:15,1784111955,BOOM600,5364.301,-1,0.018000000000029104,BACKFILL_AUTO
2026-07-15 10:39:16,1784111956,BOOM600,5364.293,-1,0.00800000000072032,BACKFILL_AUTO
2026-07-15 10:39:17,1784111957,BOOM600,5364.292,-1,0.0009999999992942321,BACKFILL_AUTO
2026-07-15 10:39:18,1784111958,BOOM600,5364.283,-1,0.009000000000014552,BACKFILL_AUTO
2026-07-15 10:39:19,1784111959,BOOM600,5364.272,-1,0.011000000000422006,BACKFILL_AUTO
2026-07-15 10:39:20,1784111960,BOOM600,5364.251,-1,0.02099999999973079,BACKFILL_AUTO
2026-07-15 10:39:21,1784111961,BOOM600,5364.229,-1,0.021999999999934516,BACKFILL_AUTO
2026-07-15 10:39:22,1784111962,BOOM600,5364.209,-1,0.020000000000436557,BACKFILL_AUTO
2026-07-15 10:39:23,1784111963,BOOM600,5364.194,-1,0.014999999999417923,BACKFILL_AUTO
2026-07-15 10:39:24,1784111964,BOOM600,5364.194,0,0.0,BACKFILL_AUTO
2026-07-15 10:39:25,1784111965,BOOM600,5364.193,-1,0.0010000000002037268,BACKFILL_AUTO
2026-07-15 10:39:26,1784111966,BOOM600,5364.189,-1,0.0039999999999054126,BACKFILL_AUTO
2026-07-15 10:39:27,1784111967,BOOM600,5364.176,-1,0.012999999999919964,BACKFILL_AUTO
2026-07-15 10:39:28,1784111968,BOOM600,5364.17,-1,0.006000000000312866,BACKFILL_AUTO
2026-07-15 10:39:29,1784111969,BOOM600,5364.169,-1,0.0010000000002037268,BACKFILL_AUTO
2026-07-15 10:39:30,1784111970,BOOM600,5364.164,-1,0.005000000000109139,BACKFILL_AUTO
2026-07-15 10:39:31,1784111971,BOOM600,5364.143,-1,0.02099999999973079,BACKFILL_AUTO
2026-07-15 10:39:32,1784111972,BOOM600,5364.133,-1,0.010000000000218279,BACKFILL_AUTO
2026-07-15 10:39:33,1784111973,BOOM600,5364.124,-1,0.009000000000014552,BACKFILL_AUTO
2026-07-15 10:39:34,1784111974,BOOM600,5364.098,-1,0.02599999999983993,BACKFILL_AUTO
2026-07-15 10:39:35,1784111975,BOOM600,5364.094,-1,0.0039999999999054126,BACKFILL_AUTO
2026-07-15 10:39:36,1784111976,BOOM600,5364.073,-1,0.02099999999973079,BACKFILL_AUTO
2026-07-15 10:39:37,1784111977,BOOM600,5364.071,-1,0.0020000000004074536,BACKFILL_AUTO
2026-07-15 10:39:38,1784111978,BOOM600,5364.063,-1,0.007999999999810825,BACKFILL_AUTO
2026-07-15 10:39:39,1784111979,BOOM600,5364.054,-1,0.009000000000014552,BACKFILL_AUTO
2026-07-15 10:39:40,1784111980,BOOM600,5364.053,-1,0.0010000000002037268,BACKFILL_AUTO
2026-07-15 10:39:41,1784111981,BOOM600,5364.052,-1,0.0010000000002037268,BACKFILL_AUTO
2026-07-15 10:39:42,1784111982,BOOM600,5364.048,-1,0.0039999999999054126,BACKFILL_AUTO
2026-07-15 10:39:43,1784111983,BOOM600,5364.04,-1,0.007999999999810825,BACKFILL_AUTO
2026-07-15 10:39:44,1784111984,BOOM600,5364.027,-1,0.012999999999919964,BACKFILL_AUTO
2026-07-15 10:39:45,1784111985,BOOM600,5364.018,-1,0.009000000000014552,BACKFILL_AUTO
2026-07-15 10:39:46,1784111986,BOOM600,5364.014,-1,0.0039999999999054126,BACKFILL_AUTO
2026-07-15 10:39:47,1784111987,BOOM600,5364.007,-1,0.007000000000516593,BACKFILL_AUTO
2026-07-15 10:39:48,1784111988,BOOM600,5363.999,-1,0.007999999999810825,BACKFILL_AUTO
2026-07-15 10:39:49,1784111989,BOOM600,5363.979,-1,0.019999999999527063,BACKFILL_AUTO
2026-07-15 10:39:50,1784111990,BOOM600,5363.974,-1,0.005000000000109139,BACKFILL_AUTO
2026-07-15 10:39:51,1784111991,BOOM600,5363.959,-1,0.015000000000327418,BACKFILL_AUTO
2026-07-15 10:39:52,1784111992,BOOM600,5363.941,-1,0.018000000000029104,BACKFILL_AUTO
2026-07-15 10:39:53,1784111993,BOOM600,5363.94,-1,0.0010000000002037268,BACKFILL_AUTO
2026-07-15 10:39:54,1784111994,BOOM600,5363.935,-1,0.004999999999199645,BACKFILL_AUTO
2026-07-15 10:39:55,1784111995,BOOM600,5363.927,-1,0.00800000000072032,BACKFILL_AUTO
2026-07-15 10:39:56,1784111996,BOOM600,5363.913,-1,0.014000000000123691,BACKFILL_AUTO
2026-07-15 10:39:57,1784111997,BOOM600,5363.908,-1,0.004999999999199645,BACKFILL_AUTO
2026-07-15 10:39:58,1784111998,BOOM600,5363.901,-1,0.007000000000516593,BACKFILL_AUTO
2026-07-15 10:39:59,1784111999,BOOM600,5363.884,-1,0.016999999999825377,BACKFILL_AUTO
2026-07-15 10:40:00,1784112000,BOOM600,5363.862,-1,0.021999999999934516,BACKFILL_AUTO
2026-07-15 10:40:01,1784112001,BOOM600,5363.859,-1,0.0029999999997016857,BACKFILL_AUTO
2026-07-15 10:40:02,1784112002,BOOM600,5363.855,-1,0.004000000000814907,BACKFILL_AUTO
2026-07-15 10:40:03,1784112003,BOOM600,5363.851,-1,0.0039999999999054126,BACKFILL_AUTO
2026-07-15 10:40:04,1784112004,BOOM600,5363.85,-1,0.0009999999992942321,BACKFILL_AUTO
2026-07-15 10:40:05,1784112005,BOOM600,5363.834,-1,0.016000000000531145,BACKFILL_AUTO
2026-07-15 10:40:06,1784112006,BOOM600,5363.819,-1,0.014999999999417923,BACKFILL_AUTO
2026-07-15 10:40:07,1784112007,BOOM600,5363.819,0,0.0,BACKFILL_AUTO
2026-07-15 10:40:08,1784112008,BOOM600,5363.812,-1,0.007000000000516593,BACKFILL_AUTO
2026-07-15 10:40:09,1784112009,BOOM600,5363.797,-1,0.015000000000327418,BACKFILL_AUTO
2026-07-15 10:40:10,1784112010,BOOM600,5363.79,-1,0.006999999999607098,BACKFILL_AUTO
2026-07-15 10:40:11,1784112011,BOOM600,5363.774,-1,0.01599999999962165,BACKFILL_AUTO
2026-07-15 10:40:12,1784112012,BOOM600,5363.764,-1,0.010000000000218279,BACKFILL_AUTO
2026-07-15 10:40:13,1784112013,BOOM600,5363.744,-1,0.020000000000436557,BACKFILL_AUTO
2026-07-15 10:40:14,1784112014,BOOM600,5363.74,-1,0.0039999999999054126,BACKFILL_AUTO
2026-07-15 10:40:15,1784112015,BOOM600,5363.735,-1,0.005000000000109139,BACKFILL_AUTO
2026-07-15 10:40:16,1784112016,BOOM600,5363.726,-1,0.009000000000014552,BACKFILL_AUTO
2026-07-15 10:40:17,1784112017,BOOM600,5363.713,-1,0.012999999999919964,BACKFILL_AUTO
2026-07-15 10:40:18,1784112018,BOOM600,5363.709,-1,0.0039999999999054126,BACKFILL_AUTO
2026-07-15 10:40:19,1784112019,BOOM600,5363.707,-1,0.001999999999497959,BACKFILL_AUTO
2026-07-15 10:40:20,1784112020,BOOM600,5363.696,-1,0.011000000000422006,BACKFILL_AUTO
2026-07-15 10:40:21,1784112021,BOOM600,5363.688,-1,0.007999999999810825,BACKFILL_AUTO
2026-07-15 10:40:22,1784112022,BOOM600,5363.686,-1,0.0020000000004074536,BACKFILL_AUTO
2026-07-15 10:40:23,1784112023,BOOM600,5363.66,-1,0.02599999999983993,BACKFILL_AUTO
2026-07-15 10:40:24,1784112024,BOOM600,5363.65,-1,0.010000000000218279,BACKFILL_AUTO
2026-07-15 10:40:25,1784112025,BOOM600,5363.632,-1,0.018000000000029104,BACKFILL_AUTO
2026-07-15 10:40:26,1784112026,BOOM600,5363.611,-1,0.02099999999973079,BACKFILL_AUTO
2026-07-15 10:40:27,1784112027,BOOM600,5363.596,-1,0.015000000000327418,BACKFILL_AUTO
2026-07-15 10:40:28,1784112028,BOOM600,5363.58,-1,0.01599999999962165,BACKFILL_AUTO
2026-07-15 10:40:29,1784112029,BOOM600,5363.568,-1,0.011999999999716238,BACKFILL_AUTO
2026-07-15 10:40:30,1784112030,BOOM600,5363.564,-1,0.0039999999999054126,BACKFILL_AUTO
2026-07-15 10:40:31,1784112031,BOOM600,5363.562,-1,0.0020000000004074536,BACKFILL_AUTO
2026-07-15 10:40:32,1784112032,BOOM600,5363.552,-1,0.010000000000218279,BACKFILL_AUTO
2026-07-15 10:40:33,1784112033,BOOM600,5363.537,-1,0.014999999999417923,BACKFILL_AUTO
2026-07-15 10:40:34,1784112034,BOOM600,5363.535,-1,0.0020000000004074536,BACKFILL_AUTO
2026-07-15 10:40:35,1784112035,BOOM600,5363.524,-1,0.01099999999951251,BACKFILL_AUTO
2026-07-15 10:40:36,1784112036,BOOM600,5363.516,-1,0.00800000000072032,BACKFILL_AUTO
2026-07-15 10:40:37,1784112037,BOOM600,5363.5,-1,0.01599999999962165,BACKFILL_AUTO
2026-07-15 10:40:38,1784112038,BOOM600,5363.497,-1,0.0029999999997016857,BACKFILL_AUTO
2026-07-15 10:40:39,1784112039,BOOM600,5363.484,-1,0.012999999999919964,BACKFILL_AUTO
2026-07-15 10:40:40,1784112040,BOOM600,5363.483,-1,0.0010000000002037268,BACKFILL_AUTO
2026-07-15 10:40:41,1784112041,BOOM600,5363.471,-1,0.012000000000625732,BACKFILL_AUTO
2026-07-15 10:40:42,1784112042,BOOM600,5363.463,-1,0.007999999999810825,BACKFILL_AUTO
2026-07-15 10:40:43,1784112043,BOOM600,5363.454,-1,0.009000000000014552,BACKFILL_AUTO
2026-07-15 10:40:44,1784112044,BOOM600,5363.442,-1,0.011999999999716238,BACKFILL_AUTO
2026-07-15 10:40:45,1784112045,BOOM600,5363.424,-1,0.018000000000029104,BACKFILL_AUTO
2026-07-15 10:40:46,1784112046,BOOM600,5363.418,-1,0.006000000000312866,BACKFILL_AUTO
2026-07-15 10:40:47,1784112047,BOOM600,5363.413,-1,0.005000000000109139,BACKFILL_AUTO
2026-07-15 10:40:48,1784112048,BOOM600,5363.397,-1,0.01599999999962165,BACKFILL_AUTO
2026-07-15 10:40:49,1784112049,BOOM600,5363.384,-1,0.012999999999919964,BACKFILL_AUTO
2026-07-15 10:40:50,1784112050,BOOM600,5363.383,-1,0.0010000000002037268,BACKFILL_AUTO
2026-07-15 10:40:51,1784112051,BOOM600,5363.375,-1,0.007999999999810825,BACKFILL_AUTO
2026-07-15 10:40:52,1784112052,BOOM600,5363.365,-1,0.010000000000218279,BACKFILL_AUTO
2026-07-15 10:40:53,1784112053,BOOM600,5363.352,-1,0.012999999999919964,BACKFILL_AUTO
2026-07-15 10:40:54,1784112054,BOOM600,5363.343,-1,0.009000000000014552,BACKFILL_AUTO
2026-07-15 10:40:55,1784112055,BOOM600,5363.327,-1,0.01599999999962165,BACKFILL_AUTO
2026-07-15 10:40:56,1784112056,BOOM600,5363.309,-1,0.018000000000029104,BACKFILL_AUTO
2026-07-15 10:40:57,1784112057,BOOM600,5363.3,-1,0.009000000000014552,BACKFILL_AUTO
2026-07-15 10:40:58,1784112058,BOOM600,5363.293,-1,0.007000000000516593,BACKFILL_AUTO
2026-07-15 10:40:59,1784112059,BOOM600,5363.277,-1,0.01599999999962165,BACKFILL_AUTO
2026-07-15 10:41:00,1784112060,BOOM600,5363.272,-1,0.005000000000109139,BACKFILL_AUTO
2026-07-15 10:41:01,1784112061,BOOM600,5363.26,-1,0.011999999999716238,BACKFILL_AUTO
2026-07-15 10:41:02,1784112062,BOOM600,5363.251,-1,0.009000000000014552,BACKFILL_AUTO
2026-07-15 10:41:03,1784112063,BOOM600,5363.243,-1,0.007999999999810825,BACKFILL_AUTO
2026-07-15 10:41:04,1784112064,BOOM600,5363.24,-1,0.0030000000006111804,BACKFILL_AUTO
2026-07-15 10:41:05,1784112065,BOOM600,5363.222,-1,0.018000000000029104,BACKFILL_AUTO
2026-07-15 10:41:06,1784112066,BOOM600,5363.201,-1,0.02099999999973079,BACKFILL_AUTO
2026-07-15 10:41:07,1784112067,BOOM600,5363.195,-1,0.006000000000312866,BACKFILL_AUTO
2026-07-15 10:41:08,1784112068,BOOM600,5363.185,-1,0.009999999999308784,BACKFILL_AUTO
2026-07-15 10:41:09,1784112069,BOOM600,5363.179,-1,0.006000000000312866,BACKFILL_AUTO
2026-07-15 10:41:10,1784112070,BOOM600,5363.172,-1,0.007000000000516593,BACKFILL_AUTO
2026-07-15 10:41:11,1784112071,BOOM600,5363.147,-1,0.024999999999636202,BACKFILL_AUTO
2026-07-15 10:41:12,1784112072,BOOM600,5363.141,-1,0.006000000000312866,BACKFILL_AUTO
2026-07-15 10:41:13,1784112073,BOOM600,5363.141,0,0.0,BACKFILL_AUTO
2026-07-15 10:41:14,1784112074,BOOM600,5363.14,-1,0.0009999999992942321,BACKFILL_AUTO
2026-07-15 10:41:15,1784112075,BOOM600,5363.136,-1,0.0039999999999054126,BACKFILL_AUTO
2026-07-15 10:41:16,1784112076,BOOM600,5363.128,-1,0.00800000000072032,BACKFILL_AUTO
2026-07-15 10:41:17,1784112077,BOOM600,5363.123,-1,0.005000000000109139,BACKFILL_AUTO
2026-07-15 10:41:18,1784112078,BOOM600,5363.105,-1,0.018000000000029104,BACKFILL_AUTO
2026-07-15 10:41:19,1784112079,BOOM600,5363.101,-1,0.0039999999999054126,BACKFILL_AUTO
2026-07-15 10:41:20,1784112080,BOOM600,5363.093,-1,0.007999999999810825,BACKFILL_AUTO
2026-07-15 10:41:21,1784112081,BOOM600,5363.074,-1,0.01900000000023283,BACKFILL_AUTO
2026-07-15 10:41:22,1784112082,BOOM600,5363.07,-1,0.0039999999999054126,BACKFILL_AUTO
2026-07-15 10:41:23,1784112083,BOOM600,5363.054,-1,0.01599999999962165,BACKFILL_AUTO
2026-07-15 10:41:24,1784112084,BOOM600,5363.044,-1,0.010000000000218279,BACKFILL_AUTO
2026-07-15 10:41:25,1784112085,BOOM600,5363.04,-1,0.0039999999999054126,BACKFILL_AUTO
2026-07-15 10:41:26,1784112086,BOOM600,5363.029,-1,0.01099999999951251,BACKFILL_AUTO
2026-07-15 10:41:27,1784112087,BOOM600,5363.024,-1,0.005000000000109139,BACKFILL_AUTO
2026-07-15 10:41:28,1784112088,BOOM600,5363.023,-1,0.0010000000002037268,BACKFILL_AUTO
2026-07-15 10:41:29,1784112089,BOOM600,5363.017,-1,0.006000000000312866,BACKFILL_AUTO
2026-07-15 10:41:30,1784112090,BOOM600,5363.001,-1,0.01599999999962165,BACKFILL_AUTO
2026-07-15 10:41:31,1784112091,BOOM600,5362.982,-1,0.01900000000023283,BACKFILL_AUTO
2026-07-15 10:41:32,1784112092,BOOM600,5362.971,-1,0.011000000000422006,BACKFILL_AUTO
2026-07-15 10:41:33,1784112093,BOOM600,5362.954,-1,0.016999999999825377,BACKFILL_AUTO
2026-07-15 10:41:34,1784112094,BOOM600,5362.949,-1,0.005000000000109139,BACKFILL_AUTO
2026-07-15 10:41:35,1784112095,BOOM600,5362.936,-1,0.012999999999919964,BACKFILL_AUTO
2026-07-15 10:41:36,1784112096,BOOM600,5362.935,-1,0.0009999999992942321,BACKFILL_AUTO
2026-07-15 10:41:37,1784112097,BOOM600,5362.934,-1,0.0010000000002037268,BACKFILL_AUTO
2026-07-15 10:41:38,1784112098,BOOM600,5362.912,-1,0.021999999999934516,BACKFILL_AUTO
2026-07-15 10:41:39,1784112099,BOOM600,5362.907,-1,0.005000000000109139,BACKFILL_AUTO
2026-07-15 10:41:40,1784112100,BOOM600,5362.905,-1,0.0020000000004074536,BACKFILL_AUTO
2026-07-15 10:41:41,1784112101,BOOM600,5362.891,-1,0.014000000000123691,BACKFILL_AUTO
2026-07-15 10:41:42,1784112102,BOOM600,5362.887,-1,0.0039999999999054126,BACKFILL_AUTO
2026-07-15 10:41:43,1784112103,BOOM600,5362.874,-1,0.012999999999919964,BACKFILL_AUTO
2026-07-15 10:41:44,1784112104,BOOM600,5362.868,-1,0.0059999999994033715,BACKFILL_AUTO
2026-07-15 10:41:45,1784112105,BOOM600,5362.86,-1,0.00800000000072032,BACKFILL_AUTO
2026-07-15 10:41:46,1784112106,BOOM600,5362.856,-1,0.0039999999999054126,BACKFILL_AUTO
2026-07-15 10:41:47,1784112107,BOOM600,5362.851,-1,0.005000000000109139,BACKFILL_AUTO
2026-07-15 10:41:48,1784112108,BOOM600,5362.832,-1,0.018999999999323336,BACKFILL_AUTO
2026-07-15 10:41:49,1784112109,BOOM600,5362.822,-1,0.010000000000218279,BACKFILL_AUTO
2026-07-15 10:41:50,1784112110,BOOM600,5362.816,-1,0.006000000000312866,BACKFILL_AUTO
2026-07-15 10:41:51,1784112111,BOOM600,5362.816,0,0.0,BACKFILL_AUTO
2026-07-15 10:41:52,1784112112,BOOM600,5362.811,-1,0.005000000000109139,BACKFILL_AUTO
2026-07-15 10:41:53,1784112113,BOOM600,5362.797,-1,0.014000000000123691,BACKFILL_AUTO
2026-07-15 10:41:54,1784112114,BOOM600,5362.778,-1,0.018999999999323336,BACKFILL_AUTO
2026-07-15 10:41:55,1784112115,BOOM600,5362.761,-1,0.016999999999825377,BACKFILL_AUTO
2026-07-15 10:41:56,1784112116,BOOM600,5362.755,-1,0.006000000000312866,BACKFILL_AUTO
2026-07-15 10:41:57,1784112117,BOOM600,5362.742,-1,0.012999999999919964,BACKFILL_AUTO
2026-07-15 10:41:58,1784112118,BOOM600,5362.723,-1,0.01900000000023283,BACKFILL_AUTO
2026-07-15 10:41:59,1784112119,BOOM600,5362.712,-1,0.01099999999951251,BACKFILL_AUTO
2026-07-15 10:42:00,1784112120,BOOM600,5362.708,-1,0.004000000000814907,BACKFILL_AUTO
2026-07-15 10:42:01,1784112121,BOOM600,5362.695,-1,0.012999999999919964,BACKFILL_AUTO
2026-07-15 10:42:02,1784112122,BOOM600,5362.695,0,0.0,BACKFILL_AUTO
2026-07-15 10:42:03,1784112123,BOOM600,5362.687,-1,0.007999999999810825,BACKFILL_AUTO
2026-07-15 10:42:04,1784112124,BOOM600,5362.675,-1,0.011999999999716238,BACKFILL_AUTO
2026-07-15 10:42:05,1784112125,BOOM600,5362.669,-1,0.006000000000312866,BACKFILL_AUTO
2026-07-15 10:42:06,1784112126,BOOM600,5362.661,-1,0.007999999999810825,BACKFILL_AUTO
2026-07-15 10:42:07,1784112127,BOOM600,5362.66,-1,0.0010000000002037268,BACKFILL_AUTO
2026-07-15 10:42:08,1784112128,BOOM600,5362.657,-1,0.0029999999997016857,BACKFILL_AUTO
2026-07-15 10:42:09,1784112129,BOOM600,5362.647,-1,0.010000000000218279,BACKFILL_AUTO
2026-07-15 10:42:10,1784112130,BOOM600,5362.633,-1,0.014000000000123691,BACKFILL_AUTO
2026-07-15 10:42:11,1784112131,BOOM600,5362.628,-1,0.005000000000109139,BACKFILL_AUTO
2026-07-15 10:42:12,1784112132,BOOM600,5362.617,-1,0.01099999999951251,BACKFILL_AUTO
2026-07-15 10:42:13,1784112133,BOOM600,5362.616,-1,0.0010000000002037268,BACKFILL_AUTO
2026-07-15 10:42:14,1784112134,BOOM600,5362.611,-1,0.005000000000109139,BACKFILL_AUTO
2026-07-15 10:42:15,1784112135,BOOM600,5362.604,-1,0.006999999999607098,BACKFILL_AUTO
2026-07-15 10:42:16,1784112136,BOOM600,5362.597,-1,0.007000000000516593,BACKFILL_AUTO
2026-07-15 10:42:17,1784112137,BOOM600,5362.589,-1,0.007999999999810825,BACKFILL_AUTO
2026-07-15 10:42:18,1784112138,BOOM600,5362.581,-1,0.007999999999810825,BACKFILL_AUTO
2026-07-15 10:42:19,1784112139,BOOM600,5362.578,-1,0.0029999999997016857,BACKFILL_AUTO
2026-07-15 10:42:20,1784112140,BOOM600,5362.569,-1,0.009000000000014552,BACKFILL_AUTO
2026-07-15 10:42:21,1784112141,BOOM600,5362.563,-1,0.006000000000312866,BACKFILL_AUTO
2026-07-15 10:42:22,1784112142,BOOM600,5362.557,-1,0.006000000000312866,BACKFILL_AUTO
2026-07-15 10:42:23,1784112143,BOOM600,5362.555,-1,0.001999999999497959,BACKFILL_AUTO
2026-07-15 10:42:24,1784112144,BOOM600,5362.553,-1,0.0020000000004074536,BACKFILL_AUTO
2026-07-15 10:42:25,1784112145,BOOM600,5362.552,-1,0.0010000000002037268,BACKFILL_AUTO
2026-07-15 10:42:26,1784112146,BOOM600,5362.552,0,0.0,BACKFILL_AUTO
2026-07-15 10:42:27,1784112147,BOOM600,5362.545,-1,0.006999999999607098,BACKFILL_AUTO
2026-07-15 10:42:28,1784112148,BOOM600,5362.539,-1,0.006000000000312866,BACKFILL_AUTO
2026-07-15 10:42:29,1784112149,BOOM600,5362.538,-1,0.0010000000002037268,BACKFILL_AUTO
2026-07-15 10:42:30,1784112150,BOOM600,5362.534,-1,0.0039999999999054126,BACKFILL_AUTO
2026-07-15 10:42:31,1784112151,BOOM600,5362.516,-1,0.018000000000029104,BACKFILL_AUTO
2026-07-15 10:42:32,1784112152,BOOM600,5362.511,-1,0.004999999999199645,BACKFILL_AUTO
2026-07-15 10:42:33,1784112153,BOOM600,5362.508,-1,0.0030000000006111804,BACKFILL_AUTO
2026-07-15 10:42:34,1784112154,BOOM600,5362.499,-1,0.009000000000014552,BACKFILL_AUTO
2026-07-15 10:42:35,1784112155,BOOM600,5362.483,-1,0.01599999999962165,BACKFILL_AUTO
2026-07-15 10:42:36,1784112156,BOOM600,5362.481,-1,0.0020000000004074536,BACKFILL_AUTO
2026-07-15 10:42:37,1784112157,BOOM600,5362.471,-1,0.010000000000218279,BACKFILL_AUTO
2026-07-15 10:42:38,1784112158,BOOM600,5362.455,-1,0.01599999999962165,BACKFILL_AUTO
2026-07-15 10:42:39,1784112159,BOOM600,5362.449,-1,0.006000000000312866,BACKFILL_AUTO
2026-07-15 10:42:40,1784112160,BOOM600,5362.431,-1,0.018000000000029104,BACKFILL_AUTO
2026-07-15 10:42:41,1784112161,BOOM600,5362.421,-1,0.009999999999308784,BACKFILL_AUTO
2026-07-15 10:42:42,1784112162,BOOM600,5362.408,-1,0.012999999999919964,BACKFILL_AUTO
2026-07-15 10:42:43,1784112163,BOOM600,5362.395,-1,0.012999999999919964,BACKFILL_AUTO
2026-07-15 10:42:44,1784112164,BOOM600,5362.375,-1,0.020000000000436557,BACKFILL_AUTO
2026-07-15 10:42:45,1784112165,BOOM600,5362.367,-1,0.007999999999810825,BACKFILL_AUTO
2026-07-15 10:42:46,1784112166,BOOM600,5362.355,-1,0.012000000000625732,BACKFILL_AUTO
2026-07-15 10:42:47,1784112167,BOOM600,5362.35,-1,0.004999999999199645,BACKFILL_AUTO
2026-07-15 10:42:48,1784112168,BOOM600,5362.334,-1,0.016000000000531145,BACKFILL_AUTO
2026-07-15 10:42:49,1784112169,BOOM600,5362.317,-1,0.016999999999825377,BACKFILL_AUTO
2026-07-15 10:42:50,1784112170,BOOM600,5362.315,-1,0.0020000000004074536,BACKFILL_AUTO
2026-07-15 10:42:51,1784112171,BOOM600,5362.314,-1,0.0009999999992942321,BACKFILL_AUTO
2026-07-15 10:42:52,1784112172,BOOM600,5362.309,-1,0.005000000000109139,BACKFILL_AUTO
2026-07-15 10:42:53,1784112173,BOOM600,5362.304,-1,0.005000000000109139,BACKFILL_AUTO
2026-07-15 10:42:54,1784112174,BOOM600,5362.301,-1,0.0029999999997016857,BACKFILL_AUTO
2026-07-15 10:42:55,1784112175,BOOM600,5362.298,-1,0.0030000000006111804,BACKFILL_AUTO
2026-07-15 10:42:56,1784112176,BOOM600,5362.297,-1,0.0010000000002037268,BACKFILL_AUTO
2026-07-15 10:42:57,1784112177,BOOM600,5362.289,-1,0.007999999999810825,BACKFILL_AUTO
2026-07-15 10:42:58,1784112178,BOOM600,5362.289,0,0.0,BACKFILL_AUTO
2026-07-15 10:42:59,1784112179,BOOM600,5362.272,-1,0.016999999999825377,BACKFILL_AUTO
2026-07-15 10:43:00,1784112180,BOOM600,5362.263,-1,0.009000000000014552,BACKFILL_AUTO
2026-07-15 10:43:01,1784112181,BOOM600,5362.246,-1,0.016999999999825377,BACKFILL_AUTO
2026-07-15 10:43:02,1784112182,BOOM600,5362.238,-1,0.007999999999810825,BACKFILL_AUTO
2026-07-15 10:43:03,1784112183,BOOM600,5362.234,-1,0.0039999999999054126,BACKFILL_AUTO
2026-07-15 10:43:04,1784112184,BOOM600,5362.231,-1,0.0030000000006111804,BACKFILL_AUTO
2026-07-15 10:43:05,1784112185,BOOM600,5362.218,-1,0.012999999999919964,BACKFILL_AUTO
2026-07-15 10:43:06,1784112186,BOOM600,5362.205,-1,0.012999999999919964,BACKFILL_AUTO
2026-07-15 10:43:07,1784112187,BOOM600,5362.182,-1,0.023000000000138243,BACKFILL_AUTO
2026-07-15 10:43:08,1784112188,BOOM600,5362.161,-1,0.02099999999973079,BACKFILL_AUTO
2026-07-15 10:43:09,1784112189,BOOM600,5362.161,0,0.0,BACKFILL_AUTO
2026-07-15 10:43:10,1784112190,BOOM600,5362.152,-1,0.009000000000014552,BACKFILL_AUTO
2026-07-15 10:43:11,1784112191,BOOM600,5362.152,0,0.0,BACKFILL_AUTO
2026-07-15 10:43:12,1784112192,BOOM600,5362.151,-1,0.0010000000002037268,BACKFILL_AUTO
2026-07-15 10:43:13,1784112193,BOOM600,5362.144,-1,0.006999999999607098,BACKFILL_AUTO
2026-07-15 10:43:14,1784112194,BOOM600,5362.134,-1,0.010000000000218279,BACKFILL_AUTO
2026-07-15 10:43:15,1784112195,BOOM600,5362.111,-1,0.023000000000138243,BACKFILL_AUTO
2026-07-15 10:43:16,1784112196,BOOM600,5362.089,-1,0.021999999999934516,BACKFILL_AUTO
2026-07-15 10:43:17,1784112197,BOOM600,5362.068,-1,0.02099999999973079,BACKFILL_AUTO
2026-07-15 10:43:18,1784112198,BOOM600,5362.057,-1,0.011000000000422006,BACKFILL_AUTO
2026-07-15 10:43:19,1784112199,BOOM600,5362.052,-1,0.005000000000109139,BACKFILL_AUTO
2026-07-15 10:43:20,1784112200,BOOM600,5362.043,-1,0.009000000000014552,BACKFILL_AUTO
2026-07-15 10:43:21,1784112201,BOOM600,5362.035,-1,0.007999999999810825,BACKFILL_AUTO
2026-07-15 10:43:22,1784112202,BOOM600,5362.024,-1,0.01099999999951251,BACKFILL_AUTO
2026-07-15 10:43:23,1784112203,BOOM600,5362.019,-1,0.005000000000109139,BACKFILL_AUTO
2026-07-15 10:43:24,1784112204,BOOM600,5362.002,-1,0.016999999999825377,BACKFILL_AUTO
2026-07-15 10:43:25,1784112205,BOOM600,5361.995,-1,0.007000000000516593,BACKFILL_AUTO
2026-07-15 10:43:26,1784112206,BOOM600,5361.978,-1,0.016999999999825377,BACKFILL_AUTO
2026-07-15 10:43:27,1784112207,BOOM600,5361.972,-1,0.006000000000312866,BACKFILL_AUTO
2026-07-15 10:43:28,1784112208,BOOM600,5361.959,-1,0.012999999999919964,BACKFILL_AUTO
2026-07-15 10:43:29,1784112209,BOOM600,5361.954,-1,0.005000000000109139,BACKFILL_AUTO
2026-07-15 10:43:30,1784112210,BOOM600,5361.947,-1,0.006999999999607098,BACKFILL_AUTO
2026-07-15 10:43:31,1784112211,BOOM600,5361.937,-1,0.010000000000218279,BACKFILL_AUTO
2026-07-15 10:43:32,1784112212,BOOM600,5361.919,-1,0.018000000000029104,BACKFILL_AUTO
2026-07-15 10:43:33,1784112213,BOOM600,5361.905,-1,0.014000000000123691,BACKFILL_AUTO
2026-07-15 10:43:34,1784112214,BOOM600,5361.893,-1,0.011999999999716238,BACKFILL_AUTO
2026-07-15 10:43:35,1784112215,BOOM600,5361.89,-1,0.0029999999997016857,BACKFILL_AUTO
2026-07-15 10:43:36,1784112216,BOOM600,5361.883,-1,0.007000000000516593,BACKFILL_AUTO
2026-07-15 10:43:37,1784112217,BOOM600,5361.874,-1,0.009000000000014552,BACKFILL_AUTO
2026-07-15 10:43:38,1784112218,BOOM600,5361.87,-1,0.0039999999999054126,BACKFILL_AUTO
2026-07-15 10:43:39,1784112219,BOOM600,5361.854,-1,0.01599999999962165,BACKFILL_AUTO
2026-07-15 10:43:40,1784112220,BOOM600,5361.841,-1,0.012999999999919964,BACKFILL_AUTO
2026-07-15 10:43:41,1784112221,BOOM600,5361.84,-1,0.0010000000002037268,BACKFILL_AUTO
2026-07-15 10:43:42,1784112222,BOOM600,5361.83,-1,0.010000000000218279,BACKFILL_AUTO
2026-07-15 10:43:43,1784112223,BOOM600,5361.822,-1,0.007999999999810825,BACKFILL_AUTO
2026-07-15 10:43:44,1784112224,BOOM600,5361.808,-1,0.014000000000123691,BACKFILL_AUTO
2026-07-15 10:43:45,1784112225,BOOM600,5361.803,-1,0.005000000000109139,BACKFILL_AUTO
2026-07-15 10:43:46,1784112226,BOOM600,5361.788,-1,0.015000000000327418,BACKFILL_AUTO
2026-07-15 10:43:47,1784112227,BOOM600,5361.782,-1,0.0059999999994033715,BACKFILL_AUTO
2026-07-15 10:43:48,1784112228,BOOM600,5361.781,-1,0.0010000000002037268,BACKFILL_AUTO
2026-07-15 10:43:49,1784112229,BOOM600,5361.764,-1,0.016999999999825377,BACKFILL_AUTO
2026-07-15 10:43:50,1784112230,BOOM600,5361.757,-1,0.007000000000516593,BACKFILL_AUTO
2026-07-15 10:43:51,1784112231,BOOM600,5361.747,-1,0.009999999999308784,BACKFILL_AUTO
2026-07-15 10:43:52,1784112232,BOOM600,5361.738,-1,0.009000000000014552,BACKFILL_AUTO
2026-07-15 10:43:53,1784112233,BOOM600,5361.718,-1,0.020000000000436557,BACKFILL_AUTO
2026-07-15 10:43:54,1784112234,BOOM600,5361.715,-1,0.0029999999997016857,BACKFILL_AUTO
2026-07-15 10:43:55,1784112235,BOOM600,5361.713,-1,0.0020000000004074536,BACKFILL_AUTO
2026-07-15 10:43:56,1784112236,BOOM600,5361.707,-1,0.0059999999994033715,BACKFILL_AUTO
2026-07-15 10:43:57,1784112237,BOOM600,5361.696,-1,0.011000000000422006,BACKFILL_AUTO
2026-07-15 10:43:58,1784112238,BOOM600,5361.691,-1,0.005000000000109139,BACKFILL_AUTO
2026-07-15 10:43:59,1784112239,BOOM600,5361.688,-1,0.0029999999997016857,BACKFILL_AUTO
2026-07-15 10:44:00,1784112240,BOOM600,5361.685,-1,0.0029999999997016857,BACKFILL_AUTO
2026-07-15 10:44:01,1784112241,BOOM600,5361.681,-1,0.004000000000814907,BACKFILL_AUTO
2026-07-15 10:44:02,1784112242,BOOM600,5361.676,-1,0.004999999999199645,BACKFILL_AUTO
2026-07-15 10:44:03,1784112243,BOOM600,5361.665,-1,0.011000000000422006,BACKFILL_AUTO
2026-07-15 10:44:04,1784112244,BOOM600,5361.651,-1,0.014000000000123691,BACKFILL_AUTO
2026-07-15 10:44:05,1784112245,BOOM600,5361.644,-1,0.006999999999607098,BACKFILL_AUTO
2026-07-15 10:44:06,1784112246,BOOM600,5361.625,-1,0.01900000000023283,BACKFILL_AUTO
2026-07-15 10:44:07,1784112247,BOOM600,5361.617,-1,0.007999999999810825,BACKFILL_AUTO
2026-07-15 10:44:08,1784112248,BOOM600,5361.615,-1,0.0020000000004074536,BACKFILL_AUTO
2026-07-15 10:44:09,1784112249,BOOM600,5361.602,-1,0.012999999999919964,BACKFILL_AUTO
2026-07-15 10:44:10,1784112250,BOOM600,5361.578,-1,0.023999999999432475,BACKFILL_AUTO
2026-07-15 10:44:11,1784112251,BOOM600,5361.57,-1,0.00800000000072032,BACKFILL_AUTO
2026-07-15 10:44:12,1784112252,BOOM600,5361.565,-1,0.005000000000109139,BACKFILL_AUTO
2026-07-15 10:44:13,1784112253,BOOM600,5361.564,-1,0.0009999999992942321,BACKFILL_AUTO
2026-07-15 10:44:14,1784112254,BOOM600,5361.554,-1,0.010000000000218279,BACKFILL_AUTO
2026-07-15 10:44:15,1784112255,BOOM600,5361.551,-1,0.0029999999997016857,BACKFILL_AUTO
2026-07-15 10:44:16,1784112256,BOOM600,5361.537,-1,0.014000000000123691,BACKFILL_AUTO
2026-07-15 10:44:17,1784112257,BOOM600,5361.525,-1,0.012000000000625732,BACKFILL_AUTO
2026-07-15 10:44:18,1784112258,BOOM600,5361.514,-1,0.01099999999951251,BACKFILL_AUTO
2026-07-15 10:44:19,1784112259,BOOM600,5361.505,-1,0.009000000000014552,BACKFILL_AUTO
2026-07-15 10:44:20,1784112260,BOOM600,5361.495,-1,0.010000000000218279,BACKFILL_AUTO
2026-07-15 10:44:21,1784112261,BOOM600,5361.481,-1,0.014000000000123691,BACKFILL_AUTO
2026-07-15 10:44:22,1784112262,BOOM600,5361.478,-1,0.0029999999997016857,BACKFILL_AUTO
2026-07-15 10:44:23,1784112263,BOOM600,5361.475,-1,0.0029999999997016857,BACKFILL_AUTO
2026-07-15 10:44:24,1784112264,BOOM600,5361.46,-1,0.015000000000327418,BACKFILL_AUTO
2026-07-15 10:44:25,1784112265,BOOM600,5361.453,-1,0.006999999999607098,BACKFILL_AUTO
2026-07-15 10:44:26,1784112266,BOOM600,5361.44,-1,0.01300000000082946,BACKFILL_AUTO
2026-07-15 10:44:27,1784112267,BOOM600,5361.433,-1,0.006999999999607098,BACKFILL_AUTO
2026-07-15 10:44:28,1784112268,BOOM600,5361.432,-1,0.0010000000002037268,BACKFILL_AUTO
2026-07-15 10:44:29,1784112269,BOOM600,5361.405,-1,0.027000000000043656,BACKFILL_AUTO
2026-07-15 10:44:30,1784112270,BOOM600,5361.387,-1,0.018000000000029104,BACKFILL_AUTO
2026-07-15 10:44:31,1784112271,BOOM600,5361.376,-1,0.01099999999951251,BACKFILL_AUTO
2026-07-15 10:44:32,1784112272,BOOM600,5361.364,-1,0.012000000000625732,BACKFILL_AUTO
2026-07-15 10:44:33,1784112273,BOOM600,5361.349,-1,0.014999999999417923,BACKFILL_AUTO
2026-07-15 10:44:34,1784112274,BOOM600,5361.327,-1,0.021999999999934516,BACKFILL_AUTO
2026-07-15 10:44:35,1784112275,BOOM600,5361.319,-1,0.007999999999810825,BACKFILL_AUTO
2026-07-15 10:44:36,1784112276,BOOM600,5361.308,-1,0.011000000000422006,BACKFILL_AUTO
2026-07-15 10:44:37,1784112277,BOOM600,5361.306,-1,0.0020000000004074536,BACKFILL_AUTO
2026-07-15 10:44:38,1784112278,BOOM600,5361.299,-1,0.006999999999607098,BACKFILL_AUTO
2026-07-15 10:44:39,1784112279,BOOM600,5361.291,-1,0.007999999999810825,BACKFILL_AUTO
2026-07-15 10:44:40,1784112280,BOOM600,5361.289,-1,0.0020000000004074536,BACKFILL_AUTO
2026-07-15 10:44:41,1784112281,BOOM600,5361.288,-1,0.0010000000002037268,BACKFILL_AUTO
2026-07-15 10:44:42,1784112282,BOOM600,5361.279,-1,0.008999999999105057,BACKFILL_AUTO
2026-07-15 10:44:43,1784112283,BOOM600,5361.273,-1,0.006000000000312866,BACKFILL_AUTO
2026-07-15 10:44:44,1784112284,BOOM600,5361.271,-1,0.0020000000004074536,BACKFILL_AUTO
2026-07-15 10:44:45,1784112285,BOOM600,5361.266,-1,0.005000000000109139,BACKFILL_AUTO
2026-07-15 10:44:46,1784112286,BOOM600,5361.265,-1,0.0009999999992942321,BACKFILL_AUTO
2026-07-15 10:44:47,1784112287,BOOM600,5361.26,-1,0.005000000000109139,BACKFILL_AUTO
2026-07-15 10:44:48,1784112288,BOOM600,5361.258,-1,0.0020000000004074536,BACKFILL_AUTO
2026-07-15 10:44:49,1784112289,BOOM600,5361.256,-1,0.001999999999497959,BACKFILL_AUTO
2026-07-15 10:44:50,1784112290,BOOM600,5361.243,-1,0.012999999999919964,BACKFILL_AUTO
2026-07-15 10:44:51,1784112291,BOOM600,5361.234,-1,0.009000000000014552,BACKFILL_AUTO
2026-07-15 10:44:52,1784112292,BOOM600,5361.217,-1,0.01700000000073487,BACKFILL_AUTO
2026-07-15 10:44:53,1784112293,BOOM600,5361.21,-1,0.006999999999607098,BACKFILL_AUTO
2026-07-15 10:44:54,1784112294,BOOM600,5361.2,-1,0.010000000000218279,BACKFILL_AUTO
2026-07-15 10:44:55,1784112295,BOOM600,5361.187,-1,0.012999999999919964,BACKFILL_AUTO
2026-07-15 10:44:56,1784112296,BOOM600,5361.181,-1,0.006000000000312866,BACKFILL_AUTO
2026-07-15 10:44:57,1784112297,BOOM600,5361.165,-1,0.01599999999962165,BACKFILL_AUTO
2026-07-15 10:44:58,1784112298,BOOM600,5361.147,-1,0.018000000000029104,BACKFILL_AUTO
2026-07-15 10:44:59,1784112299,BOOM600,5361.138,-1,0.009000000000014552,BACKFILL_AUTO
2026-07-15 10:45:00,1784112300,BOOM600,5361.137,-1,0.0010000000002037268,BACKFILL_AUTO
2026-07-15 10:45:01,1784112301,BOOM600,5361.124,-1,0.012999999999919964,BACKFILL_AUTO
2026-07-15 10:45:02,1784112302,BOOM600,5361.105,-1,0.01900000000023283,BACKFILL_AUTO
2026-07-15 10:45:03,1784112303,BOOM600,5361.104,-1,0.0009999999992942321,BACKFILL_AUTO
2026-07-15 10:45:04,1784112304,BOOM600,5361.102,-1,0.0020000000004074536,BACKFILL_AUTO
2026-07-15 10:45:05,1784112305,BOOM600,5361.1,-1,0.001999999999497959,BACKFILL_AUTO
2026-07-15 10:45:06,1784112306,BOOM600,5361.08,-1,0.020000000000436557,BACKFILL_AUTO
2026-07-15 10:45:07,1784112307,BOOM600,5361.076,-1,0.0039999999999054126,BACKFILL_AUTO
2026-07-15 10:45:08,1784112308,BOOM600,5361.073,-1,0.0029999999997016857,BACKFILL_AUTO
2026-07-15 10:45:09,1784112309,BOOM600,5361.06,-1,0.012999999999919964,BACKFILL_AUTO
2026-07-15 10:45:10,1784112310,BOOM600,5361.057,-1,0.0030000000006111804,BACKFILL_AUTO
2026-07-15 10:45:11,1784112311,BOOM600,5361.053,-1,0.0039999999999054126,BACKFILL_AUTO
2026-07-15 10:45:12,1784112312,BOOM600,5361.049,-1,0.0039999999999054126,BACKFILL_AUTO
2026-07-15 10:45:13,1784112313,BOOM600,5361.038,-1,0.011000000000422006,BACKFILL_AUTO
2026-07-15 10:45:14,1784112314,BOOM600,5361.028,-1,0.009999999999308784,BACKFILL_AUTO
2026-07-15 10:45:15,1784112315,BOOM600,5361.02,-1,0.007999999999810825,BACKFILL_AUTO
2026-07-15 10:45:16,1784112316,BOOM600,5361.015,-1,0.005000000000109139,BACKFILL_AUTO
2026-07-15 10:45:17,1784112317,BOOM600,5361.006,-1,0.009000000000014552,BACKFILL_AUTO
2026-07-15 10:45:18,1784112318,BOOM600,5361.003,-1,0.0030000000006111804,BACKFILL_AUTO
2026-07-15 10:45:19,1784112319,BOOM600,5360.987,-1,0.01599999999962165,BACKFILL_AUTO
2026-07-15 10:45:20,1784112320,BOOM600,5360.968,-1,0.01900000000023283,BACKFILL_AUTO
2026-07-15 10:45:21,1784112321,BOOM600,5360.96,-1,0.007999999999810825,BACKFILL_AUTO
2026-07-15 10:45:22,1784112322,BOOM600,5360.958,-1,0.0020000000004074536,BACKFILL_AUTO
2026-07-15 10:45:23,1784112323,BOOM600,5360.943,-1,0.014999999999417923,BACKFILL_AUTO
2026-07-15 10:45:24,1784112324,BOOM600,5360.936,-1,0.007000000000516593,BACKFILL_AUTO
2026-07-15 10:45:25,1784112325,BOOM600,5360.923,-1,0.012999999999919964,BACKFILL_AUTO
2026-07-15 10:45:26,1784112326,BOOM600,5360.904,-1,0.018999999999323336,BACKFILL_AUTO
2026-07-15 10:45:27,1784112327,BOOM600,5360.899,-1,0.005000000000109139,BACKFILL_AUTO
2026-07-15 10:45:28,1784112328,BOOM600,5360.876,-1,0.023000000000138243,BACKFILL_AUTO
2026-07-15 10:45:29,1784112329,BOOM600,5360.873,-1,0.0030000000006111804,BACKFILL_AUTO
2026-07-15 10:45:30,1784112330,BOOM600,5360.867,-1,0.0059999999994033715,BACKFILL_AUTO
2026-07-15 10:45:31,1784112331,BOOM600,5360.866,-1,0.0010000000002037268,BACKFILL_AUTO
2026-07-15 10:45:32,1784112332,BOOM600,5360.853,-1,0.012999999999919964,BACKFILL_AUTO
2026-07-15 10:45:33,1784112333,BOOM600,5360.842,-1,0.011000000000422006,BACKFILL_AUTO
2026-07-15 10:45:34,1784112334,BOOM600,5360.833,-1,0.009000000000014552,BACKFILL_AUTO
2026-07-15 10:45:35,1784112335,BOOM600,5360.819,-1,0.013999999999214197,BACKFILL_AUTO
2026-07-15 10:45:36,1784112336,BOOM600,5360.798,-1,0.021000000000640284,BACKFILL_AUTO
2026-07-15 10:45:37,1784112337,BOOM600,5360.782,-1,0.01599999999962165,BACKFILL_AUTO
2026-07-15 10:45:38,1784112338,BOOM600,5360.773,-1,0.009000000000014552,BACKFILL_AUTO
2026-07-15 10:45:39,1784112339,BOOM600,5360.747,-1,0.02599999999983993,BACKFILL_AUTO
2026-07-15 10:45:40,1784112340,BOOM600,5360.73,-1,0.01700000000073487,BACKFILL_AUTO
2026-07-15 10:45:41,1784112341,BOOM600,5360.723,-1,0.006999999999607098,BACKFILL_AUTO
2026-07-15 10:45:42,1784112342,BOOM600,5360.719,-1,0.0039999999999054126,BACKFILL_AUTO
2026-07-15 10:45:43,1784112343,BOOM600,5360.708,-1,0.011000000000422006,BACKFILL_AUTO
2026-07-15 10:45:44,1784112344,BOOM600,5360.686,-1,0.021999999999934516,BACKFILL_AUTO
2026-07-15 10:45:45,1784112345,BOOM600,5360.685,-1,0.0009999999992942321,BACKFILL_AUTO
2026-07-15 10:45:46,1784112346,BOOM600,5360.677,-1,0.00800000000072032,BACKFILL_AUTO
2026-07-15 10:45:47,1784112347,BOOM600,5360.67,-1,0.006999999999607098,BACKFILL_AUTO
2026-07-15 10:45:48,1784112348,BOOM600,5360.67,0,0.0,BACKFILL_AUTO
2026-07-15 10:45:49,1784112349,BOOM600,5360.654,-1,0.01599999999962165,BACKFILL_AUTO
2026-07-15 10:45:50,1784112350,BOOM600,5360.634,-1,0.020000000000436557,BACKFILL_AUTO
2026-07-15 10:45:51,1784112351,BOOM600,5360.632,-1,0.0020000000004074536,BACKFILL_AUTO
2026-07-15 10:45:52,1784112352,BOOM600,5360.632,0,0.0,BACKFILL_AUTO
2026-07-15 10:45:53,1784112353,BOOM600,5360.626,-1,0.0059999999994033715,BACKFILL_AUTO
2026-07-15 10:45:54,1784112354,BOOM600,5360.624,-1,0.0020000000004074536,BACKFILL_AUTO
2026-07-15 10:45:55,1784112355,BOOM600,5360.619,-1,0.005000000000109139,BACKFILL_AUTO
2026-07-15 10:45:56,1784112356,BOOM600,5360.611,-1,0.007999999999810825,BACKFILL_AUTO
2026-07-15 10:45:57,1784112357,BOOM600,5360.602,-1,0.009000000000014552,BACKFILL_AUTO
2026-07-15 10:45:58,1784112358,BOOM600,5360.589,-1,0.012999999999919964,BACKFILL_AUTO
2026-07-15 10:45:59,1784112359,BOOM600,5360.585,-1,0.0039999999999054126,BACKFILL_AUTO
2026-07-15 10:46:00,1784112360,BOOM600,5360.582,-1,0.0029999999997016857,BACKFILL_AUTO
2026-07-15 10:46:01,1784112361,BOOM600,5360.572,-1,0.010000000000218279,BACKFILL_AUTO
2026-07-15 10:46:02,1784112362,BOOM600,5360.571,-1,0.0010000000002037268,BACKFILL_AUTO
2026-07-15 10:46:03,1784112363,BOOM600,5360.565,-1,0.006000000000312866,BACKFILL_AUTO
2026-07-15 10:46:04,1784112364,BOOM600,5360.555,-1,0.009999999999308784,BACKFILL_AUTO
2026-07-15 10:46:05,1784112365,BOOM600,5360.55,-1,0.005000000000109139,BACKFILL_AUTO
2026-07-15 10:46:06,1784112366,BOOM600,5360.545,-1,0.005000000000109139,BACKFILL_AUTO
2026-07-15 10:46:07,1784112367,BOOM600,5360.538,-1,0.007000000000516593,BACKFILL_AUTO
2026-07-15 10:46:08,1784112368,BOOM600,5360.529,-1,0.008999999999105057,BACKFILL_AUTO
2026-07-15 10:46:09,1784112369,BOOM600,5360.522,-1,0.007000000000516593,BACKFILL_AUTO
2026-07-15 10:46:10,1784112370,BOOM600,5360.509,-1,0.012999999999919964,BACKFILL_AUTO
2026-07-15 10:46:11,1784112371,BOOM600,5360.502,-1,0.006999999999607098,BACKFILL_AUTO
2026-07-15 10:46:12,1784112372,BOOM600,5360.498,-1,0.004000000000814907,BACKFILL_AUTO
2026-07-15 10:46:13,1784112373,BOOM600,5360.489,-1,0.009000000000014552,BACKFILL_AUTO
2026-07-15 10:46:14,1784112374,BOOM600,5360.474,-1,0.014999999999417923,BACKFILL_AUTO
2026-07-15 10:46:15,1784112375,BOOM600,5360.466,-1,0.007999999999810825,BACKFILL_AUTO
2026-07-15 10:46:16,1784112376,BOOM600,5360.456,-1,0.010000000000218279,BACKFILL_AUTO
2026-07-15 10:46:17,1784112377,BOOM600,5360.451,-1,0.005000000000109139,BACKFILL_AUTO
2026-07-15 10:46:18,1784112378,BOOM600,5360.446,-1,0.005000000000109139,BACKFILL_AUTO
2026-07-15 10:46:19,1784112379,BOOM600,5360.435,-1,0.01099999999951251,BACKFILL_AUTO
2026-07-15 10:46:20,1784112380,BOOM600,5360.41,-1,0.025000000000545697,BACKFILL_AUTO
2026-07-15 10:46:21,1784112381,BOOM600,5360.403,-1,0.006999999999607098,BACKFILL_AUTO
2026-07-15 10:46:22,1784112382,BOOM600,5360.377,-1,0.02599999999983993,BACKFILL_AUTO
2026-07-15 10:46:23,1784112383,BOOM600,5360.364,-1,0.01300000000082946,BACKFILL_AUTO
2026-07-15 10:46:24,1784112384,BOOM600,5360.348,-1,0.01599999999962165,BACKFILL_AUTO
2026-07-15 10:46:25,1784112385,BOOM600,5360.34,-1,0.007999999999810825,BACKFILL_AUTO
2026-07-15 10:46:26,1784112386,BOOM600,5360.339,-1,0.0010000000002037268,BACKFILL_AUTO
2026-07-15 10:46:27,1784112387,BOOM600,5360.327,-1,0.011999999999716238,BACKFILL_AUTO
2026-07-15 10:46:28,1784112388,BOOM600,5360.313,-1,0.014000000000123691,BACKFILL_AUTO
2026-07-15 10:46:29,1784112389,BOOM600,5360.302,-1,0.011000000000422006,BACKFILL_AUTO
2026-07-15 10:46:30,1784112390,BOOM600,5360.302,0,0.0,BACKFILL_AUTO
2026-07-15 10:46:31,1784112391,BOOM600,5360.299,-1,0.0029999999997016857,BACKFILL_AUTO
2026-07-15 10:46:32,1784112392,BOOM600,5360.298,-1,0.0010000000002037268,BACKFILL_AUTO
2026-07-15 10:46:33,1784112393,BOOM600,5360.294,-1,0.0039999999999054126,BACKFILL_AUTO
2026-07-15 10:46:34,1784112394,BOOM600,5360.29,-1,0.0039999999999054126,BACKFILL_AUTO
2026-07-15 10:46:35,1784112395,BOOM600,5360.287,-1,0.0029999999997016857,BACKFILL_AUTO
2026-07-15 10:46:36,1784112396,BOOM600,5360.275,-1,0.012000000000625732,BACKFILL_AUTO
2026-07-15 10:46:37,1784112397,BOOM600,5360.272,-1,0.0029999999997016857,BACKFILL_AUTO
2026-07-15 10:46:38,1784112398,BOOM600,5360.267,-1,0.005000000000109139,BACKFILL_AUTO
2026-07-15 10:46:39,1784112399,BOOM600,5360.265,-1,0.001999999999497959,BACKFILL_AUTO
2026-07-15 10:46:40,1784112400,BOOM600,5360.249,-1,0.016000000000531145,BACKFILL_AUTO
2026-07-15 10:46:41,1784112401,BOOM600,5360.234,-1,0.014999999999417923,BACKFILL_AUTO
2026-07-15 10:46:42,1784112402,BOOM600,5360.22,-1,0.014000000000123691,BACKFILL_AUTO
2026-07-15 10:46:43,1784112403,BOOM600,5360.212,-1,0.007999999999810825,BACKFILL_AUTO
2026-07-15 10:46:44,1784112404,BOOM600,5360.211,-1,0.0010000000002037268,BACKFILL_AUTO
2026-07-15 10:46:45,1784112405,BOOM600,5360.206,-1,0.005000000000109139,BACKFILL_AUTO
2026-07-15 10:46:46,1784112406,BOOM600,5360.196,-1,0.010000000000218279,BACKFILL_AUTO
2026-07-15 10:46:47,1784112407,BOOM600,5360.19,-1,0.006000000000312866,BACKFILL_AUTO
2026-07-15 10:46:48,1784112408,BOOM600,5360.19,0,0.0,BACKFILL_AUTO
2026-07-15 10:46:49,1784112409,BOOM600,5360.187,-1,0.0029999999997016857,BACKFILL_AUTO
2026-07-15 10:46:50,1784112410,BOOM600,5360.168,-1,0.01900000000023283,BACKFILL_AUTO
2026-07-15 10:46:51,1784112411,BOOM600,5360.167,-1,0.0009999999992942321,BACKFILL_AUTO
2026-07-15 10:46:52,1784112412,BOOM600,5360.16,-1,0.007000000000516593,BACKFILL_AUTO
2026-07-15 10:46:53,1784112413,BOOM600,5360.15,-1,0.010000000000218279,BACKFILL_AUTO
2026-07-15 10:46:54,1784112414,BOOM600,5360.15,0,0.0,BACKFILL_AUTO
2026-07-15 10:46:55,1784112415,BOOM600,5360.14,-1,0.009999999999308784,BACKFILL_AUTO
2026-07-15 10:46:56,1784112416,BOOM600,5360.136,-1,0.0039999999999054126,BACKFILL_AUTO
2026-07-15 10:46:57,1784112417,BOOM600,5360.124,-1,0.012000000000625732,BACKFILL_AUTO
2026-07-15 10:46:58,1784112418,BOOM600,5360.12,-1,0.0039999999999054126,BACKFILL_AUTO
2026-07-15 10:46:59,1784112419,BOOM600,5360.108,-1,0.011999999999716238,BACKFILL_AUTO
2026-07-15 10:47:00,1784112420,BOOM600,5360.108,0,0.0,BACKFILL_AUTO
2026-07-15 10:47:01,1784112421,BOOM600,5360.106,-1,0.0020000000004074536,BACKFILL_AUTO
2026-07-15 10:47:02,1784112422,BOOM600,5360.073,-1,0.03299999999944703,BACKFILL_AUTO
2026-07-15 10:47:03,1784112423,BOOM600,5360.066,-1,0.007000000000516593,BACKFILL_AUTO
2026-07-15 10:47:04,1784112424,BOOM600,5360.057,-1,0.009000000000014552,BACKFILL_AUTO
2026-07-15 10:47:05,1784112425,BOOM600,5360.038,-1,0.01900000000023283,BACKFILL_AUTO
2026-07-15 10:47:06,1784112426,BOOM600,5360.032,-1,0.0059999999994033715,BACKFILL_AUTO
2026-07-15 10:47:07,1784112427,BOOM600,5360.03,-1,0.0020000000004074536,BACKFILL_AUTO
2026-07-15 10:47:08,1784112428,BOOM600,5360.019,-1,0.01099999999951251,BACKFILL_AUTO
2026-07-15 10:47:09,1784112429,BOOM600,5360.015,-1,0.0039999999999054126,BACKFILL_AUTO
2026-07-15 10:47:10,1784112430,BOOM600,5360.008,-1,0.007000000000516593,BACKFILL_AUTO
2026-07-15 10:47:11,1784112431,BOOM600,5359.994,-1,0.014000000000123691,BACKFILL_AUTO
2026-07-15 10:47:12,1784112432,BOOM600,5359.988,-1,0.0059999999994033715,BACKFILL_AUTO
2026-07-15 10:47:13,1784112433,BOOM600,5359.985,-1,0.0030000000006111804,BACKFILL_AUTO
2026-07-15 10:47:14,1784112434,BOOM600,5359.985,0,0.0,BACKFILL_AUTO
2026-07-15 10:47:15,1784112435,BOOM600,5359.973,-1,0.011999999999716238,BACKFILL_AUTO
2026-07-15 10:47:16,1784112436,BOOM600,5359.97,-1,0.0029999999997016857,BACKFILL_AUTO
2026-07-15 10:47:17,1784112437,BOOM600,5359.954,-1,0.016000000000531145,BACKFILL_AUTO
2026-07-15 10:47:18,1784112438,BOOM600,5359.946,-1,0.007999999999810825,BACKFILL_AUTO
2026-07-15 10:47:19,1784112439,BOOM600,5359.935,-1,0.01099999999951251,BACKFILL_AUTO
2026-07-15 10:47:20,1784112440,BOOM600,5359.919,-1,0.016000000000531145,BACKFILL_AUTO
2026-07-15 10:47:21,1784112441,BOOM600,5359.915,-1,0.0039999999999054126,BACKFILL_AUTO
2026-07-15 10:47:22,1784112442,BOOM600,5359.901,-1,0.014000000000123691,BACKFILL_AUTO
2026-07-15 10:47:23,1784112443,BOOM600,5359.897,-1,0.0039999999999054126,BACKFILL_AUTO
2026-07-15 10:47:24,1784112444,BOOM600,5359.897,0,0.0,BACKFILL_AUTO
2026-07-15 10:47:25,1784112445,BOOM600,5359.892,-1,0.005000000000109139,BACKFILL_AUTO
2026-07-15 10:47:26,1784112446,BOOM600,5359.882,-1,0.010000000000218279,BACKFILL_AUTO
2026-07-15 10:47:27,1784112447,BOOM600,5359.862,-1,0.019999999999527063,BACKFILL_AUTO
2026-07-15 10:47:28,1784112448,BOOM600,5359.859,-1,0.0029999999997016857,BACKFILL_AUTO
2026-07-15 10:47:29,1784112449,BOOM600,5359.846,-1,0.01300000000082946,BACKFILL_AUTO
2026-07-15 10:47:30,1784112450,BOOM600,5359.839,-1,0.006999999999607098,BACKFILL_AUTO
2026-07-15 10:47:31,1784112451,BOOM600,5359.828,-1,0.01099999999951251,BACKFILL_AUTO
2026-07-15 10:47:32,1784112452,BOOM600,5359.825,-1,0.0030000000006111804,BACKFILL_AUTO
2026-07-15 10:47:33,1784112453,BOOM600,5359.819,-1,0.0059999999994033715,BACKFILL_AUTO
2026-07-15 10:47:34,1784112454,BOOM600,5359.813,-1,0.006000000000312866,BACKFILL_AUTO
2026-07-15 10:47:35,1784112455,BOOM600,5359.802,-1,0.011000000000422006,BACKFILL_AUTO
2026-07-15 10:47:36,1784112456,BOOM600,5359.801,-1,0.0009999999992942321,BACKFILL_AUTO
2026-07-15 10:47:37,1784112457,BOOM600,5359.794,-1,0.007000000000516593,BACKFILL_AUTO
2026-07-15 10:47:38,1784112458,BOOM600,5359.779,-1,0.014999999999417923,BACKFILL_AUTO
2026-07-15 10:47:39,1784112459,BOOM600,5359.763,-1,0.016000000000531145,BACKFILL_AUTO
2026-07-15 10:47:40,1784112460,BOOM600,5359.753,-1,0.010000000000218279,BACKFILL_AUTO
2026-07-15 10:47:41,1784112461,BOOM600,5359.748,-1,0.005000000000109139,BACKFILL_AUTO
2026-07-15 10:47:42,1784112462,BOOM600,5359.74,-1,0.007999999999810825,BACKFILL_AUTO
2026-07-15 10:47:43,1784112463,BOOM600,5359.723,-1,0.016999999999825377,BACKFILL_AUTO
2026-07-15 10:47:44,1784112464,BOOM600,5359.717,-1,0.006000000000312866,BACKFILL_AUTO
2026-07-15 10:47:45,1784112465,BOOM600,5359.714,-1,0.0029999999997016857,BACKFILL_AUTO
2026-07-15 10:47:46,1784112466,BOOM600,5359.708,-1,0.006000000000312866,BACKFILL_AUTO
2026-07-15 10:47:47,1784112467,BOOM600,5359.698,-1,0.009999999999308784,BACKFILL_AUTO
2026-07-15 10:47:48,1784112468,BOOM600,5359.696,-1,0.0020000000004074536,BACKFILL_AUTO
2026-07-15 10:47:49,1784112469,BOOM600,5359.688,-1,0.007999999999810825,BACKFILL_AUTO
2026-07-15 10:47:50,1784112470,BOOM600,5359.679,-1,0.009000000000014552,BACKFILL_AUTO
2026-07-15 10:47:51,1784112471,BOOM600,5359.654,-1,0.024999999999636202,BACKFILL_AUTO
2026-07-15 10:47:52,1784112472,BOOM600,5359.651,-1,0.0030000000006111804,BACKFILL_AUTO
2026-07-15 10:47:53,1784112473,BOOM600,5359.646,-1,0.005000000000109139,BACKFILL_AUTO
2026-07-15 10:47:54,1784112474,BOOM600,5359.641,-1,0.005000000000109139,BACKFILL_AUTO
2026-07-15 10:47:55,1784112475,BOOM600,5359.64,-1,0.0009999999992942321,BACKFILL_AUTO
2026-07-15 10:47:56,1784112476,BOOM600,5359.638,-1,0.0020000000004074536,BACKFILL_AUTO
2026-07-15 10:47:57,1784112477,BOOM600,5359.623,-1,0.015000000000327418,BACKFILL_AUTO
2026-07-15 10:47:58,1784112478,BOOM600,5359.622,-1,0.0009999999992942321,BACKFILL_AUTO
2026-07-15 10:47:59,1784112479,BOOM600,5359.62,-1,0.0020000000004074536,BACKFILL_AUTO
2026-07-15 10:48:00,1784112480,BOOM600,5359.608,-1,0.011999999999716238,BACKFILL_AUTO
2026-07-15 10:48:01,1784112481,BOOM600,5359.608,0,0.0,BACKFILL_AUTO
2026-07-15 10:48:02,1784112482,BOOM600,5359.605,-1,0.0030000000006111804,BACKFILL_AUTO
2026-07-15 10:48:03,1784112483,BOOM600,5359.593,-1,0.011999999999716238,BACKFILL_AUTO
2026-07-15 10:48:04,1784112484,BOOM600,5359.578,-1,0.014999999999417923,BACKFILL_AUTO
2026-07-15 10:48:05,1784112485,BOOM600,5359.569,-1,0.009000000000014552,BACKFILL_AUTO
2026-07-15 10:48:06,1784112486,BOOM600,5359.557,-1,0.012000000000625732,BACKFILL_AUTO
2026-07-15 10:48:07,1784112487,BOOM600,5359.554,-1,0.0029999999997016857,BACKFILL_AUTO
2026-07-15 10:48:08,1784112488,BOOM600,5359.536,-1,0.018000000000029104,BACKFILL_AUTO
2026-07-15 10:48:09,1784112489,BOOM600,5359.526,-1,0.010000000000218279,BACKFILL_AUTO
2026-07-15 10:48:10,1784112490,BOOM600,5359.515,-1,0.01099999999951251,BACKFILL_AUTO
2026-07-15 10:48:11,1784112491,BOOM600,5359.501,-1,0.014000000000123691,BACKFILL_AUTO
2026-07-15 10:48:12,1784112492,BOOM600,5359.49,-1,0.011000000000422006,BACKFILL_AUTO
2026-07-15 10:48:13,1784112493,BOOM600,5359.471,-1,0.01900000000023283,BACKFILL_AUTO
2026-07-15 10:48:14,1784112494,BOOM600,5359.457,-1,0.013999999999214197,BACKFILL_AUTO
2026-07-15 10:48:15,1784112495,BOOM600,5359.456,-1,0.0010000000002037268,BACKFILL_AUTO
2026-07-15 10:48:16,1784112496,BOOM600,5359.436,-1,0.020000000000436557,BACKFILL_AUTO
2026-07-15 10:48:17,1784112497,BOOM600,5359.422,-1,0.014000000000123691,BACKFILL_AUTO
2026-07-15 10:48:18,1784112498,BOOM600,5359.409,-1,0.012999999999919964,BACKFILL_AUTO
2026-07-15 10:48:19,1784112499,BOOM600,5359.401,-1,0.007999999999810825,BACKFILL_AUTO
2026-07-15 10:48:20,1784112500,BOOM600,5359.397,-1,0.0039999999999054126,BACKFILL_AUTO
2026-07-15 10:48:21,1784112501,BOOM600,5359.395,-1,0.001999999999497959,BACKFILL_AUTO
2026-07-15 10:48:22,1784112502,BOOM600,5359.394,-1,0.0010000000002037268,BACKFILL_AUTO
2026-07-15 10:48:23,1784112503,BOOM600,5359.387,-1,0.007000000000516593,BACKFILL_AUTO
2026-07-15 10:48:24,1784112504,BOOM600,5359.366,-1,0.02099999999973079,BACKFILL_AUTO
2026-07-15 10:48:25,1784112505,BOOM600,5359.363,-1,0.0029999999997016857,BACKFILL_AUTO
2026-07-15 10:48:26,1784112506,BOOM600,5359.357,-1,0.006000000000312866,BACKFILL_AUTO
2026-07-15 10:48:27,1784112507,BOOM600,5359.347,-1,0.010000000000218279,BACKFILL_AUTO
2026-07-15 10:48:28,1784112508,BOOM600,5359.346,-1,0.0010000000002037268,BACKFILL_AUTO
2026-07-15 10:48:29,1784112509,BOOM600,5359.335,-1,0.01099999999951251,BACKFILL_AUTO
2026-07-15 10:48:30,1784112510,BOOM600,5359.329,-1,0.006000000000312866,BACKFILL_AUTO
2026-07-15 10:48:31,1784112511,BOOM600,5359.323,-1,0.0059999999994033715,BACKFILL_AUTO
2026-07-15 10:48:32,1784112512,BOOM600,5359.307,-1,0.016000000000531145,BACKFILL_AUTO
2026-07-15 10:48:33,1784112513,BOOM600,5359.301,-1,0.0059999999994033715,BACKFILL_AUTO
2026-07-15 10:48:34,1784112514,BOOM600,5359.297,-1,0.004000000000814907,BACKFILL_AUTO
2026-07-15 10:48:35,1784112515,BOOM600,5359.281,-1,0.01599999999962165,BACKFILL_AUTO
2026-07-15 10:48:36,1784112516,BOOM600,5359.266,-1,0.015000000000327418,BACKFILL_AUTO
2026-07-15 10:48:37,1784112517,BOOM600,5359.265,-1,0.0009999999992942321,BACKFILL_AUTO
2026-07-15 10:48:38,1784112518,BOOM600,5359.263,-1,0.0020000000004074536,BACKFILL_AUTO
2026-07-15 10:48:39,1784112519,BOOM600,5359.248,-1,0.015000000000327418,BACKFILL_AUTO
2026-07-15 10:48:40,1784112520,BOOM600,5359.247,-1,0.0009999999992942321,BACKFILL_AUTO
2026-07-15 10:48:41,1784112521,BOOM600,5359.236,-1,0.011000000000422006,BACKFILL_AUTO
2026-07-15 10:48:42,1784112522,BOOM600,5359.224,-1,0.011999999999716238,BACKFILL_AUTO
2026-07-15 10:48:43,1784112523,BOOM600,5359.215,-1,0.009000000000014552,BACKFILL_AUTO
2026-07-15 10:48:44,1784112524,BOOM600,5359.201,-1,0.014000000000123691,BACKFILL_AUTO
2026-07-15 10:48:45,1784112525,BOOM600,5359.184,-1,0.016999999999825377,BACKFILL_AUTO
2026-07-15 10:48:46,1784112526,BOOM600,5359.164,-1,0.020000000000436557,BACKFILL_AUTO
2026-07-15 10:48:47,1784112527,BOOM600,5359.163,-1,0.0010000000002037268,BACKFILL_AUTO
2026-07-15 10:48:48,1784112528,BOOM600,5359.159,-1,0.0039999999999054126,BACKFILL_AUTO
2026-07-15 10:48:49,1784112529,BOOM600,5359.139,-1,0.019999999999527063,BACKFILL_AUTO
2026-07-15 10:48:50,1784112530,BOOM600,5359.132,-1,0.007000000000516593,BACKFILL_AUTO
2026-07-15 10:48:51,1784112531,BOOM600,5359.122,-1,0.009999999999308784,BACKFILL_AUTO
2026-07-15 10:48:52,1784112532,BOOM600,5359.119,-1,0.0030000000006111804,BACKFILL_AUTO
2026-07-15 10:48:53,1784112533,BOOM600,5359.109,-1,0.009999999999308784,BACKFILL_AUTO
2026-07-15 10:48:54,1784112534,BOOM600,5359.097,-1,0.012000000000625732,BACKFILL_AUTO
2026-07-15 10:48:55,1784112535,BOOM600,5359.092,-1,0.005000000000109139,BACKFILL_AUTO
2026-07-15 10:48:56,1784112536,BOOM600,5359.088,-1,0.0039999999999054126,BACKFILL_AUTO
2026-07-15 10:48:57,1784112537,BOOM600,5359.083,-1,0.005000000000109139,BACKFILL_AUTO
2026-07-15 10:48:58,1784112538,BOOM600,5359.075,-1,0.007999999999810825,BACKFILL_AUTO
2026-07-15 10:48:59,1784112539,BOOM600,5359.059,-1,0.01599999999962165,BACKFILL_AUTO
2026-07-15 10:49:00,1784112540,BOOM600,5359.053,-1,0.006000000000312866,BACKFILL_AUTO
2026-07-15 10:49:01,1784112541,BOOM600,5359.049,-1,0.0039999999999054126,BACKFILL_AUTO
2026-07-15 10:49:02,1784112542,BOOM600,5359.04,-1,0.009000000000014552,BACKFILL_AUTO
2026-07-15 10:49:03,1784112543,BOOM600,5359.038,-1,0.0020000000004074536,BACKFILL_AUTO
2026-07-15 10:49:04,1784112544,BOOM600,5359.02,-1,0.01799999999911961,BACKFILL_AUTO
2026-07-15 10:49:05,1784112545,BOOM600,5359.015,-1,0.005000000000109139,BACKFILL_AUTO
2026-07-15 10:49:06,1784112546,BOOM600,5359.0,-1,0.015000000000327418,BACKFILL_AUTO
2026-07-15 10:49:07,1784112547,BOOM600,5358.998,-1,0.0020000000004074536,BACKFILL_AUTO
2026-07-15 10:49:08,1784112548,BOOM600,5358.994,-1,0.0039999999999054126,BACKFILL_AUTO
2026-07-15 10:49:09,1784112549,BOOM600,5358.973,-1,0.02099999999973079,BACKFILL_AUTO
2026-07-15 10:49:10,1784112550,BOOM600,5358.964,-1,0.009000000000014552,BACKFILL_AUTO
2026-07-15 10:49:11,1784112551,BOOM600,5358.962,-1,0.001999999999497959,BACKFILL_AUTO
2026-07-15 10:49:12,1784112552,BOOM600,5358.946,-1,0.016000000000531145,BACKFILL_AUTO
2026-07-15 10:49:13,1784112553,BOOM600,5358.928,-1,0.018000000000029104,BACKFILL_AUTO
2026-07-15 10:49:14,1784112554,BOOM600,5358.915,-1,0.012999999999919964,BACKFILL_AUTO
2026-07-15 10:49:15,1784112555,BOOM600,5358.914,-1,0.0010000000002037268,BACKFILL_AUTO
2026-07-15 10:49:16,1784112556,BOOM600,5358.903,-1,0.01099999999951251,BACKFILL_AUTO
2026-07-15 10:49:17,1784112557,BOOM600,5358.888,-1,0.015000000000327418,BACKFILL_AUTO
2026-07-15 10:49:18,1784112558,BOOM600,5358.884,-1,0.0039999999999054126,BACKFILL_AUTO
2026-07-15 10:49:19,1784112559,BOOM600,5358.874,-1,0.010000000000218279,BACKFILL_AUTO
2026-07-15 10:49:20,1784112560,BOOM600,5358.869,-1,0.005000000000109139,BACKFILL_AUTO
2026-07-15 10:49:21,1784112561,BOOM600,5358.868,-1,0.0009999999992942321,BACKFILL_AUTO
2026-07-15 10:49:22,1784112562,BOOM600,5358.855,-1,0.01300000000082946,BACKFILL_AUTO
2026-07-15 10:49:23,1784112563,BOOM600,5358.854,-1,0.0009999999992942321,BACKFILL_AUTO
2026-07-15 10:49:24,1784112564,BOOM600,5358.849,-1,0.005000000000109139,BACKFILL_AUTO
2026-07-15 10:49:25,1784112565,BOOM600,5358.843,-1,0.006000000000312866,BACKFILL_AUTO
2026-07-15 10:49:26,1784112566,BOOM600,5358.831,-1,0.011999999999716238,BACKFILL_AUTO
2026-07-15 10:49:27,1784112567,BOOM600,5358.825,-1,0.006000000000312866,BACKFILL_AUTO
2026-07-15 10:49:28,1784112568,BOOM600,5358.821,-1,0.0039999999999054126,BACKFILL_AUTO
2026-07-15 10:49:29,1784112569,BOOM600,5358.804,-1,0.016999999999825377,BACKFILL_AUTO
2026-07-15 10:49:30,1784112570,BOOM600,5358.794,-1,0.010000000000218279,BACKFILL_AUTO
2026-07-15 10:49:31,1784112571,BOOM600,5358.781,-1,0.012999999999919964,BACKFILL_AUTO
2026-07-15 10:49:32,1784112572,BOOM600,5358.751,-1,0.02999999999974534,BACKFILL_AUTO
2026-07-15 10:49:33,1784112573,BOOM600,5358.742,-1,0.009000000000014552,BACKFILL_AUTO
2026-07-15 10:49:34,1784112574,BOOM600,5358.729,-1,0.012999999999919964,BACKFILL_AUTO
2026-07-15 10:49:35,1784112575,BOOM600,5358.727,-1,0.0020000000004074536,BACKFILL_AUTO
2026-07-15 10:49:36,1784112576,BOOM600,5358.716,-1,0.01099999999951251,BACKFILL_AUTO
2026-07-15 10:49:37,1784112577,BOOM600,5358.706,-1,0.010000000000218279,BACKFILL_AUTO
2026-07-15 10:49:38,1784112578,BOOM600,5358.7,-1,0.006000000000312866,BACKFILL_AUTO
2026-07-15 10:49:39,1784112579,BOOM600,5358.698,-1,0.001999999999497959,BACKFILL_AUTO
2026-07-15 10:49:40,1784112580,BOOM600,5358.695,-1,0.0030000000006111804,BACKFILL_AUTO
2026-07-15 10:49:41,1784112581,BOOM600,5358.693,-1,0.001999999999497959,BACKFILL_AUTO
2026-07-15 10:49:42,1784112582,BOOM600,5358.692,-1,0.0010000000002037268,BACKFILL_AUTO
2026-07-15 10:49:43,1784112583,BOOM600,5358.687,-1,0.005000000000109139,BACKFILL_AUTO
2026-07-15 10:49:44,1784112584,BOOM600,5358.685,-1,0.001999999999497959,BACKFILL_AUTO
2026-07-15 10:49:45,1784112585,BOOM600,5358.671,-1,0.014000000000123691,BACKFILL_AUTO
2026-07-15 10:49:46,1784112586,BOOM600,5358.661,-1,0.010000000000218279,BACKFILL_AUTO
2026-07-15 10:49:47,1784112587,BOOM600,5358.641,-1,0.020000000000436557,BACKFILL_AUTO
2026-07-15 10:49:48,1784112588,BOOM600,5358.636,-1,0.004999999999199645,BACKFILL_AUTO
2026-07-15 10:49:49,1784112589,BOOM600,5358.63,-1,0.006000000000312866,BACKFILL_AUTO
2026-07-15 10:49:50,1784112590,BOOM600,5358.628,-1,0.0020000000004074536,BACKFILL_AUTO
2026-07-15 10:49:51,1784112591,BOOM600,5358.627,-1,0.0009999999992942321,BACKFILL_AUTO
2026-07-15 10:49:52,1784112592,BOOM600,5358.623,-1,0.004000000000814907,BACKFILL_AUTO
2026-07-15 10:49:53,1784112593,BOOM600,5358.599,-1,0.023999999999432475,BACKFILL_AUTO
2026-07-15 10:49:54,1784112594,BOOM600,5358.589,-1,0.010000000000218279,BACKFILL_AUTO
2026-07-15 10:49:55,1784112595,BOOM600,5358.578,-1,0.01099999999951251,BACKFILL_AUTO
2026-07-15 10:49:56,1784112596,BOOM600,5358.575,-1,0.0030000000006111804,BACKFILL_AUTO
2026-07-15 10:49:57,1784112597,BOOM600,5358.565,-1,0.010000000000218279,BACKFILL_AUTO
2026-07-15 10:49:58,1784112598,BOOM600,5358.564,-1,0.0009999999992942321,BACKFILL_AUTO
2026-07-15 10:49:59,1784112599,BOOM600,5358.564,0,0.0,BACKFILL_AUTO
2026-07-15 10:50:00,1784112600,BOOM600,5358.551,-1,0.012999999999919964,BACKFILL_AUTO
2026-07-15 10:50:01,1784112601,BOOM600,5358.548,-1,0.0030000000006111804,BACKFILL_AUTO
2026-07-15 10:50:02,1784112602,BOOM600,5358.531,-1,0.016999999999825377,BACKFILL_AUTO
2026-07-15 10:50:03,1784112603,BOOM600,5358.518,-1,0.012999999999919964,BACKFILL_AUTO
2026-07-15 10:50:04,1784112604,BOOM600,5358.504,-1,0.014000000000123691,BACKFILL_AUTO
2026-07-15 10:50:05,1784112605,BOOM600,5358.482,-1,0.021999999999934516,BACKFILL_AUTO
2026-07-15 10:50:06,1784112606,BOOM600,5358.469,-1,0.012999999999919964,BACKFILL_AUTO
2026-07-15 10:50:07,1784112607,BOOM600,5358.464,-1,0.005000000000109139,BACKFILL_AUTO
2026-07-15 10:50:08,1784112608,BOOM600,5358.452,-1,0.011999999999716238,BACKFILL_AUTO
2026-07-15 10:50:09,1784112609,BOOM600,5358.431,-1,0.021000000000640284,BACKFILL_AUTO
2026-07-15 10:50:10,1784112610,BOOM600,5358.429,-1,0.001999999999497959,BACKFILL_AUTO
2026-07-15 10:50:11,1784112611,BOOM600,5358.416,-1,0.012999999999919964,BACKFILL_AUTO
2026-07-15 10:50:12,1784112612,BOOM600,5358.405,-1,0.011000000000422006,BACKFILL_AUTO
2026-07-15 10:50:13,1784112613,BOOM600,5358.398,-1,0.006999999999607098,BACKFILL_AUTO
2026-07-15 10:50:14,1784112614,BOOM600,5358.389,-1,0.009000000000014552,BACKFILL_AUTO
2026-07-15 10:50:15,1784112615,BOOM600,5358.377,-1,0.011999999999716238,BACKFILL_AUTO
2026-07-15 10:50:16,1784112616,BOOM600,5358.372,-1,0.005000000000109139,BACKFILL_AUTO
2026-07-15 10:50:17,1784112617,BOOM600,5358.37,-1,0.0020000000004074536,BACKFILL_AUTO
2026-07-15 10:50:18,1784112618,BOOM600,5358.358,-1,0.011999999999716238,BACKFILL_AUTO
2026-07-15 10:50:19,1784112619,BOOM600,5365.092,1,6.733999999999469,BACKFILL_AUTO
2026-07-15 10:50:20,1784112620,BOOM600,5365.076,-1,0.01599999999962165,BACKFILL_AUTO
2026-07-15 10:50:21,1784112621,BOOM600,5365.073,-1,0.0029999999997016857,BACKFILL_AUTO
2026-07-15 10:50:22,1784112622,BOOM600,5365.066,-1,0.007000000000516593,BACKFILL_AUTO
2026-07-15 10:50:23,1784112623,BOOM600,5365.064,-1,0.001999999999497959,BACKFILL_AUTO
2026-07-15 10:50:24,1784112624,BOOM600,5365.056,-1,0.00800000000072032,BACKFILL_AUTO
2026-07-15 10:50:25,1784112625,BOOM600,5365.053,-1,0.0029999999997016857,BACKFILL_AUTO
2026-07-15 10:50:26,1784112626,BOOM600,5365.052,-1,0.0010000000002037268,BACKFILL_AUTO
2026-07-15 10:50:27,1784112627,BOOM600,5365.044,-1,0.007999999999810825,BACKFILL_AUTO
2026-07-15 10:50:28,1784112628,BOOM600,5365.033,-1,0.01099999999951251,BACKFILL_AUTO
2026-07-15 10:50:29,1784112629,BOOM600,5365.019,-1,0.014000000000123691,BACKFILL_AUTO
2026-07-15 10:50:30,1784112630,BOOM600,5365.015,-1,0.0039999999999054126,BACKFILL_AUTO
2026-07-15 10:50:31,1784112631,BOOM600,5365.006,-1,0.009000000000014552,BACKFILL_AUTO
2026-07-15 10:50:32,1784112632,BOOM600,5365.004,-1,0.0020000000004074536,BACKFILL_AUTO
2026-07-15 10:50:33,1784112633,BOOM600,5365.002,-1,0.001999999999497959,BACKFILL_AUTO
2026-07-15 10:50:34,1784112634,BOOM600,5364.984,-1,0.018000000000029104,BACKFILL_AUTO
2026-07-15 10:50:35,1784112635,BOOM600,5364.975,-1,0.009000000000014552,BACKFILL_AUTO
2026-07-15 10:50:36,1784112636,BOOM600,5364.962,-1,0.012999999999919964,BACKFILL_AUTO
2026-07-15 10:50:37,1784112637,BOOM600,5364.95,-1,0.012000000000625732,BACKFILL_AUTO
2026-07-15 10:50:38,1784112638,BOOM600,5364.928,-1,0.021999999999934516,BACKFILL_AUTO
2026-07-15 10:50:39,1784112639,BOOM600,5364.918,-1,0.010000000000218279,BACKFILL_AUTO
2026-07-15 10:50:40,1784112640,BOOM600,5364.909,-1,0.009000000000014552,BACKFILL_AUTO
2026-07-15 10:50:41,1784112641,BOOM600,5364.906,-1,0.0029999999997016857,BACKFILL_AUTO
2026-07-15 10:50:42,1784112642,BOOM600,5364.894,-1,0.011999999999716238,BACKFILL_AUTO
2026-07-15 10:50:43,1784112643,BOOM600,5364.89,-1,0.0039999999999054126,BACKFILL_AUTO
2026-07-15 10:50:44,1784112644,BOOM600,5364.874,-1,0.016000000000531145,BACKFILL_AUTO
2026-07-15 10:50:45,1784112645,BOOM600,5364.865,-1,0.009000000000014552,BACKFILL_AUTO
2026-07-15 10:50:46,1784112646,BOOM600,5364.86,-1,0.005000000000109139,BACKFILL_AUTO
2026-07-15 10:50:47,1784112647,BOOM600,5364.85,-1,0.009999999999308784,BACKFILL_AUTO
2026-07-15 10:50:48,1784112648,BOOM600,5364.833,-1,0.01700000000073487,BACKFILL_AUTO
2026-07-15 10:50:49,1784112649,BOOM600,5364.826,-1,0.006999999999607098,BACKFILL_AUTO
2026-07-15 10:50:50,1784112650,BOOM600,5364.825,-1,0.0010000000002037268,BACKFILL_AUTO
2026-07-15 10:50:51,1784112651,BOOM600,5364.809,-1,0.01599999999962165,BACKFILL_AUTO
2026-07-15 10:50:52,1784112652,BOOM600,5364.8,-1,0.009000000000014552,BACKFILL_AUTO
2026-07-15 10:50:53,1784112653,BOOM600,5364.797,-1,0.0030000000006111804,BACKFILL_AUTO
2026-07-15 10:50:54,1784112654,BOOM600,5364.785,-1,0.011999999999716238,BACKFILL_AUTO
2026-07-15 10:50:55,1784112655,BOOM600,5364.768,-1,0.016999999999825377,BACKFILL_AUTO
2026-07-15 10:50:56,1784112656,BOOM600,5364.767,-1,0.0010000000002037268,BACKFILL_AUTO
2026-07-15 10:50:57,1784112657,BOOM600,5364.73,-1,0.037000000000261934,BACKFILL_AUTO
2026-07-15 10:50:58,1784112658,BOOM600,5364.728,-1,0.001999999999497959,BACKFILL_AUTO
2026-07-15 10:50:59,1784112659,BOOM600,5364.716,-1,0.011999999999716238,BACKFILL_AUTO
2026-07-15 10:51:00,1784112660,BOOM600,5364.694,-1,0.021999999999934516,BACKFILL_AUTO
2026-07-15 10:51:01,1784112661,BOOM600,5364.688,-1,0.006000000000312866,BACKFILL_AUTO
2026-07-15 10:51:02,1784112662,BOOM600,5364.68,-1,0.007999999999810825,BACKFILL_AUTO
2026-07-15 10:51:03,1784112663,BOOM600,5364.661,-1,0.01900000000023283,BACKFILL_AUTO
2026-07-15 10:51:04,1784112664,BOOM600,5364.66,-1,0.0010000000002037268,BACKFILL_AUTO
2026-07-15 10:51:05,1784112665,BOOM600,5364.654,-1,0.0059999999994033715,BACKFILL_AUTO
2026-07-15 10:51:06,1784112666,BOOM600,5364.646,-1,0.00800000000072032,BACKFILL_AUTO
2026-07-15 10:51:07,1784112667,BOOM600,5364.637,-1,0.009000000000014552,BACKFILL_AUTO
2026-07-15 10:51:08,1784112668,BOOM600,5364.635,-1,0.001999999999497959,BACKFILL_AUTO
2026-07-15 10:51:09,1784112669,BOOM600,5364.614,-1,0.021000000000640284,BACKFILL_AUTO
2026-07-15 10:51:10,1784112670,BOOM600,5364.608,-1,0.0059999999994033715,BACKFILL_AUTO
2026-07-15 10:51:11,1784112671,BOOM600,5364.598,-1,0.010000000000218279,BACKFILL_AUTO
2026-07-15 10:51:12,1784112672,BOOM600,5364.583,-1,0.015000000000327418,BACKFILL_AUTO
2026-07-15 10:51:13,1784112673,BOOM600,5364.581,-1,0.001999999999497959,BACKFILL_AUTO
2026-07-15 10:51:14,1784112674,BOOM600,5364.561,-1,0.020000000000436557,BACKFILL_AUTO
2026-07-15 10:51:15,1784112675,BOOM600,5364.554,-1,0.006999999999607098,BACKFILL_AUTO
2026-07-15 10:51:16,1784112676,BOOM600,5364.536,-1,0.018000000000029104,BACKFILL_AUTO
2026-07-15 10:51:17,1784112677,BOOM600,5364.535,-1,0.0010000000002037268,BACKFILL_AUTO
2026-07-15 10:51:18,1784112678,BOOM600,5364.533,-1,0.001999999999497959,BACKFILL_AUTO
2026-07-15 10:51:19,1784112679,BOOM600,5364.531,-1,0.0020000000004074536,BACKFILL_AUTO
2026-07-15 10:51:20,1784112680,BOOM600,5364.516,-1,0.015000000000327418,BACKFILL_AUTO
2026-07-15 10:51:21,1784112681,BOOM600,5364.49,-1,0.02599999999983993,BACKFILL_AUTO
2026-07-15 10:51:22,1784112682,BOOM600,5364.479,-1,0.01099999999951251,BACKFILL_AUTO
2026-07-15 10:51:23,1784112683,BOOM600,5364.476,-1,0.0030000000006111804,BACKFILL_AUTO
2026-07-15 10:51:24,1784112684,BOOM600,5364.468,-1,0.007999999999810825,BACKFILL_AUTO
2026-07-15 10:51:25,1784112685,BOOM600,5364.464,-1,0.0039999999999054126,BACKFILL_AUTO
2026-07-15 10:51:26,1784112686,BOOM600,5364.453,-1,0.01099999999951251,BACKFILL_AUTO
2026-07-15 10:51:27,1784112687,BOOM600,5364.44,-1,0.01300000000082946,BACKFILL_AUTO
2026-07-15 10:51:28,1784112688,BOOM600,5364.436,-1,0.0039999999999054126,BACKFILL_AUTO
2026-07-15 10:51:29,1784112689,BOOM600,5364.435,-1,0.0009999999992942321,BACKFILL_AUTO
2026-07-15 10:51:30,1784112690,BOOM600,5364.43,-1,0.005000000000109139,BACKFILL_AUTO
2026-07-15 10:51:31,1784112691,BOOM600,5364.411,-1,0.01900000000023283,BACKFILL_AUTO
2026-07-15 10:51:32,1784112692,BOOM600,5364.406,-1,0.005000000000109139,BACKFILL_AUTO
2026-07-15 10:51:33,1784112693,BOOM600,5364.395,-1,0.01099999999951251,BACKFILL_AUTO
2026-07-15 10:51:34,1784112694,BOOM600,5364.395,0,0.0,BACKFILL_AUTO
2026-07-15 10:51:35,1784112695,BOOM600,5364.384,-1,0.011000000000422006,BACKFILL_AUTO
2026-07-15 10:51:36,1784112696,BOOM600,5364.383,-1,0.0010000000002037268,BACKFILL_AUTO
2026-07-15 10:51:37,1784112697,BOOM600,5364.38,-1,0.0029999999997016857,BACKFILL_AUTO
2026-07-15 10:51:38,1784112698,BOOM600,5364.365,-1,0.015000000000327418,BACKFILL_AUTO
2026-07-15 10:51:39,1784112699,BOOM600,5364.362,-1,0.0029999999997016857,BACKFILL_AUTO
2026-07-15 10:51:40,1784112700,BOOM600,5364.347,-1,0.015000000000327418,BACKFILL_AUTO
2026-07-15 10:51:41,1784112701,BOOM600,5364.342,-1,0.005000000000109139,BACKFILL_AUTO
2026-07-15 10:51:42,1784112702,BOOM600,5364.336,-1,0.0059999999994033715,BACKFILL_AUTO
2026-07-15 10:51:43,1784112703,BOOM600,5364.328,-1,0.007999999999810825,BACKFILL_AUTO
2026-07-15 10:51:44,1784112704,BOOM600,5364.32,-1,0.00800000000072032,BACKFILL_AUTO
2026-07-15 10:51:45,1784112705,BOOM600,5364.316,-1,0.0039999999999054126,BACKFILL_AUTO
2026-07-15 10:51:46,1784112706,BOOM600,5364.3,-1,0.01599999999962165,BACKFILL_AUTO
2026-07-15 10:51:47,1784112707,BOOM600,5364.288,-1,0.012000000000625732,BACKFILL_AUTO
2026-07-15 10:51:48,1784112708,BOOM600,5364.28,-1,0.007999999999810825,BACKFILL_AUTO
2026-07-15 10:51:49,1784112709,BOOM600,5364.271,-1,0.009000000000014552,BACKFILL_AUTO
2026-07-15 10:51:50,1784112710,BOOM600,5364.261,-1,0.009999999999308784,BACKFILL_AUTO
2026-07-15 10:51:51,1784112711,BOOM600,5364.256,-1,0.005000000000109139,BACKFILL_AUTO
2026-07-15 10:51:52,1784112712,BOOM600,5364.249,-1,0.007000000000516593,BACKFILL_AUTO
2026-07-15 10:51:53,1784112713,BOOM600,5364.245,-1,0.0039999999999054126,BACKFILL_AUTO
2026-07-15 10:51:54,1784112714,BOOM600,5364.242,-1,0.0029999999997016857,BACKFILL_AUTO
2026-07-15 10:51:55,1784112715,BOOM600,5364.237,-1,0.005000000000109139,BACKFILL_AUTO
2026-07-15 10:51:56,1784112716,BOOM600,5364.229,-1,0.007999999999810825,BACKFILL_AUTO
2026-07-15 10:51:57,1784112717,BOOM600,5364.226,-1,0.0030000000006111804,BACKFILL_AUTO
2026-07-15 10:51:58,1784112718,BOOM600,5364.225,-1,0.0009999999992942321,BACKFILL_AUTO
2026-07-15 10:51:59,1784112719,BOOM600,5364.215,-1,0.010000000000218279,BACKFILL_AUTO
2026-07-15 10:52:00,1784112720,BOOM600,5364.2,-1,0.015000000000327418,BACKFILL_AUTO
2026-07-15 10:52:01,1784112721,BOOM600,5364.197,-1,0.0029999999997016857,BACKFILL_AUTO
2026-07-15 10:52:02,1784112722,BOOM600,5364.19,-1,0.007000000000516593,BACKFILL_AUTO
2026-07-15 10:52:03,1784112723,BOOM600,5364.186,-1,0.0039999999999054126,BACKFILL_AUTO
2026-07-15 10:52:04,1784112724,BOOM600,5364.157,-1,0.028999999999541615,BACKFILL_AUTO
2026-07-15 10:52:05,1784112725,BOOM600,5364.155,-1,0.0020000000004074536,BACKFILL_AUTO
2026-07-15 10:52:06,1784112726,BOOM600,5364.138,-1,0.016999999999825377,BACKFILL_AUTO
2026-07-15 10:52:07,1784112727,BOOM600,5364.128,-1,0.010000000000218279,BACKFILL_AUTO
2026-07-15 10:52:08,1784112728,BOOM600,5364.121,-1,0.006999999999607098,BACKFILL_AUTO
2026-07-15 10:52:09,1784112729,BOOM600,5364.104,-1,0.016999999999825377,BACKFILL_AUTO
2026-07-15 10:52:10,1784112730,BOOM600,5364.103,-1,0.0010000000002037268,BACKFILL_AUTO
2026-07-15 10:52:11,1784112731,BOOM600,5364.079,-1,0.02400000000034197,BACKFILL_AUTO
2026-07-15 10:52:12,1784112732,BOOM600,5364.072,-1,0.006999999999607098,BACKFILL_AUTO
2026-07-15 10:52:13,1784112733,BOOM600,5364.071,-1,0.0010000000002037268,BACKFILL_AUTO
2026-07-15 10:52:14,1784112734,BOOM600,5364.047,-1,0.02400000000034197,BACKFILL_AUTO
2026-07-15 10:52:15,1784112735,BOOM600,5364.039,-1,0.007999999999810825,BACKFILL_AUTO
2026-07-15 10:52:16,1784112736,BOOM600,5364.029,-1,0.009999999999308784,BACKFILL_AUTO
2026-07-15 10:52:17,1784112737,BOOM600,5364.017,-1,0.012000000000625732,BACKFILL_AUTO
2026-07-15 10:52:18,1784112738,BOOM600,5364.002,-1,0.014999999999417923,BACKFILL_AUTO
2026-07-15 10:52:19,1784112739,BOOM600,5364.0,-1,0.0020000000004074536,BACKFILL_AUTO
2026-07-15 10:52:20,1784112740,BOOM600,5363.989,-1,0.011000000000422006,BACKFILL_AUTO
2026-07-15 10:52:21,1784112741,BOOM600,5363.979,-1,0.009999999999308784,BACKFILL_AUTO
2026-07-15 10:52:22,1784112742,BOOM600,5363.969,-1,0.010000000000218279,BACKFILL_AUTO
2026-07-15 10:52:23,1784112743,BOOM600,5363.951,-1,0.018000000000029104,BACKFILL_AUTO
2026-07-15 10:52:24,1784112744,BOOM600,5363.947,-1,0.0039999999999054126,BACKFILL_AUTO
2026-07-15 10:52:25,1784112745,BOOM600,5363.927,-1,0.020000000000436557,BACKFILL_AUTO
2026-07-15 10:52:26,1784112746,BOOM600,5363.918,-1,0.009000000000014552,BACKFILL_AUTO
2026-07-15 10:52:27,1784112747,BOOM600,5363.901,-1,0.016999999999825377,BACKFILL_AUTO
2026-07-15 10:52:28,1784112748,BOOM600,5363.888,-1,0.012999999999919964,BACKFILL_AUTO
2026-07-15 10:52:29,1784112749,BOOM600,5363.88,-1,0.007999999999810825,BACKFILL_AUTO
2026-07-15 10:52:30,1784112750,BOOM600,5363.874,-1,0.006000000000312866,BACKFILL_AUTO
2026-07-15 10:52:31,1784112751,BOOM600,5363.866,-1,0.007999999999810825,BACKFILL_AUTO
2026-07-15 10:52:32,1784112752,BOOM600,5363.862,-1,0.0039999999999054126,BACKFILL_AUTO
2026-07-15 10:52:33,1784112753,BOOM600,5363.853,-1,0.009000000000014552,BACKFILL_AUTO
2026-07-15 10:52:34,1784112754,BOOM600,5363.84,-1,0.012999999999919964,BACKFILL_AUTO
2026-07-15 10:52:35,1784112755,BOOM600,5363.819,-1,0.02099999999973079,BACKFILL_AUTO
2026-07-15 10:52:36,1784112756,BOOM600,5363.806,-1,0.01300000000082946,BACKFILL_AUTO
2026-07-15 10:52:37,1784112757,BOOM600,5363.788,-1,0.018000000000029104,BACKFILL_AUTO
2026-07-15 10:52:38,1784112758,BOOM600,5363.786,-1,0.001999999999497959,BACKFILL_AUTO
2026-07-15 10:52:39,1784112759,BOOM600,5363.784,-1,0.0020000000004074536,BACKFILL_AUTO
2026-07-15 10:52:40,1784112760,BOOM600,5363.776,-1,0.007999999999810825,BACKFILL_AUTO
2026-07-15 10:52:41,1784112761,BOOM600,5363.772,-1,0.0039999999999054126,BACKFILL_AUTO
2026-07-15 10:52:42,1784112762,BOOM600,5363.766,-1,0.006000000000312866,BACKFILL_AUTO
2026-07-15 10:52:43,1784112763,BOOM600,5363.765,-1,0.0009999999992942321,BACKFILL_AUTO
2026-07-15 10:52:44,1784112764,BOOM600,5363.753,-1,0.012000000000625732,BACKFILL_AUTO
2026-07-15 10:52:45,1784112765,BOOM600,5363.739,-1,0.014000000000123691,BACKFILL_AUTO
2026-07-15 10:52:46,1784112766,BOOM600,5363.736,-1,0.0029999999997016857,BACKFILL_AUTO
2026-07-15 10:52:47,1784112767,BOOM600,5363.733,-1,0.0029999999997016857,BACKFILL_AUTO
2026-07-15 10:52:48,1784112768,BOOM600,5363.727,-1,0.006000000000312866,BACKFILL_AUTO
2026-07-15 10:52:49,1784112769,BOOM600,5363.727,0,0.0,BACKFILL_AUTO
2026-07-15 10:52:50,1784112770,BOOM600,5363.719,-1,0.007999999999810825,BACKFILL_AUTO
2026-07-15 10:52:51,1784112771,BOOM600,5363.699,-1,0.020000000000436557,BACKFILL_AUTO
2026-07-15 10:52:52,1784112772,BOOM600,5363.696,-1,0.0029999999997016857,BACKFILL_AUTO
2026-07-15 10:52:53,1784112773,BOOM600,5363.695,-1,0.0010000000002037268,BACKFILL_AUTO
2026-07-15 10:52:54,1784112774,BOOM600,5363.684,-1,0.01099999999951251,BACKFILL_AUTO
2026-07-15 10:52:55,1784112775,BOOM600,5363.675,-1,0.009000000000014552,BACKFILL_AUTO
2026-07-15 10:52:56,1784112776,BOOM600,5363.672,-1,0.0030000000006111804,BACKFILL_AUTO
2026-07-15 10:52:57,1784112777,BOOM600,5363.659,-1,0.012999999999919964,BACKFILL_AUTO
2026-07-15 10:52:58,1784112778,BOOM600,5363.644,-1,0.014999999999417923,BACKFILL_AUTO
2026-07-15 10:52:59,1784112779,BOOM600,5363.634,-1,0.010000000000218279,BACKFILL_AUTO
2026-07-15 10:53:00,1784112780,BOOM600,5363.627,-1,0.006999999999607098,BACKFILL_AUTO
2026-07-15 10:53:01,1784112781,BOOM600,5363.616,-1,0.011000000000422006,BACKFILL_AUTO
2026-07-15 10:53:02,1784112782,BOOM600,5363.611,-1,0.005000000000109139,BACKFILL_AUTO
2026-07-15 10:53:03,1784112783,BOOM600,5363.606,-1,0.005000000000109139,BACKFILL_AUTO
2026-07-15 10:53:04,1784112784,BOOM600,5363.599,-1,0.006999999999607098,BACKFILL_AUTO
2026-07-15 10:53:05,1784112785,BOOM600,5363.593,-1,0.006000000000312866,BACKFILL_AUTO
2026-07-15 10:53:06,1784112786,BOOM600,5363.587,-1,0.0059999999994033715,BACKFILL_AUTO
2026-07-15 10:53:07,1784112787,BOOM600,5363.573,-1,0.014000000000123691,BACKFILL_AUTO
2026-07-15 10:53:08,1784112788,BOOM600,5363.572,-1,0.0010000000002037268,BACKFILL_AUTO
2026-07-15 10:53:09,1784112789,BOOM600,5363.562,-1,0.010000000000218279,BACKFILL_AUTO
2026-07-15 10:53:10,1784112790,BOOM600,5363.549,-1,0.012999999999919964,BACKFILL_AUTO
2026-07-15 10:53:11,1784112791,BOOM600,5363.548,-1,0.0010000000002037268,BACKFILL_AUTO
2026-07-15 10:53:12,1784112792,BOOM600,5363.545,-1,0.0029999999997016857,BACKFILL_AUTO
2026-07-15 10:53:13,1784112793,BOOM600,5363.536,-1,0.009000000000014552,BACKFILL_AUTO
2026-07-15 10:53:14,1784112794,BOOM600,5363.53,-1,0.006000000000312866,BACKFILL_AUTO
2026-07-15 10:53:15,1784112795,BOOM600,5363.518,-1,0.011999999999716238,BACKFILL_AUTO
2026-07-15 10:53:16,1784112796,BOOM600,5363.514,-1,0.0039999999999054126,BACKFILL_AUTO
2026-07-15 10:53:17,1784112797,BOOM600,5363.5,-1,0.014000000000123691,BACKFILL_AUTO
2026-07-15 10:53:18,1784112798,BOOM600,5363.497,-1,0.0029999999997016857,BACKFILL_AUTO
2026-07-15 10:53:19,1784112799,BOOM600,5363.493,-1,0.0039999999999054126,BACKFILL_AUTO
2026-07-15 10:53:20,1784112800,BOOM600,5363.489,-1,0.004000000000814907,BACKFILL_AUTO
2026-07-15 10:53:21,1784112801,BOOM600,5363.481,-1,0.007999999999810825,BACKFILL_AUTO
2026-07-15 10:53:22,1784112802,BOOM600,5363.468,-1,0.012999999999919964,BACKFILL_AUTO
2026-07-15 10:53:23,1784112803,BOOM600,5363.453,-1,0.014999999999417923,BACKFILL_AUTO
2026-07-15 10:53:24,1784112804,BOOM600,5363.452,-1,0.0010000000002037268,BACKFILL_AUTO
2026-07-15 10:53:25,1784112805,BOOM600,5363.434,-1,0.018000000000029104,BACKFILL_AUTO
2026-07-15 10:53:26,1784112806,BOOM600,5363.419,-1,0.015000000000327418,BACKFILL_AUTO
2026-07-15 10:53:27,1784112807,BOOM600,5363.408,-1,0.01099999999951251,BACKFILL_AUTO
2026-07-15 10:53:28,1784112808,BOOM600,5363.396,-1,0.012000000000625732,BACKFILL_AUTO
2026-07-15 10:53:29,1784112809,BOOM600,5363.378,-1,0.018000000000029104,BACKFILL_AUTO
2026-07-15 10:53:30,1784112810,BOOM600,5363.368,-1,0.009999999999308784,BACKFILL_AUTO
2026-07-15 10:53:31,1784112811,BOOM600,5363.354,-1,0.014000000000123691,BACKFILL_AUTO
2026-07-15 10:53:32,1784112812,BOOM600,5363.353,-1,0.0010000000002037268,BACKFILL_AUTO
2026-07-15 10:53:33,1784112813,BOOM600,5363.336,-1,0.016999999999825377,BACKFILL_AUTO
2026-07-15 10:53:34,1784112814,BOOM600,5363.325,-1,0.011000000000422006,BACKFILL_AUTO
2026-07-15 10:53:35,1784112815,BOOM600,5363.319,-1,0.0059999999994033715,BACKFILL_AUTO
2026-07-15 10:53:36,1784112816,BOOM600,5363.307,-1,0.012000000000625732,BACKFILL_AUTO
2026-07-15 10:53:37,1784112817,BOOM600,5363.3,-1,0.006999999999607098,BACKFILL_AUTO
2026-07-15 10:53:38,1784112818,BOOM600,5363.3,0,0.0,BACKFILL_AUTO
2026-07-15 10:53:39,1784112819,BOOM600,5363.298,-1,0.0020000000004074536,BACKFILL_AUTO
2026-07-15 10:53:40,1784112820,BOOM600,5363.28,-1,0.018000000000029104,BACKFILL_AUTO
2026-07-15 10:53:41,1784112821,BOOM600,5363.258,-1,0.021999999999934516,BACKFILL_AUTO
2026-07-15 10:53:42,1784112822,BOOM600,5363.251,-1,0.006999999999607098,BACKFILL_AUTO
2026-07-15 10:53:43,1784112823,BOOM600,5363.245,-1,0.006000000000312866,BACKFILL_AUTO
2026-07-15 10:53:44,1784112824,BOOM600,5363.229,-1,0.01599999999962165,BACKFILL_AUTO
2026-07-15 10:53:45,1784112825,BOOM600,5363.218,-1,0.011000000000422006,BACKFILL_AUTO
2026-07-15 10:53:46,1784112826,BOOM600,5363.214,-1,0.0039999999999054126,BACKFILL_AUTO
2026-07-15 10:53:47,1784112827,BOOM600,5363.213,-1,0.0010000000002037268,BACKFILL_AUTO
2026-07-15 10:53:48,1784112828,BOOM600,5363.208,-1,0.005000000000109139,BACKFILL_AUTO
2026-07-15 10:53:49,1784112829,BOOM600,5363.205,-1,0.0029999999997016857,BACKFILL_AUTO
2026-07-15 10:53:50,1784112830,BOOM600,5363.202,-1,0.0029999999997016857,BACKFILL_AUTO
2026-07-15 10:53:51,1784112831,BOOM600,5363.194,-1,0.007999999999810825,BACKFILL_AUTO
2026-07-15 10:53:52,1784112832,BOOM600,5363.19,-1,0.004000000000814907,BACKFILL_AUTO
2026-07-15 10:53:53,1784112833,BOOM600,5363.18,-1,0.009999999999308784,BACKFILL_AUTO
2026-07-15 10:53:54,1784112834,BOOM600,5363.163,-1,0.01700000000073487,BACKFILL_AUTO
2026-07-15 10:53:55,1784112835,BOOM600,5363.159,-1,0.0039999999999054126,BACKFILL_AUTO
2026-07-15 10:53:56,1784112836,BOOM600,5363.157,-1,0.001999999999497959,BACKFILL_AUTO
2026-07-15 10:53:57,1784112837,BOOM600,5363.139,-1,0.018000000000029104,BACKFILL_AUTO
2026-07-15 10:53:58,1784112838,BOOM600,5363.13,-1,0.009000000000014552,BACKFILL_AUTO
2026-07-15 10:53:59,1784112839,BOOM600,5363.121,-1,0.009000000000014552,BACKFILL_AUTO
2026-07-15 10:54:00,1784112840,BOOM600,5363.119,-1,0.0020000000004074536,BACKFILL_AUTO
2026-07-15 10:54:01,1784112841,BOOM600,5363.104,-1,0.014999999999417923,BACKFILL_AUTO
2026-07-15 10:54:02,1784112842,BOOM600,5363.102,-1,0.0020000000004074536,BACKFILL_AUTO
2026-07-15 10:54:03,1784112843,BOOM600,5363.101,-1,0.0010000000002037268,BACKFILL_AUTO
2026-07-15 10:54:04,1784112844,BOOM600,5363.091,-1,0.009999999999308784,BACKFILL_AUTO
2026-07-15 10:54:05,1784112845,BOOM600,5363.087,-1,0.0039999999999054126,BACKFILL_AUTO
2026-07-15 10:54:06,1784112846,BOOM600,5363.072,-1,0.015000000000327418,BACKFILL_AUTO
2026-07-15 10:54:07,1784112847,BOOM600,5363.065,-1,0.007000000000516593,BACKFILL_AUTO
2026-07-15 10:54:08,1784112848,BOOM600,5363.051,-1,0.013999999999214197,BACKFILL_AUTO
2026-07-15 10:54:09,1784112849,BOOM600,5363.043,-1,0.00800000000072032,BACKFILL_AUTO
2026-07-15 10:54:10,1784112850,BOOM600,5363.042,-1,0.0009999999992942321,BACKFILL_AUTO
2026-07-15 10:54:11,1784112851,BOOM600,5363.041,-1,0.0010000000002037268,BACKFILL_AUTO
2026-07-15 10:54:12,1784112852,BOOM600,5363.04,-1,0.0010000000002037268,BACKFILL_AUTO
2026-07-15 10:54:13,1784112853,BOOM600,5363.027,-1,0.012999999999919964,BACKFILL_AUTO
2026-07-15 10:54:14,1784112854,BOOM600,5363.022,-1,0.005000000000109139,BACKFILL_AUTO
2026-07-15 10:54:15,1784112855,BOOM600,5363.013,-1,0.009000000000014552,BACKFILL_AUTO
2026-07-15 10:54:16,1784112856,BOOM600,5363.009,-1,0.0039999999999054126,BACKFILL_AUTO
2026-07-15 10:54:17,1784112857,BOOM600,5363.009,0,0.0,BACKFILL_AUTO
2026-07-15 10:54:18,1784112858,BOOM600,5363.007,-1,0.0020000000004074536,BACKFILL_AUTO
2026-07-15 10:54:19,1784112859,BOOM600,5362.989,-1,0.018000000000029104,BACKFILL_AUTO
2026-07-15 10:54:20,1784112860,BOOM600,5362.984,-1,0.004999999999199645,BACKFILL_AUTO
2026-07-15 10:54:21,1784112861,BOOM600,5362.982,-1,0.0020000000004074536,BACKFILL_AUTO
2026-07-15 10:54:22,1784112862,BOOM600,5362.968,-1,0.014000000000123691,BACKFILL_AUTO
2026-07-15 10:54:23,1784112863,BOOM600,5362.957,-1,0.01099999999951251,BACKFILL_AUTO
2026-07-15 10:54:24,1784112864,BOOM600,5362.955,-1,0.0020000000004074536,BACKFILL_AUTO
2026-07-15 10:54:25,1784112865,BOOM600,5362.951,-1,0.0039999999999054126,BACKFILL_AUTO
2026-07-15 10:54:26,1784112866,BOOM600,5362.948,-1,0.0029999999997016857,BACKFILL_AUTO
2026-07-15 10:54:27,1784112867,BOOM600,5362.942,-1,0.006000000000312866,BACKFILL_AUTO
2026-07-15 10:54:28,1784112868,BOOM600,5362.94,-1,0.0020000000004074536,BACKFILL_AUTO
2026-07-15 10:54:29,1784112869,BOOM600,5362.932,-1,0.007999999999810825,BACKFILL_AUTO
2026-07-15 10:54:30,1784112870,BOOM600,5362.92,-1,0.011999999999716238,BACKFILL_AUTO
2026-07-15 10:54:31,1784112871,BOOM600,5362.917,-1,0.0029999999997016857,BACKFILL_AUTO
2026-07-15 10:54:32,1784112872,BOOM600,5362.91,-1,0.007000000000516593,BACKFILL_AUTO
2026-07-15 10:54:33,1784112873,BOOM600,5362.899,-1,0.01099999999951251,BACKFILL_AUTO
2026-07-15 10:54:34,1784112874,BOOM600,5362.892,-1,0.007000000000516593,BACKFILL_AUTO
2026-07-15 10:54:35,1784112875,BOOM600,5362.869,-1,0.023000000000138243,BACKFILL_AUTO
2026-07-15 10:54:36,1784112876,BOOM600,5362.867,-1,0.001999999999497959,BACKFILL_AUTO
2026-07-15 10:54:37,1784112877,BOOM600,5362.857,-1,0.010000000000218279,BACKFILL_AUTO
2026-07-15 10:54:38,1784112878,BOOM600,5362.853,-1,0.0039999999999054126,BACKFILL_AUTO
2026-07-15 10:54:39,1784112879,BOOM600,5362.837,-1,0.01599999999962165,BACKFILL_AUTO
2026-07-15 10:54:40,1784112880,BOOM600,5362.835,-1,0.0020000000004074536,BACKFILL_AUTO
2026-07-15 10:54:41,1784112881,BOOM600,5362.833,-1,0.0020000000004074536,BACKFILL_AUTO
2026-07-15 10:54:42,1784112882,BOOM600,5362.831,-1,0.001999999999497959,BACKFILL_AUTO
2026-07-15 10:54:43,1784112883,BOOM600,5362.824,-1,0.007000000000516593,BACKFILL_AUTO
2026-07-15 10:54:44,1784112884,BOOM600,5362.805,-1,0.018999999999323336,BACKFILL_AUTO
2026-07-15 10:54:45,1784112885,BOOM600,5362.792,-1,0.012999999999919964,BACKFILL_AUTO
2026-07-15 10:54:46,1784112886,BOOM600,5362.791,-1,0.0010000000002037268,BACKFILL_AUTO
2026-07-15 10:54:47,1784112887,BOOM600,5362.783,-1,0.007999999999810825,BACKFILL_AUTO
2026-07-15 10:54:48,1784112888,BOOM600,5362.77,-1,0.012999999999919964,BACKFILL_AUTO
2026-07-15 10:54:49,1784112889,BOOM600,5362.758,-1,0.012000000000625732,BACKFILL_AUTO
2026-07-15 10:54:50,1784112890,BOOM600,5362.738,-1,0.019999999999527063,BACKFILL_AUTO
2026-07-15 10:54:51,1784112891,BOOM600,5362.737,-1,0.0010000000002037268,BACKFILL_AUTO
2026-07-15 10:54:52,1784112892,BOOM600,5362.728,-1,0.009000000000014552,BACKFILL_AUTO
2026-07-15 10:54:53,1784112893,BOOM600,5362.712,-1,0.01599999999962165,BACKFILL_AUTO
2026-07-15 10:54:54,1784112894,BOOM600,5362.707,-1,0.005000000000109139,BACKFILL_AUTO
2026-07-15 10:54:55,1784112895,BOOM600,5362.69,-1,0.01700000000073487,BACKFILL_AUTO
2026-07-15 10:54:56,1784112896,BOOM600,5362.686,-1,0.0039999999999054126,BACKFILL_AUTO
2026-07-15 10:54:57,1784112897,BOOM600,5362.675,-1,0.01099999999951251,BACKFILL_AUTO
2026-07-15 10:54:58,1784112898,BOOM600,5362.672,-1,0.0030000000006111804,BACKFILL_AUTO
2026-07-15 10:54:59,1784112899,BOOM600,5362.667,-1,0.004999999999199645,BACKFILL_AUTO
2026-07-15 10:55:00,1784112900,BOOM600,5362.666,-1,0.0010000000002037268,BACKFILL_AUTO
2026-07-15 10:55:01,1784112901,BOOM600,5362.657,-1,0.009000000000014552,BACKFILL_AUTO
2026-07-15 10:55:02,1784112902,BOOM600,5362.654,-1,0.0029999999997016857,BACKFILL_AUTO
2026-07-15 10:55:03,1784112903,BOOM600,5362.646,-1,0.00800000000072032,BACKFILL_AUTO
2026-07-15 10:55:04,1784112904,BOOM600,5362.642,-1,0.0039999999999054126,BACKFILL_AUTO
2026-07-15 10:55:05,1784112905,BOOM600,5362.626,-1,0.01599999999962165,BACKFILL_AUTO
2026-07-15 10:55:06,1784112906,BOOM600,5362.622,-1,0.0039999999999054126,BACKFILL_AUTO
2026-07-15 10:55:07,1784112907,BOOM600,5362.612,-1,0.010000000000218279,BACKFILL_AUTO
2026-07-15 10:55:08,1784112908,BOOM600,5362.594,-1,0.018000000000029104,BACKFILL_AUTO
2026-07-15 10:55:09,1784112909,BOOM600,5362.575,-1,0.01900000000023283,BACKFILL_AUTO
2026-07-15 10:55:10,1784112910,BOOM600,5362.569,-1,0.0059999999994033715,BACKFILL_AUTO
2026-07-15 10:55:11,1784112911,BOOM600,5362.552,-1,0.01700000000073487,BACKFILL_AUTO
2026-07-15 10:55:12,1784112912,BOOM600,5362.543,-1,0.009000000000014552,BACKFILL_AUTO
2026-07-15 10:55:13,1784112913,BOOM600,5362.528,-1,0.014999999999417923,BACKFILL_AUTO
2026-07-15 10:55:14,1784112914,BOOM600,5362.514,-1,0.014000000000123691,BACKFILL_AUTO
2026-07-15 10:55:15,1784112915,BOOM600,5362.503,-1,0.011000000000422006,BACKFILL_AUTO
2026-07-15 10:55:16,1784112916,BOOM600,5362.501,-1,0.001999999999497959,BACKFILL_AUTO
2026-07-15 10:55:17,1784112917,BOOM600,5362.486,-1,0.015000000000327418,BACKFILL_AUTO
2026-07-15 10:55:18,1784112918,BOOM600,5362.485,-1,0.0010000000002037268,BACKFILL_AUTO
2026-07-15 10:55:19,1784112919,BOOM600,5362.468,-1,0.016999999999825377,BACKFILL_AUTO
2026-07-15 10:55:20,1784112920,BOOM600,5362.453,-1,0.014999999999417923,BACKFILL_AUTO
2026-07-15 10:55:21,1784112921,BOOM600,5362.436,-1,0.01700000000073487,BACKFILL_AUTO
2026-07-15 10:55:22,1784112922,BOOM600,5362.421,-1,0.014999999999417923,BACKFILL_AUTO
2026-07-15 10:55:23,1784112923,BOOM600,5362.406,-1,0.015000000000327418,BACKFILL_AUTO
2026-07-15 10:55:24,1784112924,BOOM600,5362.399,-1,0.006999999999607098,BACKFILL_AUTO
2026-07-15 10:55:25,1784112925,BOOM600,5362.392,-1,0.007000000000516593,BACKFILL_AUTO
2026-07-15 10:55:26,1784112926,BOOM600,5362.384,-1,0.007999999999810825,BACKFILL_AUTO
2026-07-15 10:55:27,1784112927,BOOM600,5362.366,-1,0.018000000000029104,BACKFILL_AUTO
2026-07-15 10:55:28,1784112928,BOOM600,5362.35,-1,0.01599999999962165,BACKFILL_AUTO
2026-07-15 10:55:29,1784112929,BOOM600,5362.345,-1,0.005000000000109139,BACKFILL_AUTO
2026-07-15 10:55:30,1784112930,BOOM600,5362.343,-1,0.0020000000004074536,BACKFILL_AUTO
2026-07-15 10:55:31,1784112931,BOOM600,5362.342,-1,0.0010000000002037268,BACKFILL_AUTO
2026-07-15 10:55:32,1784112932,BOOM600,5362.334,-1,0.007999999999810825,BACKFILL_AUTO
2026-07-15 10:55:33,1784112933,BOOM600,5362.319,-1,0.014999999999417923,BACKFILL_AUTO
2026-07-15 10:55:34,1784112934,BOOM600,5362.31,-1,0.009000000000014552,BACKFILL_AUTO
2026-07-15 10:55:35,1784112935,BOOM600,5362.304,-1,0.006000000000312866,BACKFILL_AUTO
2026-07-15 10:55:36,1784112936,BOOM600,5362.298,-1,0.006000000000312866,BACKFILL_AUTO
2026-07-15 10:55:37,1784112937,BOOM600,5362.282,-1,0.01599999999962165,BACKFILL_AUTO
2026-07-15 10:55:38,1784112938,BOOM600,5362.26,-1,0.021999999999934516,BACKFILL_AUTO
2026-07-15 10:55:39,1784112939,BOOM600,5362.257,-1,0.0030000000006111804,BACKFILL_AUTO
2026-07-15 10:55:40,1784112940,BOOM600,5362.252,-1,0.004999999999199645,BACKFILL_AUTO
2026-07-15 10:55:41,1784112941,BOOM600,5362.25,-1,0.0020000000004074536,BACKFILL_AUTO
2026-07-15 10:55:42,1784112942,BOOM600,5362.232,-1,0.018000000000029104,BACKFILL_AUTO
2026-07-15 10:55:43,1784112943,BOOM600,5362.229,-1,0.0029999999997016857,BACKFILL_AUTO
2026-07-15 10:55:44,1784112944,BOOM600,5362.219,-1,0.010000000000218279,BACKFILL_AUTO
2026-07-15 10:55:45,1784112945,BOOM600,5362.205,-1,0.014000000000123691,BACKFILL_AUTO
2026-07-15 10:55:46,1784112946,BOOM600,5362.193,-1,0.011999999999716238,BACKFILL_AUTO
2026-07-15 10:55:47,1784112947,BOOM600,5362.185,-1,0.007999999999810825,BACKFILL_AUTO
2026-07-15 10:55:48,1784112948,BOOM600,5362.17,-1,0.015000000000327418,BACKFILL_AUTO
2026-07-15 10:55:49,1784112949,BOOM600,5362.161,-1,0.009000000000014552,BACKFILL_AUTO
2026-07-15 10:55:50,1784112950,BOOM600,5362.141,-1,0.020000000000436557,BACKFILL_AUTO
2026-07-15 10:55:51,1784112951,BOOM600,5362.14,-1,0.0009999999992942321,BACKFILL_AUTO
2026-07-15 10:55:52,1784112952,BOOM600,5362.134,-1,0.006000000000312866,BACKFILL_AUTO
2026-07-15 10:55:53,1784112953,BOOM600,5362.119,-1,0.015000000000327418,BACKFILL_AUTO
2026-07-15 10:55:54,1784112954,BOOM600,5362.105,-1,0.014000000000123691,BACKFILL_AUTO
2026-07-15 10:55:55,1784112955,BOOM600,5362.102,-1,0.0029999999997016857,BACKFILL_AUTO
2026-07-15 10:55:56,1784112956,BOOM600,5362.1,-1,0.001999999999497959,BACKFILL_AUTO
2026-07-15 10:55:57,1784112957,BOOM600,5362.096,-1,0.004000000000814907,BACKFILL_AUTO
2026-07-15 10:55:58,1784112958,BOOM600,5362.089,-1,0.006999999999607098,BACKFILL_AUTO
2026-07-15 10:55:59,1784112959,BOOM600,5362.084,-1,0.005000000000109139,BACKFILL_AUTO
2026-07-15 10:56:00,1784112960,BOOM600,5362.08,-1,0.0039999999999054126,BACKFILL_AUTO
2026-07-15 10:56:01,1784112961,BOOM600,5362.072,-1,0.007999999999810825,BACKFILL_AUTO
2026-07-15 10:56:02,1784112962,BOOM600,5362.048,-1,0.02400000000034197,BACKFILL_AUTO
2026-07-15 10:56:03,1784112963,BOOM600,5362.037,-1,0.01099999999951251,BACKFILL_AUTO
2026-07-15 10:56:04,1784112964,BOOM600,5362.036,-1,0.0010000000002037268,BACKFILL_AUTO
2026-07-15 10:56:05,1784112965,BOOM600,5362.026,-1,0.010000000000218279,BACKFILL_AUTO
2026-07-15 10:56:06,1784112966,BOOM600,5362.013,-1,0.012999999999919964,BACKFILL_AUTO
2026-07-15 10:56:07,1784112967,BOOM600,5362.012,-1,0.0010000000002037268,BACKFILL_AUTO
2026-07-15 10:56:08,1784112968,BOOM600,5362.01,-1,0.001999999999497959,BACKFILL_AUTO
2026-07-15 10:56:09,1784112969,BOOM600,5362.004,-1,0.006000000000312866,BACKFILL_AUTO
2026-07-15 10:56:10,1784112970,BOOM600,5361.997,-1,0.006999999999607098,BACKFILL_AUTO
2026-07-15 10:56:11,1784112971,BOOM600,5361.992,-1,0.005000000000109139,BACKFILL_AUTO
2026-07-15 10:56:12,1784112972,BOOM600,5361.989,-1,0.0030000000006111804,BACKFILL_AUTO
2026-07-15 10:56:13,1784112973,BOOM600,5361.976,-1,0.012999999999919964,BACKFILL_AUTO
2026-07-15 10:56:14,1784112974,BOOM600,5361.973,-1,0.0029999999997016857,BACKFILL_AUTO
2026-07-15 10:56:15,1784112975,BOOM600,5361.969,-1,0.0039999999999054126,BACKFILL_AUTO
2026-07-15 10:56:16,1784112976,BOOM600,5361.964,-1,0.005000000000109139,BACKFILL_AUTO
2026-07-15 10:56:17,1784112977,BOOM600,5361.948,-1,0.01599999999962165,BACKFILL_AUTO
2026-07-15 10:56:18,1784112978,BOOM600,5361.933,-1,0.015000000000327418,BACKFILL_AUTO
2026-07-15 10:56:19,1784112979,BOOM600,5361.923,-1,0.010000000000218279,BACKFILL_AUTO
2026-07-15 10:56:20,1784112980,BOOM600,5361.912,-1,0.01099999999951251,BACKFILL_AUTO
2026-07-15 10:56:21,1784112981,BOOM600,5361.909,-1,0.0030000000006111804,BACKFILL_AUTO
2026-07-15 10:56:22,1784112982,BOOM600,5361.897,-1,0.011999999999716238,BACKFILL_AUTO
2026-07-15 10:56:23,1784112983,BOOM600,5361.897,0,0.0,BACKFILL_AUTO
2026-07-15 10:56:24,1784112984,BOOM600,5361.881,-1,0.01599999999962165,BACKFILL_AUTO
2026-07-15 10:56:25,1784112985,BOOM600,5361.875,-1,0.006000000000312866,BACKFILL_AUTO
2026-07-15 10:56:26,1784112986,BOOM600,5361.87,-1,0.005000000000109139,BACKFILL_AUTO
2026-07-15 10:56:27,1784112987,BOOM600,5361.864,-1,0.006000000000312866,BACKFILL_AUTO
2026-07-15 10:56:28,1784112988,BOOM600,5361.86,-1,0.0039999999999054126,BACKFILL_AUTO
2026-07-15 10:56:29,1784112989,BOOM600,5361.854,-1,0.0059999999994033715,BACKFILL_AUTO
2026-07-15 10:56:30,1784112990,BOOM600,5361.846,-1,0.00800000000072032,BACKFILL_AUTO
2026-07-15 10:56:31,1784112991,BOOM600,5361.837,-1,0.008999999999105057,BACKFILL_AUTO
2026-07-15 10:56:32,1784112992,BOOM600,5361.831,-1,0.006000000000312866,BACKFILL_AUTO
2026-07-15 10:56:33,1784112993,BOOM600,5361.824,-1,0.007000000000516593,BACKFILL_AUTO
2026-07-15 10:56:34,1784112994,BOOM600,5361.815,-1,0.009000000000014552,BACKFILL_AUTO
2026-07-15 10:56:35,1784112995,BOOM600,5361.804,-1,0.01099999999951251,BACKFILL_AUTO
2026-07-15 10:56:36,1784112996,BOOM600,5361.788,-1,0.016000000000531145,BACKFILL_AUTO
2026-07-15 10:56:37,1784112997,BOOM600,5361.779,-1,0.008999999999105057,BACKFILL_AUTO
2026-07-15 10:56:38,1784112998,BOOM600,5361.77,-1,0.009000000000014552,BACKFILL_AUTO
2026-07-15 10:56:39,1784112999,BOOM600,5361.766,-1,0.004000000000814907,BACKFILL_AUTO
2026-07-15 10:56:40,1784113000,BOOM600,5361.752,-1,0.013999999999214197,BACKFILL_AUTO
2026-07-15 10:56:41,1784113001,BOOM600,5361.736,-1,0.016000000000531145,BACKFILL_AUTO
2026-07-15 10:56:42,1784113002,BOOM600,5361.727,-1,0.009000000000014552,BACKFILL_AUTO
2026-07-15 10:56:43,1784113003,BOOM600,5361.71,-1,0.016999999999825377,BACKFILL_AUTO
2026-07-15 10:56:44,1784113004,BOOM600,5361.708,-1,0.0020000000004074536,BACKFILL_AUTO
2026-07-15 10:56:45,1784113005,BOOM600,5361.707,-1,0.0009999999992942321,BACKFILL_AUTO
2026-07-15 10:56:46,1784113006,BOOM600,5361.693,-1,0.014000000000123691,BACKFILL_AUTO
2026-07-15 10:56:47,1784113007,BOOM600,5361.683,-1,0.010000000000218279,BACKFILL_AUTO
2026-07-15 10:56:48,1784113008,BOOM600,5361.68,-1,0.0029999999997016857,BACKFILL_AUTO
2026-07-15 10:56:49,1784113009,BOOM600,5361.677,-1,0.0030000000006111804,BACKFILL_AUTO
2026-07-15 10:56:50,1784113010,BOOM600,5361.671,-1,0.0059999999994033715,BACKFILL_AUTO
2026-07-15 10:56:51,1784113011,BOOM600,5361.665,-1,0.006000000000312866,BACKFILL_AUTO
2026-07-15 10:56:52,1784113012,BOOM600,5361.659,-1,0.006000000000312866,BACKFILL_AUTO
2026-07-15 10:56:53,1784113013,BOOM600,5361.651,-1,0.007999999999810825,BACKFILL_AUTO
2026-07-15 10:56:54,1784113014,BOOM600,5361.649,-1,0.001999999999497959,BACKFILL_AUTO
2026-07-15 10:56:55,1784113015,BOOM600,5361.64,-1,0.009000000000014552,BACKFILL_AUTO
2026-07-15 10:56:56,1784113016,BOOM600,5361.626,-1,0.014000000000123691,BACKFILL_AUTO
2026-07-15 10:56:57,1784113017,BOOM600,5361.604,-1,0.021999999999934516,BACKFILL_AUTO
2026-07-15 10:56:58,1784113018,BOOM600,5361.598,-1,0.006000000000312866,BACKFILL_AUTO
2026-07-15 10:56:59,1784113019,BOOM600,5361.578,-1,0.019999999999527063,BACKFILL_AUTO
2026-07-15 10:57:00,1784113020,BOOM600,5361.576,-1,0.0020000000004074536,BACKFILL_AUTO
2026-07-15 10:57:01,1784113021,BOOM600,5361.556,-1,0.020000000000436557,BACKFILL_AUTO
2026-07-15 10:57:02,1784113022,BOOM600,5361.551,-1,0.004999999999199645,BACKFILL_AUTO
2026-07-15 10:57:03,1784113023,BOOM600,5361.547,-1,0.004000000000814907,BACKFILL_AUTO
2026-07-15 10:57:04,1784113024,BOOM600,5361.536,-1,0.01099999999951251,BACKFILL_AUTO
2026-07-15 10:57:05,1784113025,BOOM600,5361.522,-1,0.014000000000123691,BACKFILL_AUTO
2026-07-15 10:57:06,1784113026,BOOM600,5361.515,-1,0.006999999999607098,BACKFILL_AUTO
2026-07-15 10:57:07,1784113027,BOOM600,5361.51,-1,0.005000000000109139,BACKFILL_AUTO
2026-07-15 10:57:08,1784113028,BOOM600,5361.509,-1,0.0010000000002037268,BACKFILL_AUTO
2026-07-15 10:57:09,1784113029,BOOM600,5361.505,-1,0.0039999999999054126,BACKFILL_AUTO
2026-07-15 10:57:10,1784113030,BOOM600,5361.505,0,0.0,BACKFILL_AUTO
2026-07-15 10:57:11,1784113031,BOOM600,5361.497,-1,0.007999999999810825,BACKFILL_AUTO
2026-07-15 10:57:12,1784113032,BOOM600,5361.478,-1,0.01900000000023283,BACKFILL_AUTO
2026-07-15 10:57:13,1784113033,BOOM600,5361.464,-1,0.014000000000123691,BACKFILL_AUTO
2026-07-15 10:57:14,1784113034,BOOM600,5361.46,-1,0.0039999999999054126,BACKFILL_AUTO
2026-07-15 10:57:15,1784113035,BOOM600,5361.458,-1,0.0020000000004074536,BACKFILL_AUTO
2026-07-15 10:57:16,1784113036,BOOM600,5361.45,-1,0.007999999999810825,BACKFILL_AUTO
2026-07-15 10:57:17,1784113037,BOOM600,5361.45,0,0.0,BACKFILL_AUTO
2026-07-15 10:57:18,1784113038,BOOM600,5361.447,-1,0.0029999999997016857,BACKFILL_AUTO
2026-07-15 10:57:19,1784113039,BOOM600,5361.443,-1,0.0039999999999054126,BACKFILL_AUTO
2026-07-15 10:57:20,1784113040,BOOM600,5361.443,0,0.0,BACKFILL_AUTO
2026-07-15 10:57:21,1784113041,BOOM600,5361.434,-1,0.009000000000014552,BACKFILL_AUTO
2026-07-15 10:57:22,1784113042,BOOM600,5361.424,-1,0.010000000000218279,BACKFILL_AUTO
2026-07-15 10:57:23,1784113043,BOOM600,5361.416,-1,0.007999999999810825,BACKFILL_AUTO
2026-07-15 10:57:24,1784113044,BOOM600,5361.401,-1,0.015000000000327418,BACKFILL_AUTO
2026-07-15 10:57:25,1784113045,BOOM600,5361.388,-1,0.012999999999919964,BACKFILL_AUTO
2026-07-15 10:57:26,1784113046,BOOM600,5361.373,-1,0.015000000000327418,BACKFILL_AUTO
2026-07-15 10:57:27,1784113047,BOOM600,5361.361,-1,0.011999999999716238,BACKFILL_AUTO
2026-07-15 10:57:28,1784113048,BOOM600,5361.335,-1,0.02599999999983993,BACKFILL_AUTO
2026-07-15 10:57:29,1784113049,BOOM600,5361.329,-1,0.006000000000312866,BACKFILL_AUTO
2026-07-15 10:57:30,1784113050,BOOM600,5361.317,-1,0.011999999999716238,BACKFILL_AUTO
2026-07-15 10:57:31,1784113051,BOOM600,5361.309,-1,0.007999999999810825,BACKFILL_AUTO
2026-07-15 10:57:32,1784113052,BOOM600,5361.293,-1,0.016000000000531145,BACKFILL_AUTO
2026-07-15 10:57:33,1784113053,BOOM600,5361.279,-1,0.013999999999214197,BACKFILL_AUTO
2026-07-15 10:57:34,1784113054,BOOM600,5361.262,-1,0.01700000000073487,BACKFILL_AUTO
2026-07-15 10:57:35,1784113055,BOOM600,5361.255,-1,0.006999999999607098,BACKFILL_AUTO
2026-07-15 10:57:36,1784113056,BOOM600,5361.248,-1,0.007000000000516593,BACKFILL_AUTO
2026-07-15 10:57:37,1784113057,BOOM600,5361.238,-1,0.009999999999308784,BACKFILL_AUTO
2026-07-15 10:57:38,1784113058,BOOM600,5361.238,0,0.0,BACKFILL_AUTO
2026-07-15 10:57:39,1784113059,BOOM600,5361.227,-1,0.011000000000422006,BACKFILL_AUTO
2026-07-15 10:57:40,1784113060,BOOM600,5361.205,-1,0.021999999999934516,BACKFILL_AUTO
2026-07-15 10:57:41,1784113061,BOOM600,5361.196,-1,0.009000000000014552,BACKFILL_AUTO
2026-07-15 10:57:42,1784113062,BOOM600,5361.178,-1,0.018000000000029104,BACKFILL_AUTO
2026-07-15 10:57:43,1784113063,BOOM600,5361.163,-1,0.015000000000327418,BACKFILL_AUTO
2026-07-15 10:57:44,1784113064,BOOM600,5361.155,-1,0.007999999999810825,BACKFILL_AUTO
2026-07-15 10:57:45,1784113065,BOOM600,5361.151,-1,0.0039999999999054126,BACKFILL_AUTO
2026-07-15 10:57:46,1784113066,BOOM600,5361.149,-1,0.001999999999497959,BACKFILL_AUTO
2026-07-15 10:57:47,1784113067,BOOM600,5361.143,-1,0.006000000000312866,BACKFILL_AUTO
2026-07-15 10:57:48,1784113068,BOOM600,5361.135,-1,0.007999999999810825,BACKFILL_AUTO
2026-07-15 10:57:49,1784113069,BOOM600,5361.123,-1,0.012000000000625732,BACKFILL_AUTO
2026-07-15 10:57:50,1784113070,BOOM600,5361.114,-1,0.009000000000014552,BACKFILL_AUTO
2026-07-15 10:57:51,1784113071,BOOM600,5361.112,-1,0.001999999999497959,BACKFILL_AUTO
2026-07-15 10:57:52,1784113072,BOOM600,5361.109,-1,0.0029999999997016857,BACKFILL_AUTO
2026-07-15 10:57:53,1784113073,BOOM600,5361.099,-1,0.010000000000218279,BACKFILL_AUTO
2026-07-15 10:57:54,1784113074,BOOM600,5361.094,-1,0.005000000000109139,BACKFILL_AUTO
2026-07-15 10:57:55,1784113075,BOOM600,5361.092,-1,0.0020000000004074536,BACKFILL_AUTO
2026-07-15 10:57:56,1784113076,BOOM600,5361.068,-1,0.023999999999432475,BACKFILL_AUTO
2026-07-15 10:57:57,1784113077,BOOM600,5361.061,-1,0.007000000000516593,BACKFILL_AUTO
2026-07-15 10:57:58,1784113078,BOOM600,5361.054,-1,0.006999999999607098,BACKFILL_AUTO
2026-07-15 10:57:59,1784113079,BOOM600,5361.046,-1,0.007999999999810825,BACKFILL_AUTO
2026-07-15 10:58:00,1784113080,BOOM600,5361.036,-1,0.010000000000218279,BACKFILL_AUTO
2026-07-15 10:58:01,1784113081,BOOM600,5361.017,-1,0.01900000000023283,BACKFILL_AUTO
2026-07-15 10:58:02,1784113082,BOOM600,5361.004,-1,0.012999999999919964,BACKFILL_AUTO
2026-07-15 10:58:03,1784113083,BOOM600,5361.003,-1,0.0010000000002037268,BACKFILL_AUTO
2026-07-15 10:58:04,1784113084,BOOM600,5360.985,-1,0.018000000000029104,BACKFILL_AUTO
2026-07-15 10:58:05,1784113085,BOOM600,5360.955,-1,0.02999999999974534,BACKFILL_AUTO
2026-07-15 10:58:06,1784113086,BOOM600,5360.949,-1,0.006000000000312866,BACKFILL_AUTO
2026-07-15 10:58:07,1784113087,BOOM600,5360.942,-1,0.006999999999607098,BACKFILL_AUTO
2026-07-15 10:58:08,1784113088,BOOM600,5360.939,-1,0.0029999999997016857,BACKFILL_AUTO
2026-07-15 10:58:09,1784113089,BOOM600,5360.935,-1,0.0039999999999054126,BACKFILL_AUTO
2026-07-15 10:58:10,1784113090,BOOM600,5360.926,-1,0.009000000000014552,BACKFILL_AUTO
2026-07-15 10:58:11,1784113091,BOOM600,5360.923,-1,0.0030000000006111804,BACKFILL_AUTO
2026-07-15 10:58:12,1784113092,BOOM600,5360.919,-1,0.0039999999999054126,BACKFILL_AUTO
2026-07-15 10:58:13,1784113093,BOOM600,5360.91,-1,0.009000000000014552,BACKFILL_AUTO
2026-07-15 10:58:14,1784113094,BOOM600,5360.902,-1,0.007999999999810825,BACKFILL_AUTO
2026-07-15 10:58:15,1784113095,BOOM600,5360.89,-1,0.011999999999716238,BACKFILL_AUTO
2026-07-15 10:58:16,1784113096,BOOM600,5360.882,-1,0.00800000000072032,BACKFILL_AUTO
2026-07-15 10:58:17,1784113097,BOOM600,5360.869,-1,0.012999999999919964,BACKFILL_AUTO
2026-07-15 10:58:18,1784113098,BOOM600,5360.853,-1,0.01599999999962165,BACKFILL_AUTO
2026-07-15 10:58:19,1784113099,BOOM600,5360.832,-1,0.02099999999973079,BACKFILL_AUTO
2026-07-15 10:58:20,1784113100,BOOM600,5360.818,-1,0.014000000000123691,BACKFILL_AUTO
2026-07-15 10:58:21,1784113101,BOOM600,5360.813,-1,0.005000000000109139,BACKFILL_AUTO
2026-07-15 10:58:22,1784113102,BOOM600,5360.81,-1,0.0029999999997016857,BACKFILL_AUTO
2026-07-15 10:58:23,1784113103,BOOM600,5360.805,-1,0.005000000000109139,BACKFILL_AUTO
2026-07-15 10:58:24,1784113104,BOOM600,5360.797,-1,0.00800000000072032,BACKFILL_AUTO
2026-07-15 10:58:25,1784113105,BOOM600,5360.784,-1,0.012999999999919964,BACKFILL_AUTO
2026-07-15 10:58:26,1784113106,BOOM600,5360.765,-1,0.018999999999323336,BACKFILL_AUTO
2026-07-15 10:58:27,1784113107,BOOM600,5360.76,-1,0.005000000000109139,BACKFILL_AUTO
2026-07-15 10:58:28,1784113108,BOOM600,5360.745,-1,0.015000000000327418,BACKFILL_AUTO
2026-07-15 10:58:29,1784113109,BOOM600,5360.733,-1,0.011999999999716238,BACKFILL_AUTO
2026-07-15 10:58:30,1784113110,BOOM600,5360.732,-1,0.0010000000002037268,BACKFILL_AUTO
2026-07-15 10:58:31,1784113111,BOOM600,5360.716,-1,0.01599999999962165,BACKFILL_AUTO
2026-07-15 10:58:32,1784113112,BOOM600,5360.704,-1,0.012000000000625732,BACKFILL_AUTO
2026-07-15 10:58:33,1784113113,BOOM600,5360.68,-1,0.023999999999432475,BACKFILL_AUTO
2026-07-15 10:58:34,1784113114,BOOM600,5360.677,-1,0.0030000000006111804,BACKFILL_AUTO
2026-07-15 10:58:35,1784113115,BOOM600,5360.659,-1,0.018000000000029104,BACKFILL_AUTO
2026-07-15 10:58:36,1784113116,BOOM600,5360.651,-1,0.007999999999810825,BACKFILL_AUTO
2026-07-15 10:58:37,1784113117,BOOM600,5360.647,-1,0.0039999999999054126,BACKFILL_AUTO
2026-07-15 10:58:38,1784113118,BOOM600,5360.632,-1,0.015000000000327418,BACKFILL_AUTO
2026-07-15 10:58:39,1784113119,BOOM600,5360.618,-1,0.013999999999214197,BACKFILL_AUTO
2026-07-15 10:58:40,1784113120,BOOM600,5360.608,-1,0.010000000000218279,BACKFILL_AUTO
2026-07-15 10:58:41,1784113121,BOOM600,5360.599,-1,0.009000000000014552,BACKFILL_AUTO
2026-07-15 10:58:42,1784113122,BOOM600,5360.595,-1,0.0039999999999054126,BACKFILL_AUTO
2026-07-15 10:58:43,1784113123,BOOM600,5360.586,-1,0.009000000000014552,BACKFILL_AUTO
2026-07-15 10:58:44,1784113124,BOOM600,5360.571,-1,0.015000000000327418,BACKFILL_AUTO
2026-07-15 10:58:45,1784113125,BOOM600,5360.561,-1,0.010000000000218279,BACKFILL_AUTO
2026-07-15 10:58:46,1784113126,BOOM600,5360.555,-1,0.0059999999994033715,BACKFILL_AUTO
2026-07-15 10:58:47,1784113127,BOOM600,5360.548,-1,0.007000000000516593,BACKFILL_AUTO
2026-07-15 10:58:48,1784113128,BOOM600,5360.537,-1,0.01099999999951251,BACKFILL_AUTO
2026-07-15 10:58:49,1784113129,BOOM600,5360.526,-1,0.011000000000422006,BACKFILL_AUTO
2026-07-15 10:58:50,1784113130,BOOM600,5360.522,-1,0.0039999999999054126,BACKFILL_AUTO
2026-07-15 10:58:51,1784113131,BOOM600,5360.509,-1,0.012999999999919964,BACKFILL_AUTO
2026-07-15 10:58:52,1784113132,BOOM600,5360.505,-1,0.0039999999999054126,BACKFILL_AUTO
2026-07-15 10:58:53,1784113133,BOOM600,5360.5,-1,0.005000000000109139,BACKFILL_AUTO
2026-07-15 10:58:54,1784113134,BOOM600,5360.492,-1,0.007999999999810825,BACKFILL_AUTO
2026-07-15 10:58:55,1784113135,BOOM600,5360.49,-1,0.0020000000004074536,BACKFILL_AUTO
2026-07-15 10:58:56,1784113136,BOOM600,5360.486,-1,0.0039999999999054126,BACKFILL_AUTO
2026-07-15 10:58:57,1784113137,BOOM600,5360.478,-1,0.007999999999810825,BACKFILL_AUTO
2026-07-15 10:58:58,1784113138,BOOM600,5360.474,-1,0.0039999999999054126,BACKFILL_AUTO
2026-07-15 10:58:59,1784113139,BOOM600,5360.47,-1,0.0039999999999054126,BACKFILL_AUTO
2026-07-15 10:59:00,1784113140,BOOM600,5360.457,-1,0.012999999999919964,BACKFILL_AUTO
2026-07-15 10:59:01,1784113141,BOOM600,5360.442,-1,0.015000000000327418,BACKFILL_AUTO
2026-07-15 10:59:02,1784113142,BOOM600,5360.427,-1,0.015000000000327418,BACKFILL_AUTO
2026-07-15 10:59:03,1784113143,BOOM600,5360.406,-1,0.02099999999973079,BACKFILL_AUTO
2026-07-15 10:59:04,1784113144,BOOM600,5360.402,-1,0.0039999999999054126,BACKFILL_AUTO
2026-07-15 10:59:05,1784113145,BOOM600,5360.394,-1,0.007999999999810825,BACKFILL_AUTO
2026-07-15 10:59:06,1784113146,BOOM600,5360.387,-1,0.007000000000516593,BACKFILL_AUTO
2026-07-15 10:59:07,1784113147,BOOM600,5360.373,-1,0.014000000000123691,BACKFILL_AUTO
2026-07-15 10:59:08,1784113148,BOOM600,5360.366,-1,0.006999999999607098,BACKFILL_AUTO
2026-07-15 10:59:09,1784113149,BOOM600,5360.366,0,0.0,BACKFILL_AUTO
2026-07-15 10:59:10,1784113150,BOOM600,5360.351,-1,0.015000000000327418,BACKFILL_AUTO
2026-07-15 10:59:11,1784113151,BOOM600,5360.332,-1,0.018999999999323336,BACKFILL_AUTO
2026-07-15 10:59:12,1784113152,BOOM600,5360.316,-1,0.016000000000531145,BACKFILL_AUTO
2026-07-15 10:59:13,1784113153,BOOM600,5360.31,-1,0.0059999999994033715,BACKFILL_AUTO
2026-07-15 10:59:14,1784113154,BOOM600,5360.301,-1,0.009000000000014552,BACKFILL_AUTO
2026-07-15 10:59:15,1784113155,BOOM600,5360.282,-1,0.01900000000023283,BACKFILL_AUTO
2026-07-15 10:59:16,1784113156,BOOM600,5360.281,-1,0.0010000000002037268,BACKFILL_AUTO
2026-07-15 10:59:17,1784113157,BOOM600,5360.278,-1,0.0029999999997016857,BACKFILL_AUTO
2026-07-15 10:59:18,1784113158,BOOM600,5360.267,-1,0.011000000000422006,BACKFILL_AUTO
2026-07-15 10:59:19,1784113159,BOOM600,5360.263,-1,0.0039999999999054126,BACKFILL_AUTO
2026-07-15 10:59:20,1784113160,BOOM600,5360.254,-1,0.009000000000014552,BACKFILL_AUTO
2026-07-15 10:59:21,1784113161,BOOM600,5360.252,-1,0.001999999999497959,BACKFILL_AUTO
2026-07-15 10:59:22,1784113162,BOOM600,5360.252,0,0.0,BACKFILL_AUTO
2026-07-15 10:59:23,1784113163,BOOM600,5360.243,-1,0.009000000000014552,BACKFILL_AUTO
2026-07-15 10:59:24,1784113164,BOOM600,5360.242,-1,0.0010000000002037268,BACKFILL_AUTO
2026-07-15 10:59:25,1784113165,BOOM600,5360.235,-1,0.007000000000516593,BACKFILL_AUTO
2026-07-15 10:59:26,1784113166,BOOM600,5360.229,-1,0.0059999999994033715,BACKFILL_AUTO
2026-07-15 10:59:27,1784113167,BOOM600,5360.223,-1,0.006000000000312866,BACKFILL_AUTO
2026-07-15 10:59:28,1784113168,BOOM600,5360.202,-1,0.02099999999973079,BACKFILL_AUTO
2026-07-15 10:59:29,1784113169,BOOM600,5360.19,-1,0.012000000000625732,BACKFILL_AUTO
2026-07-15 10:59:30,1784113170,BOOM600,5360.177,-1,0.012999999999919964,BACKFILL_AUTO
2026-07-15 10:59:31,1784113171,BOOM600,5360.161,-1,0.01599999999962165,BACKFILL_AUTO
2026-07-15 10:59:32,1784113172,BOOM600,5360.149,-1,0.011999999999716238,BACKFILL_AUTO
2026-07-15 10:59:33,1784113173,BOOM600,5360.148,-1,0.0010000000002037268,BACKFILL_AUTO
2026-07-15 10:59:34,1784113174,BOOM600,5360.145,-1,0.0029999999997016857,BACKFILL_AUTO
2026-07-15 10:59:35,1784113175,BOOM600,5360.126,-1,0.01900000000023283,BACKFILL_AUTO
2026-07-15 10:59:36,1784113176,BOOM600,5360.12,-1,0.006000000000312866,BACKFILL_AUTO
2026-07-15 10:59:37,1784113177,BOOM600,5360.12,0,0.0,BACKFILL_AUTO
2026-07-15 10:59:38,1784113178,BOOM600,5360.118,-1,0.001999999999497959,BACKFILL_AUTO
2026-07-15 10:59:39,1784113179,BOOM600,5360.115,-1,0.0030000000006111804,BACKFILL_AUTO
2026-07-15 10:59:40,1784113180,BOOM600,5360.102,-1,0.012999999999919964,BACKFILL_AUTO
2026-07-15 10:59:41,1784113181,BOOM600,5360.09,-1,0.011999999999716238,BACKFILL_AUTO
2026-07-15 10:59:42,1784113182,BOOM600,5360.081,-1,0.009000000000014552,BACKFILL_AUTO
2026-07-15 10:59:43,1784113183,BOOM600,5360.066,-1,0.015000000000327418,BACKFILL_AUTO
2026-07-15 10:59:44,1784113184,BOOM600,5360.057,-1,0.009000000000014552,BACKFILL_AUTO
2026-07-15 10:59:45,1784113185,BOOM600,5360.043,-1,0.014000000000123691,BACKFILL_AUTO
2026-07-15 10:59:46,1784113186,BOOM600,5360.042,-1,0.0009999999992942321,BACKFILL_AUTO
2026-07-15 10:59:47,1784113187,BOOM600,5360.034,-1,0.00800000000072032,BACKFILL_AUTO
2026-07-15 10:59:48,1784113188,BOOM600,5360.032,-1,0.001999999999497959,BACKFILL_AUTO
2026-07-15 10:59:49,1784113189,BOOM600,5360.031,-1,0.0010000000002037268,BACKFILL_AUTO
2026-07-15 10:59:50,1784113190,BOOM600,5360.01,-1,0.02099999999973079,BACKFILL_AUTO
2026-07-15 10:59:51,1784113191,BOOM600,5360.005,-1,0.005000000000109139,BACKFILL_AUTO
2026-07-15 10:59:52,1784113192,BOOM600,5359.988,-1,0.016999999999825377,BACKFILL_AUTO
2026-07-15 10:59:53,1784113193,BOOM600,5359.978,-1,0.010000000000218279,BACKFILL_AUTO
2026-07-15 10:59:54,1784113194,BOOM600,5359.966,-1,0.011999999999716238,BACKFILL_AUTO
2026-07-15 10:59:55,1784113195,BOOM600,5359.964,-1,0.0020000000004074536,BACKFILL_AUTO
2026-07-15 10:59:56,1784113196,BOOM600,5359.951,-1,0.012999999999919964,BACKFILL_AUTO
2026-07-15 10:59:57,1784113197,BOOM600,5359.934,-1,0.016999999999825377,BACKFILL_AUTO
2026-07-15 10:59:58,1784113198,BOOM600,5359.932,-1,0.0020000000004074536,BACKFILL_AUTO
2026-07-15 10:59:59,1784113199,BOOM600,5359.911,-1,0.02099999999973079,BACKFILL_AUTO
2026-07-15 11:00:00,1784113200,BOOM600,5359.908,-1,0.0029999999997016857,BACKFILL_AUTO
2026-07-15 11:00:01,1784113201,BOOM600,5359.896,-1,0.012000000000625732,BACKFILL_AUTO
2026-07-15 11:00:02,1784113202,BOOM600,5359.892,-1,0.0039999999999054126,BACKFILL_AUTO
2026-07-15 11:00:03,1784113203,BOOM600,5359.876,-1,0.01599999999962165,BACKFILL_AUTO
2026-07-15 11:00:04,1784113204,BOOM600,5359.873,-1,0.0030000000006111804,BACKFILL_AUTO
2026-07-15 11:00:05,1784113205,BOOM600,5359.872,-1,0.0009999999992942321,BACKFILL_AUTO
2026-07-15 11:00:06,1784113206,BOOM600,5359.869,-1,0.0030000000006111804,BACKFILL_AUTO
2026-07-15 11:00:07,1784113207,BOOM600,5359.864,-1,0.005000000000109139,BACKFILL_AUTO
2026-07-15 11:00:08,1784113208,BOOM600,5359.858,-1,0.0059999999994033715,BACKFILL_AUTO
2026-07-15 11:00:09,1784113209,BOOM600,5359.849,-1,0.009000000000014552,BACKFILL_AUTO
2026-07-15 11:00:10,1784113210,BOOM600,5359.833,-1,0.016000000000531145,BACKFILL_AUTO
2026-07-15 11:00:11,1784113211,BOOM600,5359.816,-1,0.016999999999825377,BACKFILL_AUTO
2026-07-15 11:00:12,1784113212,BOOM600,5359.805,-1,0.01099999999951251,BACKFILL_AUTO
2026-07-15 11:00:13,1784113213,BOOM600,5359.801,-1,0.0039999999999054126,BACKFILL_AUTO
2026-07-15 11:00:14,1784113214,BOOM600,5359.794,-1,0.007000000000516593,BACKFILL_AUTO
2026-07-15 11:00:15,1784113215,BOOM600,5359.792,-1,0.001999999999497959,BACKFILL_AUTO
2026-07-15 11:00:16,1784113216,BOOM600,5359.781,-1,0.011000000000422006,BACKFILL_AUTO
2026-07-15 11:00:17,1784113217,BOOM600,5359.762,-1,0.01900000000023283,BACKFILL_AUTO
2026-07-15 11:00:18,1784113218,BOOM600,5359.745,-1,0.016999999999825377,BACKFILL_AUTO
2026-07-15 11:00:19,1784113219,BOOM600,5359.74,-1,0.005000000000109139,BACKFILL_AUTO
2026-07-15 11:00:20,1784113220,BOOM600,5359.735,-1,0.005000000000109139,BACKFILL_AUTO
2026-07-15 11:00:21,1784113221,BOOM600,5359.729,-1,0.0059999999994033715,BACKFILL_AUTO
2026-07-15 11:00:22,1784113222,BOOM600,5359.726,-1,0.0030000000006111804,BACKFILL_AUTO
2026-07-15 11:00:23,1784113223,BOOM600,5359.711,-1,0.014999999999417923,BACKFILL_AUTO
2026-07-15 11:00:24,1784113224,BOOM600,5359.697,-1,0.014000000000123691,BACKFILL_AUTO
2026-07-15 11:00:25,1784113225,BOOM600,5359.689,-1,0.007999999999810825,BACKFILL_AUTO
2026-07-15 11:00:26,1784113226,BOOM600,5359.683,-1,0.006000000000312866,BACKFILL_AUTO
2026-07-15 11:00:27,1784113227,BOOM600,5359.676,-1,0.006999999999607098,BACKFILL_AUTO
2026-07-15 11:00:28,1784113228,BOOM600,5359.67,-1,0.006000000000312866,BACKFILL_AUTO
2026-07-15 11:00:29,1784113229,BOOM600,5359.649,-1,0.02099999999973079,BACKFILL_AUTO
2026-07-15 11:00:30,1784113230,BOOM600,5359.648,-1,0.0010000000002037268,BACKFILL_AUTO
2026-07-15 11:00:31,1784113231,BOOM600,5359.635,-1,0.012999999999919964,BACKFILL_AUTO
2026-07-15 11:00:32,1784113232,BOOM600,5359.626,-1,0.009000000000014552,BACKFILL_AUTO
2026-07-15 11:00:33,1784113233,BOOM600,5359.618,-1,0.007999999999810825,BACKFILL_AUTO
2026-07-15 11:00:34,1784113234,BOOM600,5359.616,-1,0.0020000000004074536,BACKFILL_AUTO
2026-07-15 11:00:35,1784113235,BOOM600,5359.607,-1,0.009000000000014552,BACKFILL_AUTO
2026-07-15 11:00:36,1784113236,BOOM600,5359.598,-1,0.009000000000014552,BACKFILL_AUTO
2026-07-15 11:00:37,1784113237,BOOM600,5359.577,-1,0.02099999999973079,BACKFILL_AUTO
2026-07-15 11:00:38,1784113238,BOOM600,5359.573,-1,0.0039999999999054126,BACKFILL_AUTO
2026-07-15 11:00:39,1784113239,BOOM600,5359.562,-1,0.011000000000422006,BACKFILL_AUTO
2026-07-15 11:00:40,1784113240,BOOM600,5359.562,0,0.0,BACKFILL_AUTO
2026-07-15 11:00:41,1784113241,BOOM600,5359.55,-1,0.011999999999716238,BACKFILL_AUTO
2026-07-15 11:00:42,1784113242,BOOM600,5359.545,-1,0.005000000000109139,BACKFILL_AUTO
2026-07-15 11:00:43,1784113243,BOOM600,5359.528,-1,0.016999999999825377,BACKFILL_AUTO
2026-07-15 11:00:44,1784113244,BOOM600,5359.504,-1,0.02400000000034197,BACKFILL_AUTO
2026-07-15 11:00:45,1784113245,BOOM600,5359.495,-1,0.009000000000014552,BACKFILL_AUTO
2026-07-15 11:00:46,1784113246,BOOM600,5359.481,-1,0.014000000000123691,BACKFILL_AUTO
2026-07-15 11:00:47,1784113247,BOOM600,5359.479,-1,0.001999999999497959,BACKFILL_AUTO
2026-07-15 11:00:48,1784113248,BOOM600,5359.467,-1,0.012000000000625732,BACKFILL_AUTO
2026-07-15 11:00:49,1784113249,BOOM600,5359.464,-1,0.0029999999997016857,BACKFILL_AUTO
2026-07-15 11:00:50,1784113250,BOOM600,5359.458,-1,0.006000000000312866,BACKFILL_AUTO
2026-07-15 11:00:51,1784113251,BOOM600,5359.455,-1,0.0029999999997016857,BACKFILL_AUTO
2026-07-15 11:00:52,1784113252,BOOM600,5359.453,-1,0.001999999999497959,BACKFILL_AUTO
2026-07-15 11:00:53,1784113253,BOOM600,5359.448,-1,0.005000000000109139,BACKFILL_AUTO
2026-07-15 11:00:54,1784113254,BOOM600,5359.44,-1,0.00800000000072032,BACKFILL_AUTO
2026-07-15 11:00:55,1784113255,BOOM600,5359.433,-1,0.006999999999607098,BACKFILL_AUTO
2026-07-15 11:00:56,1784113256,BOOM600,5359.43,-1,0.0029999999997016857,BACKFILL_AUTO
2026-07-15 11:00:57,1784113257,BOOM600,5359.428,-1,0.0020000000004074536,BACKFILL_AUTO
2026-07-15 11:00:58,1784113258,BOOM600,5359.427,-1,0.0010000000002037268,BACKFILL_AUTO
2026-07-15 11:00:59,1784113259,BOOM600,5359.408,-1,0.018999999999323336,BACKFILL_AUTO
2026-07-15 11:01:00,1784113260,BOOM600,5359.399,-1,0.009000000000014552,BACKFILL_AUTO
2026-07-15 11:01:01,1784113261,BOOM600,5359.391,-1,0.00800000000072032,BACKFILL_AUTO
2026-07-15 11:01:02,1784113262,BOOM600,5359.391,0,0.0,BACKFILL_AUTO
2026-07-15 11:01:03,1784113263,BOOM600,5359.388,-1,0.0029999999997016857,BACKFILL_AUTO
2026-07-15 11:01:04,1784113264,BOOM600,5359.386,-1,0.001999999999497959,BACKFILL_AUTO
2026-07-15 11:01:05,1784113265,BOOM600,5359.377,-1,0.009000000000014552,BACKFILL_AUTO
2026-07-15 11:01:06,1784113266,BOOM600,5359.36,-1,0.01700000000073487,BACKFILL_AUTO
2026-07-15 11:01:07,1784113267,BOOM600,5359.352,-1,0.007999999999810825,BACKFILL_AUTO
2026-07-15 11:01:08,1784113268,BOOM600,5359.336,-1,0.01599999999962165,BACKFILL_AUTO
2026-07-15 11:01:09,1784113269,BOOM600,5359.324,-1,0.012000000000625732,BACKFILL_AUTO
2026-07-15 11:01:10,1784113270,BOOM600,5359.315,-1,0.009000000000014552,BACKFILL_AUTO
2026-07-15 11:01:11,1784113271,BOOM600,5359.301,-1,0.013999999999214197,BACKFILL_AUTO
2026-07-15 11:01:12,1784113272,BOOM600,5359.288,-1,0.01300000000082946,BACKFILL_AUTO
2026-07-15 11:01:13,1784113273,BOOM600,5359.271,-1,0.016999999999825377,BACKFILL_AUTO
2026-07-15 11:01:14,1784113274,BOOM600,5359.262,-1,0.009000000000014552,BACKFILL_AUTO
2026-07-15 11:01:15,1784113275,BOOM600,5359.249,-1,0.012999999999919964,BACKFILL_AUTO
2026-07-15 11:01:16,1784113276,BOOM600,5359.244,-1,0.005000000000109139,BACKFILL_AUTO
2026-07-15 11:01:17,1784113277,BOOM600,5359.228,-1,0.01599999999962165,BACKFILL_AUTO
2026-07-15 11:01:18,1784113278,BOOM600,5359.224,-1,0.0039999999999054126,BACKFILL_AUTO
2026-07-15 11:01:19,1784113279,BOOM600,5359.221,-1,0.0030000000006111804,BACKFILL_AUTO
2026-07-15 11:01:20,1784113280,BOOM600,5359.212,-1,0.008999999999105057,BACKFILL_AUTO
2026-07-15 11:01:21,1784113281,BOOM600,5359.193,-1,0.01900000000023283,BACKFILL_AUTO
2026-07-15 11:01:22,1784113282,BOOM600,5359.174,-1,0.01900000000023283,BACKFILL_AUTO
2026-07-15 11:01:23,1784113283,BOOM600,5359.156,-1,0.018000000000029104,BACKFILL_AUTO
2026-07-15 11:01:24,1784113284,BOOM600,5359.143,-1,0.012999999999919964,BACKFILL_AUTO
2026-07-15 11:01:25,1784113285,BOOM600,5359.129,-1,0.014000000000123691,BACKFILL_AUTO
2026-07-15 11:01:26,1784113286,BOOM600,5359.122,-1,0.006999999999607098,BACKFILL_AUTO
2026-07-15 11:01:27,1784113287,BOOM600,5359.101,-1,0.021000000000640284,BACKFILL_AUTO
2026-07-15 11:01:28,1784113288,BOOM600,5359.087,-1,0.013999999999214197,BACKFILL_AUTO
2026-07-15 11:01:29,1784113289,BOOM600,5359.082,-1,0.005000000000109139,BACKFILL_AUTO
2026-07-15 11:01:30,1784113290,BOOM600,5359.072,-1,0.010000000000218279,BACKFILL_AUTO
2026-07-15 11:01:31,1784113291,BOOM600,5359.068,-1,0.0039999999999054126,BACKFILL_AUTO
2026-07-15 11:01:32,1784113292,BOOM600,5359.057,-1,0.011000000000422006,BACKFILL_AUTO
2026-07-15 11:01:33,1784113293,BOOM600,5359.056,-1,0.0010000000002037268,BACKFILL_AUTO
2026-07-15 11:01:34,1784113294,BOOM600,5359.054,-1,0.001999999999497959,BACKFILL_AUTO
2026-07-15 11:01:35,1784113295,BOOM600,5359.05,-1,0.0039999999999054126,BACKFILL_AUTO
2026-07-15 11:01:36,1784113296,BOOM600,5359.041,-1,0.009000000000014552,BACKFILL_AUTO
2026-07-15 11:01:37,1784113297,BOOM600,5359.036,-1,0.005000000000109139,BACKFILL_AUTO
2026-07-15 11:01:38,1784113298,BOOM600,5359.026,-1,0.010000000000218279,BACKFILL_AUTO
2026-07-15 11:01:39,1784113299,BOOM600,5359.015,-1,0.01099999999951251,BACKFILL_AUTO
2026-07-15 11:01:40,1784113300,BOOM600,5359.0,-1,0.015000000000327418,BACKFILL_AUTO
2026-07-15 11:01:41,1784113301,BOOM600,5358.991,-1,0.009000000000014552,BACKFILL_AUTO
2026-07-15 11:01:42,1784113302,BOOM600,5358.988,-1,0.0029999999997016857,BACKFILL_AUTO
2026-07-15 11:01:43,1784113303,BOOM600,5358.971,-1,0.01700000000073487,BACKFILL_AUTO
2026-07-15 11:01:44,1784113304,BOOM600,5358.965,-1,0.0059999999994033715,BACKFILL_AUTO
2026-07-15 11:01:45,1784113305,BOOM600,5358.963,-1,0.0020000000004074536,BACKFILL_AUTO
2026-07-15 11:01:46,1784113306,BOOM600,5358.944,-1,0.018999999999323336,BACKFILL_AUTO
2026-07-15 11:01:47,1784113307,BOOM600,5358.933,-1,0.011000000000422006,BACKFILL_AUTO
2026-07-15 11:01:48,1784113308,BOOM600,5358.93,-1,0.0029999999997016857,BACKFILL_AUTO
2026-07-15 11:01:49,1784113309,BOOM600,5358.915,-1,0.015000000000327418,BACKFILL_AUTO
2026-07-15 11:01:50,1784113310,BOOM600,5358.907,-1,0.007999999999810825,BACKFILL_AUTO
2026-07-15 11:01:51,1784113311,BOOM600,5358.9,-1,0.007000000000516593,BACKFILL_AUTO
2026-07-15 11:01:52,1784113312,BOOM600,5358.893,-1,0.006999999999607098,BACKFILL_AUTO
2026-07-15 11:01:53,1784113313,BOOM600,5358.884,-1,0.009000000000014552,BACKFILL_AUTO
2026-07-15 11:01:54,1784113314,BOOM600,5358.876,-1,0.007999999999810825,BACKFILL_AUTO
2026-07-15 11:01:55,1784113315,BOOM600,5358.872,-1,0.0039999999999054126,BACKFILL_AUTO
2026-07-15 11:01:56,1784113316,BOOM600,5358.855,-1,0.01700000000073487,BACKFILL_AUTO
2026-07-15 11:01:57,1784113317,BOOM600,5358.843,-1,0.011999999999716238,BACKFILL_AUTO
2026-07-15 11:01:58,1784113318,BOOM600,5358.828,-1,0.014999999999417923,BACKFILL_AUTO
2026-07-15 11:01:59,1784113319,BOOM600,5358.817,-1,0.011000000000422006,BACKFILL_AUTO
2026-07-15 11:02:00,1784113320,BOOM600,5358.803,-1,0.014000000000123691,BACKFILL_AUTO
2026-07-15 11:02:01,1784113321,BOOM600,5358.79,-1,0.012999999999919964,BACKFILL_AUTO
2026-07-15 11:02:02,1784113322,BOOM600,5358.788,-1,0.0020000000004074536,BACKFILL_AUTO
2026-07-15 11:02:03,1784113323,BOOM600,5358.781,-1,0.006999999999607098,BACKFILL_AUTO
2026-07-15 11:02:04,1784113324,BOOM600,5358.774,-1,0.006999999999607098,BACKFILL_AUTO
2026-07-15 11:02:05,1784113325,BOOM600,5358.769,-1,0.005000000000109139,BACKFILL_AUTO
2026-07-15 11:02:06,1784113326,BOOM600,5358.744,-1,0.025000000000545697,BACKFILL_AUTO
2026-07-15 11:02:07,1784113327,BOOM600,5358.743,-1,0.0009999999992942321,BACKFILL_AUTO
2026-07-15 11:02:08,1784113328,BOOM600,5358.731,-1,0.012000000000625732,BACKFILL_AUTO
2026-07-15 11:02:09,1784113329,BOOM600,5358.721,-1,0.010000000000218279,BACKFILL_AUTO
2026-07-15 11:02:10,1784113330,BOOM600,5358.708,-1,0.012999999999919964,BACKFILL_AUTO
2026-07-15 11:02:11,1784113331,BOOM600,5358.695,-1,0.012999999999919964,BACKFILL_AUTO
2026-07-15 11:02:12,1784113332,BOOM600,5358.688,-1,0.006999999999607098,BACKFILL_AUTO
2026-07-15 11:02:13,1784113333,BOOM600,5358.68,-1,0.007999999999810825,BACKFILL_AUTO
2026-07-15 11:02:14,1784113334,BOOM600,5358.668,-1,0.012000000000625732,BACKFILL_AUTO
2026-07-15 11:02:15,1784113335,BOOM600,5358.648,-1,0.019999999999527063,BACKFILL_AUTO
2026-07-15 11:02:16,1784113336,BOOM600,5358.647,-1,0.0010000000002037268,BACKFILL_AUTO
2026-07-15 11:02:17,1784113337,BOOM600,5358.642,-1,0.005000000000109139,BACKFILL_AUTO
2026-07-15 11:02:18,1784113338,BOOM600,5358.63,-1,0.011999999999716238,BACKFILL_AUTO
2026-07-15 11:02:19,1784113339,BOOM600,5358.625,-1,0.005000000000109139,BACKFILL_AUTO
2026-07-15 11:02:20,1784113340,BOOM600,5358.616,-1,0.009000000000014552,BACKFILL_AUTO
2026-07-15 11:02:21,1784113341,BOOM600,5358.612,-1,0.0039999999999054126,BACKFILL_AUTO
2026-07-15 11:02:22,1784113342,BOOM600,5358.61,-1,0.0020000000004074536,BACKFILL_AUTO
2026-07-15 11:02:23,1784113343,BOOM600,5358.601,-1,0.009000000000014552,BACKFILL_AUTO
2026-07-15 11:02:24,1784113344,BOOM600,5358.597,-1,0.0039999999999054126,BACKFILL_AUTO
2026-07-15 11:02:25,1784113345,BOOM600,5358.586,-1,0.01099999999951251,BACKFILL_AUTO
2026-07-15 11:02:26,1784113346,BOOM600,5358.566,-1,0.020000000000436557,BACKFILL_AUTO
2026-07-15 11:02:27,1784113347,BOOM600,5358.566,0,0.0,BACKFILL_AUTO
2026-07-15 11:02:28,1784113348,BOOM600,5358.56,-1,0.0059999999994033715,BACKFILL_AUTO
2026-07-15 11:02:29,1784113349,BOOM600,5358.541,-1,0.01900000000023283,BACKFILL_AUTO
2026-07-15 11:02:30,1784113350,BOOM600,5358.536,-1,0.005000000000109139,BACKFILL_AUTO
2026-07-15 11:02:31,1784113351,BOOM600,5358.531,-1,0.005000000000109139,BACKFILL_AUTO
2026-07-15 11:02:32,1784113352,BOOM600,5358.526,-1,0.005000000000109139,BACKFILL_AUTO
2026-07-15 11:02:33,1784113353,BOOM600,5358.519,-1,0.006999999999607098,BACKFILL_AUTO
2026-07-15 11:02:34,1784113354,BOOM600,5358.519,0,0.0,BACKFILL_AUTO
2026-07-15 11:02:35,1784113355,BOOM600,5358.518,-1,0.0010000000002037268,BACKFILL_AUTO
2026-07-15 11:02:36,1784113356,BOOM600,5358.511,-1,0.006999999999607098,BACKFILL_AUTO
2026-07-15 11:02:37,1784113357,BOOM600,5358.507,-1,0.004000000000814907,BACKFILL_AUTO
2026-07-15 11:02:38,1784113358,BOOM600,5358.504,-1,0.0029999999997016857,BACKFILL_AUTO
2026-07-15 11:02:39,1784113359,BOOM600,5358.497,-1,0.006999999999607098,BACKFILL_AUTO
2026-07-15 11:02:40,1784113360,BOOM600,5358.493,-1,0.0039999999999054126,BACKFILL_AUTO
2026-07-15 11:02:41,1784113361,BOOM600,5358.485,-1,0.00800000000072032,BACKFILL_AUTO
2026-07-15 11:02:42,1784113362,BOOM600,5358.461,-1,0.023999999999432475,BACKFILL_AUTO
2026-07-15 11:02:43,1784113363,BOOM600,5358.456,-1,0.005000000000109139,BACKFILL_AUTO
2026-07-15 11:02:44,1784113364,BOOM600,5358.444,-1,0.011999999999716238,BACKFILL_AUTO
2026-07-15 11:02:45,1784113365,BOOM600,5358.436,-1,0.00800000000072032,BACKFILL_AUTO
2026-07-15 11:02:46,1784113366,BOOM600,5358.429,-1,0.006999999999607098,BACKFILL_AUTO
2026-07-15 11:02:47,1784113367,BOOM600,5358.41,-1,0.01900000000023283,BACKFILL_AUTO
2026-07-15 11:02:48,1784113368,BOOM600,5358.406,-1,0.0039999999999054126,BACKFILL_AUTO
2026-07-15 11:02:49,1784113369,BOOM600,5358.4,-1,0.006000000000312866,BACKFILL_AUTO
2026-07-15 11:02:50,1784113370,BOOM600,5358.396,-1,0.0039999999999054126,BACKFILL_AUTO
2026-07-15 11:02:51,1784113371,BOOM600,5358.394,-1,0.001999999999497959,BACKFILL_AUTO
2026-07-15 11:02:52,1784113372,BOOM600,5358.382,-1,0.012000000000625732,BACKFILL_AUTO
2026-07-15 11:02:53,1784113373,BOOM600,5358.377,-1,0.004999999999199645,BACKFILL_AUTO
2026-07-15 11:02:54,1784113374,BOOM600,5358.363,-1,0.014000000000123691,BACKFILL_AUTO
2026-07-15 11:02:55,1784113375,BOOM600,5358.355,-1,0.00800000000072032,BACKFILL_AUTO
2026-07-15 11:02:56,1784113376,BOOM600,5358.339,-1,0.01599999999962165,BACKFILL_AUTO
2026-07-15 11:02:57,1784113377,BOOM600,5358.338,-1,0.0010000000002037268,BACKFILL_AUTO
2026-07-15 11:02:58,1784113378,BOOM600,5358.321,-1,0.016999999999825377,BACKFILL_AUTO
2026-07-15 11:02:59,1784113379,BOOM600,5358.31,-1,0.01099999999951251,BACKFILL_AUTO
2026-07-15 11:03:00,1784113380,BOOM600,5358.3,-1,0.010000000000218279,BACKFILL_AUTO
2026-07-15 11:03:01,1784113381,BOOM600,5358.291,-1,0.009000000000014552,BACKFILL_AUTO
2026-07-15 11:03:02,1784113382,BOOM600,5358.284,-1,0.007000000000516593,BACKFILL_AUTO
2026-07-15 11:03:03,1784113383,BOOM600,5358.279,-1,0.004999999999199645,BACKFILL_AUTO
2026-07-15 11:03:04,1784113384,BOOM600,5358.278,-1,0.0010000000002037268,BACKFILL_AUTO
2026-07-15 11:03:05,1784113385,BOOM600,5358.275,-1,0.0030000000006111804,BACKFILL_AUTO
2026-07-15 11:03:06,1784113386,BOOM600,5358.267,-1,0.007999999999810825,BACKFILL_AUTO
2026-07-15 11:03:07,1784113387,BOOM600,5358.26,-1,0.006999999999607098,BACKFILL_AUTO
2026-07-15 11:03:08,1784113388,BOOM600,5358.259,-1,0.0010000000002037268,BACKFILL_AUTO
2026-07-15 11:03:09,1784113389,BOOM600,5358.251,-1,0.007999999999810825,BACKFILL_AUTO
2026-07-15 11:03:10,1784113390,BOOM600,5358.245,-1,0.006000000000312866,BACKFILL_AUTO
2026-07-15 11:03:11,1784113391,BOOM600,5358.243,-1,0.001999999999497959,BACKFILL_AUTO
2026-07-15 11:03:12,1784113392,BOOM600,5358.224,-1,0.01900000000023283,BACKFILL_AUTO
2026-07-15 11:03:13,1784113393,BOOM600,5358.218,-1,0.006000000000312866,BACKFILL_AUTO
2026-07-15 11:03:14,1784113394,BOOM600,5358.206,-1,0.011999999999716238,BACKFILL_AUTO
2026-07-15 11:03:15,1784113395,BOOM600,5358.2,-1,0.006000000000312866,BACKFILL_AUTO
2026-07-15 11:03:16,1784113396,BOOM600,5358.184,-1,0.01599999999962165,BACKFILL_AUTO
2026-07-15 11:03:17,1784113397,BOOM600,5358.179,-1,0.005000000000109139,BACKFILL_AUTO
2026-07-15 11:03:18,1784113398,BOOM600,5358.175,-1,0.0039999999999054126,BACKFILL_AUTO
2026-07-15 11:03:19,1784113399,BOOM600,5358.174,-1,0.0010000000002037268,BACKFILL_AUTO
2026-07-15 11:03:20,1784113400,BOOM600,5358.161,-1,0.012999999999919964,BACKFILL_AUTO
2026-07-15 11:03:21,1784113401,BOOM600,5358.159,-1,0.0020000000004074536,BACKFILL_AUTO
2026-07-15 11:03:22,1784113402,BOOM600,5361.413,1,3.2539999999999054,BACKFILL_AUTO
2026-07-15 11:03:23,1784113403,BOOM600,5361.412,-1,0.0009999999992942321,BACKFILL_AUTO
2026-07-15 11:03:24,1784113404,BOOM600,5361.398,-1,0.014000000000123691,BACKFILL_AUTO
2026-07-15 11:03:25,1784113405,BOOM600,5361.388,-1,0.010000000000218279,BACKFILL_AUTO
2026-07-15 11:03:26,1784113406,BOOM600,5361.373,-1,0.015000000000327418,BACKFILL_AUTO
2026-07-15 11:03:27,1784113407,BOOM600,5361.371,-1,0.001999999999497959,BACKFILL_AUTO
2026-07-15 11:03:28,1784113408,BOOM600,5361.363,-1,0.007999999999810825,BACKFILL_AUTO
2026-07-15 11:03:29,1784113409,BOOM600,5361.355,-1,0.00800000000072032,BACKFILL_AUTO
2026-07-15 11:03:30,1784113410,BOOM600,5361.331,-1,0.023999999999432475,BACKFILL_AUTO
2026-07-15 11:03:31,1784113411,BOOM600,5361.314,-1,0.016999999999825377,BACKFILL_AUTO
2026-07-15 11:03:32,1784113412,BOOM600,5361.313,-1,0.0010000000002037268,BACKFILL_AUTO
2026-07-15 11:03:33,1784113413,BOOM600,5361.309,-1,0.0039999999999054126,BACKFILL_AUTO
2026-07-15 11:03:34,1784113414,BOOM600,5361.288,-1,0.021000000000640284,BACKFILL_AUTO
2026-07-15 11:03:35,1784113415,BOOM600,5361.279,-1,0.008999999999105057,BACKFILL_AUTO
2026-07-15 11:03:36,1784113416,BOOM600,5361.265,-1,0.014000000000123691,BACKFILL_AUTO
2026-07-15 11:03:37,1784113417,BOOM600,5361.263,-1,0.0020000000004074536,BACKFILL_AUTO
2026-07-15 11:03:38,1784113418,BOOM600,5361.262,-1,0.0010000000002037268,BACKFILL_AUTO
2026-07-15 11:03:39,1784113419,BOOM600,5361.252,-1,0.009999999999308784,BACKFILL_AUTO
2026-07-15 11:03:40,1784113420,BOOM600,5361.244,-1,0.00800000000072032,BACKFILL_AUTO
2026-07-15 11:03:41,1784113421,BOOM600,5361.222,-1,0.021999999999934516,BACKFILL_AUTO
2026-07-15 11:03:42,1784113422,BOOM600,5361.216,-1,0.0059999999994033715,BACKFILL_AUTO
2026-07-15 11:03:43,1784113423,BOOM600,5361.214,-1,0.0020000000004074536,BACKFILL_AUTO
2026-07-15 11:03:44,1784113424,BOOM600,5361.204,-1,0.010000000000218279,BACKFILL_AUTO
2026-07-15 11:03:45,1784113425,BOOM600,5361.196,-1,0.007999999999810825,BACKFILL_AUTO
2026-07-15 11:03:46,1784113426,BOOM600,5361.187,-1,0.009000000000014552,BACKFILL_AUTO
2026-07-15 11:03:47,1784113427,BOOM600,5361.186,-1,0.0010000000002037268,BACKFILL_AUTO
2026-07-15 11:03:48,1784113428,BOOM600,5361.172,-1,0.014000000000123691,BACKFILL_AUTO
2026-07-15 11:03:49,1784113429,BOOM600,5361.159,-1,0.012999999999919964,BACKFILL_AUTO
2026-07-15 11:03:50,1784113430,BOOM600,5361.157,-1,0.001999999999497959,BACKFILL_AUTO
2026-07-15 11:03:51,1784113431,BOOM600,5361.139,-1,0.018000000000029104,BACKFILL_AUTO
2026-07-15 11:03:52,1784113432,BOOM600,5361.128,-1,0.011000000000422006,BACKFILL_AUTO
2026-07-15 11:03:53,1784113433,BOOM600,5361.126,-1,0.001999999999497959,BACKFILL_AUTO
2026-07-15 11:03:54,1784113434,BOOM600,5361.122,-1,0.0039999999999054126,BACKFILL_AUTO
2026-07-15 11:03:55,1784113435,BOOM600,5361.103,-1,0.01900000000023283,BACKFILL_AUTO
2026-07-15 11:03:56,1784113436,BOOM600,5361.092,-1,0.011000000000422006,BACKFILL_AUTO
2026-07-15 11:03:57,1784113437,BOOM600,5361.091,-1,0.0009999999992942321,BACKFILL_AUTO
2026-07-15 11:03:58,1784113438,BOOM600,5361.085,-1,0.006000000000312866,BACKFILL_AUTO
2026-07-15 11:03:59,1784113439,BOOM600,5361.078,-1,0.006999999999607098,BACKFILL_AUTO
2026-07-15 11:04:00,1784113440,BOOM600,5361.069,-1,0.009000000000014552,BACKFILL_AUTO
2026-07-15 11:04:01,1784113441,BOOM600,5361.064,-1,0.005000000000109139,BACKFILL_AUTO
2026-07-15 11:04:02,1784113442,BOOM600,5361.057,-1,0.007000000000516593,BACKFILL_AUTO
2026-07-15 11:04:03,1784113443,BOOM600,5361.05,-1,0.006999999999607098,BACKFILL_AUTO
2026-07-15 11:04:04,1784113444,BOOM600,5361.038,-1,0.012000000000625732,BACKFILL_AUTO
2026-07-15 11:04:05,1784113445,BOOM600,5361.03,-1,0.007999999999810825,BACKFILL_AUTO
2026-07-15 11:04:06,1784113446,BOOM600,5361.022,-1,0.007999999999810825,BACKFILL_AUTO
2026-07-15 11:04:07,1784113447,BOOM600,5361.02,-1,0.001999999999497959,BACKFILL_AUTO
2026-07-15 11:04:08,1784113448,BOOM600,5361.015,-1,0.005000000000109139,BACKFILL_AUTO
2026-07-15 11:04:09,1784113449,BOOM600,5361.003,-1,0.012000000000625732,BACKFILL_AUTO
2026-07-15 11:04:10,1784113450,BOOM600,5361.001,-1,0.001999999999497959,BACKFILL_AUTO
2026-07-15 11:04:11,1784113451,BOOM600,5361.0,-1,0.0010000000002037268,BACKFILL_AUTO
2026-07-15 11:04:12,1784113452,BOOM600,5360.974,-1,0.02599999999983993,BACKFILL_AUTO
2026-07-15 11:04:13,1784113453,BOOM600,5360.972,-1,0.0020000000004074536,BACKFILL_AUTO
2026-07-15 11:04:14,1784113454,BOOM600,5360.965,-1,0.006999999999607098,BACKFILL_AUTO
2026-07-15 11:04:15,1784113455,BOOM600,5360.956,-1,0.009000000000014552,BACKFILL_AUTO
2026-07-15 11:04:16,1784113456,BOOM600,5360.931,-1,0.025000000000545697,BACKFILL_AUTO
2026-07-15 11:04:17,1784113457,BOOM600,5360.917,-1,0.013999999999214197,BACKFILL_AUTO
2026-07-15 11:04:18,1784113458,BOOM600,5360.911,-1,0.006000000000312866,BACKFILL_AUTO
2026-07-15 11:04:19,1784113459,BOOM600,5360.91,-1,0.0010000000002037268,BACKFILL_AUTO
2026-07-15 11:04:20,1784113460,BOOM600,5360.909,-1,0.0010000000002037268,BACKFILL_AUTO
2026-07-15 11:04:21,1784113461,BOOM600,5360.905,-1,0.0039999999999054126,BACKFILL_AUTO
2026-07-15 11:04:22,1784113462,BOOM600,5360.896,-1,0.009000000000014552,BACKFILL_AUTO
2026-07-15 11:04:23,1784113463,BOOM600,5360.896,0,0.0,BACKFILL_AUTO
2026-07-15 11:04:24,1784113464,BOOM600,5360.883,-1,0.012999999999919964,BACKFILL_AUTO
2026-07-15 11:04:25,1784113465,BOOM600,5360.874,-1,0.009000000000014552,BACKFILL_AUTO
2026-07-15 11:04:26,1784113466,BOOM600,5360.866,-1,0.007999999999810825,BACKFILL_AUTO
2026-07-15 11:04:27,1784113467,BOOM600,5360.846,-1,0.020000000000436557,BACKFILL_AUTO
2026-07-15 11:04:28,1784113468,BOOM600,5360.839,-1,0.006999999999607098,BACKFILL_AUTO
2026-07-15 11:04:29,1784113469,BOOM600,5360.83,-1,0.009000000000014552,BACKFILL_AUTO
2026-07-15 11:04:30,1784113470,BOOM600,5360.829,-1,0.0010000000002037268,BACKFILL_AUTO
2026-07-15 11:04:31,1784113471,BOOM600,5360.819,-1,0.009999999999308784,BACKFILL_AUTO
2026-07-15 11:04:32,1784113472,BOOM600,5360.816,-1,0.0030000000006111804,BACKFILL_AUTO
2026-07-15 11:04:33,1784113473,BOOM600,5360.803,-1,0.012999999999919964,BACKFILL_AUTO
2026-07-15 11:04:34,1784113474,BOOM600,5360.797,-1,0.006000000000312866,BACKFILL_AUTO
2026-07-15 11:04:35,1784113475,BOOM600,5360.789,-1,0.007999999999810825,BACKFILL_AUTO
2026-07-15 11:04:36,1784113476,BOOM600,5360.783,-1,0.0059999999994033715,BACKFILL_AUTO
2026-07-15 11:04:37,1784113477,BOOM600,5360.776,-1,0.007000000000516593,BACKFILL_AUTO
2026-07-15 11:04:38,1784113478,BOOM600,5360.768,-1,0.007999999999810825,BACKFILL_AUTO
2026-07-15 11:04:39,1784113479,BOOM600,5360.752,-1,0.01599999999962165,BACKFILL_AUTO
2026-07-15 11:04:40,1784113480,BOOM600,5360.737,-1,0.015000000000327418,BACKFILL_AUTO
2026-07-15 11:04:41,1784113481,BOOM600,5360.733,-1,0.0039999999999054126,BACKFILL_AUTO
2026-07-15 11:04:42,1784113482,BOOM600,5360.719,-1,0.014000000000123691,BACKFILL_AUTO
2026-07-15 11:04:43,1784113483,BOOM600,5360.714,-1,0.005000000000109139,BACKFILL_AUTO
2026-07-15 11:04:44,1784113484,BOOM600,5360.694,-1,0.019999999999527063,BACKFILL_AUTO
2026-07-15 11:04:45,1784113485,BOOM600,5360.68,-1,0.014000000000123691,BACKFILL_AUTO
2026-07-15 11:04:46,1784113486,BOOM600,5360.676,-1,0.0039999999999054126,BACKFILL_AUTO
2026-07-15 11:04:47,1784113487,BOOM600,5360.662,-1,0.014000000000123691,BACKFILL_AUTO
2026-07-15 11:04:48,1784113488,BOOM600,5360.652,-1,0.010000000000218279,BACKFILL_AUTO
2026-07-15 11:04:49,1784113489,BOOM600,5360.646,-1,0.006000000000312866,BACKFILL_AUTO
2026-07-15 11:04:50,1784113490,BOOM600,5360.642,-1,0.0039999999999054126,BACKFILL_AUTO
2026-07-15 11:04:51,1784113491,BOOM600,5360.641,-1,0.0010000000002037268,BACKFILL_AUTO
2026-07-15 11:04:52,1784113492,BOOM600,5360.633,-1,0.007999999999810825,BACKFILL_AUTO
2026-07-15 11:04:53,1784113493,BOOM600,5360.62,-1,0.012999999999919964,BACKFILL_AUTO
2026-07-15 11:04:54,1784113494,BOOM600,5360.615,-1,0.005000000000109139,BACKFILL_AUTO
2026-07-15 11:04:55,1784113495,BOOM600,5360.59,-1,0.024999999999636202,BACKFILL_AUTO
2026-07-15 11:04:56,1784113496,BOOM600,5360.577,-1,0.012999999999919964,BACKFILL_AUTO
2026-07-15 11:04:57,1784113497,BOOM600,5360.568,-1,0.009000000000014552,BACKFILL_AUTO
2026-07-15 11:04:58,1784113498,BOOM600,5360.561,-1,0.007000000000516593,BACKFILL_AUTO
2026-07-15 11:04:59,1784113499,BOOM600,5360.536,-1,0.024999999999636202,BACKFILL_AUTO
2026-07-15 11:05:00,1784113500,BOOM600,5360.522,-1,0.014000000000123691,BACKFILL_AUTO
2026-07-15 11:05:01,1784113501,BOOM600,5360.51,-1,0.011999999999716238,BACKFILL_AUTO
2026-07-15 11:05:02,1784113502,BOOM600,5360.503,-1,0.007000000000516593,BACKFILL_AUTO
2026-07-15 11:05:03,1784113503,BOOM600,5360.482,-1,0.02099999999973079,BACKFILL_AUTO
2026-07-15 11:05:04,1784113504,BOOM600,5360.479,-1,0.0029999999997016857,BACKFILL_AUTO
2026-07-15 11:05:05,1784113505,BOOM600,5360.472,-1,0.007000000000516593,BACKFILL_AUTO
2026-07-15 11:05:06,1784113506,BOOM600,5360.471,-1,0.0010000000002037268,BACKFILL_AUTO
2026-07-15 11:05:07,1784113507,BOOM600,5360.465,-1,0.0059999999994033715,BACKFILL_AUTO
2026-07-15 11:05:08,1784113508,BOOM600,5360.462,-1,0.0029999999997016857,BACKFILL_AUTO
2026-07-15 11:05:09,1784113509,BOOM600,5360.448,-1,0.014000000000123691,BACKFILL_AUTO
2026-07-15 11:05:10,1784113510,BOOM600,5360.442,-1,0.006000000000312866,BACKFILL_AUTO
2026-07-15 11:05:11,1784113511,BOOM600,5360.431,-1,0.011000000000422006,BACKFILL_AUTO
2026-07-15 11:05:12,1784113512,BOOM600,5360.408,-1,0.02299999999922875,BACKFILL_AUTO
2026-07-15 11:05:13,1784113513,BOOM600,5360.397,-1,0.011000000000422006,BACKFILL_AUTO
2026-07-15 11:05:14,1784113514,BOOM600,5360.388,-1,0.009000000000014552,BACKFILL_AUTO
2026-07-15 11:05:15,1784113515,BOOM600,5360.363,-1,0.024999999999636202,BACKFILL_AUTO
2026-07-15 11:05:16,1784113516,BOOM600,5360.353,-1,0.010000000000218279,BACKFILL_AUTO
2026-07-15 11:05:17,1784113517,BOOM600,5360.336,-1,0.016999999999825377,BACKFILL_AUTO
2026-07-15 11:05:18,1784113518,BOOM600,5360.326,-1,0.010000000000218279,BACKFILL_AUTO
2026-07-15 11:05:19,1784113519,BOOM600,5360.325,-1,0.0010000000002037268,BACKFILL_AUTO
2026-07-15 11:05:20,1784113520,BOOM600,5360.322,-1,0.0029999999997016857,BACKFILL_AUTO
2026-07-15 11:05:21,1784113521,BOOM600,5360.317,-1,0.005000000000109139,BACKFILL_AUTO
2026-07-15 11:05:22,1784113522,BOOM600,5360.315,-1,0.0020000000004074536,BACKFILL_AUTO
2026-07-15 11:05:23,1784113523,BOOM600,5360.31,-1,0.004999999999199645,BACKFILL_AUTO
2026-07-15 11:05:24,1784113524,BOOM600,5360.308,-1,0.0020000000004074536,BACKFILL_AUTO
2026-07-15 11:05:25,1784113525,BOOM600,5360.304,-1,0.0039999999999054126,BACKFILL_AUTO
2026-07-15 11:05:26,1784113526,BOOM600,5360.302,-1,0.0020000000004074536,BACKFILL_AUTO
2026-07-15 11:05:27,1784113527,BOOM600,5360.29,-1,0.011999999999716238,BACKFILL_AUTO
2026-07-15 11:05:28,1784113528,BOOM600,5360.285,-1,0.005000000000109139,BACKFILL_AUTO
2026-07-15 11:05:29,1784113529,BOOM600,5360.278,-1,0.006999999999607098,BACKFILL_AUTO
2026-07-15 11:05:30,1784113530,BOOM600,5360.262,-1,0.016000000000531145,BACKFILL_AUTO
2026-07-15 11:05:31,1784113531,BOOM600,5360.259,-1,0.0029999999997016857,BACKFILL_AUTO
2026-07-15 11:05:32,1784113532,BOOM600,5360.243,-1,0.01599999999962165,BACKFILL_AUTO
2026-07-15 11:05:33,1784113533,BOOM600,5360.242,-1,0.0010000000002037268,BACKFILL_AUTO
2026-07-15 11:05:34,1784113534,BOOM600,5360.239,-1,0.0030000000006111804,BACKFILL_AUTO
2026-07-15 11:05:35,1784113535,BOOM600,5360.237,-1,0.001999999999497959,BACKFILL_AUTO
2026-07-15 11:05:36,1784113536,BOOM600,5360.234,-1,0.0029999999997016857,BACKFILL_AUTO
2026-07-15 11:05:37,1784113537,BOOM600,5360.223,-1,0.011000000000422006,BACKFILL_AUTO
2026-07-15 11:05:38,1784113538,BOOM600,5360.217,-1,0.006000000000312866,BACKFILL_AUTO
2026-07-15 11:05:39,1784113539,BOOM600,5360.213,-1,0.0039999999999054126,BACKFILL_AUTO
2026-07-15 11:05:40,1784113540,BOOM600,5360.205,-1,0.007999999999810825,BACKFILL_AUTO
2026-07-15 11:05:41,1784113541,BOOM600,5360.204,-1,0.0010000000002037268,BACKFILL_AUTO
2026-07-15 11:05:42,1784113542,BOOM600,5360.194,-1,0.009999999999308784,BACKFILL_AUTO
2026-07-15 11:05:43,1784113543,BOOM600,5360.19,-1,0.004000000000814907,BACKFILL_AUTO
2026-07-15 11:05:44,1784113544,BOOM600,5360.174,-1,0.01599999999962165,BACKFILL_AUTO
2026-07-15 11:05:45,1784113545,BOOM600,5360.173,-1,0.0010000000002037268,BACKFILL_AUTO
2026-07-15 11:05:46,1784113546,BOOM600,5360.161,-1,0.011999999999716238,BACKFILL_AUTO
2026-07-15 11:05:47,1784113547,BOOM600,5360.155,-1,0.006000000000312866,BACKFILL_AUTO
2026-07-15 11:05:48,1784113548,BOOM600,5360.14,-1,0.014999999999417923,BACKFILL_AUTO
2026-07-15 11:05:49,1784113549,BOOM600,5360.125,-1,0.015000000000327418,BACKFILL_AUTO
2026-07-15 11:05:50,1784113550,BOOM600,5360.109,-1,0.01599999999962165,BACKFILL_AUTO
2026-07-15 11:05:51,1784113551,BOOM600,5360.099,-1,0.010000000000218279,BACKFILL_AUTO
2026-07-15 11:05:52,1784113552,BOOM600,5360.096,-1,0.0030000000006111804,BACKFILL_AUTO
2026-07-15 11:05:53,1784113553,BOOM600,5360.096,0,0.0,BACKFILL_AUTO
2026-07-15 11:05:54,1784113554,BOOM600,5360.092,-1,0.0039999999999054126,BACKFILL_AUTO
2026-07-15 11:05:55,1784113555,BOOM600,5360.077,-1,0.014999999999417923,BACKFILL_AUTO
2026-07-15 11:05:56,1784113556,BOOM600,5360.055,-1,0.021999999999934516,BACKFILL_AUTO
2026-07-15 11:05:57,1784113557,BOOM600,5360.047,-1,0.00800000000072032,BACKFILL_AUTO
2026-07-15 11:05:58,1784113558,BOOM600,5360.028,-1,0.018999999999323336,BACKFILL_AUTO
2026-07-15 11:05:59,1784113559,BOOM600,5360.018,-1,0.010000000000218279,BACKFILL_AUTO
2026-07-15 11:06:00,1784113560,BOOM600,5360.015,-1,0.0029999999997016857,BACKFILL_AUTO
2026-07-15 11:06:01,1784113561,BOOM600,5360.014,-1,0.0010000000002037268,BACKFILL_AUTO
2026-07-15 11:06:02,1784113562,BOOM600,5360.004,-1,0.010000000000218279,BACKFILL_AUTO
2026-07-15 11:06:03,1784113563,BOOM600,5359.99,-1,0.014000000000123691,BACKFILL_AUTO
2026-07-15 11:06:04,1784113564,BOOM600,5359.975,-1,0.014999999999417923,BACKFILL_AUTO
2026-07-15 11:06:05,1784113565,BOOM600,5359.963,-1,0.012000000000625732,BACKFILL_AUTO
2026-07-15 11:06:06,1784113566,BOOM600,5359.944,-1,0.018999999999323336,BACKFILL_AUTO
2026-07-15 11:06:07,1784113567,BOOM600,5359.938,-1,0.006000000000312866,BACKFILL_AUTO
2026-07-15 11:06:08,1784113568,BOOM600,5359.933,-1,0.005000000000109139,BACKFILL_AUTO
2026-07-15 11:06:09,1784113569,BOOM600,5359.932,-1,0.0010000000002037268,BACKFILL_AUTO
2026-07-15 11:06:10,1784113570,BOOM600,5359.919,-1,0.012999999999919964,BACKFILL_AUTO
2026-07-15 11:06:11,1784113571,BOOM600,5359.907,-1,0.011999999999716238,BACKFILL_AUTO
2026-07-15 11:06:12,1784113572,BOOM600,5359.899,-1,0.007999999999810825,BACKFILL_AUTO
2026-07-15 11:06:13,1784113573,BOOM600,5359.894,-1,0.005000000000109139,BACKFILL_AUTO
2026-07-15 11:06:14,1784113574,BOOM600,5359.882,-1,0.012000000000625732,BACKFILL_AUTO
2026-07-15 11:06:15,1784113575,BOOM600,5359.868,-1,0.013999999999214197,BACKFILL_AUTO
2026-07-15 11:06:16,1784113576,BOOM600,5359.864,-1,0.004000000000814907,BACKFILL_AUTO
2026-07-15 11:06:17,1784113577,BOOM600,5359.848,-1,0.01599999999962165,BACKFILL_AUTO
2026-07-15 11:06:18,1784113578,BOOM600,5359.835,-1,0.012999999999919964,BACKFILL_AUTO
2026-07-15 11:06:19,1784113579,BOOM600,5359.828,-1,0.006999999999607098,BACKFILL_AUTO
2026-07-15 11:06:20,1784113580,BOOM600,5359.826,-1,0.0020000000004074536,BACKFILL_AUTO
2026-07-15 11:06:21,1784113581,BOOM600,5359.819,-1,0.006999999999607098,BACKFILL_AUTO
2026-07-15 11:06:22,1784113582,BOOM600,5359.801,-1,0.018000000000029104,BACKFILL_AUTO
2026-07-15 11:06:23,1784113583,BOOM600,5359.788,-1,0.01300000000082946,BACKFILL_AUTO
2026-07-15 11:06:24,1784113584,BOOM600,5359.786,-1,0.001999999999497959,BACKFILL_AUTO
2026-07-15 11:06:25,1784113585,BOOM600,5359.78,-1,0.006000000000312866,BACKFILL_AUTO
2026-07-15 11:06:26,1784113586,BOOM600,5359.765,-1,0.014999999999417923,BACKFILL_AUTO
2026-07-15 11:06:27,1784113587,BOOM600,5359.761,-1,0.0039999999999054126,BACKFILL_AUTO
2026-07-15 11:06:28,1784113588,BOOM600,5359.752,-1,0.009000000000014552,BACKFILL_AUTO
2026-07-15 11:06:29,1784113589,BOOM600,5359.748,-1,0.004000000000814907,BACKFILL_AUTO
2026-07-15 11:06:30,1784113590,BOOM600,5359.737,-1,0.01099999999951251,BACKFILL_AUTO
2026-07-15 11:06:31,1784113591,BOOM600,5359.734,-1,0.0029999999997016857,BACKFILL_AUTO
2026-07-15 11:06:32,1784113592,BOOM600,5359.727,-1,0.007000000000516593,BACKFILL_AUTO
2026-07-15 11:06:33,1784113593,BOOM600,5359.725,-1,0.001999999999497959,BACKFILL_AUTO
2026-07-15 11:06:34,1784113594,BOOM600,5359.71,-1,0.015000000000327418,BACKFILL_AUTO
2026-07-15 11:06:35,1784113595,BOOM600,5359.693,-1,0.016999999999825377,BACKFILL_AUTO
2026-07-15 11:06:36,1784113596,BOOM600,5359.691,-1,0.0020000000004074536,BACKFILL_AUTO
2026-07-15 11:06:37,1784113597,BOOM600,5359.688,-1,0.0029999999997016857,BACKFILL_AUTO
2026-07-15 11:06:38,1784113598,BOOM600,5359.682,-1,0.006000000000312866,BACKFILL_AUTO
2026-07-15 11:06:39,1784113599,BOOM600,5359.671,-1,0.01099999999951251,BACKFILL_AUTO
2026-07-15 11:06:40,1784113600,BOOM600,5359.663,-1,0.00800000000072032,BACKFILL_AUTO
2026-07-15 11:06:41,1784113601,BOOM600,5359.661,-1,0.001999999999497959,BACKFILL_AUTO
2026-07-15 11:06:42,1784113602,BOOM600,5359.659,-1,0.0020000000004074536,BACKFILL_AUTO
2026-07-15 11:06:43,1784113603,BOOM600,5359.652,-1,0.006999999999607098,BACKFILL_AUTO
2026-07-15 11:06:44,1784113604,BOOM600,5359.64,-1,0.011999999999716238,BACKFILL_AUTO
2026-07-15 11:06:45,1784113605,BOOM600,5359.635,-1,0.005000000000109139,BACKFILL_AUTO
2026-07-15 11:06:46,1784113606,BOOM600,5359.627,-1,0.007999999999810825,BACKFILL_AUTO
2026-07-15 11:06:47,1784113607,BOOM600,5359.616,-1,0.011000000000422006,BACKFILL_AUTO
2026-07-15 11:06:48,1784113608,BOOM600,5359.61,-1,0.006000000000312866,BACKFILL_AUTO
2026-07-15 11:06:49,1784113609,BOOM600,5359.607,-1,0.0029999999997016857,BACKFILL_AUTO
2026-07-15 11:06:50,1784113610,BOOM600,5359.605,-1,0.0020000000004074536,BACKFILL_AUTO
2026-07-15 11:06:51,1784113611,BOOM600,5359.604,-1,0.0009999999992942321,BACKFILL_AUTO
2026-07-15 11:06:52,1784113612,BOOM600,5359.597,-1,0.007000000000516593,BACKFILL_AUTO
2026-07-15 11:06:53,1784113613,BOOM600,5359.592,-1,0.005000000000109139,BACKFILL_AUTO
2026-07-15 11:06:54,1784113614,BOOM600,5359.574,-1,0.018000000000029104,BACKFILL_AUTO
2026-07-15 11:06:55,1784113615,BOOM600,5359.563,-1,0.01099999999951251,BACKFILL_AUTO
2026-07-15 11:06:56,1784113616,BOOM600,5359.556,-1,0.007000000000516593,BACKFILL_AUTO
2026-07-15 11:06:57,1784113617,BOOM600,5359.55,-1,0.0059999999994033715,BACKFILL_AUTO
2026-07-15 11:06:58,1784113618,BOOM600,5359.549,-1,0.0010000000002037268,BACKFILL_AUTO
2026-07-15 11:06:59,1784113619,BOOM600,5359.547,-1,0.0020000000004074536,BACKFILL_AUTO
2026-07-15 11:07:00,1784113620,BOOM600,5359.544,-1,0.0029999999997016857,BACKFILL_AUTO
2026-07-15 11:07:01,1784113621,BOOM600,5359.54,-1,0.0039999999999054126,BACKFILL_AUTO
2026-07-15 11:07:02,1784113622,BOOM600,5359.528,-1,0.011999999999716238,BACKFILL_AUTO
2026-07-15 11:07:03,1784113623,BOOM600,5359.523,-1,0.005000000000109139,BACKFILL_AUTO
2026-07-15 11:07:04,1784113624,BOOM600,5359.512,-1,0.011000000000422006,BACKFILL_AUTO
2026-07-15 11:07:05,1784113625,BOOM600,5359.501,-1,0.01099999999951251,BACKFILL_AUTO
2026-07-15 11:07:06,1784113626,BOOM600,5359.483,-1,0.018000000000029104,BACKFILL_AUTO
2026-07-15 11:07:07,1784113627,BOOM600,5359.476,-1,0.007000000000516593,BACKFILL_AUTO
2026-07-15 11:07:08,1784113628,BOOM600,5359.466,-1,0.009999999999308784,BACKFILL_AUTO
2026-07-15 11:07:09,1784113629,BOOM600,5359.465,-1,0.0010000000002037268,BACKFILL_AUTO
2026-07-15 11:07:10,1784113630,BOOM600,5359.455,-1,0.010000000000218279,BACKFILL_AUTO
2026-07-15 11:07:11,1784113631,BOOM600,5359.446,-1,0.009000000000014552,BACKFILL_AUTO
2026-07-15 11:07:12,1784113632,BOOM600,5359.443,-1,0.0029999999997016857,BACKFILL_AUTO
2026-07-15 11:07:13,1784113633,BOOM600,5359.419,-1,0.02400000000034197,BACKFILL_AUTO
2026-07-15 11:07:14,1784113634,BOOM600,5359.412,-1,0.006999999999607098,BACKFILL_AUTO
2026-07-15 11:07:15,1784113635,BOOM600,5359.4,-1,0.012000000000625732,BACKFILL_AUTO
2026-07-15 11:07:16,1784113636,BOOM600,5359.386,-1,0.013999999999214197,BACKFILL_AUTO
2026-07-15 11:07:17,1784113637,BOOM600,5359.371,-1,0.015000000000327418,BACKFILL_AUTO
2026-07-15 11:07:18,1784113638,BOOM600,5359.366,-1,0.005000000000109139,BACKFILL_AUTO
2026-07-15 11:07:19,1784113639,BOOM600,5359.364,-1,0.0020000000004074536,BACKFILL_AUTO
2026-07-15 11:07:20,1784113640,BOOM600,5359.362,-1,0.001999999999497959,BACKFILL_AUTO
2026-07-15 11:07:21,1784113641,BOOM600,5359.358,-1,0.0039999999999054126,BACKFILL_AUTO
2026-07-15 11:07:22,1784113642,BOOM600,5359.354,-1,0.0039999999999054126,BACKFILL_AUTO
2026-07-15 11:07:23,1784113643,BOOM600,5359.349,-1,0.005000000000109139,BACKFILL_AUTO
2026-07-15 11:07:24,1784113644,BOOM600,5359.342,-1,0.007000000000516593,BACKFILL_AUTO
2026-07-15 11:07:25,1784113645,BOOM600,5359.327,-1,0.014999999999417923,BACKFILL_AUTO
2026-07-15 11:07:26,1784113646,BOOM600,5359.315,-1,0.012000000000625732,BACKFILL_AUTO
2026-07-15 11:07:27,1784113647,BOOM600,5359.297,-1,0.018000000000029104,BACKFILL_AUTO
2026-07-15 11:07:28,1784113648,BOOM600,5359.287,-1,0.009999999999308784,BACKFILL_AUTO
2026-07-15 11:07:29,1784113649,BOOM600,5359.274,-1,0.012999999999919964,BACKFILL_AUTO
2026-07-15 11:07:30,1784113650,BOOM600,5359.261,-1,0.012999999999919964,BACKFILL_AUTO
2026-07-15 11:07:31,1784113651,BOOM600,5359.242,-1,0.01900000000023283,BACKFILL_AUTO
2026-07-15 11:07:32,1784113652,BOOM600,5359.242,0,0.0,BACKFILL_AUTO
2026-07-15 11:07:33,1784113653,BOOM600,5359.221,-1,0.021000000000640284,BACKFILL_AUTO
2026-07-15 11:07:34,1784113654,BOOM600,5359.21,-1,0.01099999999951251,BACKFILL_AUTO
2026-07-15 11:07:35,1784113655,BOOM600,5359.205,-1,0.005000000000109139,BACKFILL_AUTO
2026-07-15 11:07:36,1784113656,BOOM600,5359.205,0,0.0,BACKFILL_AUTO
2026-07-15 11:07:37,1784113657,BOOM600,5359.203,-1,0.001999999999497959,BACKFILL_AUTO
2026-07-15 11:07:38,1784113658,BOOM600,5359.196,-1,0.007000000000516593,BACKFILL_AUTO
2026-07-15 11:07:39,1784113659,BOOM600,5359.191,-1,0.005000000000109139,BACKFILL_AUTO
2026-07-15 11:07:40,1784113660,BOOM600,5359.19,-1,0.0010000000002037268,BACKFILL_AUTO
2026-07-15 11:07:41,1784113661,BOOM600,5359.188,-1,0.001999999999497959,BACKFILL_AUTO
2026-07-15 11:07:42,1784113662,BOOM600,5359.183,-1,0.005000000000109139,BACKFILL_AUTO
2026-07-15 11:07:43,1784113663,BOOM600,5359.175,-1,0.007999999999810825,BACKFILL_AUTO
2026-07-15 11:07:44,1784113664,BOOM600,5359.167,-1,0.007999999999810825,BACKFILL_AUTO
2026-07-15 11:07:45,1784113665,BOOM600,5359.16,-1,0.007000000000516593,BACKFILL_AUTO
2026-07-15 11:07:46,1784113666,BOOM600,5359.152,-1,0.007999999999810825,BACKFILL_AUTO
2026-07-15 11:07:47,1784113667,BOOM600,5359.146,-1,0.006000000000312866,BACKFILL_AUTO
2026-07-15 11:07:48,1784113668,BOOM600,5359.133,-1,0.012999999999919964,BACKFILL_AUTO
2026-07-15 11:07:49,1784113669,BOOM600,5359.121,-1,0.011999999999716238,BACKFILL_AUTO
2026-07-15 11:07:50,1784113670,BOOM600,5359.121,0,0.0,BACKFILL_AUTO
2026-07-15 11:07:51,1784113671,BOOM600,5359.112,-1,0.009000000000014552,BACKFILL_AUTO
2026-07-15 11:07:52,1784113672,BOOM600,5359.107,-1,0.005000000000109139,BACKFILL_AUTO
2026-07-15 11:07:53,1784113673,BOOM600,5359.095,-1,0.011999999999716238,BACKFILL_AUTO
2026-07-15 11:07:54,1784113674,BOOM600,5359.087,-1,0.007999999999810825,BACKFILL_AUTO
2026-07-15 11:07:55,1784113675,BOOM600,5359.083,-1,0.004000000000814907,BACKFILL_AUTO
2026-07-15 11:07:56,1784113676,BOOM600,5359.08,-1,0.0029999999997016857,BACKFILL_AUTO
2026-07-15 11:07:57,1784113677,BOOM600,5359.077,-1,0.0029999999997016857,BACKFILL_AUTO
2026-07-15 11:07:58,1784113678,BOOM600,5359.072,-1,0.005000000000109139,BACKFILL_AUTO
2026-07-15 11:07:59,1784113679,BOOM600,5359.072,0,0.0,BACKFILL_AUTO
2026-07-15 11:08:00,1784113680,BOOM600,5359.066,-1,0.006000000000312866,BACKFILL_AUTO
2026-07-15 11:08:01,1784113681,BOOM600,5359.048,-1,0.018000000000029104,BACKFILL_AUTO
2026-07-15 11:08:02,1784113682,BOOM600,5359.034,-1,0.014000000000123691,BACKFILL_AUTO
2026-07-15 11:08:03,1784113683,BOOM600,5359.017,-1,0.016999999999825377,BACKFILL_AUTO
2026-07-15 11:08:04,1784113684,BOOM600,5359.01,-1,0.006999999999607098,BACKFILL_AUTO
2026-07-15 11:08:05,1784113685,BOOM600,5359.004,-1,0.006000000000312866,BACKFILL_AUTO
2026-07-15 11:08:06,1784113686,BOOM600,5358.995,-1,0.009000000000014552,BACKFILL_AUTO
2026-07-15 11:08:07,1784113687,BOOM600,5358.972,-1,0.023000000000138243,BACKFILL_AUTO
2026-07-15 11:08:08,1784113688,BOOM600,5358.967,-1,0.005000000000109139,BACKFILL_AUTO
2026-07-15 11:08:09,1784113689,BOOM600,5358.964,-1,0.0029999999997016857,BACKFILL_AUTO
2026-07-15 11:08:10,1784113690,BOOM600,5358.957,-1,0.006999999999607098,BACKFILL_AUTO
2026-07-15 11:08:11,1784113691,BOOM600,5358.947,-1,0.010000000000218279,BACKFILL_AUTO
2026-07-15 11:08:12,1784113692,BOOM600,5358.94,-1,0.007000000000516593,BACKFILL_AUTO
2026-07-15 11:08:13,1784113693,BOOM600,5358.923,-1,0.016999999999825377,BACKFILL_AUTO
2026-07-15 11:08:14,1784113694,BOOM600,5358.911,-1,0.011999999999716238,BACKFILL_AUTO
2026-07-15 11:08:15,1784113695,BOOM600,5366.071,1,7.1599999999998545,BACKFILL_AUTO
2026-07-15 11:08:16,1784113696,BOOM600,5366.069,-1,0.001999999999497959,BACKFILL_AUTO
2026-07-15 11:08:17,1784113697,BOOM600,5366.064,-1,0.005000000000109139,BACKFILL_AUTO
2026-07-15 11:08:18,1784113698,BOOM600,5366.054,-1,0.010000000000218279,BACKFILL_AUTO
2026-07-15 11:08:19,1784113699,BOOM600,5366.046,-1,0.007999999999810825,BACKFILL_AUTO
2026-07-15 11:08:20,1784113700,BOOM600,5366.035,-1,0.011000000000422006,BACKFILL_AUTO
2026-07-15 11:08:21,1784113701,BOOM600,5366.021,-1,0.014000000000123691,BACKFILL_AUTO
2026-07-15 11:08:22,1784113702,BOOM600,5366.014,-1,0.006999999999607098,BACKFILL_AUTO
2026-07-15 11:08:23,1784113703,BOOM600,5366.005,-1,0.009000000000014552,BACKFILL_AUTO
2026-07-15 11:08:24,1784113704,BOOM600,5365.993,-1,0.011999999999716238,BACKFILL_AUTO
2026-07-15 11:08:25,1784113705,BOOM600,5365.97,-1,0.023000000000138243,BACKFILL_AUTO
2026-07-15 11:08:26,1784113706,BOOM600,5365.962,-1,0.007999999999810825,BACKFILL_AUTO
2026-07-15 11:08:27,1784113707,BOOM600,5365.957,-1,0.005000000000109139,BACKFILL_AUTO
2026-07-15 11:08:28,1784113708,BOOM600,5365.953,-1,0.0039999999999054126,BACKFILL_AUTO
2026-07-15 11:08:29,1784113709,BOOM600,5365.948,-1,0.005000000000109139,BACKFILL_AUTO
2026-07-15 11:08:30,1784113710,BOOM600,5365.947,-1,0.0010000000002037268,BACKFILL_AUTO
2026-07-15 11:08:31,1784113711,BOOM600,5365.947,0,0.0,BACKFILL_AUTO
2026-07-15 11:08:32,1784113712,BOOM600,5365.939,-1,0.007999999999810825,BACKFILL_AUTO
2026-07-15 11:08:33,1784113713,BOOM600,5365.922,-1,0.01700000000073487,BACKFILL_AUTO
2026-07-15 11:08:34,1784113714,BOOM600,5365.916,-1,0.0059999999994033715,BACKFILL_AUTO
2026-07-15 11:08:35,1784113715,BOOM600,5365.902,-1,0.014000000000123691,BACKFILL_AUTO
2026-07-15 11:08:36,1784113716,BOOM600,5365.901,-1,0.0010000000002037268,BACKFILL_AUTO
2026-07-15 11:08:37,1784113717,BOOM600,5365.884,-1,0.016999999999825377,BACKFILL_AUTO
2026-07-15 11:08:38,1784113718,BOOM600,5365.867,-1,0.016999999999825377,BACKFILL_AUTO
2026-07-15 11:08:39,1784113719,BOOM600,5365.862,-1,0.005000000000109139,BACKFILL_AUTO
2026-07-15 11:08:40,1784113720,BOOM600,5365.839,-1,0.023000000000138243,BACKFILL_AUTO
2026-07-15 11:08:41,1784113721,BOOM600,5365.827,-1,0.011999999999716238,BACKFILL_AUTO
2026-07-15 11:08:42,1784113722,BOOM600,5365.807,-1,0.020000000000436557,BACKFILL_AUTO
2026-07-15 11:08:43,1784113723,BOOM600,5365.799,-1,0.007999999999810825,BACKFILL_AUTO
2026-07-15 11:08:44,1784113724,BOOM600,5365.787,-1,0.011999999999716238,BACKFILL_AUTO
2026-07-15 11:08:45,1784113725,BOOM600,5365.769,-1,0.018000000000029104,BACKFILL_AUTO
2026-07-15 11:08:46,1784113726,BOOM600,5365.763,-1,0.006000000000312866,BACKFILL_AUTO
2026-07-15 11:08:47,1784113727,BOOM600,5365.753,-1,0.010000000000218279,BACKFILL_AUTO
2026-07-15 11:08:48,1784113728,BOOM600,5365.749,-1,0.0039999999999054126,BACKFILL_AUTO
2026-07-15 11:08:49,1784113729,BOOM600,5365.739,-1,0.010000000000218279,BACKFILL_AUTO
2026-07-15 11:08:50,1784113730,BOOM600,5365.737,-1,0.001999999999497959,BACKFILL_AUTO
2026-07-15 11:08:51,1784113731,BOOM600,5365.732,-1,0.005000000000109139,BACKFILL_AUTO
2026-07-15 11:08:52,1784113732,BOOM600,5365.72,-1,0.011999999999716238,BACKFILL_AUTO
2026-07-15 11:08:53,1784113733,BOOM600,5365.709,-1,0.011000000000422006,BACKFILL_AUTO
2026-07-15 11:08:54,1784113734,BOOM600,5365.693,-1,0.01599999999962165,BACKFILL_AUTO
2026-07-15 11:08:55,1784113735,BOOM600,5365.68,-1,0.012999999999919964,BACKFILL_AUTO
2026-07-15 11:08:56,1784113736,BOOM600,5365.662,-1,0.018000000000029104,BACKFILL_AUTO
2026-07-15 11:08:57,1784113737,BOOM600,5365.66,-1,0.0020000000004074536,BACKFILL_AUTO
2026-07-15 11:08:58,1784113738,BOOM600,5365.66,0,0.0,BACKFILL_AUTO
2026-07-15 11:08:59,1784113739,BOOM600,5365.648,-1,0.011999999999716238,BACKFILL_AUTO
2026-07-15 11:09:00,1784113740,BOOM600,5365.638,-1,0.010000000000218279,BACKFILL_AUTO
2026-07-15 11:09:01,1784113741,BOOM600,5365.636,-1,0.001999999999497959,BACKFILL_AUTO
2026-07-15 11:09:02,1784113742,BOOM600,5365.622,-1,0.014000000000123691,BACKFILL_AUTO
2026-07-15 11:09:03,1784113743,BOOM600,5365.616,-1,0.006000000000312866,BACKFILL_AUTO
2026-07-15 11:09:04,1784113744,BOOM600,5365.611,-1,0.005000000000109139,BACKFILL_AUTO
2026-07-15 11:09:05,1784113745,BOOM600,5365.591,-1,0.019999999999527063,BACKFILL_AUTO
2026-07-15 11:09:06,1784113746,BOOM600,5365.591,0,0.0,BACKFILL_AUTO
2026-07-15 11:09:07,1784113747,BOOM600,5365.583,-1,0.00800000000072032,BACKFILL_AUTO
2026-07-15 11:09:08,1784113748,BOOM600,5365.576,-1,0.006999999999607098,BACKFILL_AUTO
2026-07-15 11:09:09,1784113749,BOOM600,5365.572,-1,0.0039999999999054126,BACKFILL_AUTO
2026-07-15 11:09:10,1784113750,BOOM600,5365.571,-1,0.0010000000002037268,BACKFILL_AUTO
2026-07-15 11:09:11,1784113751,BOOM600,5365.567,-1,0.0039999999999054126,BACKFILL_AUTO
2026-07-15 11:09:12,1784113752,BOOM600,5365.555,-1,0.011999999999716238,BACKFILL_AUTO
2026-07-15 11:09:13,1784113753,BOOM600,5365.55,-1,0.005000000000109139,BACKFILL_AUTO
2026-07-15 11:09:14,1784113754,BOOM600,5365.539,-1,0.011000000000422006,BACKFILL_AUTO
2026-07-15 11:09:15,1784113755,BOOM600,5365.533,-1,0.0059999999994033715,BACKFILL_AUTO
2026-07-15 11:09:16,1784113756,BOOM600,5365.522,-1,0.011000000000422006,BACKFILL_AUTO
2026-07-15 11:09:17,1784113757,BOOM600,5365.512,-1,0.010000000000218279,BACKFILL_AUTO
2026-07-15 11:09:18,1784113758,BOOM600,5365.501,-1,0.01099999999951251,BACKFILL_AUTO
2026-07-15 11:09:19,1784113759,BOOM600,5365.494,-1,0.007000000000516593,BACKFILL_AUTO
2026-07-15 11:09:20,1784113760,BOOM600,5365.482,-1,0.011999999999716238,BACKFILL_AUTO
2026-07-15 11:09:21,1784113761,BOOM600,5365.467,-1,0.015000000000327418,BACKFILL_AUTO
2026-07-15 11:09:22,1784113762,BOOM600,5365.462,-1,0.004999999999199645,BACKFILL_AUTO
2026-07-15 11:09:23,1784113763,BOOM600,5365.449,-1,0.01300000000082946,BACKFILL_AUTO
2026-07-15 11:09:24,1784113764,BOOM600,5365.436,-1,0.012999999999919964,BACKFILL_AUTO
2026-07-15 11:09:25,1784113765,BOOM600,5365.432,-1,0.0039999999999054126,BACKFILL_AUTO
2026-07-15 11:09:26,1784113766,BOOM600,5365.422,-1,0.010000000000218279,BACKFILL_AUTO
2026-07-15 11:09:27,1784113767,BOOM600,5365.407,-1,0.014999999999417923,BACKFILL_AUTO
2026-07-15 11:09:28,1784113768,BOOM600,5365.401,-1,0.006000000000312866,BACKFILL_AUTO
2026-07-15 11:09:29,1784113769,BOOM600,5365.388,-1,0.012999999999919964,BACKFILL_AUTO
2026-07-15 11:09:30,1784113770,BOOM600,5365.376,-1,0.011999999999716238,BACKFILL_AUTO
2026-07-15 11:09:31,1784113771,BOOM600,5365.37,-1,0.006000000000312866,BACKFILL_AUTO
2026-07-15 11:09:32,1784113772,BOOM600,5365.349,-1,0.02099999999973079,BACKFILL_AUTO
2026-07-15 11:09:33,1784113773,BOOM600,5365.344,-1,0.005000000000109139,BACKFILL_AUTO
2026-07-15 11:09:34,1784113774,BOOM600,5365.341,-1,0.0029999999997016857,BACKFILL_AUTO
2026-07-15 11:09:35,1784113775,BOOM600,5365.332,-1,0.009000000000014552,BACKFILL_AUTO
2026-07-15 11:09:36,1784113776,BOOM600,5365.33,-1,0.0020000000004074536,BACKFILL_AUTO
2026-07-15 11:09:37,1784113777,BOOM600,5365.316,-1,0.014000000000123691,BACKFILL_AUTO
2026-07-15 11:09:38,1784113778,BOOM600,5365.304,-1,0.011999999999716238,BACKFILL_AUTO
2026-07-15 11:09:39,1784113779,BOOM600,5365.29,-1,0.014000000000123691,BACKFILL_AUTO
2026-07-15 11:09:40,1784113780,BOOM600,5365.28,-1,0.010000000000218279,BACKFILL_AUTO
2026-07-15 11:09:41,1784113781,BOOM600,5365.271,-1,0.009000000000014552,BACKFILL_AUTO
2026-07-15 11:09:42,1784113782,BOOM600,5365.26,-1,0.01099999999951251,BACKFILL_AUTO
2026-07-15 11:09:43,1784113783,BOOM600,5365.244,-1,0.016000000000531145,BACKFILL_AUTO
2026-07-15 11:09:44,1784113784,BOOM600,5365.237,-1,0.006999999999607098,BACKFILL_AUTO
2026-07-15 11:09:45,1784113785,BOOM600,5365.228,-1,0.009000000000014552,BACKFILL_AUTO
2026-07-15 11:09:46,1784113786,BOOM600,5365.227,-1,0.0010000000002037268,BACKFILL_AUTO
2026-07-15 11:09:47,1784113787,BOOM600,5365.219,-1,0.007999999999810825,BACKFILL_AUTO
2026-07-15 11:09:48,1784113788,BOOM600,5365.218,-1,0.0010000000002037268,BACKFILL_AUTO
2026-07-15 11:09:49,1784113789,BOOM600,5365.215,-1,0.0029999999997016857,BACKFILL_AUTO
2026-07-15 11:09:50,1784113790,BOOM600,5365.204,-1,0.011000000000422006,BACKFILL_AUTO
2026-07-15 11:09:51,1784113791,BOOM600,5365.196,-1,0.007999999999810825,BACKFILL_AUTO
2026-07-15 11:09:52,1784113792,BOOM600,5365.178,-1,0.018000000000029104,BACKFILL_AUTO
2026-07-15 11:09:53,1784113793,BOOM600,5365.173,-1,0.005000000000109139,BACKFILL_AUTO
2026-07-15 11:09:54,1784113794,BOOM600,5365.163,-1,0.010000000000218279,BACKFILL_AUTO
2026-07-15 11:09:55,1784113795,BOOM600,5365.152,-1,0.01099999999951251,BACKFILL_AUTO
2026-07-15 11:09:56,1784113796,BOOM600,5365.135,-1,0.016999999999825377,BACKFILL_AUTO
2026-07-15 11:09:57,1784113797,BOOM600,5365.118,-1,0.016999999999825377,BACKFILL_AUTO
2026-07-15 11:09:58,1784113798,BOOM600,5365.111,-1,0.007000000000516593,BACKFILL_AUTO
2026-07-15 11:09:59,1784113799,BOOM600,5365.095,-1,0.01599999999962165,BACKFILL_AUTO
2026-07-15 11:10:00,1784113800,BOOM600,5365.09,-1,0.005000000000109139,BACKFILL_AUTO
2026-07-15 11:10:01,1784113801,BOOM600,5365.083,-1,0.007000000000516593,BACKFILL_AUTO
2026-07-15 11:10:02,1784113802,BOOM600,5365.08,-1,0.0029999999997016857,BACKFILL_AUTO
2026-07-15 11:10:03,1784113803,BOOM600,5365.079,-1,0.0010000000002037268,BACKFILL_AUTO
2026-07-15 11:10:04,1784113804,BOOM600,5365.07,-1,0.009000000000014552,BACKFILL_AUTO
2026-07-15 11:10:05,1784113805,BOOM600,5365.065,-1,0.005000000000109139,BACKFILL_AUTO
2026-07-15 11:10:06,1784113806,BOOM600,5365.055,-1,0.009999999999308784,BACKFILL_AUTO
2026-07-15 11:10:07,1784113807,BOOM600,5365.049,-1,0.006000000000312866,BACKFILL_AUTO
2026-07-15 11:10:08,1784113808,BOOM600,5365.04,-1,0.009000000000014552,BACKFILL_AUTO
2026-07-15 11:10:09,1784113809,BOOM600,5365.037,-1,0.0029999999997016857,BACKFILL_AUTO
2026-07-15 11:10:10,1784113810,BOOM600,5365.033,-1,0.0039999999999054126,BACKFILL_AUTO
2026-07-15 11:10:11,1784113811,BOOM600,5365.021,-1,0.012000000000625732,BACKFILL_AUTO
2026-07-15 11:10:12,1784113812,BOOM600,5365.004,-1,0.016999999999825377,BACKFILL_AUTO
2026-07-15 11:10:13,1784113813,BOOM600,5365.003,-1,0.0010000000002037268,BACKFILL_AUTO
2026-07-15 11:10:14,1784113814,BOOM600,5365.0,-1,0.0029999999997016857,BACKFILL_AUTO
2026-07-15 11:10:15,1784113815,BOOM600,5364.997,-1,0.0029999999997016857,BACKFILL_AUTO
2026-07-15 11:10:16,1784113816,BOOM600,5364.982,-1,0.015000000000327418,BACKFILL_AUTO
2026-07-15 11:10:17,1784113817,BOOM600,5364.966,-1,0.01599999999962165,BACKFILL_AUTO
2026-07-15 11:10:18,1784113818,BOOM600,5364.946,-1,0.020000000000436557,BACKFILL_AUTO
2026-07-15 11:10:19,1784113819,BOOM600,5364.938,-1,0.007999999999810825,BACKFILL_AUTO
2026-07-15 11:10:20,1784113820,BOOM600,5364.935,-1,0.0029999999997016857,BACKFILL_AUTO
2026-07-15 11:10:21,1784113821,BOOM600,5364.927,-1,0.00800000000072032,BACKFILL_AUTO
2026-07-15 11:10:22,1784113822,BOOM600,5364.924,-1,0.0029999999997016857,BACKFILL_AUTO
2026-07-15 11:10:23,1784113823,BOOM600,5364.922,-1,0.0020000000004074536,BACKFILL_AUTO
2026-07-15 11:10:24,1784113824,BOOM600,5364.916,-1,0.0059999999994033715,BACKFILL_AUTO
2026-07-15 11:10:25,1784113825,BOOM600,5364.906,-1,0.010000000000218279,BACKFILL_AUTO
2026-07-15 11:10:26,1784113826,BOOM600,5364.893,-1,0.012999999999919964,BACKFILL_AUTO
2026-07-15 11:10:27,1784113827,BOOM600,5364.891,-1,0.0020000000004074536,BACKFILL_AUTO
2026-07-15 11:10:28,1784113828,BOOM600,5364.891,0,0.0,BACKFILL_AUTO
2026-07-15 11:10:29,1784113829,BOOM600,5364.886,-1,0.004999999999199645,BACKFILL_AUTO
2026-07-15 11:10:30,1784113830,BOOM600,5364.884,-1,0.0020000000004074536,BACKFILL_AUTO
2026-07-15 11:10:31,1784113831,BOOM600,5364.878,-1,0.006000000000312866,BACKFILL_AUTO
2026-07-15 11:10:32,1784113832,BOOM600,5364.872,-1,0.0059999999994033715,BACKFILL_AUTO
2026-07-15 11:10:33,1784113833,BOOM600,5364.858,-1,0.014000000000123691,BACKFILL_AUTO
2026-07-15 11:10:34,1784113834,BOOM600,5364.846,-1,0.012000000000625732,BACKFILL_AUTO
2026-07-15 11:10:35,1784113835,BOOM600,5364.833,-1,0.012999999999919964,BACKFILL_AUTO
2026-07-15 11:10:36,1784113836,BOOM600,5364.825,-1,0.007999999999810825,BACKFILL_AUTO
2026-07-15 11:10:37,1784113837,BOOM600,5364.809,-1,0.01599999999962165,BACKFILL_AUTO
2026-07-15 11:10:38,1784113838,BOOM600,5364.804,-1,0.005000000000109139,BACKFILL_AUTO
2026-07-15 11:10:39,1784113839,BOOM600,5364.793,-1,0.011000000000422006,BACKFILL_AUTO
2026-07-15 11:10:40,1784113840,BOOM600,5364.792,-1,0.0009999999992942321,BACKFILL_AUTO
2026-07-15 11:10:41,1784113841,BOOM600,5364.785,-1,0.007000000000516593,BACKFILL_AUTO
2026-07-15 11:10:42,1784113842,BOOM600,5364.772,-1,0.012999999999919964,BACKFILL_AUTO
2026-07-15 11:10:43,1784113843,BOOM600,5364.752,-1,0.019999999999527063,BACKFILL_AUTO
2026-07-15 11:10:44,1784113844,BOOM600,5364.748,-1,0.004000000000814907,BACKFILL_AUTO
2026-07-15 11:10:45,1784113845,BOOM600,5364.735,-1,0.012999999999919964,BACKFILL_AUTO
2026-07-15 11:10:46,1784113846,BOOM600,5364.733,-1,0.001999999999497959,BACKFILL_AUTO
2026-07-15 11:10:47,1784113847,BOOM600,5364.732,-1,0.0010000000002037268,BACKFILL_AUTO
2026-07-15 11:10:48,1784113848,BOOM600,5364.718,-1,0.014000000000123691,BACKFILL_AUTO
2026-07-15 11:10:49,1784113849,BOOM600,5364.711,-1,0.006999999999607098,BACKFILL_AUTO
2026-07-15 11:10:50,1784113850,BOOM600,5364.698,-1,0.012999999999919964,BACKFILL_AUTO
2026-07-15 11:10:51,1784113851,BOOM600,5364.684,-1,0.014000000000123691,BACKFILL_AUTO
2026-07-15 11:10:52,1784113852,BOOM600,5364.663,-1,0.021000000000640284,BACKFILL_AUTO
2026-07-15 11:10:53,1784113853,BOOM600,5364.656,-1,0.006999999999607098,BACKFILL_AUTO
2026-07-15 11:10:54,1784113854,BOOM600,5364.629,-1,0.027000000000043656,BACKFILL_AUTO
2026-07-15 11:10:55,1784113855,BOOM600,5364.62,-1,0.009000000000014552,BACKFILL_AUTO
2026-07-15 11:10:56,1784113856,BOOM600,5364.613,-1,0.006999999999607098,BACKFILL_AUTO
2026-07-15 11:10:57,1784113857,BOOM600,5364.61,-1,0.0030000000006111804,BACKFILL_AUTO
2026-07-15 11:10:58,1784113858,BOOM600,5364.609,-1,0.0009999999992942321,BACKFILL_AUTO
2026-07-15 11:10:59,1784113859,BOOM600,5364.598,-1,0.011000000000422006,BACKFILL_AUTO
2026-07-15 11:11:00,1784113860,BOOM600,5364.591,-1,0.006999999999607098,BACKFILL_AUTO
2026-07-15 11:11:01,1784113861,BOOM600,5364.578,-1,0.012999999999919964,BACKFILL_AUTO
2026-07-15 11:11:02,1784113862,BOOM600,5364.561,-1,0.01700000000073487,BACKFILL_AUTO
2026-07-15 11:11:03,1784113863,BOOM600,5364.54,-1,0.02099999999973079,BACKFILL_AUTO
2026-07-15 11:11:04,1784113864,BOOM600,5364.533,-1,0.006999999999607098,BACKFILL_AUTO
2026-07-15 11:11:05,1784113865,BOOM600,5364.522,-1,0.011000000000422006,BACKFILL_AUTO
2026-07-15 11:11:06,1784113866,BOOM600,5364.515,-1,0.006999999999607098,BACKFILL_AUTO
2026-07-15 11:11:07,1784113867,BOOM600,5364.51,-1,0.005000000000109139,BACKFILL_AUTO
2026-07-15 11:11:08,1784113868,BOOM600,5364.503,-1,0.007000000000516593,BACKFILL_AUTO
2026-07-15 11:11:09,1784113869,BOOM600,5364.5,-1,0.0029999999997016857,BACKFILL_AUTO
2026-07-15 11:11:10,1784113870,BOOM600,5364.488,-1,0.011999999999716238,BACKFILL_AUTO
2026-07-15 11:11:11,1784113871,BOOM600,5364.479,-1,0.009000000000014552,BACKFILL_AUTO
2026-07-15 11:11:12,1784113872,BOOM600,5364.468,-1,0.011000000000422006,BACKFILL_AUTO
2026-07-15 11:11:13,1784113873,BOOM600,5364.458,-1,0.010000000000218279,BACKFILL_AUTO
2026-07-15 11:11:14,1784113874,BOOM600,5364.447,-1,0.01099999999951251,BACKFILL_AUTO
2026-07-15 11:11:15,1784113875,BOOM600,5364.425,-1,0.021999999999934516,BACKFILL_AUTO
2026-07-15 11:11:16,1784113876,BOOM600,5364.401,-1,0.02400000000034197,BACKFILL_AUTO
2026-07-15 11:11:17,1784113877,BOOM600,5364.397,-1,0.0039999999999054126,BACKFILL_AUTO
2026-07-15 11:11:18,1784113878,BOOM600,5364.395,-1,0.001999999999497959,BACKFILL_AUTO
2026-07-15 11:11:19,1784113879,BOOM600,5364.393,-1,0.0020000000004074536,BACKFILL_AUTO
2026-07-15 11:11:20,1784113880,BOOM600,5364.371,-1,0.021999999999934516,BACKFILL_AUTO
2026-07-15 11:11:21,1784113881,BOOM600,5364.368,-1,0.0029999999997016857,BACKFILL_AUTO
2026-07-15 11:11:22,1784113882,BOOM600,5364.364,-1,0.004000000000814907,BACKFILL_AUTO
2026-07-15 11:11:23,1784113883,BOOM600,5364.344,-1,0.019999999999527063,BACKFILL_AUTO
2026-07-15 11:11:24,1784113884,BOOM600,5364.339,-1,0.005000000000109139,BACKFILL_AUTO
2026-07-15 11:11:25,1784113885,BOOM600,5364.323,-1,0.01599999999962165,BACKFILL_AUTO
2026-07-15 11:11:26,1784113886,BOOM600,5364.306,-1,0.01700000000073487,BACKFILL_AUTO
2026-07-15 11:11:27,1784113887,BOOM600,5364.305,-1,0.0009999999992942321,BACKFILL_AUTO
2026-07-15 11:11:28,1784113888,BOOM600,5364.303,-1,0.0020000000004074536,BACKFILL_AUTO
2026-07-15 11:11:29,1784113889,BOOM600,5364.3,-1,0.0029999999997016857,BACKFILL_AUTO
2026-07-15 11:11:30,1784113890,BOOM600,5364.286,-1,0.014000000000123691,BACKFILL_AUTO
2026-07-15 11:11:31,1784113891,BOOM600,5364.26,-1,0.02599999999983993,BACKFILL_AUTO
2026-07-15 11:11:32,1784113892,BOOM600,5364.252,-1,0.007999999999810825,BACKFILL_AUTO
2026-07-15 11:11:33,1784113893,BOOM600,5364.241,-1,0.011000000000422006,BACKFILL_AUTO
2026-07-15 11:11:34,1784113894,BOOM600,5364.233,-1,0.007999999999810825,BACKFILL_AUTO
2026-07-15 11:11:35,1784113895,BOOM600,5364.223,-1,0.010000000000218279,BACKFILL_AUTO
2026-07-15 11:11:36,1784113896,BOOM600,5364.2,-1,0.023000000000138243,BACKFILL_AUTO
2026-07-15 11:11:37,1784113897,BOOM600,5364.188,-1,0.011999999999716238,BACKFILL_AUTO
2026-07-15 11:11:38,1784113898,BOOM600,5364.173,-1,0.015000000000327418,BACKFILL_AUTO
2026-07-15 11:11:39,1784113899,BOOM600,5364.17,-1,0.0029999999997016857,BACKFILL_AUTO
2026-07-15 11:11:40,1784113900,BOOM600,5364.153,-1,0.016999999999825377,BACKFILL_AUTO
2026-07-15 11:11:41,1784113901,BOOM600,5364.142,-1,0.011000000000422006,BACKFILL_AUTO
2026-07-15 11:11:42,1784113902,BOOM600,5364.136,-1,0.0059999999994033715,BACKFILL_AUTO
2026-07-15 11:11:43,1784113903,BOOM600,5364.129,-1,0.007000000000516593,BACKFILL_AUTO
2026-07-15 11:11:44,1784113904,BOOM600,5364.12,-1,0.009000000000014552,BACKFILL_AUTO
2026-07-15 11:11:45,1784113905,BOOM600,5364.119,-1,0.0010000000002037268,BACKFILL_AUTO
2026-07-15 11:11:46,1784113906,BOOM600,5364.108,-1,0.01099999999951251,BACKFILL_AUTO
2026-07-15 11:11:47,1784113907,BOOM600,5364.107,-1,0.0010000000002037268,BACKFILL_AUTO
2026-07-15 11:11:48,1784113908,BOOM600,5364.098,-1,0.009000000000014552,BACKFILL_AUTO
2026-07-15 11:11:49,1784113909,BOOM600,5364.096,-1,0.0020000000004074536,BACKFILL_AUTO
2026-07-15 11:11:50,1784113910,BOOM600,5364.088,-1,0.007999999999810825,BACKFILL_AUTO
2026-07-15 11:11:51,1784113911,BOOM600,5364.083,-1,0.005000000000109139,BACKFILL_AUTO
2026-07-15 11:11:52,1784113912,BOOM600,5364.063,-1,0.019999999999527063,BACKFILL_AUTO
2026-07-15 11:11:53,1784113913,BOOM600,5364.052,-1,0.011000000000422006,BACKFILL_AUTO
2026-07-15 11:11:54,1784113914,BOOM600,5364.039,-1,0.012999999999919964,BACKFILL_AUTO
2026-07-15 11:11:55,1784113915,BOOM600,5364.03,-1,0.009000000000014552,BACKFILL_AUTO
2026-07-15 11:11:56,1784113916,BOOM600,5364.018,-1,0.011999999999716238,BACKFILL_AUTO
2026-07-15 11:11:57,1784113917,BOOM600,5364.007,-1,0.011000000000422006,BACKFILL_AUTO
2026-07-15 11:11:58,1784113918,BOOM600,5364.005,-1,0.001999999999497959,BACKFILL_AUTO
2026-07-15 11:11:59,1784113919,BOOM600,5363.993,-1,0.011999999999716238,BACKFILL_AUTO
2026-07-15 11:12:00,1784113920,BOOM600,5363.979,-1,0.014000000000123691,BACKFILL_AUTO
2026-07-15 11:12:01,1784113921,BOOM600,5363.971,-1,0.00800000000072032,BACKFILL_AUTO
2026-07-15 11:12:02,1784113922,BOOM600,5363.958,-1,0.012999999999919964,BACKFILL_AUTO
2026-07-15 11:12:03,1784113923,BOOM600,5363.956,-1,0.001999999999497959,BACKFILL_AUTO
2026-07-15 11:12:04,1784113924,BOOM600,5363.954,-1,0.0020000000004074536,BACKFILL_AUTO
2026-07-15 11:12:05,1784113925,BOOM600,5363.949,-1,0.005000000000109139,BACKFILL_AUTO
2026-07-15 11:12:06,1784113926,BOOM600,5363.947,-1,0.001999999999497959,BACKFILL_AUTO
2026-07-15 11:12:07,1784113927,BOOM600,5363.94,-1,0.007000000000516593,BACKFILL_AUTO
2026-07-15 11:12:08,1784113928,BOOM600,5363.927,-1,0.012999999999919964,BACKFILL_AUTO
2026-07-15 11:12:09,1784113929,BOOM600,5363.909,-1,0.018000000000029104,BACKFILL_AUTO
2026-07-15 11:12:10,1784113930,BOOM600,5363.896,-1,0.012999999999919964,BACKFILL_AUTO
2026-07-15 11:12:11,1784113931,BOOM600,5363.891,-1,0.005000000000109139,BACKFILL_AUTO
2026-07-15 11:12:12,1784113932,BOOM600,5363.891,0,0.0,BACKFILL_AUTO
2026-07-15 11:12:13,1784113933,BOOM600,5363.879,-1,0.011999999999716238,BACKFILL_AUTO
2026-07-15 11:12:14,1784113934,BOOM600,5363.871,-1,0.007999999999810825,BACKFILL_AUTO
2026-07-15 11:12:15,1784113935,BOOM600,5363.869,-1,0.0020000000004074536,BACKFILL_AUTO
2026-07-15 11:12:16,1784113936,BOOM600,5363.858,-1,0.01099999999951251,BACKFILL_AUTO
2026-07-15 11:12:17,1784113937,BOOM600,5363.857,-1,0.0010000000002037268,BACKFILL_AUTO
2026-07-15 11:12:18,1784113938,BOOM600,5363.848,-1,0.009000000000014552,BACKFILL_AUTO
2026-07-15 11:12:19,1784113939,BOOM600,5363.837,-1,0.01099999999951251,BACKFILL_AUTO
2026-07-15 11:12:20,1784113940,BOOM600,5363.832,-1,0.005000000000109139,BACKFILL_AUTO
2026-07-15 11:12:21,1784113941,BOOM600,5363.828,-1,0.0039999999999054126,BACKFILL_AUTO
2026-07-15 11:12:22,1784113942,BOOM600,5363.825,-1,0.0030000000006111804,BACKFILL_AUTO
2026-07-15 11:12:23,1784113943,BOOM600,5363.804,-1,0.02099999999973079,BACKFILL_AUTO
2026-07-15 11:12:24,1784113944,BOOM600,5363.802,-1,0.0020000000004074536,BACKFILL_AUTO
2026-07-15 11:12:25,1784113945,BOOM600,5363.793,-1,0.009000000000014552,BACKFILL_AUTO
2026-07-15 11:12:26,1784113946,BOOM600,5363.782,-1,0.01099999999951251,BACKFILL_AUTO
2026-07-15 11:12:27,1784113947,BOOM600,5363.781,-1,0.0010000000002037268,BACKFILL_AUTO
2026-07-15 11:12:28,1784113948,BOOM600,5363.774,-1,0.006999999999607098,BACKFILL_AUTO
2026-07-15 11:12:29,1784113949,BOOM600,5363.764,-1,0.010000000000218279,BACKFILL_AUTO
2026-07-15 11:12:30,1784113950,BOOM600,5363.758,-1,0.006000000000312866,BACKFILL_AUTO
2026-07-15 11:12:31,1784113951,BOOM600,5363.742,-1,0.01599999999962165,BACKFILL_AUTO
2026-07-15 11:12:32,1784113952,BOOM600,5363.73,-1,0.012000000000625732,BACKFILL_AUTO
2026-07-15 11:12:33,1784113953,BOOM600,5363.721,-1,0.009000000000014552,BACKFILL_AUTO
2026-07-15 11:12:34,1784113954,BOOM600,5363.717,-1,0.0039999999999054126,BACKFILL_AUTO
2026-07-15 11:12:35,1784113955,BOOM600,5363.71,-1,0.006999999999607098,BACKFILL_AUTO
2026-07-15 11:12:36,1784113956,BOOM600,5363.702,-1,0.007999999999810825,BACKFILL_AUTO
2026-07-15 11:12:37,1784113957,BOOM600,5363.696,-1,0.006000000000312866,BACKFILL_AUTO
2026-07-15 11:12:38,1784113958,BOOM600,5363.687,-1,0.009000000000014552,BACKFILL_AUTO
2026-07-15 11:12:39,1784113959,BOOM600,5363.678,-1,0.009000000000014552,BACKFILL_AUTO
2026-07-15 11:12:40,1784113960,BOOM600,5363.665,-1,0.012999999999919964,BACKFILL_AUTO
2026-07-15 11:12:41,1784113961,BOOM600,5363.649,-1,0.01599999999962165,BACKFILL_AUTO
2026-07-15 11:12:42,1784113962,BOOM600,5363.643,-1,0.006000000000312866,BACKFILL_AUTO
2026-07-15 11:12:43,1784113963,BOOM600,5363.627,-1,0.01599999999962165,BACKFILL_AUTO
2026-07-15 11:12:44,1784113964,BOOM600,5363.604,-1,0.023000000000138243,BACKFILL_AUTO
2026-07-15 11:12:45,1784113965,BOOM600,5363.595,-1,0.009000000000014552,BACKFILL_AUTO
2026-07-15 11:12:46,1784113966,BOOM600,5363.592,-1,0.0030000000006111804,BACKFILL_AUTO
2026-07-15 11:12:47,1784113967,BOOM600,5363.586,-1,0.0059999999994033715,BACKFILL_AUTO
2026-07-15 11:12:48,1784113968,BOOM600,5363.579,-1,0.007000000000516593,BACKFILL_AUTO
2026-07-15 11:12:49,1784113969,BOOM600,5363.573,-1,0.0059999999994033715,BACKFILL_AUTO
2026-07-15 11:12:50,1784113970,BOOM600,5363.572,-1,0.0010000000002037268,BACKFILL_AUTO
2026-07-15 11:12:51,1784113971,BOOM600,5363.56,-1,0.011999999999716238,BACKFILL_AUTO
2026-07-15 11:12:52,1784113972,BOOM600,5363.553,-1,0.007000000000516593,BACKFILL_AUTO
2026-07-15 11:12:53,1784113973,BOOM600,5363.542,-1,0.01099999999951251,BACKFILL_AUTO
2026-07-15 11:12:54,1784113974,BOOM600,5363.537,-1,0.005000000000109139,BACKFILL_AUTO
2026-07-15 11:12:55,1784113975,BOOM600,5363.531,-1,0.006000000000312866,BACKFILL_AUTO
2026-07-15 11:12:56,1784113976,BOOM600,5363.526,-1,0.005000000000109139,BACKFILL_AUTO
2026-07-15 11:12:57,1784113977,BOOM600,5363.518,-1,0.007999999999810825,BACKFILL_AUTO
2026-07-15 11:12:58,1784113978,BOOM600,5363.512,-1,0.006000000000312866,BACKFILL_AUTO
2026-07-15 11:12:59,1784113979,BOOM600,5363.509,-1,0.0029999999997016857,BACKFILL_AUTO
2026-07-15 11:13:00,1784113980,BOOM600,5363.508,-1,0.0010000000002037268,BACKFILL_AUTO
2026-07-15 11:13:01,1784113981,BOOM600,5363.497,-1,0.01099999999951251,BACKFILL_AUTO
2026-07-15 11:13:02,1784113982,BOOM600,5363.482,-1,0.015000000000327418,BACKFILL_AUTO
2026-07-15 11:13:03,1784113983,BOOM600,5363.475,-1,0.006999999999607098,BACKFILL_AUTO
2026-07-15 11:13:04,1784113984,BOOM600,5363.472,-1,0.0030000000006111804,BACKFILL_AUTO
2026-07-15 11:13:05,1784113985,BOOM600,5363.459,-1,0.012999999999919964,BACKFILL_AUTO
2026-07-15 11:13:06,1784113986,BOOM600,5363.447,-1,0.011999999999716238,BACKFILL_AUTO
2026-07-15 11:13:07,1784113987,BOOM600,5363.446,-1,0.0010000000002037268,BACKFILL_AUTO
2026-07-15 11:13:08,1784113988,BOOM600,5363.429,-1,0.016999999999825377,BACKFILL_AUTO
2026-07-15 11:13:09,1784113989,BOOM600,5363.425,-1,0.0039999999999054126,BACKFILL_AUTO
2026-07-15 11:13:10,1784113990,BOOM600,5363.422,-1,0.0030000000006111804,BACKFILL_AUTO
2026-07-15 11:13:11,1784113991,BOOM600,5363.411,-1,0.01099999999951251,BACKFILL_AUTO
2026-07-15 11:13:12,1784113992,BOOM600,5363.408,-1,0.0029999999997016857,BACKFILL_AUTO
2026-07-15 11:13:13,1784113993,BOOM600,5363.392,-1,0.016000000000531145,BACKFILL_AUTO
2026-07-15 11:13:14,1784113994,BOOM600,5363.386,-1,0.0059999999994033715,BACKFILL_AUTO
2026-07-15 11:13:15,1784113995,BOOM600,5363.383,-1,0.0030000000006111804,BACKFILL_AUTO
2026-07-15 11:13:16,1784113996,BOOM600,5363.383,0,0.0,BACKFILL_AUTO
2026-07-15 11:13:17,1784113997,BOOM600,5363.375,-1,0.007999999999810825,BACKFILL_AUTO
2026-07-15 11:13:18,1784113998,BOOM600,5363.366,-1,0.009000000000014552,BACKFILL_AUTO
2026-07-15 11:13:19,1784113999,BOOM600,5363.364,-1,0.0020000000004074536,BACKFILL_AUTO
2026-07-15 11:13:20,1784114000,BOOM600,5363.348,-1,0.01599999999962165,BACKFILL_AUTO
2026-07-15 11:13:21,1784114001,BOOM600,5363.344,-1,0.0039999999999054126,BACKFILL_AUTO
2026-07-15 11:13:22,1784114002,BOOM600,5363.34,-1,0.0039999999999054126,BACKFILL_AUTO
2026-07-15 11:13:23,1784114003,BOOM600,5363.32,-1,0.020000000000436557,BACKFILL_AUTO
2026-07-15 11:13:24,1784114004,BOOM600,5363.316,-1,0.0039999999999054126,BACKFILL_AUTO
2026-07-15 11:13:25,1784114005,BOOM600,5363.314,-1,0.001999999999497959,BACKFILL_AUTO
2026-07-15 11:13:26,1784114006,BOOM600,5363.304,-1,0.010000000000218279,BACKFILL_AUTO
2026-07-15 11:13:27,1784114007,BOOM600,5363.295,-1,0.009000000000014552,BACKFILL_AUTO
2026-07-15 11:13:28,1784114008,BOOM600,5363.289,-1,0.006000000000312866,BACKFILL_AUTO
2026-07-15 11:13:29,1784114009,BOOM600,5363.275,-1,0.014000000000123691,BACKFILL_AUTO
2026-07-15 11:13:30,1784114010,BOOM600,5363.274,-1,0.0009999999992942321,BACKFILL_AUTO
2026-07-15 11:13:31,1784114011,BOOM600,5363.266,-1,0.00800000000072032,BACKFILL_AUTO
2026-07-15 11:13:32,1784114012,BOOM600,5363.259,-1,0.006999999999607098,BACKFILL_AUTO
2026-07-15 11:13:33,1784114013,BOOM600,5363.25,-1,0.009000000000014552,BACKFILL_AUTO
2026-07-15 11:13:34,1784114014,BOOM600,5363.243,-1,0.006999999999607098,BACKFILL_AUTO
2026-07-15 11:13:35,1784114015,BOOM600,5363.238,-1,0.005000000000109139,BACKFILL_AUTO
2026-07-15 11:13:36,1784114016,BOOM600,5363.237,-1,0.0010000000002037268,BACKFILL_AUTO
2026-07-15 11:13:37,1784114017,BOOM600,5363.236,-1,0.0010000000002037268,BACKFILL_AUTO
2026-07-15 11:13:38,1784114018,BOOM600,5363.228,-1,0.007999999999810825,BACKFILL_AUTO
2026-07-15 11:13:39,1784114019,BOOM600,5363.224,-1,0.0039999999999054126,BACKFILL_AUTO
2026-07-15 11:13:40,1784114020,BOOM600,5363.214,-1,0.010000000000218279,BACKFILL_AUTO
2026-07-15 11:13:41,1784114021,BOOM600,5363.203,-1,0.01099999999951251,BACKFILL_AUTO
2026-07-15 11:13:42,1784114022,BOOM600,5363.199,-1,0.004000000000814907,BACKFILL_AUTO
2026-07-15 11:13:43,1784114023,BOOM600,5363.194,-1,0.004999999999199645,BACKFILL_AUTO
2026-07-15 11:13:44,1784114024,BOOM600,5363.187,-1,0.007000000000516593,BACKFILL_AUTO
2026-07-15 11:13:45,1784114025,BOOM600,5363.185,-1,0.001999999999497959,BACKFILL_AUTO
2026-07-15 11:13:46,1784114026,BOOM600,5363.174,-1,0.011000000000422006,BACKFILL_AUTO
2026-07-15 11:13:47,1784114027,BOOM600,5363.153,-1,0.02099999999973079,BACKFILL_AUTO
2026-07-15 11:13:48,1784114028,BOOM600,5363.142,-1,0.011000000000422006,BACKFILL_AUTO
2026-07-15 11:13:49,1784114029,BOOM600,5363.137,-1,0.005000000000109139,BACKFILL_AUTO
2026-07-15 11:13:50,1784114030,BOOM600,5363.129,-1,0.007999999999810825,BACKFILL_AUTO
2026-07-15 11:13:51,1784114031,BOOM600,5363.113,-1,0.01599999999962165,BACKFILL_AUTO
2026-07-15 11:13:52,1784114032,BOOM600,5363.098,-1,0.015000000000327418,BACKFILL_AUTO
2026-07-15 11:13:53,1784114033,BOOM600,5363.094,-1,0.0039999999999054126,BACKFILL_AUTO
2026-07-15 11:13:54,1784114034,BOOM600,5363.086,-1,0.007999999999810825,BACKFILL_AUTO
2026-07-15 11:13:55,1784114035,BOOM600,5363.08,-1,0.006000000000312866,BACKFILL_AUTO
2026-07-15 11:13:56,1784114036,BOOM600,5363.078,-1,0.001999999999497959,BACKFILL_AUTO
2026-07-15 11:13:57,1784114037,BOOM600,5363.076,-1,0.0020000000004074536,BACKFILL_AUTO
2026-07-15 11:13:58,1784114038,BOOM600,5363.064,-1,0.011999999999716238,BACKFILL_AUTO
2026-07-15 11:13:59,1784114039,BOOM600,5363.047,-1,0.01700000000073487,BACKFILL_AUTO
2026-07-15 11:14:00,1784114040,BOOM600,5363.034,-1,0.012999999999919964,BACKFILL_AUTO
2026-07-15 11:14:01,1784114041,BOOM600,5363.025,-1,0.009000000000014552,BACKFILL_AUTO
2026-07-15 11:14:02,1784114042,BOOM600,5363.007,-1,0.018000000000029104,BACKFILL_AUTO
2026-07-15 11:14:03,1784114043,BOOM600,5363.002,-1,0.004999999999199645,BACKFILL_AUTO
2026-07-15 11:14:04,1784114044,BOOM600,5362.998,-1,0.004000000000814907,BACKFILL_AUTO
2026-07-15 11:14:05,1784114045,BOOM600,5362.987,-1,0.01099999999951251,BACKFILL_AUTO
2026-07-15 11:14:06,1784114046,BOOM600,5362.978,-1,0.009000000000014552,BACKFILL_AUTO
2026-07-15 11:14:07,1784114047,BOOM600,5362.96,-1,0.018000000000029104,BACKFILL_AUTO
2026-07-15 11:14:08,1784114048,BOOM600,5362.958,-1,0.0020000000004074536,BACKFILL_AUTO
2026-07-15 11:14:09,1784114049,BOOM600,5362.947,-1,0.01099999999951251,BACKFILL_AUTO
2026-07-15 11:14:10,1784114050,BOOM600,5362.932,-1,0.015000000000327418,BACKFILL_AUTO
2026-07-15 11:14:11,1784114051,BOOM600,5362.914,-1,0.018000000000029104,BACKFILL_AUTO
2026-07-15 11:14:12,1784114052,BOOM600,5362.914,0,0.0,BACKFILL_AUTO
2026-07-15 11:14:13,1784114053,BOOM600,5362.895,-1,0.018999999999323336,BACKFILL_AUTO
2026-07-15 11:14:14,1784114054,BOOM600,5362.893,-1,0.0020000000004074536,BACKFILL_AUTO
2026-07-15 11:14:15,1784114055,BOOM600,5362.882,-1,0.011000000000422006,BACKFILL_AUTO
2026-07-15 11:14:16,1784114056,BOOM600,5362.871,-1,0.01099999999951251,BACKFILL_AUTO
2026-07-15 11:14:17,1784114057,BOOM600,5362.854,-1,0.016999999999825377,BACKFILL_AUTO
2026-07-15 11:14:18,1784114058,BOOM600,5362.835,-1,0.01900000000023283,BACKFILL_AUTO
2026-07-15 11:14:19,1784114059,BOOM600,5362.83,-1,0.005000000000109139,BACKFILL_AUTO
2026-07-15 11:14:20,1784114060,BOOM600,5362.825,-1,0.005000000000109139,BACKFILL_AUTO
2026-07-15 11:14:21,1784114061,BOOM600,5362.814,-1,0.01099999999951251,BACKFILL_AUTO
2026-07-15 11:14:22,1784114062,BOOM600,5362.801,-1,0.012999999999919964,BACKFILL_AUTO
2026-07-15 11:14:23,1784114063,BOOM600,5362.782,-1,0.01900000000023283,BACKFILL_AUTO
2026-07-15 11:14:24,1784114064,BOOM600,5362.779,-1,0.0029999999997016857,BACKFILL_AUTO
2026-07-15 11:14:25,1784114065,BOOM600,5362.777,-1,0.0020000000004074536,BACKFILL_AUTO
2026-07-15 11:14:26,1784114066,BOOM600,5362.765,-1,0.011999999999716238,BACKFILL_AUTO
2026-07-15 11:14:27,1784114067,BOOM600,5362.753,-1,0.012000000000625732,BACKFILL_AUTO
2026-07-15 11:14:28,1784114068,BOOM600,5362.737,-1,0.01599999999962165,BACKFILL_AUTO
2026-07-15 11:14:29,1784114069,BOOM600,5362.735,-1,0.0020000000004074536,BACKFILL_AUTO
2026-07-15 11:14:30,1784114070,BOOM600,5362.726,-1,0.009000000000014552,BACKFILL_AUTO
2026-07-15 11:14:31,1784114071,BOOM600,5362.721,-1,0.005000000000109139,BACKFILL_AUTO
2026-07-15 11:14:32,1784114072,BOOM600,5362.717,-1,0.0039999999999054126,BACKFILL_AUTO
2026-07-15 11:14:33,1784114073,BOOM600,5362.714,-1,0.0029999999997016857,BACKFILL_AUTO
2026-07-15 11:14:34,1784114074,BOOM600,5362.694,-1,0.019999999999527063,BACKFILL_AUTO
2026-07-15 11:14:35,1784114075,BOOM600,5362.685,-1,0.009000000000014552,BACKFILL_AUTO
2026-07-15 11:14:36,1784114076,BOOM600,5362.667,-1,0.018000000000029104,BACKFILL_AUTO
2026-07-15 11:14:37,1784114077,BOOM600,5362.654,-1,0.012999999999919964,BACKFILL_AUTO
2026-07-15 11:14:38,1784114078,BOOM600,5362.65,-1,0.004000000000814907,BACKFILL_AUTO
2026-07-15 11:14:39,1784114079,BOOM600,5362.635,-1,0.014999999999417923,BACKFILL_AUTO
2026-07-15 11:14:40,1784114080,BOOM600,5362.618,-1,0.016999999999825377,BACKFILL_AUTO
2026-07-15 11:14:41,1784114081,BOOM600,5362.61,-1,0.00800000000072032,BACKFILL_AUTO
2026-07-15 11:14:42,1784114082,BOOM600,5362.598,-1,0.011999999999716238,BACKFILL_AUTO
2026-07-15 11:14:43,1784114083,BOOM600,5362.595,-1,0.0029999999997016857,BACKFILL_AUTO
2026-07-15 11:14:44,1784114084,BOOM600,5362.576,-1,0.01900000000023283,BACKFILL_AUTO
2026-07-15 11:14:45,1784114085,BOOM600,5362.561,-1,0.015000000000327418,BACKFILL_AUTO
2026-07-15 11:14:46,1784114086,BOOM600,5362.547,-1,0.014000000000123691,BACKFILL_AUTO
2026-07-15 11:14:47,1784114087,BOOM600,5362.539,-1,0.007999999999810825,BACKFILL_AUTO
2026-07-15 11:14:48,1784114088,BOOM600,5362.525,-1,0.014000000000123691,BACKFILL_AUTO
2026-07-15 11:14:49,1784114089,BOOM600,5362.521,-1,0.0039999999999054126,BACKFILL_AUTO
2026-07-15 11:14:50,1784114090,BOOM600,5362.514,-1,0.006999999999607098,BACKFILL_AUTO
2026-07-15 11:14:51,1784114091,BOOM600,5362.5,-1,0.014000000000123691,BACKFILL_AUTO
2026-07-15 11:14:52,1784114092,BOOM600,5362.489,-1,0.011000000000422006,BACKFILL_AUTO
2026-07-15 11:14:53,1784114093,BOOM600,5362.482,-1,0.006999999999607098,BACKFILL_AUTO
2026-07-15 11:14:54,1784114094,BOOM600,5362.469,-1,0.012999999999919964,BACKFILL_AUTO
2026-07-15 11:14:55,1784114095,BOOM600,5362.467,-1,0.0020000000004074536,BACKFILL_AUTO
2026-07-15 11:14:56,1784114096,BOOM600,5362.459,-1,0.007999999999810825,BACKFILL_AUTO
2026-07-15 11:14:57,1784114097,BOOM600,5362.458,-1,0.0010000000002037268,BACKFILL_AUTO
2026-07-15 11:14:58,1784114098,BOOM600,5362.453,-1,0.004999999999199645,BACKFILL_AUTO
2026-07-15 11:14:59,1784114099,BOOM600,5362.448,-1,0.005000000000109139,BACKFILL_AUTO
2026-07-15 11:15:00,1784114100,BOOM600,5362.43,-1,0.018000000000029104,BACKFILL_AUTO
2026-07-15 11:15:01,1784114101,BOOM600,5362.403,-1,0.027000000000043656,BACKFILL_AUTO
2026-07-15 11:15:02,1784114102,BOOM600,5362.397,-1,0.006000000000312866,BACKFILL_AUTO
2026-07-15 11:15:03,1784114103,BOOM600,5362.388,-1,0.009000000000014552,BACKFILL_AUTO
2026-07-15 11:15:04,1784114104,BOOM600,5362.373,-1,0.015000000000327418,BACKFILL_AUTO
2026-07-15 11:15:05,1784114105,BOOM600,5362.36,-1,0.012999999999919964,BACKFILL_AUTO
2026-07-15 11:15:06,1784114106,BOOM600,5362.351,-1,0.009000000000014552,BACKFILL_AUTO
2026-07-15 11:15:07,1784114107,BOOM600,5362.347,-1,0.0039999999999054126,BACKFILL_AUTO
2026-07-15 11:15:08,1784114108,BOOM600,5362.334,-1,0.012999999999919964,BACKFILL_AUTO
2026-07-15 11:15:09,1784114109,BOOM600,5362.326,-1,0.007999999999810825,BACKFILL_AUTO
2026-07-15 11:15:10,1784114110,BOOM600,5362.307,-1,0.01900000000023283,BACKFILL_AUTO
2026-07-15 11:15:11,1784114111,BOOM600,5362.302,-1,0.005000000000109139,BACKFILL_AUTO
2026-07-15 11:15:12,1784114112,BOOM600,5362.299,-1,0.0029999999997016857,BACKFILL_AUTO
2026-07-15 11:15:13,1784114113,BOOM600,5362.284,-1,0.015000000000327418,BACKFILL_AUTO
2026-07-15 11:15:14,1784114114,BOOM600,5362.277,-1,0.006999999999607098,BACKFILL_AUTO
2026-07-15 11:15:15,1784114115,BOOM600,5362.27,-1,0.006999999999607098,BACKFILL_AUTO
2026-07-15 11:15:16,1784114116,BOOM600,5362.264,-1,0.006000000000312866,BACKFILL_AUTO
2026-07-15 11:15:17,1784114117,BOOM600,5362.258,-1,0.006000000000312866,BACKFILL_AUTO
2026-07-15 11:15:18,1784114118,BOOM600,5362.247,-1,0.01099999999951251,BACKFILL_AUTO
2026-07-15 11:15:19,1784114119,BOOM600,5362.241,-1,0.006000000000312866,BACKFILL_AUTO
2026-07-15 11:15:20,1784114120,BOOM600,5362.234,-1,0.006999999999607098,BACKFILL_AUTO
2026-07-15 11:15:21,1784114121,BOOM600,5362.232,-1,0.0020000000004074536,BACKFILL_AUTO
2026-07-15 11:15:22,1784114122,BOOM600,5362.231,-1,0.0010000000002037268,BACKFILL_AUTO
2026-07-15 11:15:23,1784114123,BOOM600,5362.225,-1,0.0059999999994033715,BACKFILL_AUTO
2026-07-15 11:15:24,1784114124,BOOM600,5362.213,-1,0.012000000000625732,BACKFILL_AUTO
2026-07-15 11:15:25,1784114125,BOOM600,5362.208,-1,0.005000000000109139,BACKFILL_AUTO
2026-07-15 11:15:26,1784114126,BOOM600,5362.199,-1,0.009000000000014552,BACKFILL_AUTO
2026-07-15 11:15:27,1784114127,BOOM600,5362.181,-1,0.018000000000029104,BACKFILL_AUTO
2026-07-15 11:15:28,1784114128,BOOM600,5362.176,-1,0.004999999999199645,BACKFILL_AUTO
2026-07-15 11:15:29,1784114129,BOOM600,5362.164,-1,0.012000000000625732,BACKFILL_AUTO
2026-07-15 11:15:30,1784114130,BOOM600,5362.149,-1,0.014999999999417923,BACKFILL_AUTO
2026-07-15 11:15:31,1784114131,BOOM600,5362.148,-1,0.0010000000002037268,BACKFILL_AUTO
2026-07-15 11:15:32,1784114132,BOOM600,5362.139,-1,0.009000000000014552,BACKFILL_AUTO
2026-07-15 11:15:33,1784114133,BOOM600,5362.119,-1,0.020000000000436557,BACKFILL_AUTO
2026-07-15 11:15:34,1784114134,BOOM600,5362.116,-1,0.0029999999997016857,BACKFILL_AUTO
2026-07-15 11:15:35,1784114135,BOOM600,5362.113,-1,0.0029999999997016857,BACKFILL_AUTO
2026-07-15 11:15:36,1784114136,BOOM600,5362.106,-1,0.007000000000516593,BACKFILL_AUTO
2026-07-15 11:15:37,1784114137,BOOM600,5362.09,-1,0.01599999999962165,BACKFILL_AUTO
2026-07-15 11:15:38,1784114138,BOOM600,5362.075,-1,0.015000000000327418,BACKFILL_AUTO
2026-07-15 11:15:39,1784114139,BOOM600,5362.062,-1,0.012999999999919964,BACKFILL_AUTO
2026-07-15 11:15:40,1784114140,BOOM600,5362.053,-1,0.009000000000014552,BACKFILL_AUTO
2026-07-15 11:15:41,1784114141,BOOM600,5362.049,-1,0.0039999999999054126,BACKFILL_AUTO
2026-07-15 11:15:42,1784114142,BOOM600,5362.044,-1,0.005000000000109139,BACKFILL_AUTO
2026-07-15 11:15:43,1784114143,BOOM600,5362.036,-1,0.007999999999810825,BACKFILL_AUTO
2026-07-15 11:15:44,1784114144,BOOM600,5362.021,-1,0.015000000000327418,BACKFILL_AUTO
2026-07-15 11:15:45,1784114145,BOOM600,5361.999,-1,0.021999999999934516,BACKFILL_AUTO
2026-07-15 11:15:46,1784114146,BOOM600,5361.982,-1,0.016999999999825377,BACKFILL_AUTO
2026-07-15 11:15:47,1784114147,BOOM600,5361.967,-1,0.015000000000327418,BACKFILL_AUTO
2026-07-15 11:15:48,1784114148,BOOM600,5361.961,-1,0.0059999999994033715,BACKFILL_AUTO
2026-07-15 11:15:49,1784114149,BOOM600,5361.947,-1,0.014000000000123691,BACKFILL_AUTO
2026-07-15 11:15:50,1784114150,BOOM600,5361.939,-1,0.007999999999810825,BACKFILL_AUTO
2026-07-15 11:15:51,1784114151,BOOM600,5361.929,-1,0.010000000000218279,BACKFILL_AUTO
2026-07-15 11:15:52,1784114152,BOOM600,5361.912,-1,0.016999999999825377,BACKFILL_AUTO
2026-07-15 11:15:53,1784114153,BOOM600,5361.901,-1,0.011000000000422006,BACKFILL_AUTO
2026-07-15 11:15:54,1784114154,BOOM600,5361.88,-1,0.02099999999973079,BACKFILL_AUTO
2026-07-15 11:15:55,1784114155,BOOM600,5361.873,-1,0.007000000000516593,BACKFILL_AUTO
2026-07-15 11:15:56,1784114156,BOOM600,5361.872,-1,0.0009999999992942321,BACKFILL_AUTO
2026-07-15 11:15:57,1784114157,BOOM600,5361.871,-1,0.0010000000002037268,BACKFILL_AUTO
2026-07-15 11:15:58,1784114158,BOOM600,5361.865,-1,0.006000000000312866,BACKFILL_AUTO
2026-07-15 11:15:59,1784114159,BOOM600,5361.853,-1,0.011999999999716238,BACKFILL_AUTO
2026-07-15 11:16:00,1784114160,BOOM600,5361.84,-1,0.012999999999919964,BACKFILL_AUTO
2026-07-15 11:16:01,1784114161,BOOM600,5361.82,-1,0.020000000000436557,BACKFILL_AUTO
2026-07-15 11:16:02,1784114162,BOOM600,5361.813,-1,0.006999999999607098,BACKFILL_AUTO
2026-07-15 11:16:03,1784114163,BOOM600,5361.809,-1,0.0039999999999054126,BACKFILL_AUTO
2026-07-15 11:16:04,1784114164,BOOM600,5361.807,-1,0.0020000000004074536,BACKFILL_AUTO
2026-07-15 11:16:05,1784114165,BOOM600,5361.789,-1,0.018000000000029104,BACKFILL_AUTO
2026-07-15 11:16:06,1784114166,BOOM600,5361.774,-1,0.014999999999417923,BACKFILL_AUTO
2026-07-15 11:16:07,1784114167,BOOM600,5361.767,-1,0.007000000000516593,BACKFILL_AUTO
2026-07-15 11:16:08,1784114168,BOOM600,5361.751,-1,0.01599999999962165,BACKFILL_AUTO
2026-07-15 11:16:09,1784114169,BOOM600,5361.747,-1,0.0039999999999054126,BACKFILL_AUTO
2026-07-15 11:16:10,1784114170,BOOM600,5361.729,-1,0.018000000000029104,BACKFILL_AUTO
2026-07-15 11:16:11,1784114171,BOOM600,5361.717,-1,0.012000000000625732,BACKFILL_AUTO
2026-07-15 11:16:12,1784114172,BOOM600,5361.717,0,0.0,BACKFILL_AUTO
2026-07-15 11:16:13,1784114173,BOOM600,5361.716,-1,0.0009999999992942321,BACKFILL_AUTO
2026-07-15 11:16:14,1784114174,BOOM600,5361.706,-1,0.010000000000218279,BACKFILL_AUTO
2026-07-15 11:16:15,1784114175,BOOM600,5361.695,-1,0.011000000000422006,BACKFILL_AUTO
2026-07-15 11:16:16,1784114176,BOOM600,5361.679,-1,0.01599999999962165,BACKFILL_AUTO
2026-07-15 11:16:17,1784114177,BOOM600,5361.678,-1,0.0010000000002037268,BACKFILL_AUTO
2026-07-15 11:16:18,1784114178,BOOM600,5361.669,-1,0.009000000000014552,BACKFILL_AUTO
2026-07-15 11:16:19,1784114179,BOOM600,5361.654,-1,0.014999999999417923,BACKFILL_AUTO
2026-07-15 11:16:20,1784114180,BOOM600,5361.645,-1,0.009000000000014552,BACKFILL_AUTO
2026-07-15 11:16:21,1784114181,BOOM600,5361.639,-1,0.006000000000312866,BACKFILL_AUTO
2026-07-15 11:16:22,1784114182,BOOM600,5361.638,-1,0.0010000000002037268,BACKFILL_AUTO
2026-07-15 11:16:23,1784114183,BOOM600,5361.632,-1,0.006000000000312866,BACKFILL_AUTO
2026-07-15 11:16:24,1784114184,BOOM600,5361.623,-1,0.009000000000014552,BACKFILL_AUTO
2026-07-15 11:16:25,1784114185,BOOM600,5361.608,-1,0.014999999999417923,BACKFILL_AUTO
2026-07-15 11:16:26,1784114186,BOOM600,5361.594,-1,0.014000000000123691,BACKFILL_AUTO
2026-07-15 11:16:27,1784114187,BOOM600,5361.589,-1,0.005000000000109139,BACKFILL_AUTO
2026-07-15 11:16:28,1784114188,BOOM600,5361.585,-1,0.0039999999999054126,BACKFILL_AUTO
2026-07-15 11:16:29,1784114189,BOOM600,5361.581,-1,0.0039999999999054126,BACKFILL_AUTO
2026-07-15 11:16:30,1784114190,BOOM600,5361.572,-1,0.009000000000014552,BACKFILL_AUTO
2026-07-15 11:16:31,1784114191,BOOM600,5361.567,-1,0.005000000000109139,BACKFILL_AUTO
2026-07-15 11:16:32,1784114192,BOOM600,5361.55,-1,0.016999999999825377,BACKFILL_AUTO
2026-07-15 11:16:33,1784114193,BOOM600,5361.542,-1,0.007999999999810825,BACKFILL_AUTO
2026-07-15 11:16:34,1784114194,BOOM600,5361.542,0,0.0,BACKFILL_AUTO
2026-07-15 11:16:35,1784114195,BOOM600,5361.531,-1,0.011000000000422006,BACKFILL_AUTO
2026-07-15 11:16:36,1784114196,BOOM600,5361.526,-1,0.005000000000109139,BACKFILL_AUTO
2026-07-15 11:16:37,1784114197,BOOM600,5361.52,-1,0.0059999999994033715,BACKFILL_AUTO
2026-07-15 11:16:38,1784114198,BOOM600,5361.516,-1,0.004000000000814907,BACKFILL_AUTO
2026-07-15 11:16:39,1784114199,BOOM600,5361.497,-1,0.018999999999323336,BACKFILL_AUTO
2026-07-15 11:16:40,1784114200,BOOM600,5361.482,-1,0.015000000000327418,BACKFILL_AUTO
2026-07-15 11:16:41,1784114201,BOOM600,5361.459,-1,0.023000000000138243,BACKFILL_AUTO
2026-07-15 11:16:42,1784114202,BOOM600,5361.436,-1,0.023000000000138243,BACKFILL_AUTO
2026-07-15 11:16:43,1784114203,BOOM600,5361.419,-1,0.016999999999825377,BACKFILL_AUTO
2026-07-15 11:16:44,1784114204,BOOM600,5361.415,-1,0.0039999999999054126,BACKFILL_AUTO
2026-07-15 11:16:45,1784114205,BOOM600,5361.407,-1,0.007999999999810825,BACKFILL_AUTO
2026-07-15 11:16:46,1784114206,BOOM600,5361.389,-1,0.018000000000029104,BACKFILL_AUTO
2026-07-15 11:16:47,1784114207,BOOM600,5361.378,-1,0.011000000000422006,BACKFILL_AUTO
2026-07-15 11:16:48,1784114208,BOOM600,5361.369,-1,0.009000000000014552,BACKFILL_AUTO
2026-07-15 11:16:49,1784114209,BOOM600,5361.349,-1,0.019999999999527063,BACKFILL_AUTO
2026-07-15 11:16:50,1784114210,BOOM600,5361.338,-1,0.011000000000422006,BACKFILL_AUTO
2026-07-15 11:16:51,1784114211,BOOM600,5361.335,-1,0.0029999999997016857,BACKFILL_AUTO
2026-07-15 11:16:52,1784114212,BOOM600,5361.33,-1,0.005000000000109139,BACKFILL_AUTO
2026-07-15 11:16:53,1784114213,BOOM600,5361.325,-1,0.005000000000109139,BACKFILL_AUTO
2026-07-15 11:16:54,1784114214,BOOM600,5361.308,-1,0.016999999999825377,BACKFILL_AUTO
2026-07-15 11:16:55,1784114215,BOOM600,5361.307,-1,0.0010000000002037268,BACKFILL_AUTO
2026-07-15 11:16:56,1784114216,BOOM600,5361.288,-1,0.01900000000023283,BACKFILL_AUTO
2026-07-15 11:16:57,1784114217,BOOM600,5361.284,-1,0.0039999999999054126,BACKFILL_AUTO
2026-07-15 11:16:58,1784114218,BOOM600,5361.281,-1,0.0029999999997016857,BACKFILL_AUTO
2026-07-15 11:16:59,1784114219,BOOM600,5361.276,-1,0.005000000000109139,BACKFILL_AUTO
2026-07-15 11:17:00,1784114220,BOOM600,5361.275,-1,0.0010000000002037268,BACKFILL_AUTO
2026-07-15 11:17:01,1784114221,BOOM600,5361.272,-1,0.0029999999997016857,BACKFILL_AUTO
2026-07-15 11:17:02,1784114222,BOOM600,5361.265,-1,0.006999999999607098,BACKFILL_AUTO
2026-07-15 11:17:03,1784114223,BOOM600,5361.261,-1,0.0039999999999054126,BACKFILL_AUTO
2026-07-15 11:17:04,1784114224,BOOM600,5361.236,-1,0.025000000000545697,BACKFILL_AUTO
2026-07-15 11:17:05,1784114225,BOOM600,5361.223,-1,0.012999999999919964,BACKFILL_AUTO
2026-07-15 11:17:06,1784114226,BOOM600,5361.22,-1,0.0029999999997016857,BACKFILL_AUTO
2026-07-15 11:17:07,1784114227,BOOM600,5361.209,-1,0.011000000000422006,BACKFILL_AUTO
2026-07-15 11:17:08,1784114228,BOOM600,5361.206,-1,0.0029999999997016857,BACKFILL_AUTO
2026-07-15 11:17:09,1784114229,BOOM600,5361.19,-1,0.016000000000531145,BACKFILL_AUTO
2026-07-15 11:17:10,1784114230,BOOM600,5361.189,-1,0.0009999999992942321,BACKFILL_AUTO
2026-07-15 11:17:11,1784114231,BOOM600,5361.177,-1,0.012000000000625732,BACKFILL_AUTO
2026-07-15 11:17:12,1784114232,BOOM600,5361.168,-1,0.009000000000014552,BACKFILL_AUTO
2026-07-15 11:17:13,1784114233,BOOM600,5361.16,-1,0.007999999999810825,BACKFILL_AUTO
2026-07-15 11:17:14,1784114234,BOOM600,5361.152,-1,0.007999999999810825,BACKFILL_AUTO
2026-07-15 11:17:15,1784114235,BOOM600,5361.138,-1,0.014000000000123691,BACKFILL_AUTO
2026-07-15 11:17:16,1784114236,BOOM600,5361.138,0,0.0,BACKFILL_AUTO
2026-07-15 11:17:17,1784114237,BOOM600,5361.129,-1,0.009000000000014552,BACKFILL_AUTO
2026-07-15 11:17:18,1784114238,BOOM600,5361.113,-1,0.01599999999962165,BACKFILL_AUTO
2026-07-15 11:17:19,1784114239,BOOM600,5361.098,-1,0.015000000000327418,BACKFILL_AUTO
2026-07-15 11:17:20,1784114240,BOOM600,5361.093,-1,0.005000000000109139,BACKFILL_AUTO
2026-07-15 11:17:21,1784114241,BOOM600,5361.086,-1,0.006999999999607098,BACKFILL_AUTO
2026-07-15 11:17:22,1784114242,BOOM600,5361.082,-1,0.0039999999999054126,BACKFILL_AUTO
2026-07-15 11:17:23,1784114243,BOOM600,5361.08,-1,0.0020000000004074536,BACKFILL_AUTO
2026-07-15 11:17:24,1784114244,BOOM600,5361.073,-1,0.006999999999607098,BACKFILL_AUTO
2026-07-15 11:17:25,1784114245,BOOM600,5361.054,-1,0.01900000000023283,BACKFILL_AUTO
2026-07-15 11:17:26,1784114246,BOOM600,5361.05,-1,0.0039999999999054126,BACKFILL_AUTO
2026-07-15 11:17:27,1784114247,BOOM600,5361.045,-1,0.005000000000109139,BACKFILL_AUTO
2026-07-15 11:17:28,1784114248,BOOM600,5361.04,-1,0.005000000000109139,BACKFILL_AUTO
2026-07-15 11:17:29,1784114249,BOOM600,5361.022,-1,0.018000000000029104,BACKFILL_AUTO
2026-07-15 11:17:30,1784114250,BOOM600,5360.997,-1,0.024999999999636202,BACKFILL_AUTO
2026-07-15 11:17:31,1784114251,BOOM600,5360.984,-1,0.012999999999919964,BACKFILL_AUTO
2026-07-15 11:17:32,1784114252,BOOM600,5360.97,-1,0.014000000000123691,BACKFILL_AUTO
2026-07-15 11:17:33,1784114253,BOOM600,5360.957,-1,0.012999999999919964,BACKFILL_AUTO
2026-07-15 11:17:34,1784114254,BOOM600,5360.941,-1,0.016000000000531145,BACKFILL_AUTO
2026-07-15 11:17:35,1784114255,BOOM600,5360.934,-1,0.006999999999607098,BACKFILL_AUTO
2026-07-15 11:17:36,1784114256,BOOM600,5360.932,-1,0.0020000000004074536,BACKFILL_AUTO
2026-07-15 11:17:37,1784114257,BOOM600,5360.922,-1,0.010000000000218279,BACKFILL_AUTO
2026-07-15 11:17:38,1784114258,BOOM600,5360.918,-1,0.0039999999999054126,BACKFILL_AUTO
2026-07-15 11:17:39,1784114259,BOOM600,5360.905,-1,0.012999999999919964,BACKFILL_AUTO
2026-07-15 11:17:40,1784114260,BOOM600,5360.885,-1,0.019999999999527063,BACKFILL_AUTO
2026-07-15 11:17:41,1784114261,BOOM600,5360.874,-1,0.011000000000422006,BACKFILL_AUTO
2026-07-15 11:17:42,1784114262,BOOM600,5360.869,-1,0.005000000000109139,BACKFILL_AUTO
2026-07-15 11:17:43,1784114263,BOOM600,5360.869,0,0.0,BACKFILL_AUTO
2026-07-15 11:17:44,1784114264,BOOM600,5360.855,-1,0.014000000000123691,BACKFILL_AUTO
2026-07-15 11:17:45,1784114265,BOOM600,5360.846,-1,0.009000000000014552,BACKFILL_AUTO
2026-07-15 11:17:46,1784114266,BOOM600,5360.84,-1,0.0059999999994033715,BACKFILL_AUTO
2026-07-15 11:17:47,1784114267,BOOM600,5360.84,0,0.0,BACKFILL_AUTO
2026-07-15 11:17:48,1784114268,BOOM600,5360.829,-1,0.011000000000422006,BACKFILL_AUTO
2026-07-15 11:17:49,1784114269,BOOM600,5360.821,-1,0.007999999999810825,BACKFILL_AUTO
2026-07-15 11:17:50,1784114270,BOOM600,5360.808,-1,0.012999999999919964,BACKFILL_AUTO
2026-07-15 11:17:51,1784114271,BOOM600,5360.787,-1,0.02099999999973079,BACKFILL_AUTO
2026-07-15 11:17:52,1784114272,BOOM600,5360.778,-1,0.009000000000014552,BACKFILL_AUTO
2026-07-15 11:17:53,1784114273,BOOM600,5360.768,-1,0.010000000000218279,BACKFILL_AUTO
2026-07-15 11:17:54,1784114274,BOOM600,5360.753,-1,0.015000000000327418,BACKFILL_AUTO
2026-07-15 11:17:55,1784114275,BOOM600,5360.751,-1,0.001999999999497959,BACKFILL_AUTO
2026-07-15 11:17:56,1784114276,BOOM600,5360.738,-1,0.012999999999919964,BACKFILL_AUTO
2026-07-15 11:17:57,1784114277,BOOM600,5360.735,-1,0.0030000000006111804,BACKFILL_AUTO
2026-07-15 11:17:58,1784114278,BOOM600,5360.733,-1,0.001999999999497959,BACKFILL_AUTO
2026-07-15 11:17:59,1784114279,BOOM600,5360.729,-1,0.0039999999999054126,BACKFILL_AUTO
2026-07-15 11:18:00,1784114280,BOOM600,5360.726,-1,0.0030000000006111804,BACKFILL_AUTO
2026-07-15 11:18:01,1784114281,BOOM600,5360.715,-1,0.01099999999951251,BACKFILL_AUTO
2026-07-15 11:18:02,1784114282,BOOM600,5360.708,-1,0.007000000000516593,BACKFILL_AUTO
2026-07-15 11:18:03,1784114283,BOOM600,5360.697,-1,0.01099999999951251,BACKFILL_AUTO
2026-07-15 11:18:04,1784114284,BOOM600,5360.692,-1,0.005000000000109139,BACKFILL_AUTO
2026-07-15 11:18:05,1784114285,BOOM600,5360.689,-1,0.0029999999997016857,BACKFILL_AUTO
2026-07-15 11:18:06,1784114286,BOOM600,5360.685,-1,0.0039999999999054126,BACKFILL_AUTO
2026-07-15 11:18:07,1784114287,BOOM600,5360.676,-1,0.009000000000014552,BACKFILL_AUTO
2026-07-15 11:18:08,1784114288,BOOM600,5360.663,-1,0.01300000000082946,BACKFILL_AUTO
2026-07-15 11:18:09,1784114289,BOOM600,5360.651,-1,0.011999999999716238,BACKFILL_AUTO
2026-07-15 11:18:10,1784114290,BOOM600,5360.633,-1,0.018000000000029104,BACKFILL_AUTO
2026-07-15 11:18:11,1784114291,BOOM600,5360.611,-1,0.021999999999934516,BACKFILL_AUTO
2026-07-15 11:18:12,1784114292,BOOM600,5360.583,-1,0.028000000000247383,BACKFILL_AUTO
2026-07-15 11:18:13,1784114293,BOOM600,5360.565,-1,0.018000000000029104,BACKFILL_AUTO
2026-07-15 11:18:14,1784114294,BOOM600,5360.55,-1,0.014999999999417923,BACKFILL_AUTO
2026-07-15 11:18:15,1784114295,BOOM600,5360.544,-1,0.006000000000312866,BACKFILL_AUTO
2026-07-15 11:18:16,1784114296,BOOM600,5360.536,-1,0.007999999999810825,BACKFILL_AUTO
2026-07-15 11:18:17,1784114297,BOOM600,5360.521,-1,0.015000000000327418,BACKFILL_AUTO
2026-07-15 11:18:18,1784114298,BOOM600,5360.517,-1,0.0039999999999054126,BACKFILL_AUTO
2026-07-15 11:18:19,1784114299,BOOM600,5360.509,-1,0.007999999999810825,BACKFILL_AUTO
2026-07-15 11:18:20,1784114300,BOOM600,5360.498,-1,0.011000000000422006,BACKFILL_AUTO
2026-07-15 11:18:21,1784114301,BOOM600,5360.491,-1,0.006999999999607098,BACKFILL_AUTO
2026-07-15 11:18:22,1784114302,BOOM600,5360.469,-1,0.021999999999934516,BACKFILL_AUTO
2026-07-15 11:18:23,1784114303,BOOM600,5360.457,-1,0.011999999999716238,BACKFILL_AUTO
2026-07-15 11:18:24,1784114304,BOOM600,5360.456,-1,0.0010000000002037268,BACKFILL_AUTO
2026-07-15 11:18:25,1784114305,BOOM600,5360.447,-1,0.009000000000014552,BACKFILL_AUTO
2026-07-15 11:18:26,1784114306,BOOM600,5360.439,-1,0.007999999999810825,BACKFILL_AUTO
2026-07-15 11:18:27,1784114307,BOOM600,5360.43,-1,0.009000000000014552,BACKFILL_AUTO
2026-07-15 11:18:28,1784114308,BOOM600,5360.411,-1,0.01900000000023283,BACKFILL_AUTO
2026-07-15 11:18:29,1784114309,BOOM600,5360.4,-1,0.011000000000422006,BACKFILL_AUTO
2026-07-15 11:18:30,1784114310,BOOM600,5360.394,-1,0.0059999999994033715,BACKFILL_AUTO
2026-07-15 11:18:31,1784114311,BOOM600,5360.376,-1,0.018000000000029104,BACKFILL_AUTO
2026-07-15 11:18:32,1784114312,BOOM600,5360.358,-1,0.018000000000029104,BACKFILL_AUTO
2026-07-15 11:18:33,1784114313,BOOM600,5360.353,-1,0.005000000000109139,BACKFILL_AUTO
2026-07-15 11:18:34,1784114314,BOOM600,5360.336,-1,0.016999999999825377,BACKFILL_AUTO
2026-07-15 11:18:35,1784114315,BOOM600,5360.328,-1,0.007999999999810825,BACKFILL_AUTO
2026-07-15 11:18:36,1784114316,BOOM600,5360.323,-1,0.005000000000109139,BACKFILL_AUTO
2026-07-15 11:18:37,1784114317,BOOM600,5360.313,-1,0.010000000000218279,BACKFILL_AUTO
2026-07-15 11:18:38,1784114318,BOOM600,5360.305,-1,0.007999999999810825,BACKFILL_AUTO
2026-07-15 11:18:39,1784114319,BOOM600,5360.303,-1,0.0020000000004074536,BACKFILL_AUTO
2026-07-15 11:18:40,1784114320,BOOM600,5360.291,-1,0.011999999999716238,BACKFILL_AUTO
2026-07-15 11:18:41,1784114321,BOOM600,5360.285,-1,0.006000000000312866,BACKFILL_AUTO
2026-07-15 11:18:42,1784114322,BOOM600,5360.274,-1,0.01099999999951251,BACKFILL_AUTO
2026-07-15 11:18:43,1784114323,BOOM600,5360.252,-1,0.021999999999934516,BACKFILL_AUTO
2026-07-15 11:18:44,1784114324,BOOM600,5360.249,-1,0.0030000000006111804,BACKFILL_AUTO
2026-07-15 11:18:45,1784114325,BOOM600,5360.249,0,0.0,BACKFILL_AUTO
2026-07-15 11:18:46,1784114326,BOOM600,5360.241,-1,0.007999999999810825,BACKFILL_AUTO
2026-07-15 11:18:47,1784114327,BOOM600,5360.241,0,0.0,BACKFILL_AUTO
2026-07-15 11:18:48,1784114328,BOOM600,5360.238,-1,0.0029999999997016857,BACKFILL_AUTO
2026-07-15 11:18:49,1784114329,BOOM600,5360.222,-1,0.016000000000531145,BACKFILL_AUTO
2026-07-15 11:18:50,1784114330,BOOM600,5360.213,-1,0.009000000000014552,BACKFILL_AUTO
2026-07-15 11:18:51,1784114331,BOOM600,5360.206,-1,0.006999999999607098,BACKFILL_AUTO
2026-07-15 11:18:52,1784114332,BOOM600,5360.185,-1,0.02099999999973079,BACKFILL_AUTO
2026-07-15 11:18:53,1784114333,BOOM600,5360.18,-1,0.005000000000109139,BACKFILL_AUTO
2026-07-15 11:18:54,1784114334,BOOM600,5360.178,-1,0.0020000000004074536,BACKFILL_AUTO
2026-07-15 11:18:55,1784114335,BOOM600,5360.167,-1,0.01099999999951251,BACKFILL_AUTO
2026-07-15 11:18:56,1784114336,BOOM600,5360.158,-1,0.009000000000014552,BACKFILL_AUTO
2026-07-15 11:18:57,1784114337,BOOM600,5360.155,-1,0.0030000000006111804,BACKFILL_AUTO
2026-07-15 11:18:58,1784114338,BOOM600,5360.139,-1,0.01599999999962165,BACKFILL_AUTO
2026-07-15 11:18:59,1784114339,BOOM600,5360.126,-1,0.012999999999919964,BACKFILL_AUTO
2026-07-15 11:19:00,1784114340,BOOM600,5360.124,-1,0.0020000000004074536,BACKFILL_AUTO
2026-07-15 11:19:01,1784114341,BOOM600,5360.119,-1,0.005000000000109139,BACKFILL_AUTO
2026-07-15 11:19:02,1784114342,BOOM600,5360.107,-1,0.011999999999716238,BACKFILL_AUTO
2026-07-15 11:19:03,1784114343,BOOM600,5360.1,-1,0.006999999999607098,BACKFILL_AUTO
2026-07-15 11:19:04,1784114344,BOOM600,5360.073,-1,0.027000000000043656,BACKFILL_AUTO
2026-07-15 11:19:05,1784114345,BOOM600,5360.07,-1,0.0030000000006111804,BACKFILL_AUTO
2026-07-15 11:19:06,1784114346,BOOM600,5360.042,-1,0.027999999999337888,BACKFILL_AUTO
2026-07-15 11:19:07,1784114347,BOOM600,5360.033,-1,0.009000000000014552,BACKFILL_AUTO
2026-07-15 11:19:08,1784114348,BOOM600,5360.028,-1,0.005000000000109139,BACKFILL_AUTO
2026-07-15 11:19:09,1784114349,BOOM600,5360.02,-1,0.007999999999810825,BACKFILL_AUTO
2026-07-15 11:19:10,1784114350,BOOM600,5360.017,-1,0.0030000000006111804,BACKFILL_AUTO
2026-07-15 11:19:11,1784114351,BOOM600,5360.014,-1,0.0029999999997016857,BACKFILL_AUTO
2026-07-15 11:19:12,1784114352,BOOM600,5360.003,-1,0.011000000000422006,BACKFILL_AUTO
2026-07-15 11:19:13,1784114353,BOOM600,5359.998,-1,0.005000000000109139,BACKFILL_AUTO
2026-07-15 11:19:14,1784114354,BOOM600,5359.988,-1,0.009999999999308784,BACKFILL_AUTO
2026-07-15 11:19:15,1784114355,BOOM600,5359.978,-1,0.010000000000218279,BACKFILL_AUTO
2026-07-15 11:19:16,1784114356,BOOM600,5359.978,0,0.0,BACKFILL_AUTO
2026-07-15 11:19:17,1784114357,BOOM600,5359.966,-1,0.011999999999716238,BACKFILL_AUTO
2026-07-15 11:19:18,1784114358,BOOM600,5359.965,-1,0.0010000000002037268,BACKFILL_AUTO
2026-07-15 11:19:19,1784114359,BOOM600,5359.957,-1,0.007999999999810825,BACKFILL_AUTO
2026-07-15 11:19:20,1784114360,BOOM600,5359.932,-1,0.025000000000545697,BACKFILL_AUTO
2026-07-15 11:19:21,1784114361,BOOM600,5359.922,-1,0.010000000000218279,BACKFILL_AUTO
2026-07-15 11:19:22,1784114362,BOOM600,5359.909,-1,0.012999999999919964,BACKFILL_AUTO
2026-07-15 11:19:23,1784114363,BOOM600,5359.895,-1,0.013999999999214197,BACKFILL_AUTO
2026-07-15 11:19:24,1784114364,BOOM600,5359.891,-1,0.004000000000814907,BACKFILL_AUTO
2026-07-15 11:19:25,1784114365,BOOM600,5359.877,-1,0.013999999999214197,BACKFILL_AUTO
2026-07-15 11:19:26,1784114366,BOOM600,5359.863,-1,0.014000000000123691,BACKFILL_AUTO
2026-07-15 11:19:27,1784114367,BOOM600,5359.852,-1,0.011000000000422006,BACKFILL_AUTO
2026-07-15 11:19:28,1784114368,BOOM600,5359.826,-1,0.02599999999983993,BACKFILL_AUTO
2026-07-15 11:19:29,1784114369,BOOM600,5359.816,-1,0.010000000000218279,BACKFILL_AUTO
2026-07-15 11:19:30,1784114370,BOOM600,5359.801,-1,0.014999999999417923,BACKFILL_AUTO
2026-07-15 11:19:31,1784114371,BOOM600,5359.791,-1,0.010000000000218279,BACKFILL_AUTO
2026-07-15 11:19:32,1784114372,BOOM600,5359.776,-1,0.015000000000327418,BACKFILL_AUTO
2026-07-15 11:19:33,1784114373,BOOM600,5359.775,-1,0.0010000000002037268,BACKFILL_AUTO
2026-07-15 11:19:34,1784114374,BOOM600,5359.769,-1,0.0059999999994033715,BACKFILL_AUTO
2026-07-15 11:19:35,1784114375,BOOM600,5359.768,-1,0.0010000000002037268,BACKFILL_AUTO
2026-07-15 11:19:36,1784114376,BOOM600,5359.76,-1,0.007999999999810825,BACKFILL_AUTO
2026-07-15 11:19:37,1784114377,BOOM600,5359.757,-1,0.0030000000006111804,BACKFILL_AUTO
2026-07-15 11:19:38,1784114378,BOOM600,5359.747,-1,0.009999999999308784,BACKFILL_AUTO
2026-07-15 11:19:39,1784114379,BOOM600,5359.746,-1,0.0010000000002037268,BACKFILL_AUTO
2026-07-15 11:19:40,1784114380,BOOM600,5359.726,-1,0.020000000000436557,BACKFILL_AUTO
2026-07-15 11:19:41,1784114381,BOOM600,5359.724,-1,0.001999999999497959,BACKFILL_AUTO
2026-07-15 11:19:42,1784114382,BOOM600,5359.719,-1,0.005000000000109139,BACKFILL_AUTO
2026-07-15 11:19:43,1784114383,BOOM600,5359.718,-1,0.0010000000002037268,BACKFILL_AUTO
2026-07-15 11:19:44,1784114384,BOOM600,5359.718,0,0.0,BACKFILL_AUTO
2026-07-15 11:19:45,1784114385,BOOM600,5359.714,-1,0.0039999999999054126,BACKFILL_AUTO
2026-07-15 11:19:46,1784114386,BOOM600,5359.711,-1,0.0029999999997016857,BACKFILL_AUTO
2026-07-15 11:19:47,1784114387,BOOM600,5359.71,-1,0.0010000000002037268,BACKFILL_AUTO
2026-07-15 11:19:48,1784114388,BOOM600,5359.704,-1,0.006000000000312866,BACKFILL_AUTO
2026-07-15 11:19:49,1784114389,BOOM600,5359.694,-1,0.009999999999308784,BACKFILL_AUTO
2026-07-15 11:19:50,1784114390,BOOM600,5359.684,-1,0.010000000000218279,BACKFILL_AUTO
2026-07-15 11:19:51,1784114391,BOOM600,5359.669,-1,0.015000000000327418,BACKFILL_AUTO
2026-07-15 11:19:52,1784114392,BOOM600,5359.657,-1,0.011999999999716238,BACKFILL_AUTO
2026-07-15 11:19:53,1784114393,BOOM600,5359.656,-1,0.0010000000002037268,BACKFILL_AUTO
2026-07-15 11:19:54,1784114394,BOOM600,5359.635,-1,0.02099999999973079,BACKFILL_AUTO
2026-07-15 11:19:55,1784114395,BOOM600,5359.633,-1,0.0020000000004074536,BACKFILL_AUTO
2026-07-15 11:19:56,1784114396,BOOM600,5359.618,-1,0.014999999999417923,BACKFILL_AUTO
2026-07-15 11:19:57,1784114397,BOOM600,5359.6,-1,0.018000000000029104,BACKFILL_AUTO
2026-07-15 11:19:58,1784114398,BOOM600,5359.595,-1,0.005000000000109139,BACKFILL_AUTO
2026-07-15 11:19:59,1784114399,BOOM600,5359.593,-1,0.0020000000004074536,BACKFILL_AUTO
2026-07-15 11:20:00,1784114400,BOOM600,5359.592,-1,0.0010000000002037268,BACKFILL_AUTO
2026-07-15 11:20:01,1784114401,BOOM600,5359.59,-1,0.001999999999497959,BACKFILL_AUTO
2026-07-15 11:20:02,1784114402,BOOM600,5359.584,-1,0.006000000000312866,BACKFILL_AUTO
2026-07-15 11:20:03,1784114403,BOOM600,5359.571,-1,0.012999999999919964,BACKFILL_AUTO
2026-07-15 11:20:04,1784114404,BOOM600,5359.553,-1,0.018000000000029104,BACKFILL_AUTO
2026-07-15 11:20:05,1784114405,BOOM600,5359.537,-1,0.01599999999962165,BACKFILL_AUTO
2026-07-15 11:20:06,1784114406,BOOM600,5359.527,-1,0.010000000000218279,BACKFILL_AUTO
2026-07-15 11:20:07,1784114407,BOOM600,5359.526,-1,0.0010000000002037268,BACKFILL_AUTO
2026-07-15 11:20:08,1784114408,BOOM600,5359.517,-1,0.009000000000014552,BACKFILL_AUTO
2026-07-15 11:20:09,1784114409,BOOM600,5359.511,-1,0.0059999999994033715,BACKFILL_AUTO
2026-07-15 11:20:10,1784114410,BOOM600,5359.51,-1,0.0010000000002037268,BACKFILL_AUTO
2026-07-15 11:20:11,1784114411,BOOM600,5359.494,-1,0.016000000000531145,BACKFILL_AUTO
2026-07-15 11:20:12,1784114412,BOOM600,5359.493,-1,0.0009999999992942321,BACKFILL_AUTO
2026-07-15 11:20:13,1784114413,BOOM600,5359.484,-1,0.009000000000014552,BACKFILL_AUTO
2026-07-15 11:20:14,1784114414,BOOM600,5359.473,-1,0.011000000000422006,BACKFILL_AUTO
2026-07-15 11:20:15,1784114415,BOOM600,5359.472,-1,0.0010000000002037268,BACKFILL_AUTO
2026-07-15 11:20:16,1784114416,BOOM600,5359.452,-1,0.019999999999527063,BACKFILL_AUTO
2026-07-15 11:20:17,1784114417,BOOM600,5359.444,-1,0.007999999999810825,BACKFILL_AUTO
2026-07-15 11:20:18,1784114418,BOOM600,5359.433,-1,0.011000000000422006,BACKFILL_AUTO
2026-07-15 11:20:19,1784114419,BOOM600,5359.428,-1,0.005000000000109139,BACKFILL_AUTO
2026-07-15 11:20:20,1784114420,BOOM600,5359.416,-1,0.011999999999716238,BACKFILL_AUTO
2026-07-15 11:20:21,1784114421,BOOM600,5359.413,-1,0.0030000000006111804,BACKFILL_AUTO
2026-07-15 11:20:22,1784114422,BOOM600,5359.399,-1,0.013999999999214197,BACKFILL_AUTO
2026-07-15 11:20:23,1784114423,BOOM600,5359.398,-1,0.0010000000002037268,BACKFILL_AUTO
2026-07-15 11:20:24,1784114424,BOOM600,5359.395,-1,0.0029999999997016857,BACKFILL_AUTO
2026-07-15 11:20:25,1784114425,BOOM600,5359.383,-1,0.012000000000625732,BACKFILL_AUTO
2026-07-15 11:20:26,1784114426,BOOM600,5359.373,-1,0.010000000000218279,BACKFILL_AUTO
2026-07-15 11:20:27,1784114427,BOOM600,5359.362,-1,0.01099999999951251,BACKFILL_AUTO
2026-07-15 11:20:28,1784114428,BOOM600,5359.35,-1,0.011999999999716238,BACKFILL_AUTO
2026-07-15 11:20:29,1784114429,BOOM600,5359.343,-1,0.007000000000516593,BACKFILL_AUTO
2026-07-15 11:20:30,1784114430,BOOM600,5359.342,-1,0.0010000000002037268,BACKFILL_AUTO
2026-07-15 11:20:31,1784114431,BOOM600,5359.335,-1,0.006999999999607098,BACKFILL_AUTO
2026-07-15 11:20:32,1784114432,BOOM600,5359.321,-1,0.014000000000123691,BACKFILL_AUTO
2026-07-15 11:20:33,1784114433,BOOM600,5359.307,-1,0.014000000000123691,BACKFILL_AUTO
2026-07-15 11:20:34,1784114434,BOOM600,5359.305,-1,0.001999999999497959,BACKFILL_AUTO
2026-07-15 11:20:35,1784114435,BOOM600,5359.281,-1,0.02400000000034197,BACKFILL_AUTO
2026-07-15 11:20:36,1784114436,BOOM600,5359.275,-1,0.006000000000312866,BACKFILL_AUTO
2026-07-15 11:20:37,1784114437,BOOM600,5359.263,-1,0.011999999999716238,BACKFILL_AUTO
2026-07-15 11:20:38,1784114438,BOOM600,5359.258,-1,0.005000000000109139,BACKFILL_AUTO
2026-07-15 11:20:39,1784114439,BOOM600,5359.234,-1,0.023999999999432475,BACKFILL_AUTO
2026-07-15 11:20:40,1784114440,BOOM600,5359.225,-1,0.009000000000014552,BACKFILL_AUTO
2026-07-15 11:20:41,1784114441,BOOM600,5359.204,-1,0.021000000000640284,BACKFILL_AUTO
2026-07-15 11:20:42,1784114442,BOOM600,5359.19,-1,0.014000000000123691,BACKFILL_AUTO
2026-07-15 11:20:43,1784114443,BOOM600,5359.179,-1,0.01099999999951251,BACKFILL_AUTO
2026-07-15 11:20:44,1784114444,BOOM600,5359.168,-1,0.011000000000422006,BACKFILL_AUTO
2026-07-15 11:20:45,1784114445,BOOM600,5359.156,-1,0.011999999999716238,BACKFILL_AUTO
2026-07-15 11:20:46,1784114446,BOOM600,5359.15,-1,0.006000000000312866,BACKFILL_AUTO
2026-07-15 11:20:47,1784114447,BOOM600,5359.148,-1,0.001999999999497959,BACKFILL_AUTO
2026-07-15 11:20:48,1784114448,BOOM600,5359.136,-1,0.011999999999716238,BACKFILL_AUTO
2026-07-15 11:20:49,1784114449,BOOM600,5359.121,-1,0.015000000000327418,BACKFILL_AUTO
2026-07-15 11:20:50,1784114450,BOOM600,5359.112,-1,0.009000000000014552,BACKFILL_AUTO
2026-07-15 11:20:51,1784114451,BOOM600,5359.104,-1,0.007999999999810825,BACKFILL_AUTO
2026-07-15 11:20:52,1784114452,BOOM600,5359.089,-1,0.015000000000327418,BACKFILL_AUTO
2026-07-15 11:20:53,1784114453,BOOM600,5359.078,-1,0.01099999999951251,BACKFILL_AUTO
2026-07-15 11:20:54,1784114454,BOOM600,5359.056,-1,0.02200000000084401,BACKFILL_AUTO
2026-07-15 11:20:55,1784114455,BOOM600,5359.054,-1,0.001999999999497959,BACKFILL_AUTO
2026-07-15 11:20:56,1784114456,BOOM600,5359.041,-1,0.012999999999919964,BACKFILL_AUTO
2026-07-15 11:20:57,1784114457,BOOM600,5359.029,-1,0.011999999999716238,BACKFILL_AUTO
2026-07-15 11:20:58,1784114458,BOOM600,5359.012,-1,0.01700000000073487,BACKFILL_AUTO
2026-07-15 11:20:59,1784114459,BOOM600,5359.004,-1,0.007999999999810825,BACKFILL_AUTO
2026-07-15 11:21:00,1784114460,BOOM600,5358.995,-1,0.009000000000014552,BACKFILL_AUTO
2026-07-15 11:21:01,1784114461,BOOM600,5358.984,-1,0.01099999999951251,BACKFILL_AUTO
2026-07-15 11:21:02,1784114462,BOOM600,5358.97,-1,0.014000000000123691,BACKFILL_AUTO
2026-07-15 11:21:03,1784114463,BOOM600,5358.956,-1,0.014000000000123691,BACKFILL_AUTO
2026-07-15 11:21:04,1784114464,BOOM600,5358.948,-1,0.007999999999810825,BACKFILL_AUTO
2026-07-15 11:21:05,1784114465,BOOM600,5358.928,-1,0.020000000000436557,BACKFILL_AUTO
2026-07-15 11:21:06,1784114466,BOOM600,5358.919,-1,0.009000000000014552,BACKFILL_AUTO
2026-07-15 11:21:07,1784114467,BOOM600,5358.91,-1,0.009000000000014552,BACKFILL_AUTO
2026-07-15 11:21:08,1784114468,BOOM600,5358.9,-1,0.010000000000218279,BACKFILL_AUTO
2026-07-15 11:21:09,1784114469,BOOM600,5358.892,-1,0.007999999999810825,BACKFILL_AUTO
2026-07-15 11:21:10,1784114470,BOOM600,5358.881,-1,0.01099999999951251,BACKFILL_AUTO
2026-07-15 11:21:11,1784114471,BOOM600,5358.87,-1,0.011000000000422006,BACKFILL_AUTO
2026-07-15 11:21:12,1784114472,BOOM600,5358.856,-1,0.014000000000123691,BACKFILL_AUTO
2026-07-15 11:21:13,1784114473,BOOM600,5358.846,-1,0.010000000000218279,BACKFILL_AUTO
2026-07-15 11:21:14,1784114474,BOOM600,5358.84,-1,0.0059999999994033715,BACKFILL_AUTO
2026-07-15 11:21:15,1784114475,BOOM600,5358.833,-1,0.007000000000516593,BACKFILL_AUTO
2026-07-15 11:21:16,1784114476,BOOM600,5358.828,-1,0.004999999999199645,BACKFILL_AUTO
2026-07-15 11:21:17,1784114477,BOOM600,5358.813,-1,0.015000000000327418,BACKFILL_AUTO
2026-07-15 11:21:18,1784114478,BOOM600,5358.804,-1,0.009000000000014552,BACKFILL_AUTO
2026-07-15 11:21:19,1784114479,BOOM600,5358.795,-1,0.009000000000014552,BACKFILL_AUTO
2026-07-15 11:21:20,1784114480,BOOM600,5358.786,-1,0.009000000000014552,BACKFILL_AUTO
2026-07-15 11:21:21,1784114481,BOOM600,5358.785,-1,0.0010000000002037268,BACKFILL_AUTO
2026-07-15 11:21:22,1784114482,BOOM600,5358.765,-1,0.019999999999527063,BACKFILL_AUTO
2026-07-15 11:21:23,1784114483,BOOM600,5358.743,-1,0.021999999999934516,BACKFILL_AUTO
2026-07-15 11:21:24,1784114484,BOOM600,5358.718,-1,0.025000000000545697,BACKFILL_AUTO
2026-07-15 11:21:25,1784114485,BOOM600,5358.694,-1,0.023999999999432475,BACKFILL_AUTO
2026-07-15 11:21:26,1784114486,BOOM600,5358.69,-1,0.004000000000814907,BACKFILL_AUTO
2026-07-15 11:21:27,1784114487,BOOM600,5358.687,-1,0.0029999999997016857,BACKFILL_AUTO
2026-07-15 11:21:28,1784114488,BOOM600,5358.683,-1,0.0039999999999054126,BACKFILL_AUTO
2026-07-15 11:21:29,1784114489,BOOM600,5358.674,-1,0.009000000000014552,BACKFILL_AUTO
2026-07-15 11:21:30,1784114490,BOOM600,5358.66,-1,0.014000000000123691,BACKFILL_AUTO
2026-07-15 11:21:31,1784114491,BOOM600,5358.653,-1,0.006999999999607098,BACKFILL_AUTO
2026-07-15 11:21:32,1784114492,BOOM600,5358.646,-1,0.007000000000516593,BACKFILL_AUTO
2026-07-15 11:21:33,1784114493,BOOM600,5358.638,-1,0.007999999999810825,BACKFILL_AUTO
2026-07-15 11:21:34,1784114494,BOOM600,5358.636,-1,0.001999999999497959,BACKFILL_AUTO
2026-07-15 11:21:35,1784114495,BOOM600,5358.631,-1,0.005000000000109139,BACKFILL_AUTO
2026-07-15 11:21:36,1784114496,BOOM600,5358.608,-1,0.023000000000138243,BACKFILL_AUTO
2026-07-15 11:21:37,1784114497,BOOM600,5358.6,-1,0.007999999999810825,BACKFILL_AUTO
2026-07-15 11:21:38,1784114498,BOOM600,5358.593,-1,0.007000000000516593,BACKFILL_AUTO
2026-07-15 11:21:39,1784114499,BOOM600,5358.587,-1,0.0059999999994033715,BACKFILL_AUTO
2026-07-15 11:21:40,1784114500,BOOM600,5358.578,-1,0.009000000000014552,BACKFILL_AUTO
2026-07-15 11:21:41,1784114501,BOOM600,5358.575,-1,0.0030000000006111804,BACKFILL_AUTO
2026-07-15 11:21:42,1784114502,BOOM600,5358.563,-1,0.011999999999716238,BACKFILL_AUTO
2026-07-15 11:21:43,1784114503,BOOM600,5358.555,-1,0.007999999999810825,BACKFILL_AUTO
2026-07-15 11:21:44,1784114504,BOOM600,5358.537,-1,0.018000000000029104,BACKFILL_AUTO
2026-07-15 11:21:45,1784114505,BOOM600,5358.534,-1,0.0030000000006111804,BACKFILL_AUTO
2026-07-15 11:21:46,1784114506,BOOM600,5358.526,-1,0.007999999999810825,BACKFILL_AUTO
2026-07-15 11:21:47,1784114507,BOOM600,5358.525,-1,0.0010000000002037268,BACKFILL_AUTO
2026-07-15 11:21:48,1784114508,BOOM600,5358.509,-1,0.01599999999962165,BACKFILL_AUTO
2026-07-15 11:21:49,1784114509,BOOM600,5358.497,-1,0.011999999999716238,BACKFILL_AUTO
2026-07-15 11:21:50,1784114510,BOOM600,5358.494,-1,0.0030000000006111804,BACKFILL_AUTO
2026-07-15 11:21:51,1784114511,BOOM600,5358.489,-1,0.005000000000109139,BACKFILL_AUTO
2026-07-15 11:21:52,1784114512,BOOM600,5358.467,-1,0.021999999999934516,BACKFILL_AUTO
2026-07-15 11:21:53,1784114513,BOOM600,5358.453,-1,0.013999999999214197,BACKFILL_AUTO
2026-07-15 11:21:54,1784114514,BOOM600,5358.452,-1,0.0010000000002037268,BACKFILL_AUTO
2026-07-15 11:21:55,1784114515,BOOM600,5358.432,-1,0.020000000000436557,BACKFILL_AUTO
2026-07-15 11:21:56,1784114516,BOOM600,5358.42,-1,0.011999999999716238,BACKFILL_AUTO
2026-07-15 11:21:57,1784114517,BOOM600,5358.403,-1,0.016999999999825377,BACKFILL_AUTO
2026-07-15 11:21:58,1784114518,BOOM600,5358.393,-1,0.010000000000218279,BACKFILL_AUTO
2026-07-15 11:21:59,1784114519,BOOM600,5358.381,-1,0.011999999999716238,BACKFILL_AUTO
2026-07-15 11:22:00,1784114520,BOOM600,5358.367,-1,0.014000000000123691,BACKFILL_AUTO
2026-07-15 11:22:01,1784114521,BOOM600,5358.348,-1,0.01900000000023283,BACKFILL_AUTO
2026-07-15 11:22:02,1784114522,BOOM600,5358.336,-1,0.011999999999716238,BACKFILL_AUTO
2026-07-15 11:22:03,1784114523,BOOM600,5358.33,-1,0.006000000000312866,BACKFILL_AUTO
2026-07-15 11:22:04,1784114524,BOOM600,5358.325,-1,0.005000000000109139,BACKFILL_AUTO
2026-07-15 11:22:05,1784114525,BOOM600,5358.324,-1,0.0010000000002037268,BACKFILL_AUTO
2026-07-15 11:22:06,1784114526,BOOM600,5358.321,-1,0.0029999999997016857,BACKFILL_AUTO
2026-07-15 11:22:07,1784114527,BOOM600,5358.303,-1,0.018000000000029104,BACKFILL_AUTO
2026-07-15 11:22:08,1784114528,BOOM600,5358.284,-1,0.01900000000023283,BACKFILL_AUTO
2026-07-15 11:22:09,1784114529,BOOM600,5358.272,-1,0.011999999999716238,BACKFILL_AUTO
2026-07-15 11:22:10,1784114530,BOOM600,5358.268,-1,0.0039999999999054126,BACKFILL_AUTO
2026-07-15 11:22:11,1784114531,BOOM600,5358.268,0,0.0,BACKFILL_AUTO
2026-07-15 11:22:12,1784114532,BOOM600,5358.261,-1,0.006999999999607098,BACKFILL_AUTO
2026-07-15 11:22:13,1784114533,BOOM600,5358.258,-1,0.0030000000006111804,BACKFILL_AUTO
2026-07-15 11:22:14,1784114534,BOOM600,5358.242,-1,0.01599999999962165,BACKFILL_AUTO
2026-07-15 11:22:15,1784114535,BOOM600,5358.228,-1,0.014000000000123691,BACKFILL_AUTO
2026-07-15 11:22:16,1784114536,BOOM600,5358.219,-1,0.009000000000014552,BACKFILL_AUTO
2026-07-15 11:22:17,1784114537,BOOM600,5358.194,-1,0.024999999999636202,BACKFILL_AUTO
2026-07-15 11:22:18,1784114538,BOOM600,5358.183,-1,0.011000000000422006,BACKFILL_AUTO
2026-07-15 11:22:19,1784114539,BOOM600,5358.171,-1,0.011999999999716238,BACKFILL_AUTO
2026-07-15 11:22:20,1784114540,BOOM600,5358.16,-1,0.011000000000422006,BACKFILL_AUTO
2026-07-15 11:22:21,1784114541,BOOM600,5358.152,-1,0.007999999999810825,BACKFILL_AUTO
2026-07-15 11:22:22,1784114542,BOOM600,5358.137,-1,0.015000000000327418,BACKFILL_AUTO
2026-07-15 11:22:23,1784114543,BOOM600,5358.124,-1,0.012999999999919964,BACKFILL_AUTO
2026-07-15 11:22:24,1784114544,BOOM600,5358.11,-1,0.014000000000123691,BACKFILL_AUTO
2026-07-15 11:22:25,1784114545,BOOM600,5358.094,-1,0.01599999999962165,BACKFILL_AUTO
2026-07-15 11:22:26,1784114546,BOOM600,5358.085,-1,0.009000000000014552,BACKFILL_AUTO
2026-07-15 11:22:27,1784114547,BOOM600,5358.075,-1,0.010000000000218279,BACKFILL_AUTO
2026-07-15 11:22:28,1784114548,BOOM600,5358.064,-1,0.01099999999951251,BACKFILL_AUTO
2026-07-15 11:22:29,1784114549,BOOM600,5358.04,-1,0.02400000000034197,BACKFILL_AUTO
2026-07-15 11:22:30,1784114550,BOOM600,5358.036,-1,0.0039999999999054126,BACKFILL_AUTO
2026-07-15 11:22:31,1784114551,BOOM600,5358.033,-1,0.0029999999997016857,BACKFILL_AUTO
2026-07-15 11:22:32,1784114552,BOOM600,5358.023,-1,0.010000000000218279,BACKFILL_AUTO
2026-07-15 11:22:33,1784114553,BOOM600,5358.014,-1,0.009000000000014552,BACKFILL_AUTO
2026-07-15 11:22:34,1784114554,BOOM600,5358.012,-1,0.0020000000004074536,BACKFILL_AUTO
2026-07-15 11:22:35,1784114555,BOOM600,5358.01,-1,0.001999999999497959,BACKFILL_AUTO
2026-07-15 11:22:36,1784114556,BOOM600,5358.008,-1,0.0020000000004074536,BACKFILL_AUTO
2026-07-15 11:22:37,1784114557,BOOM600,5358.005,-1,0.0029999999997016857,BACKFILL_AUTO
2026-07-15 11:22:38,1784114558,BOOM600,5358.0,-1,0.005000000000109139,BACKFILL_AUTO
2026-07-15 11:22:39,1784114559,BOOM600,5357.978,-1,0.021999999999934516,BACKFILL_AUTO
2026-07-15 11:22:40,1784114560,BOOM600,5357.962,-1,0.01599999999962165,BACKFILL_AUTO
2026-07-15 11:22:41,1784114561,BOOM600,5357.946,-1,0.016000000000531145,BACKFILL_AUTO
2026-07-15 11:22:42,1784114562,BOOM600,5357.94,-1,0.006000000000312866,BACKFILL_AUTO
2026-07-15 11:22:43,1784114563,BOOM600,5357.932,-1,0.007999999999810825,BACKFILL_AUTO
2026-07-15 11:22:44,1784114564,BOOM600,5357.924,-1,0.007999999999810825,BACKFILL_AUTO
2026-07-15 11:22:45,1784114565,BOOM600,5357.923,-1,0.0010000000002037268,BACKFILL_AUTO
2026-07-15 11:22:46,1784114566,BOOM600,5357.915,-1,0.007999999999810825,BACKFILL_AUTO
2026-07-15 11:22:47,1784114567,BOOM600,5357.914,-1,0.0010000000002037268,BACKFILL_AUTO
2026-07-15 11:22:48,1784114568,BOOM600,5357.899,-1,0.014999999999417923,BACKFILL_AUTO
2026-07-15 11:22:49,1784114569,BOOM600,5357.895,-1,0.0039999999999054126,BACKFILL_AUTO
2026-07-15 11:22:50,1784114570,BOOM600,5357.892,-1,0.0030000000006111804,BACKFILL_AUTO
2026-07-15 11:22:51,1784114571,BOOM600,5357.877,-1,0.014999999999417923,BACKFILL_AUTO
2026-07-15 11:22:52,1784114572,BOOM600,5357.866,-1,0.011000000000422006,BACKFILL_AUTO
2026-07-15 11:22:53,1784114573,BOOM600,5357.847,-1,0.01900000000023283,BACKFILL_AUTO
2026-07-15 11:22:54,1784114574,BOOM600,5357.837,-1,0.009999999999308784,BACKFILL_AUTO
2026-07-15 11:22:55,1784114575,BOOM600,5357.828,-1,0.009000000000014552,BACKFILL_AUTO
2026-07-15 11:22:56,1784114576,BOOM600,5357.823,-1,0.005000000000109139,BACKFILL_AUTO
2026-07-15 11:22:57,1784114577,BOOM600,5357.812,-1,0.011000000000422006,BACKFILL_AUTO
2026-07-15 11:22:58,1784114578,BOOM600,5357.809,-1,0.0029999999997016857,BACKFILL_AUTO
2026-07-15 11:22:59,1784114579,BOOM600,5357.807,-1,0.0020000000004074536,BACKFILL_AUTO
2026-07-15 11:23:00,1784114580,BOOM600,5357.798,-1,0.009000000000014552,BACKFILL_AUTO
2026-07-15 11:23:01,1784114581,BOOM600,5357.79,-1,0.007999999999810825,BACKFILL_AUTO
2026-07-15 11:23:02,1784114582,BOOM600,5357.785,-1,0.005000000000109139,BACKFILL_AUTO
2026-07-15 11:23:03,1784114583,BOOM600,5357.763,-1,0.021999999999934516,BACKFILL_AUTO
2026-07-15 11:23:04,1784114584,BOOM600,5357.742,-1,0.02099999999973079,BACKFILL_AUTO
2026-07-15 11:23:05,1784114585,BOOM600,5357.739,-1,0.0030000000006111804,BACKFILL_AUTO
2026-07-15 11:23:06,1784114586,BOOM600,5357.734,-1,0.004999999999199645,BACKFILL_AUTO
2026-07-15 11:23:07,1784114587,BOOM600,5357.727,-1,0.007000000000516593,BACKFILL_AUTO
2026-07-15 11:23:08,1784114588,BOOM600,5357.712,-1,0.014999999999417923,BACKFILL_AUTO
2026-07-15 11:23:09,1784114589,BOOM600,5357.692,-1,0.020000000000436557,BACKFILL_AUTO
2026-07-15 11:23:10,1784114590,BOOM600,5357.675,-1,0.016999999999825377,BACKFILL_AUTO
2026-07-15 11:23:11,1784114591,BOOM600,5357.663,-1,0.012000000000625732,BACKFILL_AUTO
2026-07-15 11:23:12,1784114592,BOOM600,5357.658,-1,0.004999999999199645,BACKFILL_AUTO
2026-07-15 11:23:13,1784114593,BOOM600,5357.654,-1,0.0039999999999054126,BACKFILL_AUTO
2026-07-15 11:23:14,1784114594,BOOM600,5357.639,-1,0.015000000000327418,BACKFILL_AUTO
2026-07-15 11:23:15,1784114595,BOOM600,5357.626,-1,0.012999999999919964,BACKFILL_AUTO
2026-07-15 11:23:16,1784114596,BOOM600,5357.622,-1,0.0039999999999054126,BACKFILL_AUTO
2026-07-15 11:23:17,1784114597,BOOM600,5357.616,-1,0.006000000000312866,BACKFILL_AUTO
2026-07-15 11:23:18,1784114598,BOOM600,5357.616,0,0.0,BACKFILL_AUTO
2026-07-15 11:23:19,1784114599,BOOM600,5357.603,-1,0.012999999999919964,BACKFILL_AUTO
2026-07-15 11:23:20,1784114600,BOOM600,5357.6,-1,0.0029999999997016857,BACKFILL_AUTO
2026-07-15 11:23:21,1784114601,BOOM600,5357.598,-1,0.0020000000004074536,BACKFILL_AUTO
2026-07-15 11:23:22,1784114602,BOOM600,5357.596,-1,0.0020000000004074536,BACKFILL_AUTO
2026-07-15 11:23:23,1784114603,BOOM600,5357.593,-1,0.0029999999997016857,BACKFILL_AUTO
2026-07-15 11:23:24,1784114604,BOOM600,5357.591,-1,0.001999999999497959,BACKFILL_AUTO
2026-07-15 11:23:25,1784114605,BOOM600,5357.579,-1,0.012000000000625732,BACKFILL_AUTO
2026-07-15 11:23:26,1784114606,BOOM600,5357.577,-1,0.001999999999497959,BACKFILL_AUTO
2026-07-15 11:23:27,1784114607,BOOM600,5357.564,-1,0.012999999999919964,BACKFILL_AUTO
2026-07-15 11:23:28,1784114608,BOOM600,5357.557,-1,0.007000000000516593,BACKFILL_AUTO
2026-07-15 11:23:29,1784114609,BOOM600,5357.549,-1,0.007999999999810825,BACKFILL_AUTO
2026-07-15 11:23:30,1784114610,BOOM600,5357.546,-1,0.0029999999997016857,BACKFILL_AUTO
2026-07-15 11:23:31,1784114611,BOOM600,5357.542,-1,0.0039999999999054126,BACKFILL_AUTO
2026-07-15 11:23:32,1784114612,BOOM600,5357.536,-1,0.006000000000312866,BACKFILL_AUTO
2026-07-15 11:23:33,1784114613,BOOM600,5357.532,-1,0.0039999999999054126,BACKFILL_AUTO
2026-07-15 11:23:34,1784114614,BOOM600,5357.529,-1,0.0029999999997016857,BACKFILL_AUTO
2026-07-15 11:23:35,1784114615,BOOM600,5357.515,-1,0.014000000000123691,BACKFILL_AUTO
2026-07-15 11:23:36,1784114616,BOOM600,5357.497,-1,0.018000000000029104,BACKFILL_AUTO
2026-07-15 11:23:37,1784114617,BOOM600,5357.491,-1,0.006000000000312866,BACKFILL_AUTO
2026-07-15 11:23:38,1784114618,BOOM600,5357.479,-1,0.011999999999716238,BACKFILL_AUTO
2026-07-15 11:23:39,1784114619,BOOM600,5357.476,-1,0.0030000000006111804,BACKFILL_AUTO
2026-07-15 11:23:40,1784114620,BOOM600,5357.472,-1,0.0039999999999054126,BACKFILL_AUTO
2026-07-15 11:23:41,1784114621,BOOM600,5357.461,-1,0.01099999999951251,BACKFILL_AUTO
2026-07-15 11:23:42,1784114622,BOOM600,5357.456,-1,0.005000000000109139,BACKFILL_AUTO
2026-07-15 11:23:43,1784114623,BOOM600,5357.434,-1,0.021999999999934516,BACKFILL_AUTO
2026-07-15 11:23:44,1784114624,BOOM600,5357.425,-1,0.009000000000014552,BACKFILL_AUTO
2026-07-15 11:23:45,1784114625,BOOM600,5357.418,-1,0.007000000000516593,BACKFILL_AUTO
2026-07-15 11:23:46,1784114626,BOOM600,5357.409,-1,0.009000000000014552,BACKFILL_AUTO
2026-07-15 11:23:47,1784114627,BOOM600,5357.408,-1,0.0009999999992942321,BACKFILL_AUTO
2026-07-15 11:23:48,1784114628,BOOM600,5357.401,-1,0.007000000000516593,BACKFILL_AUTO
2026-07-15 11:23:49,1784114629,BOOM600,5357.389,-1,0.011999999999716238,BACKFILL_AUTO
2026-07-15 11:23:50,1784114630,BOOM600,5357.388,-1,0.0010000000002037268,BACKFILL_AUTO
2026-07-15 11:23:51,1784114631,BOOM600,5357.377,-1,0.01099999999951251,BACKFILL_AUTO
2026-07-15 11:23:52,1784114632,BOOM600,5357.368,-1,0.009000000000014552,BACKFILL_AUTO
2026-07-15 11:23:53,1784114633,BOOM600,5357.361,-1,0.007000000000516593,BACKFILL_AUTO
2026-07-15 11:23:54,1784114634,BOOM600,5357.361,0,0.0,BACKFILL_AUTO
2026-07-15 11:23:55,1784114635,BOOM600,5357.352,-1,0.009000000000014552,BACKFILL_AUTO
2026-07-15 11:23:56,1784114636,BOOM600,5357.321,-1,0.03099999999994907,BACKFILL_AUTO
2026-07-15 11:23:57,1784114637,BOOM600,5357.308,-1,0.012999999999919964,BACKFILL_AUTO
2026-07-15 11:23:58,1784114638,BOOM600,5357.299,-1,0.009000000000014552,BACKFILL_AUTO
2026-07-15 11:23:59,1784114639,BOOM600,5357.293,-1,0.006000000000312866,BACKFILL_AUTO
2026-07-15 11:24:00,1784114640,BOOM600,5357.288,-1,0.005000000000109139,BACKFILL_AUTO
2026-07-15 11:24:01,1784114641,BOOM600,5357.275,-1,0.012999999999919964,BACKFILL_AUTO
2026-07-15 11:24:02,1784114642,BOOM600,5357.265,-1,0.009999999999308784,BACKFILL_AUTO
2026-07-15 11:24:03,1784114643,BOOM600,5357.247,-1,0.018000000000029104,BACKFILL_AUTO
2026-07-15 11:24:04,1784114644,BOOM600,5357.235,-1,0.012000000000625732,BACKFILL_AUTO
2026-07-15 11:24:05,1784114645,BOOM600,5357.227,-1,0.007999999999810825,BACKFILL_AUTO
2026-07-15 11:24:06,1784114646,BOOM600,5357.217,-1,0.010000000000218279,BACKFILL_AUTO
2026-07-15 11:24:07,1784114647,BOOM600,5357.206,-1,0.01099999999951251,BACKFILL_AUTO
2026-07-15 11:24:08,1784114648,BOOM600,5357.201,-1,0.005000000000109139,BACKFILL_AUTO
2026-07-15 11:24:09,1784114649,BOOM600,5357.19,-1,0.011000000000422006,BACKFILL_AUTO
2026-07-15 11:24:10,1784114650,BOOM600,5357.176,-1,0.013999999999214197,BACKFILL_AUTO
2026-07-15 11:24:11,1784114651,BOOM600,5357.171,-1,0.005000000000109139,BACKFILL_AUTO
2026-07-15 11:24:12,1784114652,BOOM600,5357.164,-1,0.007000000000516593,BACKFILL_AUTO
2026-07-15 11:24:13,1784114653,BOOM600,5357.162,-1,0.001999999999497959,BACKFILL_AUTO
2026-07-15 11:24:14,1784114654,BOOM600,5357.155,-1,0.007000000000516593,BACKFILL_AUTO
2026-07-15 11:24:15,1784114655,BOOM600,5357.141,-1,0.014000000000123691,BACKFILL_AUTO
2026-07-15 11:24:16,1784114656,BOOM600,5357.134,-1,0.006999999999607098,BACKFILL_AUTO
2026-07-15 11:24:17,1784114657,BOOM600,5357.128,-1,0.006000000000312866,BACKFILL_AUTO
2026-07-15 11:24:18,1784114658,BOOM600,5357.12,-1,0.007999999999810825,BACKFILL_AUTO
2026-07-15 11:24:19,1784114659,BOOM600,5357.106,-1,0.014000000000123691,BACKFILL_AUTO
2026-07-15 11:24:20,1784114660,BOOM600,5357.096,-1,0.010000000000218279,BACKFILL_AUTO
2026-07-15 11:24:21,1784114661,BOOM600,5357.094,-1,0.001999999999497959,BACKFILL_AUTO
2026-07-15 11:24:22,1784114662,BOOM600,5357.071,-1,0.023000000000138243,BACKFILL_AUTO
2026-07-15 11:24:23,1784114663,BOOM600,5357.056,-1,0.015000000000327418,BACKFILL_AUTO
2026-07-15 11:24:24,1784114664,BOOM600,5357.052,-1,0.0039999999999054126,BACKFILL_AUTO
2026-07-15 11:24:25,1784114665,BOOM600,5357.039,-1,0.012999999999919964,BACKFILL_AUTO
2026-07-15 11:24:26,1784114666,BOOM600,5357.032,-1,0.006999999999607098,BACKFILL_AUTO
2026-07-15 11:24:27,1784114667,BOOM600,5357.027,-1,0.005000000000109139,BACKFILL_AUTO
2026-07-15 11:24:28,1784114668,BOOM600,5357.013,-1,0.014000000000123691,BACKFILL_AUTO
2026-07-15 11:24:29,1784114669,BOOM600,5357.009,-1,0.0039999999999054126,BACKFILL_AUTO
2026-07-15 11:24:30,1784114670,BOOM600,5357.007,-1,0.0020000000004074536,BACKFILL_AUTO
2026-07-15 11:24:31,1784114671,BOOM600,5356.985,-1,0.021999999999934516,BACKFILL_AUTO
2026-07-15 11:24:32,1784114672,BOOM600,5356.965,-1,0.019999999999527063,BACKFILL_AUTO
2026-07-15 11:24:33,1784114673,BOOM600,5356.957,-1,0.007999999999810825,BACKFILL_AUTO
2026-07-15 11:24:34,1784114674,BOOM600,5356.951,-1,0.006000000000312866,BACKFILL_AUTO
2026-07-15 11:24:35,1784114675,BOOM600,5356.94,-1,0.011000000000422006,BACKFILL_AUTO
2026-07-15 11:24:36,1784114676,BOOM600,5356.936,-1,0.0039999999999054126,BACKFILL_AUTO
2026-07-15 11:24:37,1784114677,BOOM600,5356.923,-1,0.012999999999919964,BACKFILL_AUTO
2026-07-15 11:24:38,1784114678,BOOM600,5356.913,-1,0.010000000000218279,BACKFILL_AUTO
2026-07-15 11:24:39,1784114679,BOOM600,5356.897,-1,0.01599999999962165,BACKFILL_AUTO
2026-07-15 11:24:40,1784114680,BOOM600,5356.886,-1,0.01099999999951251,BACKFILL_AUTO
2026-07-15 11:24:41,1784114681,BOOM600,5356.882,-1,0.004000000000814907,BACKFILL_AUTO
2026-07-15 11:24:42,1784114682,BOOM600,5356.881,-1,0.0009999999992942321,BACKFILL_AUTO
2026-07-15 11:24:43,1784114683,BOOM600,5356.867,-1,0.014000000000123691,BACKFILL_AUTO
2026-07-15 11:24:44,1784114684,BOOM600,5356.862,-1,0.005000000000109139,BACKFILL_AUTO
2026-07-15 11:24:45,1784114685,BOOM600,5356.855,-1,0.007000000000516593,BACKFILL_AUTO
2026-07-15 11:24:46,1784114686,BOOM600,5356.848,-1,0.006999999999607098,BACKFILL_AUTO
2026-07-15 11:24:47,1784114687,BOOM600,5356.833,-1,0.015000000000327418,BACKFILL_AUTO
2026-07-15 11:24:48,1784114688,BOOM600,5356.829,-1,0.0039999999999054126,BACKFILL_AUTO
2026-07-15 11:24:49,1784114689,BOOM600,5356.806,-1,0.023000000000138243,BACKFILL_AUTO
2026-07-15 11:24:50,1784114690,BOOM600,5356.798,-1,0.007999999999810825,BACKFILL_AUTO
2026-07-15 11:24:51,1784114691,BOOM600,5356.789,-1,0.009000000000014552,BACKFILL_AUTO
2026-07-15 11:24:52,1784114692,BOOM600,5356.788,-1,0.0010000000002037268,BACKFILL_AUTO
2026-07-15 11:24:53,1784114693,BOOM600,5356.788,0,0.0,BACKFILL_AUTO
2026-07-15 11:24:54,1784114694,BOOM600,5356.782,-1,0.0059999999994033715,BACKFILL_AUTO
2026-07-15 11:24:55,1784114695,BOOM600,5356.772,-1,0.010000000000218279,BACKFILL_AUTO
2026-07-15 11:24:56,1784114696,BOOM600,5356.764,-1,0.007999999999810825,BACKFILL_AUTO
2026-07-15 11:24:57,1784114697,BOOM600,5356.76,-1,0.0039999999999054126,BACKFILL_AUTO
2026-07-15 11:24:58,1784114698,BOOM600,5356.74,-1,0.020000000000436557,BACKFILL_AUTO
2026-07-15 11:24:59,1784114699,BOOM600,5356.737,-1,0.0029999999997016857,BACKFILL_AUTO
2026-07-15 11:25:00,1784114700,BOOM600,5356.734,-1,0.0029999999997016857,BACKFILL_AUTO
2026-07-15 11:25:01,1784114701,BOOM600,5356.723,-1,0.011000000000422006,BACKFILL_AUTO
2026-07-15 11:25:02,1784114702,BOOM600,5356.709,-1,0.014000000000123691,BACKFILL_AUTO
2026-07-15 11:25:03,1784114703,BOOM600,5356.694,-1,0.014999999999417923,BACKFILL_AUTO
2026-07-15 11:25:04,1784114704,BOOM600,5356.67,-1,0.02400000000034197,BACKFILL_AUTO
2026-07-15 11:25:05,1784114705,BOOM600,5356.66,-1,0.010000000000218279,BACKFILL_AUTO
2026-07-15 11:25:06,1784114706,BOOM600,5356.646,-1,0.014000000000123691,BACKFILL_AUTO
2026-07-15 11:25:07,1784114707,BOOM600,5356.63,-1,0.01599999999962165,BACKFILL_AUTO
2026-07-15 11:25:08,1784114708,BOOM600,5356.624,-1,0.006000000000312866,BACKFILL_AUTO
2026-07-15 11:25:09,1784114709,BOOM600,5356.614,-1,0.010000000000218279,BACKFILL_AUTO
2026-07-15 11:25:10,1784114710,BOOM600,5356.601,-1,0.012999999999919964,BACKFILL_AUTO
2026-07-15 11:25:11,1784114711,BOOM600,5356.591,-1,0.009999999999308784,BACKFILL_AUTO
2026-07-15 11:25:12,1784114712,BOOM600,5356.566,-1,0.025000000000545697,BACKFILL_AUTO
2026-07-15 11:25:13,1784114713,BOOM600,5356.555,-1,0.01099999999951251,BACKFILL_AUTO
2026-07-15 11:25:14,1784114714,BOOM600,5356.53,-1,0.025000000000545697,BACKFILL_AUTO
2026-07-15 11:25:15,1784114715,BOOM600,5356.526,-1,0.0039999999999054126,BACKFILL_AUTO
2026-07-15 11:25:16,1784114716,BOOM600,5356.505,-1,0.02099999999973079,BACKFILL_AUTO
2026-07-15 11:25:17,1784114717,BOOM600,5356.505,0,0.0,BACKFILL_AUTO
2026-07-15 11:25:18,1784114718,BOOM600,5356.492,-1,0.012999999999919964,BACKFILL_AUTO
2026-07-15 11:25:19,1784114719,BOOM600,5356.489,-1,0.0030000000006111804,BACKFILL_AUTO
2026-07-15 11:25:20,1784114720,BOOM600,5356.472,-1,0.016999999999825377,BACKFILL_AUTO
2026-07-15 11:25:21,1784114721,BOOM600,5356.472,0,0.0,BACKFILL_AUTO
2026-07-15 11:25:22,1784114722,BOOM600,5356.47,-1,0.001999999999497959,BACKFILL_AUTO
2026-07-15 11:25:23,1784114723,BOOM600,5356.466,-1,0.0039999999999054126,BACKFILL_AUTO
2026-07-15 11:25:24,1784114724,BOOM600,5356.452,-1,0.014000000000123691,BACKFILL_AUTO
2026-07-15 11:25:25,1784114725,BOOM600,5356.439,-1,0.012999999999919964,BACKFILL_AUTO
2026-07-15 11:25:26,1784114726,BOOM600,5356.438,-1,0.0010000000002037268,BACKFILL_AUTO
2026-07-15 11:25:27,1784114727,BOOM600,5356.437,-1,0.0010000000002037268,BACKFILL_AUTO
2026-07-15 11:25:28,1784114728,BOOM600,5356.43,-1,0.006999999999607098,BACKFILL_AUTO
2026-07-15 11:25:29,1784114729,BOOM600,5356.428,-1,0.0020000000004074536,BACKFILL_AUTO
2026-07-15 11:25:30,1784114730,BOOM600,5356.417,-1,0.01099999999951251,BACKFILL_AUTO
2026-07-15 11:25:31,1784114731,BOOM600,5356.404,-1,0.012999999999919964,BACKFILL_AUTO
2026-07-15 11:25:32,1784114732,BOOM600,5356.395,-1,0.009000000000014552,BACKFILL_AUTO
2026-07-15 11:25:33,1784114733,BOOM600,5356.388,-1,0.007000000000516593,BACKFILL_AUTO
2026-07-15 11:25:34,1784114734,BOOM600,5356.386,-1,0.001999999999497959,BACKFILL_AUTO
2026-07-15 11:25:35,1784114735,BOOM600,5356.378,-1,0.00800000000072032,BACKFILL_AUTO
2026-07-15 11:25:36,1784114736,BOOM600,5356.366,-1,0.011999999999716238,BACKFILL_AUTO
2026-07-15 11:25:37,1784114737,BOOM600,5356.36,-1,0.006000000000312866,BACKFILL_AUTO
2026-07-15 11:25:38,1784114738,BOOM600,5356.359,-1,0.0009999999992942321,BACKFILL_AUTO
2026-07-15 11:25:39,1784114739,BOOM600,5356.353,-1,0.006000000000312866,BACKFILL_AUTO
2026-07-15 11:25:40,1784114740,BOOM600,5356.351,-1,0.0020000000004074536,BACKFILL_AUTO
2026-07-15 11:25:41,1784114741,BOOM600,5356.347,-1,0.0039999999999054126,BACKFILL_AUTO
2026-07-15 11:25:42,1784114742,BOOM600,5356.345,-1,0.001999999999497959,BACKFILL_AUTO
2026-07-15 11:25:43,1784114743,BOOM600,5356.337,-1,0.007999999999810825,BACKFILL_AUTO
2026-07-15 11:25:44,1784114744,BOOM600,5356.325,-1,0.012000000000625732,BACKFILL_AUTO
2026-07-15 11:25:45,1784114745,BOOM600,5356.324,-1,0.0010000000002037268,BACKFILL_AUTO
2026-07-15 11:25:46,1784114746,BOOM600,5356.319,-1,0.004999999999199645,BACKFILL_AUTO
2026-07-15 11:25:47,1784114747,BOOM600,5356.317,-1,0.0020000000004074536,BACKFILL_AUTO
2026-07-15 11:25:48,1784114748,BOOM600,5356.306,-1,0.011000000000422006,BACKFILL_AUTO
2026-07-15 11:25:49,1784114749,BOOM600,5356.284,-1,0.021999999999934516,BACKFILL_AUTO
2026-07-15 11:25:50,1784114750,BOOM600,5356.273,-1,0.01099999999951251,BACKFILL_AUTO
2026-07-15 11:25:51,1784114751,BOOM600,5356.258,-1,0.015000000000327418,BACKFILL_AUTO
2026-07-15 11:25:52,1784114752,BOOM600,5356.253,-1,0.005000000000109139,BACKFILL_AUTO
2026-07-15 11:25:53,1784114753,BOOM600,5356.241,-1,0.011999999999716238,BACKFILL_AUTO
2026-07-15 11:25:54,1784114754,BOOM600,5356.236,-1,0.005000000000109139,BACKFILL_AUTO
2026-07-15 11:25:55,1784114755,BOOM600,5356.221,-1,0.015000000000327418,BACKFILL_AUTO
2026-07-15 11:25:56,1784114756,BOOM600,5356.214,-1,0.006999999999607098,BACKFILL_AUTO
2026-07-15 11:25:57,1784114757,BOOM600,5356.21,-1,0.0039999999999054126,BACKFILL_AUTO
2026-07-15 11:25:58,1784114758,BOOM600,5356.2,-1,0.010000000000218279,BACKFILL_AUTO
2026-07-15 11:25:59,1784114759,BOOM600,5356.191,-1,0.009000000000014552,BACKFILL_AUTO
2026-07-15 11:26:00,1784114760,BOOM600,5356.187,-1,0.0039999999999054126,BACKFILL_AUTO
2026-07-15 11:26:01,1784114761,BOOM600,5356.182,-1,0.005000000000109139,BACKFILL_AUTO
2026-07-15 11:26:02,1784114762,BOOM600,5356.174,-1,0.007999999999810825,BACKFILL_AUTO
2026-07-15 11:26:03,1784114763,BOOM600,5356.163,-1,0.011000000000422006,BACKFILL_AUTO
2026-07-15 11:26:04,1784114764,BOOM600,5356.146,-1,0.016999999999825377,BACKFILL_AUTO
2026-07-15 11:26:05,1784114765,BOOM600,5356.143,-1,0.0029999999997016857,BACKFILL_AUTO
2026-07-15 11:26:06,1784114766,BOOM600,5356.141,-1,0.0020000000004074536,BACKFILL_AUTO
2026-07-15 11:26:07,1784114767,BOOM600,5356.138,-1,0.0029999999997016857,BACKFILL_AUTO
2026-07-15 11:26:08,1784114768,BOOM600,5356.13,-1,0.007999999999810825,BACKFILL_AUTO
2026-07-15 11:26:09,1784114769,BOOM600,5356.127,-1,0.0029999999997016857,BACKFILL_AUTO
2026-07-15 11:26:10,1784114770,BOOM600,5356.117,-1,0.010000000000218279,BACKFILL_AUTO
2026-07-15 11:26:11,1784114771,BOOM600,5356.11,-1,0.007000000000516593,BACKFILL_AUTO
2026-07-15 11:26:12,1784114772,BOOM600,5356.107,-1,0.0029999999997016857,BACKFILL_AUTO
2026-07-15 11:26:13,1784114773,BOOM600,5356.099,-1,0.007999999999810825,BACKFILL_AUTO
2026-07-15 11:26:14,1784114774,BOOM600,5356.09,-1,0.009000000000014552,BACKFILL_AUTO
2026-07-15 11:26:15,1784114775,BOOM600,5356.08,-1,0.010000000000218279,BACKFILL_AUTO
2026-07-15 11:26:16,1784114776,BOOM600,5356.066,-1,0.014000000000123691,BACKFILL_AUTO
2026-07-15 11:26:17,1784114777,BOOM600,5356.057,-1,0.009000000000014552,BACKFILL_AUTO
2026-07-15 11:26:18,1784114778,BOOM600,5356.052,-1,0.005000000000109139,BACKFILL_AUTO
2026-07-15 11:26:19,1784114779,BOOM600,5356.041,-1,0.01099999999951251,BACKFILL_AUTO
2026-07-15 11:26:20,1784114780,BOOM600,5356.037,-1,0.0039999999999054126,BACKFILL_AUTO
2026-07-15 11:26:21,1784114781,BOOM600,5356.037,0,0.0,BACKFILL_AUTO
2026-07-15 11:26:22,1784114782,BOOM600,5356.018,-1,0.01900000000023283,BACKFILL_AUTO
2026-07-15 11:26:23,1784114783,BOOM600,5355.996,-1,0.021999999999934516,BACKFILL_AUTO
2026-07-15 11:26:24,1784114784,BOOM600,5355.993,-1,0.0029999999997016857,BACKFILL_AUTO
2026-07-15 11:26:25,1784114785,BOOM600,5355.981,-1,0.012000000000625732,BACKFILL_AUTO
2026-07-15 11:26:26,1784114786,BOOM600,5355.972,-1,0.009000000000014552,BACKFILL_AUTO
2026-07-15 11:26:27,1784114787,BOOM600,5355.953,-1,0.018999999999323336,BACKFILL_AUTO
2026-07-15 11:26:28,1784114788,BOOM600,5355.947,-1,0.006000000000312866,BACKFILL_AUTO
2026-07-15 11:26:29,1784114789,BOOM600,5355.924,-1,0.023000000000138243,BACKFILL_AUTO
2026-07-15 11:26:30,1784114790,BOOM600,5355.921,-1,0.0029999999997016857,BACKFILL_AUTO
2026-07-15 11:26:31,1784114791,BOOM600,5355.912,-1,0.009000000000014552,BACKFILL_AUTO
2026-07-15 11:26:32,1784114792,BOOM600,5355.897,-1,0.015000000000327418,BACKFILL_AUTO
2026-07-15 11:26:33,1784114793,BOOM600,5355.895,-1,0.001999999999497959,BACKFILL_AUTO
2026-07-15 11:26:34,1784114794,BOOM600,5355.894,-1,0.0010000000002037268,BACKFILL_AUTO
2026-07-15 11:26:35,1784114795,BOOM600,5355.89,-1,0.0039999999999054126,BACKFILL_AUTO
2026-07-15 11:26:36,1784114796,BOOM600,5355.885,-1,0.005000000000109139,BACKFILL_AUTO
2026-07-15 11:26:37,1784114797,BOOM600,5355.872,-1,0.012999999999919964,BACKFILL_AUTO
2026-07-15 11:26:38,1784114798,BOOM600,5355.869,-1,0.0030000000006111804,BACKFILL_AUTO
2026-07-15 11:26:39,1784114799,BOOM600,5355.866,-1,0.0029999999997016857,BACKFILL_AUTO
2026-07-15 11:26:40,1784114800,BOOM600,5355.855,-1,0.011000000000422006,BACKFILL_AUTO
2026-07-15 11:26:41,1784114801,BOOM600,5355.851,-1,0.0039999999999054126,BACKFILL_AUTO
2026-07-15 11:26:42,1784114802,BOOM600,5355.836,-1,0.014999999999417923,BACKFILL_AUTO
2026-07-15 11:26:43,1784114803,BOOM600,5355.818,-1,0.018000000000029104,BACKFILL_AUTO
2026-07-15 11:26:44,1784114804,BOOM600,5355.809,-1,0.009000000000014552,BACKFILL_AUTO
2026-07-15 11:26:45,1784114805,BOOM600,5355.807,-1,0.0020000000004074536,BACKFILL_AUTO
2026-07-15 11:26:46,1784114806,BOOM600,5355.796,-1,0.01099999999951251,BACKFILL_AUTO
2026-07-15 11:26:47,1784114807,BOOM600,5355.779,-1,0.016999999999825377,BACKFILL_AUTO
2026-07-15 11:26:48,1784114808,BOOM600,5355.775,-1,0.004000000000814907,BACKFILL_AUTO
2026-07-15 11:26:49,1784114809,BOOM600,5355.757,-1,0.018000000000029104,BACKFILL_AUTO
2026-07-15 11:26:50,1784114810,BOOM600,5355.752,-1,0.004999999999199645,BACKFILL_AUTO
2026-07-15 11:26:51,1784114811,BOOM600,5355.748,-1,0.004000000000814907,BACKFILL_AUTO
2026-07-15 11:26:52,1784114812,BOOM600,5355.73,-1,0.018000000000029104,BACKFILL_AUTO
2026-07-15 11:26:53,1784114813,BOOM600,5355.727,-1,0.0029999999997016857,BACKFILL_AUTO
2026-07-15 11:26:54,1784114814,BOOM600,5355.72,-1,0.006999999999607098,BACKFILL_AUTO
2026-07-15 11:26:55,1784114815,BOOM600,5355.717,-1,0.0030000000006111804,BACKFILL_AUTO
2026-07-15 11:26:56,1784114816,BOOM600,5355.71,-1,0.006999999999607098,BACKFILL_AUTO
2026-07-15 11:26:57,1784114817,BOOM600,5355.689,-1,0.02099999999973079,BACKFILL_AUTO
2026-07-15 11:26:58,1784114818,BOOM600,5355.669,-1,0.020000000000436557,BACKFILL_AUTO
2026-07-15 11:26:59,1784114819,BOOM600,5355.668,-1,0.0010000000002037268,BACKFILL_AUTO
2026-07-15 11:27:00,1784114820,BOOM600,5355.658,-1,0.009999999999308784,BACKFILL_AUTO
2026-07-15 11:27:01,1784114821,BOOM600,5355.625,-1,0.03300000000035652,BACKFILL_AUTO
2026-07-15 11:27:02,1784114822,BOOM600,5355.621,-1,0.0039999999999054126,BACKFILL_AUTO
2026-07-15 11:27:03,1784114823,BOOM600,5355.614,-1,0.007000000000516593,BACKFILL_AUTO
2026-07-15 11:27:04,1784114824,BOOM600,5355.608,-1,0.0059999999994033715,BACKFILL_AUTO
2026-07-15 11:27:05,1784114825,BOOM600,5355.599,-1,0.009000000000014552,BACKFILL_AUTO
2026-07-15 11:27:06,1784114826,BOOM600,5355.596,-1,0.0030000000006111804,BACKFILL_AUTO
2026-07-15 11:27:07,1784114827,BOOM600,5355.592,-1,0.0039999999999054126,BACKFILL_AUTO
2026-07-15 11:27:08,1784114828,BOOM600,5355.584,-1,0.007999999999810825,BACKFILL_AUTO
2026-07-15 11:27:09,1784114829,BOOM600,5355.575,-1,0.009000000000014552,BACKFILL_AUTO
2026-07-15 11:27:10,1784114830,BOOM600,5355.559,-1,0.01599999999962165,BACKFILL_AUTO
2026-07-15 11:27:11,1784114831,BOOM600,5355.548,-1,0.011000000000422006,BACKFILL_AUTO
2026-07-15 11:27:12,1784114832,BOOM600,5355.542,-1,0.0059999999994033715,BACKFILL_AUTO
2026-07-15 11:27:13,1784114833,BOOM600,5355.53,-1,0.012000000000625732,BACKFILL_AUTO
2026-07-15 11:27:14,1784114834,BOOM600,5355.529,-1,0.0009999999992942321,BACKFILL_AUTO
2026-07-15 11:27:15,1784114835,BOOM600,5355.521,-1,0.00800000000072032,BACKFILL_AUTO
2026-07-15 11:27:16,1784114836,BOOM600,5355.514,-1,0.006999999999607098,BACKFILL_AUTO
2026-07-15 11:27:17,1784114837,BOOM600,5355.503,-1,0.011000000000422006,BACKFILL_AUTO
2026-07-15 11:27:18,1784114838,BOOM600,5355.499,-1,0.0039999999999054126,BACKFILL_AUTO
2026-07-15 11:27:19,1784114839,BOOM600,5355.483,-1,0.01599999999962165,BACKFILL_AUTO
2026-07-15 11:27:20,1784114840,BOOM600,5355.482,-1,0.0010000000002037268,BACKFILL_AUTO
2026-07-15 11:27:21,1784114841,BOOM600,5355.48,-1,0.0020000000004074536,BACKFILL_AUTO
2026-07-15 11:27:22,1784114842,BOOM600,5355.47,-1,0.009999999999308784,BACKFILL_AUTO
2026-07-15 11:27:23,1784114843,BOOM600,5355.465,-1,0.005000000000109139,BACKFILL_AUTO
2026-07-15 11:27:24,1784114844,BOOM600,5355.459,-1,0.006000000000312866,BACKFILL_AUTO
2026-07-15 11:27:25,1784114845,BOOM600,5355.445,-1,0.014000000000123691,BACKFILL_AUTO
2026-07-15 11:27:26,1784114846,BOOM600,5355.433,-1,0.011999999999716238,BACKFILL_AUTO
2026-07-15 11:27:27,1784114847,BOOM600,5355.428,-1,0.005000000000109139,BACKFILL_AUTO
2026-07-15 11:27:28,1784114848,BOOM600,5355.423,-1,0.005000000000109139,BACKFILL_AUTO
2026-07-15 11:27:29,1784114849,BOOM600,5355.413,-1,0.010000000000218279,BACKFILL_AUTO
2026-07-15 11:27:30,1784114850,BOOM600,5355.409,-1,0.0039999999999054126,BACKFILL_AUTO
2026-07-15 11:27:31,1784114851,BOOM600,5355.401,-1,0.007999999999810825,BACKFILL_AUTO
2026-07-15 11:27:32,1784114852,BOOM600,5355.397,-1,0.0039999999999054126,BACKFILL_AUTO
2026-07-15 11:27:33,1784114853,BOOM600,5355.383,-1,0.014000000000123691,BACKFILL_AUTO
2026-07-15 11:27:34,1784114854,BOOM600,5355.381,-1,0.001999999999497959,BACKFILL_AUTO
2026-07-15 11:27:35,1784114855,BOOM600,5355.369,-1,0.012000000000625732,BACKFILL_AUTO
2026-07-15 11:27:36,1784114856,BOOM600,5355.349,-1,0.019999999999527063,BACKFILL_AUTO
2026-07-15 11:27:37,1784114857,BOOM600,5355.346,-1,0.0030000000006111804,BACKFILL_AUTO
2026-07-15 11:27:38,1784114858,BOOM600,5355.338,-1,0.007999999999810825,BACKFILL_AUTO
2026-07-15 11:27:39,1784114859,BOOM600,5355.337,-1,0.0009999999992942321,BACKFILL_AUTO
2026-07-15 11:27:40,1784114860,BOOM600,5355.322,-1,0.015000000000327418,BACKFILL_AUTO
2026-07-15 11:27:41,1784114861,BOOM600,5355.317,-1,0.005000000000109139,BACKFILL_AUTO
2026-07-15 11:27:42,1784114862,BOOM600,5355.303,-1,0.014000000000123691,BACKFILL_AUTO
2026-07-15 11:27:43,1784114863,BOOM600,5355.3,-1,0.0029999999997016857,BACKFILL_AUTO
2026-07-15 11:27:44,1784114864,BOOM600,5355.294,-1,0.006000000000312866,BACKFILL_AUTO
2026-07-15 11:27:45,1784114865,BOOM600,5355.278,-1,0.01599999999962165,BACKFILL_AUTO
2026-07-15 11:27:46,1784114866,BOOM600,5355.273,-1,0.005000000000109139,BACKFILL_AUTO
2026-07-15 11:27:47,1784114867,BOOM600,5355.266,-1,0.007000000000516593,BACKFILL_AUTO
2026-07-15 11:27:48,1784114868,BOOM600,5355.247,-1,0.018999999999323336,BACKFILL_AUTO
2026-07-15 11:27:49,1784114869,BOOM600,5355.246,-1,0.0010000000002037268,BACKFILL_AUTO
2026-07-15 11:27:50,1784114870,BOOM600,5355.23,-1,0.016000000000531145,BACKFILL_AUTO
2026-07-15 11:27:51,1784114871,BOOM600,5355.23,0,0.0,BACKFILL_AUTO
2026-07-15 11:27:52,1784114872,BOOM600,5355.224,-1,0.0059999999994033715,BACKFILL_AUTO
2026-07-15 11:27:53,1784114873,BOOM600,5355.203,-1,0.02099999999973079,BACKFILL_AUTO
2026-07-15 11:27:54,1784114874,BOOM600,5355.196,-1,0.007000000000516593,BACKFILL_AUTO
2026-07-15 11:27:55,1784114875,BOOM600,5355.174,-1,0.021999999999934516,BACKFILL_AUTO
2026-07-15 11:27:56,1784114876,BOOM600,5355.171,-1,0.0029999999997016857,BACKFILL_AUTO
2026-07-15 11:27:57,1784114877,BOOM600,5355.148,-1,0.023000000000138243,BACKFILL_AUTO
2026-07-15 11:27:58,1784114878,BOOM600,5355.148,0,0.0,BACKFILL_AUTO
2026-07-15 11:27:59,1784114879,BOOM600,5355.128,-1,0.020000000000436557,BACKFILL_AUTO
2026-07-15 11:28:00,1784114880,BOOM600,5355.119,-1,0.009000000000014552,BACKFILL_AUTO
2026-07-15 11:28:01,1784114881,BOOM600,5355.113,-1,0.0059999999994033715,BACKFILL_AUTO
2026-07-15 11:28:02,1784114882,BOOM600,5355.1,-1,0.012999999999919964,BACKFILL_AUTO
2026-07-15 11:28:03,1784114883,BOOM600,5355.084,-1,0.016000000000531145,BACKFILL_AUTO
2026-07-15 11:28:04,1784114884,BOOM600,5355.074,-1,0.010000000000218279,BACKFILL_AUTO
2026-07-15 11:28:05,1784114885,BOOM600,5355.066,-1,0.007999999999810825,BACKFILL_AUTO
2026-07-15 11:28:06,1784114886,BOOM600,5355.048,-1,0.018000000000029104,BACKFILL_AUTO
2026-07-15 11:28:07,1784114887,BOOM600,5355.042,-1,0.0059999999994033715,BACKFILL_AUTO
2026-07-15 11:28:08,1784114888,BOOM600,5355.029,-1,0.012999999999919964,BACKFILL_AUTO
2026-07-15 11:28:09,1784114889,BOOM600,5355.011,-1,0.018000000000029104,BACKFILL_AUTO
2026-07-15 11:28:10,1784114890,BOOM600,5355.004,-1,0.007000000000516593,BACKFILL_AUTO
2026-07-15 11:28:11,1784114891,BOOM600,5355.004,0,0.0,BACKFILL_AUTO
2026-07-15 11:28:12,1784114892,BOOM600,5355.002,-1,0.001999999999497959,BACKFILL_AUTO
2026-07-15 11:28:13,1784114893,BOOM600,5354.982,-1,0.020000000000436557,BACKFILL_AUTO
2026-07-15 11:28:14,1784114894,BOOM600,5354.968,-1,0.014000000000123691,BACKFILL_AUTO
2026-07-15 11:28:15,1784114895,BOOM600,5354.962,-1,0.0059999999994033715,BACKFILL_AUTO
2026-07-15 11:28:16,1784114896,BOOM600,5354.956,-1,0.006000000000312866,BACKFILL_AUTO
2026-07-15 11:28:17,1784114897,BOOM600,5354.948,-1,0.007999999999810825,BACKFILL_AUTO
2026-07-15 11:28:18,1784114898,BOOM600,5354.936,-1,0.012000000000625732,BACKFILL_AUTO
2026-07-15 11:28:19,1784114899,BOOM600,5354.913,-1,0.023000000000138243,BACKFILL_AUTO
2026-07-15 11:28:20,1784114900,BOOM600,5354.903,-1,0.009999999999308784,BACKFILL_AUTO
2026-07-15 11:28:21,1784114901,BOOM600,5354.893,-1,0.010000000000218279,BACKFILL_AUTO
2026-07-15 11:28:22,1784114902,BOOM600,5354.882,-1,0.011000000000422006,BACKFILL_AUTO
2026-07-15 11:28:23,1784114903,BOOM600,5354.868,-1,0.013999999999214197,BACKFILL_AUTO
2026-07-15 11:28:24,1784114904,BOOM600,5354.863,-1,0.005000000000109139,BACKFILL_AUTO
2026-07-15 11:28:25,1784114905,BOOM600,5354.863,0,0.0,BACKFILL_AUTO
2026-07-15 11:28:26,1784114906,BOOM600,5354.861,-1,0.0020000000004074536,BACKFILL_AUTO
2026-07-15 11:28:27,1784114907,BOOM600,5354.86,-1,0.0010000000002037268,BACKFILL_AUTO
2026-07-15 11:28:28,1784114908,BOOM600,5354.846,-1,0.014000000000123691,BACKFILL_AUTO
2026-07-15 11:28:29,1784114909,BOOM600,5354.838,-1,0.007999999999810825,BACKFILL_AUTO
2026-07-15 11:28:30,1784114910,BOOM600,5354.824,-1,0.014000000000123691,BACKFILL_AUTO
2026-07-15 11:28:31,1784114911,BOOM600,5354.815,-1,0.009000000000014552,BACKFILL_AUTO
2026-07-15 11:28:32,1784114912,BOOM600,5358.377,1,3.5620000000008076,BACKFILL_AUTO
2026-07-15 11:28:33,1784114913,BOOM600,5358.367,-1,0.010000000000218279,BACKFILL_AUTO
2026-07-15 11:28:34,1784114914,BOOM600,5358.346,-1,0.021000000000640284,BACKFILL_AUTO
2026-07-15 11:28:35,1784114915,BOOM600,5358.338,-1,0.007999999999810825,BACKFILL_AUTO
2026-07-15 11:28:36,1784114916,BOOM600,5358.316,-1,0.021999999999934516,BACKFILL_AUTO
2026-07-15 11:28:37,1784114917,BOOM600,5358.305,-1,0.01099999999951251,BACKFILL_AUTO
2026-07-15 11:28:38,1784114918,BOOM600,5358.293,-1,0.012000000000625732,BACKFILL_AUTO
2026-07-15 11:28:39,1784114919,BOOM600,5358.287,-1,0.0059999999994033715,BACKFILL_AUTO
2026-07-15 11:28:40,1784114920,BOOM600,5358.285,-1,0.0020000000004074536,BACKFILL_AUTO
2026-07-15 11:28:41,1784114921,BOOM600,5358.274,-1,0.01099999999951251,BACKFILL_AUTO
2026-07-15 11:28:42,1784114922,BOOM600,5358.268,-1,0.006000000000312866,BACKFILL_AUTO
2026-07-15 11:28:43,1784114923,BOOM600,5358.266,-1,0.0020000000004074536,BACKFILL_AUTO
2026-07-15 11:28:44,1784114924,BOOM600,5358.263,-1,0.0029999999997016857,BACKFILL_AUTO
2026-07-15 11:28:45,1784114925,BOOM600,5358.249,-1,0.014000000000123691,BACKFILL_AUTO
2026-07-15 11:28:46,1784114926,BOOM600,5358.231,-1,0.018000000000029104,BACKFILL_AUTO
2026-07-15 11:28:47,1784114927,BOOM600,5358.225,-1,0.0059999999994033715,BACKFILL_AUTO
2026-07-15 11:28:48,1784114928,BOOM600,5358.21,-1,0.015000000000327418,BACKFILL_AUTO
2026-07-15 11:28:49,1784114929,BOOM600,5358.202,-1,0.007999999999810825,BACKFILL_AUTO
2026-07-15 11:28:50,1784114930,BOOM600,5358.189,-1,0.012999999999919964,BACKFILL_AUTO
2026-07-15 11:28:51,1784114931,BOOM600,5358.175,-1,0.014000000000123691,BACKFILL_AUTO
2026-07-15 11:28:52,1784114932,BOOM600,5358.171,-1,0.0039999999999054126,BACKFILL_AUTO
2026-07-15 11:28:53,1784114933,BOOM600,5358.167,-1,0.0039999999999054126,BACKFILL_AUTO
2026-07-15 11:28:54,1784114934,BOOM600,5358.163,-1,0.004000000000814907,BACKFILL_AUTO
2026-07-15 11:28:55,1784114935,BOOM600,5358.155,-1,0.007999999999810825,BACKFILL_AUTO
2026-07-15 11:28:56,1784114936,BOOM600,5358.15,-1,0.005000000000109139,BACKFILL_AUTO
2026-07-15 11:28:57,1784114937,BOOM600,5358.14,-1,0.009999999999308784,BACKFILL_AUTO
2026-07-15 11:28:58,1784114938,BOOM600,5358.111,-1,0.02900000000045111,BACKFILL_AUTO
2026-07-15 11:28:59,1784114939,BOOM600,5358.1,-1,0.01099999999951251,BACKFILL_AUTO
2026-07-15 11:29:00,1784114940,BOOM600,5358.098,-1,0.0020000000004074536,BACKFILL_AUTO
2026-07-15 11:29:01,1784114941,BOOM600,5358.079,-1,0.01900000000023283,BACKFILL_AUTO
2026-07-15 11:29:02,1784114942,BOOM600,5358.063,-1,0.01599999999962165,BACKFILL_AUTO
2026-07-15 11:29:03,1784114943,BOOM600,5358.046,-1,0.016999999999825377,BACKFILL_AUTO
2026-07-15 11:29:04,1784114944,BOOM600,5358.046,0,0.0,BACKFILL_AUTO
2026-07-15 11:29:05,1784114945,BOOM600,5358.046,0,0.0,BACKFILL_AUTO
2026-07-15 11:29:06,1784114946,BOOM600,5358.035,-1,0.011000000000422006,BACKFILL_AUTO
2026-07-15 11:29:07,1784114947,BOOM600,5358.022,-1,0.012999999999919964,BACKFILL_AUTO
2026-07-15 11:29:08,1784114948,BOOM600,5358.012,-1,0.010000000000218279,BACKFILL_AUTO
2026-07-15 11:29:09,1784114949,BOOM600,5357.99,-1,0.021999999999934516,BACKFILL_AUTO
2026-07-15 11:29:10,1784114950,BOOM600,5357.971,-1,0.01900000000023283,BACKFILL_AUTO
2026-07-15 11:29:11,1784114951,BOOM600,5357.961,-1,0.009999999999308784,BACKFILL_AUTO
2026-07-15 11:29:12,1784114952,BOOM600,5357.955,-1,0.006000000000312866,BACKFILL_AUTO
2026-07-15 11:29:13,1784114953,BOOM600,5357.954,-1,0.0010000000002037268,BACKFILL_AUTO
2026-07-15 11:29:14,1784114954,BOOM600,5357.942,-1,0.011999999999716238,BACKFILL_AUTO
2026-07-15 11:29:15,1784114955,BOOM600,5357.916,-1,0.02599999999983993,BACKFILL_AUTO
2026-07-15 11:29:16,1784114956,BOOM600,5357.887,-1,0.02900000000045111,BACKFILL_AUTO
2026-07-15 11:29:17,1784114957,BOOM600,5357.878,-1,0.009000000000014552,BACKFILL_AUTO
2026-07-15 11:29:18,1784114958,BOOM600,5357.872,-1,0.0059999999994033715,BACKFILL_AUTO
2026-07-15 11:29:19,1784114959,BOOM600,5357.867,-1,0.005000000000109139,BACKFILL_AUTO
2026-07-15 11:29:20,1784114960,BOOM600,5357.853,-1,0.014000000000123691,BACKFILL_AUTO
2026-07-15 11:29:21,1784114961,BOOM600,5357.838,-1,0.015000000000327418,BACKFILL_AUTO
2026-07-15 11:29:22,1784114962,BOOM600,5357.833,-1,0.005000000000109139,BACKFILL_AUTO
2026-07-15 11:29:23,1784114963,BOOM600,5357.828,-1,0.004999999999199645,BACKFILL_AUTO
2026-07-15 11:29:24,1784114964,BOOM600,5357.812,-1,0.016000000000531145,BACKFILL_AUTO
2026-07-15 11:29:25,1784114965,BOOM600,5357.805,-1,0.006999999999607098,BACKFILL_AUTO
2026-07-15 11:29:26,1784114966,BOOM600,5357.79,-1,0.015000000000327418,BACKFILL_AUTO
2026-07-15 11:29:27,1784114967,BOOM600,5357.77,-1,0.019999999999527063,BACKFILL_AUTO
2026-07-15 11:29:28,1784114968,BOOM600,5357.758,-1,0.012000000000625732,BACKFILL_AUTO
2026-07-15 11:29:29,1784114969,BOOM600,5357.749,-1,0.009000000000014552,BACKFILL_AUTO
2026-07-15 11:29:30,1784114970,BOOM600,5357.738,-1,0.01099999999951251,BACKFILL_AUTO
2026-07-15 11:29:31,1784114971,BOOM600,5357.717,-1,0.021000000000640284,BACKFILL_AUTO
2026-07-15 11:29:32,1784114972,BOOM600,5357.71,-1,0.006999999999607098,BACKFILL_AUTO
2026-07-15 11:29:33,1784114973,BOOM600,5357.704,-1,0.006000000000312866,BACKFILL_AUTO
2026-07-15 11:29:34,1784114974,BOOM600,5357.704,0,0.0,BACKFILL_AUTO
2026-07-15 11:29:35,1784114975,BOOM600,5357.695,-1,0.009000000000014552,BACKFILL_AUTO
2026-07-15 11:29:36,1784114976,BOOM600,5357.686,-1,0.009000000000014552,BACKFILL_AUTO
2026-07-15 11:29:37,1784114977,BOOM600,5357.673,-1,0.012999999999919964,BACKFILL_AUTO
2026-07-15 11:29:38,1784114978,BOOM600,5357.671,-1,0.001999999999497959,BACKFILL_AUTO
2026-07-15 11:29:39,1784114979,BOOM600,5357.664,-1,0.007000000000516593,BACKFILL_AUTO
2026-07-15 11:29:40,1784114980,BOOM600,5357.663,-1,0.0010000000002037268,BACKFILL_AUTO
2026-07-15 11:29:41,1784114981,BOOM600,5357.654,-1,0.008999999999105057,BACKFILL_AUTO
2026-07-15 11:29:42,1784114982,BOOM600,5357.652,-1,0.0020000000004074536,BACKFILL_AUTO
2026-07-15 11:29:43,1784114983,BOOM600,5357.648,-1,0.0039999999999054126,BACKFILL_AUTO
2026-07-15 11:29:44,1784114984,BOOM600,5357.636,-1,0.011999999999716238,BACKFILL_AUTO
2026-07-15 11:29:45,1784114985,BOOM600,5357.628,-1,0.00800000000072032,BACKFILL_AUTO
2026-07-15 11:29:46,1784114986,BOOM600,5357.607,-1,0.02099999999973079,BACKFILL_AUTO
2026-07-15 11:29:47,1784114987,BOOM600,5357.58,-1,0.027000000000043656,BACKFILL_AUTO
2026-07-15 11:29:48,1784114988,BOOM600,5357.567,-1,0.012999999999919964,BACKFILL_AUTO
2026-07-15 11:29:49,1784114989,BOOM600,5357.56,-1,0.006999999999607098,BACKFILL_AUTO
2026-07-15 11:29:50,1784114990,BOOM600,5357.557,-1,0.0030000000006111804,BACKFILL_AUTO
2026-07-15 11:29:51,1784114991,BOOM600,5357.555,-1,0.001999999999497959,BACKFILL_AUTO
2026-07-15 11:29:52,1784114992,BOOM600,5357.543,-1,0.012000000000625732,BACKFILL_AUTO
2026-07-15 11:29:53,1784114993,BOOM600,5357.516,-1,0.027000000000043656,BACKFILL_AUTO
2026-07-15 11:29:54,1784114994,BOOM600,5357.507,-1,0.009000000000014552,BACKFILL_AUTO
2026-07-15 11:29:55,1784114995,BOOM600,5357.5,-1,0.006999999999607098,BACKFILL_AUTO
2026-07-15 11:29:56,1784114996,BOOM600,5357.485,-1,0.015000000000327418,BACKFILL_AUTO
2026-07-15 11:29:57,1784114997,BOOM600,5357.481,-1,0.0039999999999054126,BACKFILL_AUTO
2026-07-15 11:29:58,1784114998,BOOM600,5357.474,-1,0.006999999999607098,BACKFILL_AUTO
2026-07-15 11:29:59,1784114999,BOOM600,5357.468,-1,0.006000000000312866,BACKFILL_AUTO
2026-07-15 11:30:00,1784115000,BOOM600,5357.461,-1,0.006999999999607098,BACKFILL_AUTO
2026-07-15 11:30:01,1784115001,BOOM600,5357.46,-1,0.0010000000002037268,BACKFILL_AUTO
2026-07-15 11:30:02,1784115002,BOOM600,5357.451,-1,0.009000000000014552,BACKFILL_AUTO
2026-07-15 11:30:03,1784115003,BOOM600,5357.435,-1,0.01599999999962165,BACKFILL_AUTO
2026-07-15 11:30:04,1784115004,BOOM600,5357.418,-1,0.01700000000073487,BACKFILL_AUTO
2026-07-15 11:30:05,1784115005,BOOM600,5357.414,-1,0.0039999999999054126,BACKFILL_AUTO
2026-07-15 11:30:06,1784115006,BOOM600,5357.407,-1,0.006999999999607098,BACKFILL_AUTO
2026-07-15 11:30:07,1784115007,BOOM600,5357.395,-1,0.011999999999716238,BACKFILL_AUTO
2026-07-15 11:30:08,1784115008,BOOM600,5357.382,-1,0.01300000000082946,BACKFILL_AUTO
2026-07-15 11:30:09,1784115009,BOOM600,5357.381,-1,0.0009999999992942321,BACKFILL_AUTO
2026-07-15 11:30:10,1784115010,BOOM600,5357.373,-1,0.00800000000072032,BACKFILL_AUTO
2026-07-15 11:30:11,1784115011,BOOM600,5357.371,-1,0.001999999999497959,BACKFILL_AUTO
2026-07-15 11:30:12,1784115012,BOOM600,5357.363,-1,0.007999999999810825,BACKFILL_AUTO
2026-07-15 11:30:13,1784115013,BOOM600,5357.363,0,0.0,BACKFILL_AUTO
2026-07-15 11:30:14,1784115014,BOOM600,5357.348,-1,0.015000000000327418,BACKFILL_AUTO
2026-07-15 11:30:15,1784115015,BOOM600,5357.345,-1,0.0029999999997016857,BACKFILL_AUTO
2026-07-15 11:30:16,1784115016,BOOM600,5357.33,-1,0.015000000000327418,BACKFILL_AUTO
2026-07-15 11:30:17,1784115017,BOOM600,5357.315,-1,0.015000000000327418,BACKFILL_AUTO
2026-07-15 11:30:18,1784115018,BOOM600,5357.307,-1,0.007999999999810825,BACKFILL_AUTO
2026-07-15 11:30:19,1784115019,BOOM600,5357.286,-1,0.02099999999973079,BACKFILL_AUTO
2026-07-15 11:30:20,1784115020,BOOM600,5357.285,-1,0.0010000000002037268,BACKFILL_AUTO
2026-07-15 11:30:21,1784115021,BOOM600,5357.274,-1,0.01099999999951251,BACKFILL_AUTO
2026-07-15 11:30:22,1784115022,BOOM600,5357.264,-1,0.010000000000218279,BACKFILL_AUTO
2026-07-15 11:30:23,1784115023,BOOM600,5357.245,-1,0.01900000000023283,BACKFILL_AUTO
2026-07-15 11:30:24,1784115024,BOOM600,5357.234,-1,0.01099999999951251,BACKFILL_AUTO
2026-07-15 11:30:25,1784115025,BOOM600,5357.219,-1,0.015000000000327418,BACKFILL_AUTO
2026-07-15 11:30:26,1784115026,BOOM600,5357.206,-1,0.012999999999919964,BACKFILL_AUTO
2026-07-15 11:30:27,1784115027,BOOM600,5357.194,-1,0.011999999999716238,BACKFILL_AUTO
2026-07-15 11:30:28,1784115028,BOOM600,5357.182,-1,0.012000000000625732,BACKFILL_AUTO
2026-07-15 11:30:29,1784115029,BOOM600,5357.167,-1,0.014999999999417923,BACKFILL_AUTO
2026-07-15 11:30:30,1784115030,BOOM600,5357.15,-1,0.01700000000073487,BACKFILL_AUTO
2026-07-15 11:30:31,1784115031,BOOM600,5357.133,-1,0.016999999999825377,BACKFILL_AUTO
2026-07-15 11:30:32,1784115032,BOOM600,5357.131,-1,0.001999999999497959,BACKFILL_AUTO
2026-07-15 11:30:33,1784115033,BOOM600,5357.127,-1,0.0039999999999054126,BACKFILL_AUTO
2026-07-15 11:30:34,1784115034,BOOM600,5357.126,-1,0.0010000000002037268,BACKFILL_AUTO
2026-07-15 11:30:35,1784115035,BOOM600,5357.12,-1,0.006000000000312866,BACKFILL_AUTO
2026-07-15 11:30:36,1784115036,BOOM600,5357.117,-1,0.0029999999997016857,BACKFILL_AUTO
2026-07-15 11:30:37,1784115037,BOOM600,5357.098,-1,0.01900000000023283,BACKFILL_AUTO
2026-07-15 11:30:38,1784115038,BOOM600,5357.088,-1,0.010000000000218279,BACKFILL_AUTO
2026-07-15 11:30:39,1784115039,BOOM600,5357.085,-1,0.0029999999997016857,BACKFILL_AUTO
2026-07-15 11:30:40,1784115040,BOOM600,5357.067,-1,0.018000000000029104,BACKFILL_AUTO
2026-07-15 11:30:41,1784115041,BOOM600,5357.066,-1,0.0010000000002037268,BACKFILL_AUTO
2026-07-15 11:30:42,1784115042,BOOM600,5357.065,-1,0.0010000000002037268,BACKFILL_AUTO
2026-07-15 11:30:43,1784115043,BOOM600,5357.044,-1,0.02099999999973079,BACKFILL_AUTO
2026-07-15 11:30:44,1784115044,BOOM600,5357.03,-1,0.014000000000123691,BACKFILL_AUTO
2026-07-15 11:30:45,1784115045,BOOM600,5357.024,-1,0.0059999999994033715,BACKFILL_AUTO
2026-07-15 11:30:46,1784115046,BOOM600,5357.021,-1,0.0030000000006111804,BACKFILL_AUTO
2026-07-15 11:30:47,1784115047,BOOM600,5357.014,-1,0.006999999999607098,BACKFILL_AUTO
2026-07-15 11:30:48,1784115048,BOOM600,5356.998,-1,0.016000000000531145,BACKFILL_AUTO
2026-07-15 11:30:49,1784115049,BOOM600,5356.986,-1,0.011999999999716238,BACKFILL_AUTO
2026-07-15 11:30:50,1784115050,BOOM600,5356.979,-1,0.006999999999607098,BACKFILL_AUTO
2026-07-15 11:30:51,1784115051,BOOM600,5356.965,-1,0.014000000000123691,BACKFILL_AUTO
2026-07-15 11:30:52,1784115052,BOOM600,5356.952,-1,0.012999999999919964,BACKFILL_AUTO
2026-07-15 11:30:53,1784115053,BOOM600,5356.946,-1,0.006000000000312866,BACKFILL_AUTO
2026-07-15 11:30:54,1784115054,BOOM600,5356.93,-1,0.01599999999962165,BACKFILL_AUTO
2026-07-15 11:30:55,1784115055,BOOM600,5356.926,-1,0.0039999999999054126,BACKFILL_AUTO
2026-07-15 11:30:56,1784115056,BOOM600,5356.91,-1,0.016000000000531145,BACKFILL_AUTO
2026-07-15 11:30:57,1784115057,BOOM600,5356.909,-1,0.0010000000002037268,BACKFILL_AUTO
2026-07-15 11:30:58,1784115058,BOOM600,5356.902,-1,0.006999999999607098,BACKFILL_AUTO
2026-07-15 11:30:59,1784115059,BOOM600,5356.898,-1,0.0039999999999054126,BACKFILL_AUTO
2026-07-15 11:31:00,1784115060,BOOM600,5356.893,-1,0.005000000000109139,BACKFILL_AUTO
2026-07-15 11:31:01,1784115061,BOOM600,5356.886,-1,0.006999999999607098,BACKFILL_AUTO
2026-07-15 11:31:02,1784115062,BOOM600,5356.884,-1,0.0020000000004074536,BACKFILL_AUTO
2026-07-15 11:31:03,1784115063,BOOM600,5356.875,-1,0.009000000000014552,BACKFILL_AUTO
2026-07-15 11:31:04,1784115064,BOOM600,5356.85,-1,0.024999999999636202,BACKFILL_AUTO
2026-07-15 11:31:05,1784115065,BOOM600,5356.847,-1,0.0030000000006111804,BACKFILL_AUTO
2026-07-15 11:31:06,1784115066,BOOM600,5356.845,-1,0.001999999999497959,BACKFILL_AUTO
2026-07-15 11:31:07,1784115067,BOOM600,5356.833,-1,0.012000000000625732,BACKFILL_AUTO
2026-07-15 11:31:08,1784115068,BOOM600,5356.823,-1,0.009999999999308784,BACKFILL_AUTO
2026-07-15 11:31:09,1784115069,BOOM600,5356.803,-1,0.020000000000436557,BACKFILL_AUTO
2026-07-15 11:31:10,1784115070,BOOM600,5356.803,0,0.0,BACKFILL_AUTO
2026-07-15 11:31:11,1784115071,BOOM600,5356.792,-1,0.01099999999951251,BACKFILL_AUTO
2026-07-15 11:31:12,1784115072,BOOM600,5356.784,-1,0.00800000000072032,BACKFILL_AUTO
2026-07-15 11:31:13,1784115073,BOOM600,5356.769,-1,0.014999999999417923,BACKFILL_AUTO
2026-07-15 11:31:14,1784115074,BOOM600,5356.765,-1,0.0039999999999054126,BACKFILL_AUTO
2026-07-15 11:31:15,1784115075,BOOM600,5356.751,-1,0.014000000000123691,BACKFILL_AUTO
2026-07-15 11:31:16,1784115076,BOOM600,5356.749,-1,0.0020000000004074536,BACKFILL_AUTO
2026-07-15 11:31:17,1784115077,BOOM600,5356.736,-1,0.012999999999919964,BACKFILL_AUTO
2026-07-15 11:31:18,1784115078,BOOM600,5356.728,-1,0.007999999999810825,BACKFILL_AUTO
2026-07-15 11:31:19,1784115079,BOOM600,5356.727,-1,0.0010000000002037268,BACKFILL_AUTO
2026-07-15 11:31:20,1784115080,BOOM600,5356.713,-1,0.014000000000123691,BACKFILL_AUTO
2026-07-15 11:31:21,1784115081,BOOM600,5356.703,-1,0.009999999999308784,BACKFILL_AUTO
2026-07-15 11:31:22,1784115082,BOOM600,5356.686,-1,0.01700000000073487,BACKFILL_AUTO
2026-07-15 11:31:23,1784115083,BOOM600,5356.683,-1,0.0029999999997016857,BACKFILL_AUTO
2026-07-15 11:31:24,1784115084,BOOM600,5356.671,-1,0.011999999999716238,BACKFILL_AUTO
2026-07-15 11:31:25,1784115085,BOOM600,5356.669,-1,0.0020000000004074536,BACKFILL_AUTO
2026-07-15 11:31:26,1784115086,BOOM600,5356.65,-1,0.01900000000023283,BACKFILL_AUTO
2026-07-15 11:31:27,1784115087,BOOM600,5356.632,-1,0.018000000000029104,BACKFILL_AUTO
2026-07-15 11:31:28,1784115088,BOOM600,5356.618,-1,0.013999999999214197,BACKFILL_AUTO
2026-07-15 11:31:29,1784115089,BOOM600,5356.613,-1,0.005000000000109139,BACKFILL_AUTO
2026-07-15 11:31:30,1784115090,BOOM600,5356.609,-1,0.0039999999999054126,BACKFILL_AUTO
2026-07-15 11:31:31,1784115091,BOOM600,5356.603,-1,0.006000000000312866,BACKFILL_AUTO
2026-07-15 11:31:32,1784115092,BOOM600,5356.597,-1,0.006000000000312866,BACKFILL_AUTO
2026-07-15 11:31:33,1784115093,BOOM600,5356.591,-1,0.0059999999994033715,BACKFILL_AUTO
2026-07-15 11:31:34,1784115094,BOOM600,5356.58,-1,0.011000000000422006,BACKFILL_AUTO
2026-07-15 11:31:35,1784115095,BOOM600,5356.579,-1,0.0010000000002037268,BACKFILL_AUTO
2026-07-15 11:31:36,1784115096,BOOM600,5356.571,-1,0.007999999999810825,BACKFILL_AUTO
2026-07-15 11:31:37,1784115097,BOOM600,5356.57,-1,0.0010000000002037268,BACKFILL_AUTO
2026-07-15 11:31:38,1784115098,BOOM600,5356.565,-1,0.005000000000109139,BACKFILL_AUTO
2026-07-15 11:31:39,1784115099,BOOM600,5356.555,-1,0.009999999999308784,BACKFILL_AUTO
2026-07-15 11:31:40,1784115100,BOOM600,5356.549,-1,0.006000000000312866,BACKFILL_AUTO
2026-07-15 11:31:41,1784115101,BOOM600,5356.544,-1,0.005000000000109139,BACKFILL_AUTO
2026-07-15 11:31:42,1784115102,BOOM600,5356.543,-1,0.0010000000002037268,BACKFILL_AUTO
2026-07-15 11:31:43,1784115103,BOOM600,5356.531,-1,0.011999999999716238,BACKFILL_AUTO
2026-07-15 11:31:44,1784115104,BOOM600,5356.523,-1,0.007999999999810825,BACKFILL_AUTO
2026-07-15 11:31:45,1784115105,BOOM600,5356.512,-1,0.011000000000422006,BACKFILL_AUTO
2026-07-15 11:31:46,1784115106,BOOM600,5356.505,-1,0.006999999999607098,BACKFILL_AUTO
2026-07-15 11:31:47,1784115107,BOOM600,5356.503,-1,0.0020000000004074536,BACKFILL_AUTO
2026-07-15 11:31:48,1784115108,BOOM600,5356.501,-1,0.001999999999497959,BACKFILL_AUTO
2026-07-15 11:31:49,1784115109,BOOM600,5356.496,-1,0.005000000000109139,BACKFILL_AUTO
2026-07-15 11:31:50,1784115110,BOOM600,5356.488,-1,0.007999999999810825,BACKFILL_AUTO
2026-07-15 11:31:51,1784115111,BOOM600,5356.484,-1,0.0039999999999054126,BACKFILL_AUTO
2026-07-15 11:31:52,1784115112,BOOM600,5356.475,-1,0.009000000000014552,BACKFILL_AUTO
2026-07-15 11:31:53,1784115113,BOOM600,5356.471,-1,0.004000000000814907,BACKFILL_AUTO
2026-07-15 11:31:54,1784115114,BOOM600,5356.457,-1,0.013999999999214197,BACKFILL_AUTO
2026-07-15 11:31:55,1784115115,BOOM600,5356.45,-1,0.007000000000516593,BACKFILL_AUTO
2026-07-15 11:31:56,1784115116,BOOM600,5356.449,-1,0.0010000000002037268,BACKFILL_AUTO
2026-07-15 11:31:57,1784115117,BOOM600,5356.449,0,0.0,BACKFILL_AUTO
2026-07-15 11:31:58,1784115118,BOOM600,5356.436,-1,0.012999999999919964,BACKFILL_AUTO
2026-07-15 11:31:59,1784115119,BOOM600,5356.43,-1,0.0059999999994033715,BACKFILL_AUTO
2026-07-15 11:32:00,1784115120,BOOM600,5356.422,-1,0.00800000000072032,BACKFILL_AUTO
2026-07-15 11:32:01,1784115121,BOOM600,5356.418,-1,0.0039999999999054126,BACKFILL_AUTO
2026-07-15 11:32:02,1784115122,BOOM600,5356.401,-1,0.016999999999825377,BACKFILL_AUTO
2026-07-15 11:32:03,1784115123,BOOM600,5356.396,-1,0.005000000000109139,BACKFILL_AUTO
2026-07-15 11:32:04,1784115124,BOOM600,5356.386,-1,0.009999999999308784,BACKFILL_AUTO
2026-07-15 11:32:05,1784115125,BOOM600,5356.384,-1,0.0020000000004074536,BACKFILL_AUTO
2026-07-15 11:32:06,1784115126,BOOM600,5356.381,-1,0.0029999999997016857,BACKFILL_AUTO
2026-07-15 11:32:07,1784115127,BOOM600,5356.376,-1,0.005000000000109139,BACKFILL_AUTO
2026-07-15 11:32:08,1784115128,BOOM600,5356.365,-1,0.011000000000422006,BACKFILL_AUTO
2026-07-15 11:32:09,1784115129,BOOM600,5356.362,-1,0.0029999999997016857,BACKFILL_AUTO
2026-07-15 11:32:10,1784115130,BOOM600,5356.343,-1,0.01900000000023283,BACKFILL_AUTO
2026-07-15 11:32:11,1784115131,BOOM600,5356.333,-1,0.010000000000218279,BACKFILL_AUTO
2026-07-15 11:32:12,1784115132,BOOM600,5356.32,-1,0.012999999999919964,BACKFILL_AUTO
2026-07-15 11:32:13,1784115133,BOOM600,5356.32,0,0.0,BACKFILL_AUTO
2026-07-15 11:32:14,1784115134,BOOM600,5356.31,-1,0.009999999999308784,BACKFILL_AUTO
2026-07-15 11:32:15,1784115135,BOOM600,5356.303,-1,0.007000000000516593,BACKFILL_AUTO
2026-07-15 11:32:16,1784115136,BOOM600,5356.293,-1,0.010000000000218279,BACKFILL_AUTO
2026-07-15 11:32:17,1784115137,BOOM600,5356.273,-1,0.019999999999527063,BACKFILL_AUTO
2026-07-15 11:32:18,1784115138,BOOM600,5356.268,-1,0.005000000000109139,BACKFILL_AUTO
2026-07-15 11:32:19,1784115139,BOOM600,5356.252,-1,0.01599999999962165,BACKFILL_AUTO
2026-07-15 11:32:20,1784115140,BOOM600,5356.249,-1,0.0030000000006111804,BACKFILL_AUTO
2026-07-15 11:32:21,1784115141,BOOM600,5356.244,-1,0.005000000000109139,BACKFILL_AUTO
2026-07-15 11:32:22,1784115142,BOOM600,5356.24,-1,0.0039999999999054126,BACKFILL_AUTO
2026-07-15 11:32:23,1784115143,BOOM600,5356.228,-1,0.011999999999716238,BACKFILL_AUTO
2026-07-15 11:32:24,1784115144,BOOM600,5356.227,-1,0.0010000000002037268,BACKFILL_AUTO
2026-07-15 11:32:25,1784115145,BOOM600,5356.217,-1,0.010000000000218279,BACKFILL_AUTO
2026-07-15 11:32:26,1784115146,BOOM600,5356.198,-1,0.018999999999323336,BACKFILL_AUTO
2026-07-15 11:32:27,1784115147,BOOM600,5356.193,-1,0.005000000000109139,BACKFILL_AUTO
2026-07-15 11:32:28,1784115148,BOOM600,5356.182,-1,0.011000000000422006,BACKFILL_AUTO
2026-07-15 11:32:29,1784115149,BOOM600,5356.18,-1,0.001999999999497959,BACKFILL_AUTO
2026-07-15 11:32:30,1784115150,BOOM600,5356.172,-1,0.00800000000072032,BACKFILL_AUTO
2026-07-15 11:32:31,1784115151,BOOM600,5356.158,-1,0.013999999999214197,BACKFILL_AUTO
2026-07-15 11:32:32,1784115152,BOOM600,5356.148,-1,0.010000000000218279,BACKFILL_AUTO
2026-07-15 11:32:33,1784115153,BOOM600,5356.139,-1,0.009000000000014552,BACKFILL_AUTO
2026-07-15 11:32:34,1784115154,BOOM600,5356.118,-1,0.02099999999973079,BACKFILL_AUTO
2026-07-15 11:32:35,1784115155,BOOM600,5356.114,-1,0.004000000000814907,BACKFILL_AUTO
2026-07-15 11:32:36,1784115156,BOOM600,5356.11,-1,0.0039999999999054126,BACKFILL_AUTO
2026-07-15 11:32:37,1784115157,BOOM600,5356.081,-1,0.028999999999541615,BACKFILL_AUTO
2026-07-15 11:32:38,1784115158,BOOM600,5356.068,-1,0.012999999999919964,BACKFILL_AUTO
2026-07-15 11:32:39,1784115159,BOOM600,5356.052,-1,0.016000000000531145,BACKFILL_AUTO
2026-07-15 11:32:40,1784115160,BOOM600,5356.045,-1,0.006999999999607098,BACKFILL_AUTO
2026-07-15 11:32:41,1784115161,BOOM600,5356.025,-1,0.020000000000436557,BACKFILL_AUTO
2026-07-15 11:32:42,1784115162,BOOM600,5356.01,-1,0.014999999999417923,BACKFILL_AUTO
2026-07-15 11:32:43,1784115163,BOOM600,5355.993,-1,0.016999999999825377,BACKFILL_AUTO
2026-07-15 11:32:44,1784115164,BOOM600,5355.992,-1,0.0010000000002037268,BACKFILL_AUTO
2026-07-15 11:32:45,1784115165,BOOM600,5355.991,-1,0.0010000000002037268,BACKFILL_AUTO
2026-07-15 11:32:46,1784115166,BOOM600,5355.987,-1,0.0039999999999054126,BACKFILL_AUTO
2026-07-15 11:32:47,1784115167,BOOM600,5355.978,-1,0.009000000000014552,BACKFILL_AUTO
2026-07-15 11:32:48,1784115168,BOOM600,5355.973,-1,0.005000000000109139,BACKFILL_AUTO
2026-07-15 11:32:49,1784115169,BOOM600,5355.967,-1,0.006000000000312866,BACKFILL_AUTO
2026-07-15 11:32:50,1784115170,BOOM600,5355.952,-1,0.014999999999417923,BACKFILL_AUTO
2026-07-15 11:32:51,1784115171,BOOM600,5355.945,-1,0.007000000000516593,BACKFILL_AUTO
2026-07-15 11:32:52,1784115172,BOOM600,5355.936,-1,0.009000000000014552,BACKFILL_AUTO
2026-07-15 11:32:53,1784115173,BOOM600,5355.935,-1,0.0009999999992942321,BACKFILL_AUTO
2026-07-15 11:32:54,1784115174,BOOM600,5355.928,-1,0.007000000000516593,BACKFILL_AUTO
2026-07-15 11:32:55,1784115175,BOOM600,5355.926,-1,0.001999999999497959,BACKFILL_AUTO
2026-07-15 11:32:56,1784115176,BOOM600,5355.914,-1,0.012000000000625732,BACKFILL_AUTO
2026-07-15 11:32:57,1784115177,BOOM600,5355.889,-1,0.024999999999636202,BACKFILL_AUTO
2026-07-15 11:32:58,1784115178,BOOM600,5355.873,-1,0.016000000000531145,BACKFILL_AUTO
2026-07-15 11:32:59,1784115179,BOOM600,5355.866,-1,0.006999999999607098,BACKFILL_AUTO
2026-07-15 11:33:00,1784115180,BOOM600,5355.854,-1,0.011999999999716238,BACKFILL_AUTO
2026-07-15 11:33:01,1784115181,BOOM600,5355.853,-1,0.0010000000002037268,BACKFILL_AUTO
2026-07-15 11:33:02,1784115182,BOOM600,5355.842,-1,0.011000000000422006,BACKFILL_AUTO
2026-07-15 11:33:03,1784115183,BOOM600,5355.823,-1,0.018999999999323336,BACKFILL_AUTO
2026-07-15 11:33:04,1784115184,BOOM600,5355.819,-1,0.0039999999999054126,BACKFILL_AUTO
2026-07-15 11:33:05,1784115185,BOOM600,5355.805,-1,0.014000000000123691,BACKFILL_AUTO
2026-07-15 11:33:06,1784115186,BOOM600,5355.804,-1,0.0010000000002037268,BACKFILL_AUTO
2026-07-15 11:33:07,1784115187,BOOM600,5355.792,-1,0.011999999999716238,BACKFILL_AUTO
2026-07-15 11:33:08,1784115188,BOOM600,5355.778,-1,0.014000000000123691,BACKFILL_AUTO
2026-07-15 11:33:09,1784115189,BOOM600,5355.756,-1,0.021999999999934516,BACKFILL_AUTO
2026-07-15 11:33:10,1784115190,BOOM600,5355.742,-1,0.014000000000123691,BACKFILL_AUTO
2026-07-15 11:33:11,1784115191,BOOM600,5355.733,-1,0.009000000000014552,BACKFILL_AUTO
2026-07-15 11:33:12,1784115192,BOOM600,5355.716,-1,0.016999999999825377,BACKFILL_AUTO
2026-07-15 11:33:13,1784115193,BOOM600,5355.708,-1,0.00800000000072032,BACKFILL_AUTO
2026-07-15 11:33:14,1784115194,BOOM600,5355.701,-1,0.006999999999607098,BACKFILL_AUTO
2026-07-15 11:33:15,1784115195,BOOM600,5355.684,-1,0.016999999999825377,BACKFILL_AUTO
2026-07-15 11:33:16,1784115196,BOOM600,5355.675,-1,0.009000000000014552,BACKFILL_AUTO
2026-07-15 11:33:17,1784115197,BOOM600,5355.655,-1,0.020000000000436557,BACKFILL_AUTO
2026-07-15 11:33:18,1784115198,BOOM600,5355.634,-1,0.02099999999973079,BACKFILL_AUTO
2026-07-15 11:33:19,1784115199,BOOM600,5355.626,-1,0.007999999999810825,BACKFILL_AUTO
2026-07-15 11:33:20,1784115200,BOOM600,5355.607,-1,0.01900000000023283,BACKFILL_AUTO
2026-07-15 11:33:21,1784115201,BOOM600,5355.588,-1,0.01900000000023283,BACKFILL_AUTO
2026-07-15 11:33:22,1784115202,BOOM600,5355.574,-1,0.014000000000123691,BACKFILL_AUTO
2026-07-15 11:33:23,1784115203,BOOM600,5355.566,-1,0.007999999999810825,BACKFILL_AUTO
2026-07-15 11:33:24,1784115204,BOOM600,5355.559,-1,0.006999999999607098,BACKFILL_AUTO
2026-07-15 11:33:25,1784115205,BOOM600,5355.552,-1,0.007000000000516593,BACKFILL_AUTO
2026-07-15 11:33:26,1784115206,BOOM600,5355.537,-1,0.014999999999417923,BACKFILL_AUTO
2026-07-15 11:33:27,1784115207,BOOM600,5355.536,-1,0.0010000000002037268,BACKFILL_AUTO
2026-07-15 11:33:28,1784115208,BOOM600,5355.511,-1,0.024999999999636202,BACKFILL_AUTO
2026-07-15 11:33:29,1784115209,BOOM600,5355.504,-1,0.007000000000516593,BACKFILL_AUTO
2026-07-15 11:33:30,1784115210,BOOM600,5355.503,-1,0.0010000000002037268,BACKFILL_AUTO
2026-07-15 11:33:31,1784115211,BOOM600,5355.499,-1,0.0039999999999054126,BACKFILL_AUTO
2026-07-15 11:33:32,1784115212,BOOM600,5355.498,-1,0.0010000000002037268,BACKFILL_AUTO
2026-07-15 11:33:33,1784115213,BOOM600,5355.496,-1,0.001999999999497959,BACKFILL_AUTO
2026-07-15 11:33:34,1784115214,BOOM600,5355.483,-1,0.012999999999919964,BACKFILL_AUTO
2026-07-15 11:33:35,1784115215,BOOM600,5355.472,-1,0.011000000000422006,BACKFILL_AUTO
2026-07-15 11:33:36,1784115216,BOOM600,5355.464,-1,0.007999999999810825,BACKFILL_AUTO
2026-07-15 11:33:37,1784115217,BOOM600,5355.452,-1,0.011999999999716238,BACKFILL_AUTO
2026-07-15 11:33:38,1784115218,BOOM600,5355.452,0,0.0,BACKFILL_AUTO
2026-07-15 11:33:39,1784115219,BOOM600,5355.448,-1,0.0039999999999054126,BACKFILL_AUTO
2026-07-15 11:33:40,1784115220,BOOM600,5355.442,-1,0.006000000000312866,BACKFILL_AUTO
2026-07-15 11:33:41,1784115221,BOOM600,5355.438,-1,0.0039999999999054126,BACKFILL_AUTO
2026-07-15 11:33:42,1784115222,BOOM600,5355.435,-1,0.0029999999997016857,BACKFILL_AUTO
2026-07-15 11:33:43,1784115223,BOOM600,5355.432,-1,0.0030000000006111804,BACKFILL_AUTO
2026-07-15 11:33:44,1784115224,BOOM600,5355.424,-1,0.007999999999810825,BACKFILL_AUTO
2026-07-15 11:33:45,1784115225,BOOM600,5355.419,-1,0.005000000000109139,BACKFILL_AUTO
2026-07-15 11:33:46,1784115226,BOOM600,5355.406,-1,0.012999999999919964,BACKFILL_AUTO
2026-07-15 11:33:47,1784115227,BOOM600,5355.4,-1,0.006000000000312866,BACKFILL_AUTO
2026-07-15 11:33:48,1784115228,BOOM600,5355.399,-1,0.0009999999992942321,BACKFILL_AUTO
2026-07-15 11:33:49,1784115229,BOOM600,5355.396,-1,0.0030000000006111804,BACKFILL_AUTO
2026-07-15 11:33:50,1784115230,BOOM600,5355.384,-1,0.011999999999716238,BACKFILL_AUTO
2026-07-15 11:33:51,1784115231,BOOM600,5355.381,-1,0.0029999999997016857,BACKFILL_AUTO
2026-07-15 11:33:52,1784115232,BOOM600,5355.366,-1,0.015000000000327418,BACKFILL_AUTO
2026-07-15 11:33:53,1784115233,BOOM600,5355.364,-1,0.0020000000004074536,BACKFILL_AUTO
2026-07-15 11:33:54,1784115234,BOOM600,5355.36,-1,0.0039999999999054126,BACKFILL_AUTO
2026-07-15 11:33:55,1784115235,BOOM600,5355.357,-1,0.0029999999997016857,BACKFILL_AUTO
2026-07-15 11:33:56,1784115236,BOOM600,5355.354,-1,0.0029999999997016857,BACKFILL_AUTO
2026-07-15 11:33:57,1784115237,BOOM600,5355.352,-1,0.0020000000004074536,BACKFILL_AUTO
2026-07-15 11:33:58,1784115238,BOOM600,5355.342,-1,0.010000000000218279,BACKFILL_AUTO
2026-07-15 11:33:59,1784115239,BOOM600,5355.339,-1,0.0029999999997016857,BACKFILL_AUTO
2026-07-15 11:34:00,1784115240,BOOM600,5355.331,-1,0.007999999999810825,BACKFILL_AUTO
2026-07-15 11:34:01,1784115241,BOOM600,5355.328,-1,0.0029999999997016857,BACKFILL_AUTO
2026-07-15 11:34:02,1784115242,BOOM600,5355.322,-1,0.006000000000312866,BACKFILL_AUTO
2026-07-15 11:34:03,1784115243,BOOM600,5355.314,-1,0.007999999999810825,BACKFILL_AUTO
2026-07-15 11:34:04,1784115244,BOOM600,5355.309,-1,0.005000000000109139,BACKFILL_AUTO
2026-07-15 11:34:05,1784115245,BOOM600,5355.308,-1,0.0010000000002037268,BACKFILL_AUTO
2026-07-15 11:34:06,1784115246,BOOM600,5355.304,-1,0.0039999999999054126,BACKFILL_AUTO
2026-07-15 11:34:07,1784115247,BOOM600,5355.288,-1,0.016000000000531145,BACKFILL_AUTO
2026-07-15 11:34:08,1784115248,BOOM600,5355.28,-1,0.007999999999810825,BACKFILL_AUTO
2026-07-15 11:34:09,1784115249,BOOM600,5355.259,-1,0.02099999999973079,BACKFILL_AUTO
2026-07-15 11:34:10,1784115250,BOOM600,5355.24,-1,0.01900000000023283,BACKFILL_AUTO
2026-07-15 11:34:11,1784115251,BOOM600,5355.237,-1,0.0029999999997016857,BACKFILL_AUTO
2026-07-15 11:34:12,1784115252,BOOM600,5355.229,-1,0.007999999999810825,BACKFILL_AUTO
2026-07-15 11:34:13,1784115253,BOOM600,5355.215,-1,0.014000000000123691,BACKFILL_AUTO
2026-07-15 11:34:14,1784115254,BOOM600,5355.199,-1,0.016000000000531145,BACKFILL_AUTO
2026-07-15 11:34:15,1784115255,BOOM600,5355.189,-1,0.009999999999308784,BACKFILL_AUTO
2026-07-15 11:34:16,1784115256,BOOM600,5355.172,-1,0.01700000000073487,BACKFILL_AUTO
2026-07-15 11:34:17,1784115257,BOOM600,5355.172,0,0.0,BACKFILL_AUTO
2026-07-15 11:34:18,1784115258,BOOM600,5355.164,-1,0.007999999999810825,BACKFILL_AUTO
2026-07-15 11:34:19,1784115259,BOOM600,5355.163,-1,0.0010000000002037268,BACKFILL_AUTO
2026-07-15 11:34:20,1784115260,BOOM600,5355.151,-1,0.011999999999716238,BACKFILL_AUTO
2026-07-15 11:34:21,1784115261,BOOM600,5355.147,-1,0.0039999999999054126,BACKFILL_AUTO
2026-07-15 11:34:22,1784115262,BOOM600,5355.132,-1,0.015000000000327418,BACKFILL_AUTO
2026-07-15 11:34:23,1784115263,BOOM600,5355.128,-1,0.0039999999999054126,BACKFILL_AUTO
2026-07-15 11:34:24,1784115264,BOOM600,5355.119,-1,0.009000000000014552,BACKFILL_AUTO
2026-07-15 11:34:25,1784115265,BOOM600,5355.116,-1,0.0029999999997016857,BACKFILL_AUTO
2026-07-15 11:34:26,1784115266,BOOM600,5355.099,-1,0.016999999999825377,BACKFILL_AUTO
2026-07-15 11:34:27,1784115267,BOOM600,5355.088,-1,0.011000000000422006,BACKFILL_AUTO
2026-07-15 11:34:28,1784115268,BOOM600,5355.084,-1,0.0039999999999054126,BACKFILL_AUTO
2026-07-15 11:34:29,1784115269,BOOM600,5355.083,-1,0.0010000000002037268,BACKFILL_AUTO
2026-07-15 11:34:30,1784115270,BOOM600,5355.075,-1,0.007999999999810825,BACKFILL_AUTO
2026-07-15 11:34:31,1784115271,BOOM600,5355.071,-1,0.0039999999999054126,BACKFILL_AUTO
2026-07-15 11:34:32,1784115272,BOOM600,5355.062,-1,0.009000000000014552,BACKFILL_AUTO
2026-07-15 11:34:33,1784115273,BOOM600,5355.058,-1,0.0039999999999054126,BACKFILL_AUTO
2026-07-15 11:34:34,1784115274,BOOM600,5355.047,-1,0.011000000000422006,BACKFILL_AUTO
2026-07-15 11:34:35,1784115275,BOOM600,5355.028,-1,0.018999999999323336,BACKFILL_AUTO
2026-07-15 11:34:36,1784115276,BOOM600,5355.012,-1,0.016000000000531145,BACKFILL_AUTO
2026-07-15 11:34:37,1784115277,BOOM600,5355.012,0,0.0,BACKFILL_AUTO
2026-07-15 11:34:38,1784115278,BOOM600,5354.997,-1,0.014999999999417923,BACKFILL_AUTO
2026-07-15 11:34:39,1784115279,BOOM600,5354.979,-1,0.018000000000029104,BACKFILL_AUTO
2026-07-15 11:34:40,1784115280,BOOM600,5354.975,-1,0.0039999999999054126,BACKFILL_AUTO
2026-07-15 11:34:41,1784115281,BOOM600,5354.975,0,0.0,BACKFILL_AUTO
2026-07-15 11:34:42,1784115282,BOOM600,5354.962,-1,0.012999999999919964,BACKFILL_AUTO
2026-07-15 11:34:43,1784115283,BOOM600,5354.939,-1,0.023000000000138243,BACKFILL_AUTO
2026-07-15 11:34:44,1784115284,BOOM600,5354.937,-1,0.0020000000004074536,BACKFILL_AUTO
2026-07-15 11:34:45,1784115285,BOOM600,5354.929,-1,0.007999999999810825,BACKFILL_AUTO
2026-07-15 11:34:46,1784115286,BOOM600,5354.92,-1,0.009000000000014552,BACKFILL_AUTO
2026-07-15 11:34:47,1784115287,BOOM600,5354.909,-1,0.011000000000422006,BACKFILL_AUTO
2026-07-15 11:34:48,1784115288,BOOM600,5354.889,-1,0.019999999999527063,BACKFILL_AUTO
2026-07-15 11:34:49,1784115289,BOOM600,5354.882,-1,0.007000000000516593,BACKFILL_AUTO
2026-07-15 11:34:50,1784115290,BOOM600,5354.866,-1,0.01599999999962165,BACKFILL_AUTO
2026-07-15 11:34:51,1784115291,BOOM600,5354.858,-1,0.007999999999810825,BACKFILL_AUTO
2026-07-15 11:34:52,1784115292,BOOM600,5354.858,0,0.0,BACKFILL_AUTO
2026-07-15 11:34:53,1784115293,BOOM600,5354.843,-1,0.015000000000327418,BACKFILL_AUTO
2026-07-15 11:34:54,1784115294,BOOM600,5354.834,-1,0.009000000000014552,BACKFILL_AUTO
2026-07-15 11:34:55,1784115295,BOOM600,5354.819,-1,0.014999999999417923,BACKFILL_AUTO
2026-07-15 11:34:56,1784115296,BOOM600,5354.81,-1,0.009000000000014552,BACKFILL_AUTO
2026-07-15 11:34:57,1784115297,BOOM600,5354.805,-1,0.005000000000109139,BACKFILL_AUTO
2026-07-15 11:34:58,1784115298,BOOM600,5354.801,-1,0.0039999999999054126,BACKFILL_AUTO
2026-07-15 11:34:59,1784115299,BOOM600,5354.791,-1,0.010000000000218279,BACKFILL_AUTO
2026-07-15 11:35:00,1784115300,BOOM600,5354.784,-1,0.007000000000516593,BACKFILL_AUTO
2026-07-15 11:35:01,1784115301,BOOM600,5354.782,-1,0.001999999999497959,BACKFILL_AUTO
2026-07-15 11:35:02,1784115302,BOOM600,5354.781,-1,0.0010000000002037268,BACKFILL_AUTO
2026-07-15 11:35:03,1784115303,BOOM600,5354.776,-1,0.005000000000109139,BACKFILL_AUTO
2026-07-15 11:35:04,1784115304,BOOM600,5354.769,-1,0.006999999999607098,BACKFILL_AUTO
2026-07-15 11:35:05,1784115305,BOOM600,5354.746,-1,0.023000000000138243,BACKFILL_AUTO
2026-07-15 11:35:06,1784115306,BOOM600,5354.731,-1,0.015000000000327418,BACKFILL_AUTO
2026-07-15 11:35:07,1784115307,BOOM600,5354.706,-1,0.024999999999636202,BACKFILL_AUTO
2026-07-15 11:35:08,1784115308,BOOM600,5354.693,-1,0.012999999999919964,BACKFILL_AUTO
2026-07-15 11:35:09,1784115309,BOOM600,5354.69,-1,0.0030000000006111804,BACKFILL_AUTO
2026-07-15 11:35:10,1784115310,BOOM600,5354.681,-1,0.009000000000014552,BACKFILL_AUTO
2026-07-15 11:35:11,1784115311,BOOM600,5354.676,-1,0.004999999999199645,BACKFILL_AUTO
2026-07-15 11:35:12,1784115312,BOOM600,5354.673,-1,0.0030000000006111804,BACKFILL_AUTO
2026-07-15 11:35:13,1784115313,BOOM600,5354.673,0,0.0,BACKFILL_AUTO
2026-07-15 11:35:14,1784115314,BOOM600,5354.66,-1,0.012999999999919964,BACKFILL_AUTO
2026-07-15 11:35:15,1784115315,BOOM600,5354.659,-1,0.0010000000002037268,BACKFILL_AUTO
2026-07-15 11:35:16,1784115316,BOOM600,5354.634,-1,0.024999999999636202,BACKFILL_AUTO
2026-07-15 11:35:17,1784115317,BOOM600,5354.624,-1,0.010000000000218279,BACKFILL_AUTO
2026-07-15 11:35:18,1784115318,BOOM600,5354.622,-1,0.001999999999497959,BACKFILL_AUTO
2026-07-15 11:35:19,1784115319,BOOM600,5354.614,-1,0.00800000000072032,BACKFILL_AUTO
2026-07-15 11:35:20,1784115320,BOOM600,5354.606,-1,0.007999999999810825,BACKFILL_AUTO
2026-07-15 11:35:21,1784115321,BOOM600,5354.601,-1,0.005000000000109139,BACKFILL_AUTO
2026-07-15 11:35:22,1784115322,BOOM600,5354.596,-1,0.005000000000109139,BACKFILL_AUTO
2026-07-15 11:35:23,1784115323,BOOM600,5354.584,-1,0.011999999999716238,BACKFILL_AUTO
2026-07-15 11:35:24,1784115324,BOOM600,5354.583,-1,0.0010000000002037268,BACKFILL_AUTO
2026-07-15 11:35:25,1784115325,BOOM600,5354.57,-1,0.012999999999919964,BACKFILL_AUTO
2026-07-15 11:35:26,1784115326,BOOM600,5354.561,-1,0.009000000000014552,BACKFILL_AUTO
2026-07-15 11:35:27,1784115327,BOOM600,5354.55,-1,0.01099999999951251,BACKFILL_AUTO
2026-07-15 11:35:28,1784115328,BOOM600,5354.532,-1,0.018000000000029104,BACKFILL_AUTO
2026-07-15 11:35:29,1784115329,BOOM600,5354.519,-1,0.012999999999919964,BACKFILL_AUTO
2026-07-15 11:35:30,1784115330,BOOM600,5354.515,-1,0.0039999999999054126,BACKFILL_AUTO
2026-07-15 11:35:31,1784115331,BOOM600,5354.509,-1,0.006000000000312866,BACKFILL_AUTO
2026-07-15 11:35:32,1784115332,BOOM600,5354.491,-1,0.018000000000029104,BACKFILL_AUTO
2026-07-15 11:35:33,1784115333,BOOM600,5354.487,-1,0.0039999999999054126,BACKFILL_AUTO
2026-07-15 11:35:34,1784115334,BOOM600,5354.474,-1,0.012999999999919964,BACKFILL_AUTO
2026-07-15 11:35:35,1784115335,BOOM600,5354.473,-1,0.0010000000002037268,BACKFILL_AUTO
2026-07-15 11:35:36,1784115336,BOOM600,5354.457,-1,0.01599999999962165,BACKFILL_AUTO
2026-07-15 11:35:37,1784115337,BOOM600,5354.453,-1,0.0039999999999054126,BACKFILL_AUTO
2026-07-15 11:35:38,1784115338,BOOM600,5354.445,-1,0.00800000000072032,BACKFILL_AUTO
2026-07-15 11:35:39,1784115339,BOOM600,5354.433,-1,0.011999999999716238,BACKFILL_AUTO
2026-07-15 11:35:40,1784115340,BOOM600,5354.425,-1,0.007999999999810825,BACKFILL_AUTO
2026-07-15 11:35:41,1784115341,BOOM600,5354.413,-1,0.012000000000625732,BACKFILL_AUTO
2026-07-15 11:35:42,1784115342,BOOM600,5354.412,-1,0.0009999999992942321,BACKFILL_AUTO
2026-07-15 11:35:43,1784115343,BOOM600,5354.402,-1,0.010000000000218279,BACKFILL_AUTO
2026-07-15 11:35:44,1784115344,BOOM600,5354.385,-1,0.016999999999825377,BACKFILL_AUTO
2026-07-15 11:35:45,1784115345,BOOM600,5354.379,-1,0.006000000000312866,BACKFILL_AUTO
2026-07-15 11:35:46,1784115346,BOOM600,5354.366,-1,0.012999999999919964,BACKFILL_AUTO
2026-07-15 11:35:47,1784115347,BOOM600,5354.352,-1,0.014000000000123691,BACKFILL_AUTO
2026-07-15 11:35:48,1784115348,BOOM600,5354.348,-1,0.0039999999999054126,BACKFILL_AUTO
2026-07-15 11:35:49,1784115349,BOOM600,5354.339,-1,0.009000000000014552,BACKFILL_AUTO
2026-07-15 11:35:50,1784115350,BOOM600,5354.327,-1,0.011999999999716238,BACKFILL_AUTO
2026-07-15 11:35:51,1784115351,BOOM600,5354.323,-1,0.0039999999999054126,BACKFILL_AUTO
2026-07-15 11:35:52,1784115352,BOOM600,5354.318,-1,0.005000000000109139,BACKFILL_AUTO
2026-07-15 11:35:53,1784115353,BOOM600,5354.312,-1,0.006000000000312866,BACKFILL_AUTO
2026-07-15 11:35:54,1784115354,BOOM600,5354.303,-1,0.009000000000014552,BACKFILL_AUTO
2026-07-15 11:35:55,1784115355,BOOM600,5354.302,-1,0.0010000000002037268,BACKFILL_AUTO
2026-07-15 11:35:56,1784115356,BOOM600,5354.298,-1,0.0039999999999054126,BACKFILL_AUTO
2026-07-15 11:35:57,1784115357,BOOM600,5354.272,-1,0.02599999999983993,BACKFILL_AUTO
2026-07-15 11:35:58,1784115358,BOOM600,5354.265,-1,0.006999999999607098,BACKFILL_AUTO
2026-07-15 11:35:59,1784115359,BOOM600,5354.256,-1,0.009000000000014552,BACKFILL_AUTO
2026-07-15 11:36:00,1784115360,BOOM600,5354.248,-1,0.00800000000072032,BACKFILL_AUTO
2026-07-15 11:36:01,1784115361,BOOM600,5354.239,-1,0.009000000000014552,BACKFILL_AUTO
2026-07-15 11:36:02,1784115362,BOOM600,5354.228,-1,0.01099999999951251,BACKFILL_AUTO
2026-07-15 11:36:03,1784115363,BOOM600,5354.224,-1,0.0039999999999054126,BACKFILL_AUTO
2026-07-15 11:36:04,1784115364,BOOM600,5354.212,-1,0.011999999999716238,BACKFILL_AUTO
2026-07-15 11:36:05,1784115365,BOOM600,5354.208,-1,0.004000000000814907,BACKFILL_AUTO
2026-07-15 11:36:06,1784115366,BOOM600,5354.203,-1,0.004999999999199645,BACKFILL_AUTO
2026-07-15 11:36:07,1784115367,BOOM600,5354.192,-1,0.011000000000422006,BACKFILL_AUTO
2026-07-15 11:36:08,1784115368,BOOM600,5354.189,-1,0.0029999999997016857,BACKFILL_AUTO
2026-07-15 11:36:09,1784115369,BOOM600,5354.184,-1,0.005000000000109139,BACKFILL_AUTO
2026-07-15 11:36:10,1784115370,BOOM600,5354.168,-1,0.016000000000531145,BACKFILL_AUTO
2026-07-15 11:36:11,1784115371,BOOM600,5354.151,-1,0.016999999999825377,BACKFILL_AUTO
2026-07-15 11:36:12,1784115372,BOOM600,5354.133,-1,0.018000000000029104,BACKFILL_AUTO
2026-07-15 11:36:13,1784115373,BOOM600,5354.116,-1,0.016999999999825377,BACKFILL_AUTO
2026-07-15 11:36:14,1784115374,BOOM600,5354.113,-1,0.0029999999997016857,BACKFILL_AUTO
2026-07-15 11:36:15,1784115375,BOOM600,5354.092,-1,0.021000000000640284,BACKFILL_AUTO
2026-07-15 11:36:16,1784115376,BOOM600,5354.09,-1,0.001999999999497959,BACKFILL_AUTO
2026-07-15 11:36:17,1784115377,BOOM600,5354.084,-1,0.006000000000312866,BACKFILL_AUTO
2026-07-15 11:36:18,1784115378,BOOM600,5354.057,-1,0.027000000000043656,BACKFILL_AUTO
2026-07-15 11:36:19,1784115379,BOOM600,5354.038,-1,0.01900000000023283,BACKFILL_AUTO
2026-07-15 11:36:20,1784115380,BOOM600,5354.034,-1,0.0039999999999054126,BACKFILL_AUTO
2026-07-15 11:36:21,1784115381,BOOM600,5354.029,-1,0.004999999999199645,BACKFILL_AUTO
2026-07-15 11:36:22,1784115382,BOOM600,5354.023,-1,0.006000000000312866,BACKFILL_AUTO
2026-07-15 11:36:23,1784115383,BOOM600,5354.021,-1,0.0020000000004074536,BACKFILL_AUTO
2026-07-15 11:36:24,1784115384,BOOM600,5354.014,-1,0.006999999999607098,BACKFILL_AUTO
2026-07-15 11:36:25,1784115385,BOOM600,5353.996,-1,0.018000000000029104,BACKFILL_AUTO
2026-07-15 11:36:26,1784115386,BOOM600,5353.993,-1,0.0029999999997016857,BACKFILL_AUTO
2026-07-15 11:36:27,1784115387,BOOM600,5353.979,-1,0.014000000000123691,BACKFILL_AUTO
2026-07-15 11:36:28,1784115388,BOOM600,5353.977,-1,0.0020000000004074536,BACKFILL_AUTO
2026-07-15 11:36:29,1784115389,BOOM600,5353.972,-1,0.005000000000109139,BACKFILL_AUTO
2026-07-15 11:36:30,1784115390,BOOM600,5353.955,-1,0.016999999999825377,BACKFILL_AUTO
2026-07-15 11:36:31,1784115391,BOOM600,5353.955,0,0.0,BACKFILL_AUTO
2026-07-15 11:36:32,1784115392,BOOM600,5353.935,-1,0.019999999999527063,BACKFILL_AUTO
2026-07-15 11:36:33,1784115393,BOOM600,5353.921,-1,0.014000000000123691,BACKFILL_AUTO
2026-07-15 11:36:34,1784115394,BOOM600,5353.91,-1,0.011000000000422006,BACKFILL_AUTO
2026-07-15 11:36:35,1784115395,BOOM600,5353.904,-1,0.0059999999994033715,BACKFILL_AUTO
2026-07-15 11:36:36,1784115396,BOOM600,5353.881,-1,0.023000000000138243,BACKFILL_AUTO
2026-07-15 11:36:37,1784115397,BOOM600,5353.875,-1,0.006000000000312866,BACKFILL_AUTO
2026-07-15 11:36:38,1784115398,BOOM600,5353.867,-1,0.007999999999810825,BACKFILL_AUTO
2026-07-15 11:36:39,1784115399,BOOM600,5353.856,-1,0.011000000000422006,BACKFILL_AUTO
2026-07-15 11:36:40,1784115400,BOOM600,5353.84,-1,0.01599999999962165,BACKFILL_AUTO
2026-07-15 11:36:41,1784115401,BOOM600,5353.832,-1,0.007999999999810825,BACKFILL_AUTO
2026-07-15 11:36:42,1784115402,BOOM600,5353.814,-1,0.018000000000029104,BACKFILL_AUTO
2026-07-15 11:36:43,1784115403,BOOM600,5353.813,-1,0.0010000000002037268,BACKFILL_AUTO
2026-07-15 11:36:44,1784115404,BOOM600,5353.801,-1,0.011999999999716238,BACKFILL_AUTO
2026-07-15 11:36:45,1784115405,BOOM600,5353.8,-1,0.0010000000002037268,BACKFILL_AUTO
2026-07-15 11:36:46,1784115406,BOOM600,5353.788,-1,0.012000000000625732,BACKFILL_AUTO
2026-07-15 11:36:47,1784115407,BOOM600,5353.775,-1,0.012999999999919964,BACKFILL_AUTO
2026-07-15 11:36:48,1784115408,BOOM600,5353.763,-1,0.011999999999716238,BACKFILL_AUTO
2026-07-15 11:36:49,1784115409,BOOM600,5353.749,-1,0.014000000000123691,BACKFILL_AUTO
2026-07-15 11:36:50,1784115410,BOOM600,5353.741,-1,0.007999999999810825,BACKFILL_AUTO
2026-07-15 11:36:51,1784115411,BOOM600,5353.718,-1,0.023000000000138243,BACKFILL_AUTO
2026-07-15 11:36:52,1784115412,BOOM600,5353.711,-1,0.006999999999607098,BACKFILL_AUTO
2026-07-15 11:36:53,1784115413,BOOM600,5353.7,-1,0.011000000000422006,BACKFILL_AUTO
2026-07-15 11:36:54,1784115414,BOOM600,5353.685,-1,0.014999999999417923,BACKFILL_AUTO
2026-07-15 11:36:55,1784115415,BOOM600,5353.674,-1,0.011000000000422006,BACKFILL_AUTO
2026-07-15 11:36:56,1784115416,BOOM600,5353.672,-1,0.0020000000004074536,BACKFILL_AUTO
2026-07-15 11:36:57,1784115417,BOOM600,5353.655,-1,0.016999999999825377,BACKFILL_AUTO
2026-07-15 11:36:58,1784115418,BOOM600,5353.636,-1,0.018999999999323336,BACKFILL_AUTO
2026-07-15 11:36:59,1784115419,BOOM600,5353.618,-1,0.018000000000029104,BACKFILL_AUTO
2026-07-15 11:37:00,1784115420,BOOM600,5353.615,-1,0.0030000000006111804,BACKFILL_AUTO
2026-07-15 11:37:01,1784115421,BOOM600,5353.61,-1,0.005000000000109139,BACKFILL_AUTO
2026-07-15 11:37:02,1784115422,BOOM600,5353.602,-1,0.007999999999810825,BACKFILL_AUTO
2026-07-15 11:37:03,1784115423,BOOM600,5353.593,-1,0.009000000000014552,BACKFILL_AUTO
2026-07-15 11:37:04,1784115424,BOOM600,5353.585,-1,0.007999999999810825,BACKFILL_AUTO
2026-07-15 11:37:05,1784115425,BOOM600,5353.569,-1,0.01599999999962165,BACKFILL_AUTO
2026-07-15 11:37:06,1784115426,BOOM600,5353.565,-1,0.004000000000814907,BACKFILL_AUTO
2026-07-15 11:37:07,1784115427,BOOM600,5353.552,-1,0.012999999999919964,BACKFILL_AUTO
2026-07-15 11:37:08,1784115428,BOOM600,5353.539,-1,0.012999999999919964,BACKFILL_AUTO
2026-07-15 11:37:09,1784115429,BOOM600,5353.529,-1,0.009999999999308784,BACKFILL_AUTO
2026-07-15 11:37:10,1784115430,BOOM600,5353.52,-1,0.009000000000014552,BACKFILL_AUTO
2026-07-15 11:37:11,1784115431,BOOM600,5353.518,-1,0.0020000000004074536,BACKFILL_AUTO
2026-07-15 11:37:12,1784115432,BOOM600,5353.498,-1,0.020000000000436557,BACKFILL_AUTO
2026-07-15 11:37:13,1784115433,BOOM600,5353.49,-1,0.007999999999810825,BACKFILL_AUTO
2026-07-15 11:37:14,1784115434,BOOM600,5353.475,-1,0.014999999999417923,BACKFILL_AUTO
2026-07-15 11:37:15,1784115435,BOOM600,5353.473,-1,0.0020000000004074536,BACKFILL_AUTO
2026-07-15 11:37:16,1784115436,BOOM600,5353.464,-1,0.009000000000014552,BACKFILL_AUTO
2026-07-15 11:37:17,1784115437,BOOM600,5353.45,-1,0.014000000000123691,BACKFILL_AUTO
2026-07-15 11:37:18,1784115438,BOOM600,5353.444,-1,0.0059999999994033715,BACKFILL_AUTO
2026-07-15 11:37:19,1784115439,BOOM600,5353.435,-1,0.009000000000014552,BACKFILL_AUTO
2026-07-15 11:37:20,1784115440,BOOM600,5353.43,-1,0.005000000000109139,BACKFILL_AUTO
2026-07-15 11:37:21,1784115441,BOOM600,5353.413,-1,0.01700000000073487,BACKFILL_AUTO
2026-07-15 11:37:22,1784115442,BOOM600,5353.398,-1,0.014999999999417923,BACKFILL_AUTO
2026-07-15 11:37:23,1784115443,BOOM600,5353.396,-1,0.0020000000004074536,BACKFILL_AUTO
2026-07-15 11:37:24,1784115444,BOOM600,5353.377,-1,0.018999999999323336,BACKFILL_AUTO
2026-07-15 11:37:25,1784115445,BOOM600,5353.362,-1,0.015000000000327418,BACKFILL_AUTO
2026-07-15 11:37:26,1784115446,BOOM600,5353.362,0,0.0,BACKFILL_AUTO
2026-07-15 11:37:27,1784115447,BOOM600,5353.351,-1,0.011000000000422006,BACKFILL_AUTO
2026-07-15 11:37:28,1784115448,BOOM600,5353.345,-1,0.0059999999994033715,BACKFILL_AUTO
2026-07-15 11:37:29,1784115449,BOOM600,5353.342,-1,0.0030000000006111804,BACKFILL_AUTO
2026-07-15 11:37:30,1784115450,BOOM600,5353.338,-1,0.0039999999999054126,BACKFILL_AUTO
2026-07-15 11:37:31,1784115451,BOOM600,5353.334,-1,0.0039999999999054126,BACKFILL_AUTO
2026-07-15 11:37:32,1784115452,BOOM600,5353.324,-1,0.010000000000218279,BACKFILL_AUTO
2026-07-15 11:37:33,1784115453,BOOM600,5353.32,-1,0.0039999999999054126,BACKFILL_AUTO
2026-07-15 11:37:34,1784115454,BOOM600,5353.318,-1,0.001999999999497959,BACKFILL_AUTO
2026-07-15 11:37:35,1784115455,BOOM600,5353.314,-1,0.0039999999999054126,BACKFILL_AUTO
2026-07-15 11:37:36,1784115456,BOOM600,5353.305,-1,0.009000000000014552,BACKFILL_AUTO
2026-07-15 11:37:37,1784115457,BOOM600,5353.303,-1,0.0020000000004074536,BACKFILL_AUTO
2026-07-15 11:37:38,1784115458,BOOM600,5353.297,-1,0.006000000000312866,BACKFILL_AUTO
2026-07-15 11:37:39,1784115459,BOOM600,5353.28,-1,0.016999999999825377,BACKFILL_AUTO
2026-07-15 11:37:40,1784115460,BOOM600,5353.274,-1,0.0059999999994033715,BACKFILL_AUTO
2026-07-15 11:37:41,1784115461,BOOM600,5353.268,-1,0.006000000000312866,BACKFILL_AUTO
2026-07-15 11:37:42,1784115462,BOOM600,5353.265,-1,0.0029999999997016857,BACKFILL_AUTO
2026-07-15 11:37:43,1784115463,BOOM600,5353.265,0,0.0,BACKFILL_AUTO
2026-07-15 11:37:44,1784115464,BOOM600,5353.26,-1,0.005000000000109139,BACKFILL_AUTO
2026-07-15 11:37:45,1784115465,BOOM600,5353.257,-1,0.0030000000006111804,BACKFILL_AUTO
2026-07-15 11:37:46,1784115466,BOOM600,5353.239,-1,0.018000000000029104,BACKFILL_AUTO
2026-07-15 11:37:47,1784115467,BOOM600,5353.223,-1,0.01599999999962165,BACKFILL_AUTO
2026-07-15 11:37:48,1784115468,BOOM600,5353.209,-1,0.014000000000123691,BACKFILL_AUTO
2026-07-15 11:37:49,1784115469,BOOM600,5353.208,-1,0.0010000000002037268,BACKFILL_AUTO
2026-07-15 11:37:50,1784115470,BOOM600,5353.198,-1,0.009999999999308784,BACKFILL_AUTO
2026-07-15 11:37:51,1784115471,BOOM600,5353.191,-1,0.007000000000516593,BACKFILL_AUTO
2026-07-15 11:37:52,1784115472,BOOM600,5353.182,-1,0.009000000000014552,BACKFILL_AUTO
2026-07-15 11:37:53,1784115473,BOOM600,5353.176,-1,0.0059999999994033715,BACKFILL_AUTO
2026-07-15 11:37:54,1784115474,BOOM600,5353.171,-1,0.005000000000109139,BACKFILL_AUTO
2026-07-15 11:37:55,1784115475,BOOM600,5353.166,-1,0.005000000000109139,BACKFILL_AUTO
2026-07-15 11:37:56,1784115476,BOOM600,5353.145,-1,0.02099999999973079,BACKFILL_AUTO
2026-07-15 11:37:57,1784115477,BOOM600,5353.135,-1,0.010000000000218279,BACKFILL_AUTO
2026-07-15 11:37:58,1784115478,BOOM600,5353.126,-1,0.009000000000014552,BACKFILL_AUTO
2026-07-15 11:37:59,1784115479,BOOM600,5353.113,-1,0.012999999999919964,BACKFILL_AUTO
2026-07-15 11:38:00,1784115480,BOOM600,5353.1,-1,0.012999999999919964,BACKFILL_AUTO
2026-07-15 11:38:01,1784115481,BOOM600,5353.093,-1,0.007000000000516593,BACKFILL_AUTO
2026-07-15 11:38:02,1784115482,BOOM600,5353.093,0,0.0,BACKFILL_AUTO
2026-07-15 11:38:03,1784115483,BOOM600,5353.07,-1,0.023000000000138243,BACKFILL_AUTO
2026-07-15 11:38:04,1784115484,BOOM600,5353.07,0,0.0,BACKFILL_AUTO
2026-07-15 11:38:05,1784115485,BOOM600,5353.059,-1,0.01099999999951251,BACKFILL_AUTO
2026-07-15 11:38:06,1784115486,BOOM600,5353.057,-1,0.0020000000004074536,BACKFILL_AUTO
2026-07-15 11:38:07,1784115487,BOOM600,5353.041,-1,0.01599999999962165,BACKFILL_AUTO
2026-07-15 11:38:08,1784115488,BOOM600,5353.027,-1,0.014000000000123691,BACKFILL_AUTO
2026-07-15 11:38:09,1784115489,BOOM600,5353.027,0,0.0,BACKFILL_AUTO
2026-07-15 11:38:10,1784115490,BOOM600,5353.02,-1,0.006999999999607098,BACKFILL_AUTO
2026-07-15 11:38:11,1784115491,BOOM600,5353.017,-1,0.0030000000006111804,BACKFILL_AUTO
2026-07-15 11:38:12,1784115492,BOOM600,5353.002,-1,0.014999999999417923,BACKFILL_AUTO
2026-07-15 11:38:13,1784115493,BOOM600,5352.991,-1,0.011000000000422006,BACKFILL_AUTO
2026-07-15 11:38:14,1784115494,BOOM600,5352.983,-1,0.007999999999810825,BACKFILL_AUTO
2026-07-15 11:38:15,1784115495,BOOM600,5352.973,-1,0.010000000000218279,BACKFILL_AUTO
2026-07-15 11:38:16,1784115496,BOOM600,5352.967,-1,0.006000000000312866,BACKFILL_AUTO
2026-07-15 11:38:17,1784115497,BOOM600,5352.962,-1,0.004999999999199645,BACKFILL_AUTO
2026-07-15 11:38:18,1784115498,BOOM600,5352.949,-1,0.01300000000082946,BACKFILL_AUTO
2026-07-15 11:38:19,1784115499,BOOM600,5352.933,-1,0.01599999999962165,BACKFILL_AUTO
2026-07-15 11:38:20,1784115500,BOOM600,5352.923,-1,0.010000000000218279,BACKFILL_AUTO
2026-07-15 11:38:21,1784115501,BOOM600,5352.91,-1,0.012999999999919964,BACKFILL_AUTO
2026-07-15 11:38:22,1784115502,BOOM600,5352.9,-1,0.010000000000218279,BACKFILL_AUTO
2026-07-15 11:38:23,1784115503,BOOM600,5352.885,-1,0.014999999999417923,BACKFILL_AUTO
2026-07-15 11:38:24,1784115504,BOOM600,5352.884,-1,0.0010000000002037268,BACKFILL_AUTO
2026-07-15 11:38:25,1784115505,BOOM600,5352.881,-1,0.0029999999997016857,BACKFILL_AUTO
2026-07-15 11:38:26,1784115506,BOOM600,5352.862,-1,0.01900000000023283,BACKFILL_AUTO
2026-07-15 11:38:27,1784115507,BOOM600,5352.856,-1,0.006000000000312866,BACKFILL_AUTO
2026-07-15 11:38:28,1784115508,BOOM600,5352.827,-1,0.028999999999541615,BACKFILL_AUTO
2026-07-15 11:38:29,1784115509,BOOM600,5352.814,-1,0.012999999999919964,BACKFILL_AUTO
2026-07-15 11:38:30,1784115510,BOOM600,5352.802,-1,0.012000000000625732,BACKFILL_AUTO
2026-07-15 11:38:31,1784115511,BOOM600,5352.8,-1,0.001999999999497959,BACKFILL_AUTO
2026-07-15 11:38:32,1784115512,BOOM600,5352.784,-1,0.016000000000531145,BACKFILL_AUTO
2026-07-15 11:38:33,1784115513,BOOM600,5352.78,-1,0.0039999999999054126,BACKFILL_AUTO
2026-07-15 11:38:34,1784115514,BOOM600,5352.773,-1,0.006999999999607098,BACKFILL_AUTO
2026-07-15 11:38:35,1784115515,BOOM600,5352.765,-1,0.007999999999810825,BACKFILL_AUTO
2026-07-15 11:38:36,1784115516,BOOM600,5352.757,-1,0.00800000000072032,BACKFILL_AUTO
2026-07-15 11:38:37,1784115517,BOOM600,5352.751,-1,0.0059999999994033715,BACKFILL_AUTO
2026-07-15 11:38:38,1784115518,BOOM600,5352.719,-1,0.032000000000152795,BACKFILL_AUTO
2026-07-15 11:38:39,1784115519,BOOM600,5352.707,-1,0.011999999999716238,BACKFILL_AUTO
2026-07-15 11:38:40,1784115520,BOOM600,5352.699,-1,0.00800000000072032,BACKFILL_AUTO
2026-07-15 11:38:41,1784115521,BOOM600,5352.691,-1,0.007999999999810825,BACKFILL_AUTO
2026-07-15 11:38:42,1784115522,BOOM600,5352.678,-1,0.012999999999919964,BACKFILL_AUTO
2026-07-15 11:38:43,1784115523,BOOM600,5352.667,-1,0.01099999999951251,BACKFILL_AUTO
2026-07-15 11:38:44,1784115524,BOOM600,5352.66,-1,0.007000000000516593,BACKFILL_AUTO
2026-07-15 11:38:45,1784115525,BOOM600,5352.654,-1,0.0059999999994033715,BACKFILL_AUTO
2026-07-15 11:38:46,1784115526,BOOM600,5352.644,-1,0.010000000000218279,BACKFILL_AUTO
2026-07-15 11:38:47,1784115527,BOOM600,5352.643,-1,0.0010000000002037268,BACKFILL_AUTO
2026-07-15 11:38:48,1784115528,BOOM600,5352.631,-1,0.011999999999716238,BACKFILL_AUTO
2026-07-15 11:38:49,1784115529,BOOM600,5352.63,-1,0.0010000000002037268,BACKFILL_AUTO
2026-07-15 11:38:50,1784115530,BOOM600,5352.625,-1,0.005000000000109139,BACKFILL_AUTO
2026-07-15 11:38:51,1784115531,BOOM600,5352.62,-1,0.005000000000109139,BACKFILL_AUTO
2026-07-15 11:38:52,1784115532,BOOM600,5352.602,-1,0.018000000000029104,BACKFILL_AUTO
2026-07-15 11:38:53,1784115533,BOOM600,5352.598,-1,0.0039999999999054126,BACKFILL_AUTO
2026-07-15 11:38:54,1784115534,BOOM600,5352.591,-1,0.006999999999607098,BACKFILL_AUTO
2026-07-15 11:38:55,1784115535,BOOM600,5352.582,-1,0.009000000000014552,BACKFILL_AUTO
2026-07-15 11:38:56,1784115536,BOOM600,5352.574,-1,0.00800000000072032,BACKFILL_AUTO
2026-07-15 11:38:57,1784115537,BOOM600,5352.572,-1,0.001999999999497959,BACKFILL_AUTO
2026-07-15 11:38:58,1784115538,BOOM600,5352.557,-1,0.015000000000327418,BACKFILL_AUTO
2026-07-15 11:38:59,1784115539,BOOM600,5352.548,-1,0.009000000000014552,BACKFILL_AUTO
2026-07-15 11:39:00,1784115540,BOOM600,5352.535,-1,0.012999999999919964,BACKFILL_AUTO
2026-07-15 11:39:01,1784115541,BOOM600,5352.53,-1,0.005000000000109139,BACKFILL_AUTO
2026-07-15 11:39:02,1784115542,BOOM600,5352.524,-1,0.0059999999994033715,BACKFILL_AUTO
2026-07-15 11:39:03,1784115543,BOOM600,5352.522,-1,0.0020000000004074536,BACKFILL_AUTO
2026-07-15 11:39:04,1784115544,BOOM600,5352.504,-1,0.018000000000029104,BACKFILL_AUTO
2026-07-15 11:39:05,1784115545,BOOM600,5352.484,-1,0.019999999999527063,BACKFILL_AUTO
2026-07-15 11:39:06,1784115546,BOOM600,5352.467,-1,0.01700000000073487,BACKFILL_AUTO
2026-07-15 11:39:07,1784115547,BOOM600,5352.451,-1,0.01599999999962165,BACKFILL_AUTO
2026-07-15 11:39:08,1784115548,BOOM600,5352.442,-1,0.009000000000014552,BACKFILL_AUTO
2026-07-15 11:39:09,1784115549,BOOM600,5352.432,-1,0.010000000000218279,BACKFILL_AUTO
2026-07-15 11:39:10,1784115550,BOOM600,5352.427,-1,0.005000000000109139,BACKFILL_AUTO
2026-07-15 11:39:11,1784115551,BOOM600,5352.423,-1,0.0039999999999054126,BACKFILL_AUTO
2026-07-15 11:39:12,1784115552,BOOM600,5352.406,-1,0.016999999999825377,BACKFILL_AUTO
2026-07-15 11:39:13,1784115553,BOOM600,5352.398,-1,0.007999999999810825,BACKFILL_AUTO
2026-07-15 11:39:14,1784115554,BOOM600,5352.393,-1,0.005000000000109139,BACKFILL_AUTO
2026-07-15 11:39:15,1784115555,BOOM600,5352.377,-1,0.01599999999962165,BACKFILL_AUTO
2026-07-15 11:39:16,1784115556,BOOM600,5352.371,-1,0.006000000000312866,BACKFILL_AUTO
2026-07-15 11:39:17,1784115557,BOOM600,5352.37,-1,0.0010000000002037268,BACKFILL_AUTO
2026-07-15 11:39:18,1784115558,BOOM600,5352.362,-1,0.007999999999810825,BACKFILL_AUTO
2026-07-15 11:39:19,1784115559,BOOM600,5352.356,-1,0.006000000000312866,BACKFILL_AUTO
2026-07-15 11:39:20,1784115560,BOOM600,5352.355,-1,0.0010000000002037268,BACKFILL_AUTO
2026-07-15 11:39:21,1784115561,BOOM600,5352.325,-1,0.02999999999974534,BACKFILL_AUTO
2026-07-15 11:39:22,1784115562,BOOM600,5352.315,-1,0.010000000000218279,BACKFILL_AUTO
2026-07-15 11:39:23,1784115563,BOOM600,5352.311,-1,0.0039999999999054126,BACKFILL_AUTO
2026-07-15 11:39:24,1784115564,BOOM600,5352.302,-1,0.009000000000014552,BACKFILL_AUTO
2026-07-15 11:39:25,1784115565,BOOM600,5352.295,-1,0.006999999999607098,BACKFILL_AUTO
2026-07-15 11:39:26,1784115566,BOOM600,5352.28,-1,0.015000000000327418,BACKFILL_AUTO
2026-07-15 11:39:27,1784115567,BOOM600,5352.274,-1,0.0059999999994033715,BACKFILL_AUTO
2026-07-15 11:39:28,1784115568,BOOM600,5352.266,-1,0.00800000000072032,BACKFILL_AUTO
2026-07-15 11:39:29,1784115569,BOOM600,5352.257,-1,0.009000000000014552,BACKFILL_AUTO
2026-07-15 11:39:30,1784115570,BOOM600,5352.239,-1,0.018000000000029104,BACKFILL_AUTO
2026-07-15 11:39:31,1784115571,BOOM600,5352.237,-1,0.001999999999497959,BACKFILL_AUTO
2026-07-15 11:39:32,1784115572,BOOM600,5352.233,-1,0.0039999999999054126,BACKFILL_AUTO
2026-07-15 11:39:33,1784115573,BOOM600,5352.227,-1,0.006000000000312866,BACKFILL_AUTO
2026-07-15 11:39:34,1784115574,BOOM600,5352.222,-1,0.005000000000109139,BACKFILL_AUTO
2026-07-15 11:39:35,1784115575,BOOM600,5352.208,-1,0.014000000000123691,BACKFILL_AUTO
2026-07-15 11:39:36,1784115576,BOOM600,5352.206,-1,0.001999999999497959,BACKFILL_AUTO
2026-07-15 11:39:37,1784115577,BOOM600,5352.194,-1,0.011999999999716238,BACKFILL_AUTO
2026-07-15 11:39:38,1784115578,BOOM600,5352.192,-1,0.0020000000004074536,BACKFILL_AUTO
2026-07-15 11:39:39,1784115579,BOOM600,5352.191,-1,0.0010000000002037268,BACKFILL_AUTO
2026-07-15 11:39:40,1784115580,BOOM600,5352.171,-1,0.019999999999527063,BACKFILL_AUTO
2026-07-15 11:39:41,1784115581,BOOM600,5352.152,-1,0.01900000000023283,BACKFILL_AUTO
2026-07-15 11:39:42,1784115582,BOOM600,5352.145,-1,0.006999999999607098,BACKFILL_AUTO
2026-07-15 11:39:43,1784115583,BOOM600,5352.141,-1,0.004000000000814907,BACKFILL_AUTO
2026-07-15 11:39:44,1784115584,BOOM600,5352.131,-1,0.009999999999308784,BACKFILL_AUTO
2026-07-15 11:39:45,1784115585,BOOM600,5352.125,-1,0.006000000000312866,BACKFILL_AUTO
2026-07-15 11:39:46,1784115586,BOOM600,5352.108,-1,0.016999999999825377,BACKFILL_AUTO
2026-07-15 11:39:47,1784115587,BOOM600,5352.103,-1,0.005000000000109139,BACKFILL_AUTO
2026-07-15 11:39:48,1784115588,BOOM600,5352.092,-1,0.011000000000422006,BACKFILL_AUTO
2026-07-15 11:39:49,1784115589,BOOM600,5352.088,-1,0.0039999999999054126,BACKFILL_AUTO
2026-07-15 11:39:50,1784115590,BOOM600,5352.076,-1,0.011999999999716238,BACKFILL_AUTO
2026-07-15 11:39:51,1784115591,BOOM600,5352.074,-1,0.0020000000004074536,BACKFILL_AUTO
2026-07-15 11:39:52,1784115592,BOOM600,5352.06,-1,0.013999999999214197,BACKFILL_AUTO
2026-07-15 11:39:53,1784115593,BOOM600,5352.053,-1,0.007000000000516593,BACKFILL_AUTO
2026-07-15 11:39:54,1784115594,BOOM600,5352.033,-1,0.019999999999527063,BACKFILL_AUTO
2026-07-15 11:39:55,1784115595,BOOM600,5352.016,-1,0.01700000000073487,BACKFILL_AUTO
2026-07-15 11:39:56,1784115596,BOOM600,5352.01,-1,0.0059999999994033715,BACKFILL_AUTO
2026-07-15 11:39:57,1784115597,BOOM600,5352.01,0,0.0,BACKFILL_AUTO
2026-07-15 11:39:58,1784115598,BOOM600,5351.996,-1,0.014000000000123691,BACKFILL_AUTO
2026-07-15 11:39:59,1784115599,BOOM600,5351.985,-1,0.011000000000422006,BACKFILL_AUTO
2026-07-15 11:40:00,1784115600,BOOM600,5351.981,-1,0.0039999999999054126,BACKFILL_AUTO
2026-07-15 11:40:01,1784115601,BOOM600,5351.979,-1,0.001999999999497959,BACKFILL_AUTO
2026-07-15 11:40:02,1784115602,BOOM600,5351.963,-1,0.016000000000531145,BACKFILL_AUTO
2026-07-15 11:40:03,1784115603,BOOM600,5351.958,-1,0.005000000000109139,BACKFILL_AUTO
2026-07-15 11:40:04,1784115604,BOOM600,5351.954,-1,0.0039999999999054126,BACKFILL_AUTO
2026-07-15 11:40:05,1784115605,BOOM600,5351.939,-1,0.014999999999417923,BACKFILL_AUTO
2026-07-15 11:40:06,1784115606,BOOM600,5351.909,-1,0.030000000000654836,BACKFILL_AUTO
2026-07-15 11:40:07,1784115607,BOOM600,5351.906,-1,0.0029999999997016857,BACKFILL_AUTO
2026-07-15 11:40:08,1784115608,BOOM600,5351.903,-1,0.0029999999997016857,BACKFILL_AUTO
2026-07-15 11:40:09,1784115609,BOOM600,5351.903,0,0.0,BACKFILL_AUTO
2026-07-15 11:40:10,1784115610,BOOM600,5351.897,-1,0.006000000000312866,BACKFILL_AUTO
2026-07-15 11:40:11,1784115611,BOOM600,5351.883,-1,0.014000000000123691,BACKFILL_AUTO
2026-07-15 11:40:12,1784115612,BOOM600,5351.875,-1,0.007999999999810825,BACKFILL_AUTO
2026-07-15 11:40:13,1784115613,BOOM600,5351.874,-1,0.0010000000002037268,BACKFILL_AUTO
2026-07-15 11:40:14,1784115614,BOOM600,5351.872,-1,0.001999999999497959,BACKFILL_AUTO
2026-07-15 11:40:15,1784115615,BOOM600,5351.864,-1,0.00800000000072032,BACKFILL_AUTO
2026-07-15 11:40:16,1784115616,BOOM600,5351.855,-1,0.009000000000014552,BACKFILL_AUTO
2026-07-15 11:40:17,1784115617,BOOM600,5351.846,-1,0.009000000000014552,BACKFILL_AUTO
2026-07-15 11:40:18,1784115618,BOOM600,5351.842,-1,0.0039999999999054126,BACKFILL_AUTO
2026-07-15 11:40:19,1784115619,BOOM600,5351.831,-1,0.01099999999951251,BACKFILL_AUTO
2026-07-15 11:40:20,1784115620,BOOM600,5351.825,-1,0.006000000000312866,BACKFILL_AUTO
2026-07-15 11:40:21,1784115621,BOOM600,5351.811,-1,0.014000000000123691,BACKFILL_AUTO
2026-07-15 11:40:22,1784115622,BOOM600,5351.81,-1,0.0009999999992942321,BACKFILL_AUTO
2026-07-15 11:40:23,1784115623,BOOM600,5351.798,-1,0.012000000000625732,BACKFILL_AUTO
2026-07-15 11:40:24,1784115624,BOOM600,5351.788,-1,0.010000000000218279,BACKFILL_AUTO
2026-07-15 11:40:25,1784115625,BOOM600,5351.787,-1,0.0009999999992942321,BACKFILL_AUTO
2026-07-15 11:40:26,1784115626,BOOM600,5351.769,-1,0.018000000000029104,BACKFILL_AUTO
2026-07-15 11:40:27,1784115627,BOOM600,5351.756,-1,0.012999999999919964,BACKFILL_AUTO
2026-07-15 11:40:28,1784115628,BOOM600,5351.747,-1,0.009000000000014552,BACKFILL_AUTO
2026-07-15 11:40:29,1784115629,BOOM600,5351.738,-1,0.009000000000014552,BACKFILL_AUTO
2026-07-15 11:40:30,1784115630,BOOM600,5351.717,-1,0.021000000000640284,BACKFILL_AUTO
2026-07-15 11:40:31,1784115631,BOOM600,5351.697,-1,0.019999999999527063,BACKFILL_AUTO
2026-07-15 11:40:32,1784115632,BOOM600,5351.697,0,0.0,BACKFILL_AUTO
2026-07-15 11:40:33,1784115633,BOOM600,5351.686,-1,0.011000000000422006,BACKFILL_AUTO
2026-07-15 11:40:34,1784115634,BOOM600,5351.676,-1,0.009999999999308784,BACKFILL_AUTO
2026-07-15 11:40:35,1784115635,BOOM600,5351.667,-1,0.009000000000014552,BACKFILL_AUTO
2026-07-15 11:40:36,1784115636,BOOM600,5351.666,-1,0.0010000000002037268,BACKFILL_AUTO
2026-07-15 11:40:37,1784115637,BOOM600,5351.656,-1,0.010000000000218279,BACKFILL_AUTO
2026-07-15 11:40:38,1784115638,BOOM600,5351.642,-1,0.014000000000123691,BACKFILL_AUTO
2026-07-15 11:40:39,1784115639,BOOM600,5351.621,-1,0.02099999999973079,BACKFILL_AUTO
2026-07-15 11:40:40,1784115640,BOOM600,5351.599,-1,0.021999999999934516,BACKFILL_AUTO
2026-07-15 11:40:41,1784115641,BOOM600,5351.584,-1,0.015000000000327418,BACKFILL_AUTO
2026-07-15 11:40:42,1784115642,BOOM600,5351.575,-1,0.009000000000014552,BACKFILL_AUTO
2026-07-15 11:40:43,1784115643,BOOM600,5351.571,-1,0.0039999999999054126,BACKFILL_AUTO
2026-07-15 11:40:44,1784115644,BOOM600,5351.564,-1,0.006999999999607098,BACKFILL_AUTO
2026-07-15 11:40:45,1784115645,BOOM600,5351.552,-1,0.012000000000625732,BACKFILL_AUTO
2026-07-15 11:40:46,1784115646,BOOM600,5351.539,-1,0.012999999999919964,BACKFILL_AUTO
2026-07-15 11:40:47,1784115647,BOOM600,5351.537,-1,0.001999999999497959,BACKFILL_AUTO
2026-07-15 11:40:48,1784115648,BOOM600,5351.529,-1,0.007999999999810825,BACKFILL_AUTO
2026-07-15 11:40:49,1784115649,BOOM600,5351.513,-1,0.016000000000531145,BACKFILL_AUTO
2026-07-15 11:40:50,1784115650,BOOM600,5351.512,-1,0.0010000000002037268,BACKFILL_AUTO
2026-07-15 11:40:51,1784115651,BOOM600,5351.508,-1,0.0039999999999054126,BACKFILL_AUTO
2026-07-15 11:40:52,1784115652,BOOM600,5351.506,-1,0.001999999999497959,BACKFILL_AUTO
2026-07-15 11:40:53,1784115653,BOOM600,5351.492,-1,0.014000000000123691,BACKFILL_AUTO
2026-07-15 11:40:54,1784115654,BOOM600,5351.492,0,0.0,BACKFILL_AUTO
2026-07-15 11:40:55,1784115655,BOOM600,5351.489,-1,0.0030000000006111804,BACKFILL_AUTO
2026-07-15 11:40:56,1784115656,BOOM600,5351.489,0,0.0,BACKFILL_AUTO
2026-07-15 11:40:57,1784115657,BOOM600,5351.478,-1,0.01099999999951251,BACKFILL_AUTO
2026-07-15 11:40:58,1784115658,BOOM600,5351.476,-1,0.0020000000004074536,BACKFILL_AUTO
2026-07-15 11:40:59,1784115659,BOOM600,5351.474,-1,0.001999999999497959,BACKFILL_AUTO
2026-07-15 11:41:00,1784115660,BOOM600,5351.462,-1,0.011999999999716238,BACKFILL_AUTO
2026-07-15 11:41:01,1784115661,BOOM600,5351.462,0,0.0,BACKFILL_AUTO
2026-07-15 11:41:02,1784115662,BOOM600,5351.45,-1,0.012000000000625732,BACKFILL_AUTO
2026-07-15 11:41:03,1784115663,BOOM600,5351.446,-1,0.0039999999999054126,BACKFILL_AUTO
2026-07-15 11:41:04,1784115664,BOOM600,5351.438,-1,0.007999999999810825,BACKFILL_AUTO
2026-07-15 11:41:05,1784115665,BOOM600,5351.422,-1,0.016000000000531145,BACKFILL_AUTO
2026-07-15 11:41:06,1784115666,BOOM600,5351.417,-1,0.004999999999199645,BACKFILL_AUTO
2026-07-15 11:41:07,1784115667,BOOM600,5351.413,-1,0.004000000000814907,BACKFILL_AUTO
2026-07-15 11:41:08,1784115668,BOOM600,5351.407,-1,0.0059999999994033715,BACKFILL_AUTO
2026-07-15 11:41:09,1784115669,BOOM600,5351.407,0,0.0,BACKFILL_AUTO
2026-07-15 11:41:10,1784115670,BOOM600,5351.401,-1,0.006000000000312866,BACKFILL_AUTO
2026-07-15 11:41:11,1784115671,BOOM600,5351.399,-1,0.001999999999497959,BACKFILL_AUTO
2026-07-15 11:41:12,1784115672,BOOM600,5351.387,-1,0.012000000000625732,BACKFILL_AUTO
2026-07-15 11:41:13,1784115673,BOOM600,5351.375,-1,0.011999999999716238,BACKFILL_AUTO
2026-07-15 11:41:14,1784115674,BOOM600,5351.369,-1,0.006000000000312866,BACKFILL_AUTO
2026-07-15 11:41:15,1784115675,BOOM600,5351.362,-1,0.006999999999607098,BACKFILL_AUTO
2026-07-15 11:41:16,1784115676,BOOM600,5351.35,-1,0.011999999999716238,BACKFILL_AUTO
2026-07-15 11:41:17,1784115677,BOOM600,5351.343,-1,0.007000000000516593,BACKFILL_AUTO
2026-07-15 11:41:18,1784115678,BOOM600,5351.336,-1,0.006999999999607098,BACKFILL_AUTO
2026-07-15 11:41:19,1784115679,BOOM600,5351.334,-1,0.0020000000004074536,BACKFILL_AUTO
2026-07-15 11:41:20,1784115680,BOOM600,5351.334,0,0.0,BACKFILL_AUTO
2026-07-15 11:41:21,1784115681,BOOM600,5351.316,-1,0.018000000000029104,BACKFILL_AUTO
2026-07-15 11:41:22,1784115682,BOOM600,5351.301,-1,0.014999999999417923,BACKFILL_AUTO
2026-07-15 11:41:23,1784115683,BOOM600,5351.278,-1,0.023000000000138243,BACKFILL_AUTO
2026-07-15 11:41:24,1784115684,BOOM600,5351.257,-1,0.021000000000640284,BACKFILL_AUTO
2026-07-15 11:41:25,1784115685,BOOM600,5351.253,-1,0.0039999999999054126,BACKFILL_AUTO
2026-07-15 11:41:26,1784115686,BOOM600,5351.242,-1,0.01099999999951251,BACKFILL_AUTO
2026-07-15 11:41:27,1784115687,BOOM600,5351.242,0,0.0,BACKFILL_AUTO
2026-07-15 11:41:28,1784115688,BOOM600,5351.226,-1,0.016000000000531145,BACKFILL_AUTO
2026-07-15 11:41:29,1784115689,BOOM600,5351.226,0,0.0,BACKFILL_AUTO
2026-07-15 11:41:30,1784115690,BOOM600,5351.225,-1,0.0009999999992942321,BACKFILL_AUTO
2026-07-15 11:41:31,1784115691,BOOM600,5351.213,-1,0.012000000000625732,BACKFILL_AUTO
2026-07-15 11:41:32,1784115692,BOOM600,5351.208,-1,0.005000000000109139,BACKFILL_AUTO
2026-07-15 11:41:33,1784115693,BOOM600,5351.208,0,0.0,BACKFILL_AUTO
2026-07-15 11:41:34,1784115694,BOOM600,5351.206,-1,0.001999999999497959,BACKFILL_AUTO
2026-07-15 11:41:35,1784115695,BOOM600,5351.191,-1,0.015000000000327418,BACKFILL_AUTO
2026-07-15 11:41:36,1784115696,BOOM600,5351.188,-1,0.0029999999997016857,BACKFILL_AUTO
2026-07-15 11:41:37,1784115697,BOOM600,5351.176,-1,0.011999999999716238,BACKFILL_AUTO
2026-07-15 11:41:38,1784115698,BOOM600,5351.174,-1,0.0020000000004074536,BACKFILL_AUTO
2026-07-15 11:41:39,1784115699,BOOM600,5351.173,-1,0.0010000000002037268,BACKFILL_AUTO
2026-07-15 11:41:40,1784115700,BOOM600,5351.161,-1,0.011999999999716238,BACKFILL_AUTO
2026-07-15 11:41:41,1784115701,BOOM600,5351.144,-1,0.016999999999825377,BACKFILL_AUTO
2026-07-15 11:41:42,1784115702,BOOM600,5351.139,-1,0.005000000000109139,BACKFILL_AUTO
2026-07-15 11:41:43,1784115703,BOOM600,5351.138,-1,0.0010000000002037268,BACKFILL_AUTO
2026-07-15 11:41:44,1784115704,BOOM600,5351.129,-1,0.009000000000014552,BACKFILL_AUTO
2026-07-15 11:41:45,1784115705,BOOM600,5351.126,-1,0.0029999999997016857,BACKFILL_AUTO
2026-07-15 11:41:46,1784115706,BOOM600,5351.122,-1,0.0039999999999054126,BACKFILL_AUTO
2026-07-15 11:41:47,1784115707,BOOM600,5351.108,-1,0.014000000000123691,BACKFILL_AUTO
2026-07-15 11:41:48,1784115708,BOOM600,5351.096,-1,0.012000000000625732,BACKFILL_AUTO
2026-07-15 11:41:49,1784115709,BOOM600,5351.07,-1,0.02599999999983993,BACKFILL_AUTO
2026-07-15 11:41:50,1784115710,BOOM600,5351.068,-1,0.001999999999497959,BACKFILL_AUTO
2026-07-15 11:41:51,1784115711,BOOM600,5351.058,-1,0.010000000000218279,BACKFILL_AUTO
2026-07-15 11:41:52,1784115712,BOOM600,5351.042,-1,0.01599999999962165,BACKFILL_AUTO
2026-07-15 11:41:53,1784115713,BOOM600,5351.038,-1,0.004000000000814907,BACKFILL_AUTO
2026-07-15 11:41:54,1784115714,BOOM600,5351.026,-1,0.011999999999716238,BACKFILL_AUTO
2026-07-15 11:41:55,1784115715,BOOM600,5351.02,-1,0.0059999999994033715,BACKFILL_AUTO
2026-07-15 11:41:56,1784115716,BOOM600,5351.012,-1,0.00800000000072032,BACKFILL_AUTO
2026-07-15 11:41:57,1784115717,BOOM600,5351.008,-1,0.0039999999999054126,BACKFILL_AUTO
2026-07-15 11:41:58,1784115718,BOOM600,5351.008,0,0.0,BACKFILL_AUTO
2026-07-15 11:41:59,1784115719,BOOM600,5350.996,-1,0.011999999999716238,BACKFILL_AUTO
2026-07-15 11:42:00,1784115720,BOOM600,5350.985,-1,0.011000000000422006,BACKFILL_AUTO
2026-07-15 11:42:01,1784115721,BOOM600,5350.982,-1,0.0029999999997016857,BACKFILL_AUTO
2026-07-15 11:42:02,1784115722,BOOM600,5350.966,-1,0.01599999999962165,BACKFILL_AUTO
2026-07-15 11:42:03,1784115723,BOOM600,5350.947,-1,0.01900000000023283,BACKFILL_AUTO
2026-07-15 11:42:04,1784115724,BOOM600,5350.945,-1,0.0020000000004074536,BACKFILL_AUTO
2026-07-15 11:42:05,1784115725,BOOM600,5350.943,-1,0.001999999999497959,BACKFILL_AUTO
2026-07-15 11:42:06,1784115726,BOOM600,5350.933,-1,0.010000000000218279,BACKFILL_AUTO
2026-07-15 11:42:07,1784115727,BOOM600,5350.932,-1,0.0010000000002037268,BACKFILL_AUTO
2026-07-15 11:42:08,1784115728,BOOM600,5350.93,-1,0.001999999999497959,BACKFILL_AUTO
2026-07-15 11:42:09,1784115729,BOOM600,5350.914,-1,0.016000000000531145,BACKFILL_AUTO
2026-07-15 11:42:10,1784115730,BOOM600,5350.909,-1,0.005000000000109139,BACKFILL_AUTO
2026-07-15 11:42:11,1784115731,BOOM600,5350.906,-1,0.0029999999997016857,BACKFILL_AUTO
2026-07-15 11:42:12,1784115732,BOOM600,5350.892,-1,0.014000000000123691,BACKFILL_AUTO
2026-07-15 11:42:13,1784115733,BOOM600,5350.892,0,0.0,BACKFILL_AUTO
2026-07-15 11:42:14,1784115734,BOOM600,5350.883,-1,0.009000000000014552,BACKFILL_AUTO
2026-07-15 11:42:15,1784115735,BOOM600,5350.878,-1,0.005000000000109139,BACKFILL_AUTO
2026-07-15 11:42:16,1784115736,BOOM600,5350.853,-1,0.024999999999636202,BACKFILL_AUTO
2026-07-15 11:42:17,1784115737,BOOM600,5350.835,-1,0.018000000000029104,BACKFILL_AUTO
2026-07-15 11:42:18,1784115738,BOOM600,5350.81,-1,0.024999999999636202,BACKFILL_AUTO
2026-07-15 11:42:19,1784115739,BOOM600,5350.801,-1,0.009000000000014552,BACKFILL_AUTO
2026-07-15 11:42:20,1784115740,BOOM600,5350.794,-1,0.007000000000516593,BACKFILL_AUTO
2026-07-15 11:42:21,1784115741,BOOM600,5350.788,-1,0.006000000000312866,BACKFILL_AUTO
2026-07-15 11:42:22,1784115742,BOOM600,5350.787,-1,0.0009999999992942321,BACKFILL_AUTO
2026-07-15 11:42:23,1784115743,BOOM600,5350.784,-1,0.0030000000006111804,BACKFILL_AUTO
2026-07-15 11:42:24,1784115744,BOOM600,5350.78,-1,0.0039999999999054126,BACKFILL_AUTO
2026-07-15 11:42:25,1784115745,BOOM600,5350.777,-1,0.0029999999997016857,BACKFILL_AUTO
2026-07-15 11:42:26,1784115746,BOOM600,5350.765,-1,0.011999999999716238,BACKFILL_AUTO
2026-07-15 11:42:27,1784115747,BOOM600,5350.761,-1,0.0039999999999054126,BACKFILL_AUTO
2026-07-15 11:42:28,1784115748,BOOM600,5350.759,-1,0.0020000000004074536,BACKFILL_AUTO
2026-07-15 11:42:29,1784115749,BOOM600,5350.746,-1,0.012999999999919964,BACKFILL_AUTO
2026-07-15 11:42:30,1784115750,BOOM600,5350.743,-1,0.0029999999997016857,BACKFILL_AUTO
2026-07-15 11:42:31,1784115751,BOOM600,5350.735,-1,0.00800000000072032,BACKFILL_AUTO
2026-07-15 11:42:32,1784115752,BOOM600,5350.733,-1,0.001999999999497959,BACKFILL_AUTO
2026-07-15 11:42:33,1784115753,BOOM600,5350.732,-1,0.0010000000002037268,BACKFILL_AUTO
2026-07-15 11:42:34,1784115754,BOOM600,5350.729,-1,0.0029999999997016857,BACKFILL_AUTO
2026-07-15 11:42:35,1784115755,BOOM600,5350.728,-1,0.0010000000002037268,BACKFILL_AUTO
2026-07-15 11:42:36,1784115756,BOOM600,5350.725,-1,0.0029999999997016857,BACKFILL_AUTO
2026-07-15 11:42:37,1784115757,BOOM600,5350.725,0,0.0,BACKFILL_AUTO
2026-07-15 11:42:38,1784115758,BOOM600,5350.707,-1,0.018000000000029104,BACKFILL_AUTO
2026-07-15 11:42:39,1784115759,BOOM600,5350.7,-1,0.007000000000516593,BACKFILL_AUTO
2026-07-15 11:42:40,1784115760,BOOM600,5350.691,-1,0.009000000000014552,BACKFILL_AUTO
2026-07-15 11:42:41,1784115761,BOOM600,5350.688,-1,0.0029999999997016857,BACKFILL_AUTO
2026-07-15 11:42:42,1784115762,BOOM600,5350.686,-1,0.0020000000004074536,BACKFILL_AUTO
2026-07-15 11:42:43,1784115763,BOOM600,5350.684,-1,0.001999999999497959,BACKFILL_AUTO
2026-07-15 11:42:44,1784115764,BOOM600,5350.679,-1,0.005000000000109139,BACKFILL_AUTO
2026-07-15 11:42:45,1784115765,BOOM600,5350.676,-1,0.0029999999997016857,BACKFILL_AUTO
2026-07-15 11:42:46,1784115766,BOOM600,5350.664,-1,0.012000000000625732,BACKFILL_AUTO
2026-07-15 11:42:47,1784115767,BOOM600,5350.648,-1,0.01599999999962165,BACKFILL_AUTO
2026-07-15 11:42:48,1784115768,BOOM600,5350.627,-1,0.02099999999973079,BACKFILL_AUTO
2026-07-15 11:42:49,1784115769,BOOM600,5350.624,-1,0.0030000000006111804,BACKFILL_AUTO
2026-07-15 11:42:50,1784115770,BOOM600,5350.614,-1,0.010000000000218279,BACKFILL_AUTO
2026-07-15 11:42:51,1784115771,BOOM600,5350.607,-1,0.006999999999607098,BACKFILL_AUTO
2026-07-15 11:42:52,1784115772,BOOM600,5350.589,-1,0.018000000000029104,BACKFILL_AUTO
2026-07-15 11:42:53,1784115773,BOOM600,5350.576,-1,0.012999999999919964,BACKFILL_AUTO
2026-07-15 11:42:54,1784115774,BOOM600,5350.569,-1,0.006999999999607098,BACKFILL_AUTO
2026-07-15 11:42:55,1784115775,BOOM600,5350.549,-1,0.020000000000436557,BACKFILL_AUTO
2026-07-15 11:42:56,1784115776,BOOM600,5350.543,-1,0.006000000000312866,BACKFILL_AUTO
2026-07-15 11:42:57,1784115777,BOOM600,5350.53,-1,0.012999999999919964,BACKFILL_AUTO
2026-07-15 11:42:58,1784115778,BOOM600,5350.522,-1,0.007999999999810825,BACKFILL_AUTO
2026-07-15 11:42:59,1784115779,BOOM600,5350.514,-1,0.007999999999810825,BACKFILL_AUTO
2026-07-15 11:43:00,1784115780,BOOM600,5350.503,-1,0.011000000000422006,BACKFILL_AUTO
2026-07-15 11:43:01,1784115781,BOOM600,5350.495,-1,0.007999999999810825,BACKFILL_AUTO
2026-07-15 11:43:02,1784115782,BOOM600,5350.49,-1,0.005000000000109139,BACKFILL_AUTO
2026-07-15 11:43:03,1784115783,BOOM600,5350.479,-1,0.01099999999951251,BACKFILL_AUTO
2026-07-15 11:43:04,1784115784,BOOM600,5350.474,-1,0.005000000000109139,BACKFILL_AUTO
2026-07-15 11:43:05,1784115785,BOOM600,5350.472,-1,0.0020000000004074536,BACKFILL_AUTO
2026-07-15 11:43:06,1784115786,BOOM600,5350.463,-1,0.009000000000014552,BACKFILL_AUTO
2026-07-15 11:43:07,1784115787,BOOM600,5350.446,-1,0.016999999999825377,BACKFILL_AUTO
2026-07-15 11:43:08,1784115788,BOOM600,5350.438,-1,0.007999999999810825,BACKFILL_AUTO
2026-07-15 11:43:09,1784115789,BOOM600,5350.42,-1,0.018000000000029104,BACKFILL_AUTO
2026-07-15 11:43:10,1784115790,BOOM600,5350.411,-1,0.009000000000014552,BACKFILL_AUTO
2026-07-15 11:43:11,1784115791,BOOM600,5350.399,-1,0.011999999999716238,BACKFILL_AUTO
2026-07-15 11:43:12,1784115792,BOOM600,5350.395,-1,0.0039999999999054126,BACKFILL_AUTO
2026-07-15 11:43:13,1784115793,BOOM600,5350.393,-1,0.0020000000004074536,BACKFILL_AUTO
2026-07-15 11:43:14,1784115794,BOOM600,5350.388,-1,0.005000000000109139,BACKFILL_AUTO
2026-07-15 11:43:15,1784115795,BOOM600,5350.382,-1,0.006000000000312866,BACKFILL_AUTO
2026-07-15 11:43:16,1784115796,BOOM600,5350.375,-1,0.006999999999607098,BACKFILL_AUTO
2026-07-15 11:43:17,1784115797,BOOM600,5350.357,-1,0.018000000000029104,BACKFILL_AUTO
2026-07-15 11:43:18,1784115798,BOOM600,5350.35,-1,0.006999999999607098,BACKFILL_AUTO
2026-07-15 11:43:19,1784115799,BOOM600,5350.346,-1,0.004000000000814907,BACKFILL_AUTO
2026-07-15 11:43:20,1784115800,BOOM600,5350.329,-1,0.016999999999825377,BACKFILL_AUTO
2026-07-15 11:43:21,1784115801,BOOM600,5350.326,-1,0.0029999999997016857,BACKFILL_AUTO
2026-07-15 11:43:22,1784115802,BOOM600,5350.31,-1,0.01599999999962165,BACKFILL_AUTO
2026-07-15 11:43:23,1784115803,BOOM600,5350.302,-1,0.00800000000072032,BACKFILL_AUTO
2026-07-15 11:43:24,1784115804,BOOM600,5350.301,-1,0.0009999999992942321,BACKFILL_AUTO
