timestamp,unix_time,instrument,price,direction,tick_size,session_id
2026-04-15 12:19:36,1776255576,BOOM600,5904.262,0,,BACKFILL_AUTO
2026-04-15 12:19:37,1776255577,BOOM600,5904.256,-1,0.0059999999994033715,BACKFILL_AUTO
2026-04-15 12:19:38,1776255578,BOOM600,5904.242,-1,0.014000000000123691,BACKFILL_AUTO
2026-04-15 12:19:39,1776255579,BOOM600,5904.232,-1,0.010000000000218279,BACKFILL_AUTO
2026-04-15 12:19:40,1776255580,BOOM600,5904.229,-1,0.0029999999997016857,BACKFILL_AUTO
2026-04-15 12:19:41,1776255581,BOOM600,5904.216,-1,0.012999999999919964,BACKFILL_AUTO
2026-04-15 12:19:42,1776255582,BOOM600,5904.215,-1,0.0010000000002037268,BACKFILL_AUTO
2026-04-15 12:19:43,1776255583,BOOM600,5904.209,-1,0.006000000000312866,BACKFILL_AUTO
2026-04-15 12:19:44,1776255584,BOOM600,5904.192,-1,0.016999999999825377,BACKFILL_AUTO
2026-04-15 12:19:45,1776255585,BOOM600,5904.188,-1,0.0039999999999054126,BACKFILL_AUTO
2026-04-15 12:19:46,1776255586,BOOM600,5904.187,-1,0.0010000000002037268,BACKFILL_AUTO
2026-04-15 12:19:47,1776255587,BOOM600,5904.182,-1,0.005000000000109139,BACKFILL_AUTO
2026-04-15 12:19:48,1776255588,BOOM600,5904.176,-1,0.0059999999994033715,BACKFILL_AUTO
2026-04-15 12:19:49,1776255589,BOOM600,5904.166,-1,0.010000000000218279,BACKFILL_AUTO
2026-04-15 12:19:50,1776255590,BOOM600,5904.162,-1,0.0039999999999054126,BACKFILL_AUTO
2026-04-15 12:19:51,1776255591,BOOM600,5904.157,-1,0.005000000000109139,BACKFILL_AUTO
2026-04-15 12:19:52,1776255592,BOOM600,5904.143,-1,0.014000000000123691,BACKFILL_AUTO
2026-04-15 12:19:53,1776255593,BOOM600,5904.13,-1,0.012999999999919964,BACKFILL_AUTO
2026-04-15 12:19:54,1776255594,BOOM600,5904.115,-1,0.015000000000327418,BACKFILL_AUTO
2026-04-15 12:19:55,1776255595,BOOM600,5904.111,-1,0.0039999999999054126,BACKFILL_AUTO
2026-04-15 12:19:56,1776255596,BOOM600,5904.101,-1,0.010000000000218279,BACKFILL_AUTO
2026-04-15 12:19:57,1776255597,BOOM600,5904.096,-1,0.005000000000109139,BACKFILL_AUTO
2026-04-15 12:19:58,1776255598,BOOM600,5904.087,-1,0.008999999999105057,BACKFILL_AUTO
2026-04-15 12:19:59,1776255599,BOOM600,5904.087,0,0.0,BACKFILL_AUTO
2026-04-15 12:20:00,1776255600,BOOM600,5904.061,-1,0.026000000000749424,BACKFILL_AUTO
2026-04-15 12:20:01,1776255601,BOOM600,5904.054,-1,0.006999999999607098,BACKFILL_AUTO
2026-04-15 12:20:02,1776255602,BOOM600,5904.048,-1,0.006000000000312866,BACKFILL_AUTO
2026-04-15 12:20:03,1776255603,BOOM600,5904.047,-1,0.0010000000002037268,BACKFILL_AUTO
2026-04-15 12:20:04,1776255604,BOOM600,5904.033,-1,0.013999999999214197,BACKFILL_AUTO
2026-04-15 12:20:05,1776255605,BOOM600,5904.028,-1,0.005000000000109139,BACKFILL_AUTO
2026-04-15 12:20:06,1776255606,BOOM600,5903.986,-1,0.042000000000371074,BACKFILL_AUTO
2026-04-15 12:20:07,1776255607,BOOM600,5903.978,-1,0.007999999999810825,BACKFILL_AUTO
2026-04-15 12:20:08,1776255608,BOOM600,5903.97,-1,0.007999999999810825,BACKFILL_AUTO
2026-04-15 12:20:09,1776255609,BOOM600,5903.956,-1,0.014000000000123691,BACKFILL_AUTO
2026-04-15 12:20:10,1776255610,BOOM600,5903.954,-1,0.0020000000004074536,BACKFILL_AUTO
2026-04-15 12:20:11,1776255611,BOOM600,5903.946,-1,0.007999999999810825,BACKFILL_AUTO
2026-04-15 12:20:12,1776255612,BOOM600,5903.945,-1,0.0010000000002037268,BACKFILL_AUTO
2026-04-15 12:20:13,1776255613,BOOM600,5903.929,-1,0.01599999999962165,BACKFILL_AUTO
2026-04-15 12:20:14,1776255614,BOOM600,5903.914,-1,0.015000000000327418,BACKFILL_AUTO
2026-04-15 12:20:15,1776255615,BOOM600,5903.907,-1,0.006999999999607098,BACKFILL_AUTO
2026-04-15 12:20:16,1776255616,BOOM600,5903.891,-1,0.016000000000531145,BACKFILL_AUTO
2026-04-15 12:20:17,1776255617,BOOM600,5903.885,-1,0.0059999999994033715,BACKFILL_AUTO
2026-04-15 12:20:18,1776255618,BOOM600,5903.874,-1,0.011000000000422006,BACKFILL_AUTO
2026-04-15 12:20:19,1776255619,BOOM600,5903.874,0,0.0,BACKFILL_AUTO
2026-04-15 12:20:20,1776255620,BOOM600,5903.858,-1,0.01599999999962165,BACKFILL_AUTO
2026-04-15 12:20:21,1776255621,BOOM600,5903.843,-1,0.015000000000327418,BACKFILL_AUTO
2026-04-15 12:20:22,1776255622,BOOM600,5903.833,-1,0.010000000000218279,BACKFILL_AUTO
2026-04-15 12:20:23,1776255623,BOOM600,5903.83,-1,0.0029999999997016857,BACKFILL_AUTO
2026-04-15 12:20:24,1776255624,BOOM600,5903.823,-1,0.006999999999607098,BACKFILL_AUTO
2026-04-15 12:20:25,1776255625,BOOM600,5903.805,-1,0.018000000000029104,BACKFILL_AUTO
2026-04-15 12:20:26,1776255626,BOOM600,5903.805,0,0.0,BACKFILL_AUTO
2026-04-15 12:20:27,1776255627,BOOM600,5903.804,-1,0.0010000000002037268,BACKFILL_AUTO
2026-04-15 12:20:28,1776255628,BOOM600,5903.795,-1,0.009000000000014552,BACKFILL_AUTO
2026-04-15 12:20:29,1776255629,BOOM600,5903.788,-1,0.007000000000516593,BACKFILL_AUTO
2026-04-15 12:20:30,1776255630,BOOM600,5903.778,-1,0.009999999999308784,BACKFILL_AUTO
2026-04-15 12:20:31,1776255631,BOOM600,5903.77,-1,0.007999999999810825,BACKFILL_AUTO
2026-04-15 12:20:32,1776255632,BOOM600,5903.748,-1,0.02200000000084401,BACKFILL_AUTO
2026-04-15 12:20:33,1776255633,BOOM600,5903.744,-1,0.0039999999999054126,BACKFILL_AUTO
2026-04-15 12:20:34,1776255634,BOOM600,5903.736,-1,0.007999999999810825,BACKFILL_AUTO
2026-04-15 12:20:35,1776255635,BOOM600,5903.732,-1,0.0039999999999054126,BACKFILL_AUTO
2026-04-15 12:20:36,1776255636,BOOM600,5903.724,-1,0.007999999999810825,BACKFILL_AUTO
2026-04-15 12:20:37,1776255637,BOOM600,5903.716,-1,0.007999999999810825,BACKFILL_AUTO
2026-04-15 12:20:38,1776255638,BOOM600,5903.702,-1,0.014000000000123691,BACKFILL_AUTO
2026-04-15 12:20:39,1776255639,BOOM600,5903.697,-1,0.005000000000109139,BACKFILL_AUTO
2026-04-15 12:20:40,1776255640,BOOM600,5903.688,-1,0.009000000000014552,BACKFILL_AUTO
2026-04-15 12:20:41,1776255641,BOOM600,5903.675,-1,0.012999999999919964,BACKFILL_AUTO
2026-04-15 12:20:42,1776255642,BOOM600,5903.658,-1,0.016999999999825377,BACKFILL_AUTO
2026-04-15 12:20:43,1776255643,BOOM600,5903.645,-1,0.012999999999919964,BACKFILL_AUTO
2026-04-15 12:20:44,1776255644,BOOM600,5903.644,-1,0.0010000000002037268,BACKFILL_AUTO
2026-04-15 12:20:45,1776255645,BOOM600,5903.641,-1,0.0030000000006111804,BACKFILL_AUTO
2026-04-15 12:20:46,1776255646,BOOM600,5903.638,-1,0.0029999999997016857,BACKFILL_AUTO
2026-04-15 12:20:47,1776255647,BOOM600,5903.632,-1,0.006000000000312866,BACKFILL_AUTO
2026-04-15 12:20:48,1776255648,BOOM600,5903.615,-1,0.016999999999825377,BACKFILL_AUTO
2026-04-15 12:20:49,1776255649,BOOM600,5903.601,-1,0.014000000000123691,BACKFILL_AUTO
2026-04-15 12:20:50,1776255650,BOOM600,5903.583,-1,0.018000000000029104,BACKFILL_AUTO
2026-04-15 12:20:51,1776255651,BOOM600,5903.582,-1,0.0009999999992942321,BACKFILL_AUTO
2026-04-15 12:20:52,1776255652,BOOM600,5903.579,-1,0.0030000000006111804,BACKFILL_AUTO
2026-04-15 12:20:53,1776255653,BOOM600,5903.574,-1,0.005000000000109139,BACKFILL_AUTO
2026-04-15 12:20:54,1776255654,BOOM600,5903.556,-1,0.018000000000029104,BACKFILL_AUTO
2026-04-15 12:20:55,1776255655,BOOM600,5903.542,-1,0.013999999999214197,BACKFILL_AUTO
2026-04-15 12:20:56,1776255656,BOOM600,5903.536,-1,0.006000000000312866,BACKFILL_AUTO
2026-04-15 12:20:57,1776255657,BOOM600,5903.53,-1,0.006000000000312866,BACKFILL_AUTO
2026-04-15 12:20:58,1776255658,BOOM600,5903.511,-1,0.018999999999323336,BACKFILL_AUTO
2026-04-15 12:20:59,1776255659,BOOM600,5903.494,-1,0.01700000000073487,BACKFILL_AUTO
2026-04-15 12:21:00,1776255660,BOOM600,5903.491,-1,0.0029999999997016857,BACKFILL_AUTO
2026-04-15 12:21:01,1776255661,BOOM600,5903.488,-1,0.0029999999997016857,BACKFILL_AUTO
2026-04-15 12:21:02,1776255662,BOOM600,5903.474,-1,0.014000000000123691,BACKFILL_AUTO
2026-04-15 12:21:03,1776255663,BOOM600,5903.468,-1,0.006000000000312866,BACKFILL_AUTO
2026-04-15 12:21:04,1776255664,BOOM600,5903.45,-1,0.018000000000029104,BACKFILL_AUTO
2026-04-15 12:21:05,1776255665,BOOM600,5903.445,-1,0.005000000000109139,BACKFILL_AUTO
2026-04-15 12:21:06,1776255666,BOOM600,5903.445,0,0.0,BACKFILL_AUTO
2026-04-15 12:21:07,1776255667,BOOM600,5903.428,-1,0.016999999999825377,BACKFILL_AUTO
2026-04-15 12:21:08,1776255668,BOOM600,5903.406,-1,0.021999999999934516,BACKFILL_AUTO
2026-04-15 12:21:09,1776255669,BOOM600,5903.402,-1,0.0039999999999054126,BACKFILL_AUTO
2026-04-15 12:21:10,1776255670,BOOM600,5903.4,-1,0.0020000000004074536,BACKFILL_AUTO
2026-04-15 12:21:11,1776255671,BOOM600,5903.393,-1,0.006999999999607098,BACKFILL_AUTO
2026-04-15 12:21:12,1776255672,BOOM600,5903.382,-1,0.011000000000422006,BACKFILL_AUTO
2026-04-15 12:21:13,1776255673,BOOM600,5903.377,-1,0.004999999999199645,BACKFILL_AUTO
2026-04-15 12:21:14,1776255674,BOOM600,5903.376,-1,0.0010000000002037268,BACKFILL_AUTO
2026-04-15 12:21:15,1776255675,BOOM600,5903.37,-1,0.006000000000312866,BACKFILL_AUTO
2026-04-15 12:21:16,1776255676,BOOM600,5903.37,0,0.0,BACKFILL_AUTO
2026-04-15 12:21:17,1776255677,BOOM600,5903.353,-1,0.016999999999825377,BACKFILL_AUTO
2026-04-15 12:21:18,1776255678,BOOM600,5903.347,-1,0.006000000000312866,BACKFILL_AUTO
2026-04-15 12:21:19,1776255679,BOOM600,5903.338,-1,0.009000000000014552,BACKFILL_AUTO
2026-04-15 12:21:20,1776255680,BOOM600,5903.325,-1,0.012999999999919964,BACKFILL_AUTO
2026-04-15 12:21:21,1776255681,BOOM600,5903.32,-1,0.005000000000109139,BACKFILL_AUTO
2026-04-15 12:21:22,1776255682,BOOM600,5903.296,-1,0.023999999999432475,BACKFILL_AUTO
2026-04-15 12:21:23,1776255683,BOOM600,5903.287,-1,0.009000000000014552,BACKFILL_AUTO
2026-04-15 12:21:24,1776255684,BOOM600,5903.286,-1,0.0010000000002037268,BACKFILL_AUTO
2026-04-15 12:21:25,1776255685,BOOM600,5903.278,-1,0.007999999999810825,BACKFILL_AUTO
2026-04-15 12:21:26,1776255686,BOOM600,5903.252,-1,0.02599999999983993,BACKFILL_AUTO
2026-04-15 12:21:27,1776255687,BOOM600,5903.244,-1,0.00800000000072032,BACKFILL_AUTO
2026-04-15 12:21:28,1776255688,BOOM600,5903.237,-1,0.006999999999607098,BACKFILL_AUTO
2026-04-15 12:21:29,1776255689,BOOM600,5903.232,-1,0.005000000000109139,BACKFILL_AUTO
2026-04-15 12:21:30,1776255690,BOOM600,5903.23,-1,0.0020000000004074536,BACKFILL_AUTO
2026-04-15 12:21:31,1776255691,BOOM600,5903.221,-1,0.009000000000014552,BACKFILL_AUTO
2026-04-15 12:21:32,1776255692,BOOM600,5903.202,-1,0.018999999999323336,BACKFILL_AUTO
2026-04-15 12:21:33,1776255693,BOOM600,5903.187,-1,0.015000000000327418,BACKFILL_AUTO
2026-04-15 12:21:34,1776255694,BOOM600,5903.17,-1,0.016999999999825377,BACKFILL_AUTO
2026-04-15 12:21:35,1776255695,BOOM600,5903.157,-1,0.012999999999919964,BACKFILL_AUTO
2026-04-15 12:21:36,1776255696,BOOM600,5903.151,-1,0.006000000000312866,BACKFILL_AUTO
2026-04-15 12:21:37,1776255697,BOOM600,5903.143,-1,0.007999999999810825,BACKFILL_AUTO
2026-04-15 12:21:38,1776255698,BOOM600,5903.14,-1,0.0029999999997016857,BACKFILL_AUTO
2026-04-15 12:21:39,1776255699,BOOM600,5903.136,-1,0.0039999999999054126,BACKFILL_AUTO
2026-04-15 12:21:40,1776255700,BOOM600,5903.129,-1,0.007000000000516593,BACKFILL_AUTO
2026-04-15 12:21:41,1776255701,BOOM600,5903.124,-1,0.005000000000109139,BACKFILL_AUTO
2026-04-15 12:21:42,1776255702,BOOM600,5903.124,0,0.0,BACKFILL_AUTO
2026-04-15 12:21:43,1776255703,BOOM600,5903.116,-1,0.007999999999810825,BACKFILL_AUTO
2026-04-15 12:21:44,1776255704,BOOM600,5903.101,-1,0.015000000000327418,BACKFILL_AUTO
2026-04-15 12:21:45,1776255705,BOOM600,5903.096,-1,0.005000000000109139,BACKFILL_AUTO
2026-04-15 12:21:46,1776255706,BOOM600,5903.089,-1,0.006999999999607098,BACKFILL_AUTO
2026-04-15 12:21:47,1776255707,BOOM600,5903.069,-1,0.019999999999527063,BACKFILL_AUTO
2026-04-15 12:21:48,1776255708,BOOM600,5903.063,-1,0.006000000000312866,BACKFILL_AUTO
2026-04-15 12:21:49,1776255709,BOOM600,5903.061,-1,0.0020000000004074536,BACKFILL_AUTO
2026-04-15 12:21:50,1776255710,BOOM600,5903.046,-1,0.014999999999417923,BACKFILL_AUTO
2026-04-15 12:21:51,1776255711,BOOM600,5903.031,-1,0.015000000000327418,BACKFILL_AUTO
2026-04-15 12:21:52,1776255712,BOOM600,5903.031,0,0.0,BACKFILL_AUTO
2026-04-15 12:21:53,1776255713,BOOM600,5903.031,0,0.0,BACKFILL_AUTO
2026-04-15 12:21:54,1776255714,BOOM600,5903.012,-1,0.01900000000023283,BACKFILL_AUTO
2026-04-15 12:21:55,1776255715,BOOM600,5902.999,-1,0.012999999999919964,BACKFILL_AUTO
2026-04-15 12:21:56,1776255716,BOOM600,5902.989,-1,0.010000000000218279,BACKFILL_AUTO
2026-04-15 12:21:57,1776255717,BOOM600,5902.988,-1,0.0009999999992942321,BACKFILL_AUTO
2026-04-15 12:21:58,1776255718,BOOM600,5902.983,-1,0.005000000000109139,BACKFILL_AUTO
2026-04-15 12:21:59,1776255719,BOOM600,5902.98,-1,0.0030000000006111804,BACKFILL_AUTO
2026-04-15 12:22:00,1776255720,BOOM600,5902.969,-1,0.01099999999951251,BACKFILL_AUTO
2026-04-15 12:22:01,1776255721,BOOM600,5902.964,-1,0.005000000000109139,BACKFILL_AUTO
2026-04-15 12:22:02,1776255722,BOOM600,5902.941,-1,0.023000000000138243,BACKFILL_AUTO
2026-04-15 12:22:03,1776255723,BOOM600,5902.937,-1,0.0039999999999054126,BACKFILL_AUTO
2026-04-15 12:22:04,1776255724,BOOM600,5902.931,-1,0.006000000000312866,BACKFILL_AUTO
2026-04-15 12:22:05,1776255725,BOOM600,5902.921,-1,0.009999999999308784,BACKFILL_AUTO
2026-04-15 12:22:06,1776255726,BOOM600,5902.915,-1,0.006000000000312866,BACKFILL_AUTO
2026-04-15 12:22:07,1776255727,BOOM600,5902.91,-1,0.005000000000109139,BACKFILL_AUTO
2026-04-15 12:22:08,1776255728,BOOM600,5902.906,-1,0.0039999999999054126,BACKFILL_AUTO
2026-04-15 12:22:09,1776255729,BOOM600,5902.902,-1,0.0039999999999054126,BACKFILL_AUTO
2026-04-15 12:22:10,1776255730,BOOM600,5902.891,-1,0.011000000000422006,BACKFILL_AUTO
2026-04-15 12:22:11,1776255731,BOOM600,5902.889,-1,0.001999999999497959,BACKFILL_AUTO
2026-04-15 12:22:12,1776255732,BOOM600,5902.871,-1,0.018000000000029104,BACKFILL_AUTO
2026-04-15 12:22:13,1776255733,BOOM600,5902.863,-1,0.007999999999810825,BACKFILL_AUTO
2026-04-15 12:22:14,1776255734,BOOM600,5902.843,-1,0.020000000000436557,BACKFILL_AUTO
2026-04-15 12:22:15,1776255735,BOOM600,5902.839,-1,0.0039999999999054126,BACKFILL_AUTO
2026-04-15 12:22:16,1776255736,BOOM600,5902.83,-1,0.009000000000014552,BACKFILL_AUTO
2026-04-15 12:22:17,1776255737,BOOM600,5902.824,-1,0.006000000000312866,BACKFILL_AUTO
2026-04-15 12:22:18,1776255738,BOOM600,5902.819,-1,0.004999999999199645,BACKFILL_AUTO
2026-04-15 12:22:19,1776255739,BOOM600,5902.808,-1,0.011000000000422006,BACKFILL_AUTO
2026-04-15 12:22:20,1776255740,BOOM600,5902.803,-1,0.005000000000109139,BACKFILL_AUTO
2026-04-15 12:22:21,1776255741,BOOM600,5902.802,-1,0.0010000000002037268,BACKFILL_AUTO
2026-04-15 12:22:22,1776255742,BOOM600,5902.796,-1,0.0059999999994033715,BACKFILL_AUTO
2026-04-15 12:22:23,1776255743,BOOM600,5902.786,-1,0.010000000000218279,BACKFILL_AUTO
2026-04-15 12:22:24,1776255744,BOOM600,5902.771,-1,0.015000000000327418,BACKFILL_AUTO
2026-04-15 12:22:25,1776255745,BOOM600,5902.766,-1,0.005000000000109139,BACKFILL_AUTO
2026-04-15 12:22:26,1776255746,BOOM600,5902.746,-1,0.019999999999527063,BACKFILL_AUTO
2026-04-15 12:22:27,1776255747,BOOM600,5902.727,-1,0.01900000000023283,BACKFILL_AUTO
2026-04-15 12:22:28,1776255748,BOOM600,5902.712,-1,0.014999999999417923,BACKFILL_AUTO
2026-04-15 12:22:29,1776255749,BOOM600,5902.701,-1,0.011000000000422006,BACKFILL_AUTO
2026-04-15 12:22:30,1776255750,BOOM600,5902.692,-1,0.009000000000014552,BACKFILL_AUTO
2026-04-15 12:22:31,1776255751,BOOM600,5902.691,-1,0.0010000000002037268,BACKFILL_AUTO
2026-04-15 12:22:32,1776255752,BOOM600,5902.67,-1,0.02099999999973079,BACKFILL_AUTO
2026-04-15 12:22:33,1776255753,BOOM600,5902.648,-1,0.021999999999934516,BACKFILL_AUTO
2026-04-15 12:22:34,1776255754,BOOM600,5902.62,-1,0.028000000000247383,BACKFILL_AUTO
2026-04-15 12:22:35,1776255755,BOOM600,5902.603,-1,0.016999999999825377,BACKFILL_AUTO
2026-04-15 12:22:36,1776255756,BOOM600,5902.587,-1,0.01599999999962165,BACKFILL_AUTO
2026-04-15 12:22:37,1776255757,BOOM600,5902.585,-1,0.0020000000004074536,BACKFILL_AUTO
2026-04-15 12:22:38,1776255758,BOOM600,5902.581,-1,0.0039999999999054126,BACKFILL_AUTO
2026-04-15 12:22:39,1776255759,BOOM600,5902.569,-1,0.011999999999716238,BACKFILL_AUTO
2026-04-15 12:22:40,1776255760,BOOM600,5902.567,-1,0.0020000000004074536,BACKFILL_AUTO
2026-04-15 12:22:41,1776255761,BOOM600,5902.562,-1,0.005000000000109139,BACKFILL_AUTO
2026-04-15 12:22:42,1776255762,BOOM600,5902.542,-1,0.019999999999527063,BACKFILL_AUTO
2026-04-15 12:22:43,1776255763,BOOM600,5902.533,-1,0.009000000000014552,BACKFILL_AUTO
2026-04-15 12:22:44,1776255764,BOOM600,5902.515,-1,0.018000000000029104,BACKFILL_AUTO
2026-04-15 12:22:45,1776255765,BOOM600,5902.512,-1,0.0030000000006111804,BACKFILL_AUTO
2026-04-15 12:22:46,1776255766,BOOM600,5902.494,-1,0.018000000000029104,BACKFILL_AUTO
2026-04-15 12:22:47,1776255767,BOOM600,5902.488,-1,0.0059999999994033715,BACKFILL_AUTO
2026-04-15 12:22:48,1776255768,BOOM600,5902.476,-1,0.012000000000625732,BACKFILL_AUTO
2026-04-15 12:22:49,1776255769,BOOM600,5902.461,-1,0.014999999999417923,BACKFILL_AUTO
2026-04-15 12:22:50,1776255770,BOOM600,5902.457,-1,0.0039999999999054126,BACKFILL_AUTO
2026-04-15 12:22:51,1776255771,BOOM600,5902.457,0,0.0,BACKFILL_AUTO
2026-04-15 12:22:52,1776255772,BOOM600,5902.444,-1,0.012999999999919964,BACKFILL_AUTO
2026-04-15 12:22:53,1776255773,BOOM600,5902.422,-1,0.02200000000084401,BACKFILL_AUTO
2026-04-15 12:22:54,1776255774,BOOM600,5902.396,-1,0.02599999999983993,BACKFILL_AUTO
2026-04-15 12:22:55,1776255775,BOOM600,5902.369,-1,0.027000000000043656,BACKFILL_AUTO
2026-04-15 12:22:56,1776255776,BOOM600,5902.359,-1,0.009999999999308784,BACKFILL_AUTO
2026-04-15 12:22:57,1776255777,BOOM600,5902.341,-1,0.018000000000029104,BACKFILL_AUTO
2026-04-15 12:22:58,1776255778,BOOM600,5902.325,-1,0.016000000000531145,BACKFILL_AUTO
2026-04-15 12:22:59,1776255779,BOOM600,5902.322,-1,0.0029999999997016857,BACKFILL_AUTO
2026-04-15 12:23:00,1776255780,BOOM600,5902.303,-1,0.01900000000023283,BACKFILL_AUTO
2026-04-15 12:23:01,1776255781,BOOM600,5902.299,-1,0.0039999999999054126,BACKFILL_AUTO
2026-04-15 12:23:02,1776255782,BOOM600,5902.28,-1,0.01900000000023283,BACKFILL_AUTO
2026-04-15 12:23:03,1776255783,BOOM600,5902.269,-1,0.01099999999951251,BACKFILL_AUTO
2026-04-15 12:23:04,1776255784,BOOM600,5902.251,-1,0.018000000000029104,BACKFILL_AUTO
2026-04-15 12:23:05,1776255785,BOOM600,5902.246,-1,0.005000000000109139,BACKFILL_AUTO
2026-04-15 12:23:06,1776255786,BOOM600,5902.23,-1,0.016000000000531145,BACKFILL_AUTO
2026-04-15 12:23:07,1776255787,BOOM600,5902.219,-1,0.01099999999951251,BACKFILL_AUTO
2026-04-15 12:23:08,1776255788,BOOM600,5902.207,-1,0.011999999999716238,BACKFILL_AUTO
2026-04-15 12:23:09,1776255789,BOOM600,5902.191,-1,0.016000000000531145,BACKFILL_AUTO
2026-04-15 12:23:10,1776255790,BOOM600,5902.189,-1,0.001999999999497959,BACKFILL_AUTO
2026-04-15 12:23:11,1776255791,BOOM600,5902.181,-1,0.00800000000072032,BACKFILL_AUTO
2026-04-15 12:23:12,1776255792,BOOM600,5902.176,-1,0.004999999999199645,BACKFILL_AUTO
2026-04-15 12:23:13,1776255793,BOOM600,5902.157,-1,0.01900000000023283,BACKFILL_AUTO
2026-04-15 12:23:14,1776255794,BOOM600,5902.138,-1,0.01900000000023283,BACKFILL_AUTO
2026-04-15 12:23:15,1776255795,BOOM600,5902.138,0,0.0,BACKFILL_AUTO
2026-04-15 12:23:16,1776255796,BOOM600,5902.126,-1,0.011999999999716238,BACKFILL_AUTO
2026-04-15 12:23:17,1776255797,BOOM600,5902.123,-1,0.0030000000006111804,BACKFILL_AUTO
2026-04-15 12:23:18,1776255798,BOOM600,5902.111,-1,0.011999999999716238,BACKFILL_AUTO
2026-04-15 12:23:19,1776255799,BOOM600,5902.1,-1,0.01099999999951251,BACKFILL_AUTO
2026-04-15 12:23:20,1776255800,BOOM600,5902.093,-1,0.007000000000516593,BACKFILL_AUTO
2026-04-15 12:23:21,1776255801,BOOM600,5902.088,-1,0.005000000000109139,BACKFILL_AUTO
2026-04-15 12:23:22,1776255802,BOOM600,5902.083,-1,0.005000000000109139,BACKFILL_AUTO
2026-04-15 12:23:23,1776255803,BOOM600,5902.075,-1,0.007999999999810825,BACKFILL_AUTO
2026-04-15 12:23:24,1776255804,BOOM600,5902.051,-1,0.023999999999432475,BACKFILL_AUTO
2026-04-15 12:23:25,1776255805,BOOM600,5902.05,-1,0.0010000000002037268,BACKFILL_AUTO
2026-04-15 12:23:26,1776255806,BOOM600,5902.047,-1,0.0030000000006111804,BACKFILL_AUTO
2026-04-15 12:23:27,1776255807,BOOM600,5902.03,-1,0.016999999999825377,BACKFILL_AUTO
2026-04-15 12:23:28,1776255808,BOOM600,5901.999,-1,0.03099999999994907,BACKFILL_AUTO
2026-04-15 12:23:29,1776255809,BOOM600,5901.99,-1,0.009000000000014552,BACKFILL_AUTO
2026-04-15 12:23:30,1776255810,BOOM600,5901.979,-1,0.01099999999951251,BACKFILL_AUTO
2026-04-15 12:23:31,1776255811,BOOM600,5901.965,-1,0.014000000000123691,BACKFILL_AUTO
2026-04-15 12:23:32,1776255812,BOOM600,5901.947,-1,0.018000000000029104,BACKFILL_AUTO
2026-04-15 12:23:33,1776255813,BOOM600,5901.938,-1,0.009000000000014552,BACKFILL_AUTO
2026-04-15 12:23:34,1776255814,BOOM600,5901.937,-1,0.0010000000002037268,BACKFILL_AUTO
2026-04-15 12:23:35,1776255815,BOOM600,5901.936,-1,0.0010000000002037268,BACKFILL_AUTO
2026-04-15 12:23:36,1776255816,BOOM600,5901.908,-1,0.027999999999337888,BACKFILL_AUTO
2026-04-15 12:23:37,1776255817,BOOM600,5901.904,-1,0.0039999999999054126,BACKFILL_AUTO
2026-04-15 12:23:38,1776255818,BOOM600,5901.885,-1,0.01900000000023283,BACKFILL_AUTO
2026-04-15 12:23:39,1776255819,BOOM600,5901.88,-1,0.005000000000109139,BACKFILL_AUTO
2026-04-15 12:23:40,1776255820,BOOM600,5901.871,-1,0.009000000000014552,BACKFILL_AUTO
2026-04-15 12:23:41,1776255821,BOOM600,5901.866,-1,0.005000000000109139,BACKFILL_AUTO
2026-04-15 12:23:42,1776255822,BOOM600,5901.855,-1,0.011000000000422006,BACKFILL_AUTO
2026-04-15 12:23:43,1776255823,BOOM600,5901.837,-1,0.01799999999911961,BACKFILL_AUTO
2026-04-15 12:23:44,1776255824,BOOM600,5901.827,-1,0.010000000000218279,BACKFILL_AUTO
2026-04-15 12:23:45,1776255825,BOOM600,5901.822,-1,0.005000000000109139,BACKFILL_AUTO
2026-04-15 12:23:46,1776255826,BOOM600,5901.812,-1,0.010000000000218279,BACKFILL_AUTO
2026-04-15 12:23:47,1776255827,BOOM600,5901.796,-1,0.01599999999962165,BACKFILL_AUTO
2026-04-15 12:23:48,1776255828,BOOM600,5901.781,-1,0.015000000000327418,BACKFILL_AUTO
2026-04-15 12:23:49,1776255829,BOOM600,5901.774,-1,0.006999999999607098,BACKFILL_AUTO
2026-04-15 12:23:50,1776255830,BOOM600,5901.764,-1,0.010000000000218279,BACKFILL_AUTO
2026-04-15 12:23:51,1776255831,BOOM600,5901.761,-1,0.0029999999997016857,BACKFILL_AUTO
2026-04-15 12:23:52,1776255832,BOOM600,5901.761,0,0.0,BACKFILL_AUTO
2026-04-15 12:23:53,1776255833,BOOM600,5901.734,-1,0.027000000000043656,BACKFILL_AUTO
2026-04-15 12:23:54,1776255834,BOOM600,5901.728,-1,0.006000000000312866,BACKFILL_AUTO
2026-04-15 12:23:55,1776255835,BOOM600,5901.721,-1,0.007000000000516593,BACKFILL_AUTO
2026-04-15 12:23:56,1776255836,BOOM600,5901.706,-1,0.014999999999417923,BACKFILL_AUTO
2026-04-15 12:23:57,1776255837,BOOM600,5901.693,-1,0.012999999999919964,BACKFILL_AUTO
2026-04-15 12:23:58,1776255838,BOOM600,5901.679,-1,0.014000000000123691,BACKFILL_AUTO
2026-04-15 12:23:59,1776255839,BOOM600,5901.667,-1,0.011999999999716238,BACKFILL_AUTO
2026-04-15 12:24:00,1776255840,BOOM600,5901.66,-1,0.007000000000516593,BACKFILL_AUTO
2026-04-15 12:24:01,1776255841,BOOM600,5901.653,-1,0.006999999999607098,BACKFILL_AUTO
2026-04-15 12:24:02,1776255842,BOOM600,5901.637,-1,0.016000000000531145,BACKFILL_AUTO
2026-04-15 12:24:03,1776255843,BOOM600,5901.621,-1,0.01599999999962165,BACKFILL_AUTO
2026-04-15 12:24:04,1776255844,BOOM600,5901.617,-1,0.0039999999999054126,BACKFILL_AUTO
2026-04-15 12:24:05,1776255845,BOOM600,5901.61,-1,0.007000000000516593,BACKFILL_AUTO
2026-04-15 12:24:06,1776255846,BOOM600,5901.602,-1,0.007999999999810825,BACKFILL_AUTO
2026-04-15 12:24:07,1776255847,BOOM600,5901.583,-1,0.01900000000023283,BACKFILL_AUTO
2026-04-15 12:24:08,1776255848,BOOM600,5901.557,-1,0.02599999999983993,BACKFILL_AUTO
2026-04-15 12:24:09,1776255849,BOOM600,5901.551,-1,0.0059999999994033715,BACKFILL_AUTO
2026-04-15 12:24:10,1776255850,BOOM600,5901.548,-1,0.0030000000006111804,BACKFILL_AUTO
2026-04-15 12:24:11,1776255851,BOOM600,5901.538,-1,0.010000000000218279,BACKFILL_AUTO
2026-04-15 12:24:12,1776255852,BOOM600,5901.529,-1,0.008999999999105057,BACKFILL_AUTO
2026-04-15 12:24:13,1776255853,BOOM600,5901.514,-1,0.015000000000327418,BACKFILL_AUTO
2026-04-15 12:24:14,1776255854,BOOM600,5901.5,-1,0.014000000000123691,BACKFILL_AUTO
2026-04-15 12:24:15,1776255855,BOOM600,5901.493,-1,0.006999999999607098,BACKFILL_AUTO
2026-04-15 12:24:16,1776255856,BOOM600,5901.474,-1,0.01900000000023283,BACKFILL_AUTO
2026-04-15 12:24:17,1776255857,BOOM600,5901.466,-1,0.007999999999810825,BACKFILL_AUTO
2026-04-15 12:24:18,1776255858,BOOM600,5901.46,-1,0.006000000000312866,BACKFILL_AUTO
2026-04-15 12:24:19,1776255859,BOOM600,5901.448,-1,0.011999999999716238,BACKFILL_AUTO
2026-04-15 12:24:20,1776255860,BOOM600,5901.431,-1,0.01700000000073487,BACKFILL_AUTO
2026-04-15 12:24:21,1776255861,BOOM600,5901.419,-1,0.011999999999716238,BACKFILL_AUTO
2026-04-15 12:24:22,1776255862,BOOM600,5901.417,-1,0.001999999999497959,BACKFILL_AUTO
2026-04-15 12:24:23,1776255863,BOOM600,5901.406,-1,0.011000000000422006,BACKFILL_AUTO
2026-04-15 12:24:24,1776255864,BOOM600,5901.404,-1,0.001999999999497959,BACKFILL_AUTO
2026-04-15 12:24:25,1776255865,BOOM600,5901.401,-1,0.0030000000006111804,BACKFILL_AUTO
2026-04-15 12:24:26,1776255866,BOOM600,5901.397,-1,0.0039999999999054126,BACKFILL_AUTO
2026-04-15 12:24:27,1776255867,BOOM600,5901.392,-1,0.005000000000109139,BACKFILL_AUTO
2026-04-15 12:24:28,1776255868,BOOM600,5901.374,-1,0.018000000000029104,BACKFILL_AUTO
2026-04-15 12:24:29,1776255869,BOOM600,5901.366,-1,0.007999999999810825,BACKFILL_AUTO
2026-04-15 12:24:30,1776255870,BOOM600,5901.364,-1,0.0020000000004074536,BACKFILL_AUTO
2026-04-15 12:24:31,1776255871,BOOM600,5901.358,-1,0.0059999999994033715,BACKFILL_AUTO
2026-04-15 12:24:32,1776255872,BOOM600,5901.354,-1,0.0039999999999054126,BACKFILL_AUTO
2026-04-15 12:24:33,1776255873,BOOM600,5901.343,-1,0.011000000000422006,BACKFILL_AUTO
2026-04-15 12:24:34,1776255874,BOOM600,5901.343,0,0.0,BACKFILL_AUTO
2026-04-15 12:24:35,1776255875,BOOM600,5901.341,-1,0.001999999999497959,BACKFILL_AUTO
2026-04-15 12:24:36,1776255876,BOOM600,5901.316,-1,0.025000000000545697,BACKFILL_AUTO
2026-04-15 12:24:37,1776255877,BOOM600,5901.299,-1,0.016999999999825377,BACKFILL_AUTO
2026-04-15 12:24:38,1776255878,BOOM600,5901.285,-1,0.014000000000123691,BACKFILL_AUTO
2026-04-15 12:24:39,1776255879,BOOM600,5901.282,-1,0.0029999999997016857,BACKFILL_AUTO
2026-04-15 12:24:40,1776255880,BOOM600,5901.277,-1,0.005000000000109139,BACKFILL_AUTO
2026-04-15 12:24:41,1776255881,BOOM600,5901.266,-1,0.011000000000422006,BACKFILL_AUTO
2026-04-15 12:24:42,1776255882,BOOM600,5901.246,-1,0.019999999999527063,BACKFILL_AUTO
2026-04-15 12:24:43,1776255883,BOOM600,5901.241,-1,0.005000000000109139,BACKFILL_AUTO
2026-04-15 12:24:44,1776255884,BOOM600,5901.219,-1,0.021999999999934516,BACKFILL_AUTO
2026-04-15 12:24:45,1776255885,BOOM600,5901.205,-1,0.014000000000123691,BACKFILL_AUTO
2026-04-15 12:24:46,1776255886,BOOM600,5901.201,-1,0.0039999999999054126,BACKFILL_AUTO
2026-04-15 12:24:47,1776255887,BOOM600,5901.192,-1,0.009000000000014552,BACKFILL_AUTO
2026-04-15 12:24:48,1776255888,BOOM600,5901.189,-1,0.0029999999997016857,BACKFILL_AUTO
2026-04-15 12:24:49,1776255889,BOOM600,5901.155,-1,0.03400000000056025,BACKFILL_AUTO
2026-04-15 12:24:50,1776255890,BOOM600,5901.147,-1,0.007999999999810825,BACKFILL_AUTO
2026-04-15 12:24:51,1776255891,BOOM600,5901.138,-1,0.009000000000014552,BACKFILL_AUTO
2026-04-15 12:24:52,1776255892,BOOM600,5901.12,-1,0.018000000000029104,BACKFILL_AUTO
2026-04-15 12:24:53,1776255893,BOOM600,5901.103,-1,0.016999999999825377,BACKFILL_AUTO
2026-04-15 12:24:54,1776255894,BOOM600,5901.09,-1,0.012999999999919964,BACKFILL_AUTO
2026-04-15 12:24:55,1776255895,BOOM600,5901.083,-1,0.007000000000516593,BACKFILL_AUTO
2026-04-15 12:24:56,1776255896,BOOM600,5901.072,-1,0.01099999999951251,BACKFILL_AUTO
2026-04-15 12:24:57,1776255897,BOOM600,5901.055,-1,0.016999999999825377,BACKFILL_AUTO
2026-04-15 12:24:58,1776255898,BOOM600,5901.037,-1,0.018000000000029104,BACKFILL_AUTO
2026-04-15 12:24:59,1776255899,BOOM600,5901.029,-1,0.007999999999810825,BACKFILL_AUTO
2026-04-15 12:25:00,1776255900,BOOM600,5901.009,-1,0.020000000000436557,BACKFILL_AUTO
2026-04-15 12:25:01,1776255901,BOOM600,5900.993,-1,0.01599999999962165,BACKFILL_AUTO
2026-04-15 12:25:02,1776255902,BOOM600,5900.977,-1,0.016000000000531145,BACKFILL_AUTO
2026-04-15 12:25:03,1776255903,BOOM600,5900.95,-1,0.027000000000043656,BACKFILL_AUTO
2026-04-15 12:25:04,1776255904,BOOM600,5900.943,-1,0.006999999999607098,BACKFILL_AUTO
2026-04-15 12:25:05,1776255905,BOOM600,5900.943,0,0.0,BACKFILL_AUTO
2026-04-15 12:25:06,1776255906,BOOM600,5900.925,-1,0.018000000000029104,BACKFILL_AUTO
2026-04-15 12:25:07,1776255907,BOOM600,5900.915,-1,0.010000000000218279,BACKFILL_AUTO
2026-04-15 12:25:08,1776255908,BOOM600,5900.892,-1,0.023000000000138243,BACKFILL_AUTO
2026-04-15 12:25:09,1776255909,BOOM600,5900.88,-1,0.011999999999716238,BACKFILL_AUTO
2026-04-15 12:25:10,1776255910,BOOM600,5900.871,-1,0.009000000000014552,BACKFILL_AUTO
2026-04-15 12:25:11,1776255911,BOOM600,5900.859,-1,0.011999999999716238,BACKFILL_AUTO
2026-04-15 12:25:12,1776255912,BOOM600,5900.847,-1,0.012000000000625732,BACKFILL_AUTO
2026-04-15 12:25:13,1776255913,BOOM600,5900.838,-1,0.009000000000014552,BACKFILL_AUTO
2026-04-15 12:25:14,1776255914,BOOM600,5900.82,-1,0.018000000000029104,BACKFILL_AUTO
2026-04-15 12:25:15,1776255915,BOOM600,5900.816,-1,0.0039999999999054126,BACKFILL_AUTO
2026-04-15 12:25:16,1776255916,BOOM600,5900.809,-1,0.006999999999607098,BACKFILL_AUTO
2026-04-15 12:25:17,1776255917,BOOM600,5900.802,-1,0.007000000000516593,BACKFILL_AUTO
2026-04-15 12:25:18,1776255918,BOOM600,5900.799,-1,0.0029999999997016857,BACKFILL_AUTO
2026-04-15 12:25:19,1776255919,BOOM600,5900.796,-1,0.0029999999997016857,BACKFILL_AUTO
2026-04-15 12:25:20,1776255920,BOOM600,5900.791,-1,0.005000000000109139,BACKFILL_AUTO
2026-04-15 12:25:21,1776255921,BOOM600,5900.788,-1,0.0030000000006111804,BACKFILL_AUTO
2026-04-15 12:25:22,1776255922,BOOM600,5900.771,-1,0.016999999999825377,BACKFILL_AUTO
2026-04-15 12:25:23,1776255923,BOOM600,5900.77,-1,0.0009999999992942321,BACKFILL_AUTO
2026-04-15 12:25:24,1776255924,BOOM600,5900.753,-1,0.01700000000073487,BACKFILL_AUTO
2026-04-15 12:25:25,1776255925,BOOM600,5900.739,-1,0.014000000000123691,BACKFILL_AUTO
2026-04-15 12:25:26,1776255926,BOOM600,5900.722,-1,0.016999999999825377,BACKFILL_AUTO
2026-04-15 12:25:27,1776255927,BOOM600,5900.721,-1,0.0010000000002037268,BACKFILL_AUTO
2026-04-15 12:25:28,1776255928,BOOM600,5900.711,-1,0.009999999999308784,BACKFILL_AUTO
2026-04-15 12:25:29,1776255929,BOOM600,5900.695,-1,0.016000000000531145,BACKFILL_AUTO
2026-04-15 12:25:30,1776255930,BOOM600,5900.672,-1,0.023000000000138243,BACKFILL_AUTO
2026-04-15 12:25:31,1776255931,BOOM600,5900.647,-1,0.024999999999636202,BACKFILL_AUTO
2026-04-15 12:25:32,1776255932,BOOM600,5900.632,-1,0.015000000000327418,BACKFILL_AUTO
2026-04-15 12:25:33,1776255933,BOOM600,5900.627,-1,0.004999999999199645,BACKFILL_AUTO
2026-04-15 12:25:34,1776255934,BOOM600,5900.61,-1,0.01700000000073487,BACKFILL_AUTO
2026-04-15 12:25:35,1776255935,BOOM600,5900.606,-1,0.0039999999999054126,BACKFILL_AUTO
2026-04-15 12:25:36,1776255936,BOOM600,5900.606,0,0.0,BACKFILL_AUTO
2026-04-15 12:25:37,1776255937,BOOM600,5900.606,0,0.0,BACKFILL_AUTO
2026-04-15 12:25:38,1776255938,BOOM600,5900.595,-1,0.01099999999951251,BACKFILL_AUTO
2026-04-15 12:25:39,1776255939,BOOM600,5900.582,-1,0.012999999999919964,BACKFILL_AUTO
2026-04-15 12:25:40,1776255940,BOOM600,5900.571,-1,0.011000000000422006,BACKFILL_AUTO
2026-04-15 12:25:41,1776255941,BOOM600,5900.569,-1,0.001999999999497959,BACKFILL_AUTO
2026-04-15 12:25:42,1776255942,BOOM600,5900.563,-1,0.006000000000312866,BACKFILL_AUTO
2026-04-15 12:25:43,1776255943,BOOM600,5900.549,-1,0.014000000000123691,BACKFILL_AUTO
2026-04-15 12:25:44,1776255944,BOOM600,5900.542,-1,0.006999999999607098,BACKFILL_AUTO
2026-04-15 12:25:45,1776255945,BOOM600,5900.539,-1,0.0030000000006111804,BACKFILL_AUTO
2026-04-15 12:25:46,1776255946,BOOM600,5900.532,-1,0.006999999999607098,BACKFILL_AUTO
2026-04-15 12:25:47,1776255947,BOOM600,5900.517,-1,0.015000000000327418,BACKFILL_AUTO
2026-04-15 12:25:48,1776255948,BOOM600,5900.513,-1,0.0039999999999054126,BACKFILL_AUTO
2026-04-15 12:25:49,1776255949,BOOM600,5900.513,0,0.0,BACKFILL_AUTO
2026-04-15 12:25:50,1776255950,BOOM600,5900.496,-1,0.016999999999825377,BACKFILL_AUTO
2026-04-15 12:25:51,1776255951,BOOM600,5900.481,-1,0.015000000000327418,BACKFILL_AUTO
2026-04-15 12:25:52,1776255952,BOOM600,5900.467,-1,0.014000000000123691,BACKFILL_AUTO
2026-04-15 12:25:53,1776255953,BOOM600,5900.451,-1,0.01599999999962165,BACKFILL_AUTO
2026-04-15 12:25:54,1776255954,BOOM600,5900.436,-1,0.015000000000327418,BACKFILL_AUTO
2026-04-15 12:25:55,1776255955,BOOM600,5900.432,-1,0.0039999999999054126,BACKFILL_AUTO
2026-04-15 12:25:56,1776255956,BOOM600,5900.416,-1,0.01599999999962165,BACKFILL_AUTO
2026-04-15 12:25:57,1776255957,BOOM600,5900.406,-1,0.010000000000218279,BACKFILL_AUTO
2026-04-15 12:25:58,1776255958,BOOM600,5900.394,-1,0.011999999999716238,BACKFILL_AUTO
2026-04-15 12:25:59,1776255959,BOOM600,5900.38,-1,0.014000000000123691,BACKFILL_AUTO
2026-04-15 12:26:00,1776255960,BOOM600,5900.369,-1,0.011000000000422006,BACKFILL_AUTO
2026-04-15 12:26:01,1776255961,BOOM600,5900.359,-1,0.009999999999308784,BACKFILL_AUTO
2026-04-15 12:26:02,1776255962,BOOM600,5900.341,-1,0.018000000000029104,BACKFILL_AUTO
2026-04-15 12:26:03,1776255963,BOOM600,5900.33,-1,0.011000000000422006,BACKFILL_AUTO
2026-04-15 12:26:04,1776255964,BOOM600,5900.316,-1,0.014000000000123691,BACKFILL_AUTO
2026-04-15 12:26:05,1776255965,BOOM600,5900.313,-1,0.0029999999997016857,BACKFILL_AUTO
2026-04-15 12:26:06,1776255966,BOOM600,5900.299,-1,0.014000000000123691,BACKFILL_AUTO
2026-04-15 12:26:07,1776255967,BOOM600,5900.289,-1,0.010000000000218279,BACKFILL_AUTO
2026-04-15 12:26:08,1776255968,BOOM600,5900.269,-1,0.019999999999527063,BACKFILL_AUTO
2026-04-15 12:26:09,1776255969,BOOM600,5900.268,-1,0.0010000000002037268,BACKFILL_AUTO
2026-04-15 12:26:10,1776255970,BOOM600,5900.266,-1,0.0020000000004074536,BACKFILL_AUTO
2026-04-15 12:26:11,1776255971,BOOM600,5900.251,-1,0.014999999999417923,BACKFILL_AUTO
2026-04-15 12:26:12,1776255972,BOOM600,5900.249,-1,0.0020000000004074536,BACKFILL_AUTO
2026-04-15 12:26:13,1776255973,BOOM600,5900.234,-1,0.014999999999417923,BACKFILL_AUTO
2026-04-15 12:26:14,1776255974,BOOM600,5900.211,-1,0.023000000000138243,BACKFILL_AUTO
2026-04-15 12:26:15,1776255975,BOOM600,5900.194,-1,0.016999999999825377,BACKFILL_AUTO
2026-04-15 12:26:16,1776255976,BOOM600,5900.192,-1,0.0020000000004074536,BACKFILL_AUTO
2026-04-15 12:26:17,1776255977,BOOM600,5900.175,-1,0.016999999999825377,BACKFILL_AUTO
2026-04-15 12:26:18,1776255978,BOOM600,5900.17,-1,0.005000000000109139,BACKFILL_AUTO
2026-04-15 12:26:19,1776255979,BOOM600,5900.167,-1,0.0029999999997016857,BACKFILL_AUTO
2026-04-15 12:26:20,1776255980,BOOM600,5900.156,-1,0.011000000000422006,BACKFILL_AUTO
2026-04-15 12:26:21,1776255981,BOOM600,5900.154,-1,0.001999999999497959,BACKFILL_AUTO
2026-04-15 12:26:22,1776255982,BOOM600,5900.146,-1,0.00800000000072032,BACKFILL_AUTO
2026-04-15 12:26:23,1776255983,BOOM600,5900.135,-1,0.01099999999951251,BACKFILL_AUTO
2026-04-15 12:26:24,1776255984,BOOM600,5900.135,0,0.0,BACKFILL_AUTO
2026-04-15 12:26:25,1776255985,BOOM600,5900.12,-1,0.015000000000327418,BACKFILL_AUTO
2026-04-15 12:26:26,1776255986,BOOM600,5900.119,-1,0.0010000000002037268,BACKFILL_AUTO
2026-04-15 12:26:27,1776255987,BOOM600,5900.115,-1,0.0039999999999054126,BACKFILL_AUTO
2026-04-15 12:26:28,1776255988,BOOM600,5900.111,-1,0.0039999999999054126,BACKFILL_AUTO
2026-04-15 12:26:29,1776255989,BOOM600,5900.107,-1,0.0039999999999054126,BACKFILL_AUTO
2026-04-15 12:26:30,1776255990,BOOM600,5900.095,-1,0.011999999999716238,BACKFILL_AUTO
2026-04-15 12:26:31,1776255991,BOOM600,5900.094,-1,0.0010000000002037268,BACKFILL_AUTO
2026-04-15 12:26:32,1776255992,BOOM600,5900.077,-1,0.016999999999825377,BACKFILL_AUTO
2026-04-15 12:26:33,1776255993,BOOM600,5900.063,-1,0.014000000000123691,BACKFILL_AUTO
2026-04-15 12:26:34,1776255994,BOOM600,5900.054,-1,0.009000000000014552,BACKFILL_AUTO
2026-04-15 12:26:35,1776255995,BOOM600,5900.051,-1,0.0029999999997016857,BACKFILL_AUTO
2026-04-15 12:26:36,1776255996,BOOM600,5900.03,-1,0.021000000000640284,BACKFILL_AUTO
2026-04-15 12:26:37,1776255997,BOOM600,5900.018,-1,0.011999999999716238,BACKFILL_AUTO
2026-04-15 12:26:38,1776255998,BOOM600,5900.008,-1,0.010000000000218279,BACKFILL_AUTO
2026-04-15 12:26:39,1776255999,BOOM600,5899.983,-1,0.024999999999636202,BACKFILL_AUTO
2026-04-15 12:26:40,1776256000,BOOM600,5899.97,-1,0.012999999999919964,BACKFILL_AUTO
2026-04-15 12:26:41,1776256001,BOOM600,5899.958,-1,0.012000000000625732,BACKFILL_AUTO
2026-04-15 12:26:42,1776256002,BOOM600,5899.945,-1,0.012999999999919964,BACKFILL_AUTO
2026-04-15 12:26:43,1776256003,BOOM600,5899.925,-1,0.019999999999527063,BACKFILL_AUTO
2026-04-15 12:26:44,1776256004,BOOM600,5899.915,-1,0.010000000000218279,BACKFILL_AUTO
2026-04-15 12:26:45,1776256005,BOOM600,5899.887,-1,0.028000000000247383,BACKFILL_AUTO
2026-04-15 12:26:46,1776256006,BOOM600,5899.88,-1,0.006999999999607098,BACKFILL_AUTO
2026-04-15 12:26:47,1776256007,BOOM600,5899.877,-1,0.0029999999997016857,BACKFILL_AUTO
2026-04-15 12:26:48,1776256008,BOOM600,5899.874,-1,0.0030000000006111804,BACKFILL_AUTO
2026-04-15 12:26:49,1776256009,BOOM600,5899.863,-1,0.01099999999951251,BACKFILL_AUTO
2026-04-15 12:26:50,1776256010,BOOM600,5899.859,-1,0.0039999999999054126,BACKFILL_AUTO
2026-04-15 12:26:51,1776256011,BOOM600,5899.848,-1,0.011000000000422006,BACKFILL_AUTO
2026-04-15 12:26:52,1776256012,BOOM600,5899.847,-1,0.0010000000002037268,BACKFILL_AUTO
2026-04-15 12:26:53,1776256013,BOOM600,5899.835,-1,0.011999999999716238,BACKFILL_AUTO
2026-04-15 12:26:54,1776256014,BOOM600,5899.828,-1,0.006999999999607098,BACKFILL_AUTO
2026-04-15 12:26:55,1776256015,BOOM600,5899.816,-1,0.012000000000625732,BACKFILL_AUTO
2026-04-15 12:26:56,1776256016,BOOM600,5899.816,0,0.0,BACKFILL_AUTO
2026-04-15 12:26:57,1776256017,BOOM600,5899.808,-1,0.007999999999810825,BACKFILL_AUTO
2026-04-15 12:26:58,1776256018,BOOM600,5899.788,-1,0.020000000000436557,BACKFILL_AUTO
2026-04-15 12:26:59,1776256019,BOOM600,5899.786,-1,0.001999999999497959,BACKFILL_AUTO
2026-04-15 12:27:00,1776256020,BOOM600,5899.769,-1,0.016999999999825377,BACKFILL_AUTO
2026-04-15 12:27:01,1776256021,BOOM600,5899.766,-1,0.0030000000006111804,BACKFILL_AUTO
2026-04-15 12:27:02,1776256022,BOOM600,5899.762,-1,0.0039999999999054126,BACKFILL_AUTO
2026-04-15 12:27:03,1776256023,BOOM600,5899.74,-1,0.021999999999934516,BACKFILL_AUTO
2026-04-15 12:27:04,1776256024,BOOM600,5899.714,-1,0.02599999999983993,BACKFILL_AUTO
2026-04-15 12:27:05,1776256025,BOOM600,5899.677,-1,0.037000000000261934,BACKFILL_AUTO
2026-04-15 12:27:06,1776256026,BOOM600,5899.661,-1,0.01599999999962165,BACKFILL_AUTO
2026-04-15 12:27:07,1776256027,BOOM600,5899.66,-1,0.0010000000002037268,BACKFILL_AUTO
2026-04-15 12:27:08,1776256028,BOOM600,5899.657,-1,0.0029999999997016857,BACKFILL_AUTO
2026-04-15 12:27:09,1776256029,BOOM600,5899.634,-1,0.023000000000138243,BACKFILL_AUTO
2026-04-15 12:27:10,1776256030,BOOM600,5899.629,-1,0.005000000000109139,BACKFILL_AUTO
2026-04-15 12:27:11,1776256031,BOOM600,5899.615,-1,0.014000000000123691,BACKFILL_AUTO
2026-04-15 12:27:12,1776256032,BOOM600,5899.611,-1,0.0039999999999054126,BACKFILL_AUTO
2026-04-15 12:27:13,1776256033,BOOM600,5899.607,-1,0.0039999999999054126,BACKFILL_AUTO
2026-04-15 12:27:14,1776256034,BOOM600,5899.6,-1,0.006999999999607098,BACKFILL_AUTO
2026-04-15 12:27:15,1776256035,BOOM600,5899.585,-1,0.015000000000327418,BACKFILL_AUTO
2026-04-15 12:27:16,1776256036,BOOM600,5899.578,-1,0.006999999999607098,BACKFILL_AUTO
2026-04-15 12:27:17,1776256037,BOOM600,5899.577,-1,0.0010000000002037268,BACKFILL_AUTO
2026-04-15 12:27:18,1776256038,BOOM600,5899.565,-1,0.012000000000625732,BACKFILL_AUTO
2026-04-15 12:27:19,1776256039,BOOM600,5899.557,-1,0.007999999999810825,BACKFILL_AUTO
2026-04-15 12:27:20,1776256040,BOOM600,5899.547,-1,0.010000000000218279,BACKFILL_AUTO
2026-04-15 12:27:21,1776256041,BOOM600,5899.533,-1,0.013999999999214197,BACKFILL_AUTO
2026-04-15 12:27:22,1776256042,BOOM600,5899.533,0,0.0,BACKFILL_AUTO
2026-04-15 12:27:23,1776256043,BOOM600,5899.521,-1,0.012000000000625732,BACKFILL_AUTO
2026-04-15 12:27:24,1776256044,BOOM600,5899.513,-1,0.007999999999810825,BACKFILL_AUTO
2026-04-15 12:27:25,1776256045,BOOM600,5899.494,-1,0.01900000000023283,BACKFILL_AUTO
2026-04-15 12:27:26,1776256046,BOOM600,5899.491,-1,0.0029999999997016857,BACKFILL_AUTO
2026-04-15 12:27:27,1776256047,BOOM600,5899.48,-1,0.011000000000422006,BACKFILL_AUTO
2026-04-15 12:27:28,1776256048,BOOM600,5899.463,-1,0.016999999999825377,BACKFILL_AUTO
2026-04-15 12:27:29,1776256049,BOOM600,5899.454,-1,0.009000000000014552,BACKFILL_AUTO
2026-04-15 12:27:30,1776256050,BOOM600,5899.45,-1,0.0039999999999054126,BACKFILL_AUTO
2026-04-15 12:27:31,1776256051,BOOM600,5899.444,-1,0.0059999999994033715,BACKFILL_AUTO
2026-04-15 12:27:32,1776256052,BOOM600,5899.428,-1,0.016000000000531145,BACKFILL_AUTO
2026-04-15 12:27:33,1776256053,BOOM600,5899.414,-1,0.014000000000123691,BACKFILL_AUTO
2026-04-15 12:27:34,1776256054,BOOM600,5899.406,-1,0.007999999999810825,BACKFILL_AUTO
2026-04-15 12:27:35,1776256055,BOOM600,5899.389,-1,0.016999999999825377,BACKFILL_AUTO
2026-04-15 12:27:36,1776256056,BOOM600,5899.38,-1,0.009000000000014552,BACKFILL_AUTO
2026-04-15 12:27:37,1776256057,BOOM600,5899.36,-1,0.020000000000436557,BACKFILL_AUTO
2026-04-15 12:27:38,1776256058,BOOM600,5899.352,-1,0.007999999999810825,BACKFILL_AUTO
2026-04-15 12:27:39,1776256059,BOOM600,5899.349,-1,0.0029999999997016857,BACKFILL_AUTO
2026-04-15 12:27:40,1776256060,BOOM600,5899.326,-1,0.023000000000138243,BACKFILL_AUTO
2026-04-15 12:27:41,1776256061,BOOM600,5899.322,-1,0.0039999999999054126,BACKFILL_AUTO
2026-04-15 12:27:42,1776256062,BOOM600,5899.302,-1,0.020000000000436557,BACKFILL_AUTO
2026-04-15 12:27:43,1776256063,BOOM600,5899.285,-1,0.016999999999825377,BACKFILL_AUTO
2026-04-15 12:27:44,1776256064,BOOM600,5899.278,-1,0.006999999999607098,BACKFILL_AUTO
2026-04-15 12:27:45,1776256065,BOOM600,5899.261,-1,0.016999999999825377,BACKFILL_AUTO
2026-04-15 12:27:46,1776256066,BOOM600,5899.255,-1,0.006000000000312866,BACKFILL_AUTO
2026-04-15 12:27:47,1776256067,BOOM600,5899.246,-1,0.009000000000014552,BACKFILL_AUTO
2026-04-15 12:27:48,1776256068,BOOM600,5899.236,-1,0.010000000000218279,BACKFILL_AUTO
2026-04-15 12:27:49,1776256069,BOOM600,5899.234,-1,0.001999999999497959,BACKFILL_AUTO
2026-04-15 12:27:50,1776256070,BOOM600,5899.229,-1,0.005000000000109139,BACKFILL_AUTO
2026-04-15 12:27:51,1776256071,BOOM600,5899.213,-1,0.016000000000531145,BACKFILL_AUTO
2026-04-15 12:27:52,1776256072,BOOM600,5899.202,-1,0.01099999999951251,BACKFILL_AUTO
2026-04-15 12:27:53,1776256073,BOOM600,5899.183,-1,0.01900000000023283,BACKFILL_AUTO
2026-04-15 12:27:54,1776256074,BOOM600,5899.17,-1,0.012999999999919964,BACKFILL_AUTO
2026-04-15 12:27:55,1776256075,BOOM600,5899.161,-1,0.009000000000014552,BACKFILL_AUTO
2026-04-15 12:27:56,1776256076,BOOM600,5899.155,-1,0.006000000000312866,BACKFILL_AUTO
2026-04-15 12:27:57,1776256077,BOOM600,5899.154,-1,0.0009999999992942321,BACKFILL_AUTO
2026-04-15 12:27:58,1776256078,BOOM600,5899.149,-1,0.005000000000109139,BACKFILL_AUTO
2026-04-15 12:27:59,1776256079,BOOM600,5899.143,-1,0.006000000000312866,BACKFILL_AUTO
2026-04-15 12:28:00,1776256080,BOOM600,5899.13,-1,0.012999999999919964,BACKFILL_AUTO
2026-04-15 12:28:01,1776256081,BOOM600,5899.116,-1,0.014000000000123691,BACKFILL_AUTO
2026-04-15 12:28:02,1776256082,BOOM600,5899.104,-1,0.011999999999716238,BACKFILL_AUTO
2026-04-15 12:28:03,1776256083,BOOM600,5899.095,-1,0.009000000000014552,BACKFILL_AUTO
2026-04-15 12:28:04,1776256084,BOOM600,5899.083,-1,0.012000000000625732,BACKFILL_AUTO
2026-04-15 12:28:05,1776256085,BOOM600,5899.079,-1,0.0039999999999054126,BACKFILL_AUTO
2026-04-15 12:28:06,1776256086,BOOM600,5899.077,-1,0.001999999999497959,BACKFILL_AUTO
2026-04-15 12:28:07,1776256087,BOOM600,5899.064,-1,0.012999999999919964,BACKFILL_AUTO
2026-04-15 12:28:08,1776256088,BOOM600,5899.043,-1,0.021000000000640284,BACKFILL_AUTO
2026-04-15 12:28:09,1776256089,BOOM600,5899.042,-1,0.0009999999992942321,BACKFILL_AUTO
2026-04-15 12:28:10,1776256090,BOOM600,5899.035,-1,0.007000000000516593,BACKFILL_AUTO
2026-04-15 12:28:11,1776256091,BOOM600,5899.025,-1,0.010000000000218279,BACKFILL_AUTO
2026-04-15 12:28:12,1776256092,BOOM600,5899.017,-1,0.007999999999810825,BACKFILL_AUTO
2026-04-15 12:28:13,1776256093,BOOM600,5898.995,-1,0.021999999999934516,BACKFILL_AUTO
2026-04-15 12:28:14,1776256094,BOOM600,5898.984,-1,0.01099999999951251,BACKFILL_AUTO
2026-04-15 12:28:15,1776256095,BOOM600,5898.983,-1,0.0010000000002037268,BACKFILL_AUTO
2026-04-15 12:28:16,1776256096,BOOM600,5898.983,0,0.0,BACKFILL_AUTO
2026-04-15 12:28:17,1776256097,BOOM600,5898.976,-1,0.007000000000516593,BACKFILL_AUTO
2026-04-15 12:28:18,1776256098,BOOM600,5898.959,-1,0.016999999999825377,BACKFILL_AUTO
2026-04-15 12:28:19,1776256099,BOOM600,5898.942,-1,0.016999999999825377,BACKFILL_AUTO
2026-04-15 12:28:20,1776256100,BOOM600,5898.941,-1,0.0010000000002037268,BACKFILL_AUTO
2026-04-15 12:28:21,1776256101,BOOM600,5898.94,-1,0.0010000000002037268,BACKFILL_AUTO
2026-04-15 12:28:22,1776256102,BOOM600,5898.938,-1,0.001999999999497959,BACKFILL_AUTO
2026-04-15 12:28:23,1776256103,BOOM600,5898.934,-1,0.0039999999999054126,BACKFILL_AUTO
2026-04-15 12:28:24,1776256104,BOOM600,5898.93,-1,0.0039999999999054126,BACKFILL_AUTO
2026-04-15 12:28:25,1776256105,BOOM600,5898.925,-1,0.005000000000109139,BACKFILL_AUTO
2026-04-15 12:28:26,1776256106,BOOM600,5898.92,-1,0.005000000000109139,BACKFILL_AUTO
2026-04-15 12:28:27,1776256107,BOOM600,5898.919,-1,0.0010000000002037268,BACKFILL_AUTO
2026-04-15 12:28:28,1776256108,BOOM600,5898.91,-1,0.009000000000014552,BACKFILL_AUTO
2026-04-15 12:28:29,1776256109,BOOM600,5898.903,-1,0.006999999999607098,BACKFILL_AUTO
2026-04-15 12:28:30,1776256110,BOOM600,5898.895,-1,0.007999999999810825,BACKFILL_AUTO
2026-04-15 12:28:31,1776256111,BOOM600,5898.891,-1,0.004000000000814907,BACKFILL_AUTO
2026-04-15 12:28:32,1776256112,BOOM600,5898.875,-1,0.01599999999962165,BACKFILL_AUTO
2026-04-15 12:28:33,1776256113,BOOM600,5898.874,-1,0.0010000000002037268,BACKFILL_AUTO
2026-04-15 12:28:34,1776256114,BOOM600,5898.866,-1,0.007999999999810825,BACKFILL_AUTO
2026-04-15 12:28:35,1776256115,BOOM600,5898.849,-1,0.016999999999825377,BACKFILL_AUTO
2026-04-15 12:28:36,1776256116,BOOM600,5898.834,-1,0.015000000000327418,BACKFILL_AUTO
2026-04-15 12:28:37,1776256117,BOOM600,5898.817,-1,0.016999999999825377,BACKFILL_AUTO
2026-04-15 12:28:38,1776256118,BOOM600,5898.807,-1,0.010000000000218279,BACKFILL_AUTO
2026-04-15 12:28:39,1776256119,BOOM600,5898.78,-1,0.027000000000043656,BACKFILL_AUTO
2026-04-15 12:28:40,1776256120,BOOM600,5898.772,-1,0.007999999999810825,BACKFILL_AUTO
2026-04-15 12:28:41,1776256121,BOOM600,5898.764,-1,0.007999999999810825,BACKFILL_AUTO
2026-04-15 12:28:42,1776256122,BOOM600,5898.759,-1,0.005000000000109139,BACKFILL_AUTO
2026-04-15 12:28:43,1776256123,BOOM600,5898.758,-1,0.0010000000002037268,BACKFILL_AUTO
2026-04-15 12:28:44,1776256124,BOOM600,5898.751,-1,0.006999999999607098,BACKFILL_AUTO
2026-04-15 12:28:45,1776256125,BOOM600,5898.745,-1,0.006000000000312866,BACKFILL_AUTO
2026-04-15 12:28:46,1776256126,BOOM600,5898.744,-1,0.0010000000002037268,BACKFILL_AUTO
2026-04-15 12:28:47,1776256127,BOOM600,5898.73,-1,0.014000000000123691,BACKFILL_AUTO
2026-04-15 12:28:48,1776256128,BOOM600,5898.713,-1,0.016999999999825377,BACKFILL_AUTO
2026-04-15 12:28:49,1776256129,BOOM600,5898.706,-1,0.006999999999607098,BACKFILL_AUTO
2026-04-15 12:28:50,1776256130,BOOM600,5898.7,-1,0.006000000000312866,BACKFILL_AUTO
2026-04-15 12:28:51,1776256131,BOOM600,5898.698,-1,0.001999999999497959,BACKFILL_AUTO
2026-04-15 12:28:52,1776256132,BOOM600,5898.682,-1,0.016000000000531145,BACKFILL_AUTO
2026-04-15 12:28:53,1776256133,BOOM600,5898.662,-1,0.019999999999527063,BACKFILL_AUTO
2026-04-15 12:28:54,1776256134,BOOM600,5898.65,-1,0.012000000000625732,BACKFILL_AUTO
2026-04-15 12:28:55,1776256135,BOOM600,5898.637,-1,0.012999999999919964,BACKFILL_AUTO
2026-04-15 12:28:56,1776256136,BOOM600,5898.634,-1,0.0029999999997016857,BACKFILL_AUTO
2026-04-15 12:28:57,1776256137,BOOM600,5898.631,-1,0.0029999999997016857,BACKFILL_AUTO
2026-04-15 12:28:58,1776256138,BOOM600,5898.621,-1,0.010000000000218279,BACKFILL_AUTO
2026-04-15 12:28:59,1776256139,BOOM600,5898.619,-1,0.0020000000004074536,BACKFILL_AUTO
2026-04-15 12:29:00,1776256140,BOOM600,5898.609,-1,0.009999999999308784,BACKFILL_AUTO
2026-04-15 12:29:01,1776256141,BOOM600,5898.598,-1,0.011000000000422006,BACKFILL_AUTO
2026-04-15 12:29:02,1776256142,BOOM600,5898.593,-1,0.005000000000109139,BACKFILL_AUTO
2026-04-15 12:29:03,1776256143,BOOM600,5898.586,-1,0.006999999999607098,BACKFILL_AUTO
2026-04-15 12:29:04,1776256144,BOOM600,5898.571,-1,0.015000000000327418,BACKFILL_AUTO
2026-04-15 12:29:05,1776256145,BOOM600,5898.553,-1,0.018000000000029104,BACKFILL_AUTO
2026-04-15 12:29:06,1776256146,BOOM600,5898.549,-1,0.0039999999999054126,BACKFILL_AUTO
2026-04-15 12:29:07,1776256147,BOOM600,5898.547,-1,0.0020000000004074536,BACKFILL_AUTO
2026-04-15 12:29:08,1776256148,BOOM600,5898.533,-1,0.013999999999214197,BACKFILL_AUTO
2026-04-15 12:29:09,1776256149,BOOM600,5898.507,-1,0.026000000000749424,BACKFILL_AUTO
2026-04-15 12:29:10,1776256150,BOOM600,5898.49,-1,0.016999999999825377,BACKFILL_AUTO
2026-04-15 12:29:11,1776256151,BOOM600,5898.489,-1,0.0010000000002037268,BACKFILL_AUTO
2026-04-15 12:29:12,1776256152,BOOM600,5898.485,-1,0.0039999999999054126,BACKFILL_AUTO
2026-04-15 12:29:13,1776256153,BOOM600,5898.483,-1,0.001999999999497959,BACKFILL_AUTO
2026-04-15 12:29:14,1776256154,BOOM600,5898.481,-1,0.0020000000004074536,BACKFILL_AUTO
2026-04-15 12:29:15,1776256155,BOOM600,5898.469,-1,0.011999999999716238,BACKFILL_AUTO
2026-04-15 12:29:16,1776256156,BOOM600,5898.454,-1,0.015000000000327418,BACKFILL_AUTO
2026-04-15 12:29:17,1776256157,BOOM600,5898.433,-1,0.02099999999973079,BACKFILL_AUTO
2026-04-15 12:29:18,1776256158,BOOM600,5898.423,-1,0.010000000000218279,BACKFILL_AUTO
2026-04-15 12:29:19,1776256159,BOOM600,5898.404,-1,0.018999999999323336,BACKFILL_AUTO
2026-04-15 12:29:20,1776256160,BOOM600,5898.389,-1,0.015000000000327418,BACKFILL_AUTO
2026-04-15 12:29:21,1776256161,BOOM600,5898.387,-1,0.0020000000004074536,BACKFILL_AUTO
2026-04-15 12:29:22,1776256162,BOOM600,5898.364,-1,0.023000000000138243,BACKFILL_AUTO
2026-04-15 12:29:23,1776256163,BOOM600,5898.352,-1,0.011999999999716238,BACKFILL_AUTO
2026-04-15 12:29:24,1776256164,BOOM600,5898.337,-1,0.014999999999417923,BACKFILL_AUTO
2026-04-15 12:29:25,1776256165,BOOM600,5898.33,-1,0.007000000000516593,BACKFILL_AUTO
2026-04-15 12:29:26,1776256166,BOOM600,5898.329,-1,0.0010000000002037268,BACKFILL_AUTO
2026-04-15 12:29:27,1776256167,BOOM600,5898.322,-1,0.006999999999607098,BACKFILL_AUTO
2026-04-15 12:29:28,1776256168,BOOM600,5898.317,-1,0.005000000000109139,BACKFILL_AUTO
2026-04-15 12:29:29,1776256169,BOOM600,5898.306,-1,0.011000000000422006,BACKFILL_AUTO
2026-04-15 12:29:30,1776256170,BOOM600,5898.305,-1,0.0009999999992942321,BACKFILL_AUTO
2026-04-15 12:29:31,1776256171,BOOM600,5898.303,-1,0.0020000000004074536,BACKFILL_AUTO
2026-04-15 12:29:32,1776256172,BOOM600,5898.301,-1,0.001999999999497959,BACKFILL_AUTO
2026-04-15 12:29:33,1776256173,BOOM600,5898.298,-1,0.0030000000006111804,BACKFILL_AUTO
2026-04-15 12:29:34,1776256174,BOOM600,5898.271,-1,0.027000000000043656,BACKFILL_AUTO
2026-04-15 12:29:35,1776256175,BOOM600,5898.267,-1,0.0039999999999054126,BACKFILL_AUTO
2026-04-15 12:29:36,1776256176,BOOM600,5898.266,-1,0.0010000000002037268,BACKFILL_AUTO
2026-04-15 12:29:37,1776256177,BOOM600,5898.251,-1,0.014999999999417923,BACKFILL_AUTO
2026-04-15 12:29:38,1776256178,BOOM600,5898.23,-1,0.021000000000640284,BACKFILL_AUTO
2026-04-15 12:29:39,1776256179,BOOM600,5898.206,-1,0.023999999999432475,BACKFILL_AUTO
2026-04-15 12:29:40,1776256180,BOOM600,5898.176,-1,0.02999999999974534,BACKFILL_AUTO
2026-04-15 12:29:41,1776256181,BOOM600,5898.164,-1,0.012000000000625732,BACKFILL_AUTO
2026-04-15 12:29:42,1776256182,BOOM600,5898.147,-1,0.016999999999825377,BACKFILL_AUTO
2026-04-15 12:29:43,1776256183,BOOM600,5898.137,-1,0.010000000000218279,BACKFILL_AUTO
2026-04-15 12:29:44,1776256184,BOOM600,5898.136,-1,0.0009999999992942321,BACKFILL_AUTO
2026-04-15 12:29:45,1776256185,BOOM600,5898.13,-1,0.006000000000312866,BACKFILL_AUTO
2026-04-15 12:29:46,1776256186,BOOM600,5898.103,-1,0.027000000000043656,BACKFILL_AUTO
2026-04-15 12:29:47,1776256187,BOOM600,5898.096,-1,0.007000000000516593,BACKFILL_AUTO
2026-04-15 12:29:48,1776256188,BOOM600,5898.082,-1,0.013999999999214197,BACKFILL_AUTO
2026-04-15 12:29:49,1776256189,BOOM600,5898.074,-1,0.00800000000072032,BACKFILL_AUTO
2026-04-15 12:29:50,1776256190,BOOM600,5898.056,-1,0.018000000000029104,BACKFILL_AUTO
2026-04-15 12:29:51,1776256191,BOOM600,5898.033,-1,0.02299999999922875,BACKFILL_AUTO
2026-04-15 12:29:52,1776256192,BOOM600,5898.031,-1,0.0020000000004074536,BACKFILL_AUTO
2026-04-15 12:29:53,1776256193,BOOM600,5898.014,-1,0.016999999999825377,BACKFILL_AUTO
2026-04-15 12:29:54,1776256194,BOOM600,5898.014,0,0.0,BACKFILL_AUTO
2026-04-15 12:29:55,1776256195,BOOM600,5898.013,-1,0.0010000000002037268,BACKFILL_AUTO
2026-04-15 12:29:56,1776256196,BOOM600,5898.003,-1,0.010000000000218279,BACKFILL_AUTO
2026-04-15 12:29:57,1776256197,BOOM600,5897.993,-1,0.009999999999308784,BACKFILL_AUTO
2026-04-15 12:29:58,1776256198,BOOM600,5897.985,-1,0.00800000000072032,BACKFILL_AUTO
2026-04-15 12:29:59,1776256199,BOOM600,5897.982,-1,0.0029999999997016857,BACKFILL_AUTO
2026-04-15 12:30:00,1776256200,BOOM600,5908.295,1,10.313000000000102,BACKFILL_AUTO
2026-04-15 12:30:01,1776256201,BOOM600,5908.287,-1,0.007999999999810825,BACKFILL_AUTO
2026-04-15 12:30:02,1776256202,BOOM600,5908.283,-1,0.0039999999999054126,BACKFILL_AUTO
2026-04-15 12:30:03,1776256203,BOOM600,5908.261,-1,0.021999999999934516,BACKFILL_AUTO
2026-04-15 12:30:04,1776256204,BOOM600,5908.258,-1,0.0030000000006111804,BACKFILL_AUTO
2026-04-15 12:30:05,1776256205,BOOM600,5908.254,-1,0.0039999999999054126,BACKFILL_AUTO
2026-04-15 12:30:06,1776256206,BOOM600,5908.244,-1,0.010000000000218279,BACKFILL_AUTO
2026-04-15 12:30:07,1776256207,BOOM600,5908.23,-1,0.014000000000123691,BACKFILL_AUTO
2026-04-15 12:30:08,1776256208,BOOM600,5908.22,-1,0.009999999999308784,BACKFILL_AUTO
2026-04-15 12:30:09,1776256209,BOOM600,5908.22,0,0.0,BACKFILL_AUTO
2026-04-15 12:30:10,1776256210,BOOM600,5908.203,-1,0.016999999999825377,BACKFILL_AUTO
2026-04-15 12:30:11,1776256211,BOOM600,5908.19,-1,0.01300000000082946,BACKFILL_AUTO
2026-04-15 12:30:12,1776256212,BOOM600,5908.166,-1,0.023999999999432475,BACKFILL_AUTO
2026-04-15 12:30:13,1776256213,BOOM600,5908.148,-1,0.018000000000029104,BACKFILL_AUTO
2026-04-15 12:30:14,1776256214,BOOM600,5908.129,-1,0.01900000000023283,BACKFILL_AUTO
2026-04-15 12:30:15,1776256215,BOOM600,5908.105,-1,0.02400000000034197,BACKFILL_AUTO
2026-04-15 12:30:16,1776256216,BOOM600,5908.094,-1,0.01099999999951251,BACKFILL_AUTO
2026-04-15 12:30:17,1776256217,BOOM600,5908.091,-1,0.0029999999997016857,BACKFILL_AUTO
2026-04-15 12:30:18,1776256218,BOOM600,5908.088,-1,0.0030000000006111804,BACKFILL_AUTO
2026-04-15 12:30:19,1776256219,BOOM600,5908.075,-1,0.012999999999919964,BACKFILL_AUTO
2026-04-15 12:30:20,1776256220,BOOM600,5908.07,-1,0.005000000000109139,BACKFILL_AUTO
2026-04-15 12:30:21,1776256221,BOOM600,5908.065,-1,0.005000000000109139,BACKFILL_AUTO
2026-04-15 12:30:22,1776256222,BOOM600,5908.06,-1,0.004999999999199645,BACKFILL_AUTO
2026-04-15 12:30:23,1776256223,BOOM600,5908.057,-1,0.0030000000006111804,BACKFILL_AUTO
2026-04-15 12:30:24,1776256224,BOOM600,5908.049,-1,0.007999999999810825,BACKFILL_AUTO
2026-04-15 12:30:25,1776256225,BOOM600,5908.031,-1,0.018000000000029104,BACKFILL_AUTO
2026-04-15 12:30:26,1776256226,BOOM600,5908.027,-1,0.0039999999999054126,BACKFILL_AUTO
2026-04-15 12:30:27,1776256227,BOOM600,5908.022,-1,0.005000000000109139,BACKFILL_AUTO
2026-04-15 12:30:28,1776256228,BOOM600,5908.011,-1,0.01099999999951251,BACKFILL_AUTO
2026-04-15 12:30:29,1776256229,BOOM600,5908.004,-1,0.007000000000516593,BACKFILL_AUTO
2026-04-15 12:30:30,1776256230,BOOM600,5907.995,-1,0.009000000000014552,BACKFILL_AUTO
2026-04-15 12:30:31,1776256231,BOOM600,5907.992,-1,0.0029999999997016857,BACKFILL_AUTO
2026-04-15 12:30:32,1776256232,BOOM600,5907.99,-1,0.0020000000004074536,BACKFILL_AUTO
2026-04-15 12:30:33,1776256233,BOOM600,5907.973,-1,0.016999999999825377,BACKFILL_AUTO
2026-04-15 12:30:34,1776256234,BOOM600,5907.968,-1,0.005000000000109139,BACKFILL_AUTO
2026-04-15 12:30:35,1776256235,BOOM600,5907.962,-1,0.0059999999994033715,BACKFILL_AUTO
2026-04-15 12:30:36,1776256236,BOOM600,5907.959,-1,0.0030000000006111804,BACKFILL_AUTO
2026-04-15 12:30:37,1776256237,BOOM600,5907.949,-1,0.010000000000218279,BACKFILL_AUTO
2026-04-15 12:30:38,1776256238,BOOM600,5907.94,-1,0.009000000000014552,BACKFILL_AUTO
2026-04-15 12:30:39,1776256239,BOOM600,5907.921,-1,0.018999999999323336,BACKFILL_AUTO
2026-04-15 12:30:40,1776256240,BOOM600,5907.915,-1,0.006000000000312866,BACKFILL_AUTO
2026-04-15 12:30:41,1776256241,BOOM600,5907.908,-1,0.006999999999607098,BACKFILL_AUTO
2026-04-15 12:30:42,1776256242,BOOM600,5907.895,-1,0.012999999999919964,BACKFILL_AUTO
2026-04-15 12:30:43,1776256243,BOOM600,5907.878,-1,0.01700000000073487,BACKFILL_AUTO
2026-04-15 12:30:44,1776256244,BOOM600,5907.87,-1,0.007999999999810825,BACKFILL_AUTO
2026-04-15 12:30:45,1776256245,BOOM600,5907.87,0,0.0,BACKFILL_AUTO
2026-04-15 12:30:46,1776256246,BOOM600,5907.854,-1,0.01599999999962165,BACKFILL_AUTO
2026-04-15 12:30:47,1776256247,BOOM600,5907.837,-1,0.016999999999825377,BACKFILL_AUTO
2026-04-15 12:30:48,1776256248,BOOM600,5907.826,-1,0.011000000000422006,BACKFILL_AUTO
2026-04-15 12:30:49,1776256249,BOOM600,5907.81,-1,0.01599999999962165,BACKFILL_AUTO
2026-04-15 12:30:50,1776256250,BOOM600,5907.804,-1,0.006000000000312866,BACKFILL_AUTO
2026-04-15 12:30:51,1776256251,BOOM600,5907.796,-1,0.007999999999810825,BACKFILL_AUTO
2026-04-15 12:30:52,1776256252,BOOM600,5907.795,-1,0.0010000000002037268,BACKFILL_AUTO
2026-04-15 12:30:53,1776256253,BOOM600,5907.787,-1,0.007999999999810825,BACKFILL_AUTO
2026-04-15 12:30:54,1776256254,BOOM600,5907.763,-1,0.02400000000034197,BACKFILL_AUTO
2026-04-15 12:30:55,1776256255,BOOM600,5907.757,-1,0.006000000000312866,BACKFILL_AUTO
2026-04-15 12:30:56,1776256256,BOOM600,5907.754,-1,0.0029999999997016857,BACKFILL_AUTO
2026-04-15 12:30:57,1776256257,BOOM600,5907.749,-1,0.005000000000109139,BACKFILL_AUTO
2026-04-15 12:30:58,1776256258,BOOM600,5907.746,-1,0.0029999999997016857,BACKFILL_AUTO
2026-04-15 12:30:59,1776256259,BOOM600,5907.737,-1,0.009000000000014552,BACKFILL_AUTO
2026-04-15 12:31:00,1776256260,BOOM600,5907.735,-1,0.0020000000004074536,BACKFILL_AUTO
2026-04-15 12:31:01,1776256261,BOOM600,5907.729,-1,0.0059999999994033715,BACKFILL_AUTO
2026-04-15 12:31:02,1776256262,BOOM600,5907.704,-1,0.025000000000545697,BACKFILL_AUTO
2026-04-15 12:31:03,1776256263,BOOM600,5907.687,-1,0.016999999999825377,BACKFILL_AUTO
2026-04-15 12:31:04,1776256264,BOOM600,5907.687,0,0.0,BACKFILL_AUTO
2026-04-15 12:31:05,1776256265,BOOM600,5907.665,-1,0.021999999999934516,BACKFILL_AUTO
2026-04-15 12:31:06,1776256266,BOOM600,5907.663,-1,0.0020000000004074536,BACKFILL_AUTO
2026-04-15 12:31:07,1776256267,BOOM600,5907.634,-1,0.028999999999541615,BACKFILL_AUTO
2026-04-15 12:31:08,1776256268,BOOM600,5907.624,-1,0.010000000000218279,BACKFILL_AUTO
2026-04-15 12:31:09,1776256269,BOOM600,5907.61,-1,0.014000000000123691,BACKFILL_AUTO
2026-04-15 12:31:10,1776256270,BOOM600,5907.607,-1,0.0029999999997016857,BACKFILL_AUTO
2026-04-15 12:31:11,1776256271,BOOM600,5907.603,-1,0.0039999999999054126,BACKFILL_AUTO
2026-04-15 12:31:12,1776256272,BOOM600,5907.597,-1,0.006000000000312866,BACKFILL_AUTO
2026-04-15 12:31:13,1776256273,BOOM600,5907.573,-1,0.023999999999432475,BACKFILL_AUTO
2026-04-15 12:31:14,1776256274,BOOM600,5907.573,0,0.0,BACKFILL_AUTO
2026-04-15 12:31:15,1776256275,BOOM600,5907.561,-1,0.012000000000625732,BACKFILL_AUTO
2026-04-15 12:31:16,1776256276,BOOM600,5907.542,-1,0.018999999999323336,BACKFILL_AUTO
2026-04-15 12:31:17,1776256277,BOOM600,5907.527,-1,0.015000000000327418,BACKFILL_AUTO
2026-04-15 12:31:18,1776256278,BOOM600,5907.524,-1,0.0029999999997016857,BACKFILL_AUTO
2026-04-15 12:31:19,1776256279,BOOM600,5907.517,-1,0.007000000000516593,BACKFILL_AUTO
2026-04-15 12:31:20,1776256280,BOOM600,5907.497,-1,0.019999999999527063,BACKFILL_AUTO
2026-04-15 12:31:21,1776256281,BOOM600,5907.48,-1,0.01700000000073487,BACKFILL_AUTO
2026-04-15 12:31:22,1776256282,BOOM600,5907.475,-1,0.004999999999199645,BACKFILL_AUTO
2026-04-15 12:31:23,1776256283,BOOM600,5907.472,-1,0.0030000000006111804,BACKFILL_AUTO
2026-04-15 12:31:24,1776256284,BOOM600,5907.469,-1,0.0029999999997016857,BACKFILL_AUTO
2026-04-15 12:31:25,1776256285,BOOM600,5907.465,-1,0.0039999999999054126,BACKFILL_AUTO
2026-04-15 12:31:26,1776256286,BOOM600,5907.465,0,0.0,BACKFILL_AUTO
2026-04-15 12:31:27,1776256287,BOOM600,5907.464,-1,0.0010000000002037268,BACKFILL_AUTO
2026-04-15 12:31:28,1776256288,BOOM600,5907.463,-1,0.0010000000002037268,BACKFILL_AUTO
2026-04-15 12:31:29,1776256289,BOOM600,5907.455,-1,0.007999999999810825,BACKFILL_AUTO
2026-04-15 12:31:30,1776256290,BOOM600,5907.454,-1,0.0010000000002037268,BACKFILL_AUTO
2026-04-15 12:31:31,1776256291,BOOM600,5907.446,-1,0.007999999999810825,BACKFILL_AUTO
2026-04-15 12:31:32,1776256292,BOOM600,5907.441,-1,0.005000000000109139,BACKFILL_AUTO
2026-04-15 12:31:33,1776256293,BOOM600,5907.435,-1,0.0059999999994033715,BACKFILL_AUTO
2026-04-15 12:31:34,1776256294,BOOM600,5907.425,-1,0.010000000000218279,BACKFILL_AUTO
2026-04-15 12:31:35,1776256295,BOOM600,5907.42,-1,0.005000000000109139,BACKFILL_AUTO
2026-04-15 12:31:36,1776256296,BOOM600,5907.4,-1,0.020000000000436557,BACKFILL_AUTO
2026-04-15 12:31:37,1776256297,BOOM600,5907.386,-1,0.013999999999214197,BACKFILL_AUTO
2026-04-15 12:31:38,1776256298,BOOM600,5907.37,-1,0.016000000000531145,BACKFILL_AUTO
2026-04-15 12:31:39,1776256299,BOOM600,5908.099,1,0.7290000000002692,BACKFILL_AUTO
2026-04-15 12:31:40,1776256300,BOOM600,5908.094,-1,0.005000000000109139,BACKFILL_AUTO
2026-04-15 12:31:41,1776256301,BOOM600,5908.085,-1,0.009000000000014552,BACKFILL_AUTO
2026-04-15 12:31:42,1776256302,BOOM600,5908.083,-1,0.0020000000004074536,BACKFILL_AUTO
2026-04-15 12:31:43,1776256303,BOOM600,5908.069,-1,0.013999999999214197,BACKFILL_AUTO
2026-04-15 12:31:44,1776256304,BOOM600,5908.06,-1,0.009000000000014552,BACKFILL_AUTO
2026-04-15 12:31:45,1776256305,BOOM600,5908.045,-1,0.015000000000327418,BACKFILL_AUTO
2026-04-15 12:31:46,1776256306,BOOM600,5908.029,-1,0.01599999999962165,BACKFILL_AUTO
2026-04-15 12:31:47,1776256307,BOOM600,5908.025,-1,0.004000000000814907,BACKFILL_AUTO
2026-04-15 12:31:48,1776256308,BOOM600,5908.008,-1,0.016999999999825377,BACKFILL_AUTO
2026-04-15 12:31:49,1776256309,BOOM600,5908.001,-1,0.006999999999607098,BACKFILL_AUTO
2026-04-15 12:31:50,1776256310,BOOM600,5907.994,-1,0.007000000000516593,BACKFILL_AUTO
2026-04-15 12:31:51,1776256311,BOOM600,5907.987,-1,0.006999999999607098,BACKFILL_AUTO
2026-04-15 12:31:52,1776256312,BOOM600,5907.977,-1,0.010000000000218279,BACKFILL_AUTO
2026-04-15 12:31:53,1776256313,BOOM600,5907.971,-1,0.006000000000312866,BACKFILL_AUTO
2026-04-15 12:31:54,1776256314,BOOM600,5907.966,-1,0.004999999999199645,BACKFILL_AUTO
2026-04-15 12:31:55,1776256315,BOOM600,5907.949,-1,0.01700000000073487,BACKFILL_AUTO
2026-04-15 12:31:56,1776256316,BOOM600,5907.935,-1,0.013999999999214197,BACKFILL_AUTO
2026-04-15 12:31:57,1776256317,BOOM600,5907.926,-1,0.009000000000014552,BACKFILL_AUTO
2026-04-15 12:31:58,1776256318,BOOM600,5907.915,-1,0.011000000000422006,BACKFILL_AUTO
2026-04-15 12:31:59,1776256319,BOOM600,5907.912,-1,0.0029999999997016857,BACKFILL_AUTO
2026-04-15 12:32:00,1776256320,BOOM600,5907.902,-1,0.010000000000218279,BACKFILL_AUTO
2026-04-15 12:32:01,1776256321,BOOM600,5907.9,-1,0.0020000000004074536,BACKFILL_AUTO
2026-04-15 12:32:02,1776256322,BOOM600,5907.895,-1,0.004999999999199645,BACKFILL_AUTO
2026-04-15 12:32:03,1776256323,BOOM600,5907.893,-1,0.0020000000004074536,BACKFILL_AUTO
2026-04-15 12:32:04,1776256324,BOOM600,5907.89,-1,0.0029999999997016857,BACKFILL_AUTO
2026-04-15 12:32:05,1776256325,BOOM600,5907.87,-1,0.020000000000436557,BACKFILL_AUTO
2026-04-15 12:32:06,1776256326,BOOM600,5907.853,-1,0.016999999999825377,BACKFILL_AUTO
2026-04-15 12:32:07,1776256327,BOOM600,5907.852,-1,0.0010000000002037268,BACKFILL_AUTO
2026-04-15 12:32:08,1776256328,BOOM600,5907.83,-1,0.021999999999934516,BACKFILL_AUTO
2026-04-15 12:32:09,1776256329,BOOM600,5907.819,-1,0.01099999999951251,BACKFILL_AUTO
2026-04-15 12:32:10,1776256330,BOOM600,5907.817,-1,0.0020000000004074536,BACKFILL_AUTO
2026-04-15 12:32:11,1776256331,BOOM600,5907.813,-1,0.0039999999999054126,BACKFILL_AUTO
2026-04-15 12:32:12,1776256332,BOOM600,5907.8,-1,0.012999999999919964,BACKFILL_AUTO
2026-04-15 12:32:13,1776256333,BOOM600,5907.791,-1,0.009000000000014552,BACKFILL_AUTO
2026-04-15 12:32:14,1776256334,BOOM600,5907.781,-1,0.010000000000218279,BACKFILL_AUTO
2026-04-15 12:32:15,1776256335,BOOM600,5907.775,-1,0.006000000000312866,BACKFILL_AUTO
2026-04-15 12:32:16,1776256336,BOOM600,5907.765,-1,0.009999999999308784,BACKFILL_AUTO
2026-04-15 12:32:17,1776256337,BOOM600,5907.753,-1,0.012000000000625732,BACKFILL_AUTO
2026-04-15 12:32:18,1776256338,BOOM600,5907.749,-1,0.0039999999999054126,BACKFILL_AUTO
2026-04-15 12:32:19,1776256339,BOOM600,5907.734,-1,0.014999999999417923,BACKFILL_AUTO
2026-04-15 12:32:20,1776256340,BOOM600,5907.717,-1,0.01700000000073487,BACKFILL_AUTO
2026-04-15 12:32:21,1776256341,BOOM600,5907.703,-1,0.013999999999214197,BACKFILL_AUTO
2026-04-15 12:32:22,1776256342,BOOM600,5907.672,-1,0.031000000000858563,BACKFILL_AUTO
2026-04-15 12:32:23,1776256343,BOOM600,5907.664,-1,0.007999999999810825,BACKFILL_AUTO
2026-04-15 12:32:24,1776256344,BOOM600,5907.652,-1,0.011999999999716238,BACKFILL_AUTO
2026-04-15 12:32:25,1776256345,BOOM600,5907.635,-1,0.016999999999825377,BACKFILL_AUTO
2026-04-15 12:32:26,1776256346,BOOM600,5907.632,-1,0.0030000000006111804,BACKFILL_AUTO
2026-04-15 12:32:27,1776256347,BOOM600,5907.622,-1,0.009999999999308784,BACKFILL_AUTO
2026-04-15 12:32:28,1776256348,BOOM600,5907.619,-1,0.0030000000006111804,BACKFILL_AUTO
2026-04-15 12:32:29,1776256349,BOOM600,5907.608,-1,0.01099999999951251,BACKFILL_AUTO
2026-04-15 12:32:30,1776256350,BOOM600,5907.602,-1,0.006000000000312866,BACKFILL_AUTO
2026-04-15 12:32:31,1776256351,BOOM600,5907.592,-1,0.010000000000218279,BACKFILL_AUTO
2026-04-15 12:32:32,1776256352,BOOM600,5907.59,-1,0.001999999999497959,BACKFILL_AUTO
2026-04-15 12:32:33,1776256353,BOOM600,5907.578,-1,0.011999999999716238,BACKFILL_AUTO
2026-04-15 12:32:34,1776256354,BOOM600,5907.573,-1,0.005000000000109139,BACKFILL_AUTO
2026-04-15 12:32:35,1776256355,BOOM600,5907.56,-1,0.012999999999919964,BACKFILL_AUTO
2026-04-15 12:32:36,1776256356,BOOM600,5907.555,-1,0.005000000000109139,BACKFILL_AUTO
2026-04-15 12:32:37,1776256357,BOOM600,5907.539,-1,0.016000000000531145,BACKFILL_AUTO
2026-04-15 12:32:38,1776256358,BOOM600,5907.53,-1,0.009000000000014552,BACKFILL_AUTO
2026-04-15 12:32:39,1776256359,BOOM600,5907.528,-1,0.001999999999497959,BACKFILL_AUTO
2026-04-15 12:32:40,1776256360,BOOM600,5907.524,-1,0.0039999999999054126,BACKFILL_AUTO
2026-04-15 12:32:41,1776256361,BOOM600,5907.517,-1,0.007000000000516593,BACKFILL_AUTO
2026-04-15 12:32:42,1776256362,BOOM600,5907.491,-1,0.02599999999983993,BACKFILL_AUTO
2026-04-15 12:32:43,1776256363,BOOM600,5907.486,-1,0.005000000000109139,BACKFILL_AUTO
2026-04-15 12:32:44,1776256364,BOOM600,5907.48,-1,0.006000000000312866,BACKFILL_AUTO
2026-04-15 12:32:45,1776256365,BOOM600,5907.46,-1,0.019999999999527063,BACKFILL_AUTO
2026-04-15 12:32:46,1776256366,BOOM600,5907.452,-1,0.007999999999810825,BACKFILL_AUTO
2026-04-15 12:32:47,1776256367,BOOM600,5907.45,-1,0.0020000000004074536,BACKFILL_AUTO
2026-04-15 12:32:48,1776256368,BOOM600,5907.439,-1,0.01099999999951251,BACKFILL_AUTO
2026-04-15 12:32:49,1776256369,BOOM600,5907.432,-1,0.007000000000516593,BACKFILL_AUTO
2026-04-15 12:32:50,1776256370,BOOM600,5907.429,-1,0.0029999999997016857,BACKFILL_AUTO
2026-04-15 12:32:51,1776256371,BOOM600,5907.427,-1,0.0020000000004074536,BACKFILL_AUTO
2026-04-15 12:32:52,1776256372,BOOM600,5907.421,-1,0.0059999999994033715,BACKFILL_AUTO
2026-04-15 12:32:53,1776256373,BOOM600,5907.416,-1,0.005000000000109139,BACKFILL_AUTO
2026-04-15 12:32:54,1776256374,BOOM600,5907.403,-1,0.012999999999919964,BACKFILL_AUTO
2026-04-15 12:32:55,1776256375,BOOM600,5907.402,-1,0.0010000000002037268,BACKFILL_AUTO
2026-04-15 12:32:56,1776256376,BOOM600,5907.399,-1,0.0029999999997016857,BACKFILL_AUTO
2026-04-15 12:32:57,1776256377,BOOM600,5907.377,-1,0.021999999999934516,BACKFILL_AUTO
2026-04-15 12:32:58,1776256378,BOOM600,5907.361,-1,0.016000000000531145,BACKFILL_AUTO
2026-04-15 12:32:59,1776256379,BOOM600,5907.354,-1,0.006999999999607098,BACKFILL_AUTO
2026-04-15 12:33:00,1776256380,BOOM600,5907.348,-1,0.006000000000312866,BACKFILL_AUTO
2026-04-15 12:33:01,1776256381,BOOM600,5907.343,-1,0.005000000000109139,BACKFILL_AUTO
2026-04-15 12:33:02,1776256382,BOOM600,5907.339,-1,0.0039999999999054126,BACKFILL_AUTO
2026-04-15 12:33:03,1776256383,BOOM600,5907.315,-1,0.02400000000034197,BACKFILL_AUTO
2026-04-15 12:33:04,1776256384,BOOM600,5907.307,-1,0.007999999999810825,BACKFILL_AUTO
2026-04-15 12:33:05,1776256385,BOOM600,5907.301,-1,0.0059999999994033715,BACKFILL_AUTO
2026-04-15 12:33:06,1776256386,BOOM600,5907.299,-1,0.0020000000004074536,BACKFILL_AUTO
2026-04-15 12:33:07,1776256387,BOOM600,5907.274,-1,0.024999999999636202,BACKFILL_AUTO
2026-04-15 12:33:08,1776256388,BOOM600,5907.266,-1,0.00800000000072032,BACKFILL_AUTO
2026-04-15 12:33:09,1776256389,BOOM600,5907.256,-1,0.009999999999308784,BACKFILL_AUTO
2026-04-15 12:33:10,1776256390,BOOM600,5907.252,-1,0.0039999999999054126,BACKFILL_AUTO
2026-04-15 12:33:11,1776256391,BOOM600,5907.244,-1,0.00800000000072032,BACKFILL_AUTO
2026-04-15 12:33:12,1776256392,BOOM600,5907.227,-1,0.016999999999825377,BACKFILL_AUTO
2026-04-15 12:33:13,1776256393,BOOM600,5907.22,-1,0.006999999999607098,BACKFILL_AUTO
2026-04-15 12:33:14,1776256394,BOOM600,5907.216,-1,0.0039999999999054126,BACKFILL_AUTO
2026-04-15 12:33:15,1776256395,BOOM600,5907.2,-1,0.016000000000531145,BACKFILL_AUTO
2026-04-15 12:33:16,1776256396,BOOM600,5907.186,-1,0.014000000000123691,BACKFILL_AUTO
2026-04-15 12:33:17,1776256397,BOOM600,5907.164,-1,0.021999999999934516,BACKFILL_AUTO
2026-04-15 12:33:18,1776256398,BOOM600,5907.155,-1,0.009000000000014552,BACKFILL_AUTO
2026-04-15 12:33:19,1776256399,BOOM600,5907.146,-1,0.009000000000014552,BACKFILL_AUTO
2026-04-15 12:33:20,1776256400,BOOM600,5907.142,-1,0.0039999999999054126,BACKFILL_AUTO
2026-04-15 12:33:21,1776256401,BOOM600,5907.135,-1,0.006999999999607098,BACKFILL_AUTO
2026-04-15 12:33:22,1776256402,BOOM600,5907.132,-1,0.0030000000006111804,BACKFILL_AUTO
2026-04-15 12:33:23,1776256403,BOOM600,5907.129,-1,0.0029999999997016857,BACKFILL_AUTO
2026-04-15 12:33:24,1776256404,BOOM600,5907.119,-1,0.010000000000218279,BACKFILL_AUTO
2026-04-15 12:33:25,1776256405,BOOM600,5907.11,-1,0.009000000000014552,BACKFILL_AUTO
2026-04-15 12:33:26,1776256406,BOOM600,5907.099,-1,0.01099999999951251,BACKFILL_AUTO
2026-04-15 12:33:27,1776256407,BOOM600,5907.081,-1,0.018000000000029104,BACKFILL_AUTO
2026-04-15 12:33:28,1776256408,BOOM600,5907.066,-1,0.015000000000327418,BACKFILL_AUTO
2026-04-15 12:33:29,1776256409,BOOM600,5907.064,-1,0.001999999999497959,BACKFILL_AUTO
2026-04-15 12:33:30,1776256410,BOOM600,5907.045,-1,0.01900000000023283,BACKFILL_AUTO
2026-04-15 12:33:31,1776256411,BOOM600,5907.04,-1,0.005000000000109139,BACKFILL_AUTO
2026-04-15 12:33:32,1776256412,BOOM600,5907.039,-1,0.0010000000002037268,BACKFILL_AUTO
2026-04-15 12:33:33,1776256413,BOOM600,5907.036,-1,0.0029999999997016857,BACKFILL_AUTO
2026-04-15 12:33:34,1776256414,BOOM600,5907.034,-1,0.0020000000004074536,BACKFILL_AUTO
2026-04-15 12:33:35,1776256415,BOOM600,5907.021,-1,0.012999999999919964,BACKFILL_AUTO
2026-04-15 12:33:36,1776256416,BOOM600,5907.01,-1,0.01099999999951251,BACKFILL_AUTO
2026-04-15 12:33:37,1776256417,BOOM600,5907.007,-1,0.0030000000006111804,BACKFILL_AUTO
2026-04-15 12:33:38,1776256418,BOOM600,5907.007,0,0.0,BACKFILL_AUTO
2026-04-15 12:33:39,1776256419,BOOM600,5907.002,-1,0.004999999999199645,BACKFILL_AUTO
2026-04-15 12:33:40,1776256420,BOOM600,5906.995,-1,0.007000000000516593,BACKFILL_AUTO
2026-04-15 12:33:41,1776256421,BOOM600,5906.992,-1,0.0029999999997016857,BACKFILL_AUTO
2026-04-15 12:33:42,1776256422,BOOM600,5906.979,-1,0.012999999999919964,BACKFILL_AUTO
2026-04-15 12:33:43,1776256423,BOOM600,5906.973,-1,0.006000000000312866,BACKFILL_AUTO
2026-04-15 12:33:44,1776256424,BOOM600,5906.965,-1,0.007999999999810825,BACKFILL_AUTO
2026-04-15 12:33:45,1776256425,BOOM600,5906.963,-1,0.0020000000004074536,BACKFILL_AUTO
2026-04-15 12:33:46,1776256426,BOOM600,5906.952,-1,0.01099999999951251,BACKFILL_AUTO
2026-04-15 12:33:47,1776256427,BOOM600,5906.945,-1,0.007000000000516593,BACKFILL_AUTO
2026-04-15 12:33:48,1776256428,BOOM600,5906.923,-1,0.021999999999934516,BACKFILL_AUTO
2026-04-15 12:33:49,1776256429,BOOM600,5906.909,-1,0.014000000000123691,BACKFILL_AUTO
2026-04-15 12:33:50,1776256430,BOOM600,5906.903,-1,0.0059999999994033715,BACKFILL_AUTO
2026-04-15 12:33:51,1776256431,BOOM600,5906.9,-1,0.0030000000006111804,BACKFILL_AUTO
2026-04-15 12:33:52,1776256432,BOOM600,5906.878,-1,0.021999999999934516,BACKFILL_AUTO
2026-04-15 12:33:53,1776256433,BOOM600,5906.874,-1,0.0039999999999054126,BACKFILL_AUTO
2026-04-15 12:33:54,1776256434,BOOM600,5906.849,-1,0.024999999999636202,BACKFILL_AUTO
2026-04-15 12:33:55,1776256435,BOOM600,5906.841,-1,0.007999999999810825,BACKFILL_AUTO
2026-04-15 12:33:56,1776256436,BOOM600,5906.824,-1,0.01700000000073487,BACKFILL_AUTO
2026-04-15 12:33:57,1776256437,BOOM600,5906.818,-1,0.0059999999994033715,BACKFILL_AUTO
2026-04-15 12:33:58,1776256438,BOOM600,5906.807,-1,0.011000000000422006,BACKFILL_AUTO
2026-04-15 12:33:59,1776256439,BOOM600,5906.801,-1,0.0059999999994033715,BACKFILL_AUTO
2026-04-15 12:34:00,1776256440,BOOM600,5906.793,-1,0.00800000000072032,BACKFILL_AUTO
2026-04-15 12:34:01,1776256441,BOOM600,5906.789,-1,0.0039999999999054126,BACKFILL_AUTO
2026-04-15 12:34:02,1776256442,BOOM600,5906.78,-1,0.009000000000014552,BACKFILL_AUTO
2026-04-15 12:34:03,1776256443,BOOM600,5906.768,-1,0.011999999999716238,BACKFILL_AUTO
2026-04-15 12:34:04,1776256444,BOOM600,5906.741,-1,0.027000000000043656,BACKFILL_AUTO
2026-04-15 12:34:05,1776256445,BOOM600,5906.739,-1,0.0020000000004074536,BACKFILL_AUTO
2026-04-15 12:34:06,1776256446,BOOM600,5906.731,-1,0.007999999999810825,BACKFILL_AUTO
2026-04-15 12:34:07,1776256447,BOOM600,5906.723,-1,0.007999999999810825,BACKFILL_AUTO
2026-04-15 12:34:08,1776256448,BOOM600,5906.712,-1,0.01099999999951251,BACKFILL_AUTO
2026-04-15 12:34:09,1776256449,BOOM600,5906.705,-1,0.007000000000516593,BACKFILL_AUTO
2026-04-15 12:34:10,1776256450,BOOM600,5906.682,-1,0.023000000000138243,BACKFILL_AUTO
2026-04-15 12:34:11,1776256451,BOOM600,5906.657,-1,0.024999999999636202,BACKFILL_AUTO
2026-04-15 12:34:12,1776256452,BOOM600,5906.647,-1,0.010000000000218279,BACKFILL_AUTO
2026-04-15 12:34:13,1776256453,BOOM600,5906.646,-1,0.0010000000002037268,BACKFILL_AUTO
2026-04-15 12:34:14,1776256454,BOOM600,5906.645,-1,0.0009999999992942321,BACKFILL_AUTO
2026-04-15 12:34:15,1776256455,BOOM600,5906.634,-1,0.011000000000422006,BACKFILL_AUTO
2026-04-15 12:34:16,1776256456,BOOM600,5906.634,0,0.0,BACKFILL_AUTO
2026-04-15 12:34:17,1776256457,BOOM600,5906.611,-1,0.023000000000138243,BACKFILL_AUTO
2026-04-15 12:34:18,1776256458,BOOM600,5906.597,-1,0.014000000000123691,BACKFILL_AUTO
2026-04-15 12:34:19,1776256459,BOOM600,5906.586,-1,0.01099999999951251,BACKFILL_AUTO
2026-04-15 12:34:20,1776256460,BOOM600,5906.583,-1,0.0030000000006111804,BACKFILL_AUTO
2026-04-15 12:34:21,1776256461,BOOM600,5906.574,-1,0.009000000000014552,BACKFILL_AUTO
2026-04-15 12:34:22,1776256462,BOOM600,5906.559,-1,0.014999999999417923,BACKFILL_AUTO
2026-04-15 12:34:23,1776256463,BOOM600,5906.557,-1,0.0020000000004074536,BACKFILL_AUTO
2026-04-15 12:34:24,1776256464,BOOM600,5906.541,-1,0.01599999999962165,BACKFILL_AUTO
2026-04-15 12:34:25,1776256465,BOOM600,5906.534,-1,0.007000000000516593,BACKFILL_AUTO
2026-04-15 12:34:26,1776256466,BOOM600,5906.528,-1,0.0059999999994033715,BACKFILL_AUTO
2026-04-15 12:34:27,1776256467,BOOM600,5906.527,-1,0.0010000000002037268,BACKFILL_AUTO
2026-04-15 12:34:28,1776256468,BOOM600,5906.516,-1,0.011000000000422006,BACKFILL_AUTO
2026-04-15 12:34:29,1776256469,BOOM600,5906.506,-1,0.009999999999308784,BACKFILL_AUTO
2026-04-15 12:34:30,1776256470,BOOM600,5906.502,-1,0.0039999999999054126,BACKFILL_AUTO
2026-04-15 12:34:31,1776256471,BOOM600,5906.493,-1,0.009000000000014552,BACKFILL_AUTO
2026-04-15 12:34:32,1776256472,BOOM600,5906.477,-1,0.016000000000531145,BACKFILL_AUTO
2026-04-15 12:34:33,1776256473,BOOM600,5906.469,-1,0.007999999999810825,BACKFILL_AUTO
2026-04-15 12:34:34,1776256474,BOOM600,5906.441,-1,0.028000000000247383,BACKFILL_AUTO
2026-04-15 12:34:35,1776256475,BOOM600,5906.43,-1,0.01099999999951251,BACKFILL_AUTO
2026-04-15 12:34:36,1776256476,BOOM600,5906.418,-1,0.012000000000625732,BACKFILL_AUTO
2026-04-15 12:34:37,1776256477,BOOM600,5906.412,-1,0.0059999999994033715,BACKFILL_AUTO
2026-04-15 12:34:38,1776256478,BOOM600,5906.4,-1,0.012000000000625732,BACKFILL_AUTO
2026-04-15 12:34:39,1776256479,BOOM600,5906.383,-1,0.016999999999825377,BACKFILL_AUTO
2026-04-15 12:34:40,1776256480,BOOM600,5906.379,-1,0.0039999999999054126,BACKFILL_AUTO
2026-04-15 12:34:41,1776256481,BOOM600,5906.37,-1,0.009000000000014552,BACKFILL_AUTO
2026-04-15 12:34:42,1776256482,BOOM600,5906.368,-1,0.001999999999497959,BACKFILL_AUTO
2026-04-15 12:34:43,1776256483,BOOM600,5906.358,-1,0.010000000000218279,BACKFILL_AUTO
2026-04-15 12:34:44,1776256484,BOOM600,5906.345,-1,0.012999999999919964,BACKFILL_AUTO
2026-04-15 12:34:45,1776256485,BOOM600,5906.334,-1,0.011000000000422006,BACKFILL_AUTO
2026-04-15 12:34:46,1776256486,BOOM600,5906.322,-1,0.011999999999716238,BACKFILL_AUTO
2026-04-15 12:34:47,1776256487,BOOM600,5906.315,-1,0.007000000000516593,BACKFILL_AUTO
2026-04-15 12:34:48,1776256488,BOOM600,5906.307,-1,0.007999999999810825,BACKFILL_AUTO
2026-04-15 12:34:49,1776256489,BOOM600,5906.298,-1,0.009000000000014552,BACKFILL_AUTO
2026-04-15 12:34:50,1776256490,BOOM600,5906.288,-1,0.010000000000218279,BACKFILL_AUTO
2026-04-15 12:34:51,1776256491,BOOM600,5906.287,-1,0.0009999999992942321,BACKFILL_AUTO
2026-04-15 12:34:52,1776256492,BOOM600,5906.274,-1,0.012999999999919964,BACKFILL_AUTO
2026-04-15 12:34:53,1776256493,BOOM600,5906.263,-1,0.011000000000422006,BACKFILL_AUTO
2026-04-15 12:34:54,1776256494,BOOM600,5906.257,-1,0.006000000000312866,BACKFILL_AUTO
2026-04-15 12:34:55,1776256495,BOOM600,5906.237,-1,0.019999999999527063,BACKFILL_AUTO
2026-04-15 12:34:56,1776256496,BOOM600,5906.232,-1,0.005000000000109139,BACKFILL_AUTO
2026-04-15 12:34:57,1776256497,BOOM600,5906.222,-1,0.010000000000218279,BACKFILL_AUTO
2026-04-15 12:34:58,1776256498,BOOM600,5906.212,-1,0.009999999999308784,BACKFILL_AUTO
2026-04-15 12:34:59,1776256499,BOOM600,5906.189,-1,0.023000000000138243,BACKFILL_AUTO
2026-04-15 12:35:00,1776256500,BOOM600,5906.181,-1,0.00800000000072032,BACKFILL_AUTO
2026-04-15 12:35:01,1776256501,BOOM600,5906.169,-1,0.011999999999716238,BACKFILL_AUTO
2026-04-15 12:35:02,1776256502,BOOM600,5906.168,-1,0.0010000000002037268,BACKFILL_AUTO
2026-04-15 12:35:03,1776256503,BOOM600,5906.167,-1,0.0009999999992942321,BACKFILL_AUTO
2026-04-15 12:35:04,1776256504,BOOM600,5906.162,-1,0.005000000000109139,BACKFILL_AUTO
2026-04-15 12:35:05,1776256505,BOOM600,5906.159,-1,0.0030000000006111804,BACKFILL_AUTO
2026-04-15 12:35:06,1776256506,BOOM600,5906.151,-1,0.007999999999810825,BACKFILL_AUTO
2026-04-15 12:35:07,1776256507,BOOM600,5906.146,-1,0.005000000000109139,BACKFILL_AUTO
2026-04-15 12:35:08,1776256508,BOOM600,5906.145,-1,0.0009999999992942321,BACKFILL_AUTO
2026-04-15 12:35:09,1776256509,BOOM600,5906.141,-1,0.004000000000814907,BACKFILL_AUTO
2026-04-15 12:35:10,1776256510,BOOM600,5906.136,-1,0.004999999999199645,BACKFILL_AUTO
2026-04-15 12:35:11,1776256511,BOOM600,5906.133,-1,0.0030000000006111804,BACKFILL_AUTO
2026-04-15 12:35:12,1776256512,BOOM600,5906.119,-1,0.014000000000123691,BACKFILL_AUTO
2026-04-15 12:35:13,1776256513,BOOM600,5906.115,-1,0.0039999999999054126,BACKFILL_AUTO
2026-04-15 12:35:14,1776256514,BOOM600,5906.087,-1,0.027999999999337888,BACKFILL_AUTO
2026-04-15 12:35:15,1776256515,BOOM600,5906.079,-1,0.00800000000072032,BACKFILL_AUTO
2026-04-15 12:35:16,1776256516,BOOM600,5906.077,-1,0.001999999999497959,BACKFILL_AUTO
2026-04-15 12:35:17,1776256517,BOOM600,5906.055,-1,0.021999999999934516,BACKFILL_AUTO
2026-04-15 12:35:18,1776256518,BOOM600,5906.052,-1,0.0030000000006111804,BACKFILL_AUTO
2026-04-15 12:35:19,1776256519,BOOM600,5906.036,-1,0.01599999999962165,BACKFILL_AUTO
2026-04-15 12:35:20,1776256520,BOOM600,5906.023,-1,0.012999999999919964,BACKFILL_AUTO
2026-04-15 12:35:21,1776256521,BOOM600,5906.017,-1,0.006000000000312866,BACKFILL_AUTO
2026-04-15 12:35:22,1776256522,BOOM600,5906.013,-1,0.0039999999999054126,BACKFILL_AUTO
2026-04-15 12:35:23,1776256523,BOOM600,5905.993,-1,0.019999999999527063,BACKFILL_AUTO
2026-04-15 12:35:24,1776256524,BOOM600,5905.972,-1,0.021000000000640284,BACKFILL_AUTO
2026-04-15 12:35:25,1776256525,BOOM600,5905.957,-1,0.014999999999417923,BACKFILL_AUTO
2026-04-15 12:35:26,1776256526,BOOM600,5905.952,-1,0.005000000000109139,BACKFILL_AUTO
2026-04-15 12:35:27,1776256527,BOOM600,5905.937,-1,0.015000000000327418,BACKFILL_AUTO
2026-04-15 12:35:28,1776256528,BOOM600,5905.928,-1,0.009000000000014552,BACKFILL_AUTO
2026-04-15 12:35:29,1776256529,BOOM600,5905.92,-1,0.007999999999810825,BACKFILL_AUTO
2026-04-15 12:35:30,1776256530,BOOM600,5905.917,-1,0.0029999999997016857,BACKFILL_AUTO
2026-04-15 12:35:31,1776256531,BOOM600,5905.915,-1,0.0020000000004074536,BACKFILL_AUTO
2026-04-15 12:35:32,1776256532,BOOM600,5905.908,-1,0.006999999999607098,BACKFILL_AUTO
2026-04-15 12:35:33,1776256533,BOOM600,5905.902,-1,0.006000000000312866,BACKFILL_AUTO
2026-04-15 12:35:34,1776256534,BOOM600,5905.9,-1,0.0020000000004074536,BACKFILL_AUTO
2026-04-15 12:35:35,1776256535,BOOM600,5905.898,-1,0.001999999999497959,BACKFILL_AUTO
2026-04-15 12:35:36,1776256536,BOOM600,5905.88,-1,0.018000000000029104,BACKFILL_AUTO
2026-04-15 12:35:37,1776256537,BOOM600,5905.871,-1,0.009000000000014552,BACKFILL_AUTO
2026-04-15 12:35:38,1776256538,BOOM600,5905.867,-1,0.0039999999999054126,BACKFILL_AUTO
2026-04-15 12:35:39,1776256539,BOOM600,5905.837,-1,0.02999999999974534,BACKFILL_AUTO
2026-04-15 12:35:40,1776256540,BOOM600,5905.835,-1,0.0020000000004074536,BACKFILL_AUTO
2026-04-15 12:35:41,1776256541,BOOM600,5905.831,-1,0.0039999999999054126,BACKFILL_AUTO
2026-04-15 12:35:42,1776256542,BOOM600,5905.821,-1,0.010000000000218279,BACKFILL_AUTO
2026-04-15 12:35:43,1776256543,BOOM600,5905.813,-1,0.007999999999810825,BACKFILL_AUTO
2026-04-15 12:35:44,1776256544,BOOM600,5905.806,-1,0.007000000000516593,BACKFILL_AUTO
2026-04-15 12:35:45,1776256545,BOOM600,5905.804,-1,0.001999999999497959,BACKFILL_AUTO
2026-04-15 12:35:46,1776256546,BOOM600,5905.785,-1,0.01900000000023283,BACKFILL_AUTO
2026-04-15 12:35:47,1776256547,BOOM600,5905.776,-1,0.009000000000014552,BACKFILL_AUTO
2026-04-15 12:35:48,1776256548,BOOM600,5905.772,-1,0.0039999999999054126,BACKFILL_AUTO
2026-04-15 12:35:49,1776256549,BOOM600,5905.772,0,0.0,BACKFILL_AUTO
2026-04-15 12:35:50,1776256550,BOOM600,5905.754,-1,0.018000000000029104,BACKFILL_AUTO
2026-04-15 12:35:51,1776256551,BOOM600,5905.736,-1,0.018000000000029104,BACKFILL_AUTO
2026-04-15 12:35:52,1776256552,BOOM600,5905.736,0,0.0,BACKFILL_AUTO
2026-04-15 12:35:53,1776256553,BOOM600,5905.725,-1,0.01099999999951251,BACKFILL_AUTO
2026-04-15 12:35:54,1776256554,BOOM600,5905.712,-1,0.012999999999919964,BACKFILL_AUTO
2026-04-15 12:35:55,1776256555,BOOM600,5905.709,-1,0.0030000000006111804,BACKFILL_AUTO
2026-04-15 12:35:56,1776256556,BOOM600,5905.694,-1,0.014999999999417923,BACKFILL_AUTO
2026-04-15 12:35:57,1776256557,BOOM600,5905.693,-1,0.0010000000002037268,BACKFILL_AUTO
2026-04-15 12:35:58,1776256558,BOOM600,5905.682,-1,0.011000000000422006,BACKFILL_AUTO
2026-04-15 12:35:59,1776256559,BOOM600,5905.677,-1,0.005000000000109139,BACKFILL_AUTO
2026-04-15 12:36:00,1776256560,BOOM600,5905.674,-1,0.0029999999997016857,BACKFILL_AUTO
2026-04-15 12:36:01,1776256561,BOOM600,5905.66,-1,0.014000000000123691,BACKFILL_AUTO
2026-04-15 12:36:02,1776256562,BOOM600,5905.659,-1,0.0010000000002037268,BACKFILL_AUTO
2026-04-15 12:36:03,1776256563,BOOM600,5905.638,-1,0.02099999999973079,BACKFILL_AUTO
2026-04-15 12:36:04,1776256564,BOOM600,5905.628,-1,0.010000000000218279,BACKFILL_AUTO
2026-04-15 12:36:05,1776256565,BOOM600,5905.627,-1,0.0009999999992942321,BACKFILL_AUTO
2026-04-15 12:36:06,1776256566,BOOM600,5905.622,-1,0.005000000000109139,BACKFILL_AUTO
2026-04-15 12:36:07,1776256567,BOOM600,5905.588,-1,0.03400000000056025,BACKFILL_AUTO
2026-04-15 12:36:08,1776256568,BOOM600,5905.581,-1,0.006999999999607098,BACKFILL_AUTO
2026-04-15 12:36:09,1776256569,BOOM600,5905.572,-1,0.009000000000014552,BACKFILL_AUTO
2026-04-15 12:36:10,1776256570,BOOM600,5905.568,-1,0.0039999999999054126,BACKFILL_AUTO
2026-04-15 12:36:11,1776256571,BOOM600,5905.559,-1,0.009000000000014552,BACKFILL_AUTO
2026-04-15 12:36:12,1776256572,BOOM600,5905.537,-1,0.021999999999934516,BACKFILL_AUTO
2026-04-15 12:36:13,1776256573,BOOM600,5905.531,-1,0.006000000000312866,BACKFILL_AUTO
2026-04-15 12:36:14,1776256574,BOOM600,5905.518,-1,0.012999999999919964,BACKFILL_AUTO
2026-04-15 12:36:15,1776256575,BOOM600,5905.505,-1,0.012999999999919964,BACKFILL_AUTO
2026-04-15 12:36:16,1776256576,BOOM600,5905.484,-1,0.02099999999973079,BACKFILL_AUTO
2026-04-15 12:36:17,1776256577,BOOM600,5905.462,-1,0.021999999999934516,BACKFILL_AUTO
2026-04-15 12:36:18,1776256578,BOOM600,5905.433,-1,0.02900000000045111,BACKFILL_AUTO
2026-04-15 12:36:19,1776256579,BOOM600,5905.422,-1,0.011000000000422006,BACKFILL_AUTO
2026-04-15 12:36:20,1776256580,BOOM600,5905.412,-1,0.009999999999308784,BACKFILL_AUTO
2026-04-15 12:36:21,1776256581,BOOM600,5905.411,-1,0.0010000000002037268,BACKFILL_AUTO
2026-04-15 12:36:22,1776256582,BOOM600,5905.393,-1,0.018000000000029104,BACKFILL_AUTO
2026-04-15 12:36:23,1776256583,BOOM600,5905.365,-1,0.028000000000247383,BACKFILL_AUTO
2026-04-15 12:36:24,1776256584,BOOM600,5905.347,-1,0.018000000000029104,BACKFILL_AUTO
2026-04-15 12:36:25,1776256585,BOOM600,5905.344,-1,0.0029999999997016857,BACKFILL_AUTO
2026-04-15 12:36:26,1776256586,BOOM600,5905.342,-1,0.0020000000004074536,BACKFILL_AUTO
2026-04-15 12:36:27,1776256587,BOOM600,5905.327,-1,0.014999999999417923,BACKFILL_AUTO
2026-04-15 12:36:28,1776256588,BOOM600,5905.312,-1,0.015000000000327418,BACKFILL_AUTO
2026-04-15 12:36:29,1776256589,BOOM600,5905.289,-1,0.023000000000138243,BACKFILL_AUTO
2026-04-15 12:36:30,1776256590,BOOM600,5905.283,-1,0.0059999999994033715,BACKFILL_AUTO
2026-04-15 12:36:31,1776256591,BOOM600,5905.271,-1,0.012000000000625732,BACKFILL_AUTO
2026-04-15 12:36:32,1776256592,BOOM600,5905.257,-1,0.014000000000123691,BACKFILL_AUTO
2026-04-15 12:36:33,1776256593,BOOM600,5905.249,-1,0.007999999999810825,BACKFILL_AUTO
2026-04-15 12:36:34,1776256594,BOOM600,5905.242,-1,0.006999999999607098,BACKFILL_AUTO
2026-04-15 12:36:35,1776256595,BOOM600,5905.227,-1,0.015000000000327418,BACKFILL_AUTO
2026-04-15 12:36:36,1776256596,BOOM600,5905.221,-1,0.006000000000312866,BACKFILL_AUTO
2026-04-15 12:36:37,1776256597,BOOM600,5905.211,-1,0.009999999999308784,BACKFILL_AUTO
2026-04-15 12:36:38,1776256598,BOOM600,5905.202,-1,0.009000000000014552,BACKFILL_AUTO
2026-04-15 12:36:39,1776256599,BOOM600,5905.201,-1,0.0010000000002037268,BACKFILL_AUTO
2026-04-15 12:36:40,1776256600,BOOM600,5905.195,-1,0.006000000000312866,BACKFILL_AUTO
2026-04-15 12:36:41,1776256601,BOOM600,5905.177,-1,0.018000000000029104,BACKFILL_AUTO
2026-04-15 12:36:42,1776256602,BOOM600,5905.164,-1,0.012999999999919964,BACKFILL_AUTO
2026-04-15 12:36:43,1776256603,BOOM600,5905.157,-1,0.006999999999607098,BACKFILL_AUTO
2026-04-15 12:36:44,1776256604,BOOM600,5905.152,-1,0.005000000000109139,BACKFILL_AUTO
2026-04-15 12:36:45,1776256605,BOOM600,5905.146,-1,0.006000000000312866,BACKFILL_AUTO
2026-04-15 12:36:46,1776256606,BOOM600,5905.122,-1,0.023999999999432475,BACKFILL_AUTO
2026-04-15 12:36:47,1776256607,BOOM600,5905.112,-1,0.010000000000218279,BACKFILL_AUTO
2026-04-15 12:36:48,1776256608,BOOM600,5905.103,-1,0.009000000000014552,BACKFILL_AUTO
2026-04-15 12:36:49,1776256609,BOOM600,5905.094,-1,0.009000000000014552,BACKFILL_AUTO
2026-04-15 12:36:50,1776256610,BOOM600,5905.086,-1,0.007999999999810825,BACKFILL_AUTO
2026-04-15 12:36:51,1776256611,BOOM600,5905.074,-1,0.012000000000625732,BACKFILL_AUTO
2026-04-15 12:36:52,1776256612,BOOM600,5905.066,-1,0.007999999999810825,BACKFILL_AUTO
2026-04-15 12:36:53,1776256613,BOOM600,5905.056,-1,0.010000000000218279,BACKFILL_AUTO
2026-04-15 12:36:54,1776256614,BOOM600,5905.045,-1,0.01099999999951251,BACKFILL_AUTO
2026-04-15 12:36:55,1776256615,BOOM600,5905.03,-1,0.015000000000327418,BACKFILL_AUTO
2026-04-15 12:36:56,1776256616,BOOM600,5905.01,-1,0.019999999999527063,BACKFILL_AUTO
2026-04-15 12:36:57,1776256617,BOOM600,5904.991,-1,0.01900000000023283,BACKFILL_AUTO
2026-04-15 12:36:58,1776256618,BOOM600,5904.98,-1,0.011000000000422006,BACKFILL_AUTO
2026-04-15 12:36:59,1776256619,BOOM600,5904.976,-1,0.0039999999999054126,BACKFILL_AUTO
2026-04-15 12:37:00,1776256620,BOOM600,5904.962,-1,0.013999999999214197,BACKFILL_AUTO
2026-04-15 12:37:01,1776256621,BOOM600,5904.956,-1,0.006000000000312866,BACKFILL_AUTO
2026-04-15 12:37:02,1776256622,BOOM600,5904.939,-1,0.016999999999825377,BACKFILL_AUTO
2026-04-15 12:37:03,1776256623,BOOM600,5904.936,-1,0.0030000000006111804,BACKFILL_AUTO
2026-04-15 12:37:04,1776256624,BOOM600,5904.928,-1,0.007999999999810825,BACKFILL_AUTO
2026-04-15 12:37:05,1776256625,BOOM600,5904.928,0,0.0,BACKFILL_AUTO
2026-04-15 12:37:06,1776256626,BOOM600,5904.925,-1,0.0029999999997016857,BACKFILL_AUTO
2026-04-15 12:37:07,1776256627,BOOM600,5904.91,-1,0.015000000000327418,BACKFILL_AUTO
2026-04-15 12:37:08,1776256628,BOOM600,5904.901,-1,0.009000000000014552,BACKFILL_AUTO
2026-04-15 12:37:09,1776256629,BOOM600,5904.9,-1,0.0010000000002037268,BACKFILL_AUTO
2026-04-15 12:37:10,1776256630,BOOM600,5904.898,-1,0.001999999999497959,BACKFILL_AUTO
2026-04-15 12:37:11,1776256631,BOOM600,5904.893,-1,0.005000000000109139,BACKFILL_AUTO
2026-04-15 12:37:12,1776256632,BOOM600,5904.882,-1,0.011000000000422006,BACKFILL_AUTO
2026-04-15 12:37:13,1776256633,BOOM600,5904.877,-1,0.004999999999199645,BACKFILL_AUTO
2026-04-15 12:37:14,1776256634,BOOM600,5904.871,-1,0.006000000000312866,BACKFILL_AUTO
2026-04-15 12:37:15,1776256635,BOOM600,5904.861,-1,0.010000000000218279,BACKFILL_AUTO
2026-04-15 12:37:16,1776256636,BOOM600,5904.851,-1,0.010000000000218279,BACKFILL_AUTO
2026-04-15 12:37:17,1776256637,BOOM600,5904.842,-1,0.009000000000014552,BACKFILL_AUTO
2026-04-15 12:37:18,1776256638,BOOM600,5904.825,-1,0.016999999999825377,BACKFILL_AUTO
2026-04-15 12:37:19,1776256639,BOOM600,5904.816,-1,0.009000000000014552,BACKFILL_AUTO
2026-04-15 12:37:20,1776256640,BOOM600,5904.803,-1,0.012999999999919964,BACKFILL_AUTO
2026-04-15 12:37:21,1776256641,BOOM600,5904.788,-1,0.015000000000327418,BACKFILL_AUTO
2026-04-15 12:37:22,1776256642,BOOM600,5904.783,-1,0.004999999999199645,BACKFILL_AUTO
2026-04-15 12:37:23,1776256643,BOOM600,5904.78,-1,0.0030000000006111804,BACKFILL_AUTO
2026-04-15 12:37:24,1776256644,BOOM600,5904.77,-1,0.009999999999308784,BACKFILL_AUTO
2026-04-15 12:37:25,1776256645,BOOM600,5904.764,-1,0.006000000000312866,BACKFILL_AUTO
2026-04-15 12:37:26,1776256646,BOOM600,5904.762,-1,0.0020000000004074536,BACKFILL_AUTO
2026-04-15 12:37:27,1776256647,BOOM600,5904.74,-1,0.021999999999934516,BACKFILL_AUTO
2026-04-15 12:37:28,1776256648,BOOM600,5904.733,-1,0.006999999999607098,BACKFILL_AUTO
2026-04-15 12:37:29,1776256649,BOOM600,5904.728,-1,0.005000000000109139,BACKFILL_AUTO
2026-04-15 12:37:30,1776256650,BOOM600,5904.722,-1,0.006000000000312866,BACKFILL_AUTO
2026-04-15 12:37:31,1776256651,BOOM600,5904.713,-1,0.009000000000014552,BACKFILL_AUTO
2026-04-15 12:37:32,1776256652,BOOM600,5904.71,-1,0.0029999999997016857,BACKFILL_AUTO
2026-04-15 12:37:33,1776256653,BOOM600,5904.686,-1,0.02400000000034197,BACKFILL_AUTO
2026-04-15 12:37:34,1776256654,BOOM600,5904.676,-1,0.009999999999308784,BACKFILL_AUTO
2026-04-15 12:37:35,1776256655,BOOM600,5904.675,-1,0.0010000000002037268,BACKFILL_AUTO
2026-04-15 12:37:36,1776256656,BOOM600,5904.67,-1,0.005000000000109139,BACKFILL_AUTO
2026-04-15 12:37:37,1776256657,BOOM600,5904.67,0,0.0,BACKFILL_AUTO
2026-04-15 12:37:38,1776256658,BOOM600,5904.653,-1,0.016999999999825377,BACKFILL_AUTO
2026-04-15 12:37:39,1776256659,BOOM600,5904.648,-1,0.005000000000109139,BACKFILL_AUTO
2026-04-15 12:37:40,1776256660,BOOM600,5904.644,-1,0.0039999999999054126,BACKFILL_AUTO
2026-04-15 12:37:41,1776256661,BOOM600,5904.627,-1,0.016999999999825377,BACKFILL_AUTO
2026-04-15 12:37:42,1776256662,BOOM600,5904.616,-1,0.011000000000422006,BACKFILL_AUTO
2026-04-15 12:37:43,1776256663,BOOM600,5904.61,-1,0.006000000000312866,BACKFILL_AUTO
2026-04-15 12:37:44,1776256664,BOOM600,5904.607,-1,0.0029999999997016857,BACKFILL_AUTO
2026-04-15 12:37:45,1776256665,BOOM600,5904.603,-1,0.0039999999999054126,BACKFILL_AUTO
2026-04-15 12:37:46,1776256666,BOOM600,5904.603,0,0.0,BACKFILL_AUTO
2026-04-15 12:37:47,1776256667,BOOM600,5904.602,-1,0.0010000000002037268,BACKFILL_AUTO
2026-04-15 12:37:48,1776256668,BOOM600,5904.581,-1,0.02099999999973079,BACKFILL_AUTO
2026-04-15 12:37:49,1776256669,BOOM600,5904.553,-1,0.028000000000247383,BACKFILL_AUTO
2026-04-15 12:37:50,1776256670,BOOM600,5904.53,-1,0.023000000000138243,BACKFILL_AUTO
2026-04-15 12:37:51,1776256671,BOOM600,5904.524,-1,0.0059999999994033715,BACKFILL_AUTO
2026-04-15 12:37:52,1776256672,BOOM600,5904.512,-1,0.012000000000625732,BACKFILL_AUTO
2026-04-15 12:37:53,1776256673,BOOM600,5904.5,-1,0.011999999999716238,BACKFILL_AUTO
2026-04-15 12:37:54,1776256674,BOOM600,5904.499,-1,0.0010000000002037268,BACKFILL_AUTO
2026-04-15 12:37:55,1776256675,BOOM600,5904.478,-1,0.02099999999973079,BACKFILL_AUTO
2026-04-15 12:37:56,1776256676,BOOM600,5904.474,-1,0.0039999999999054126,BACKFILL_AUTO
2026-04-15 12:37:57,1776256677,BOOM600,5904.465,-1,0.009000000000014552,BACKFILL_AUTO
2026-04-15 12:37:58,1776256678,BOOM600,5904.439,-1,0.02599999999983993,BACKFILL_AUTO
2026-04-15 12:37:59,1776256679,BOOM600,5904.432,-1,0.007000000000516593,BACKFILL_AUTO
2026-04-15 12:38:00,1776256680,BOOM600,5904.409,-1,0.023000000000138243,BACKFILL_AUTO
2026-04-15 12:38:01,1776256681,BOOM600,5904.397,-1,0.011999999999716238,BACKFILL_AUTO
2026-04-15 12:38:02,1776256682,BOOM600,5904.39,-1,0.006999999999607098,BACKFILL_AUTO
2026-04-15 12:38:03,1776256683,BOOM600,5904.374,-1,0.016000000000531145,BACKFILL_AUTO
2026-04-15 12:38:04,1776256684,BOOM600,5904.373,-1,0.0010000000002037268,BACKFILL_AUTO
2026-04-15 12:38:05,1776256685,BOOM600,5904.37,-1,0.0029999999997016857,BACKFILL_AUTO
2026-04-15 12:38:06,1776256686,BOOM600,5904.361,-1,0.009000000000014552,BACKFILL_AUTO
2026-04-15 12:38:07,1776256687,BOOM600,5904.347,-1,0.014000000000123691,BACKFILL_AUTO
2026-04-15 12:38:08,1776256688,BOOM600,5904.339,-1,0.007999999999810825,BACKFILL_AUTO
2026-04-15 12:38:09,1776256689,BOOM600,5904.332,-1,0.006999999999607098,BACKFILL_AUTO
2026-04-15 12:38:10,1776256690,BOOM600,5904.331,-1,0.0010000000002037268,BACKFILL_AUTO
2026-04-15 12:38:11,1776256691,BOOM600,5904.308,-1,0.023000000000138243,BACKFILL_AUTO
2026-04-15 12:38:12,1776256692,BOOM600,5904.29,-1,0.018000000000029104,BACKFILL_AUTO
2026-04-15 12:38:13,1776256693,BOOM600,5904.285,-1,0.005000000000109139,BACKFILL_AUTO
2026-04-15 12:38:14,1776256694,BOOM600,5904.278,-1,0.006999999999607098,BACKFILL_AUTO
2026-04-15 12:38:15,1776256695,BOOM600,5904.27,-1,0.007999999999810825,BACKFILL_AUTO
2026-04-15 12:38:16,1776256696,BOOM600,5904.241,-1,0.02900000000045111,BACKFILL_AUTO
2026-04-15 12:38:17,1776256697,BOOM600,5904.235,-1,0.006000000000312866,BACKFILL_AUTO
2026-04-15 12:38:18,1776256698,BOOM600,5904.227,-1,0.007999999999810825,BACKFILL_AUTO
2026-04-15 12:38:19,1776256699,BOOM600,5904.224,-1,0.0029999999997016857,BACKFILL_AUTO
2026-04-15 12:38:20,1776256700,BOOM600,5904.22,-1,0.0039999999999054126,BACKFILL_AUTO
2026-04-15 12:38:21,1776256701,BOOM600,5904.205,-1,0.015000000000327418,BACKFILL_AUTO
2026-04-15 12:38:22,1776256702,BOOM600,5904.187,-1,0.018000000000029104,BACKFILL_AUTO
2026-04-15 12:38:23,1776256703,BOOM600,5904.18,-1,0.006999999999607098,BACKFILL_AUTO
2026-04-15 12:38:24,1776256704,BOOM600,5904.157,-1,0.023000000000138243,BACKFILL_AUTO
2026-04-15 12:38:25,1776256705,BOOM600,5904.143,-1,0.014000000000123691,BACKFILL_AUTO
2026-04-15 12:38:26,1776256706,BOOM600,5904.136,-1,0.006999999999607098,BACKFILL_AUTO
2026-04-15 12:38:27,1776256707,BOOM600,5904.114,-1,0.02200000000084401,BACKFILL_AUTO
2026-04-15 12:38:28,1776256708,BOOM600,5904.106,-1,0.007999999999810825,BACKFILL_AUTO
2026-04-15 12:38:29,1776256709,BOOM600,5904.101,-1,0.005000000000109139,BACKFILL_AUTO
2026-04-15 12:38:30,1776256710,BOOM600,5904.093,-1,0.007999999999810825,BACKFILL_AUTO
2026-04-15 12:38:31,1776256711,BOOM600,5904.085,-1,0.007999999999810825,BACKFILL_AUTO
2026-04-15 12:38:32,1776256712,BOOM600,5904.075,-1,0.010000000000218279,BACKFILL_AUTO
2026-04-15 12:38:33,1776256713,BOOM600,5904.072,-1,0.0029999999997016857,BACKFILL_AUTO
2026-04-15 12:38:34,1776256714,BOOM600,5904.055,-1,0.016999999999825377,BACKFILL_AUTO
2026-04-15 12:38:35,1776256715,BOOM600,5904.036,-1,0.01900000000023283,BACKFILL_AUTO
2026-04-15 12:38:36,1776256716,BOOM600,5904.024,-1,0.011999999999716238,BACKFILL_AUTO
2026-04-15 12:38:37,1776256717,BOOM600,5904.016,-1,0.00800000000072032,BACKFILL_AUTO
2026-04-15 12:38:38,1776256718,BOOM600,5904.011,-1,0.004999999999199645,BACKFILL_AUTO
2026-04-15 12:38:39,1776256719,BOOM600,5904.007,-1,0.004000000000814907,BACKFILL_AUTO
2026-04-15 12:38:40,1776256720,BOOM600,5903.995,-1,0.011999999999716238,BACKFILL_AUTO
2026-04-15 12:38:41,1776256721,BOOM600,5903.987,-1,0.007999999999810825,BACKFILL_AUTO
2026-04-15 12:38:42,1776256722,BOOM600,5903.983,-1,0.0039999999999054126,BACKFILL_AUTO
2026-04-15 12:38:43,1776256723,BOOM600,5903.969,-1,0.014000000000123691,BACKFILL_AUTO
2026-04-15 12:38:44,1776256724,BOOM600,5903.958,-1,0.011000000000422006,BACKFILL_AUTO
2026-04-15 12:38:45,1776256725,BOOM600,5903.949,-1,0.009000000000014552,BACKFILL_AUTO
2026-04-15 12:38:46,1776256726,BOOM600,5903.929,-1,0.019999999999527063,BACKFILL_AUTO
2026-04-15 12:38:47,1776256727,BOOM600,5903.923,-1,0.006000000000312866,BACKFILL_AUTO
2026-04-15 12:38:48,1776256728,BOOM600,5903.916,-1,0.006999999999607098,BACKFILL_AUTO
2026-04-15 12:38:49,1776256729,BOOM600,5903.909,-1,0.007000000000516593,BACKFILL_AUTO
2026-04-15 12:38:50,1776256730,BOOM600,5903.899,-1,0.009999999999308784,BACKFILL_AUTO
2026-04-15 12:38:51,1776256731,BOOM600,5903.888,-1,0.011000000000422006,BACKFILL_AUTO
2026-04-15 12:38:52,1776256732,BOOM600,5903.881,-1,0.006999999999607098,BACKFILL_AUTO
2026-04-15 12:38:53,1776256733,BOOM600,5903.881,0,0.0,BACKFILL_AUTO
2026-04-15 12:38:54,1776256734,BOOM600,5903.867,-1,0.014000000000123691,BACKFILL_AUTO
2026-04-15 12:38:55,1776256735,BOOM600,5903.862,-1,0.005000000000109139,BACKFILL_AUTO
2026-04-15 12:38:56,1776256736,BOOM600,5903.855,-1,0.007000000000516593,BACKFILL_AUTO
2026-04-15 12:38:57,1776256737,BOOM600,5903.852,-1,0.0029999999997016857,BACKFILL_AUTO
2026-04-15 12:38:58,1776256738,BOOM600,5903.851,-1,0.0010000000002037268,BACKFILL_AUTO
2026-04-15 12:38:59,1776256739,BOOM600,5903.837,-1,0.013999999999214197,BACKFILL_AUTO
2026-04-15 12:39:00,1776256740,BOOM600,5903.827,-1,0.010000000000218279,BACKFILL_AUTO
2026-04-15 12:39:01,1776256741,BOOM600,5903.82,-1,0.007000000000516593,BACKFILL_AUTO
2026-04-15 12:39:02,1776256742,BOOM600,5903.808,-1,0.011999999999716238,BACKFILL_AUTO
2026-04-15 12:39:03,1776256743,BOOM600,5903.805,-1,0.0029999999997016857,BACKFILL_AUTO
2026-04-15 12:39:04,1776256744,BOOM600,5903.793,-1,0.012000000000625732,BACKFILL_AUTO
2026-04-15 12:39:05,1776256745,BOOM600,5903.79,-1,0.0029999999997016857,BACKFILL_AUTO
2026-04-15 12:39:06,1776256746,BOOM600,5903.781,-1,0.009000000000014552,BACKFILL_AUTO
2026-04-15 12:39:07,1776256747,BOOM600,5903.759,-1,0.021999999999934516,BACKFILL_AUTO
2026-04-15 12:39:08,1776256748,BOOM600,5903.753,-1,0.006000000000312866,BACKFILL_AUTO
2026-04-15 12:39:09,1776256749,BOOM600,5903.753,0,0.0,BACKFILL_AUTO
2026-04-15 12:39:10,1776256750,BOOM600,5903.751,-1,0.001999999999497959,BACKFILL_AUTO
2026-04-15 12:39:11,1776256751,BOOM600,5903.737,-1,0.014000000000123691,BACKFILL_AUTO
2026-04-15 12:39:12,1776256752,BOOM600,5903.718,-1,0.01900000000023283,BACKFILL_AUTO
2026-04-15 12:39:13,1776256753,BOOM600,5903.704,-1,0.014000000000123691,BACKFILL_AUTO
2026-04-15 12:39:14,1776256754,BOOM600,5903.697,-1,0.006999999999607098,BACKFILL_AUTO
2026-04-15 12:39:15,1776256755,BOOM600,5903.692,-1,0.005000000000109139,BACKFILL_AUTO
2026-04-15 12:39:16,1776256756,BOOM600,5903.677,-1,0.015000000000327418,BACKFILL_AUTO
2026-04-15 12:39:17,1776256757,BOOM600,5903.674,-1,0.0029999999997016857,BACKFILL_AUTO
2026-04-15 12:39:18,1776256758,BOOM600,5903.67,-1,0.0039999999999054126,BACKFILL_AUTO
2026-04-15 12:39:19,1776256759,BOOM600,5903.668,-1,0.0020000000004074536,BACKFILL_AUTO
2026-04-15 12:39:20,1776256760,BOOM600,5903.663,-1,0.005000000000109139,BACKFILL_AUTO
2026-04-15 12:39:21,1776256761,BOOM600,5903.659,-1,0.0039999999999054126,BACKFILL_AUTO
2026-04-15 12:39:22,1776256762,BOOM600,5903.64,-1,0.018999999999323336,BACKFILL_AUTO
2026-04-15 12:39:23,1776256763,BOOM600,5903.633,-1,0.007000000000516593,BACKFILL_AUTO
2026-04-15 12:39:24,1776256764,BOOM600,5903.62,-1,0.012999999999919964,BACKFILL_AUTO
2026-04-15 12:39:25,1776256765,BOOM600,5903.607,-1,0.012999999999919964,BACKFILL_AUTO
2026-04-15 12:39:26,1776256766,BOOM600,5903.596,-1,0.011000000000422006,BACKFILL_AUTO
2026-04-15 12:39:27,1776256767,BOOM600,5903.595,-1,0.0009999999992942321,BACKFILL_AUTO
2026-04-15 12:39:28,1776256768,BOOM600,5903.592,-1,0.0030000000006111804,BACKFILL_AUTO
2026-04-15 12:39:29,1776256769,BOOM600,5903.579,-1,0.012999999999919964,BACKFILL_AUTO
2026-04-15 12:39:30,1776256770,BOOM600,5903.574,-1,0.005000000000109139,BACKFILL_AUTO
2026-04-15 12:39:31,1776256771,BOOM600,5903.555,-1,0.018999999999323336,BACKFILL_AUTO
2026-04-15 12:39:32,1776256772,BOOM600,5903.553,-1,0.0020000000004074536,BACKFILL_AUTO
2026-04-15 12:39:33,1776256773,BOOM600,5903.552,-1,0.0010000000002037268,BACKFILL_AUTO
2026-04-15 12:39:34,1776256774,BOOM600,5903.529,-1,0.02299999999922875,BACKFILL_AUTO
2026-04-15 12:39:35,1776256775,BOOM600,5903.528,-1,0.0010000000002037268,BACKFILL_AUTO
2026-04-15 12:39:36,1776256776,BOOM600,5903.519,-1,0.009000000000014552,BACKFILL_AUTO
2026-04-15 12:39:37,1776256777,BOOM600,5903.5,-1,0.01900000000023283,BACKFILL_AUTO
2026-04-15 12:39:38,1776256778,BOOM600,5903.487,-1,0.012999999999919964,BACKFILL_AUTO
2026-04-15 12:39:39,1776256779,BOOM600,5903.464,-1,0.023000000000138243,BACKFILL_AUTO
2026-04-15 12:39:40,1776256780,BOOM600,5903.45,-1,0.014000000000123691,BACKFILL_AUTO
2026-04-15 12:39:41,1776256781,BOOM600,5903.43,-1,0.019999999999527063,BACKFILL_AUTO
2026-04-15 12:39:42,1776256782,BOOM600,5903.417,-1,0.012999999999919964,BACKFILL_AUTO
2026-04-15 12:39:43,1776256783,BOOM600,5903.407,-1,0.010000000000218279,BACKFILL_AUTO
2026-04-15 12:39:44,1776256784,BOOM600,5903.397,-1,0.010000000000218279,BACKFILL_AUTO
2026-04-15 12:39:45,1776256785,BOOM600,5903.393,-1,0.0039999999999054126,BACKFILL_AUTO
2026-04-15 12:39:46,1776256786,BOOM600,5903.393,0,0.0,BACKFILL_AUTO
2026-04-15 12:39:47,1776256787,BOOM600,5903.381,-1,0.011999999999716238,BACKFILL_AUTO
2026-04-15 12:39:48,1776256788,BOOM600,5903.372,-1,0.009000000000014552,BACKFILL_AUTO
2026-04-15 12:39:49,1776256789,BOOM600,5903.371,-1,0.0010000000002037268,BACKFILL_AUTO
2026-04-15 12:39:50,1776256790,BOOM600,5903.363,-1,0.007999999999810825,BACKFILL_AUTO
2026-04-15 12:39:51,1776256791,BOOM600,5903.351,-1,0.012000000000625732,BACKFILL_AUTO
2026-04-15 12:39:52,1776256792,BOOM600,5903.349,-1,0.001999999999497959,BACKFILL_AUTO
2026-04-15 12:39:53,1776256793,BOOM600,5903.348,-1,0.0010000000002037268,BACKFILL_AUTO
2026-04-15 12:39:54,1776256794,BOOM600,5903.345,-1,0.0029999999997016857,BACKFILL_AUTO
2026-04-15 12:39:55,1776256795,BOOM600,5903.326,-1,0.01900000000023283,BACKFILL_AUTO
2026-04-15 12:39:56,1776256796,BOOM600,5903.309,-1,0.016999999999825377,BACKFILL_AUTO
2026-04-15 12:39:57,1776256797,BOOM600,5903.297,-1,0.012000000000625732,BACKFILL_AUTO
2026-04-15 12:39:58,1776256798,BOOM600,5903.288,-1,0.009000000000014552,BACKFILL_AUTO
2026-04-15 12:39:59,1776256799,BOOM600,5903.271,-1,0.016999999999825377,BACKFILL_AUTO
2026-04-15 12:40:00,1776256800,BOOM600,5903.261,-1,0.009999999999308784,BACKFILL_AUTO
2026-04-15 12:40:01,1776256801,BOOM600,5903.259,-1,0.0020000000004074536,BACKFILL_AUTO
2026-04-15 12:40:02,1776256802,BOOM600,5903.252,-1,0.006999999999607098,BACKFILL_AUTO
2026-04-15 12:40:03,1776256803,BOOM600,5903.244,-1,0.00800000000072032,BACKFILL_AUTO
2026-04-15 12:40:04,1776256804,BOOM600,5903.242,-1,0.001999999999497959,BACKFILL_AUTO
2026-04-15 12:40:05,1776256805,BOOM600,5903.242,0,0.0,BACKFILL_AUTO
2026-04-15 12:40:06,1776256806,BOOM600,5903.225,-1,0.016999999999825377,BACKFILL_AUTO
2026-04-15 12:40:07,1776256807,BOOM600,5903.215,-1,0.010000000000218279,BACKFILL_AUTO
2026-04-15 12:40:08,1776256808,BOOM600,5903.199,-1,0.016000000000531145,BACKFILL_AUTO
2026-04-15 12:40:09,1776256809,BOOM600,5903.193,-1,0.0059999999994033715,BACKFILL_AUTO
2026-04-15 12:40:10,1776256810,BOOM600,5903.182,-1,0.011000000000422006,BACKFILL_AUTO
2026-04-15 12:40:11,1776256811,BOOM600,5903.17,-1,0.011999999999716238,BACKFILL_AUTO
2026-04-15 12:40:12,1776256812,BOOM600,5903.167,-1,0.0029999999997016857,BACKFILL_AUTO
2026-04-15 12:40:13,1776256813,BOOM600,5903.156,-1,0.011000000000422006,BACKFILL_AUTO
2026-04-15 12:40:14,1776256814,BOOM600,5903.137,-1,0.01900000000023283,BACKFILL_AUTO
2026-04-15 12:40:15,1776256815,BOOM600,5903.126,-1,0.01099999999951251,BACKFILL_AUTO
2026-04-15 12:40:16,1776256816,BOOM600,5903.123,-1,0.0030000000006111804,BACKFILL_AUTO
2026-04-15 12:40:17,1776256817,BOOM600,5903.107,-1,0.01599999999962165,BACKFILL_AUTO
2026-04-15 12:40:18,1776256818,BOOM600,5903.09,-1,0.016999999999825377,BACKFILL_AUTO
2026-04-15 12:40:19,1776256819,BOOM600,5903.077,-1,0.012999999999919964,BACKFILL_AUTO
2026-04-15 12:40:20,1776256820,BOOM600,5903.067,-1,0.010000000000218279,BACKFILL_AUTO
2026-04-15 12:40:21,1776256821,BOOM600,5903.062,-1,0.005000000000109139,BACKFILL_AUTO
2026-04-15 12:40:22,1776256822,BOOM600,5903.057,-1,0.005000000000109139,BACKFILL_AUTO
2026-04-15 12:40:23,1776256823,BOOM600,5903.047,-1,0.010000000000218279,BACKFILL_AUTO
2026-04-15 12:40:24,1776256824,BOOM600,5903.044,-1,0.0029999999997016857,BACKFILL_AUTO
2026-04-15 12:40:25,1776256825,BOOM600,5903.038,-1,0.006000000000312866,BACKFILL_AUTO
2026-04-15 12:40:26,1776256826,BOOM600,5903.018,-1,0.019999999999527063,BACKFILL_AUTO
2026-04-15 12:40:27,1776256827,BOOM600,5903.014,-1,0.0039999999999054126,BACKFILL_AUTO
2026-04-15 12:40:28,1776256828,BOOM600,5903.012,-1,0.0020000000004074536,BACKFILL_AUTO
2026-04-15 12:40:29,1776256829,BOOM600,5903.005,-1,0.006999999999607098,BACKFILL_AUTO
2026-04-15 12:40:30,1776256830,BOOM600,5902.996,-1,0.009000000000014552,BACKFILL_AUTO
2026-04-15 12:40:31,1776256831,BOOM600,5902.993,-1,0.0029999999997016857,BACKFILL_AUTO
2026-04-15 12:40:32,1776256832,BOOM600,5902.992,-1,0.0010000000002037268,BACKFILL_AUTO
2026-04-15 12:40:33,1776256833,BOOM600,5902.98,-1,0.012000000000625732,BACKFILL_AUTO
2026-04-15 12:40:34,1776256834,BOOM600,5902.974,-1,0.0059999999994033715,BACKFILL_AUTO
2026-04-15 12:40:35,1776256835,BOOM600,5902.957,-1,0.016999999999825377,BACKFILL_AUTO
2026-04-15 12:40:36,1776256836,BOOM600,5902.954,-1,0.0030000000006111804,BACKFILL_AUTO
2026-04-15 12:40:37,1776256837,BOOM600,5902.943,-1,0.01099999999951251,BACKFILL_AUTO
2026-04-15 12:40:38,1776256838,BOOM600,5902.933,-1,0.010000000000218279,BACKFILL_AUTO
2026-04-15 12:40:39,1776256839,BOOM600,5902.92,-1,0.012999999999919964,BACKFILL_AUTO
2026-04-15 12:40:40,1776256840,BOOM600,5902.918,-1,0.0020000000004074536,BACKFILL_AUTO
2026-04-15 12:40:41,1776256841,BOOM600,5902.909,-1,0.009000000000014552,BACKFILL_AUTO
2026-04-15 12:40:42,1776256842,BOOM600,5902.909,0,0.0,BACKFILL_AUTO
2026-04-15 12:40:43,1776256843,BOOM600,5902.903,-1,0.0059999999994033715,BACKFILL_AUTO
2026-04-15 12:40:44,1776256844,BOOM600,5902.887,-1,0.016000000000531145,BACKFILL_AUTO
2026-04-15 12:40:45,1776256845,BOOM600,5902.886,-1,0.0009999999992942321,BACKFILL_AUTO
2026-04-15 12:40:46,1776256846,BOOM600,5902.865,-1,0.021000000000640284,BACKFILL_AUTO
2026-04-15 12:40:47,1776256847,BOOM600,5902.849,-1,0.01599999999962165,BACKFILL_AUTO
2026-04-15 12:40:48,1776256848,BOOM600,5902.828,-1,0.02099999999973079,BACKFILL_AUTO
2026-04-15 12:40:49,1776256849,BOOM600,5902.82,-1,0.00800000000072032,BACKFILL_AUTO
2026-04-15 12:40:50,1776256850,BOOM600,5902.812,-1,0.007999999999810825,BACKFILL_AUTO
2026-04-15 12:40:51,1776256851,BOOM600,5902.795,-1,0.016999999999825377,BACKFILL_AUTO
2026-04-15 12:40:52,1776256852,BOOM600,5902.793,-1,0.0020000000004074536,BACKFILL_AUTO
2026-04-15 12:40:53,1776256853,BOOM600,5902.785,-1,0.007999999999810825,BACKFILL_AUTO
2026-04-15 12:40:54,1776256854,BOOM600,5902.769,-1,0.01599999999962165,BACKFILL_AUTO
2026-04-15 12:40:55,1776256855,BOOM600,5902.754,-1,0.015000000000327418,BACKFILL_AUTO
2026-04-15 12:40:56,1776256856,BOOM600,5902.753,-1,0.0010000000002037268,BACKFILL_AUTO
2026-04-15 12:40:57,1776256857,BOOM600,5902.74,-1,0.012999999999919964,BACKFILL_AUTO
2026-04-15 12:40:58,1776256858,BOOM600,5902.724,-1,0.01599999999962165,BACKFILL_AUTO
2026-04-15 12:40:59,1776256859,BOOM600,5902.703,-1,0.02099999999973079,BACKFILL_AUTO
2026-04-15 12:41:00,1776256860,BOOM600,5902.687,-1,0.016000000000531145,BACKFILL_AUTO
2026-04-15 12:41:01,1776256861,BOOM600,5902.682,-1,0.005000000000109139,BACKFILL_AUTO
2026-04-15 12:41:02,1776256862,BOOM600,5902.667,-1,0.014999999999417923,BACKFILL_AUTO
2026-04-15 12:41:03,1776256863,BOOM600,5902.647,-1,0.020000000000436557,BACKFILL_AUTO
2026-04-15 12:41:04,1776256864,BOOM600,5902.639,-1,0.007999999999810825,BACKFILL_AUTO
2026-04-15 12:41:05,1776256865,BOOM600,5902.632,-1,0.007000000000516593,BACKFILL_AUTO
2026-04-15 12:41:06,1776256866,BOOM600,5902.622,-1,0.009999999999308784,BACKFILL_AUTO
2026-04-15 12:41:07,1776256867,BOOM600,5902.6,-1,0.021999999999934516,BACKFILL_AUTO
2026-04-15 12:41:08,1776256868,BOOM600,5902.599,-1,0.0010000000002037268,BACKFILL_AUTO
2026-04-15 12:41:09,1776256869,BOOM600,5902.596,-1,0.0030000000006111804,BACKFILL_AUTO
2026-04-15 12:41:10,1776256870,BOOM600,5902.589,-1,0.006999999999607098,BACKFILL_AUTO
2026-04-15 12:41:11,1776256871,BOOM600,5902.587,-1,0.001999999999497959,BACKFILL_AUTO
2026-04-15 12:41:12,1776256872,BOOM600,5902.569,-1,0.018000000000029104,BACKFILL_AUTO
2026-04-15 12:41:13,1776256873,BOOM600,5902.552,-1,0.01700000000073487,BACKFILL_AUTO
2026-04-15 12:41:14,1776256874,BOOM600,5902.544,-1,0.007999999999810825,BACKFILL_AUTO
2026-04-15 12:41:15,1776256875,BOOM600,5902.535,-1,0.009000000000014552,BACKFILL_AUTO
2026-04-15 12:41:16,1776256876,BOOM600,5902.532,-1,0.0029999999997016857,BACKFILL_AUTO
2026-04-15 12:41:17,1776256877,BOOM600,5902.517,-1,0.015000000000327418,BACKFILL_AUTO
2026-04-15 12:41:18,1776256878,BOOM600,5902.505,-1,0.011999999999716238,BACKFILL_AUTO
2026-04-15 12:41:19,1776256879,BOOM600,5902.479,-1,0.02599999999983993,BACKFILL_AUTO
2026-04-15 12:41:20,1776256880,BOOM600,5902.478,-1,0.0010000000002037268,BACKFILL_AUTO
2026-04-15 12:41:21,1776256881,BOOM600,5902.473,-1,0.005000000000109139,BACKFILL_AUTO
2026-04-15 12:41:22,1776256882,BOOM600,5902.469,-1,0.0039999999999054126,BACKFILL_AUTO
2026-04-15 12:41:23,1776256883,BOOM600,5902.451,-1,0.018000000000029104,BACKFILL_AUTO
2026-04-15 12:41:24,1776256884,BOOM600,5902.447,-1,0.0039999999999054126,BACKFILL_AUTO
2026-04-15 12:41:25,1776256885,BOOM600,5902.44,-1,0.007000000000516593,BACKFILL_AUTO
2026-04-15 12:41:26,1776256886,BOOM600,5902.424,-1,0.01599999999962165,BACKFILL_AUTO
2026-04-15 12:41:27,1776256887,BOOM600,5902.423,-1,0.0010000000002037268,BACKFILL_AUTO
2026-04-15 12:41:28,1776256888,BOOM600,5902.42,-1,0.0029999999997016857,BACKFILL_AUTO
2026-04-15 12:41:29,1776256889,BOOM600,5902.407,-1,0.012999999999919964,BACKFILL_AUTO
2026-04-15 12:41:30,1776256890,BOOM600,5902.397,-1,0.010000000000218279,BACKFILL_AUTO
2026-04-15 12:41:31,1776256891,BOOM600,5902.384,-1,0.012999999999919964,BACKFILL_AUTO
2026-04-15 12:41:32,1776256892,BOOM600,5902.363,-1,0.02099999999973079,BACKFILL_AUTO
2026-04-15 12:41:33,1776256893,BOOM600,5902.361,-1,0.0020000000004074536,BACKFILL_AUTO
2026-04-15 12:41:34,1776256894,BOOM600,5902.344,-1,0.016999999999825377,BACKFILL_AUTO
2026-04-15 12:41:35,1776256895,BOOM600,5902.336,-1,0.007999999999810825,BACKFILL_AUTO
2026-04-15 12:41:36,1776256896,BOOM600,5902.334,-1,0.0020000000004074536,BACKFILL_AUTO
2026-04-15 12:41:37,1776256897,BOOM600,5902.328,-1,0.0059999999994033715,BACKFILL_AUTO
2026-04-15 12:41:38,1776256898,BOOM600,5902.315,-1,0.01300000000082946,BACKFILL_AUTO
2026-04-15 12:41:39,1776256899,BOOM600,5902.301,-1,0.013999999999214197,BACKFILL_AUTO
2026-04-15 12:41:40,1776256900,BOOM600,5902.293,-1,0.00800000000072032,BACKFILL_AUTO
2026-04-15 12:41:41,1776256901,BOOM600,5902.281,-1,0.011999999999716238,BACKFILL_AUTO
2026-04-15 12:41:42,1776256902,BOOM600,5902.276,-1,0.005000000000109139,BACKFILL_AUTO
2026-04-15 12:41:43,1776256903,BOOM600,5902.269,-1,0.006999999999607098,BACKFILL_AUTO
2026-04-15 12:41:44,1776256904,BOOM600,5902.268,-1,0.0010000000002037268,BACKFILL_AUTO
2026-04-15 12:41:45,1776256905,BOOM600,5902.263,-1,0.005000000000109139,BACKFILL_AUTO
2026-04-15 12:41:46,1776256906,BOOM600,5902.256,-1,0.006999999999607098,BACKFILL_AUTO
2026-04-15 12:41:47,1776256907,BOOM600,5902.237,-1,0.01900000000023283,BACKFILL_AUTO
2026-04-15 12:41:48,1776256908,BOOM600,5902.229,-1,0.007999999999810825,BACKFILL_AUTO
2026-04-15 12:41:49,1776256909,BOOM600,5902.218,-1,0.011000000000422006,BACKFILL_AUTO
2026-04-15 12:41:50,1776256910,BOOM600,5902.217,-1,0.0010000000002037268,BACKFILL_AUTO
2026-04-15 12:41:51,1776256911,BOOM600,5902.203,-1,0.013999999999214197,BACKFILL_AUTO
2026-04-15 12:41:52,1776256912,BOOM600,5902.19,-1,0.01300000000082946,BACKFILL_AUTO
2026-04-15 12:41:53,1776256913,BOOM600,5902.17,-1,0.019999999999527063,BACKFILL_AUTO
2026-04-15 12:41:54,1776256914,BOOM600,5902.148,-1,0.021999999999934516,BACKFILL_AUTO
2026-04-15 12:41:55,1776256915,BOOM600,5902.145,-1,0.0029999999997016857,BACKFILL_AUTO
2026-04-15 12:41:56,1776256916,BOOM600,5902.144,-1,0.0010000000002037268,BACKFILL_AUTO
2026-04-15 12:41:57,1776256917,BOOM600,5902.139,-1,0.005000000000109139,BACKFILL_AUTO
2026-04-15 12:41:58,1776256918,BOOM600,5902.118,-1,0.02099999999973079,BACKFILL_AUTO
2026-04-15 12:41:59,1776256919,BOOM600,5902.109,-1,0.009000000000014552,BACKFILL_AUTO
2026-04-15 12:42:00,1776256920,BOOM600,5902.104,-1,0.005000000000109139,BACKFILL_AUTO
2026-04-15 12:42:01,1776256921,BOOM600,5902.102,-1,0.0020000000004074536,BACKFILL_AUTO
2026-04-15 12:42:02,1776256922,BOOM600,5902.093,-1,0.009000000000014552,BACKFILL_AUTO
2026-04-15 12:42:03,1776256923,BOOM600,5902.083,-1,0.010000000000218279,BACKFILL_AUTO
2026-04-15 12:42:04,1776256924,BOOM600,5902.069,-1,0.013999999999214197,BACKFILL_AUTO
2026-04-15 12:42:05,1776256925,BOOM600,5902.055,-1,0.014000000000123691,BACKFILL_AUTO
2026-04-15 12:42:06,1776256926,BOOM600,5902.041,-1,0.014000000000123691,BACKFILL_AUTO
2026-04-15 12:42:07,1776256927,BOOM600,5902.028,-1,0.012999999999919964,BACKFILL_AUTO
2026-04-15 12:42:08,1776256928,BOOM600,5902.022,-1,0.006000000000312866,BACKFILL_AUTO
2026-04-15 12:42:09,1776256929,BOOM600,5902.013,-1,0.009000000000014552,BACKFILL_AUTO
2026-04-15 12:42:10,1776256930,BOOM600,5901.996,-1,0.016999999999825377,BACKFILL_AUTO
2026-04-15 12:42:11,1776256931,BOOM600,5901.993,-1,0.0029999999997016857,BACKFILL_AUTO
2026-04-15 12:42:12,1776256932,BOOM600,5901.983,-1,0.010000000000218279,BACKFILL_AUTO
2026-04-15 12:42:13,1776256933,BOOM600,5901.97,-1,0.012999999999919964,BACKFILL_AUTO
2026-04-15 12:42:14,1776256934,BOOM600,5901.968,-1,0.0020000000004074536,BACKFILL_AUTO
2026-04-15 12:42:15,1776256935,BOOM600,5901.949,-1,0.01900000000023283,BACKFILL_AUTO
2026-04-15 12:42:16,1776256936,BOOM600,5901.939,-1,0.009999999999308784,BACKFILL_AUTO
2026-04-15 12:42:17,1776256937,BOOM600,5901.931,-1,0.00800000000072032,BACKFILL_AUTO
2026-04-15 12:42:18,1776256938,BOOM600,5901.926,-1,0.004999999999199645,BACKFILL_AUTO
2026-04-15 12:42:19,1776256939,BOOM600,5901.923,-1,0.0030000000006111804,BACKFILL_AUTO
2026-04-15 12:42:20,1776256940,BOOM600,5901.915,-1,0.007999999999810825,BACKFILL_AUTO
2026-04-15 12:42:21,1776256941,BOOM600,5901.892,-1,0.023000000000138243,BACKFILL_AUTO
2026-04-15 12:42:22,1776256942,BOOM600,5901.885,-1,0.006999999999607098,BACKFILL_AUTO
2026-04-15 12:42:23,1776256943,BOOM600,5901.873,-1,0.012000000000625732,BACKFILL_AUTO
2026-04-15 12:42:24,1776256944,BOOM600,5901.861,-1,0.011999999999716238,BACKFILL_AUTO
2026-04-15 12:42:25,1776256945,BOOM600,5901.851,-1,0.010000000000218279,BACKFILL_AUTO
2026-04-15 12:42:26,1776256946,BOOM600,5901.842,-1,0.009000000000014552,BACKFILL_AUTO
2026-04-15 12:42:27,1776256947,BOOM600,5901.828,-1,0.013999999999214197,BACKFILL_AUTO
2026-04-15 12:42:28,1776256948,BOOM600,5901.827,-1,0.0010000000002037268,BACKFILL_AUTO
2026-04-15 12:42:29,1776256949,BOOM600,5901.825,-1,0.0020000000004074536,BACKFILL_AUTO
2026-04-15 12:42:30,1776256950,BOOM600,5901.818,-1,0.006999999999607098,BACKFILL_AUTO
2026-04-15 12:42:31,1776256951,BOOM600,5901.803,-1,0.015000000000327418,BACKFILL_AUTO
2026-04-15 12:42:32,1776256952,BOOM600,5901.784,-1,0.01900000000023283,BACKFILL_AUTO
2026-04-15 12:42:33,1776256953,BOOM600,5901.782,-1,0.001999999999497959,BACKFILL_AUTO
2026-04-15 12:42:34,1776256954,BOOM600,5901.775,-1,0.007000000000516593,BACKFILL_AUTO
2026-04-15 12:42:35,1776256955,BOOM600,5901.765,-1,0.009999999999308784,BACKFILL_AUTO
2026-04-15 12:42:36,1776256956,BOOM600,5901.752,-1,0.012999999999919964,BACKFILL_AUTO
2026-04-15 12:42:37,1776256957,BOOM600,5901.746,-1,0.006000000000312866,BACKFILL_AUTO
2026-04-15 12:42:38,1776256958,BOOM600,5901.74,-1,0.006000000000312866,BACKFILL_AUTO
2026-04-15 12:42:39,1776256959,BOOM600,5901.725,-1,0.014999999999417923,BACKFILL_AUTO
2026-04-15 12:42:40,1776256960,BOOM600,5901.711,-1,0.014000000000123691,BACKFILL_AUTO
2026-04-15 12:42:41,1776256961,BOOM600,5901.702,-1,0.009000000000014552,BACKFILL_AUTO
2026-04-15 12:42:42,1776256962,BOOM600,5901.686,-1,0.016000000000531145,BACKFILL_AUTO
2026-04-15 12:42:43,1776256963,BOOM600,5901.681,-1,0.005000000000109139,BACKFILL_AUTO
2026-04-15 12:42:44,1776256964,BOOM600,5901.678,-1,0.0029999999997016857,BACKFILL_AUTO
2026-04-15 12:42:45,1776256965,BOOM600,5901.674,-1,0.0039999999999054126,BACKFILL_AUTO
2026-04-15 12:42:46,1776256966,BOOM600,5901.652,-1,0.021999999999934516,BACKFILL_AUTO
2026-04-15 12:42:47,1776256967,BOOM600,5901.645,-1,0.006999999999607098,BACKFILL_AUTO
2026-04-15 12:42:48,1776256968,BOOM600,5901.632,-1,0.01300000000082946,BACKFILL_AUTO
2026-04-15 12:42:49,1776256969,BOOM600,5901.615,-1,0.016999999999825377,BACKFILL_AUTO
2026-04-15 12:42:50,1776256970,BOOM600,5901.594,-1,0.02099999999973079,BACKFILL_AUTO
2026-04-15 12:42:51,1776256971,BOOM600,5901.585,-1,0.009000000000014552,BACKFILL_AUTO
2026-04-15 12:42:52,1776256972,BOOM600,5901.569,-1,0.01599999999962165,BACKFILL_AUTO
2026-04-15 12:42:53,1776256973,BOOM600,5901.558,-1,0.011000000000422006,BACKFILL_AUTO
2026-04-15 12:42:54,1776256974,BOOM600,5901.552,-1,0.006000000000312866,BACKFILL_AUTO
2026-04-15 12:42:55,1776256975,BOOM600,5901.541,-1,0.01099999999951251,BACKFILL_AUTO
2026-04-15 12:42:56,1776256976,BOOM600,5901.531,-1,0.010000000000218279,BACKFILL_AUTO
2026-04-15 12:42:57,1776256977,BOOM600,5901.528,-1,0.0029999999997016857,BACKFILL_AUTO
2026-04-15 12:42:58,1776256978,BOOM600,5901.5,-1,0.028000000000247383,BACKFILL_AUTO
2026-04-15 12:42:59,1776256979,BOOM600,5901.482,-1,0.018000000000029104,BACKFILL_AUTO
2026-04-15 12:43:00,1776256980,BOOM600,5901.468,-1,0.014000000000123691,BACKFILL_AUTO
2026-04-15 12:43:01,1776256981,BOOM600,5901.451,-1,0.016999999999825377,BACKFILL_AUTO
2026-04-15 12:43:02,1776256982,BOOM600,5901.431,-1,0.020000000000436557,BACKFILL_AUTO
2026-04-15 12:43:03,1776256983,BOOM600,5901.415,-1,0.01599999999962165,BACKFILL_AUTO
2026-04-15 12:43:04,1776256984,BOOM600,5901.413,-1,0.0020000000004074536,BACKFILL_AUTO
2026-04-15 12:43:05,1776256985,BOOM600,5901.402,-1,0.01099999999951251,BACKFILL_AUTO
2026-04-15 12:43:06,1776256986,BOOM600,5901.401,-1,0.0010000000002037268,BACKFILL_AUTO
2026-04-15 12:43:07,1776256987,BOOM600,5901.391,-1,0.010000000000218279,BACKFILL_AUTO
2026-04-15 12:43:08,1776256988,BOOM600,5901.377,-1,0.013999999999214197,BACKFILL_AUTO
2026-04-15 12:43:09,1776256989,BOOM600,5901.365,-1,0.012000000000625732,BACKFILL_AUTO
2026-04-15 12:43:10,1776256990,BOOM600,5901.35,-1,0.014999999999417923,BACKFILL_AUTO
2026-04-15 12:43:11,1776256991,BOOM600,5901.339,-1,0.011000000000422006,BACKFILL_AUTO
2026-04-15 12:43:12,1776256992,BOOM600,5901.335,-1,0.0039999999999054126,BACKFILL_AUTO
2026-04-15 12:43:13,1776256993,BOOM600,5901.316,-1,0.01900000000023283,BACKFILL_AUTO
2026-04-15 12:43:14,1776256994,BOOM600,5901.31,-1,0.0059999999994033715,BACKFILL_AUTO
2026-04-15 12:43:15,1776256995,BOOM600,5901.309,-1,0.0010000000002037268,BACKFILL_AUTO
2026-04-15 12:43:16,1776256996,BOOM600,5901.298,-1,0.011000000000422006,BACKFILL_AUTO
2026-04-15 12:43:17,1776256997,BOOM600,5901.291,-1,0.006999999999607098,BACKFILL_AUTO
2026-04-15 12:43:18,1776256998,BOOM600,5901.286,-1,0.005000000000109139,BACKFILL_AUTO
2026-04-15 12:43:19,1776256999,BOOM600,5901.271,-1,0.015000000000327418,BACKFILL_AUTO
2026-04-15 12:43:20,1776257000,BOOM600,5901.268,-1,0.0029999999997016857,BACKFILL_AUTO
2026-04-15 12:43:21,1776257001,BOOM600,5901.268,0,0.0,BACKFILL_AUTO
2026-04-15 12:43:22,1776257002,BOOM600,5901.253,-1,0.015000000000327418,BACKFILL_AUTO
2026-04-15 12:43:23,1776257003,BOOM600,5901.238,-1,0.014999999999417923,BACKFILL_AUTO
2026-04-15 12:43:24,1776257004,BOOM600,5901.23,-1,0.00800000000072032,BACKFILL_AUTO
2026-04-15 12:43:25,1776257005,BOOM600,5901.222,-1,0.007999999999810825,BACKFILL_AUTO
2026-04-15 12:43:26,1776257006,BOOM600,5901.197,-1,0.024999999999636202,BACKFILL_AUTO
2026-04-15 12:43:27,1776257007,BOOM600,5901.191,-1,0.006000000000312866,BACKFILL_AUTO
2026-04-15 12:43:28,1776257008,BOOM600,5901.183,-1,0.007999999999810825,BACKFILL_AUTO
2026-04-15 12:43:29,1776257009,BOOM600,5901.175,-1,0.007999999999810825,BACKFILL_AUTO
2026-04-15 12:43:30,1776257010,BOOM600,5901.153,-1,0.021999999999934516,BACKFILL_AUTO
2026-04-15 12:43:31,1776257011,BOOM600,5901.13,-1,0.023000000000138243,BACKFILL_AUTO
2026-04-15 12:43:32,1776257012,BOOM600,5901.117,-1,0.012999999999919964,BACKFILL_AUTO
2026-04-15 12:43:33,1776257013,BOOM600,5901.116,-1,0.0010000000002037268,BACKFILL_AUTO
2026-04-15 12:43:34,1776257014,BOOM600,5901.109,-1,0.006999999999607098,BACKFILL_AUTO
2026-04-15 12:43:35,1776257015,BOOM600,5901.102,-1,0.007000000000516593,BACKFILL_AUTO
2026-04-15 12:43:36,1776257016,BOOM600,5901.077,-1,0.024999999999636202,BACKFILL_AUTO
2026-04-15 12:43:37,1776257017,BOOM600,5901.064,-1,0.012999999999919964,BACKFILL_AUTO
2026-04-15 12:43:38,1776257018,BOOM600,5901.061,-1,0.0030000000006111804,BACKFILL_AUTO
2026-04-15 12:43:39,1776257019,BOOM600,5901.052,-1,0.009000000000014552,BACKFILL_AUTO
2026-04-15 12:43:40,1776257020,BOOM600,5901.036,-1,0.01599999999962165,BACKFILL_AUTO
2026-04-15 12:43:41,1776257021,BOOM600,5901.036,0,0.0,BACKFILL_AUTO
2026-04-15 12:43:42,1776257022,BOOM600,5901.031,-1,0.005000000000109139,BACKFILL_AUTO
2026-04-15 12:43:43,1776257023,BOOM600,5901.03,-1,0.0010000000002037268,BACKFILL_AUTO
2026-04-15 12:43:44,1776257024,BOOM600,5901.025,-1,0.005000000000109139,BACKFILL_AUTO
2026-04-15 12:43:45,1776257025,BOOM600,5901.016,-1,0.009000000000014552,BACKFILL_AUTO
2026-04-15 12:43:46,1776257026,BOOM600,5901.014,-1,0.001999999999497959,BACKFILL_AUTO
2026-04-15 12:43:47,1776257027,BOOM600,5901.014,0,0.0,BACKFILL_AUTO
2026-04-15 12:43:48,1776257028,BOOM600,5901.001,-1,0.012999999999919964,BACKFILL_AUTO
2026-04-15 12:43:49,1776257029,BOOM600,5900.992,-1,0.009000000000014552,BACKFILL_AUTO
2026-04-15 12:43:50,1776257030,BOOM600,5900.991,-1,0.0010000000002037268,BACKFILL_AUTO
2026-04-15 12:43:51,1776257031,BOOM600,5904.609,1,3.618000000000393,BACKFILL_AUTO
2026-04-15 12:43:52,1776257032,BOOM600,5904.604,-1,0.005000000000109139,BACKFILL_AUTO
2026-04-15 12:43:53,1776257033,BOOM600,5904.595,-1,0.009000000000014552,BACKFILL_AUTO
2026-04-15 12:43:54,1776257034,BOOM600,5904.591,-1,0.0039999999999054126,BACKFILL_AUTO
2026-04-15 12:43:55,1776257035,BOOM600,5904.584,-1,0.007000000000516593,BACKFILL_AUTO
2026-04-15 12:43:56,1776257036,BOOM600,5904.582,-1,0.001999999999497959,BACKFILL_AUTO
2026-04-15 12:43:57,1776257037,BOOM600,5904.577,-1,0.005000000000109139,BACKFILL_AUTO
2026-04-15 12:43:58,1776257038,BOOM600,5904.563,-1,0.014000000000123691,BACKFILL_AUTO
2026-04-15 12:43:59,1776257039,BOOM600,5904.551,-1,0.011999999999716238,BACKFILL_AUTO
2026-04-15 12:44:00,1776257040,BOOM600,5904.529,-1,0.021999999999934516,BACKFILL_AUTO
2026-04-15 12:44:01,1776257041,BOOM600,5904.523,-1,0.006000000000312866,BACKFILL_AUTO
2026-04-15 12:44:02,1776257042,BOOM600,5904.522,-1,0.0010000000002037268,BACKFILL_AUTO
2026-04-15 12:44:03,1776257043,BOOM600,5904.518,-1,0.0039999999999054126,BACKFILL_AUTO
2026-04-15 12:44:04,1776257044,BOOM600,5904.506,-1,0.011999999999716238,BACKFILL_AUTO
2026-04-15 12:44:05,1776257045,BOOM600,5904.5,-1,0.006000000000312866,BACKFILL_AUTO
2026-04-15 12:44:06,1776257046,BOOM600,5904.496,-1,0.0039999999999054126,BACKFILL_AUTO
2026-04-15 12:44:07,1776257047,BOOM600,5904.481,-1,0.015000000000327418,BACKFILL_AUTO
2026-04-15 12:44:08,1776257048,BOOM600,5904.471,-1,0.010000000000218279,BACKFILL_AUTO
2026-04-15 12:44:09,1776257049,BOOM600,5904.47,-1,0.0009999999992942321,BACKFILL_AUTO
2026-04-15 12:44:10,1776257050,BOOM600,5904.467,-1,0.0030000000006111804,BACKFILL_AUTO
2026-04-15 12:44:11,1776257051,BOOM600,5904.451,-1,0.01599999999962165,BACKFILL_AUTO
2026-04-15 12:44:12,1776257052,BOOM600,5904.448,-1,0.0029999999997016857,BACKFILL_AUTO
2026-04-15 12:44:13,1776257053,BOOM600,5904.437,-1,0.011000000000422006,BACKFILL_AUTO
2026-04-15 12:44:14,1776257054,BOOM600,5904.433,-1,0.0039999999999054126,BACKFILL_AUTO
2026-04-15 12:44:15,1776257055,BOOM600,5904.432,-1,0.0010000000002037268,BACKFILL_AUTO
2026-04-15 12:44:16,1776257056,BOOM600,5904.431,-1,0.0010000000002037268,BACKFILL_AUTO
2026-04-15 12:44:17,1776257057,BOOM600,5904.413,-1,0.018000000000029104,BACKFILL_AUTO
2026-04-15 12:44:18,1776257058,BOOM600,5904.406,-1,0.006999999999607098,BACKFILL_AUTO
2026-04-15 12:44:19,1776257059,BOOM600,5904.4,-1,0.006000000000312866,BACKFILL_AUTO
2026-04-15 12:44:20,1776257060,BOOM600,5904.4,0,0.0,BACKFILL_AUTO
2026-04-15 12:44:21,1776257061,BOOM600,5904.389,-1,0.01099999999951251,BACKFILL_AUTO
2026-04-15 12:44:22,1776257062,BOOM600,5904.381,-1,0.007999999999810825,BACKFILL_AUTO
2026-04-15 12:44:23,1776257063,BOOM600,5904.372,-1,0.009000000000014552,BACKFILL_AUTO
2026-04-15 12:44:24,1776257064,BOOM600,5904.363,-1,0.009000000000014552,BACKFILL_AUTO
2026-04-15 12:44:25,1776257065,BOOM600,5904.348,-1,0.015000000000327418,BACKFILL_AUTO
2026-04-15 12:44:26,1776257066,BOOM600,5904.342,-1,0.006000000000312866,BACKFILL_AUTO
2026-04-15 12:44:27,1776257067,BOOM600,5904.333,-1,0.009000000000014552,BACKFILL_AUTO
2026-04-15 12:44:28,1776257068,BOOM600,5904.328,-1,0.004999999999199645,BACKFILL_AUTO
2026-04-15 12:44:29,1776257069,BOOM600,5904.314,-1,0.014000000000123691,BACKFILL_AUTO
2026-04-15 12:44:30,1776257070,BOOM600,5904.29,-1,0.02400000000034197,BACKFILL_AUTO
2026-04-15 12:44:31,1776257071,BOOM600,5904.275,-1,0.015000000000327418,BACKFILL_AUTO
2026-04-15 12:44:32,1776257072,BOOM600,5904.259,-1,0.01599999999962165,BACKFILL_AUTO
2026-04-15 12:44:33,1776257073,BOOM600,5904.253,-1,0.006000000000312866,BACKFILL_AUTO
2026-04-15 12:44:34,1776257074,BOOM600,5904.24,-1,0.012999999999919964,BACKFILL_AUTO
2026-04-15 12:44:35,1776257075,BOOM600,5904.225,-1,0.014999999999417923,BACKFILL_AUTO
2026-04-15 12:44:36,1776257076,BOOM600,5904.202,-1,0.023000000000138243,BACKFILL_AUTO
2026-04-15 12:44:37,1776257077,BOOM600,5904.178,-1,0.02400000000034197,BACKFILL_AUTO
2026-04-15 12:44:38,1776257078,BOOM600,5904.172,-1,0.006000000000312866,BACKFILL_AUTO
2026-04-15 12:44:39,1776257079,BOOM600,5904.169,-1,0.0029999999997016857,BACKFILL_AUTO
2026-04-15 12:44:40,1776257080,BOOM600,5904.156,-1,0.012999999999919964,BACKFILL_AUTO
2026-04-15 12:44:41,1776257081,BOOM600,5904.131,-1,0.024999999999636202,BACKFILL_AUTO
2026-04-15 12:44:42,1776257082,BOOM600,5904.109,-1,0.021999999999934516,BACKFILL_AUTO
2026-04-15 12:44:43,1776257083,BOOM600,5904.096,-1,0.01300000000082946,BACKFILL_AUTO
2026-04-15 12:44:44,1776257084,BOOM600,5904.082,-1,0.013999999999214197,BACKFILL_AUTO
2026-04-15 12:44:45,1776257085,BOOM600,5904.081,-1,0.0010000000002037268,BACKFILL_AUTO
2026-04-15 12:44:46,1776257086,BOOM600,5904.075,-1,0.006000000000312866,BACKFILL_AUTO
2026-04-15 12:44:47,1776257087,BOOM600,5904.07,-1,0.005000000000109139,BACKFILL_AUTO
2026-04-15 12:44:48,1776257088,BOOM600,5904.041,-1,0.028999999999541615,BACKFILL_AUTO
2026-04-15 12:44:49,1776257089,BOOM600,5904.037,-1,0.0039999999999054126,BACKFILL_AUTO
2026-04-15 12:44:50,1776257090,BOOM600,5904.03,-1,0.007000000000516593,BACKFILL_AUTO
2026-04-15 12:44:51,1776257091,BOOM600,5904.023,-1,0.006999999999607098,BACKFILL_AUTO
2026-04-15 12:44:52,1776257092,BOOM600,5904.022,-1,0.0010000000002037268,BACKFILL_AUTO
2026-04-15 12:44:53,1776257093,BOOM600,5904.007,-1,0.015000000000327418,BACKFILL_AUTO
2026-04-15 12:44:54,1776257094,BOOM600,5903.995,-1,0.011999999999716238,BACKFILL_AUTO
2026-04-15 12:44:55,1776257095,BOOM600,5903.993,-1,0.001999999999497959,BACKFILL_AUTO
2026-04-15 12:44:56,1776257096,BOOM600,5903.982,-1,0.011000000000422006,BACKFILL_AUTO
2026-04-15 12:44:57,1776257097,BOOM600,5903.974,-1,0.007999999999810825,BACKFILL_AUTO
2026-04-15 12:44:58,1776257098,BOOM600,5903.973,-1,0.0010000000002037268,BACKFILL_AUTO
2026-04-15 12:44:59,1776257099,BOOM600,5903.972,-1,0.0010000000002037268,BACKFILL_AUTO
2026-04-15 12:45:00,1776257100,BOOM600,5903.959,-1,0.012999999999919964,BACKFILL_AUTO
2026-04-15 12:45:01,1776257101,BOOM600,5903.94,-1,0.01900000000023283,BACKFILL_AUTO
2026-04-15 12:45:02,1776257102,BOOM600,5903.933,-1,0.006999999999607098,BACKFILL_AUTO
2026-04-15 12:45:03,1776257103,BOOM600,5903.916,-1,0.016999999999825377,BACKFILL_AUTO
2026-04-15 12:45:04,1776257104,BOOM600,5903.907,-1,0.009000000000014552,BACKFILL_AUTO
2026-04-15 12:45:05,1776257105,BOOM600,5903.891,-1,0.016000000000531145,BACKFILL_AUTO
2026-04-15 12:45:06,1776257106,BOOM600,5903.872,-1,0.018999999999323336,BACKFILL_AUTO
2026-04-15 12:45:07,1776257107,BOOM600,5903.867,-1,0.005000000000109139,BACKFILL_AUTO
2026-04-15 12:45:08,1776257108,BOOM600,5903.854,-1,0.012999999999919964,BACKFILL_AUTO
2026-04-15 12:45:09,1776257109,BOOM600,5903.838,-1,0.016000000000531145,BACKFILL_AUTO
2026-04-15 12:45:10,1776257110,BOOM600,5903.825,-1,0.012999999999919964,BACKFILL_AUTO
2026-04-15 12:45:11,1776257111,BOOM600,5903.825,0,0.0,BACKFILL_AUTO
2026-04-15 12:45:12,1776257112,BOOM600,5903.81,-1,0.014999999999417923,BACKFILL_AUTO
2026-04-15 12:45:13,1776257113,BOOM600,5903.786,-1,0.02400000000034197,BACKFILL_AUTO
2026-04-15 12:45:14,1776257114,BOOM600,5903.784,-1,0.0020000000004074536,BACKFILL_AUTO
2026-04-15 12:45:15,1776257115,BOOM600,5903.76,-1,0.023999999999432475,BACKFILL_AUTO
2026-04-15 12:45:16,1776257116,BOOM600,5903.748,-1,0.012000000000625732,BACKFILL_AUTO
2026-04-15 12:45:17,1776257117,BOOM600,5903.747,-1,0.0009999999992942321,BACKFILL_AUTO
2026-04-15 12:45:18,1776257118,BOOM600,5903.722,-1,0.025000000000545697,BACKFILL_AUTO
2026-04-15 12:45:19,1776257119,BOOM600,5903.717,-1,0.005000000000109139,BACKFILL_AUTO
2026-04-15 12:45:20,1776257120,BOOM600,5903.708,-1,0.009000000000014552,BACKFILL_AUTO
2026-04-15 12:45:21,1776257121,BOOM600,5903.701,-1,0.006999999999607098,BACKFILL_AUTO
2026-04-15 12:45:22,1776257122,BOOM600,5903.681,-1,0.020000000000436557,BACKFILL_AUTO
2026-04-15 12:45:23,1776257123,BOOM600,5903.663,-1,0.018000000000029104,BACKFILL_AUTO
2026-04-15 12:45:24,1776257124,BOOM600,5903.649,-1,0.013999999999214197,BACKFILL_AUTO
2026-04-15 12:45:25,1776257125,BOOM600,5903.628,-1,0.021000000000640284,BACKFILL_AUTO
2026-04-15 12:45:26,1776257126,BOOM600,5903.626,-1,0.001999999999497959,BACKFILL_AUTO
2026-04-15 12:45:27,1776257127,BOOM600,5903.617,-1,0.009000000000014552,BACKFILL_AUTO
2026-04-15 12:45:28,1776257128,BOOM600,5903.604,-1,0.012999999999919964,BACKFILL_AUTO
2026-04-15 12:45:29,1776257129,BOOM600,5903.602,-1,0.0020000000004074536,BACKFILL_AUTO
2026-04-15 12:45:30,1776257130,BOOM600,5903.599,-1,0.0029999999997016857,BACKFILL_AUTO
2026-04-15 12:45:31,1776257131,BOOM600,5903.588,-1,0.011000000000422006,BACKFILL_AUTO
2026-04-15 12:45:32,1776257132,BOOM600,5903.57,-1,0.018000000000029104,BACKFILL_AUTO
2026-04-15 12:45:33,1776257133,BOOM600,5903.556,-1,0.014000000000123691,BACKFILL_AUTO
2026-04-15 12:45:34,1776257134,BOOM600,5903.555,-1,0.0009999999992942321,BACKFILL_AUTO
2026-04-15 12:45:35,1776257135,BOOM600,5903.543,-1,0.012000000000625732,BACKFILL_AUTO
2026-04-15 12:45:36,1776257136,BOOM600,5903.518,-1,0.024999999999636202,BACKFILL_AUTO
2026-04-15 12:45:37,1776257137,BOOM600,5903.51,-1,0.007999999999810825,BACKFILL_AUTO
2026-04-15 12:45:38,1776257138,BOOM600,5903.495,-1,0.015000000000327418,BACKFILL_AUTO
2026-04-15 12:45:39,1776257139,BOOM600,5903.479,-1,0.01599999999962165,BACKFILL_AUTO
2026-04-15 12:45:40,1776257140,BOOM600,5903.471,-1,0.00800000000072032,BACKFILL_AUTO
2026-04-15 12:45:41,1776257141,BOOM600,5903.463,-1,0.007999999999810825,BACKFILL_AUTO
2026-04-15 12:45:42,1776257142,BOOM600,5903.449,-1,0.014000000000123691,BACKFILL_AUTO
2026-04-15 12:45:43,1776257143,BOOM600,5903.443,-1,0.0059999999994033715,BACKFILL_AUTO
2026-04-15 12:45:44,1776257144,BOOM600,5903.44,-1,0.0030000000006111804,BACKFILL_AUTO
2026-04-15 12:45:45,1776257145,BOOM600,5903.425,-1,0.014999999999417923,BACKFILL_AUTO
2026-04-15 12:45:46,1776257146,BOOM600,5903.422,-1,0.0030000000006111804,BACKFILL_AUTO
2026-04-15 12:45:47,1776257147,BOOM600,5903.378,-1,0.04399999999986903,BACKFILL_AUTO
2026-04-15 12:45:48,1776257148,BOOM600,5903.375,-1,0.0029999999997016857,BACKFILL_AUTO
2026-04-15 12:45:49,1776257149,BOOM600,5903.364,-1,0.011000000000422006,BACKFILL_AUTO
2026-04-15 12:45:50,1776257150,BOOM600,5903.338,-1,0.02599999999983993,BACKFILL_AUTO
2026-04-15 12:45:51,1776257151,BOOM600,5903.32,-1,0.018000000000029104,BACKFILL_AUTO
2026-04-15 12:45:52,1776257152,BOOM600,5903.313,-1,0.006999999999607098,BACKFILL_AUTO
2026-04-15 12:45:53,1776257153,BOOM600,5903.311,-1,0.0020000000004074536,BACKFILL_AUTO
2026-04-15 12:45:54,1776257154,BOOM600,5903.291,-1,0.019999999999527063,BACKFILL_AUTO
2026-04-15 12:45:55,1776257155,BOOM600,5903.265,-1,0.02599999999983993,BACKFILL_AUTO
2026-04-15 12:45:56,1776257156,BOOM600,5903.257,-1,0.00800000000072032,BACKFILL_AUTO
2026-04-15 12:45:57,1776257157,BOOM600,5903.245,-1,0.011999999999716238,BACKFILL_AUTO
2026-04-15 12:45:58,1776257158,BOOM600,5903.227,-1,0.018000000000029104,BACKFILL_AUTO
2026-04-15 12:45:59,1776257159,BOOM600,5903.219,-1,0.007999999999810825,BACKFILL_AUTO
2026-04-15 12:46:00,1776257160,BOOM600,5903.206,-1,0.012999999999919964,BACKFILL_AUTO
2026-04-15 12:46:01,1776257161,BOOM600,5903.196,-1,0.010000000000218279,BACKFILL_AUTO
2026-04-15 12:46:02,1776257162,BOOM600,5903.193,-1,0.0029999999997016857,BACKFILL_AUTO
2026-04-15 12:46:03,1776257163,BOOM600,5903.19,-1,0.0030000000006111804,BACKFILL_AUTO
2026-04-15 12:46:04,1776257164,BOOM600,5903.187,-1,0.0029999999997016857,BACKFILL_AUTO
2026-04-15 12:46:05,1776257165,BOOM600,5903.175,-1,0.011999999999716238,BACKFILL_AUTO
2026-04-15 12:46:06,1776257166,BOOM600,5903.146,-1,0.02900000000045111,BACKFILL_AUTO
2026-04-15 12:46:07,1776257167,BOOM600,5903.14,-1,0.0059999999994033715,BACKFILL_AUTO
2026-04-15 12:46:08,1776257168,BOOM600,5903.127,-1,0.012999999999919964,BACKFILL_AUTO
2026-04-15 12:46:09,1776257169,BOOM600,5903.117,-1,0.010000000000218279,BACKFILL_AUTO
2026-04-15 12:46:10,1776257170,BOOM600,5903.114,-1,0.0030000000006111804,BACKFILL_AUTO
2026-04-15 12:46:11,1776257171,BOOM600,5903.109,-1,0.004999999999199645,BACKFILL_AUTO
2026-04-15 12:46:12,1776257172,BOOM600,5903.097,-1,0.012000000000625732,BACKFILL_AUTO
2026-04-15 12:46:13,1776257173,BOOM600,5903.075,-1,0.021999999999934516,BACKFILL_AUTO
2026-04-15 12:46:14,1776257174,BOOM600,5903.061,-1,0.014000000000123691,BACKFILL_AUTO
2026-04-15 12:46:15,1776257175,BOOM600,5903.06,-1,0.0009999999992942321,BACKFILL_AUTO
2026-04-15 12:46:16,1776257176,BOOM600,5903.037,-1,0.023000000000138243,BACKFILL_AUTO
2026-04-15 12:46:17,1776257177,BOOM600,5903.032,-1,0.005000000000109139,BACKFILL_AUTO
2026-04-15 12:46:18,1776257178,BOOM600,5903.011,-1,0.02099999999973079,BACKFILL_AUTO
2026-04-15 12:46:19,1776257179,BOOM600,5903.01,-1,0.0010000000002037268,BACKFILL_AUTO
2026-04-15 12:46:20,1776257180,BOOM600,5902.995,-1,0.015000000000327418,BACKFILL_AUTO
2026-04-15 12:46:21,1776257181,BOOM600,5902.992,-1,0.0029999999997016857,BACKFILL_AUTO
2026-04-15 12:46:22,1776257182,BOOM600,5902.981,-1,0.011000000000422006,BACKFILL_AUTO
2026-04-15 12:46:23,1776257183,BOOM600,5902.97,-1,0.01099999999951251,BACKFILL_AUTO
2026-04-15 12:46:24,1776257184,BOOM600,5902.943,-1,0.027000000000043656,BACKFILL_AUTO
2026-04-15 12:46:25,1776257185,BOOM600,5902.938,-1,0.005000000000109139,BACKFILL_AUTO
2026-04-15 12:46:26,1776257186,BOOM600,5902.919,-1,0.01900000000023283,BACKFILL_AUTO
2026-04-15 12:46:27,1776257187,BOOM600,5902.919,0,0.0,BACKFILL_AUTO
2026-04-15 12:46:28,1776257188,BOOM600,5902.913,-1,0.006000000000312866,BACKFILL_AUTO
2026-04-15 12:46:29,1776257189,BOOM600,5902.912,-1,0.0009999999992942321,BACKFILL_AUTO
2026-04-15 12:46:30,1776257190,BOOM600,5902.896,-1,0.016000000000531145,BACKFILL_AUTO
2026-04-15 12:46:31,1776257191,BOOM600,5902.881,-1,0.014999999999417923,BACKFILL_AUTO
2026-04-15 12:46:32,1776257192,BOOM600,5902.88,-1,0.0010000000002037268,BACKFILL_AUTO
2026-04-15 12:46:33,1776257193,BOOM600,5902.876,-1,0.0039999999999054126,BACKFILL_AUTO
2026-04-15 12:46:34,1776257194,BOOM600,5902.867,-1,0.009000000000014552,BACKFILL_AUTO
2026-04-15 12:46:35,1776257195,BOOM600,5902.853,-1,0.014000000000123691,BACKFILL_AUTO
2026-04-15 12:46:36,1776257196,BOOM600,5902.838,-1,0.015000000000327418,BACKFILL_AUTO
2026-04-15 12:46:37,1776257197,BOOM600,5902.81,-1,0.027999999999337888,BACKFILL_AUTO
2026-04-15 12:46:38,1776257198,BOOM600,5902.792,-1,0.018000000000029104,BACKFILL_AUTO
2026-04-15 12:46:39,1776257199,BOOM600,5902.789,-1,0.0030000000006111804,BACKFILL_AUTO
2026-04-15 12:46:40,1776257200,BOOM600,5902.773,-1,0.01599999999962165,BACKFILL_AUTO
2026-04-15 12:46:41,1776257201,BOOM600,5902.761,-1,0.011999999999716238,BACKFILL_AUTO
2026-04-15 12:46:42,1776257202,BOOM600,5902.743,-1,0.018000000000029104,BACKFILL_AUTO
2026-04-15 12:46:43,1776257203,BOOM600,5902.736,-1,0.007000000000516593,BACKFILL_AUTO
2026-04-15 12:46:44,1776257204,BOOM600,5902.731,-1,0.005000000000109139,BACKFILL_AUTO
2026-04-15 12:46:45,1776257205,BOOM600,5902.719,-1,0.011999999999716238,BACKFILL_AUTO
2026-04-15 12:46:46,1776257206,BOOM600,5902.717,-1,0.0020000000004074536,BACKFILL_AUTO
2026-04-15 12:46:47,1776257207,BOOM600,5902.716,-1,0.0009999999992942321,BACKFILL_AUTO
2026-04-15 12:46:48,1776257208,BOOM600,5902.691,-1,0.025000000000545697,BACKFILL_AUTO
2026-04-15 12:46:49,1776257209,BOOM600,5902.689,-1,0.001999999999497959,BACKFILL_AUTO
2026-04-15 12:46:50,1776257210,BOOM600,5902.683,-1,0.006000000000312866,BACKFILL_AUTO
2026-04-15 12:46:51,1776257211,BOOM600,5902.669,-1,0.014000000000123691,BACKFILL_AUTO
2026-04-15 12:46:52,1776257212,BOOM600,5902.665,-1,0.0039999999999054126,BACKFILL_AUTO
2026-04-15 12:46:53,1776257213,BOOM600,5902.647,-1,0.018000000000029104,BACKFILL_AUTO
2026-04-15 12:46:54,1776257214,BOOM600,5902.621,-1,0.02599999999983993,BACKFILL_AUTO
2026-04-15 12:46:55,1776257215,BOOM600,5902.61,-1,0.011000000000422006,BACKFILL_AUTO
2026-04-15 12:46:56,1776257216,BOOM600,5902.598,-1,0.011999999999716238,BACKFILL_AUTO
2026-04-15 12:46:57,1776257217,BOOM600,5902.595,-1,0.0029999999997016857,BACKFILL_AUTO
2026-04-15 12:46:58,1776257218,BOOM600,5902.574,-1,0.021000000000640284,BACKFILL_AUTO
2026-04-15 12:46:59,1776257219,BOOM600,5902.563,-1,0.01099999999951251,BACKFILL_AUTO
2026-04-15 12:47:00,1776257220,BOOM600,5902.546,-1,0.016999999999825377,BACKFILL_AUTO
2026-04-15 12:47:01,1776257221,BOOM600,5902.532,-1,0.014000000000123691,BACKFILL_AUTO
2026-04-15 12:47:02,1776257222,BOOM600,5902.529,-1,0.0029999999997016857,BACKFILL_AUTO
2026-04-15 12:47:03,1776257223,BOOM600,5902.523,-1,0.006000000000312866,BACKFILL_AUTO
2026-04-15 12:47:04,1776257224,BOOM600,5902.518,-1,0.005000000000109139,BACKFILL_AUTO
2026-04-15 12:47:05,1776257225,BOOM600,5902.503,-1,0.015000000000327418,BACKFILL_AUTO
2026-04-15 12:47:06,1776257226,BOOM600,5902.492,-1,0.01099999999951251,BACKFILL_AUTO
2026-04-15 12:47:07,1776257227,BOOM600,5902.491,-1,0.0010000000002037268,BACKFILL_AUTO
2026-04-15 12:47:08,1776257228,BOOM600,5902.477,-1,0.014000000000123691,BACKFILL_AUTO
2026-04-15 12:47:09,1776257229,BOOM600,5902.469,-1,0.007999999999810825,BACKFILL_AUTO
2026-04-15 12:47:10,1776257230,BOOM600,5902.457,-1,0.011999999999716238,BACKFILL_AUTO
2026-04-15 12:47:11,1776257231,BOOM600,5902.449,-1,0.00800000000072032,BACKFILL_AUTO
2026-04-15 12:47:12,1776257232,BOOM600,5902.429,-1,0.019999999999527063,BACKFILL_AUTO
2026-04-15 12:47:13,1776257233,BOOM600,5902.416,-1,0.012999999999919964,BACKFILL_AUTO
2026-04-15 12:47:14,1776257234,BOOM600,5902.416,0,0.0,BACKFILL_AUTO
2026-04-15 12:47:15,1776257235,BOOM600,5902.414,-1,0.0020000000004074536,BACKFILL_AUTO
2026-04-15 12:47:16,1776257236,BOOM600,5902.395,-1,0.018999999999323336,BACKFILL_AUTO
2026-04-15 12:47:17,1776257237,BOOM600,5902.388,-1,0.007000000000516593,BACKFILL_AUTO
2026-04-15 12:47:18,1776257238,BOOM600,5902.357,-1,0.03099999999994907,BACKFILL_AUTO
2026-04-15 12:47:19,1776257239,BOOM600,5902.345,-1,0.011999999999716238,BACKFILL_AUTO
2026-04-15 12:47:20,1776257240,BOOM600,5902.343,-1,0.0020000000004074536,BACKFILL_AUTO
2026-04-15 12:47:21,1776257241,BOOM600,5902.324,-1,0.01900000000023283,BACKFILL_AUTO
2026-04-15 12:47:22,1776257242,BOOM600,5902.318,-1,0.0059999999994033715,BACKFILL_AUTO
2026-04-15 12:47:23,1776257243,BOOM600,5902.293,-1,0.025000000000545697,BACKFILL_AUTO
2026-04-15 12:47:24,1776257244,BOOM600,5902.289,-1,0.0039999999999054126,BACKFILL_AUTO
2026-04-15 12:47:25,1776257245,BOOM600,5902.288,-1,0.0010000000002037268,BACKFILL_AUTO
2026-04-15 12:47:26,1776257246,BOOM600,5902.283,-1,0.004999999999199645,BACKFILL_AUTO
2026-04-15 12:47:27,1776257247,BOOM600,5902.265,-1,0.018000000000029104,BACKFILL_AUTO
2026-04-15 12:47:28,1776257248,BOOM600,5902.262,-1,0.0030000000006111804,BACKFILL_AUTO
2026-04-15 12:47:29,1776257249,BOOM600,5902.25,-1,0.011999999999716238,BACKFILL_AUTO
2026-04-15 12:47:30,1776257250,BOOM600,5902.243,-1,0.006999999999607098,BACKFILL_AUTO
2026-04-15 12:47:31,1776257251,BOOM600,5902.225,-1,0.018000000000029104,BACKFILL_AUTO
2026-04-15 12:47:32,1776257252,BOOM600,5902.224,-1,0.0010000000002037268,BACKFILL_AUTO
2026-04-15 12:47:33,1776257253,BOOM600,5902.216,-1,0.007999999999810825,BACKFILL_AUTO
2026-04-15 12:47:34,1776257254,BOOM600,5902.215,-1,0.0010000000002037268,BACKFILL_AUTO
2026-04-15 12:47:35,1776257255,BOOM600,5902.206,-1,0.009000000000014552,BACKFILL_AUTO
2026-04-15 12:47:36,1776257256,BOOM600,5902.185,-1,0.02099999999973079,BACKFILL_AUTO
2026-04-15 12:47:37,1776257257,BOOM600,5902.175,-1,0.010000000000218279,BACKFILL_AUTO
2026-04-15 12:47:38,1776257258,BOOM600,5902.166,-1,0.009000000000014552,BACKFILL_AUTO
2026-04-15 12:47:39,1776257259,BOOM600,5902.158,-1,0.007999999999810825,BACKFILL_AUTO
2026-04-15 12:47:40,1776257260,BOOM600,5911.154,1,8.996000000000095,BACKFILL_AUTO
2026-04-15 12:47:41,1776257261,BOOM600,5911.15,-1,0.004000000000814907,BACKFILL_AUTO
2026-04-15 12:47:42,1776257262,BOOM600,5911.141,-1,0.009000000000014552,BACKFILL_AUTO
2026-04-15 12:47:43,1776257263,BOOM600,5911.122,-1,0.018999999999323336,BACKFILL_AUTO
2026-04-15 12:47:44,1776257264,BOOM600,5911.12,-1,0.0020000000004074536,BACKFILL_AUTO
2026-04-15 12:47:45,1776257265,BOOM600,5911.112,-1,0.007999999999810825,BACKFILL_AUTO
2026-04-15 12:47:46,1776257266,BOOM600,5911.105,-1,0.007000000000516593,BACKFILL_AUTO
2026-04-15 12:47:47,1776257267,BOOM600,5911.1,-1,0.004999999999199645,BACKFILL_AUTO
2026-04-15 12:47:48,1776257268,BOOM600,5911.099,-1,0.0010000000002037268,BACKFILL_AUTO
2026-04-15 12:47:49,1776257269,BOOM600,5911.09,-1,0.009000000000014552,BACKFILL_AUTO
2026-04-15 12:47:50,1776257270,BOOM600,5911.086,-1,0.0039999999999054126,BACKFILL_AUTO
2026-04-15 12:47:51,1776257271,BOOM600,5911.076,-1,0.010000000000218279,BACKFILL_AUTO
2026-04-15 12:47:52,1776257272,BOOM600,5911.052,-1,0.02400000000034197,BACKFILL_AUTO
2026-04-15 12:47:53,1776257273,BOOM600,5911.043,-1,0.009000000000014552,BACKFILL_AUTO
2026-04-15 12:47:54,1776257274,BOOM600,5911.04,-1,0.0029999999997016857,BACKFILL_AUTO
2026-04-15 12:47:55,1776257275,BOOM600,5911.038,-1,0.0020000000004074536,BACKFILL_AUTO
2026-04-15 12:47:56,1776257276,BOOM600,5911.026,-1,0.011999999999716238,BACKFILL_AUTO
2026-04-15 12:47:57,1776257277,BOOM600,5911.026,0,0.0,BACKFILL_AUTO
2026-04-15 12:47:58,1776257278,BOOM600,5911.005,-1,0.02099999999973079,BACKFILL_AUTO
2026-04-15 12:47:59,1776257279,BOOM600,5910.989,-1,0.016000000000531145,BACKFILL_AUTO
2026-04-15 12:48:00,1776257280,BOOM600,5910.983,-1,0.0059999999994033715,BACKFILL_AUTO
2026-04-15 12:48:01,1776257281,BOOM600,5910.961,-1,0.021999999999934516,BACKFILL_AUTO
2026-04-15 12:48:02,1776257282,BOOM600,5910.96,-1,0.0010000000002037268,BACKFILL_AUTO
2026-04-15 12:48:03,1776257283,BOOM600,5910.957,-1,0.0029999999997016857,BACKFILL_AUTO
2026-04-15 12:48:04,1776257284,BOOM600,5910.952,-1,0.005000000000109139,BACKFILL_AUTO
2026-04-15 12:48:05,1776257285,BOOM600,5910.94,-1,0.012000000000625732,BACKFILL_AUTO
2026-04-15 12:48:06,1776257286,BOOM600,5910.905,-1,0.03499999999985448,BACKFILL_AUTO
2026-04-15 12:48:07,1776257287,BOOM600,5910.894,-1,0.01099999999951251,BACKFILL_AUTO
2026-04-15 12:48:08,1776257288,BOOM600,5910.886,-1,0.007999999999810825,BACKFILL_AUTO
2026-04-15 12:48:09,1776257289,BOOM600,5910.88,-1,0.006000000000312866,BACKFILL_AUTO
2026-04-15 12:48:10,1776257290,BOOM600,5910.865,-1,0.015000000000327418,BACKFILL_AUTO
2026-04-15 12:48:11,1776257291,BOOM600,5910.856,-1,0.009000000000014552,BACKFILL_AUTO
2026-04-15 12:48:12,1776257292,BOOM600,5910.838,-1,0.018000000000029104,BACKFILL_AUTO
2026-04-15 12:48:13,1776257293,BOOM600,5910.825,-1,0.012999999999919964,BACKFILL_AUTO
2026-04-15 12:48:14,1776257294,BOOM600,5910.817,-1,0.007999999999810825,BACKFILL_AUTO
2026-04-15 12:48:15,1776257295,BOOM600,5910.814,-1,0.0029999999997016857,BACKFILL_AUTO
2026-04-15 12:48:16,1776257296,BOOM600,5910.801,-1,0.012999999999919964,BACKFILL_AUTO
2026-04-15 12:48:17,1776257297,BOOM600,5910.789,-1,0.012000000000625732,BACKFILL_AUTO
2026-04-15 12:48:18,1776257298,BOOM600,5910.786,-1,0.0029999999997016857,BACKFILL_AUTO
2026-04-15 12:48:19,1776257299,BOOM600,5910.779,-1,0.006999999999607098,BACKFILL_AUTO
2026-04-15 12:48:20,1776257300,BOOM600,5910.775,-1,0.004000000000814907,BACKFILL_AUTO
2026-04-15 12:48:21,1776257301,BOOM600,5910.774,-1,0.0009999999992942321,BACKFILL_AUTO
2026-04-15 12:48:22,1776257302,BOOM600,5910.77,-1,0.0039999999999054126,BACKFILL_AUTO
2026-04-15 12:48:23,1776257303,BOOM600,5910.755,-1,0.015000000000327418,BACKFILL_AUTO
2026-04-15 12:48:24,1776257304,BOOM600,5910.754,-1,0.0010000000002037268,BACKFILL_AUTO
2026-04-15 12:48:25,1776257305,BOOM600,5910.753,-1,0.0010000000002037268,BACKFILL_AUTO
2026-04-15 12:48:26,1776257306,BOOM600,5910.744,-1,0.009000000000014552,BACKFILL_AUTO
2026-04-15 12:48:27,1776257307,BOOM600,5910.733,-1,0.01099999999951251,BACKFILL_AUTO
2026-04-15 12:48:28,1776257308,BOOM600,5910.727,-1,0.006000000000312866,BACKFILL_AUTO
2026-04-15 12:48:29,1776257309,BOOM600,5910.719,-1,0.007999999999810825,BACKFILL_AUTO
2026-04-15 12:48:30,1776257310,BOOM600,5910.719,0,0.0,BACKFILL_AUTO
2026-04-15 12:48:31,1776257311,BOOM600,5910.712,-1,0.006999999999607098,BACKFILL_AUTO
2026-04-15 12:48:32,1776257312,BOOM600,5910.712,0,0.0,BACKFILL_AUTO
2026-04-15 12:48:33,1776257313,BOOM600,5910.694,-1,0.018000000000029104,BACKFILL_AUTO
2026-04-15 12:48:34,1776257314,BOOM600,5910.693,-1,0.0010000000002037268,BACKFILL_AUTO
2026-04-15 12:48:35,1776257315,BOOM600,5910.685,-1,0.007999999999810825,BACKFILL_AUTO
2026-04-15 12:48:36,1776257316,BOOM600,5910.672,-1,0.01300000000082946,BACKFILL_AUTO
2026-04-15 12:48:37,1776257317,BOOM600,5910.664,-1,0.007999999999810825,BACKFILL_AUTO
2026-04-15 12:48:38,1776257318,BOOM600,5910.654,-1,0.009999999999308784,BACKFILL_AUTO
2026-04-15 12:48:39,1776257319,BOOM600,5910.642,-1,0.012000000000625732,BACKFILL_AUTO
2026-04-15 12:48:40,1776257320,BOOM600,5910.635,-1,0.006999999999607098,BACKFILL_AUTO
2026-04-15 12:48:41,1776257321,BOOM600,5910.63,-1,0.005000000000109139,BACKFILL_AUTO
2026-04-15 12:48:42,1776257322,BOOM600,5910.603,-1,0.027000000000043656,BACKFILL_AUTO
2026-04-15 12:48:43,1776257323,BOOM600,5910.598,-1,0.005000000000109139,BACKFILL_AUTO
2026-04-15 12:48:44,1776257324,BOOM600,5910.592,-1,0.006000000000312866,BACKFILL_AUTO
2026-04-15 12:48:45,1776257325,BOOM600,5910.587,-1,0.004999999999199645,BACKFILL_AUTO
2026-04-15 12:48:46,1776257326,BOOM600,5910.586,-1,0.0010000000002037268,BACKFILL_AUTO
2026-04-15 12:48:47,1776257327,BOOM600,5910.569,-1,0.016999999999825377,BACKFILL_AUTO
2026-04-15 12:48:48,1776257328,BOOM600,5910.557,-1,0.012000000000625732,BACKFILL_AUTO
2026-04-15 12:48:49,1776257329,BOOM600,5910.539,-1,0.018000000000029104,BACKFILL_AUTO
2026-04-15 12:48:50,1776257330,BOOM600,5910.527,-1,0.011999999999716238,BACKFILL_AUTO
2026-04-15 12:48:51,1776257331,BOOM600,5910.506,-1,0.02099999999973079,BACKFILL_AUTO
2026-04-15 12:48:52,1776257332,BOOM600,5910.496,-1,0.010000000000218279,BACKFILL_AUTO
2026-04-15 12:48:53,1776257333,BOOM600,5910.479,-1,0.016999999999825377,BACKFILL_AUTO
2026-04-15 12:48:54,1776257334,BOOM600,5910.47,-1,0.009000000000014552,BACKFILL_AUTO
2026-04-15 12:48:55,1776257335,BOOM600,5910.464,-1,0.006000000000312866,BACKFILL_AUTO
2026-04-15 12:48:56,1776257336,BOOM600,5910.446,-1,0.018000000000029104,BACKFILL_AUTO
2026-04-15 12:48:57,1776257337,BOOM600,5910.435,-1,0.01099999999951251,BACKFILL_AUTO
2026-04-15 12:48:58,1776257338,BOOM600,5910.425,-1,0.010000000000218279,BACKFILL_AUTO
2026-04-15 12:48:59,1776257339,BOOM600,5910.422,-1,0.0030000000006111804,BACKFILL_AUTO
2026-04-15 12:49:00,1776257340,BOOM600,5910.4,-1,0.021999999999934516,BACKFILL_AUTO
2026-04-15 12:49:01,1776257341,BOOM600,5910.387,-1,0.012999999999919964,BACKFILL_AUTO
2026-04-15 12:49:02,1776257342,BOOM600,5910.364,-1,0.023000000000138243,BACKFILL_AUTO
2026-04-15 12:49:03,1776257343,BOOM600,5910.35,-1,0.013999999999214197,BACKFILL_AUTO
2026-04-15 12:49:04,1776257344,BOOM600,5910.335,-1,0.015000000000327418,BACKFILL_AUTO
2026-04-15 12:49:05,1776257345,BOOM600,5910.329,-1,0.006000000000312866,BACKFILL_AUTO
2026-04-15 12:49:06,1776257346,BOOM600,5910.32,-1,0.009000000000014552,BACKFILL_AUTO
2026-04-15 12:49:07,1776257347,BOOM600,5910.318,-1,0.001999999999497959,BACKFILL_AUTO
2026-04-15 12:49:08,1776257348,BOOM600,5910.31,-1,0.007999999999810825,BACKFILL_AUTO
2026-04-15 12:49:09,1776257349,BOOM600,5910.3,-1,0.010000000000218279,BACKFILL_AUTO
2026-04-15 12:49:10,1776257350,BOOM600,5910.291,-1,0.009000000000014552,BACKFILL_AUTO
2026-04-15 12:49:11,1776257351,BOOM600,5910.272,-1,0.01900000000023283,BACKFILL_AUTO
2026-04-15 12:49:12,1776257352,BOOM600,5910.267,-1,0.005000000000109139,BACKFILL_AUTO
2026-04-15 12:49:13,1776257353,BOOM600,5910.26,-1,0.006999999999607098,BACKFILL_AUTO
2026-04-15 12:49:14,1776257354,BOOM600,5910.252,-1,0.007999999999810825,BACKFILL_AUTO
2026-04-15 12:49:15,1776257355,BOOM600,5910.246,-1,0.006000000000312866,BACKFILL_AUTO
2026-04-15 12:49:16,1776257356,BOOM600,5910.232,-1,0.014000000000123691,BACKFILL_AUTO
2026-04-15 12:49:17,1776257357,BOOM600,5910.215,-1,0.016999999999825377,BACKFILL_AUTO
2026-04-15 12:49:18,1776257358,BOOM600,5910.191,-1,0.02400000000034197,BACKFILL_AUTO
2026-04-15 12:49:19,1776257359,BOOM600,5910.185,-1,0.0059999999994033715,BACKFILL_AUTO
2026-04-15 12:49:20,1776257360,BOOM600,5910.177,-1,0.00800000000072032,BACKFILL_AUTO
2026-04-15 12:49:21,1776257361,BOOM600,5910.163,-1,0.014000000000123691,BACKFILL_AUTO
2026-04-15 12:49:22,1776257362,BOOM600,5910.16,-1,0.0029999999997016857,BACKFILL_AUTO
2026-04-15 12:49:23,1776257363,BOOM600,5910.16,0,0.0,BACKFILL_AUTO
2026-04-15 12:49:24,1776257364,BOOM600,5910.147,-1,0.012999999999919964,BACKFILL_AUTO
2026-04-15 12:49:25,1776257365,BOOM600,5910.143,-1,0.0039999999999054126,BACKFILL_AUTO
2026-04-15 12:49:26,1776257366,BOOM600,5910.141,-1,0.0020000000004074536,BACKFILL_AUTO
2026-04-15 12:49:27,1776257367,BOOM600,5910.135,-1,0.0059999999994033715,BACKFILL_AUTO
2026-04-15 12:49:28,1776257368,BOOM600,5910.129,-1,0.006000000000312866,BACKFILL_AUTO
2026-04-15 12:49:29,1776257369,BOOM600,5910.114,-1,0.015000000000327418,BACKFILL_AUTO
2026-04-15 12:49:30,1776257370,BOOM600,5910.114,0,0.0,BACKFILL_AUTO
2026-04-15 12:49:31,1776257371,BOOM600,5910.111,-1,0.0029999999997016857,BACKFILL_AUTO
2026-04-15 12:49:32,1776257372,BOOM600,5910.102,-1,0.009000000000014552,BACKFILL_AUTO
2026-04-15 12:49:33,1776257373,BOOM600,5910.087,-1,0.014999999999417923,BACKFILL_AUTO
2026-04-15 12:49:34,1776257374,BOOM600,5910.065,-1,0.02200000000084401,BACKFILL_AUTO
2026-04-15 12:49:35,1776257375,BOOM600,5910.048,-1,0.016999999999825377,BACKFILL_AUTO
2026-04-15 12:49:36,1776257376,BOOM600,5910.043,-1,0.005000000000109139,BACKFILL_AUTO
2026-04-15 12:49:37,1776257377,BOOM600,5910.034,-1,0.009000000000014552,BACKFILL_AUTO
2026-04-15 12:49:38,1776257378,BOOM600,5910.034,0,0.0,BACKFILL_AUTO
2026-04-15 12:49:39,1776257379,BOOM600,5910.03,-1,0.0039999999999054126,BACKFILL_AUTO
2026-04-15 12:49:40,1776257380,BOOM600,5909.997,-1,0.03299999999944703,BACKFILL_AUTO
2026-04-15 12:49:41,1776257381,BOOM600,5909.991,-1,0.006000000000312866,BACKFILL_AUTO
2026-04-15 12:49:42,1776257382,BOOM600,5909.982,-1,0.009000000000014552,BACKFILL_AUTO
2026-04-15 12:49:43,1776257383,BOOM600,5909.981,-1,0.0010000000002037268,BACKFILL_AUTO
2026-04-15 12:49:44,1776257384,BOOM600,5909.967,-1,0.014000000000123691,BACKFILL_AUTO
2026-04-15 12:49:45,1776257385,BOOM600,5909.948,-1,0.018999999999323336,BACKFILL_AUTO
2026-04-15 12:49:46,1776257386,BOOM600,5909.941,-1,0.007000000000516593,BACKFILL_AUTO
2026-04-15 12:49:47,1776257387,BOOM600,5909.919,-1,0.021999999999934516,BACKFILL_AUTO
2026-04-15 12:49:48,1776257388,BOOM600,5909.905,-1,0.014000000000123691,BACKFILL_AUTO
2026-04-15 12:49:49,1776257389,BOOM600,5909.886,-1,0.018999999999323336,BACKFILL_AUTO
2026-04-15 12:49:50,1776257390,BOOM600,5909.885,-1,0.0010000000002037268,BACKFILL_AUTO
2026-04-15 12:49:51,1776257391,BOOM600,5909.871,-1,0.014000000000123691,BACKFILL_AUTO
2026-04-15 12:49:52,1776257392,BOOM600,5909.869,-1,0.0020000000004074536,BACKFILL_AUTO
2026-04-15 12:49:53,1776257393,BOOM600,5909.851,-1,0.018000000000029104,BACKFILL_AUTO
2026-04-15 12:49:54,1776257394,BOOM600,5909.843,-1,0.007999999999810825,BACKFILL_AUTO
2026-04-15 12:49:55,1776257395,BOOM600,5909.832,-1,0.01099999999951251,BACKFILL_AUTO
2026-04-15 12:49:56,1776257396,BOOM600,5909.825,-1,0.007000000000516593,BACKFILL_AUTO
2026-04-15 12:49:57,1776257397,BOOM600,5909.811,-1,0.014000000000123691,BACKFILL_AUTO
2026-04-15 12:49:58,1776257398,BOOM600,5909.799,-1,0.011999999999716238,BACKFILL_AUTO
2026-04-15 12:49:59,1776257399,BOOM600,5909.791,-1,0.007999999999810825,BACKFILL_AUTO
2026-04-15 12:50:00,1776257400,BOOM600,5909.776,-1,0.015000000000327418,BACKFILL_AUTO
2026-04-15 12:50:01,1776257401,BOOM600,5909.769,-1,0.006999999999607098,BACKFILL_AUTO
2026-04-15 12:50:02,1776257402,BOOM600,5909.769,0,0.0,BACKFILL_AUTO
2026-04-15 12:50:03,1776257403,BOOM600,5909.761,-1,0.007999999999810825,BACKFILL_AUTO
2026-04-15 12:50:04,1776257404,BOOM600,5909.75,-1,0.011000000000422006,BACKFILL_AUTO
2026-04-15 12:50:05,1776257405,BOOM600,5909.749,-1,0.0010000000002037268,BACKFILL_AUTO
2026-04-15 12:50:06,1776257406,BOOM600,5909.749,0,0.0,BACKFILL_AUTO
2026-04-15 12:50:07,1776257407,BOOM600,5909.744,-1,0.005000000000109139,BACKFILL_AUTO
2026-04-15 12:50:08,1776257408,BOOM600,5909.725,-1,0.018999999999323336,BACKFILL_AUTO
2026-04-15 12:50:09,1776257409,BOOM600,5909.715,-1,0.010000000000218279,BACKFILL_AUTO
2026-04-15 12:50:10,1776257410,BOOM600,5909.705,-1,0.010000000000218279,BACKFILL_AUTO
2026-04-15 12:50:11,1776257411,BOOM600,5909.697,-1,0.007999999999810825,BACKFILL_AUTO
2026-04-15 12:50:12,1776257412,BOOM600,5909.689,-1,0.007999999999810825,BACKFILL_AUTO
2026-04-15 12:50:13,1776257413,BOOM600,5909.678,-1,0.011000000000422006,BACKFILL_AUTO
2026-04-15 12:50:14,1776257414,BOOM600,5909.677,-1,0.0010000000002037268,BACKFILL_AUTO
2026-04-15 12:50:15,1776257415,BOOM600,5909.667,-1,0.009999999999308784,BACKFILL_AUTO
2026-04-15 12:50:16,1776257416,BOOM600,5909.66,-1,0.007000000000516593,BACKFILL_AUTO
2026-04-15 12:50:17,1776257417,BOOM600,5909.634,-1,0.02599999999983993,BACKFILL_AUTO
2026-04-15 12:50:18,1776257418,BOOM600,5909.624,-1,0.010000000000218279,BACKFILL_AUTO
2026-04-15 12:50:19,1776257419,BOOM600,5909.623,-1,0.0010000000002037268,BACKFILL_AUTO
2026-04-15 12:50:20,1776257420,BOOM600,5909.616,-1,0.006999999999607098,BACKFILL_AUTO
2026-04-15 12:50:21,1776257421,BOOM600,5909.606,-1,0.010000000000218279,BACKFILL_AUTO
2026-04-15 12:50:22,1776257422,BOOM600,5909.606,0,0.0,BACKFILL_AUTO
2026-04-15 12:50:23,1776257423,BOOM600,5909.593,-1,0.012999999999919964,BACKFILL_AUTO
2026-04-15 12:50:24,1776257424,BOOM600,5909.587,-1,0.0059999999994033715,BACKFILL_AUTO
2026-04-15 12:50:25,1776257425,BOOM600,5909.563,-1,0.02400000000034197,BACKFILL_AUTO
2026-04-15 12:50:26,1776257426,BOOM600,5909.558,-1,0.005000000000109139,BACKFILL_AUTO
2026-04-15 12:50:27,1776257427,BOOM600,5909.55,-1,0.007999999999810825,BACKFILL_AUTO
2026-04-15 12:50:28,1776257428,BOOM600,5909.544,-1,0.006000000000312866,BACKFILL_AUTO
2026-04-15 12:50:29,1776257429,BOOM600,5909.541,-1,0.0029999999997016857,BACKFILL_AUTO
2026-04-15 12:50:30,1776257430,BOOM600,5909.524,-1,0.016999999999825377,BACKFILL_AUTO
2026-04-15 12:50:31,1776257431,BOOM600,5909.518,-1,0.006000000000312866,BACKFILL_AUTO
2026-04-15 12:50:32,1776257432,BOOM600,5909.492,-1,0.02599999999983993,BACKFILL_AUTO
2026-04-15 12:50:33,1776257433,BOOM600,5909.49,-1,0.0020000000004074536,BACKFILL_AUTO
2026-04-15 12:50:34,1776257434,BOOM600,5909.484,-1,0.0059999999994033715,BACKFILL_AUTO
2026-04-15 12:50:35,1776257435,BOOM600,5909.465,-1,0.01900000000023283,BACKFILL_AUTO
2026-04-15 12:50:36,1776257436,BOOM600,5909.455,-1,0.010000000000218279,BACKFILL_AUTO
2026-04-15 12:50:37,1776257437,BOOM600,5909.454,-1,0.0010000000002037268,BACKFILL_AUTO
2026-04-15 12:50:38,1776257438,BOOM600,5909.448,-1,0.0059999999994033715,BACKFILL_AUTO
2026-04-15 12:50:39,1776257439,BOOM600,5909.445,-1,0.0030000000006111804,BACKFILL_AUTO
2026-04-15 12:50:40,1776257440,BOOM600,5909.438,-1,0.006999999999607098,BACKFILL_AUTO
2026-04-15 12:50:41,1776257441,BOOM600,5909.438,0,0.0,BACKFILL_AUTO
2026-04-15 12:50:42,1776257442,BOOM600,5909.432,-1,0.006000000000312866,BACKFILL_AUTO
2026-04-15 12:50:43,1776257443,BOOM600,5909.428,-1,0.0039999999999054126,BACKFILL_AUTO
2026-04-15 12:50:44,1776257444,BOOM600,5909.424,-1,0.0039999999999054126,BACKFILL_AUTO
2026-04-15 12:50:45,1776257445,BOOM600,5909.407,-1,0.016999999999825377,BACKFILL_AUTO
2026-04-15 12:50:46,1776257446,BOOM600,5909.398,-1,0.009000000000014552,BACKFILL_AUTO
2026-04-15 12:50:47,1776257447,BOOM600,5909.382,-1,0.016000000000531145,BACKFILL_AUTO
2026-04-15 12:50:48,1776257448,BOOM600,5909.382,0,0.0,BACKFILL_AUTO
2026-04-15 12:50:49,1776257449,BOOM600,5909.374,-1,0.007999999999810825,BACKFILL_AUTO
2026-04-15 12:50:50,1776257450,BOOM600,5909.362,-1,0.011999999999716238,BACKFILL_AUTO
2026-04-15 12:50:51,1776257451,BOOM600,5909.357,-1,0.005000000000109139,BACKFILL_AUTO
2026-04-15 12:50:52,1776257452,BOOM600,5909.356,-1,0.0010000000002037268,BACKFILL_AUTO
2026-04-15 12:50:53,1776257453,BOOM600,5909.343,-1,0.012999999999919964,BACKFILL_AUTO
2026-04-15 12:50:54,1776257454,BOOM600,5909.337,-1,0.0059999999994033715,BACKFILL_AUTO
2026-04-15 12:50:55,1776257455,BOOM600,5909.324,-1,0.01300000000082946,BACKFILL_AUTO
2026-04-15 12:50:56,1776257456,BOOM600,5909.313,-1,0.01099999999951251,BACKFILL_AUTO
2026-04-15 12:50:57,1776257457,BOOM600,5909.305,-1,0.007999999999810825,BACKFILL_AUTO
2026-04-15 12:50:58,1776257458,BOOM600,5909.29,-1,0.015000000000327418,BACKFILL_AUTO
2026-04-15 12:50:59,1776257459,BOOM600,5909.271,-1,0.01900000000023283,BACKFILL_AUTO
2026-04-15 12:51:00,1776257460,BOOM600,5909.245,-1,0.02599999999983993,BACKFILL_AUTO
2026-04-15 12:51:01,1776257461,BOOM600,5909.245,0,0.0,BACKFILL_AUTO
2026-04-15 12:51:02,1776257462,BOOM600,5909.232,-1,0.012999999999919964,BACKFILL_AUTO
2026-04-15 12:51:03,1776257463,BOOM600,5909.219,-1,0.012999999999919964,BACKFILL_AUTO
2026-04-15 12:51:04,1776257464,BOOM600,5909.209,-1,0.010000000000218279,BACKFILL_AUTO
2026-04-15 12:51:05,1776257465,BOOM600,5909.201,-1,0.007999999999810825,BACKFILL_AUTO
2026-04-15 12:51:06,1776257466,BOOM600,5909.197,-1,0.0039999999999054126,BACKFILL_AUTO
2026-04-15 12:51:07,1776257467,BOOM600,5909.174,-1,0.023000000000138243,BACKFILL_AUTO
2026-04-15 12:51:08,1776257468,BOOM600,5909.151,-1,0.023000000000138243,BACKFILL_AUTO
2026-04-15 12:51:09,1776257469,BOOM600,5909.15,-1,0.0010000000002037268,BACKFILL_AUTO
2026-04-15 12:51:10,1776257470,BOOM600,5909.127,-1,0.02299999999922875,BACKFILL_AUTO
2026-04-15 12:51:11,1776257471,BOOM600,5909.117,-1,0.010000000000218279,BACKFILL_AUTO
2026-04-15 12:51:12,1776257472,BOOM600,5909.115,-1,0.0020000000004074536,BACKFILL_AUTO
2026-04-15 12:51:13,1776257473,BOOM600,5909.106,-1,0.009000000000014552,BACKFILL_AUTO
2026-04-15 12:51:14,1776257474,BOOM600,5909.099,-1,0.006999999999607098,BACKFILL_AUTO
2026-04-15 12:51:15,1776257475,BOOM600,5909.089,-1,0.010000000000218279,BACKFILL_AUTO
2026-04-15 12:51:16,1776257476,BOOM600,5909.079,-1,0.010000000000218279,BACKFILL_AUTO
2026-04-15 12:51:17,1776257477,BOOM600,5909.072,-1,0.006999999999607098,BACKFILL_AUTO
2026-04-15 12:51:18,1776257478,BOOM600,5909.071,-1,0.0010000000002037268,BACKFILL_AUTO
2026-04-15 12:51:19,1776257479,BOOM600,5909.052,-1,0.01900000000023283,BACKFILL_AUTO
2026-04-15 12:51:20,1776257480,BOOM600,5909.03,-1,0.021999999999934516,BACKFILL_AUTO
2026-04-15 12:51:21,1776257481,BOOM600,5909.024,-1,0.0059999999994033715,BACKFILL_AUTO
2026-04-15 12:51:22,1776257482,BOOM600,5909.011,-1,0.012999999999919964,BACKFILL_AUTO
2026-04-15 12:51:23,1776257483,BOOM600,5909.002,-1,0.009000000000014552,BACKFILL_AUTO
2026-04-15 12:51:24,1776257484,BOOM600,5909.0,-1,0.0020000000004074536,BACKFILL_AUTO
2026-04-15 12:51:25,1776257485,BOOM600,5908.994,-1,0.006000000000312866,BACKFILL_AUTO
2026-04-15 12:51:26,1776257486,BOOM600,5908.982,-1,0.011999999999716238,BACKFILL_AUTO
2026-04-15 12:51:27,1776257487,BOOM600,5908.981,-1,0.0010000000002037268,BACKFILL_AUTO
2026-04-15 12:51:28,1776257488,BOOM600,5908.973,-1,0.007999999999810825,BACKFILL_AUTO
2026-04-15 12:51:29,1776257489,BOOM600,5908.959,-1,0.014000000000123691,BACKFILL_AUTO
2026-04-15 12:51:30,1776257490,BOOM600,5908.942,-1,0.016999999999825377,BACKFILL_AUTO
2026-04-15 12:51:31,1776257491,BOOM600,5908.938,-1,0.0039999999999054126,BACKFILL_AUTO
2026-04-15 12:51:32,1776257492,BOOM600,5908.917,-1,0.02099999999973079,BACKFILL_AUTO
2026-04-15 12:51:33,1776257493,BOOM600,5908.906,-1,0.011000000000422006,BACKFILL_AUTO
2026-04-15 12:51:34,1776257494,BOOM600,5908.9,-1,0.006000000000312866,BACKFILL_AUTO
2026-04-15 12:51:35,1776257495,BOOM600,5908.888,-1,0.011999999999716238,BACKFILL_AUTO
2026-04-15 12:51:36,1776257496,BOOM600,5908.879,-1,0.009000000000014552,BACKFILL_AUTO
2026-04-15 12:51:37,1776257497,BOOM600,5908.874,-1,0.005000000000109139,BACKFILL_AUTO
2026-04-15 12:51:38,1776257498,BOOM600,5908.861,-1,0.012999999999919964,BACKFILL_AUTO
2026-04-15 12:51:39,1776257499,BOOM600,5908.855,-1,0.006000000000312866,BACKFILL_AUTO
2026-04-15 12:51:40,1776257500,BOOM600,5908.852,-1,0.0029999999997016857,BACKFILL_AUTO
2026-04-15 12:51:41,1776257501,BOOM600,5908.846,-1,0.006000000000312866,BACKFILL_AUTO
2026-04-15 12:51:42,1776257502,BOOM600,5908.843,-1,0.0029999999997016857,BACKFILL_AUTO
2026-04-15 12:51:43,1776257503,BOOM600,5908.836,-1,0.006999999999607098,BACKFILL_AUTO
2026-04-15 12:51:44,1776257504,BOOM600,5908.824,-1,0.012000000000625732,BACKFILL_AUTO
2026-04-15 12:51:45,1776257505,BOOM600,5908.809,-1,0.014999999999417923,BACKFILL_AUTO
2026-04-15 12:51:46,1776257506,BOOM600,5908.805,-1,0.0039999999999054126,BACKFILL_AUTO
2026-04-15 12:51:47,1776257507,BOOM600,5908.802,-1,0.0030000000006111804,BACKFILL_AUTO
2026-04-15 12:51:48,1776257508,BOOM600,5908.791,-1,0.01099999999951251,BACKFILL_AUTO
2026-04-15 12:51:49,1776257509,BOOM600,5908.781,-1,0.010000000000218279,BACKFILL_AUTO
2026-04-15 12:51:50,1776257510,BOOM600,5908.775,-1,0.006000000000312866,BACKFILL_AUTO
2026-04-15 12:51:51,1776257511,BOOM600,5908.769,-1,0.0059999999994033715,BACKFILL_AUTO
2026-04-15 12:51:52,1776257512,BOOM600,5908.766,-1,0.0030000000006111804,BACKFILL_AUTO
2026-04-15 12:51:53,1776257513,BOOM600,5908.756,-1,0.009999999999308784,BACKFILL_AUTO
2026-04-15 12:51:54,1776257514,BOOM600,5908.75,-1,0.006000000000312866,BACKFILL_AUTO
2026-04-15 12:51:55,1776257515,BOOM600,5908.747,-1,0.0029999999997016857,BACKFILL_AUTO
2026-04-15 12:51:56,1776257516,BOOM600,5908.73,-1,0.01700000000073487,BACKFILL_AUTO
2026-04-15 12:51:57,1776257517,BOOM600,5908.721,-1,0.009000000000014552,BACKFILL_AUTO
2026-04-15 12:51:58,1776257518,BOOM600,5908.704,-1,0.016999999999825377,BACKFILL_AUTO
2026-04-15 12:51:59,1776257519,BOOM600,5908.686,-1,0.018000000000029104,BACKFILL_AUTO
2026-04-15 12:52:00,1776257520,BOOM600,5908.681,-1,0.005000000000109139,BACKFILL_AUTO
2026-04-15 12:52:01,1776257521,BOOM600,5908.671,-1,0.009999999999308784,BACKFILL_AUTO
2026-04-15 12:52:02,1776257522,BOOM600,5908.665,-1,0.006000000000312866,BACKFILL_AUTO
2026-04-15 12:52:03,1776257523,BOOM600,5908.651,-1,0.014000000000123691,BACKFILL_AUTO
2026-04-15 12:52:04,1776257524,BOOM600,5908.63,-1,0.02099999999973079,BACKFILL_AUTO
2026-04-15 12:52:05,1776257525,BOOM600,5908.629,-1,0.0010000000002037268,BACKFILL_AUTO
2026-04-15 12:52:06,1776257526,BOOM600,5908.626,-1,0.0029999999997016857,BACKFILL_AUTO
2026-04-15 12:52:07,1776257527,BOOM600,5908.611,-1,0.015000000000327418,BACKFILL_AUTO
2026-04-15 12:52:08,1776257528,BOOM600,5908.607,-1,0.0039999999999054126,BACKFILL_AUTO
2026-04-15 12:52:09,1776257529,BOOM600,5908.596,-1,0.011000000000422006,BACKFILL_AUTO
2026-04-15 12:52:10,1776257530,BOOM600,5908.589,-1,0.006999999999607098,BACKFILL_AUTO
2026-04-15 12:52:11,1776257531,BOOM600,5908.583,-1,0.006000000000312866,BACKFILL_AUTO
2026-04-15 12:52:12,1776257532,BOOM600,5908.569,-1,0.013999999999214197,BACKFILL_AUTO
2026-04-15 12:52:13,1776257533,BOOM600,5908.558,-1,0.011000000000422006,BACKFILL_AUTO
2026-04-15 12:52:14,1776257534,BOOM600,5908.539,-1,0.01900000000023283,BACKFILL_AUTO
2026-04-15 12:52:15,1776257535,BOOM600,5908.538,-1,0.0010000000002037268,BACKFILL_AUTO
2026-04-15 12:52:16,1776257536,BOOM600,5908.534,-1,0.0039999999999054126,BACKFILL_AUTO
2026-04-15 12:52:17,1776257537,BOOM600,5908.53,-1,0.0039999999999054126,BACKFILL_AUTO
2026-04-15 12:52:18,1776257538,BOOM600,5908.523,-1,0.006999999999607098,BACKFILL_AUTO
2026-04-15 12:52:19,1776257539,BOOM600,5908.504,-1,0.01900000000023283,BACKFILL_AUTO
2026-04-15 12:52:20,1776257540,BOOM600,5908.496,-1,0.007999999999810825,BACKFILL_AUTO
2026-04-15 12:52:21,1776257541,BOOM600,5908.494,-1,0.0020000000004074536,BACKFILL_AUTO
2026-04-15 12:52:22,1776257542,BOOM600,5908.483,-1,0.01099999999951251,BACKFILL_AUTO
2026-04-15 12:52:23,1776257543,BOOM600,5908.467,-1,0.016000000000531145,BACKFILL_AUTO
2026-04-15 12:52:24,1776257544,BOOM600,5908.459,-1,0.007999999999810825,BACKFILL_AUTO
2026-04-15 12:52:25,1776257545,BOOM600,5908.448,-1,0.01099999999951251,BACKFILL_AUTO
2026-04-15 12:52:26,1776257546,BOOM600,5908.436,-1,0.012000000000625732,BACKFILL_AUTO
2026-04-15 12:52:27,1776257547,BOOM600,5908.418,-1,0.018000000000029104,BACKFILL_AUTO
2026-04-15 12:52:28,1776257548,BOOM600,5908.409,-1,0.009000000000014552,BACKFILL_AUTO
2026-04-15 12:52:29,1776257549,BOOM600,5908.401,-1,0.007999999999810825,BACKFILL_AUTO
2026-04-15 12:52:30,1776257550,BOOM600,5908.394,-1,0.006999999999607098,BACKFILL_AUTO
2026-04-15 12:52:31,1776257551,BOOM600,5908.387,-1,0.007000000000516593,BACKFILL_AUTO
2026-04-15 12:52:32,1776257552,BOOM600,5908.366,-1,0.02099999999973079,BACKFILL_AUTO
2026-04-15 12:52:33,1776257553,BOOM600,5908.354,-1,0.011999999999716238,BACKFILL_AUTO
2026-04-15 12:52:34,1776257554,BOOM600,5908.352,-1,0.0020000000004074536,BACKFILL_AUTO
2026-04-15 12:52:35,1776257555,BOOM600,5908.341,-1,0.01099999999951251,BACKFILL_AUTO
2026-04-15 12:52:36,1776257556,BOOM600,5908.337,-1,0.0039999999999054126,BACKFILL_AUTO
2026-04-15 12:52:37,1776257557,BOOM600,5908.316,-1,0.021000000000640284,BACKFILL_AUTO
2026-04-15 12:52:38,1776257558,BOOM600,5908.31,-1,0.0059999999994033715,BACKFILL_AUTO
2026-04-15 12:52:39,1776257559,BOOM600,5908.302,-1,0.00800000000072032,BACKFILL_AUTO
2026-04-15 12:52:40,1776257560,BOOM600,5908.302,0,0.0,BACKFILL_AUTO
2026-04-15 12:52:41,1776257561,BOOM600,5908.287,-1,0.014999999999417923,BACKFILL_AUTO
2026-04-15 12:52:42,1776257562,BOOM600,5908.276,-1,0.011000000000422006,BACKFILL_AUTO
2026-04-15 12:52:43,1776257563,BOOM600,5908.275,-1,0.0010000000002037268,BACKFILL_AUTO
2026-04-15 12:52:44,1776257564,BOOM600,5908.269,-1,0.0059999999994033715,BACKFILL_AUTO
2026-04-15 12:52:45,1776257565,BOOM600,5908.267,-1,0.0020000000004074536,BACKFILL_AUTO
2026-04-15 12:52:46,1776257566,BOOM600,5908.252,-1,0.014999999999417923,BACKFILL_AUTO
2026-04-15 12:52:47,1776257567,BOOM600,5908.238,-1,0.014000000000123691,BACKFILL_AUTO
2026-04-15 12:52:48,1776257568,BOOM600,5908.233,-1,0.005000000000109139,BACKFILL_AUTO
2026-04-15 12:52:49,1776257569,BOOM600,5908.22,-1,0.012999999999919964,BACKFILL_AUTO
2026-04-15 12:52:50,1776257570,BOOM600,5908.215,-1,0.005000000000109139,BACKFILL_AUTO
2026-04-15 12:52:51,1776257571,BOOM600,5908.199,-1,0.016000000000531145,BACKFILL_AUTO
2026-04-15 12:52:52,1776257572,BOOM600,5908.194,-1,0.004999999999199645,BACKFILL_AUTO
2026-04-15 12:52:53,1776257573,BOOM600,5908.191,-1,0.0030000000006111804,BACKFILL_AUTO
2026-04-15 12:52:54,1776257574,BOOM600,5908.178,-1,0.012999999999919964,BACKFILL_AUTO
2026-04-15 12:52:55,1776257575,BOOM600,5908.171,-1,0.006999999999607098,BACKFILL_AUTO
2026-04-15 12:52:56,1776257576,BOOM600,5908.17,-1,0.0010000000002037268,BACKFILL_AUTO
2026-04-15 12:52:57,1776257577,BOOM600,5908.155,-1,0.015000000000327418,BACKFILL_AUTO
2026-04-15 12:52:58,1776257578,BOOM600,5908.135,-1,0.019999999999527063,BACKFILL_AUTO
2026-04-15 12:52:59,1776257579,BOOM600,5908.126,-1,0.009000000000014552,BACKFILL_AUTO
2026-04-15 12:53:00,1776257580,BOOM600,5908.112,-1,0.014000000000123691,BACKFILL_AUTO
2026-04-15 12:53:01,1776257581,BOOM600,5908.1,-1,0.011999999999716238,BACKFILL_AUTO
2026-04-15 12:53:02,1776257582,BOOM600,5908.093,-1,0.007000000000516593,BACKFILL_AUTO
2026-04-15 12:53:03,1776257583,BOOM600,5908.086,-1,0.006999999999607098,BACKFILL_AUTO
2026-04-15 12:53:04,1776257584,BOOM600,5908.076,-1,0.010000000000218279,BACKFILL_AUTO
2026-04-15 12:53:05,1776257585,BOOM600,5908.075,-1,0.0010000000002037268,BACKFILL_AUTO
2026-04-15 12:53:06,1776257586,BOOM600,5908.051,-1,0.023999999999432475,BACKFILL_AUTO
2026-04-15 12:53:07,1776257587,BOOM600,5908.043,-1,0.00800000000072032,BACKFILL_AUTO
2026-04-15 12:53:08,1776257588,BOOM600,5908.03,-1,0.012999999999919964,BACKFILL_AUTO
2026-04-15 12:53:09,1776257589,BOOM600,5908.029,-1,0.0009999999992942321,BACKFILL_AUTO
2026-04-15 12:53:10,1776257590,BOOM600,5908.027,-1,0.0020000000004074536,BACKFILL_AUTO
2026-04-15 12:53:11,1776257591,BOOM600,5908.022,-1,0.005000000000109139,BACKFILL_AUTO
2026-04-15 12:53:12,1776257592,BOOM600,5908.013,-1,0.009000000000014552,BACKFILL_AUTO
2026-04-15 12:53:13,1776257593,BOOM600,5908.002,-1,0.01099999999951251,BACKFILL_AUTO
2026-04-15 12:53:14,1776257594,BOOM600,5908.001,-1,0.0010000000002037268,BACKFILL_AUTO
2026-04-15 12:53:15,1776257595,BOOM600,5907.983,-1,0.018000000000029104,BACKFILL_AUTO
2026-04-15 12:53:16,1776257596,BOOM600,5907.957,-1,0.02599999999983993,BACKFILL_AUTO
2026-04-15 12:53:17,1776257597,BOOM600,5907.934,-1,0.023000000000138243,BACKFILL_AUTO
2026-04-15 12:53:18,1776257598,BOOM600,5907.927,-1,0.007000000000516593,BACKFILL_AUTO
2026-04-15 12:53:19,1776257599,BOOM600,5907.909,-1,0.018000000000029104,BACKFILL_AUTO
2026-04-15 12:53:20,1776257600,BOOM600,5907.905,-1,0.0039999999999054126,BACKFILL_AUTO
2026-04-15 12:53:21,1776257601,BOOM600,5907.902,-1,0.0029999999997016857,BACKFILL_AUTO
2026-04-15 12:53:22,1776257602,BOOM600,5907.888,-1,0.014000000000123691,BACKFILL_AUTO
2026-04-15 12:53:23,1776257603,BOOM600,5907.878,-1,0.010000000000218279,BACKFILL_AUTO
2026-04-15 12:53:24,1776257604,BOOM600,5907.877,-1,0.0009999999992942321,BACKFILL_AUTO
2026-04-15 12:53:25,1776257605,BOOM600,5907.875,-1,0.0020000000004074536,BACKFILL_AUTO
2026-04-15 12:53:26,1776257606,BOOM600,5907.873,-1,0.0020000000004074536,BACKFILL_AUTO
2026-04-15 12:53:27,1776257607,BOOM600,5907.852,-1,0.02099999999973079,BACKFILL_AUTO
2026-04-15 12:53:28,1776257608,BOOM600,5907.85,-1,0.001999999999497959,BACKFILL_AUTO
2026-04-15 12:53:29,1776257609,BOOM600,5907.847,-1,0.0030000000006111804,BACKFILL_AUTO
2026-04-15 12:53:30,1776257610,BOOM600,5907.834,-1,0.012999999999919964,BACKFILL_AUTO
2026-04-15 12:53:31,1776257611,BOOM600,5907.825,-1,0.009000000000014552,BACKFILL_AUTO
2026-04-15 12:53:32,1776257612,BOOM600,5907.806,-1,0.01900000000023283,BACKFILL_AUTO
2026-04-15 12:53:33,1776257613,BOOM600,5907.804,-1,0.001999999999497959,BACKFILL_AUTO
2026-04-15 12:53:34,1776257614,BOOM600,5907.797,-1,0.007000000000516593,BACKFILL_AUTO
2026-04-15 12:53:35,1776257615,BOOM600,5907.788,-1,0.009000000000014552,BACKFILL_AUTO
2026-04-15 12:53:36,1776257616,BOOM600,5907.786,-1,0.001999999999497959,BACKFILL_AUTO
2026-04-15 12:53:37,1776257617,BOOM600,5907.785,-1,0.0010000000002037268,BACKFILL_AUTO
2026-04-15 12:53:38,1776257618,BOOM600,5907.769,-1,0.01599999999962165,BACKFILL_AUTO
2026-04-15 12:53:39,1776257619,BOOM600,5907.742,-1,0.027000000000043656,BACKFILL_AUTO
2026-04-15 12:53:40,1776257620,BOOM600,5907.718,-1,0.02400000000034197,BACKFILL_AUTO
2026-04-15 12:53:41,1776257621,BOOM600,5907.715,-1,0.0029999999997016857,BACKFILL_AUTO
2026-04-15 12:53:42,1776257622,BOOM600,5907.698,-1,0.016999999999825377,BACKFILL_AUTO
2026-04-15 12:53:43,1776257623,BOOM600,5907.68,-1,0.018000000000029104,BACKFILL_AUTO
2026-04-15 12:53:44,1776257624,BOOM600,5907.678,-1,0.0020000000004074536,BACKFILL_AUTO
2026-04-15 12:53:45,1776257625,BOOM600,5907.662,-1,0.01599999999962165,BACKFILL_AUTO
2026-04-15 12:53:46,1776257626,BOOM600,5907.66,-1,0.0020000000004074536,BACKFILL_AUTO
2026-04-15 12:53:47,1776257627,BOOM600,5907.643,-1,0.016999999999825377,BACKFILL_AUTO
2026-04-15 12:53:48,1776257628,BOOM600,5907.635,-1,0.007999999999810825,BACKFILL_AUTO
2026-04-15 12:53:49,1776257629,BOOM600,5907.628,-1,0.007000000000516593,BACKFILL_AUTO
2026-04-15 12:53:50,1776257630,BOOM600,5907.613,-1,0.014999999999417923,BACKFILL_AUTO
2026-04-15 12:53:51,1776257631,BOOM600,5907.596,-1,0.01700000000073487,BACKFILL_AUTO
2026-04-15 12:53:52,1776257632,BOOM600,5907.589,-1,0.006999999999607098,BACKFILL_AUTO
2026-04-15 12:53:53,1776257633,BOOM600,5907.581,-1,0.007999999999810825,BACKFILL_AUTO
2026-04-15 12:53:54,1776257634,BOOM600,5907.572,-1,0.009000000000014552,BACKFILL_AUTO
2026-04-15 12:53:55,1776257635,BOOM600,5907.558,-1,0.014000000000123691,BACKFILL_AUTO
2026-04-15 12:53:56,1776257636,BOOM600,5907.55,-1,0.007999999999810825,BACKFILL_AUTO
2026-04-15 12:53:57,1776257637,BOOM600,5907.545,-1,0.005000000000109139,BACKFILL_AUTO
2026-04-15 12:53:58,1776257638,BOOM600,5907.533,-1,0.011999999999716238,BACKFILL_AUTO
2026-04-15 12:53:59,1776257639,BOOM600,5907.518,-1,0.015000000000327418,BACKFILL_AUTO
2026-04-15 12:54:00,1776257640,BOOM600,5907.51,-1,0.007999999999810825,BACKFILL_AUTO
2026-04-15 12:54:01,1776257641,BOOM600,5907.495,-1,0.015000000000327418,BACKFILL_AUTO
2026-04-15 12:54:02,1776257642,BOOM600,5907.492,-1,0.0029999999997016857,BACKFILL_AUTO
2026-04-15 12:54:03,1776257643,BOOM600,5907.479,-1,0.012999999999919964,BACKFILL_AUTO
2026-04-15 12:54:04,1776257644,BOOM600,5907.457,-1,0.021999999999934516,BACKFILL_AUTO
2026-04-15 12:54:05,1776257645,BOOM600,5907.445,-1,0.012000000000625732,BACKFILL_AUTO
2026-04-15 12:54:06,1776257646,BOOM600,5907.44,-1,0.005000000000109139,BACKFILL_AUTO
2026-04-15 12:54:07,1776257647,BOOM600,5907.435,-1,0.004999999999199645,BACKFILL_AUTO
2026-04-15 12:54:08,1776257648,BOOM600,5907.428,-1,0.007000000000516593,BACKFILL_AUTO
2026-04-15 12:54:09,1776257649,BOOM600,5907.427,-1,0.0010000000002037268,BACKFILL_AUTO
2026-04-15 12:54:10,1776257650,BOOM600,5907.419,-1,0.007999999999810825,BACKFILL_AUTO
2026-04-15 12:54:11,1776257651,BOOM600,5907.411,-1,0.007999999999810825,BACKFILL_AUTO
2026-04-15 12:54:12,1776257652,BOOM600,5907.411,0,0.0,BACKFILL_AUTO
2026-04-15 12:54:13,1776257653,BOOM600,5907.402,-1,0.009000000000014552,BACKFILL_AUTO
2026-04-15 12:54:14,1776257654,BOOM600,5907.393,-1,0.009000000000014552,BACKFILL_AUTO
2026-04-15 12:54:15,1776257655,BOOM600,5907.386,-1,0.006999999999607098,BACKFILL_AUTO
2026-04-15 12:54:16,1776257656,BOOM600,5907.372,-1,0.014000000000123691,BACKFILL_AUTO
2026-04-15 12:54:17,1776257657,BOOM600,5907.359,-1,0.012999999999919964,BACKFILL_AUTO
2026-04-15 12:54:18,1776257658,BOOM600,5907.356,-1,0.0030000000006111804,BACKFILL_AUTO
2026-04-15 12:54:19,1776257659,BOOM600,5907.352,-1,0.0039999999999054126,BACKFILL_AUTO
2026-04-15 12:54:20,1776257660,BOOM600,5907.342,-1,0.010000000000218279,BACKFILL_AUTO
2026-04-15 12:54:21,1776257661,BOOM600,5907.336,-1,0.0059999999994033715,BACKFILL_AUTO
2026-04-15 12:54:22,1776257662,BOOM600,5907.319,-1,0.016999999999825377,BACKFILL_AUTO
2026-04-15 12:54:23,1776257663,BOOM600,5907.312,-1,0.007000000000516593,BACKFILL_AUTO
2026-04-15 12:54:24,1776257664,BOOM600,5907.301,-1,0.01099999999951251,BACKFILL_AUTO
2026-04-15 12:54:25,1776257665,BOOM600,5907.292,-1,0.009000000000014552,BACKFILL_AUTO
2026-04-15 12:54:26,1776257666,BOOM600,5907.291,-1,0.0010000000002037268,BACKFILL_AUTO
2026-04-15 12:54:27,1776257667,BOOM600,5907.281,-1,0.010000000000218279,BACKFILL_AUTO
2026-04-15 12:54:28,1776257668,BOOM600,5907.266,-1,0.015000000000327418,BACKFILL_AUTO
2026-04-15 12:54:29,1776257669,BOOM600,5907.259,-1,0.006999999999607098,BACKFILL_AUTO
2026-04-15 12:54:30,1776257670,BOOM600,5907.253,-1,0.006000000000312866,BACKFILL_AUTO
2026-04-15 12:54:31,1776257671,BOOM600,5907.24,-1,0.012999999999919964,BACKFILL_AUTO
2026-04-15 12:54:32,1776257672,BOOM600,5907.229,-1,0.01099999999951251,BACKFILL_AUTO
2026-04-15 12:54:33,1776257673,BOOM600,5907.217,-1,0.012000000000625732,BACKFILL_AUTO
2026-04-15 12:54:34,1776257674,BOOM600,5907.209,-1,0.007999999999810825,BACKFILL_AUTO
2026-04-15 12:54:35,1776257675,BOOM600,5907.203,-1,0.0059999999994033715,BACKFILL_AUTO
2026-04-15 12:54:36,1776257676,BOOM600,5907.191,-1,0.012000000000625732,BACKFILL_AUTO
2026-04-15 12:54:37,1776257677,BOOM600,5907.18,-1,0.01099999999951251,BACKFILL_AUTO
2026-04-15 12:54:38,1776257678,BOOM600,5907.178,-1,0.0020000000004074536,BACKFILL_AUTO
2026-04-15 12:54:39,1776257679,BOOM600,5907.178,0,0.0,BACKFILL_AUTO
2026-04-15 12:54:40,1776257680,BOOM600,5907.169,-1,0.009000000000014552,BACKFILL_AUTO
2026-04-15 12:54:41,1776257681,BOOM600,5907.162,-1,0.006999999999607098,BACKFILL_AUTO
2026-04-15 12:54:42,1776257682,BOOM600,5907.149,-1,0.012999999999919964,BACKFILL_AUTO
2026-04-15 12:54:43,1776257683,BOOM600,5907.137,-1,0.012000000000625732,BACKFILL_AUTO
2026-04-15 12:54:44,1776257684,BOOM600,5907.124,-1,0.012999999999919964,BACKFILL_AUTO
2026-04-15 12:54:45,1776257685,BOOM600,5907.113,-1,0.01099999999951251,BACKFILL_AUTO
2026-04-15 12:54:46,1776257686,BOOM600,5907.105,-1,0.00800000000072032,BACKFILL_AUTO
2026-04-15 12:54:47,1776257687,BOOM600,5907.098,-1,0.006999999999607098,BACKFILL_AUTO
2026-04-15 12:54:48,1776257688,BOOM600,5907.077,-1,0.02099999999973079,BACKFILL_AUTO
2026-04-15 12:54:49,1776257689,BOOM600,5907.068,-1,0.009000000000014552,BACKFILL_AUTO
2026-04-15 12:54:50,1776257690,BOOM600,5907.054,-1,0.014000000000123691,BACKFILL_AUTO
2026-04-15 12:54:51,1776257691,BOOM600,5907.041,-1,0.012999999999919964,BACKFILL_AUTO
2026-04-15 12:54:52,1776257692,BOOM600,5907.038,-1,0.0030000000006111804,BACKFILL_AUTO
2026-04-15 12:54:53,1776257693,BOOM600,5907.025,-1,0.012999999999919964,BACKFILL_AUTO
2026-04-15 12:54:54,1776257694,BOOM600,5907.012,-1,0.012999999999919964,BACKFILL_AUTO
2026-04-15 12:54:55,1776257695,BOOM600,5907.006,-1,0.0059999999994033715,BACKFILL_AUTO
2026-04-15 12:54:56,1776257696,BOOM600,5907.003,-1,0.0030000000006111804,BACKFILL_AUTO
2026-04-15 12:54:57,1776257697,BOOM600,5906.994,-1,0.009000000000014552,BACKFILL_AUTO
2026-04-15 12:54:58,1776257698,BOOM600,5906.993,-1,0.0009999999992942321,BACKFILL_AUTO
2026-04-15 12:54:59,1776257699,BOOM600,5906.978,-1,0.015000000000327418,BACKFILL_AUTO
2026-04-15 12:55:00,1776257700,BOOM600,5906.963,-1,0.015000000000327418,BACKFILL_AUTO
2026-04-15 12:55:01,1776257701,BOOM600,5906.949,-1,0.014000000000123691,BACKFILL_AUTO
2026-04-15 12:55:02,1776257702,BOOM600,5906.944,-1,0.004999999999199645,BACKFILL_AUTO
2026-04-15 12:55:03,1776257703,BOOM600,5906.941,-1,0.0030000000006111804,BACKFILL_AUTO
2026-04-15 12:55:04,1776257704,BOOM600,5906.936,-1,0.005000000000109139,BACKFILL_AUTO
2026-04-15 12:55:05,1776257705,BOOM600,5906.931,-1,0.005000000000109139,BACKFILL_AUTO
2026-04-15 12:55:06,1776257706,BOOM600,5906.911,-1,0.019999999999527063,BACKFILL_AUTO
2026-04-15 12:55:07,1776257707,BOOM600,5906.9,-1,0.011000000000422006,BACKFILL_AUTO
2026-04-15 12:55:08,1776257708,BOOM600,5906.894,-1,0.0059999999994033715,BACKFILL_AUTO
2026-04-15 12:55:09,1776257709,BOOM600,5906.894,0,0.0,BACKFILL_AUTO
2026-04-15 12:55:10,1776257710,BOOM600,5906.879,-1,0.015000000000327418,BACKFILL_AUTO
2026-04-15 12:55:11,1776257711,BOOM600,5906.875,-1,0.0039999999999054126,BACKFILL_AUTO
2026-04-15 12:55:12,1776257712,BOOM600,5906.874,-1,0.0010000000002037268,BACKFILL_AUTO
2026-04-15 12:55:13,1776257713,BOOM600,5906.868,-1,0.0059999999994033715,BACKFILL_AUTO
2026-04-15 12:55:14,1776257714,BOOM600,5906.866,-1,0.0020000000004074536,BACKFILL_AUTO
2026-04-15 12:55:15,1776257715,BOOM600,5906.866,0,0.0,BACKFILL_AUTO
2026-04-15 12:55:16,1776257716,BOOM600,5906.862,-1,0.0039999999999054126,BACKFILL_AUTO
2026-04-15 12:55:17,1776257717,BOOM600,5906.842,-1,0.020000000000436557,BACKFILL_AUTO
2026-04-15 12:55:18,1776257718,BOOM600,5906.821,-1,0.02099999999973079,BACKFILL_AUTO
2026-04-15 12:55:19,1776257719,BOOM600,5906.82,-1,0.0010000000002037268,BACKFILL_AUTO
2026-04-15 12:55:20,1776257720,BOOM600,5906.816,-1,0.0039999999999054126,BACKFILL_AUTO
2026-04-15 12:55:21,1776257721,BOOM600,5906.807,-1,0.009000000000014552,BACKFILL_AUTO
2026-04-15 12:55:22,1776257722,BOOM600,5906.799,-1,0.007999999999810825,BACKFILL_AUTO
2026-04-15 12:55:23,1776257723,BOOM600,5906.791,-1,0.007999999999810825,BACKFILL_AUTO
2026-04-15 12:55:24,1776257724,BOOM600,5906.777,-1,0.014000000000123691,BACKFILL_AUTO
2026-04-15 12:55:25,1776257725,BOOM600,5906.767,-1,0.010000000000218279,BACKFILL_AUTO
2026-04-15 12:55:26,1776257726,BOOM600,5906.752,-1,0.014999999999417923,BACKFILL_AUTO
2026-04-15 12:55:27,1776257727,BOOM600,5906.745,-1,0.007000000000516593,BACKFILL_AUTO
2026-04-15 12:55:28,1776257728,BOOM600,5906.743,-1,0.001999999999497959,BACKFILL_AUTO
2026-04-15 12:55:29,1776257729,BOOM600,5906.724,-1,0.01900000000023283,BACKFILL_AUTO
2026-04-15 12:55:30,1776257730,BOOM600,5906.723,-1,0.0010000000002037268,BACKFILL_AUTO
2026-04-15 12:55:31,1776257731,BOOM600,5906.712,-1,0.01099999999951251,BACKFILL_AUTO
2026-04-15 12:55:32,1776257732,BOOM600,5906.691,-1,0.021000000000640284,BACKFILL_AUTO
2026-04-15 12:55:33,1776257733,BOOM600,5906.689,-1,0.001999999999497959,BACKFILL_AUTO
2026-04-15 12:55:34,1776257734,BOOM600,5906.685,-1,0.0039999999999054126,BACKFILL_AUTO
2026-04-15 12:55:35,1776257735,BOOM600,5906.666,-1,0.01900000000023283,BACKFILL_AUTO
2026-04-15 12:55:36,1776257736,BOOM600,5906.654,-1,0.011999999999716238,BACKFILL_AUTO
2026-04-15 12:55:37,1776257737,BOOM600,5906.648,-1,0.006000000000312866,BACKFILL_AUTO
2026-04-15 12:55:38,1776257738,BOOM600,5906.632,-1,0.016000000000531145,BACKFILL_AUTO
2026-04-15 12:55:39,1776257739,BOOM600,5906.626,-1,0.0059999999994033715,BACKFILL_AUTO
2026-04-15 12:55:40,1776257740,BOOM600,5906.593,-1,0.03300000000035652,BACKFILL_AUTO
2026-04-15 12:55:41,1776257741,BOOM600,5906.579,-1,0.014000000000123691,BACKFILL_AUTO
2026-04-15 12:55:42,1776257742,BOOM600,5906.561,-1,0.018000000000029104,BACKFILL_AUTO
2026-04-15 12:55:43,1776257743,BOOM600,5906.544,-1,0.016999999999825377,BACKFILL_AUTO
2026-04-15 12:55:44,1776257744,BOOM600,5906.524,-1,0.019999999999527063,BACKFILL_AUTO
2026-04-15 12:55:45,1776257745,BOOM600,5906.518,-1,0.006000000000312866,BACKFILL_AUTO
2026-04-15 12:55:46,1776257746,BOOM600,5906.504,-1,0.014000000000123691,BACKFILL_AUTO
2026-04-15 12:55:47,1776257747,BOOM600,5906.503,-1,0.0010000000002037268,BACKFILL_AUTO
2026-04-15 12:55:48,1776257748,BOOM600,5906.498,-1,0.005000000000109139,BACKFILL_AUTO
2026-04-15 12:55:49,1776257749,BOOM600,5906.47,-1,0.027999999999337888,BACKFILL_AUTO
2026-04-15 12:55:50,1776257750,BOOM600,5906.465,-1,0.005000000000109139,BACKFILL_AUTO
2026-04-15 12:55:51,1776257751,BOOM600,5906.45,-1,0.015000000000327418,BACKFILL_AUTO
2026-04-15 12:55:52,1776257752,BOOM600,5906.446,-1,0.0039999999999054126,BACKFILL_AUTO
2026-04-15 12:55:53,1776257753,BOOM600,5906.441,-1,0.005000000000109139,BACKFILL_AUTO
2026-04-15 12:55:54,1776257754,BOOM600,5906.439,-1,0.001999999999497959,BACKFILL_AUTO
2026-04-15 12:55:55,1776257755,BOOM600,5906.434,-1,0.005000000000109139,BACKFILL_AUTO
2026-04-15 12:55:56,1776257756,BOOM600,5906.411,-1,0.023000000000138243,BACKFILL_AUTO
2026-04-15 12:55:57,1776257757,BOOM600,5906.403,-1,0.007999999999810825,BACKFILL_AUTO
2026-04-15 12:55:58,1776257758,BOOM600,5906.388,-1,0.015000000000327418,BACKFILL_AUTO
2026-04-15 12:55:59,1776257759,BOOM600,5906.378,-1,0.010000000000218279,BACKFILL_AUTO
2026-04-15 12:56:00,1776257760,BOOM600,5906.364,-1,0.014000000000123691,BACKFILL_AUTO
2026-04-15 12:56:01,1776257761,BOOM600,5906.347,-1,0.016999999999825377,BACKFILL_AUTO
2026-04-15 12:56:02,1776257762,BOOM600,5906.345,-1,0.001999999999497959,BACKFILL_AUTO
2026-04-15 12:56:03,1776257763,BOOM600,5906.332,-1,0.012999999999919964,BACKFILL_AUTO
2026-04-15 12:56:04,1776257764,BOOM600,5906.314,-1,0.018000000000029104,BACKFILL_AUTO
2026-04-15 12:56:05,1776257765,BOOM600,5906.303,-1,0.011000000000422006,BACKFILL_AUTO
2026-04-15 12:56:06,1776257766,BOOM600,5906.302,-1,0.0010000000002037268,BACKFILL_AUTO
2026-04-15 12:56:07,1776257767,BOOM600,5906.288,-1,0.014000000000123691,BACKFILL_AUTO
2026-04-15 12:56:08,1776257768,BOOM600,5906.287,-1,0.0009999999992942321,BACKFILL_AUTO
2026-04-15 12:56:09,1776257769,BOOM600,5906.27,-1,0.016999999999825377,BACKFILL_AUTO
2026-04-15 12:56:10,1776257770,BOOM600,5906.263,-1,0.007000000000516593,BACKFILL_AUTO
2026-04-15 12:56:11,1776257771,BOOM600,5906.261,-1,0.001999999999497959,BACKFILL_AUTO
2026-04-15 12:56:12,1776257772,BOOM600,5906.253,-1,0.00800000000072032,BACKFILL_AUTO
2026-04-15 12:56:13,1776257773,BOOM600,5906.23,-1,0.023000000000138243,BACKFILL_AUTO
2026-04-15 12:56:14,1776257774,BOOM600,5906.23,0,0.0,BACKFILL_AUTO
2026-04-15 12:56:15,1776257775,BOOM600,5906.218,-1,0.011999999999716238,BACKFILL_AUTO
2026-04-15 12:56:16,1776257776,BOOM600,5906.211,-1,0.006999999999607098,BACKFILL_AUTO
2026-04-15 12:56:17,1776257777,BOOM600,5906.209,-1,0.0020000000004074536,BACKFILL_AUTO
2026-04-15 12:56:18,1776257778,BOOM600,5906.209,0,0.0,BACKFILL_AUTO
2026-04-15 12:56:19,1776257779,BOOM600,5906.191,-1,0.018000000000029104,BACKFILL_AUTO
2026-04-15 12:56:20,1776257780,BOOM600,5906.179,-1,0.011999999999716238,BACKFILL_AUTO
2026-04-15 12:56:21,1776257781,BOOM600,5906.149,-1,0.02999999999974534,BACKFILL_AUTO
2026-04-15 12:56:22,1776257782,BOOM600,5906.141,-1,0.00800000000072032,BACKFILL_AUTO
2026-04-15 12:56:23,1776257783,BOOM600,5906.13,-1,0.01099999999951251,BACKFILL_AUTO
2026-04-15 12:56:24,1776257784,BOOM600,5906.11,-1,0.020000000000436557,BACKFILL_AUTO
2026-04-15 12:56:25,1776257785,BOOM600,5906.101,-1,0.009000000000014552,BACKFILL_AUTO
2026-04-15 12:56:26,1776257786,BOOM600,5906.091,-1,0.009999999999308784,BACKFILL_AUTO
2026-04-15 12:56:27,1776257787,BOOM600,5906.079,-1,0.012000000000625732,BACKFILL_AUTO
2026-04-15 12:56:28,1776257788,BOOM600,5906.067,-1,0.011999999999716238,BACKFILL_AUTO
2026-04-15 12:56:29,1776257789,BOOM600,5906.054,-1,0.012999999999919964,BACKFILL_AUTO
2026-04-15 12:56:30,1776257790,BOOM600,5906.051,-1,0.0029999999997016857,BACKFILL_AUTO
2026-04-15 12:56:31,1776257791,BOOM600,5906.049,-1,0.0020000000004074536,BACKFILL_AUTO
2026-04-15 12:56:32,1776257792,BOOM600,5906.044,-1,0.005000000000109139,BACKFILL_AUTO
2026-04-15 12:56:33,1776257793,BOOM600,5906.034,-1,0.010000000000218279,BACKFILL_AUTO
2026-04-15 12:56:34,1776257794,BOOM600,5906.02,-1,0.013999999999214197,BACKFILL_AUTO
2026-04-15 12:56:35,1776257795,BOOM600,5906.019,-1,0.0010000000002037268,BACKFILL_AUTO
2026-04-15 12:56:36,1776257796,BOOM600,5906.005,-1,0.014000000000123691,BACKFILL_AUTO
2026-04-15 12:56:37,1776257797,BOOM600,5906.003,-1,0.0020000000004074536,BACKFILL_AUTO
2026-04-15 12:56:38,1776257798,BOOM600,5905.991,-1,0.011999999999716238,BACKFILL_AUTO
2026-04-15 12:56:39,1776257799,BOOM600,5905.978,-1,0.012999999999919964,BACKFILL_AUTO
2026-04-15 12:56:40,1776257800,BOOM600,5905.974,-1,0.0039999999999054126,BACKFILL_AUTO
2026-04-15 12:56:41,1776257801,BOOM600,5905.967,-1,0.007000000000516593,BACKFILL_AUTO
2026-04-15 12:56:42,1776257802,BOOM600,5905.96,-1,0.006999999999607098,BACKFILL_AUTO
2026-04-15 12:56:43,1776257803,BOOM600,5905.956,-1,0.0039999999999054126,BACKFILL_AUTO
2026-04-15 12:56:44,1776257804,BOOM600,5905.95,-1,0.006000000000312866,BACKFILL_AUTO
2026-04-15 12:56:45,1776257805,BOOM600,5905.946,-1,0.0039999999999054126,BACKFILL_AUTO
2026-04-15 12:56:46,1776257806,BOOM600,5905.929,-1,0.016999999999825377,BACKFILL_AUTO
2026-04-15 12:56:47,1776257807,BOOM600,5905.912,-1,0.016999999999825377,BACKFILL_AUTO
2026-04-15 12:56:48,1776257808,BOOM600,5905.903,-1,0.009000000000014552,BACKFILL_AUTO
2026-04-15 12:56:49,1776257809,BOOM600,5905.891,-1,0.012000000000625732,BACKFILL_AUTO
2026-04-15 12:56:50,1776257810,BOOM600,5905.883,-1,0.007999999999810825,BACKFILL_AUTO
2026-04-15 12:56:51,1776257811,BOOM600,5905.871,-1,0.011999999999716238,BACKFILL_AUTO
2026-04-15 12:56:52,1776257812,BOOM600,5905.862,-1,0.009000000000014552,BACKFILL_AUTO
2026-04-15 12:56:53,1776257813,BOOM600,5905.86,-1,0.0020000000004074536,BACKFILL_AUTO
2026-04-15 12:56:54,1776257814,BOOM600,5905.856,-1,0.0039999999999054126,BACKFILL_AUTO
2026-04-15 12:56:55,1776257815,BOOM600,5905.839,-1,0.016999999999825377,BACKFILL_AUTO
2026-04-15 12:56:56,1776257816,BOOM600,5905.835,-1,0.0039999999999054126,BACKFILL_AUTO
2026-04-15 12:56:57,1776257817,BOOM600,5905.834,-1,0.0010000000002037268,BACKFILL_AUTO
2026-04-15 12:56:58,1776257818,BOOM600,5905.828,-1,0.0059999999994033715,BACKFILL_AUTO
2026-04-15 12:56:59,1776257819,BOOM600,5905.824,-1,0.004000000000814907,BACKFILL_AUTO
2026-04-15 12:57:00,1776257820,BOOM600,5905.812,-1,0.011999999999716238,BACKFILL_AUTO
2026-04-15 12:57:01,1776257821,BOOM600,5905.796,-1,0.01599999999962165,BACKFILL_AUTO
2026-04-15 12:57:02,1776257822,BOOM600,5905.795,-1,0.0010000000002037268,BACKFILL_AUTO
2026-04-15 12:57:03,1776257823,BOOM600,5905.784,-1,0.011000000000422006,BACKFILL_AUTO
2026-04-15 12:57:04,1776257824,BOOM600,5905.778,-1,0.0059999999994033715,BACKFILL_AUTO
2026-04-15 12:57:05,1776257825,BOOM600,5905.777,-1,0.0010000000002037268,BACKFILL_AUTO
2026-04-15 12:57:06,1776257826,BOOM600,5905.77,-1,0.006999999999607098,BACKFILL_AUTO
2026-04-15 12:57:07,1776257827,BOOM600,5905.766,-1,0.004000000000814907,BACKFILL_AUTO
2026-04-15 12:57:08,1776257828,BOOM600,5905.753,-1,0.012999999999919964,BACKFILL_AUTO
2026-04-15 12:57:09,1776257829,BOOM600,5905.741,-1,0.011999999999716238,BACKFILL_AUTO
2026-04-15 12:57:10,1776257830,BOOM600,5905.728,-1,0.012999999999919964,BACKFILL_AUTO
2026-04-15 12:57:11,1776257831,BOOM600,5905.723,-1,0.005000000000109139,BACKFILL_AUTO
2026-04-15 12:57:12,1776257832,BOOM600,5905.719,-1,0.0039999999999054126,BACKFILL_AUTO
2026-04-15 12:57:13,1776257833,BOOM600,5905.718,-1,0.0010000000002037268,BACKFILL_AUTO
2026-04-15 12:57:14,1776257834,BOOM600,5905.715,-1,0.0029999999997016857,BACKFILL_AUTO
2026-04-15 12:57:15,1776257835,BOOM600,5905.715,0,0.0,BACKFILL_AUTO
2026-04-15 12:57:16,1776257836,BOOM600,5905.713,-1,0.0020000000004074536,BACKFILL_AUTO
2026-04-15 12:57:17,1776257837,BOOM600,5905.691,-1,0.021999999999934516,BACKFILL_AUTO
2026-04-15 12:57:18,1776257838,BOOM600,5905.679,-1,0.011999999999716238,BACKFILL_AUTO
2026-04-15 12:57:19,1776257839,BOOM600,5905.664,-1,0.015000000000327418,BACKFILL_AUTO
2026-04-15 12:57:20,1776257840,BOOM600,5905.646,-1,0.018000000000029104,BACKFILL_AUTO
2026-04-15 12:57:21,1776257841,BOOM600,5905.634,-1,0.011999999999716238,BACKFILL_AUTO
2026-04-15 12:57:22,1776257842,BOOM600,5905.629,-1,0.005000000000109139,BACKFILL_AUTO
2026-04-15 12:57:23,1776257843,BOOM600,5905.628,-1,0.0010000000002037268,BACKFILL_AUTO
2026-04-15 12:57:24,1776257844,BOOM600,5905.625,-1,0.0029999999997016857,BACKFILL_AUTO
2026-04-15 12:57:25,1776257845,BOOM600,5905.622,-1,0.0029999999997016857,BACKFILL_AUTO
2026-04-15 12:57:26,1776257846,BOOM600,5905.613,-1,0.009000000000014552,BACKFILL_AUTO
2026-04-15 12:57:27,1776257847,BOOM600,5905.607,-1,0.006000000000312866,BACKFILL_AUTO
2026-04-15 12:57:28,1776257848,BOOM600,5905.607,0,0.0,BACKFILL_AUTO
2026-04-15 12:57:29,1776257849,BOOM600,5905.602,-1,0.005000000000109139,BACKFILL_AUTO
2026-04-15 12:57:30,1776257850,BOOM600,5905.586,-1,0.01599999999962165,BACKFILL_AUTO
2026-04-15 12:57:31,1776257851,BOOM600,5905.565,-1,0.021000000000640284,BACKFILL_AUTO
2026-04-15 12:57:32,1776257852,BOOM600,5905.56,-1,0.004999999999199645,BACKFILL_AUTO
2026-04-15 12:57:33,1776257853,BOOM600,5905.538,-1,0.02200000000084401,BACKFILL_AUTO
2026-04-15 12:57:34,1776257854,BOOM600,5905.518,-1,0.019999999999527063,BACKFILL_AUTO
2026-04-15 12:57:35,1776257855,BOOM600,5905.513,-1,0.005000000000109139,BACKFILL_AUTO
2026-04-15 12:57:36,1776257856,BOOM600,5905.505,-1,0.007999999999810825,BACKFILL_AUTO
2026-04-15 12:57:37,1776257857,BOOM600,5905.504,-1,0.0010000000002037268,BACKFILL_AUTO
2026-04-15 12:57:38,1776257858,BOOM600,5905.501,-1,0.0029999999997016857,BACKFILL_AUTO
2026-04-15 12:57:39,1776257859,BOOM600,5905.474,-1,0.027000000000043656,BACKFILL_AUTO
2026-04-15 12:57:40,1776257860,BOOM600,5905.462,-1,0.011999999999716238,BACKFILL_AUTO
2026-04-15 12:57:41,1776257861,BOOM600,5905.448,-1,0.014000000000123691,BACKFILL_AUTO
2026-04-15 12:57:42,1776257862,BOOM600,5905.439,-1,0.009000000000014552,BACKFILL_AUTO
2026-04-15 12:57:43,1776257863,BOOM600,5909.761,1,4.322000000000116,BACKFILL_AUTO
2026-04-15 12:57:44,1776257864,BOOM600,5909.753,-1,0.00800000000072032,BACKFILL_AUTO
2026-04-15 12:57:45,1776257865,BOOM600,5909.742,-1,0.01099999999951251,BACKFILL_AUTO
2026-04-15 12:57:46,1776257866,BOOM600,5909.74,-1,0.0020000000004074536,BACKFILL_AUTO
2026-04-15 12:57:47,1776257867,BOOM600,5909.734,-1,0.0059999999994033715,BACKFILL_AUTO
2026-04-15 12:57:48,1776257868,BOOM600,5909.729,-1,0.005000000000109139,BACKFILL_AUTO
2026-04-15 12:57:49,1776257869,BOOM600,5909.717,-1,0.012000000000625732,BACKFILL_AUTO
2026-04-15 12:57:50,1776257870,BOOM600,5909.708,-1,0.009000000000014552,BACKFILL_AUTO
2026-04-15 12:57:51,1776257871,BOOM600,5909.707,-1,0.0009999999992942321,BACKFILL_AUTO
2026-04-15 12:57:52,1776257872,BOOM600,5909.703,-1,0.0039999999999054126,BACKFILL_AUTO
2026-04-15 12:57:53,1776257873,BOOM600,5909.696,-1,0.007000000000516593,BACKFILL_AUTO
2026-04-15 12:57:54,1776257874,BOOM600,5909.692,-1,0.0039999999999054126,BACKFILL_AUTO
2026-04-15 12:57:55,1776257875,BOOM600,5909.687,-1,0.005000000000109139,BACKFILL_AUTO
2026-04-15 12:57:56,1776257876,BOOM600,5909.685,-1,0.001999999999497959,BACKFILL_AUTO
2026-04-15 12:57:57,1776257877,BOOM600,5909.674,-1,0.011000000000422006,BACKFILL_AUTO
2026-04-15 12:57:58,1776257878,BOOM600,5909.656,-1,0.018000000000029104,BACKFILL_AUTO
2026-04-15 12:57:59,1776257879,BOOM600,5909.652,-1,0.0039999999999054126,BACKFILL_AUTO
2026-04-15 12:58:00,1776257880,BOOM600,5909.641,-1,0.011000000000422006,BACKFILL_AUTO
2026-04-15 12:58:01,1776257881,BOOM600,5909.627,-1,0.013999999999214197,BACKFILL_AUTO
2026-04-15 12:58:02,1776257882,BOOM600,5909.624,-1,0.0030000000006111804,BACKFILL_AUTO
2026-04-15 12:58:03,1776257883,BOOM600,5909.623,-1,0.0010000000002037268,BACKFILL_AUTO
2026-04-15 12:58:04,1776257884,BOOM600,5909.596,-1,0.027000000000043656,BACKFILL_AUTO
2026-04-15 12:58:05,1776257885,BOOM600,5909.584,-1,0.011999999999716238,BACKFILL_AUTO
2026-04-15 12:58:06,1776257886,BOOM600,5909.583,-1,0.0010000000002037268,BACKFILL_AUTO
2026-04-15 12:58:07,1776257887,BOOM600,5909.58,-1,0.0029999999997016857,BACKFILL_AUTO
2026-04-15 12:58:08,1776257888,BOOM600,5909.566,-1,0.014000000000123691,BACKFILL_AUTO
2026-04-15 12:58:09,1776257889,BOOM600,5909.563,-1,0.0029999999997016857,BACKFILL_AUTO
2026-04-15 12:58:10,1776257890,BOOM600,5909.547,-1,0.016000000000531145,BACKFILL_AUTO
2026-04-15 12:58:11,1776257891,BOOM600,5909.531,-1,0.01599999999962165,BACKFILL_AUTO
2026-04-15 12:58:12,1776257892,BOOM600,5909.521,-1,0.010000000000218279,BACKFILL_AUTO
2026-04-15 12:58:13,1776257893,BOOM600,5909.495,-1,0.02599999999983993,BACKFILL_AUTO
2026-04-15 12:58:14,1776257894,BOOM600,5909.491,-1,0.0039999999999054126,BACKFILL_AUTO
2026-04-15 12:58:15,1776257895,BOOM600,5909.489,-1,0.0020000000004074536,BACKFILL_AUTO
2026-04-15 12:58:16,1776257896,BOOM600,5909.482,-1,0.006999999999607098,BACKFILL_AUTO
2026-04-15 12:58:17,1776257897,BOOM600,5909.481,-1,0.0010000000002037268,BACKFILL_AUTO
2026-04-15 12:58:18,1776257898,BOOM600,5909.478,-1,0.0029999999997016857,BACKFILL_AUTO
2026-04-15 12:58:19,1776257899,BOOM600,5909.466,-1,0.011999999999716238,BACKFILL_AUTO
2026-04-15 12:58:20,1776257900,BOOM600,5909.457,-1,0.009000000000014552,BACKFILL_AUTO
2026-04-15 12:58:21,1776257901,BOOM600,5909.437,-1,0.020000000000436557,BACKFILL_AUTO
2026-04-15 12:58:22,1776257902,BOOM600,5909.407,-1,0.02999999999974534,BACKFILL_AUTO
2026-04-15 12:58:23,1776257903,BOOM600,5909.392,-1,0.015000000000327418,BACKFILL_AUTO
2026-04-15 12:58:24,1776257904,BOOM600,5909.38,-1,0.011999999999716238,BACKFILL_AUTO
2026-04-15 12:58:25,1776257905,BOOM600,5909.365,-1,0.015000000000327418,BACKFILL_AUTO
2026-04-15 12:58:26,1776257906,BOOM600,5909.349,-1,0.01599999999962165,BACKFILL_AUTO
2026-04-15 12:58:27,1776257907,BOOM600,5909.34,-1,0.009000000000014552,BACKFILL_AUTO
2026-04-15 12:58:28,1776257908,BOOM600,5909.333,-1,0.007000000000516593,BACKFILL_AUTO
2026-04-15 12:58:29,1776257909,BOOM600,5909.314,-1,0.018999999999323336,BACKFILL_AUTO
2026-04-15 12:58:30,1776257910,BOOM600,5909.302,-1,0.012000000000625732,BACKFILL_AUTO
2026-04-15 12:58:31,1776257911,BOOM600,5909.299,-1,0.0029999999997016857,BACKFILL_AUTO
2026-04-15 12:58:32,1776257912,BOOM600,5909.291,-1,0.007999999999810825,BACKFILL_AUTO
2026-04-15 12:58:33,1776257913,BOOM600,5909.29,-1,0.0010000000002037268,BACKFILL_AUTO
2026-04-15 12:58:34,1776257914,BOOM600,5909.276,-1,0.014000000000123691,BACKFILL_AUTO
2026-04-15 12:58:35,1776257915,BOOM600,5909.257,-1,0.01900000000023283,BACKFILL_AUTO
2026-04-15 12:58:36,1776257916,BOOM600,5909.253,-1,0.0039999999999054126,BACKFILL_AUTO
2026-04-15 12:58:37,1776257917,BOOM600,5909.243,-1,0.009999999999308784,BACKFILL_AUTO
2026-04-15 12:58:38,1776257918,BOOM600,5909.231,-1,0.012000000000625732,BACKFILL_AUTO
2026-04-15 12:58:39,1776257919,BOOM600,5909.222,-1,0.009000000000014552,BACKFILL_AUTO
2026-04-15 12:58:40,1776257920,BOOM600,5909.21,-1,0.011999999999716238,BACKFILL_AUTO
2026-04-15 12:58:41,1776257921,BOOM600,5909.2,-1,0.010000000000218279,BACKFILL_AUTO
2026-04-15 12:58:42,1776257922,BOOM600,5909.198,-1,0.001999999999497959,BACKFILL_AUTO
2026-04-15 12:58:43,1776257923,BOOM600,5909.18,-1,0.018000000000029104,BACKFILL_AUTO
2026-04-15 12:58:44,1776257924,BOOM600,5909.179,-1,0.0010000000002037268,BACKFILL_AUTO
2026-04-15 12:58:45,1776257925,BOOM600,5909.168,-1,0.011000000000422006,BACKFILL_AUTO
2026-04-15 12:58:46,1776257926,BOOM600,5909.162,-1,0.0059999999994033715,BACKFILL_AUTO
2026-04-15 12:58:47,1776257927,BOOM600,5909.149,-1,0.012999999999919964,BACKFILL_AUTO
2026-04-15 12:58:48,1776257928,BOOM600,5909.137,-1,0.012000000000625732,BACKFILL_AUTO
2026-04-15 12:58:49,1776257929,BOOM600,5909.133,-1,0.0039999999999054126,BACKFILL_AUTO
2026-04-15 12:58:50,1776257930,BOOM600,5909.126,-1,0.006999999999607098,BACKFILL_AUTO
2026-04-15 12:58:51,1776257931,BOOM600,5909.123,-1,0.0030000000006111804,BACKFILL_AUTO
2026-04-15 12:58:52,1776257932,BOOM600,5909.117,-1,0.0059999999994033715,BACKFILL_AUTO
2026-04-15 12:58:53,1776257933,BOOM600,5909.115,-1,0.0020000000004074536,BACKFILL_AUTO
2026-04-15 12:58:54,1776257934,BOOM600,5909.084,-1,0.03099999999994907,BACKFILL_AUTO
2026-04-15 12:58:55,1776257935,BOOM600,5909.077,-1,0.006999999999607098,BACKFILL_AUTO
2026-04-15 12:58:56,1776257936,BOOM600,5909.07,-1,0.007000000000516593,BACKFILL_AUTO
2026-04-15 12:58:57,1776257937,BOOM600,5909.056,-1,0.014000000000123691,BACKFILL_AUTO
2026-04-15 12:58:58,1776257938,BOOM600,5909.055,-1,0.0009999999992942321,BACKFILL_AUTO
2026-04-15 12:58:59,1776257939,BOOM600,5909.051,-1,0.0039999999999054126,BACKFILL_AUTO
2026-04-15 12:59:00,1776257940,BOOM600,5909.048,-1,0.0030000000006111804,BACKFILL_AUTO
2026-04-15 12:59:01,1776257941,BOOM600,5909.024,-1,0.023999999999432475,BACKFILL_AUTO
2026-04-15 12:59:02,1776257942,BOOM600,5909.024,0,0.0,BACKFILL_AUTO
2026-04-15 12:59:03,1776257943,BOOM600,5909.017,-1,0.007000000000516593,BACKFILL_AUTO
2026-04-15 12:59:04,1776257944,BOOM600,5909.016,-1,0.0010000000002037268,BACKFILL_AUTO
2026-04-15 12:59:05,1776257945,BOOM600,5909.012,-1,0.0039999999999054126,BACKFILL_AUTO
2026-04-15 12:59:06,1776257946,BOOM600,5909.004,-1,0.007999999999810825,BACKFILL_AUTO
2026-04-15 12:59:07,1776257947,BOOM600,5908.993,-1,0.01099999999951251,BACKFILL_AUTO
2026-04-15 12:59:08,1776257948,BOOM600,5908.981,-1,0.012000000000625732,BACKFILL_AUTO
2026-04-15 12:59:09,1776257949,BOOM600,5908.973,-1,0.007999999999810825,BACKFILL_AUTO
2026-04-15 12:59:10,1776257950,BOOM600,5908.972,-1,0.0010000000002037268,BACKFILL_AUTO
2026-04-15 12:59:11,1776257951,BOOM600,5908.97,-1,0.001999999999497959,BACKFILL_AUTO
2026-04-15 12:59:12,1776257952,BOOM600,5908.962,-1,0.007999999999810825,BACKFILL_AUTO
2026-04-15 12:59:13,1776257953,BOOM600,5908.96,-1,0.0020000000004074536,BACKFILL_AUTO
2026-04-15 12:59:14,1776257954,BOOM600,5908.947,-1,0.012999999999919964,BACKFILL_AUTO
2026-04-15 12:59:15,1776257955,BOOM600,5908.93,-1,0.016999999999825377,BACKFILL_AUTO
2026-04-15 12:59:16,1776257956,BOOM600,5908.92,-1,0.010000000000218279,BACKFILL_AUTO
2026-04-15 12:59:17,1776257957,BOOM600,5908.911,-1,0.009000000000014552,BACKFILL_AUTO
2026-04-15 12:59:18,1776257958,BOOM600,5908.906,-1,0.005000000000109139,BACKFILL_AUTO
2026-04-15 12:59:19,1776257959,BOOM600,5908.892,-1,0.014000000000123691,BACKFILL_AUTO
2026-04-15 12:59:20,1776257960,BOOM600,5908.879,-1,0.012999999999919964,BACKFILL_AUTO
2026-04-15 12:59:21,1776257961,BOOM600,5908.86,-1,0.01900000000023283,BACKFILL_AUTO
2026-04-15 12:59:22,1776257962,BOOM600,5908.858,-1,0.001999999999497959,BACKFILL_AUTO
2026-04-15 12:59:23,1776257963,BOOM600,5908.857,-1,0.0010000000002037268,BACKFILL_AUTO
2026-04-15 12:59:24,1776257964,BOOM600,5908.844,-1,0.012999999999919964,BACKFILL_AUTO
2026-04-15 12:59:25,1776257965,BOOM600,5908.841,-1,0.0029999999997016857,BACKFILL_AUTO
2026-04-15 12:59:26,1776257966,BOOM600,5908.839,-1,0.0020000000004074536,BACKFILL_AUTO
2026-04-15 12:59:27,1776257967,BOOM600,5908.838,-1,0.0010000000002037268,BACKFILL_AUTO
2026-04-15 12:59:28,1776257968,BOOM600,5908.837,-1,0.0009999999992942321,BACKFILL_AUTO
2026-04-15 12:59:29,1776257969,BOOM600,5908.828,-1,0.009000000000014552,BACKFILL_AUTO
2026-04-15 12:59:30,1776257970,BOOM600,5908.803,-1,0.025000000000545697,BACKFILL_AUTO
2026-04-15 12:59:31,1776257971,BOOM600,5908.797,-1,0.006000000000312866,BACKFILL_AUTO
2026-04-15 12:59:32,1776257972,BOOM600,5908.795,-1,0.001999999999497959,BACKFILL_AUTO
2026-04-15 12:59:33,1776257973,BOOM600,5908.789,-1,0.006000000000312866,BACKFILL_AUTO
2026-04-15 12:59:34,1776257974,BOOM600,5908.787,-1,0.001999999999497959,BACKFILL_AUTO
2026-04-15 12:59:35,1776257975,BOOM600,5908.776,-1,0.011000000000422006,BACKFILL_AUTO
2026-04-15 12:59:36,1776257976,BOOM600,5908.774,-1,0.001999999999497959,BACKFILL_AUTO
2026-04-15 12:59:37,1776257977,BOOM600,5908.768,-1,0.006000000000312866,BACKFILL_AUTO
2026-04-15 12:59:38,1776257978,BOOM600,5908.768,0,0.0,BACKFILL_AUTO
2026-04-15 12:59:39,1776257979,BOOM600,5908.752,-1,0.01599999999962165,BACKFILL_AUTO
2026-04-15 12:59:40,1776257980,BOOM600,5908.744,-1,0.00800000000072032,BACKFILL_AUTO
2026-04-15 12:59:41,1776257981,BOOM600,5908.742,-1,0.001999999999497959,BACKFILL_AUTO
2026-04-15 12:59:42,1776257982,BOOM600,5908.732,-1,0.010000000000218279,BACKFILL_AUTO
2026-04-15 12:59:43,1776257983,BOOM600,5908.73,-1,0.0020000000004074536,BACKFILL_AUTO
2026-04-15 12:59:44,1776257984,BOOM600,5908.716,-1,0.013999999999214197,BACKFILL_AUTO
2026-04-15 12:59:45,1776257985,BOOM600,5908.707,-1,0.009000000000014552,BACKFILL_AUTO
2026-04-15 12:59:46,1776257986,BOOM600,5908.697,-1,0.010000000000218279,BACKFILL_AUTO
2026-04-15 12:59:47,1776257987,BOOM600,5908.693,-1,0.0039999999999054126,BACKFILL_AUTO
2026-04-15 12:59:48,1776257988,BOOM600,5908.674,-1,0.01900000000023283,BACKFILL_AUTO
2026-04-15 12:59:49,1776257989,BOOM600,5908.658,-1,0.01599999999962165,BACKFILL_AUTO
2026-04-15 12:59:50,1776257990,BOOM600,5908.658,0,0.0,BACKFILL_AUTO
2026-04-15 12:59:51,1776257991,BOOM600,5908.64,-1,0.018000000000029104,BACKFILL_AUTO
2026-04-15 12:59:52,1776257992,BOOM600,5908.639,-1,0.0010000000002037268,BACKFILL_AUTO
2026-04-15 12:59:53,1776257993,BOOM600,5908.634,-1,0.005000000000109139,BACKFILL_AUTO
2026-04-15 12:59:54,1776257994,BOOM600,5908.626,-1,0.007999999999810825,BACKFILL_AUTO
2026-04-15 12:59:55,1776257995,BOOM600,5908.612,-1,0.014000000000123691,BACKFILL_AUTO
2026-04-15 12:59:56,1776257996,BOOM600,5908.603,-1,0.009000000000014552,BACKFILL_AUTO
2026-04-15 12:59:57,1776257997,BOOM600,5908.6,-1,0.0029999999997016857,BACKFILL_AUTO
2026-04-15 12:59:58,1776257998,BOOM600,5908.591,-1,0.009000000000014552,BACKFILL_AUTO
2026-04-15 12:59:59,1776257999,BOOM600,5908.577,-1,0.014000000000123691,BACKFILL_AUTO
2026-04-15 13:00:00,1776258000,BOOM600,5908.572,-1,0.005000000000109139,BACKFILL_AUTO
2026-04-15 13:00:01,1776258001,BOOM600,5908.565,-1,0.007000000000516593,BACKFILL_AUTO
2026-04-15 13:00:02,1776258002,BOOM600,5908.553,-1,0.011999999999716238,BACKFILL_AUTO
2026-04-15 13:00:03,1776258003,BOOM600,5908.539,-1,0.014000000000123691,BACKFILL_AUTO
2026-04-15 13:00:04,1776258004,BOOM600,5908.522,-1,0.016999999999825377,BACKFILL_AUTO
2026-04-15 13:00:05,1776258005,BOOM600,5908.519,-1,0.0029999999997016857,BACKFILL_AUTO
2026-04-15 13:00:06,1776258006,BOOM600,5908.5,-1,0.01900000000023283,BACKFILL_AUTO
2026-04-15 13:00:07,1776258007,BOOM600,5908.499,-1,0.0010000000002037268,BACKFILL_AUTO
2026-04-15 13:00:08,1776258008,BOOM600,5908.496,-1,0.0029999999997016857,BACKFILL_AUTO
2026-04-15 13:00:09,1776258009,BOOM600,5908.494,-1,0.0020000000004074536,BACKFILL_AUTO
2026-04-15 13:00:10,1776258010,BOOM600,5908.475,-1,0.018999999999323336,BACKFILL_AUTO
2026-04-15 13:00:11,1776258011,BOOM600,5908.46,-1,0.015000000000327418,BACKFILL_AUTO
2026-04-15 13:00:12,1776258012,BOOM600,5908.442,-1,0.018000000000029104,BACKFILL_AUTO
2026-04-15 13:00:13,1776258013,BOOM600,5908.428,-1,0.014000000000123691,BACKFILL_AUTO
2026-04-15 13:00:14,1776258014,BOOM600,5908.411,-1,0.016999999999825377,BACKFILL_AUTO
2026-04-15 13:00:15,1776258015,BOOM600,5908.403,-1,0.007999999999810825,BACKFILL_AUTO
2026-04-15 13:00:16,1776258016,BOOM600,5908.4,-1,0.0030000000006111804,BACKFILL_AUTO
2026-04-15 13:00:17,1776258017,BOOM600,5908.39,-1,0.009999999999308784,BACKFILL_AUTO
2026-04-15 13:00:18,1776258018,BOOM600,5908.377,-1,0.012999999999919964,BACKFILL_AUTO
2026-04-15 13:00:19,1776258019,BOOM600,5908.375,-1,0.0020000000004074536,BACKFILL_AUTO
2026-04-15 13:00:20,1776258020,BOOM600,5908.358,-1,0.016999999999825377,BACKFILL_AUTO
2026-04-15 13:00:21,1776258021,BOOM600,5908.343,-1,0.015000000000327418,BACKFILL_AUTO
2026-04-15 13:00:22,1776258022,BOOM600,5908.338,-1,0.005000000000109139,BACKFILL_AUTO
2026-04-15 13:00:23,1776258023,BOOM600,5908.329,-1,0.009000000000014552,BACKFILL_AUTO
2026-04-15 13:00:24,1776258024,BOOM600,5908.32,-1,0.009000000000014552,BACKFILL_AUTO
2026-04-15 13:00:25,1776258025,BOOM600,5908.31,-1,0.009999999999308784,BACKFILL_AUTO
2026-04-15 13:00:26,1776258026,BOOM600,5908.298,-1,0.012000000000625732,BACKFILL_AUTO
2026-04-15 13:00:27,1776258027,BOOM600,5908.286,-1,0.011999999999716238,BACKFILL_AUTO
2026-04-15 13:00:28,1776258028,BOOM600,5908.261,-1,0.024999999999636202,BACKFILL_AUTO
2026-04-15 13:00:29,1776258029,BOOM600,5908.26,-1,0.0010000000002037268,BACKFILL_AUTO
2026-04-15 13:00:30,1776258030,BOOM600,5908.237,-1,0.023000000000138243,BACKFILL_AUTO
2026-04-15 13:00:31,1776258031,BOOM600,5908.215,-1,0.021999999999934516,BACKFILL_AUTO
2026-04-15 13:00:32,1776258032,BOOM600,5908.193,-1,0.021999999999934516,BACKFILL_AUTO
2026-04-15 13:00:33,1776258033,BOOM600,5908.184,-1,0.009000000000014552,BACKFILL_AUTO
2026-04-15 13:00:34,1776258034,BOOM600,5908.177,-1,0.007000000000516593,BACKFILL_AUTO
2026-04-15 13:00:35,1776258035,BOOM600,5908.164,-1,0.012999999999919964,BACKFILL_AUTO
2026-04-15 13:00:36,1776258036,BOOM600,5908.159,-1,0.005000000000109139,BACKFILL_AUTO
2026-04-15 13:00:37,1776258037,BOOM600,5908.158,-1,0.0009999999992942321,BACKFILL_AUTO
2026-04-15 13:00:38,1776258038,BOOM600,5908.155,-1,0.0030000000006111804,BACKFILL_AUTO
2026-04-15 13:00:39,1776258039,BOOM600,5908.155,0,0.0,BACKFILL_AUTO
2026-04-15 13:00:40,1776258040,BOOM600,5908.147,-1,0.007999999999810825,BACKFILL_AUTO
2026-04-15 13:00:41,1776258041,BOOM600,5908.125,-1,0.021999999999934516,BACKFILL_AUTO
2026-04-15 13:00:42,1776258042,BOOM600,5908.114,-1,0.011000000000422006,BACKFILL_AUTO
2026-04-15 13:00:43,1776258043,BOOM600,5908.096,-1,0.018000000000029104,BACKFILL_AUTO
2026-04-15 13:00:44,1776258044,BOOM600,5908.085,-1,0.01099999999951251,BACKFILL_AUTO
2026-04-15 13:00:45,1776258045,BOOM600,5908.066,-1,0.01900000000023283,BACKFILL_AUTO
2026-04-15 13:00:46,1776258046,BOOM600,5908.047,-1,0.01900000000023283,BACKFILL_AUTO
2026-04-15 13:00:47,1776258047,BOOM600,5908.029,-1,0.01799999999911961,BACKFILL_AUTO
2026-04-15 13:00:48,1776258048,BOOM600,5908.026,-1,0.0030000000006111804,BACKFILL_AUTO
2026-04-15 13:00:49,1776258049,BOOM600,5908.016,-1,0.010000000000218279,BACKFILL_AUTO
2026-04-15 13:00:50,1776258050,BOOM600,5908.007,-1,0.009000000000014552,BACKFILL_AUTO
2026-04-15 13:00:51,1776258051,BOOM600,5907.987,-1,0.019999999999527063,BACKFILL_AUTO
2026-04-15 13:00:52,1776258052,BOOM600,5907.986,-1,0.0010000000002037268,BACKFILL_AUTO
2026-04-15 13:00:53,1776258053,BOOM600,5907.98,-1,0.006000000000312866,BACKFILL_AUTO
2026-04-15 13:00:54,1776258054,BOOM600,5907.973,-1,0.006999999999607098,BACKFILL_AUTO
2026-04-15 13:00:55,1776258055,BOOM600,5907.962,-1,0.01099999999951251,BACKFILL_AUTO
2026-04-15 13:00:56,1776258056,BOOM600,5907.958,-1,0.004000000000814907,BACKFILL_AUTO
2026-04-15 13:00:57,1776258057,BOOM600,5907.954,-1,0.0039999999999054126,BACKFILL_AUTO
2026-04-15 13:00:58,1776258058,BOOM600,5907.933,-1,0.02099999999973079,BACKFILL_AUTO
2026-04-15 13:00:59,1776258059,BOOM600,5907.928,-1,0.005000000000109139,BACKFILL_AUTO
2026-04-15 13:01:00,1776258060,BOOM600,5907.923,-1,0.005000000000109139,BACKFILL_AUTO
2026-04-15 13:01:01,1776258061,BOOM600,5907.91,-1,0.012999999999919964,BACKFILL_AUTO
2026-04-15 13:01:02,1776258062,BOOM600,5907.898,-1,0.011999999999716238,BACKFILL_AUTO
2026-04-15 13:01:03,1776258063,BOOM600,5907.89,-1,0.007999999999810825,BACKFILL_AUTO
2026-04-15 13:01:04,1776258064,BOOM600,5907.888,-1,0.0020000000004074536,BACKFILL_AUTO
2026-04-15 13:01:05,1776258065,BOOM600,5907.887,-1,0.0010000000002037268,BACKFILL_AUTO
2026-04-15 13:01:06,1776258066,BOOM600,5909.287,1,1.4000000000005457,BACKFILL_AUTO
2026-04-15 13:01:07,1776258067,BOOM600,5909.279,-1,0.007999999999810825,BACKFILL_AUTO
2026-04-15 13:01:08,1776258068,BOOM600,5909.275,-1,0.004000000000814907,BACKFILL_AUTO
2026-04-15 13:01:09,1776258069,BOOM600,5909.264,-1,0.01099999999951251,BACKFILL_AUTO
2026-04-15 13:01:10,1776258070,BOOM600,5909.243,-1,0.02099999999973079,BACKFILL_AUTO
2026-04-15 13:01:11,1776258071,BOOM600,5909.226,-1,0.01700000000073487,BACKFILL_AUTO
2026-04-15 13:01:12,1776258072,BOOM600,5909.21,-1,0.01599999999962165,BACKFILL_AUTO
2026-04-15 13:01:13,1776258073,BOOM600,5909.204,-1,0.006000000000312866,BACKFILL_AUTO
2026-04-15 13:01:14,1776258074,BOOM600,5909.189,-1,0.014999999999417923,BACKFILL_AUTO
2026-04-15 13:01:15,1776258075,BOOM600,5909.172,-1,0.01700000000073487,BACKFILL_AUTO
2026-04-15 13:01:16,1776258076,BOOM600,5909.16,-1,0.011999999999716238,BACKFILL_AUTO
2026-04-15 13:01:17,1776258077,BOOM600,5909.156,-1,0.0039999999999054126,BACKFILL_AUTO
2026-04-15 13:01:18,1776258078,BOOM600,5909.132,-1,0.02400000000034197,BACKFILL_AUTO
2026-04-15 13:01:19,1776258079,BOOM600,5909.122,-1,0.009999999999308784,BACKFILL_AUTO
2026-04-15 13:01:20,1776258080,BOOM600,5909.1,-1,0.021999999999934516,BACKFILL_AUTO
2026-04-15 13:01:21,1776258081,BOOM600,5909.089,-1,0.011000000000422006,BACKFILL_AUTO
2026-04-15 13:01:22,1776258082,BOOM600,5909.088,-1,0.0010000000002037268,BACKFILL_AUTO
2026-04-15 13:01:23,1776258083,BOOM600,5909.083,-1,0.005000000000109139,BACKFILL_AUTO
2026-04-15 13:01:24,1776258084,BOOM600,5909.082,-1,0.0009999999992942321,BACKFILL_AUTO
2026-04-15 13:01:25,1776258085,BOOM600,5909.057,-1,0.025000000000545697,BACKFILL_AUTO
2026-04-15 13:01:26,1776258086,BOOM600,5909.056,-1,0.0010000000002037268,BACKFILL_AUTO
2026-04-15 13:01:27,1776258087,BOOM600,5909.045,-1,0.01099999999951251,BACKFILL_AUTO
2026-04-15 13:01:28,1776258088,BOOM600,5909.022,-1,0.023000000000138243,BACKFILL_AUTO
2026-04-15 13:01:29,1776258089,BOOM600,5909.02,-1,0.001999999999497959,BACKFILL_AUTO
2026-04-15 13:01:30,1776258090,BOOM600,5909.005,-1,0.015000000000327418,BACKFILL_AUTO
2026-04-15 13:01:31,1776258091,BOOM600,5909.002,-1,0.0029999999997016857,BACKFILL_AUTO
2026-04-15 13:01:32,1776258092,BOOM600,5908.993,-1,0.009000000000014552,BACKFILL_AUTO
2026-04-15 13:01:33,1776258093,BOOM600,5908.985,-1,0.00800000000072032,BACKFILL_AUTO
2026-04-15 13:01:34,1776258094,BOOM600,5908.981,-1,0.0039999999999054126,BACKFILL_AUTO
2026-04-15 13:01:35,1776258095,BOOM600,5908.971,-1,0.010000000000218279,BACKFILL_AUTO
2026-04-15 13:01:36,1776258096,BOOM600,5908.952,-1,0.018999999999323336,BACKFILL_AUTO
2026-04-15 13:01:37,1776258097,BOOM600,5908.94,-1,0.012000000000625732,BACKFILL_AUTO
2026-04-15 13:01:38,1776258098,BOOM600,5908.935,-1,0.004999999999199645,BACKFILL_AUTO
2026-04-15 13:01:39,1776258099,BOOM600,5908.93,-1,0.005000000000109139,BACKFILL_AUTO
2026-04-15 13:01:40,1776258100,BOOM600,5908.926,-1,0.0039999999999054126,BACKFILL_AUTO
2026-04-15 13:01:41,1776258101,BOOM600,5908.925,-1,0.0010000000002037268,BACKFILL_AUTO
2026-04-15 13:01:42,1776258102,BOOM600,5908.908,-1,0.016999999999825377,BACKFILL_AUTO
2026-04-15 13:01:43,1776258103,BOOM600,5908.899,-1,0.009000000000014552,BACKFILL_AUTO
2026-04-15 13:01:44,1776258104,BOOM600,5908.895,-1,0.0039999999999054126,BACKFILL_AUTO
2026-04-15 13:01:45,1776258105,BOOM600,5908.89,-1,0.005000000000109139,BACKFILL_AUTO
2026-04-15 13:01:46,1776258106,BOOM600,5908.874,-1,0.016000000000531145,BACKFILL_AUTO
2026-04-15 13:01:47,1776258107,BOOM600,5908.856,-1,0.018000000000029104,BACKFILL_AUTO
2026-04-15 13:01:48,1776258108,BOOM600,5908.854,-1,0.001999999999497959,BACKFILL_AUTO
2026-04-15 13:01:49,1776258109,BOOM600,5908.84,-1,0.014000000000123691,BACKFILL_AUTO
2026-04-15 13:01:50,1776258110,BOOM600,5908.831,-1,0.009000000000014552,BACKFILL_AUTO
2026-04-15 13:01:51,1776258111,BOOM600,5908.827,-1,0.0039999999999054126,BACKFILL_AUTO
2026-04-15 13:01:52,1776258112,BOOM600,5908.811,-1,0.016000000000531145,BACKFILL_AUTO
2026-04-15 13:01:53,1776258113,BOOM600,5908.807,-1,0.0039999999999054126,BACKFILL_AUTO
2026-04-15 13:01:54,1776258114,BOOM600,5908.793,-1,0.014000000000123691,BACKFILL_AUTO
2026-04-15 13:01:55,1776258115,BOOM600,5908.791,-1,0.001999999999497959,BACKFILL_AUTO
2026-04-15 13:01:56,1776258116,BOOM600,5908.784,-1,0.007000000000516593,BACKFILL_AUTO
2026-04-15 13:01:57,1776258117,BOOM600,5908.78,-1,0.0039999999999054126,BACKFILL_AUTO
2026-04-15 13:01:58,1776258118,BOOM600,5908.771,-1,0.009000000000014552,BACKFILL_AUTO
2026-04-15 13:01:59,1776258119,BOOM600,5908.766,-1,0.005000000000109139,BACKFILL_AUTO
2026-04-15 13:02:00,1776258120,BOOM600,5908.756,-1,0.009999999999308784,BACKFILL_AUTO
2026-04-15 13:02:01,1776258121,BOOM600,5908.748,-1,0.00800000000072032,BACKFILL_AUTO
2026-04-15 13:02:02,1776258122,BOOM600,5908.744,-1,0.0039999999999054126,BACKFILL_AUTO
2026-04-15 13:02:03,1776258123,BOOM600,5908.739,-1,0.005000000000109139,BACKFILL_AUTO
2026-04-15 13:02:04,1776258124,BOOM600,5908.712,-1,0.02699999999913416,BACKFILL_AUTO
2026-04-15 13:02:05,1776258125,BOOM600,5908.685,-1,0.027000000000043656,BACKFILL_AUTO
2026-04-15 13:02:06,1776258126,BOOM600,5908.677,-1,0.00800000000072032,BACKFILL_AUTO
2026-04-15 13:02:07,1776258127,BOOM600,5908.675,-1,0.001999999999497959,BACKFILL_AUTO
2026-04-15 13:02:08,1776258128,BOOM600,5908.665,-1,0.010000000000218279,BACKFILL_AUTO
2026-04-15 13:02:09,1776258129,BOOM600,5908.656,-1,0.009000000000014552,BACKFILL_AUTO
2026-04-15 13:02:10,1776258130,BOOM600,5908.656,0,0.0,BACKFILL_AUTO
2026-04-15 13:02:11,1776258131,BOOM600,5908.649,-1,0.006999999999607098,BACKFILL_AUTO
2026-04-15 13:02:12,1776258132,BOOM600,5908.636,-1,0.012999999999919964,BACKFILL_AUTO
2026-04-15 13:02:13,1776258133,BOOM600,5908.618,-1,0.018000000000029104,BACKFILL_AUTO
2026-04-15 13:02:14,1776258134,BOOM600,5908.613,-1,0.005000000000109139,BACKFILL_AUTO
2026-04-15 13:02:15,1776258135,BOOM600,5908.605,-1,0.00800000000072032,BACKFILL_AUTO
2026-04-15 13:02:16,1776258136,BOOM600,5908.602,-1,0.0029999999997016857,BACKFILL_AUTO
2026-04-15 13:02:17,1776258137,BOOM600,5908.6,-1,0.001999999999497959,BACKFILL_AUTO
2026-04-15 13:02:18,1776258138,BOOM600,5908.582,-1,0.018000000000029104,BACKFILL_AUTO
2026-04-15 13:02:19,1776258139,BOOM600,5908.561,-1,0.021000000000640284,BACKFILL_AUTO
2026-04-15 13:02:20,1776258140,BOOM600,5908.557,-1,0.0039999999999054126,BACKFILL_AUTO
2026-04-15 13:02:21,1776258141,BOOM600,5908.555,-1,0.001999999999497959,BACKFILL_AUTO
2026-04-15 13:02:22,1776258142,BOOM600,5908.553,-1,0.0020000000004074536,BACKFILL_AUTO
2026-04-15 13:02:23,1776258143,BOOM600,5908.543,-1,0.010000000000218279,BACKFILL_AUTO
2026-04-15 13:02:24,1776258144,BOOM600,5908.53,-1,0.012999999999919964,BACKFILL_AUTO
2026-04-15 13:02:25,1776258145,BOOM600,5908.52,-1,0.009999999999308784,BACKFILL_AUTO
2026-04-15 13:02:26,1776258146,BOOM600,5908.508,-1,0.012000000000625732,BACKFILL_AUTO
2026-04-15 13:02:27,1776258147,BOOM600,5908.506,-1,0.001999999999497959,BACKFILL_AUTO
2026-04-15 13:02:28,1776258148,BOOM600,5908.49,-1,0.016000000000531145,BACKFILL_AUTO
2026-04-15 13:02:29,1776258149,BOOM600,5908.474,-1,0.01599999999962165,BACKFILL_AUTO
2026-04-15 13:02:30,1776258150,BOOM600,5908.461,-1,0.012999999999919964,BACKFILL_AUTO
2026-04-15 13:02:31,1776258151,BOOM600,5908.457,-1,0.0039999999999054126,BACKFILL_AUTO
2026-04-15 13:02:32,1776258152,BOOM600,5908.446,-1,0.011000000000422006,BACKFILL_AUTO
2026-04-15 13:02:33,1776258153,BOOM600,5908.429,-1,0.016999999999825377,BACKFILL_AUTO
2026-04-15 13:02:34,1776258154,BOOM600,5908.425,-1,0.0039999999999054126,BACKFILL_AUTO
2026-04-15 13:02:35,1776258155,BOOM600,5908.423,-1,0.0020000000004074536,BACKFILL_AUTO
2026-04-15 13:02:36,1776258156,BOOM600,5908.413,-1,0.010000000000218279,BACKFILL_AUTO
2026-04-15 13:02:37,1776258157,BOOM600,5908.408,-1,0.004999999999199645,BACKFILL_AUTO
2026-04-15 13:02:38,1776258158,BOOM600,5908.406,-1,0.0020000000004074536,BACKFILL_AUTO
2026-04-15 13:02:39,1776258159,BOOM600,5908.395,-1,0.01099999999951251,BACKFILL_AUTO
2026-04-15 13:02:40,1776258160,BOOM600,5908.391,-1,0.004000000000814907,BACKFILL_AUTO
2026-04-15 13:02:41,1776258161,BOOM600,5908.388,-1,0.0029999999997016857,BACKFILL_AUTO
2026-04-15 13:02:42,1776258162,BOOM600,5908.362,-1,0.02599999999983993,BACKFILL_AUTO
2026-04-15 13:02:43,1776258163,BOOM600,5908.357,-1,0.005000000000109139,BACKFILL_AUTO
2026-04-15 13:02:44,1776258164,BOOM600,5908.339,-1,0.018000000000029104,BACKFILL_AUTO
2026-04-15 13:02:45,1776258165,BOOM600,5908.335,-1,0.0039999999999054126,BACKFILL_AUTO
2026-04-15 13:02:46,1776258166,BOOM600,5908.334,-1,0.0010000000002037268,BACKFILL_AUTO
2026-04-15 13:02:47,1776258167,BOOM600,5908.317,-1,0.016999999999825377,BACKFILL_AUTO
2026-04-15 13:02:48,1776258168,BOOM600,5908.303,-1,0.014000000000123691,BACKFILL_AUTO
2026-04-15 13:02:49,1776258169,BOOM600,5908.292,-1,0.01099999999951251,BACKFILL_AUTO
2026-04-15 13:02:50,1776258170,BOOM600,5908.285,-1,0.007000000000516593,BACKFILL_AUTO
2026-04-15 13:02:51,1776258171,BOOM600,5908.285,0,0.0,BACKFILL_AUTO
2026-04-15 13:02:52,1776258172,BOOM600,5908.28,-1,0.005000000000109139,BACKFILL_AUTO
2026-04-15 13:02:53,1776258173,BOOM600,5908.259,-1,0.02099999999973079,BACKFILL_AUTO
2026-04-15 13:02:54,1776258174,BOOM600,5908.255,-1,0.0039999999999054126,BACKFILL_AUTO
2026-04-15 13:02:55,1776258175,BOOM600,5908.251,-1,0.0039999999999054126,BACKFILL_AUTO
2026-04-15 13:02:56,1776258176,BOOM600,5908.247,-1,0.0039999999999054126,BACKFILL_AUTO
2026-04-15 13:02:57,1776258177,BOOM600,5908.247,0,0.0,BACKFILL_AUTO
2026-04-15 13:02:58,1776258178,BOOM600,5908.242,-1,0.005000000000109139,BACKFILL_AUTO
2026-04-15 13:02:59,1776258179,BOOM600,5908.228,-1,0.014000000000123691,BACKFILL_AUTO
2026-04-15 13:03:00,1776258180,BOOM600,5908.227,-1,0.0010000000002037268,BACKFILL_AUTO
2026-04-15 13:03:01,1776258181,BOOM600,5908.222,-1,0.005000000000109139,BACKFILL_AUTO
2026-04-15 13:03:02,1776258182,BOOM600,5908.198,-1,0.023999999999432475,BACKFILL_AUTO
2026-04-15 13:03:03,1776258183,BOOM600,5908.192,-1,0.006000000000312866,BACKFILL_AUTO
2026-04-15 13:03:04,1776258184,BOOM600,5908.189,-1,0.0029999999997016857,BACKFILL_AUTO
2026-04-15 13:03:05,1776258185,BOOM600,5908.175,-1,0.014000000000123691,BACKFILL_AUTO
2026-04-15 13:03:06,1776258186,BOOM600,5908.173,-1,0.0020000000004074536,BACKFILL_AUTO
2026-04-15 13:03:07,1776258187,BOOM600,5908.156,-1,0.016999999999825377,BACKFILL_AUTO
2026-04-15 13:03:08,1776258188,BOOM600,5908.148,-1,0.007999999999810825,BACKFILL_AUTO
2026-04-15 13:03:09,1776258189,BOOM600,5908.146,-1,0.0020000000004074536,BACKFILL_AUTO
2026-04-15 13:03:10,1776258190,BOOM600,5908.146,0,0.0,BACKFILL_AUTO
2026-04-15 13:03:11,1776258191,BOOM600,5908.133,-1,0.012999999999919964,BACKFILL_AUTO
2026-04-15 13:03:12,1776258192,BOOM600,5908.133,0,0.0,BACKFILL_AUTO
2026-04-15 13:03:13,1776258193,BOOM600,5908.115,-1,0.018000000000029104,BACKFILL_AUTO
2026-04-15 13:03:14,1776258194,BOOM600,5908.1,-1,0.014999999999417923,BACKFILL_AUTO
2026-04-15 13:03:15,1776258195,BOOM600,5908.095,-1,0.005000000000109139,BACKFILL_AUTO
2026-04-15 13:03:16,1776258196,BOOM600,5915.402,1,7.306999999999789,BACKFILL_AUTO
2026-04-15 13:03:17,1776258197,BOOM600,5915.393,-1,0.009000000000014552,BACKFILL_AUTO
2026-04-15 13:03:18,1776258198,BOOM600,5915.373,-1,0.020000000000436557,BACKFILL_AUTO
2026-04-15 13:03:19,1776258199,BOOM600,5915.371,-1,0.001999999999497959,BACKFILL_AUTO
2026-04-15 13:03:20,1776258200,BOOM600,5915.366,-1,0.005000000000109139,BACKFILL_AUTO
2026-04-15 13:03:21,1776258201,BOOM600,5915.358,-1,0.007999999999810825,BACKFILL_AUTO
2026-04-15 13:03:22,1776258202,BOOM600,5915.349,-1,0.009000000000014552,BACKFILL_AUTO
2026-04-15 13:03:23,1776258203,BOOM600,5915.337,-1,0.011999999999716238,BACKFILL_AUTO
2026-04-15 13:03:24,1776258204,BOOM600,5915.324,-1,0.01300000000082946,BACKFILL_AUTO
2026-04-15 13:03:25,1776258205,BOOM600,5915.314,-1,0.009999999999308784,BACKFILL_AUTO
2026-04-15 13:03:26,1776258206,BOOM600,5915.313,-1,0.0010000000002037268,BACKFILL_AUTO
2026-04-15 13:03:27,1776258207,BOOM600,5915.292,-1,0.02099999999973079,BACKFILL_AUTO
2026-04-15 13:03:28,1776258208,BOOM600,5915.276,-1,0.016000000000531145,BACKFILL_AUTO
2026-04-15 13:03:29,1776258209,BOOM600,5915.263,-1,0.012999999999919964,BACKFILL_AUTO
2026-04-15 13:03:30,1776258210,BOOM600,5915.259,-1,0.0039999999999054126,BACKFILL_AUTO
2026-04-15 13:03:31,1776258211,BOOM600,5915.247,-1,0.011999999999716238,BACKFILL_AUTO
2026-04-15 13:03:32,1776258212,BOOM600,5915.246,-1,0.0010000000002037268,BACKFILL_AUTO
2026-04-15 13:03:33,1776258213,BOOM600,5915.228,-1,0.018000000000029104,BACKFILL_AUTO
2026-04-15 13:03:34,1776258214,BOOM600,5915.211,-1,0.016999999999825377,BACKFILL_AUTO
2026-04-15 13:03:35,1776258215,BOOM600,5915.201,-1,0.010000000000218279,BACKFILL_AUTO
2026-04-15 13:03:36,1776258216,BOOM600,5915.201,0,0.0,BACKFILL_AUTO
2026-04-15 13:03:37,1776258217,BOOM600,5915.193,-1,0.007999999999810825,BACKFILL_AUTO
2026-04-15 13:03:38,1776258218,BOOM600,5915.19,-1,0.0030000000006111804,BACKFILL_AUTO
2026-04-15 13:03:39,1776258219,BOOM600,5915.185,-1,0.004999999999199645,BACKFILL_AUTO
2026-04-15 13:03:40,1776258220,BOOM600,5915.179,-1,0.006000000000312866,BACKFILL_AUTO
2026-04-15 13:03:41,1776258221,BOOM600,5915.165,-1,0.014000000000123691,BACKFILL_AUTO
2026-04-15 13:03:42,1776258222,BOOM600,5915.155,-1,0.010000000000218279,BACKFILL_AUTO
2026-04-15 13:03:43,1776258223,BOOM600,5915.148,-1,0.006999999999607098,BACKFILL_AUTO
2026-04-15 13:03:44,1776258224,BOOM600,5915.138,-1,0.010000000000218279,BACKFILL_AUTO
2026-04-15 13:03:45,1776258225,BOOM600,5915.131,-1,0.006999999999607098,BACKFILL_AUTO
2026-04-15 13:03:46,1776258226,BOOM600,5915.122,-1,0.009000000000014552,BACKFILL_AUTO
2026-04-15 13:03:47,1776258227,BOOM600,5915.117,-1,0.005000000000109139,BACKFILL_AUTO
2026-04-15 13:03:48,1776258228,BOOM600,5915.109,-1,0.007999999999810825,BACKFILL_AUTO
2026-04-15 13:03:49,1776258229,BOOM600,5915.1,-1,0.009000000000014552,BACKFILL_AUTO
2026-04-15 13:03:50,1776258230,BOOM600,5915.097,-1,0.0030000000006111804,BACKFILL_AUTO
2026-04-15 13:03:51,1776258231,BOOM600,5915.091,-1,0.0059999999994033715,BACKFILL_AUTO
2026-04-15 13:03:52,1776258232,BOOM600,5915.084,-1,0.007000000000516593,BACKFILL_AUTO
2026-04-15 13:03:53,1776258233,BOOM600,5915.069,-1,0.014999999999417923,BACKFILL_AUTO
2026-04-15 13:03:54,1776258234,BOOM600,5915.067,-1,0.0020000000004074536,BACKFILL_AUTO
2026-04-15 13:03:55,1776258235,BOOM600,5915.059,-1,0.007999999999810825,BACKFILL_AUTO
2026-04-15 13:03:56,1776258236,BOOM600,5915.045,-1,0.014000000000123691,BACKFILL_AUTO
2026-04-15 13:03:57,1776258237,BOOM600,5915.041,-1,0.0039999999999054126,BACKFILL_AUTO
2026-04-15 13:03:58,1776258238,BOOM600,5915.04,-1,0.0010000000002037268,BACKFILL_AUTO
2026-04-15 13:03:59,1776258239,BOOM600,5915.03,-1,0.010000000000218279,BACKFILL_AUTO
2026-04-15 13:04:00,1776258240,BOOM600,5914.996,-1,0.033999999999650754,BACKFILL_AUTO
2026-04-15 13:04:01,1776258241,BOOM600,5914.992,-1,0.0039999999999054126,BACKFILL_AUTO
2026-04-15 13:04:02,1776258242,BOOM600,5914.992,0,0.0,BACKFILL_AUTO
2026-04-15 13:04:03,1776258243,BOOM600,5914.971,-1,0.021000000000640284,BACKFILL_AUTO
2026-04-15 13:04:04,1776258244,BOOM600,5914.97,-1,0.0009999999992942321,BACKFILL_AUTO
2026-04-15 13:04:05,1776258245,BOOM600,5914.951,-1,0.01900000000023283,BACKFILL_AUTO
2026-04-15 13:04:06,1776258246,BOOM600,5914.944,-1,0.006999999999607098,BACKFILL_AUTO
2026-04-15 13:04:07,1776258247,BOOM600,5914.933,-1,0.011000000000422006,BACKFILL_AUTO
2026-04-15 13:04:08,1776258248,BOOM600,5914.922,-1,0.011000000000422006,BACKFILL_AUTO
2026-04-15 13:04:09,1776258249,BOOM600,5914.908,-1,0.013999999999214197,BACKFILL_AUTO
2026-04-15 13:04:10,1776258250,BOOM600,5914.894,-1,0.014000000000123691,BACKFILL_AUTO
2026-04-15 13:04:11,1776258251,BOOM600,5914.887,-1,0.007000000000516593,BACKFILL_AUTO
2026-04-15 13:04:12,1776258252,BOOM600,5914.877,-1,0.009999999999308784,BACKFILL_AUTO
2026-04-15 13:04:13,1776258253,BOOM600,5914.852,-1,0.025000000000545697,BACKFILL_AUTO
2026-04-15 13:04:14,1776258254,BOOM600,5914.842,-1,0.010000000000218279,BACKFILL_AUTO
2026-04-15 13:04:15,1776258255,BOOM600,5914.837,-1,0.004999999999199645,BACKFILL_AUTO
2026-04-15 13:04:16,1776258256,BOOM600,5914.832,-1,0.005000000000109139,BACKFILL_AUTO
2026-04-15 13:04:17,1776258257,BOOM600,5914.832,0,0.0,BACKFILL_AUTO
2026-04-15 13:04:18,1776258258,BOOM600,5914.82,-1,0.012000000000625732,BACKFILL_AUTO
2026-04-15 13:04:19,1776258259,BOOM600,5914.808,-1,0.011999999999716238,BACKFILL_AUTO
2026-04-15 13:04:20,1776258260,BOOM600,5914.801,-1,0.006999999999607098,BACKFILL_AUTO
2026-04-15 13:04:21,1776258261,BOOM600,5914.786,-1,0.015000000000327418,BACKFILL_AUTO
2026-04-15 13:04:22,1776258262,BOOM600,5914.771,-1,0.015000000000327418,BACKFILL_AUTO
2026-04-15 13:04:23,1776258263,BOOM600,5914.759,-1,0.011999999999716238,BACKFILL_AUTO
2026-04-15 13:04:24,1776258264,BOOM600,5914.746,-1,0.012999999999919964,BACKFILL_AUTO
2026-04-15 13:04:25,1776258265,BOOM600,5914.735,-1,0.011000000000422006,BACKFILL_AUTO
2026-04-15 13:04:26,1776258266,BOOM600,5914.724,-1,0.01099999999951251,BACKFILL_AUTO
2026-04-15 13:04:27,1776258267,BOOM600,5914.708,-1,0.016000000000531145,BACKFILL_AUTO
2026-04-15 13:04:28,1776258268,BOOM600,5914.702,-1,0.0059999999994033715,BACKFILL_AUTO
2026-04-15 13:04:29,1776258269,BOOM600,5914.694,-1,0.007999999999810825,BACKFILL_AUTO
2026-04-15 13:04:30,1776258270,BOOM600,5914.684,-1,0.010000000000218279,BACKFILL_AUTO
2026-04-15 13:04:31,1776258271,BOOM600,5914.657,-1,0.027000000000043656,BACKFILL_AUTO
2026-04-15 13:04:32,1776258272,BOOM600,5914.641,-1,0.016000000000531145,BACKFILL_AUTO
2026-04-15 13:04:33,1776258273,BOOM600,5914.63,-1,0.01099999999951251,BACKFILL_AUTO
2026-04-15 13:04:34,1776258274,BOOM600,5914.62,-1,0.010000000000218279,BACKFILL_AUTO
2026-04-15 13:04:35,1776258275,BOOM600,5914.612,-1,0.007999999999810825,BACKFILL_AUTO
2026-04-15 13:04:36,1776258276,BOOM600,5914.588,-1,0.02400000000034197,BACKFILL_AUTO
2026-04-15 13:04:37,1776258277,BOOM600,5914.582,-1,0.0059999999994033715,BACKFILL_AUTO
2026-04-15 13:04:38,1776258278,BOOM600,5914.571,-1,0.011000000000422006,BACKFILL_AUTO
2026-04-15 13:04:39,1776258279,BOOM600,5914.568,-1,0.0029999999997016857,BACKFILL_AUTO
2026-04-15 13:04:40,1776258280,BOOM600,5914.548,-1,0.020000000000436557,BACKFILL_AUTO
2026-04-15 13:04:41,1776258281,BOOM600,5914.531,-1,0.016999999999825377,BACKFILL_AUTO
2026-04-15 13:04:42,1776258282,BOOM600,5914.516,-1,0.015000000000327418,BACKFILL_AUTO
2026-04-15 13:04:43,1776258283,BOOM600,5914.515,-1,0.0009999999992942321,BACKFILL_AUTO
2026-04-15 13:04:44,1776258284,BOOM600,5914.511,-1,0.0039999999999054126,BACKFILL_AUTO
2026-04-15 13:04:45,1776258285,BOOM600,5914.501,-1,0.010000000000218279,BACKFILL_AUTO
2026-04-15 13:04:46,1776258286,BOOM600,5914.479,-1,0.021999999999934516,BACKFILL_AUTO
2026-04-15 13:04:47,1776258287,BOOM600,5914.462,-1,0.016999999999825377,BACKFILL_AUTO
2026-04-15 13:04:48,1776258288,BOOM600,5914.459,-1,0.0030000000006111804,BACKFILL_AUTO
2026-04-15 13:04:49,1776258289,BOOM600,5914.458,-1,0.0010000000002037268,BACKFILL_AUTO
2026-04-15 13:04:50,1776258290,BOOM600,5914.437,-1,0.02099999999973079,BACKFILL_AUTO
2026-04-15 13:04:51,1776258291,BOOM600,5914.429,-1,0.007999999999810825,BACKFILL_AUTO
2026-04-15 13:04:52,1776258292,BOOM600,5914.418,-1,0.011000000000422006,BACKFILL_AUTO
2026-04-15 13:04:53,1776258293,BOOM600,5914.408,-1,0.009999999999308784,BACKFILL_AUTO
2026-04-15 13:04:54,1776258294,BOOM600,5914.401,-1,0.007000000000516593,BACKFILL_AUTO
2026-04-15 13:04:55,1776258295,BOOM600,5914.4,-1,0.0010000000002037268,BACKFILL_AUTO
2026-04-15 13:04:56,1776258296,BOOM600,5914.396,-1,0.0039999999999054126,BACKFILL_AUTO
2026-04-15 13:04:57,1776258297,BOOM600,5914.396,0,0.0,BACKFILL_AUTO
2026-04-15 13:04:58,1776258298,BOOM600,5914.381,-1,0.014999999999417923,BACKFILL_AUTO
2026-04-15 13:04:59,1776258299,BOOM600,5914.381,0,0.0,BACKFILL_AUTO
2026-04-15 13:05:00,1776258300,BOOM600,5914.37,-1,0.011000000000422006,BACKFILL_AUTO
2026-04-15 13:05:01,1776258301,BOOM600,5914.359,-1,0.01099999999951251,BACKFILL_AUTO
2026-04-15 13:05:02,1776258302,BOOM600,5914.356,-1,0.0030000000006111804,BACKFILL_AUTO
2026-04-15 13:05:03,1776258303,BOOM600,5914.342,-1,0.014000000000123691,BACKFILL_AUTO
2026-04-15 13:05:04,1776258304,BOOM600,5914.334,-1,0.007999999999810825,BACKFILL_AUTO
2026-04-15 13:05:05,1776258305,BOOM600,5914.325,-1,0.009000000000014552,BACKFILL_AUTO
2026-04-15 13:05:06,1776258306,BOOM600,5914.317,-1,0.007999999999810825,BACKFILL_AUTO
2026-04-15 13:05:07,1776258307,BOOM600,5914.311,-1,0.006000000000312866,BACKFILL_AUTO
2026-04-15 13:05:08,1776258308,BOOM600,5914.301,-1,0.009999999999308784,BACKFILL_AUTO
2026-04-15 13:05:09,1776258309,BOOM600,5914.282,-1,0.01900000000023283,BACKFILL_AUTO
2026-04-15 13:05:10,1776258310,BOOM600,5914.27,-1,0.011999999999716238,BACKFILL_AUTO
2026-04-15 13:05:11,1776258311,BOOM600,5914.262,-1,0.00800000000072032,BACKFILL_AUTO
2026-04-15 13:05:12,1776258312,BOOM600,5914.251,-1,0.01099999999951251,BACKFILL_AUTO
2026-04-15 13:05:13,1776258313,BOOM600,5914.25,-1,0.0010000000002037268,BACKFILL_AUTO
2026-04-15 13:05:14,1776258314,BOOM600,5914.241,-1,0.009000000000014552,BACKFILL_AUTO
2026-04-15 13:05:15,1776258315,BOOM600,5914.24,-1,0.0010000000002037268,BACKFILL_AUTO
2026-04-15 13:05:16,1776258316,BOOM600,5914.239,-1,0.0010000000002037268,BACKFILL_AUTO
2026-04-15 13:05:17,1776258317,BOOM600,5914.224,-1,0.014999999999417923,BACKFILL_AUTO
2026-04-15 13:05:18,1776258318,BOOM600,5914.224,0,0.0,BACKFILL_AUTO
2026-04-15 13:05:19,1776258319,BOOM600,5914.22,-1,0.0039999999999054126,BACKFILL_AUTO
2026-04-15 13:05:20,1776258320,BOOM600,5914.195,-1,0.025000000000545697,BACKFILL_AUTO
2026-04-15 13:05:21,1776258321,BOOM600,5914.182,-1,0.012999999999919964,BACKFILL_AUTO
2026-04-15 13:05:22,1776258322,BOOM600,5914.169,-1,0.012999999999919964,BACKFILL_AUTO
2026-04-15 13:05:23,1776258323,BOOM600,5914.159,-1,0.010000000000218279,BACKFILL_AUTO
2026-04-15 13:05:24,1776258324,BOOM600,5914.151,-1,0.007999999999810825,BACKFILL_AUTO
2026-04-15 13:05:25,1776258325,BOOM600,5914.144,-1,0.006999999999607098,BACKFILL_AUTO
2026-04-15 13:05:26,1776258326,BOOM600,5914.141,-1,0.0030000000006111804,BACKFILL_AUTO
2026-04-15 13:05:27,1776258327,BOOM600,5914.139,-1,0.001999999999497959,BACKFILL_AUTO
2026-04-15 13:05:28,1776258328,BOOM600,5914.134,-1,0.005000000000109139,BACKFILL_AUTO
2026-04-15 13:05:29,1776258329,BOOM600,5914.113,-1,0.02099999999973079,BACKFILL_AUTO
2026-04-15 13:05:30,1776258330,BOOM600,5914.083,-1,0.030000000000654836,BACKFILL_AUTO
2026-04-15 13:05:31,1776258331,BOOM600,5914.065,-1,0.018000000000029104,BACKFILL_AUTO
2026-04-15 13:05:32,1776258332,BOOM600,5914.054,-1,0.01099999999951251,BACKFILL_AUTO
2026-04-15 13:05:33,1776258333,BOOM600,5914.053,-1,0.0010000000002037268,BACKFILL_AUTO
2026-04-15 13:05:34,1776258334,BOOM600,5914.053,0,0.0,BACKFILL_AUTO
2026-04-15 13:05:35,1776258335,BOOM600,5914.034,-1,0.01900000000023283,BACKFILL_AUTO
2026-04-15 13:05:36,1776258336,BOOM600,5914.006,-1,0.027999999999337888,BACKFILL_AUTO
2026-04-15 13:05:37,1776258337,BOOM600,5913.997,-1,0.009000000000014552,BACKFILL_AUTO
2026-04-15 13:05:38,1776258338,BOOM600,5913.994,-1,0.0030000000006111804,BACKFILL_AUTO
2026-04-15 13:05:39,1776258339,BOOM600,5913.987,-1,0.006999999999607098,BACKFILL_AUTO
2026-04-15 13:05:40,1776258340,BOOM600,5913.966,-1,0.02099999999973079,BACKFILL_AUTO
2026-04-15 13:05:41,1776258341,BOOM600,5913.942,-1,0.02400000000034197,BACKFILL_AUTO
2026-04-15 13:05:42,1776258342,BOOM600,5913.94,-1,0.0020000000004074536,BACKFILL_AUTO
2026-04-15 13:05:43,1776258343,BOOM600,5913.937,-1,0.0029999999997016857,BACKFILL_AUTO
2026-04-15 13:05:44,1776258344,BOOM600,5913.919,-1,0.018000000000029104,BACKFILL_AUTO
2026-04-15 13:05:45,1776258345,BOOM600,5913.915,-1,0.0039999999999054126,BACKFILL_AUTO
2026-04-15 13:05:46,1776258346,BOOM600,5913.906,-1,0.009000000000014552,BACKFILL_AUTO
2026-04-15 13:05:47,1776258347,BOOM600,5913.905,-1,0.0010000000002037268,BACKFILL_AUTO
2026-04-15 13:05:48,1776258348,BOOM600,5913.898,-1,0.006999999999607098,BACKFILL_AUTO
2026-04-15 13:05:49,1776258349,BOOM600,5913.892,-1,0.006000000000312866,BACKFILL_AUTO
2026-04-15 13:05:50,1776258350,BOOM600,5913.884,-1,0.007999999999810825,BACKFILL_AUTO
2026-04-15 13:05:51,1776258351,BOOM600,5913.878,-1,0.006000000000312866,BACKFILL_AUTO
2026-04-15 13:05:52,1776258352,BOOM600,5913.876,-1,0.001999999999497959,BACKFILL_AUTO
2026-04-15 13:05:53,1776258353,BOOM600,5913.872,-1,0.0039999999999054126,BACKFILL_AUTO
2026-04-15 13:05:54,1776258354,BOOM600,5913.871,-1,0.0010000000002037268,BACKFILL_AUTO
2026-04-15 13:05:55,1776258355,BOOM600,5913.854,-1,0.016999999999825377,BACKFILL_AUTO
2026-04-15 13:05:56,1776258356,BOOM600,5913.84,-1,0.014000000000123691,BACKFILL_AUTO
2026-04-15 13:05:57,1776258357,BOOM600,5913.83,-1,0.010000000000218279,BACKFILL_AUTO
2026-04-15 13:05:58,1776258358,BOOM600,5913.806,-1,0.02400000000034197,BACKFILL_AUTO
2026-04-15 13:05:59,1776258359,BOOM600,5913.79,-1,0.01599999999962165,BACKFILL_AUTO
2026-04-15 13:06:00,1776258360,BOOM600,5913.767,-1,0.023000000000138243,BACKFILL_AUTO
2026-04-15 13:06:01,1776258361,BOOM600,5913.762,-1,0.005000000000109139,BACKFILL_AUTO
2026-04-15 13:06:02,1776258362,BOOM600,5913.752,-1,0.009999999999308784,BACKFILL_AUTO
2026-04-15 13:06:03,1776258363,BOOM600,5913.738,-1,0.014000000000123691,BACKFILL_AUTO
2026-04-15 13:06:04,1776258364,BOOM600,5913.72,-1,0.018000000000029104,BACKFILL_AUTO
2026-04-15 13:06:05,1776258365,BOOM600,5913.706,-1,0.014000000000123691,BACKFILL_AUTO
2026-04-15 13:06:06,1776258366,BOOM600,5913.699,-1,0.007000000000516593,BACKFILL_AUTO
2026-04-15 13:06:07,1776258367,BOOM600,5913.69,-1,0.009000000000014552,BACKFILL_AUTO
2026-04-15 13:06:08,1776258368,BOOM600,5913.682,-1,0.007999999999810825,BACKFILL_AUTO
2026-04-15 13:06:09,1776258369,BOOM600,5913.674,-1,0.007999999999810825,BACKFILL_AUTO
2026-04-15 13:06:10,1776258370,BOOM600,5913.669,-1,0.005000000000109139,BACKFILL_AUTO
2026-04-15 13:06:11,1776258371,BOOM600,5913.667,-1,0.001999999999497959,BACKFILL_AUTO
2026-04-15 13:06:12,1776258372,BOOM600,5913.666,-1,0.0010000000002037268,BACKFILL_AUTO
2026-04-15 13:06:13,1776258373,BOOM600,5913.657,-1,0.009000000000014552,BACKFILL_AUTO
2026-04-15 13:06:14,1776258374,BOOM600,5913.649,-1,0.007999999999810825,BACKFILL_AUTO
2026-04-15 13:06:15,1776258375,BOOM600,5913.648,-1,0.0010000000002037268,BACKFILL_AUTO
2026-04-15 13:06:16,1776258376,BOOM600,5913.637,-1,0.011000000000422006,BACKFILL_AUTO
2026-04-15 13:06:17,1776258377,BOOM600,5913.626,-1,0.01099999999951251,BACKFILL_AUTO
2026-04-15 13:06:18,1776258378,BOOM600,5913.613,-1,0.012999999999919964,BACKFILL_AUTO
2026-04-15 13:06:19,1776258379,BOOM600,5913.61,-1,0.0030000000006111804,BACKFILL_AUTO
2026-04-15 13:06:20,1776258380,BOOM600,5913.597,-1,0.012999999999919964,BACKFILL_AUTO
2026-04-15 13:06:21,1776258381,BOOM600,5913.587,-1,0.009999999999308784,BACKFILL_AUTO
2026-04-15 13:06:22,1776258382,BOOM600,5913.574,-1,0.01300000000082946,BACKFILL_AUTO
2026-04-15 13:06:23,1776258383,BOOM600,5913.565,-1,0.009000000000014552,BACKFILL_AUTO
2026-04-15 13:06:24,1776258384,BOOM600,5913.563,-1,0.001999999999497959,BACKFILL_AUTO
2026-04-15 13:06:25,1776258385,BOOM600,5913.541,-1,0.021999999999934516,BACKFILL_AUTO
2026-04-15 13:06:26,1776258386,BOOM600,5913.527,-1,0.014000000000123691,BACKFILL_AUTO
2026-04-15 13:06:27,1776258387,BOOM600,5913.519,-1,0.007999999999810825,BACKFILL_AUTO
2026-04-15 13:06:28,1776258388,BOOM600,5913.507,-1,0.012000000000625732,BACKFILL_AUTO
2026-04-15 13:06:29,1776258389,BOOM600,5913.494,-1,0.012999999999919964,BACKFILL_AUTO
2026-04-15 13:06:30,1776258390,BOOM600,5913.491,-1,0.0029999999997016857,BACKFILL_AUTO
2026-04-15 13:06:31,1776258391,BOOM600,5913.481,-1,0.010000000000218279,BACKFILL_AUTO
2026-04-15 13:06:32,1776258392,BOOM600,5913.471,-1,0.010000000000218279,BACKFILL_AUTO
2026-04-15 13:06:33,1776258393,BOOM600,5913.443,-1,0.027999999999337888,BACKFILL_AUTO
2026-04-15 13:06:34,1776258394,BOOM600,5913.437,-1,0.006000000000312866,BACKFILL_AUTO
2026-04-15 13:06:35,1776258395,BOOM600,5913.433,-1,0.0039999999999054126,BACKFILL_AUTO
2026-04-15 13:06:36,1776258396,BOOM600,5913.432,-1,0.0010000000002037268,BACKFILL_AUTO
2026-04-15 13:06:37,1776258397,BOOM600,5913.417,-1,0.014999999999417923,BACKFILL_AUTO
2026-04-15 13:06:38,1776258398,BOOM600,5913.411,-1,0.006000000000312866,BACKFILL_AUTO
2026-04-15 13:06:39,1776258399,BOOM600,5913.392,-1,0.01900000000023283,BACKFILL_AUTO
2026-04-15 13:06:40,1776258400,BOOM600,5913.388,-1,0.0039999999999054126,BACKFILL_AUTO
2026-04-15 13:06:41,1776258401,BOOM600,5913.378,-1,0.010000000000218279,BACKFILL_AUTO
2026-04-15 13:06:42,1776258402,BOOM600,5913.363,-1,0.014999999999417923,BACKFILL_AUTO
2026-04-15 13:06:43,1776258403,BOOM600,5913.362,-1,0.0010000000002037268,BACKFILL_AUTO
2026-04-15 13:06:44,1776258404,BOOM600,5913.355,-1,0.007000000000516593,BACKFILL_AUTO
2026-04-15 13:06:45,1776258405,BOOM600,5913.341,-1,0.013999999999214197,BACKFILL_AUTO
2026-04-15 13:06:46,1776258406,BOOM600,5913.328,-1,0.012999999999919964,BACKFILL_AUTO
2026-04-15 13:06:47,1776258407,BOOM600,5913.323,-1,0.005000000000109139,BACKFILL_AUTO
2026-04-15 13:06:48,1776258408,BOOM600,5913.321,-1,0.0020000000004074536,BACKFILL_AUTO
2026-04-15 13:06:49,1776258409,BOOM600,5913.311,-1,0.010000000000218279,BACKFILL_AUTO
2026-04-15 13:06:50,1776258410,BOOM600,5913.302,-1,0.009000000000014552,BACKFILL_AUTO
2026-04-15 13:06:51,1776258411,BOOM600,5913.288,-1,0.014000000000123691,BACKFILL_AUTO
2026-04-15 13:06:52,1776258412,BOOM600,5913.272,-1,0.01599999999962165,BACKFILL_AUTO
2026-04-15 13:06:53,1776258413,BOOM600,5913.268,-1,0.0039999999999054126,BACKFILL_AUTO
2026-04-15 13:06:54,1776258414,BOOM600,5913.265,-1,0.0029999999997016857,BACKFILL_AUTO
2026-04-15 13:06:55,1776258415,BOOM600,5913.257,-1,0.00800000000072032,BACKFILL_AUTO
2026-04-15 13:06:56,1776258416,BOOM600,5913.256,-1,0.0009999999992942321,BACKFILL_AUTO
2026-04-15 13:06:57,1776258417,BOOM600,5913.253,-1,0.0030000000006111804,BACKFILL_AUTO
2026-04-15 13:06:58,1776258418,BOOM600,5913.248,-1,0.005000000000109139,BACKFILL_AUTO
2026-04-15 13:06:59,1776258419,BOOM600,5913.247,-1,0.0009999999992942321,BACKFILL_AUTO
2026-04-15 13:07:00,1776258420,BOOM600,5913.228,-1,0.01900000000023283,BACKFILL_AUTO
2026-04-15 13:07:01,1776258421,BOOM600,5913.214,-1,0.014000000000123691,BACKFILL_AUTO
2026-04-15 13:07:02,1776258422,BOOM600,5913.212,-1,0.001999999999497959,BACKFILL_AUTO
2026-04-15 13:07:03,1776258423,BOOM600,5913.203,-1,0.009000000000014552,BACKFILL_AUTO
2026-04-15 13:07:04,1776258424,BOOM600,5913.203,0,0.0,BACKFILL_AUTO
2026-04-15 13:07:05,1776258425,BOOM600,5913.188,-1,0.015000000000327418,BACKFILL_AUTO
2026-04-15 13:07:06,1776258426,BOOM600,5913.184,-1,0.0039999999999054126,BACKFILL_AUTO
2026-04-15 13:07:07,1776258427,BOOM600,5913.173,-1,0.011000000000422006,BACKFILL_AUTO
2026-04-15 13:07:08,1776258428,BOOM600,5913.172,-1,0.0010000000002037268,BACKFILL_AUTO
2026-04-15 13:07:09,1776258429,BOOM600,5913.169,-1,0.0029999999997016857,BACKFILL_AUTO
2026-04-15 13:07:10,1776258430,BOOM600,5913.157,-1,0.011999999999716238,BACKFILL_AUTO
2026-04-15 13:07:11,1776258431,BOOM600,5913.15,-1,0.007000000000516593,BACKFILL_AUTO
2026-04-15 13:07:12,1776258432,BOOM600,5913.148,-1,0.001999999999497959,BACKFILL_AUTO
2026-04-15 13:07:13,1776258433,BOOM600,5913.133,-1,0.015000000000327418,BACKFILL_AUTO
2026-04-15 13:07:14,1776258434,BOOM600,5913.125,-1,0.007999999999810825,BACKFILL_AUTO
2026-04-15 13:07:15,1776258435,BOOM600,5913.121,-1,0.0039999999999054126,BACKFILL_AUTO
2026-04-15 13:07:16,1776258436,BOOM600,5913.111,-1,0.010000000000218279,BACKFILL_AUTO
2026-04-15 13:07:17,1776258437,BOOM600,5913.11,-1,0.0010000000002037268,BACKFILL_AUTO
2026-04-15 13:07:18,1776258438,BOOM600,5913.109,-1,0.0009999999992942321,BACKFILL_AUTO
2026-04-15 13:07:19,1776258439,BOOM600,5913.105,-1,0.004000000000814907,BACKFILL_AUTO
2026-04-15 13:07:20,1776258440,BOOM600,5913.093,-1,0.011999999999716238,BACKFILL_AUTO
2026-04-15 13:07:21,1776258441,BOOM600,5913.09,-1,0.0029999999997016857,BACKFILL_AUTO
2026-04-15 13:07:22,1776258442,BOOM600,5913.073,-1,0.016999999999825377,BACKFILL_AUTO
2026-04-15 13:07:23,1776258443,BOOM600,5913.049,-1,0.02400000000034197,BACKFILL_AUTO
2026-04-15 13:07:24,1776258444,BOOM600,5913.036,-1,0.012999999999919964,BACKFILL_AUTO
2026-04-15 13:07:25,1776258445,BOOM600,5913.024,-1,0.011999999999716238,BACKFILL_AUTO
2026-04-15 13:07:26,1776258446,BOOM600,5913.014,-1,0.010000000000218279,BACKFILL_AUTO
2026-04-15 13:07:27,1776258447,BOOM600,5913.013,-1,0.0010000000002037268,BACKFILL_AUTO
2026-04-15 13:07:28,1776258448,BOOM600,5913.006,-1,0.006999999999607098,BACKFILL_AUTO
2026-04-15 13:07:29,1776258449,BOOM600,5912.999,-1,0.007000000000516593,BACKFILL_AUTO
2026-04-15 13:07:30,1776258450,BOOM600,5912.998,-1,0.0010000000002037268,BACKFILL_AUTO
2026-04-15 13:07:31,1776258451,BOOM600,5912.975,-1,0.02299999999922875,BACKFILL_AUTO
2026-04-15 13:07:32,1776258452,BOOM600,5912.964,-1,0.011000000000422006,BACKFILL_AUTO
2026-04-15 13:07:33,1776258453,BOOM600,5912.953,-1,0.01099999999951251,BACKFILL_AUTO
2026-04-15 13:07:34,1776258454,BOOM600,5912.95,-1,0.0030000000006111804,BACKFILL_AUTO
2026-04-15 13:07:35,1776258455,BOOM600,5912.936,-1,0.014000000000123691,BACKFILL_AUTO
2026-04-15 13:07:36,1776258456,BOOM600,5912.929,-1,0.006999999999607098,BACKFILL_AUTO
2026-04-15 13:07:37,1776258457,BOOM600,5912.912,-1,0.016999999999825377,BACKFILL_AUTO
2026-04-15 13:07:38,1776258458,BOOM600,5912.892,-1,0.020000000000436557,BACKFILL_AUTO
2026-04-15 13:07:39,1776258459,BOOM600,5912.89,-1,0.001999999999497959,BACKFILL_AUTO
2026-04-15 13:07:40,1776258460,BOOM600,5912.883,-1,0.007000000000516593,BACKFILL_AUTO
2026-04-15 13:07:41,1776258461,BOOM600,5912.878,-1,0.005000000000109139,BACKFILL_AUTO
2026-04-15 13:07:42,1776258462,BOOM600,5912.86,-1,0.018000000000029104,BACKFILL_AUTO
2026-04-15 13:07:43,1776258463,BOOM600,5912.851,-1,0.009000000000014552,BACKFILL_AUTO
2026-04-15 13:07:44,1776258464,BOOM600,5912.848,-1,0.0029999999997016857,BACKFILL_AUTO
2026-04-15 13:07:45,1776258465,BOOM600,5912.84,-1,0.007999999999810825,BACKFILL_AUTO
2026-04-15 13:07:46,1776258466,BOOM600,5912.831,-1,0.009000000000014552,BACKFILL_AUTO
2026-04-15 13:07:47,1776258467,BOOM600,5912.828,-1,0.0029999999997016857,BACKFILL_AUTO
2026-04-15 13:07:48,1776258468,BOOM600,5912.824,-1,0.004000000000814907,BACKFILL_AUTO
2026-04-15 13:07:49,1776258469,BOOM600,5912.809,-1,0.014999999999417923,BACKFILL_AUTO
2026-04-15 13:07:50,1776258470,BOOM600,5912.806,-1,0.0030000000006111804,BACKFILL_AUTO
2026-04-15 13:07:51,1776258471,BOOM600,5912.794,-1,0.011999999999716238,BACKFILL_AUTO
2026-04-15 13:07:52,1776258472,BOOM600,5912.793,-1,0.0010000000002037268,BACKFILL_AUTO
2026-04-15 13:07:53,1776258473,BOOM600,5912.789,-1,0.0039999999999054126,BACKFILL_AUTO
2026-04-15 13:07:54,1776258474,BOOM600,5912.778,-1,0.01099999999951251,BACKFILL_AUTO
2026-04-15 13:07:55,1776258475,BOOM600,5912.765,-1,0.012999999999919964,BACKFILL_AUTO
2026-04-15 13:07:56,1776258476,BOOM600,5912.765,0,0.0,BACKFILL_AUTO
2026-04-15 13:07:57,1776258477,BOOM600,5912.755,-1,0.010000000000218279,BACKFILL_AUTO
2026-04-15 13:07:58,1776258478,BOOM600,5912.744,-1,0.011000000000422006,BACKFILL_AUTO
2026-04-15 13:07:59,1776258479,BOOM600,5912.74,-1,0.0039999999999054126,BACKFILL_AUTO
2026-04-15 13:08:00,1776258480,BOOM600,5912.732,-1,0.007999999999810825,BACKFILL_AUTO
2026-04-15 13:08:01,1776258481,BOOM600,5912.714,-1,0.018000000000029104,BACKFILL_AUTO
2026-04-15 13:08:02,1776258482,BOOM600,5912.703,-1,0.01099999999951251,BACKFILL_AUTO
2026-04-15 13:08:03,1776258483,BOOM600,5912.69,-1,0.01300000000082946,BACKFILL_AUTO
2026-04-15 13:08:04,1776258484,BOOM600,5912.673,-1,0.016999999999825377,BACKFILL_AUTO
2026-04-15 13:08:05,1776258485,BOOM600,5912.663,-1,0.010000000000218279,BACKFILL_AUTO
2026-04-15 13:08:06,1776258486,BOOM600,5912.66,-1,0.0029999999997016857,BACKFILL_AUTO
2026-04-15 13:08:07,1776258487,BOOM600,5912.647,-1,0.012999999999919964,BACKFILL_AUTO
2026-04-15 13:08:08,1776258488,BOOM600,5912.642,-1,0.005000000000109139,BACKFILL_AUTO
2026-04-15 13:08:09,1776258489,BOOM600,5912.637,-1,0.005000000000109139,BACKFILL_AUTO
2026-04-15 13:08:10,1776258490,BOOM600,5912.63,-1,0.006999999999607098,BACKFILL_AUTO
2026-04-15 13:08:11,1776258491,BOOM600,5912.624,-1,0.006000000000312866,BACKFILL_AUTO
2026-04-15 13:08:12,1776258492,BOOM600,5912.613,-1,0.01099999999951251,BACKFILL_AUTO
2026-04-15 13:08:13,1776258493,BOOM600,5912.605,-1,0.00800000000072032,BACKFILL_AUTO
2026-04-15 13:08:14,1776258494,BOOM600,5912.596,-1,0.009000000000014552,BACKFILL_AUTO
2026-04-15 13:08:15,1776258495,BOOM600,5912.581,-1,0.014999999999417923,BACKFILL_AUTO
2026-04-15 13:08:16,1776258496,BOOM600,5912.577,-1,0.0039999999999054126,BACKFILL_AUTO
2026-04-15 13:08:17,1776258497,BOOM600,5912.574,-1,0.0030000000006111804,BACKFILL_AUTO
2026-04-15 13:08:18,1776258498,BOOM600,5912.569,-1,0.004999999999199645,BACKFILL_AUTO
2026-04-15 13:08:19,1776258499,BOOM600,5912.565,-1,0.004000000000814907,BACKFILL_AUTO
2026-04-15 13:08:20,1776258500,BOOM600,5912.562,-1,0.0029999999997016857,BACKFILL_AUTO
2026-04-15 13:08:21,1776258501,BOOM600,5912.557,-1,0.005000000000109139,BACKFILL_AUTO
2026-04-15 13:08:22,1776258502,BOOM600,5912.553,-1,0.0039999999999054126,BACKFILL_AUTO
2026-04-15 13:08:23,1776258503,BOOM600,5912.535,-1,0.018000000000029104,BACKFILL_AUTO
2026-04-15 13:08:24,1776258504,BOOM600,5912.527,-1,0.007999999999810825,BACKFILL_AUTO
2026-04-15 13:08:25,1776258505,BOOM600,5912.526,-1,0.0010000000002037268,BACKFILL_AUTO
2026-04-15 13:08:26,1776258506,BOOM600,5912.521,-1,0.005000000000109139,BACKFILL_AUTO
2026-04-15 13:08:27,1776258507,BOOM600,5912.506,-1,0.014999999999417923,BACKFILL_AUTO
2026-04-15 13:08:28,1776258508,BOOM600,5912.489,-1,0.01700000000073487,BACKFILL_AUTO
2026-04-15 13:08:29,1776258509,BOOM600,5912.486,-1,0.0029999999997016857,BACKFILL_AUTO
2026-04-15 13:08:30,1776258510,BOOM600,5912.473,-1,0.012999999999919964,BACKFILL_AUTO
2026-04-15 13:08:31,1776258511,BOOM600,5912.471,-1,0.0020000000004074536,BACKFILL_AUTO
2026-04-15 13:08:32,1776258512,BOOM600,5912.447,-1,0.023999999999432475,BACKFILL_AUTO
2026-04-15 13:08:33,1776258513,BOOM600,5912.439,-1,0.007999999999810825,BACKFILL_AUTO
2026-04-15 13:08:34,1776258514,BOOM600,5912.433,-1,0.006000000000312866,BACKFILL_AUTO
2026-04-15 13:08:35,1776258515,BOOM600,5912.416,-1,0.016999999999825377,BACKFILL_AUTO
2026-04-15 13:08:36,1776258516,BOOM600,5912.394,-1,0.021999999999934516,BACKFILL_AUTO
2026-04-15 13:08:37,1776258517,BOOM600,5912.389,-1,0.005000000000109139,BACKFILL_AUTO
2026-04-15 13:08:38,1776258518,BOOM600,5912.376,-1,0.012999999999919964,BACKFILL_AUTO
2026-04-15 13:08:39,1776258519,BOOM600,5912.372,-1,0.0039999999999054126,BACKFILL_AUTO
2026-04-15 13:08:40,1776258520,BOOM600,5912.358,-1,0.014000000000123691,BACKFILL_AUTO
2026-04-15 13:08:41,1776258521,BOOM600,5912.356,-1,0.0020000000004074536,BACKFILL_AUTO
2026-04-15 13:08:42,1776258522,BOOM600,5912.353,-1,0.0029999999997016857,BACKFILL_AUTO
2026-04-15 13:08:43,1776258523,BOOM600,5912.323,-1,0.02999999999974534,BACKFILL_AUTO
2026-04-15 13:08:44,1776258524,BOOM600,5912.304,-1,0.01900000000023283,BACKFILL_AUTO
2026-04-15 13:08:45,1776258525,BOOM600,5912.303,-1,0.0010000000002037268,BACKFILL_AUTO
2026-04-15 13:08:46,1776258526,BOOM600,5912.295,-1,0.007999999999810825,BACKFILL_AUTO
2026-04-15 13:08:47,1776258527,BOOM600,5912.295,0,0.0,BACKFILL_AUTO
2026-04-15 13:08:48,1776258528,BOOM600,5912.277,-1,0.018000000000029104,BACKFILL_AUTO
2026-04-15 13:08:49,1776258529,BOOM600,5912.266,-1,0.011000000000422006,BACKFILL_AUTO
2026-04-15 13:08:50,1776258530,BOOM600,5912.265,-1,0.0009999999992942321,BACKFILL_AUTO
2026-04-15 13:08:51,1776258531,BOOM600,5912.242,-1,0.023000000000138243,BACKFILL_AUTO
2026-04-15 13:08:52,1776258532,BOOM600,5912.227,-1,0.015000000000327418,BACKFILL_AUTO
2026-04-15 13:08:53,1776258533,BOOM600,5912.226,-1,0.0010000000002037268,BACKFILL_AUTO
2026-04-15 13:08:54,1776258534,BOOM600,5912.212,-1,0.013999999999214197,BACKFILL_AUTO
2026-04-15 13:08:55,1776258535,BOOM600,5912.206,-1,0.006000000000312866,BACKFILL_AUTO
2026-04-15 13:08:56,1776258536,BOOM600,5912.203,-1,0.0029999999997016857,BACKFILL_AUTO
2026-04-15 13:08:57,1776258537,BOOM600,5912.194,-1,0.009000000000014552,BACKFILL_AUTO
2026-04-15 13:08:58,1776258538,BOOM600,5912.174,-1,0.020000000000436557,BACKFILL_AUTO
2026-04-15 13:08:59,1776258539,BOOM600,5912.164,-1,0.010000000000218279,BACKFILL_AUTO
2026-04-15 13:09:00,1776258540,BOOM600,5912.163,-1,0.0010000000002037268,BACKFILL_AUTO
2026-04-15 13:09:01,1776258541,BOOM600,5912.153,-1,0.009999999999308784,BACKFILL_AUTO
2026-04-15 13:09:02,1776258542,BOOM600,5912.147,-1,0.006000000000312866,BACKFILL_AUTO
2026-04-15 13:09:03,1776258543,BOOM600,5912.122,-1,0.024999999999636202,BACKFILL_AUTO
2026-04-15 13:09:04,1776258544,BOOM600,5912.115,-1,0.007000000000516593,BACKFILL_AUTO
2026-04-15 13:09:05,1776258545,BOOM600,5912.108,-1,0.006999999999607098,BACKFILL_AUTO
2026-04-15 13:09:06,1776258546,BOOM600,5912.102,-1,0.006000000000312866,BACKFILL_AUTO
2026-04-15 13:09:07,1776258547,BOOM600,5912.1,-1,0.001999999999497959,BACKFILL_AUTO
2026-04-15 13:09:08,1776258548,BOOM600,5912.082,-1,0.018000000000029104,BACKFILL_AUTO
2026-04-15 13:09:09,1776258549,BOOM600,5912.069,-1,0.012999999999919964,BACKFILL_AUTO
2026-04-15 13:09:10,1776258550,BOOM600,5912.068,-1,0.0010000000002037268,BACKFILL_AUTO
2026-04-15 13:09:11,1776258551,BOOM600,5912.066,-1,0.0020000000004074536,BACKFILL_AUTO
2026-04-15 13:09:12,1776258552,BOOM600,5912.064,-1,0.001999999999497959,BACKFILL_AUTO
2026-04-15 13:09:13,1776258553,BOOM600,5912.062,-1,0.0020000000004074536,BACKFILL_AUTO
2026-04-15 13:09:14,1776258554,BOOM600,5912.055,-1,0.006999999999607098,BACKFILL_AUTO
2026-04-15 13:09:15,1776258555,BOOM600,5912.053,-1,0.0020000000004074536,BACKFILL_AUTO
2026-04-15 13:09:16,1776258556,BOOM600,5912.043,-1,0.010000000000218279,BACKFILL_AUTO
2026-04-15 13:09:17,1776258557,BOOM600,5912.035,-1,0.007999999999810825,BACKFILL_AUTO
2026-04-15 13:09:18,1776258558,BOOM600,5912.027,-1,0.007999999999810825,BACKFILL_AUTO
2026-04-15 13:09:19,1776258559,BOOM600,5912.021,-1,0.006000000000312866,BACKFILL_AUTO
2026-04-15 13:09:20,1776258560,BOOM600,5912.0,-1,0.02099999999973079,BACKFILL_AUTO
2026-04-15 13:09:21,1776258561,BOOM600,5911.984,-1,0.01599999999962165,BACKFILL_AUTO
2026-04-15 13:09:22,1776258562,BOOM600,5911.973,-1,0.011000000000422006,BACKFILL_AUTO
2026-04-15 13:09:23,1776258563,BOOM600,5911.961,-1,0.011999999999716238,BACKFILL_AUTO
2026-04-15 13:09:24,1776258564,BOOM600,5911.957,-1,0.0039999999999054126,BACKFILL_AUTO
2026-04-15 13:09:25,1776258565,BOOM600,5911.944,-1,0.012999999999919964,BACKFILL_AUTO
2026-04-15 13:09:26,1776258566,BOOM600,5911.929,-1,0.015000000000327418,BACKFILL_AUTO
2026-04-15 13:09:27,1776258567,BOOM600,5911.917,-1,0.011999999999716238,BACKFILL_AUTO
2026-04-15 13:09:28,1776258568,BOOM600,5911.911,-1,0.006000000000312866,BACKFILL_AUTO
2026-04-15 13:09:29,1776258569,BOOM600,5911.91,-1,0.0010000000002037268,BACKFILL_AUTO
2026-04-15 13:09:30,1776258570,BOOM600,5911.886,-1,0.023999999999432475,BACKFILL_AUTO
2026-04-15 13:09:31,1776258571,BOOM600,5911.871,-1,0.015000000000327418,BACKFILL_AUTO
2026-04-15 13:09:32,1776258572,BOOM600,5911.862,-1,0.009000000000014552,BACKFILL_AUTO
2026-04-15 13:09:33,1776258573,BOOM600,5911.847,-1,0.015000000000327418,BACKFILL_AUTO
2026-04-15 13:09:34,1776258574,BOOM600,5911.827,-1,0.019999999999527063,BACKFILL_AUTO
2026-04-15 13:09:35,1776258575,BOOM600,5911.819,-1,0.007999999999810825,BACKFILL_AUTO
2026-04-15 13:09:36,1776258576,BOOM600,5911.815,-1,0.004000000000814907,BACKFILL_AUTO
2026-04-15 13:09:37,1776258577,BOOM600,5911.811,-1,0.0039999999999054126,BACKFILL_AUTO
2026-04-15 13:09:38,1776258578,BOOM600,5911.802,-1,0.009000000000014552,BACKFILL_AUTO
2026-04-15 13:09:39,1776258579,BOOM600,5911.791,-1,0.01099999999951251,BACKFILL_AUTO
2026-04-15 13:09:40,1776258580,BOOM600,5911.781,-1,0.010000000000218279,BACKFILL_AUTO
2026-04-15 13:09:41,1776258581,BOOM600,5911.758,-1,0.023000000000138243,BACKFILL_AUTO
2026-04-15 13:09:42,1776258582,BOOM600,5911.746,-1,0.011999999999716238,BACKFILL_AUTO
2026-04-15 13:09:43,1776258583,BOOM600,5911.74,-1,0.006000000000312866,BACKFILL_AUTO
2026-04-15 13:09:44,1776258584,BOOM600,5911.725,-1,0.014999999999417923,BACKFILL_AUTO
2026-04-15 13:09:45,1776258585,BOOM600,5911.704,-1,0.021000000000640284,BACKFILL_AUTO
2026-04-15 13:09:46,1776258586,BOOM600,5911.694,-1,0.009999999999308784,BACKFILL_AUTO
2026-04-15 13:09:47,1776258587,BOOM600,5911.692,-1,0.0020000000004074536,BACKFILL_AUTO
2026-04-15 13:09:48,1776258588,BOOM600,5911.681,-1,0.011000000000422006,BACKFILL_AUTO
2026-04-15 13:09:49,1776258589,BOOM600,5911.669,-1,0.011999999999716238,BACKFILL_AUTO
2026-04-15 13:09:50,1776258590,BOOM600,5911.666,-1,0.0029999999997016857,BACKFILL_AUTO
2026-04-15 13:09:51,1776258591,BOOM600,5911.658,-1,0.007999999999810825,BACKFILL_AUTO
2026-04-15 13:09:52,1776258592,BOOM600,5911.648,-1,0.010000000000218279,BACKFILL_AUTO
2026-04-15 13:09:53,1776258593,BOOM600,5911.635,-1,0.012999999999919964,BACKFILL_AUTO
2026-04-15 13:09:54,1776258594,BOOM600,5911.618,-1,0.016999999999825377,BACKFILL_AUTO
2026-04-15 13:09:55,1776258595,BOOM600,5911.617,-1,0.0010000000002037268,BACKFILL_AUTO
2026-04-15 13:09:56,1776258596,BOOM600,5911.6,-1,0.016999999999825377,BACKFILL_AUTO
2026-04-15 13:09:57,1776258597,BOOM600,5911.593,-1,0.007000000000516593,BACKFILL_AUTO
2026-04-15 13:09:58,1776258598,BOOM600,5911.584,-1,0.009000000000014552,BACKFILL_AUTO
2026-04-15 13:09:59,1776258599,BOOM600,5911.57,-1,0.014000000000123691,BACKFILL_AUTO
2026-04-15 13:10:00,1776258600,BOOM600,5911.558,-1,0.011999999999716238,BACKFILL_AUTO
2026-04-15 13:10:01,1776258601,BOOM600,5911.55,-1,0.007999999999810825,BACKFILL_AUTO
2026-04-15 13:10:02,1776258602,BOOM600,5911.549,-1,0.0010000000002037268,BACKFILL_AUTO
2026-04-15 13:10:03,1776258603,BOOM600,5911.542,-1,0.006999999999607098,BACKFILL_AUTO
2026-04-15 13:10:04,1776258604,BOOM600,5911.541,-1,0.0010000000002037268,BACKFILL_AUTO
2026-04-15 13:10:05,1776258605,BOOM600,5911.525,-1,0.016000000000531145,BACKFILL_AUTO
2026-04-15 13:10:06,1776258606,BOOM600,5911.519,-1,0.0059999999994033715,BACKFILL_AUTO
2026-04-15 13:10:07,1776258607,BOOM600,5911.501,-1,0.018000000000029104,BACKFILL_AUTO
2026-04-15 13:10:08,1776258608,BOOM600,5911.497,-1,0.0039999999999054126,BACKFILL_AUTO
2026-04-15 13:10:09,1776258609,BOOM600,5911.479,-1,0.018000000000029104,BACKFILL_AUTO
2026-04-15 13:10:10,1776258610,BOOM600,5911.451,-1,0.028000000000247383,BACKFILL_AUTO
2026-04-15 13:10:11,1776258611,BOOM600,5911.447,-1,0.0039999999999054126,BACKFILL_AUTO
2026-04-15 13:10:12,1776258612,BOOM600,5911.431,-1,0.016000000000531145,BACKFILL_AUTO
2026-04-15 13:10:13,1776258613,BOOM600,5911.427,-1,0.0039999999999054126,BACKFILL_AUTO
2026-04-15 13:10:14,1776258614,BOOM600,5911.408,-1,0.018999999999323336,BACKFILL_AUTO
2026-04-15 13:10:15,1776258615,BOOM600,5911.405,-1,0.0030000000006111804,BACKFILL_AUTO
2026-04-15 13:10:16,1776258616,BOOM600,5911.385,-1,0.019999999999527063,BACKFILL_AUTO
2026-04-15 13:10:17,1776258617,BOOM600,5911.38,-1,0.005000000000109139,BACKFILL_AUTO
2026-04-15 13:10:18,1776258618,BOOM600,5911.36,-1,0.020000000000436557,BACKFILL_AUTO
2026-04-15 13:10:19,1776258619,BOOM600,5911.351,-1,0.009000000000014552,BACKFILL_AUTO
2026-04-15 13:10:20,1776258620,BOOM600,5911.341,-1,0.009999999999308784,BACKFILL_AUTO
2026-04-15 13:10:21,1776258621,BOOM600,5911.334,-1,0.007000000000516593,BACKFILL_AUTO
2026-04-15 13:10:22,1776258622,BOOM600,5911.332,-1,0.001999999999497959,BACKFILL_AUTO
2026-04-15 13:10:23,1776258623,BOOM600,5911.321,-1,0.011000000000422006,BACKFILL_AUTO
2026-04-15 13:10:24,1776258624,BOOM600,5911.308,-1,0.012999999999919964,BACKFILL_AUTO
2026-04-15 13:10:25,1776258625,BOOM600,5911.308,0,0.0,BACKFILL_AUTO
2026-04-15 13:10:26,1776258626,BOOM600,5911.301,-1,0.006999999999607098,BACKFILL_AUTO
2026-04-15 13:10:27,1776258627,BOOM600,5911.29,-1,0.011000000000422006,BACKFILL_AUTO
2026-04-15 13:10:28,1776258628,BOOM600,5911.29,0,0.0,BACKFILL_AUTO
2026-04-15 13:10:29,1776258629,BOOM600,5911.282,-1,0.007999999999810825,BACKFILL_AUTO
2026-04-15 13:10:30,1776258630,BOOM600,5911.257,-1,0.025000000000545697,BACKFILL_AUTO
2026-04-15 13:10:31,1776258631,BOOM600,5911.234,-1,0.02299999999922875,BACKFILL_AUTO
2026-04-15 13:10:32,1776258632,BOOM600,5911.23,-1,0.004000000000814907,BACKFILL_AUTO
2026-04-15 13:10:33,1776258633,BOOM600,5911.226,-1,0.0039999999999054126,BACKFILL_AUTO
2026-04-15 13:10:34,1776258634,BOOM600,5911.222,-1,0.0039999999999054126,BACKFILL_AUTO
2026-04-15 13:10:35,1776258635,BOOM600,5911.197,-1,0.024999999999636202,BACKFILL_AUTO
2026-04-15 13:10:36,1776258636,BOOM600,5911.174,-1,0.023000000000138243,BACKFILL_AUTO
2026-04-15 13:10:37,1776258637,BOOM600,5911.154,-1,0.019999999999527063,BACKFILL_AUTO
2026-04-15 13:10:38,1776258638,BOOM600,5911.151,-1,0.0030000000006111804,BACKFILL_AUTO
2026-04-15 13:10:39,1776258639,BOOM600,5911.133,-1,0.018000000000029104,BACKFILL_AUTO
2026-04-15 13:10:40,1776258640,BOOM600,5911.13,-1,0.0029999999997016857,BACKFILL_AUTO
2026-04-15 13:10:41,1776258641,BOOM600,5911.117,-1,0.012999999999919964,BACKFILL_AUTO
2026-04-15 13:10:42,1776258642,BOOM600,5911.097,-1,0.020000000000436557,BACKFILL_AUTO
2026-04-15 13:10:43,1776258643,BOOM600,5911.096,-1,0.0010000000002037268,BACKFILL_AUTO
2026-04-15 13:10:44,1776258644,BOOM600,5911.09,-1,0.0059999999994033715,BACKFILL_AUTO
2026-04-15 13:10:45,1776258645,BOOM600,5911.08,-1,0.010000000000218279,BACKFILL_AUTO
2026-04-15 13:10:46,1776258646,BOOM600,5911.063,-1,0.016999999999825377,BACKFILL_AUTO
2026-04-15 13:10:47,1776258647,BOOM600,5911.045,-1,0.018000000000029104,BACKFILL_AUTO
2026-04-15 13:10:48,1776258648,BOOM600,5911.031,-1,0.014000000000123691,BACKFILL_AUTO
2026-04-15 13:10:49,1776258649,BOOM600,5911.025,-1,0.006000000000312866,BACKFILL_AUTO
2026-04-15 13:10:50,1776258650,BOOM600,5911.018,-1,0.006999999999607098,BACKFILL_AUTO
2026-04-15 13:10:51,1776258651,BOOM600,5911.003,-1,0.015000000000327418,BACKFILL_AUTO
2026-04-15 13:10:52,1776258652,BOOM600,5910.994,-1,0.009000000000014552,BACKFILL_AUTO
2026-04-15 13:10:53,1776258653,BOOM600,5910.978,-1,0.01599999999962165,BACKFILL_AUTO
2026-04-15 13:10:54,1776258654,BOOM600,5910.973,-1,0.005000000000109139,BACKFILL_AUTO
2026-04-15 13:10:55,1776258655,BOOM600,5910.958,-1,0.015000000000327418,BACKFILL_AUTO
2026-04-15 13:10:56,1776258656,BOOM600,5910.945,-1,0.012999999999919964,BACKFILL_AUTO
2026-04-15 13:10:57,1776258657,BOOM600,5910.926,-1,0.018999999999323336,BACKFILL_AUTO
2026-04-15 13:10:58,1776258658,BOOM600,5910.915,-1,0.011000000000422006,BACKFILL_AUTO
2026-04-15 13:10:59,1776258659,BOOM600,5910.905,-1,0.010000000000218279,BACKFILL_AUTO
2026-04-15 13:11:00,1776258660,BOOM600,5910.88,-1,0.024999999999636202,BACKFILL_AUTO
2026-04-15 13:11:01,1776258661,BOOM600,5910.877,-1,0.0029999999997016857,BACKFILL_AUTO
2026-04-15 13:11:02,1776258662,BOOM600,5910.875,-1,0.0020000000004074536,BACKFILL_AUTO
2026-04-15 13:11:03,1776258663,BOOM600,5910.866,-1,0.009000000000014552,BACKFILL_AUTO
2026-04-15 13:11:04,1776258664,BOOM600,5910.846,-1,0.020000000000436557,BACKFILL_AUTO
2026-04-15 13:11:05,1776258665,BOOM600,5910.826,-1,0.019999999999527063,BACKFILL_AUTO
2026-04-15 13:11:06,1776258666,BOOM600,5910.825,-1,0.0010000000002037268,BACKFILL_AUTO
2026-04-15 13:11:07,1776258667,BOOM600,5910.807,-1,0.018000000000029104,BACKFILL_AUTO
2026-04-15 13:11:08,1776258668,BOOM600,5910.788,-1,0.01900000000023283,BACKFILL_AUTO
2026-04-15 13:11:09,1776258669,BOOM600,5910.783,-1,0.004999999999199645,BACKFILL_AUTO
2026-04-15 13:11:10,1776258670,BOOM600,5910.781,-1,0.0020000000004074536,BACKFILL_AUTO
2026-04-15 13:11:11,1776258671,BOOM600,5910.766,-1,0.015000000000327418,BACKFILL_AUTO
2026-04-15 13:11:12,1776258672,BOOM600,5910.766,0,0.0,BACKFILL_AUTO
2026-04-15 13:11:13,1776258673,BOOM600,5910.76,-1,0.0059999999994033715,BACKFILL_AUTO
2026-04-15 13:11:14,1776258674,BOOM600,5910.752,-1,0.007999999999810825,BACKFILL_AUTO
2026-04-15 13:11:15,1776258675,BOOM600,5910.737,-1,0.015000000000327418,BACKFILL_AUTO
2026-04-15 13:11:16,1776258676,BOOM600,5910.729,-1,0.007999999999810825,BACKFILL_AUTO
2026-04-15 13:11:17,1776258677,BOOM600,5910.727,-1,0.0020000000004074536,BACKFILL_AUTO
2026-04-15 13:11:18,1776258678,BOOM600,5910.71,-1,0.016999999999825377,BACKFILL_AUTO
2026-04-15 13:11:19,1776258679,BOOM600,5910.71,0,0.0,BACKFILL_AUTO
2026-04-15 13:11:20,1776258680,BOOM600,5910.704,-1,0.006000000000312866,BACKFILL_AUTO
2026-04-15 13:11:21,1776258681,BOOM600,5910.702,-1,0.001999999999497959,BACKFILL_AUTO
2026-04-15 13:11:22,1776258682,BOOM600,5910.685,-1,0.016999999999825377,BACKFILL_AUTO
2026-04-15 13:11:23,1776258683,BOOM600,5910.675,-1,0.010000000000218279,BACKFILL_AUTO
2026-04-15 13:11:24,1776258684,BOOM600,5910.657,-1,0.018000000000029104,BACKFILL_AUTO
2026-04-15 13:11:25,1776258685,BOOM600,5910.648,-1,0.009000000000014552,BACKFILL_AUTO
2026-04-15 13:11:26,1776258686,BOOM600,5910.642,-1,0.006000000000312866,BACKFILL_AUTO
2026-04-15 13:11:27,1776258687,BOOM600,5910.637,-1,0.005000000000109139,BACKFILL_AUTO
2026-04-15 13:11:28,1776258688,BOOM600,5910.633,-1,0.0039999999999054126,BACKFILL_AUTO
2026-04-15 13:11:29,1776258689,BOOM600,5910.621,-1,0.011999999999716238,BACKFILL_AUTO
2026-04-15 13:11:30,1776258690,BOOM600,5910.611,-1,0.010000000000218279,BACKFILL_AUTO
2026-04-15 13:11:31,1776258691,BOOM600,5910.606,-1,0.005000000000109139,BACKFILL_AUTO
2026-04-15 13:11:32,1776258692,BOOM600,5910.596,-1,0.010000000000218279,BACKFILL_AUTO
2026-04-15 13:11:33,1776258693,BOOM600,5910.579,-1,0.016999999999825377,BACKFILL_AUTO
2026-04-15 13:11:34,1776258694,BOOM600,5910.553,-1,0.02599999999983993,BACKFILL_AUTO
2026-04-15 13:11:35,1776258695,BOOM600,5910.53,-1,0.023000000000138243,BACKFILL_AUTO
2026-04-15 13:11:36,1776258696,BOOM600,5910.516,-1,0.014000000000123691,BACKFILL_AUTO
2026-04-15 13:11:37,1776258697,BOOM600,5910.507,-1,0.009000000000014552,BACKFILL_AUTO
2026-04-15 13:11:38,1776258698,BOOM600,5910.49,-1,0.016999999999825377,BACKFILL_AUTO
2026-04-15 13:11:39,1776258699,BOOM600,5910.48,-1,0.010000000000218279,BACKFILL_AUTO
2026-04-15 13:11:40,1776258700,BOOM600,5910.48,0,0.0,BACKFILL_AUTO
2026-04-15 13:11:41,1776258701,BOOM600,5910.473,-1,0.006999999999607098,BACKFILL_AUTO
2026-04-15 13:11:42,1776258702,BOOM600,5910.461,-1,0.011999999999716238,BACKFILL_AUTO
2026-04-15 13:11:43,1776258703,BOOM600,5910.453,-1,0.007999999999810825,BACKFILL_AUTO
2026-04-15 13:11:44,1776258704,BOOM600,5910.44,-1,0.01300000000082946,BACKFILL_AUTO
2026-04-15 13:11:45,1776258705,BOOM600,5910.426,-1,0.013999999999214197,BACKFILL_AUTO
2026-04-15 13:11:46,1776258706,BOOM600,5910.425,-1,0.0010000000002037268,BACKFILL_AUTO
2026-04-15 13:11:47,1776258707,BOOM600,5910.419,-1,0.006000000000312866,BACKFILL_AUTO
2026-04-15 13:11:48,1776258708,BOOM600,5910.408,-1,0.01099999999951251,BACKFILL_AUTO
2026-04-15 13:11:49,1776258709,BOOM600,5910.399,-1,0.009000000000014552,BACKFILL_AUTO
2026-04-15 13:11:50,1776258710,BOOM600,5910.391,-1,0.00800000000072032,BACKFILL_AUTO
2026-04-15 13:11:51,1776258711,BOOM600,5910.378,-1,0.012999999999919964,BACKFILL_AUTO
2026-04-15 13:11:52,1776258712,BOOM600,5910.366,-1,0.011999999999716238,BACKFILL_AUTO
2026-04-15 13:11:53,1776258713,BOOM600,5910.364,-1,0.0020000000004074536,BACKFILL_AUTO
2026-04-15 13:11:54,1776258714,BOOM600,5910.361,-1,0.0029999999997016857,BACKFILL_AUTO
2026-04-15 13:11:55,1776258715,BOOM600,5910.348,-1,0.012999999999919964,BACKFILL_AUTO
2026-04-15 13:11:56,1776258716,BOOM600,5910.345,-1,0.0029999999997016857,BACKFILL_AUTO
2026-04-15 13:11:57,1776258717,BOOM600,5910.331,-1,0.014000000000123691,BACKFILL_AUTO
2026-04-15 13:11:58,1776258718,BOOM600,5910.325,-1,0.006000000000312866,BACKFILL_AUTO
2026-04-15 13:11:59,1776258719,BOOM600,5910.312,-1,0.012999999999919964,BACKFILL_AUTO
2026-04-15 13:12:00,1776258720,BOOM600,5910.301,-1,0.01099999999951251,BACKFILL_AUTO
2026-04-15 13:12:01,1776258721,BOOM600,5910.283,-1,0.018000000000029104,BACKFILL_AUTO
2026-04-15 13:12:02,1776258722,BOOM600,5910.266,-1,0.01700000000073487,BACKFILL_AUTO
2026-04-15 13:12:03,1776258723,BOOM600,5910.259,-1,0.006999999999607098,BACKFILL_AUTO
2026-04-15 13:12:04,1776258724,BOOM600,5910.252,-1,0.006999999999607098,BACKFILL_AUTO
2026-04-15 13:12:05,1776258725,BOOM600,5910.242,-1,0.010000000000218279,BACKFILL_AUTO
2026-04-15 13:12:06,1776258726,BOOM600,5910.225,-1,0.016999999999825377,BACKFILL_AUTO
2026-04-15 13:12:07,1776258727,BOOM600,5910.207,-1,0.018000000000029104,BACKFILL_AUTO
2026-04-15 13:12:08,1776258728,BOOM600,5910.207,0,0.0,BACKFILL_AUTO
2026-04-15 13:12:09,1776258729,BOOM600,5910.194,-1,0.012999999999919964,BACKFILL_AUTO
2026-04-15 13:12:10,1776258730,BOOM600,5910.185,-1,0.009000000000014552,BACKFILL_AUTO
2026-04-15 13:12:11,1776258731,BOOM600,5910.182,-1,0.0030000000006111804,BACKFILL_AUTO
2026-04-15 13:12:12,1776258732,BOOM600,5910.168,-1,0.014000000000123691,BACKFILL_AUTO
2026-04-15 13:12:13,1776258733,BOOM600,5910.155,-1,0.012999999999919964,BACKFILL_AUTO
2026-04-15 13:12:14,1776258734,BOOM600,5910.149,-1,0.0059999999994033715,BACKFILL_AUTO
2026-04-15 13:12:15,1776258735,BOOM600,5910.144,-1,0.005000000000109139,BACKFILL_AUTO
2026-04-15 13:12:16,1776258736,BOOM600,5910.144,0,0.0,BACKFILL_AUTO
2026-04-15 13:12:17,1776258737,BOOM600,5910.132,-1,0.012000000000625732,BACKFILL_AUTO
2026-04-15 13:12:18,1776258738,BOOM600,5910.129,-1,0.0029999999997016857,BACKFILL_AUTO
2026-04-15 13:12:19,1776258739,BOOM600,5910.125,-1,0.0039999999999054126,BACKFILL_AUTO
2026-04-15 13:12:20,1776258740,BOOM600,5910.109,-1,0.01599999999962165,BACKFILL_AUTO
2026-04-15 13:12:21,1776258741,BOOM600,5910.097,-1,0.012000000000625732,BACKFILL_AUTO
2026-04-15 13:12:22,1776258742,BOOM600,5910.09,-1,0.006999999999607098,BACKFILL_AUTO
2026-04-15 13:12:23,1776258743,BOOM600,5910.081,-1,0.009000000000014552,BACKFILL_AUTO
2026-04-15 13:12:24,1776258744,BOOM600,5910.066,-1,0.015000000000327418,BACKFILL_AUTO
2026-04-15 13:12:25,1776258745,BOOM600,5910.051,-1,0.014999999999417923,BACKFILL_AUTO
2026-04-15 13:12:26,1776258746,BOOM600,5910.042,-1,0.009000000000014552,BACKFILL_AUTO
2026-04-15 13:12:27,1776258747,BOOM600,5910.026,-1,0.016000000000531145,BACKFILL_AUTO
2026-04-15 13:12:28,1776258748,BOOM600,5910.025,-1,0.0010000000002037268,BACKFILL_AUTO
2026-04-15 13:12:29,1776258749,BOOM600,5910.018,-1,0.006999999999607098,BACKFILL_AUTO
2026-04-15 13:12:30,1776258750,BOOM600,5909.986,-1,0.032000000000152795,BACKFILL_AUTO
2026-04-15 13:12:31,1776258751,BOOM600,5909.976,-1,0.010000000000218279,BACKFILL_AUTO
2026-04-15 13:12:32,1776258752,BOOM600,5909.954,-1,0.021999999999934516,BACKFILL_AUTO
2026-04-15 13:12:33,1776258753,BOOM600,5909.952,-1,0.001999999999497959,BACKFILL_AUTO
2026-04-15 13:12:34,1776258754,BOOM600,5909.948,-1,0.0039999999999054126,BACKFILL_AUTO
2026-04-15 13:12:35,1776258755,BOOM600,5909.941,-1,0.007000000000516593,BACKFILL_AUTO
2026-04-15 13:12:36,1776258756,BOOM600,5909.937,-1,0.0039999999999054126,BACKFILL_AUTO
2026-04-15 13:12:37,1776258757,BOOM600,5909.926,-1,0.01099999999951251,BACKFILL_AUTO
2026-04-15 13:12:38,1776258758,BOOM600,5909.908,-1,0.018000000000029104,BACKFILL_AUTO
2026-04-15 13:12:39,1776258759,BOOM600,5909.899,-1,0.009000000000014552,BACKFILL_AUTO
2026-04-15 13:12:40,1776258760,BOOM600,5909.895,-1,0.0039999999999054126,BACKFILL_AUTO
2026-04-15 13:12:41,1776258761,BOOM600,5909.885,-1,0.010000000000218279,BACKFILL_AUTO
2026-04-15 13:12:42,1776258762,BOOM600,5909.868,-1,0.016999999999825377,BACKFILL_AUTO
2026-04-15 13:12:43,1776258763,BOOM600,5909.864,-1,0.004000000000814907,BACKFILL_AUTO
2026-04-15 13:12:44,1776258764,BOOM600,5909.859,-1,0.004999999999199645,BACKFILL_AUTO
2026-04-15 13:12:45,1776258765,BOOM600,5909.852,-1,0.007000000000516593,BACKFILL_AUTO
2026-04-15 13:12:46,1776258766,BOOM600,5909.845,-1,0.006999999999607098,BACKFILL_AUTO
2026-04-15 13:12:47,1776258767,BOOM600,5909.841,-1,0.0039999999999054126,BACKFILL_AUTO
2026-04-15 13:12:48,1776258768,BOOM600,5909.836,-1,0.005000000000109139,BACKFILL_AUTO
2026-04-15 13:12:49,1776258769,BOOM600,5909.829,-1,0.007000000000516593,BACKFILL_AUTO
2026-04-15 13:12:50,1776258770,BOOM600,5909.826,-1,0.0029999999997016857,BACKFILL_AUTO
2026-04-15 13:12:51,1776258771,BOOM600,5909.812,-1,0.014000000000123691,BACKFILL_AUTO
2026-04-15 13:12:52,1776258772,BOOM600,5909.805,-1,0.006999999999607098,BACKFILL_AUTO
2026-04-15 13:12:53,1776258773,BOOM600,5909.8,-1,0.005000000000109139,BACKFILL_AUTO
2026-04-15 13:12:54,1776258774,BOOM600,5909.788,-1,0.012000000000625732,BACKFILL_AUTO
2026-04-15 13:12:55,1776258775,BOOM600,5909.786,-1,0.001999999999497959,BACKFILL_AUTO
2026-04-15 13:12:56,1776258776,BOOM600,5909.776,-1,0.010000000000218279,BACKFILL_AUTO
2026-04-15 13:12:57,1776258777,BOOM600,5909.767,-1,0.009000000000014552,BACKFILL_AUTO
2026-04-15 13:12:58,1776258778,BOOM600,5909.75,-1,0.016999999999825377,BACKFILL_AUTO
2026-04-15 13:12:59,1776258779,BOOM600,5909.746,-1,0.0039999999999054126,BACKFILL_AUTO
2026-04-15 13:13:00,1776258780,BOOM600,5909.721,-1,0.025000000000545697,BACKFILL_AUTO
2026-04-15 13:13:01,1776258781,BOOM600,5909.713,-1,0.007999999999810825,BACKFILL_AUTO
2026-04-15 13:13:02,1776258782,BOOM600,5909.703,-1,0.009999999999308784,BACKFILL_AUTO
2026-04-15 13:13:03,1776258783,BOOM600,5909.7,-1,0.0030000000006111804,BACKFILL_AUTO
2026-04-15 13:13:04,1776258784,BOOM600,5909.688,-1,0.011999999999716238,BACKFILL_AUTO
2026-04-15 13:13:05,1776258785,BOOM600,5909.682,-1,0.006000000000312866,BACKFILL_AUTO
2026-04-15 13:13:06,1776258786,BOOM600,5909.668,-1,0.014000000000123691,BACKFILL_AUTO
2026-04-15 13:13:07,1776258787,BOOM600,5909.657,-1,0.01099999999951251,BACKFILL_AUTO
2026-04-15 13:13:08,1776258788,BOOM600,5909.627,-1,0.02999999999974534,BACKFILL_AUTO
2026-04-15 13:13:09,1776258789,BOOM600,5909.617,-1,0.010000000000218279,BACKFILL_AUTO
2026-04-15 13:13:10,1776258790,BOOM600,5909.61,-1,0.007000000000516593,BACKFILL_AUTO
2026-04-15 13:13:11,1776258791,BOOM600,5909.607,-1,0.0029999999997016857,BACKFILL_AUTO
2026-04-15 13:13:12,1776258792,BOOM600,5909.602,-1,0.005000000000109139,BACKFILL_AUTO
2026-04-15 13:13:13,1776258793,BOOM600,5909.59,-1,0.011999999999716238,BACKFILL_AUTO
2026-04-15 13:13:14,1776258794,BOOM600,5909.568,-1,0.021999999999934516,BACKFILL_AUTO
2026-04-15 13:13:15,1776258795,BOOM600,5909.548,-1,0.020000000000436557,BACKFILL_AUTO
2026-04-15 13:13:16,1776258796,BOOM600,5909.541,-1,0.006999999999607098,BACKFILL_AUTO
2026-04-15 13:13:17,1776258797,BOOM600,5909.536,-1,0.005000000000109139,BACKFILL_AUTO
2026-04-15 13:13:18,1776258798,BOOM600,5909.518,-1,0.018000000000029104,BACKFILL_AUTO
2026-04-15 13:13:19,1776258799,BOOM600,5909.503,-1,0.015000000000327418,BACKFILL_AUTO
2026-04-15 13:13:20,1776258800,BOOM600,5909.491,-1,0.011999999999716238,BACKFILL_AUTO
2026-04-15 13:13:21,1776258801,BOOM600,5909.484,-1,0.006999999999607098,BACKFILL_AUTO
2026-04-15 13:13:22,1776258802,BOOM600,5909.478,-1,0.006000000000312866,BACKFILL_AUTO
2026-04-15 13:13:23,1776258803,BOOM600,5909.465,-1,0.012999999999919964,BACKFILL_AUTO
2026-04-15 13:13:24,1776258804,BOOM600,5909.463,-1,0.0020000000004074536,BACKFILL_AUTO
2026-04-15 13:13:25,1776258805,BOOM600,5909.448,-1,0.014999999999417923,BACKFILL_AUTO
2026-04-15 13:13:26,1776258806,BOOM600,5909.447,-1,0.0010000000002037268,BACKFILL_AUTO
2026-04-15 13:13:27,1776258807,BOOM600,5909.447,0,0.0,BACKFILL_AUTO
2026-04-15 13:13:28,1776258808,BOOM600,5909.436,-1,0.011000000000422006,BACKFILL_AUTO
2026-04-15 13:13:29,1776258809,BOOM600,5909.427,-1,0.009000000000014552,BACKFILL_AUTO
2026-04-15 13:13:30,1776258810,BOOM600,5909.419,-1,0.007999999999810825,BACKFILL_AUTO
2026-04-15 13:13:31,1776258811,BOOM600,5909.413,-1,0.006000000000312866,BACKFILL_AUTO
2026-04-15 13:13:32,1776258812,BOOM600,5909.402,-1,0.01099999999951251,BACKFILL_AUTO
2026-04-15 13:13:33,1776258813,BOOM600,5909.4,-1,0.0020000000004074536,BACKFILL_AUTO
2026-04-15 13:13:34,1776258814,BOOM600,5909.395,-1,0.004999999999199645,BACKFILL_AUTO
2026-04-15 13:13:35,1776258815,BOOM600,5909.388,-1,0.007000000000516593,BACKFILL_AUTO
2026-04-15 13:13:36,1776258816,BOOM600,5909.387,-1,0.0010000000002037268,BACKFILL_AUTO
2026-04-15 13:13:37,1776258817,BOOM600,5909.364,-1,0.023000000000138243,BACKFILL_AUTO
2026-04-15 13:13:38,1776258818,BOOM600,5909.35,-1,0.013999999999214197,BACKFILL_AUTO
2026-04-15 13:13:39,1776258819,BOOM600,5909.328,-1,0.021999999999934516,BACKFILL_AUTO
2026-04-15 13:13:40,1776258820,BOOM600,5909.326,-1,0.0020000000004074536,BACKFILL_AUTO
2026-04-15 13:13:41,1776258821,BOOM600,5909.312,-1,0.014000000000123691,BACKFILL_AUTO
2026-04-15 13:13:42,1776258822,BOOM600,5909.309,-1,0.0029999999997016857,BACKFILL_AUTO
2026-04-15 13:13:43,1776258823,BOOM600,5909.293,-1,0.016000000000531145,BACKFILL_AUTO
2026-04-15 13:13:44,1776258824,BOOM600,5909.286,-1,0.006999999999607098,BACKFILL_AUTO
2026-04-15 13:13:45,1776258825,BOOM600,5909.274,-1,0.011999999999716238,BACKFILL_AUTO
2026-04-15 13:13:46,1776258826,BOOM600,5909.272,-1,0.0020000000004074536,BACKFILL_AUTO
2026-04-15 13:13:47,1776258827,BOOM600,5909.269,-1,0.0029999999997016857,BACKFILL_AUTO
2026-04-15 13:13:48,1776258828,BOOM600,5909.258,-1,0.011000000000422006,BACKFILL_AUTO
2026-04-15 13:13:49,1776258829,BOOM600,5909.249,-1,0.009000000000014552,BACKFILL_AUTO
2026-04-15 13:13:50,1776258830,BOOM600,5909.234,-1,0.014999999999417923,BACKFILL_AUTO
2026-04-15 13:13:51,1776258831,BOOM600,5909.225,-1,0.009000000000014552,BACKFILL_AUTO
2026-04-15 13:13:52,1776258832,BOOM600,5909.219,-1,0.006000000000312866,BACKFILL_AUTO
2026-04-15 13:13:53,1776258833,BOOM600,5909.212,-1,0.006999999999607098,BACKFILL_AUTO
2026-04-15 13:13:54,1776258834,BOOM600,5909.205,-1,0.007000000000516593,BACKFILL_AUTO
2026-04-15 13:13:55,1776258835,BOOM600,5909.196,-1,0.009000000000014552,BACKFILL_AUTO
2026-04-15 13:13:56,1776258836,BOOM600,5909.19,-1,0.006000000000312866,BACKFILL_AUTO
2026-04-15 13:13:57,1776258837,BOOM600,5909.176,-1,0.013999999999214197,BACKFILL_AUTO
2026-04-15 13:13:58,1776258838,BOOM600,5909.171,-1,0.005000000000109139,BACKFILL_AUTO
2026-04-15 13:13:59,1776258839,BOOM600,5909.166,-1,0.005000000000109139,BACKFILL_AUTO
2026-04-15 13:14:00,1776258840,BOOM600,5909.164,-1,0.0020000000004074536,BACKFILL_AUTO
2026-04-15 13:14:01,1776258841,BOOM600,5909.156,-1,0.007999999999810825,BACKFILL_AUTO
2026-04-15 13:14:02,1776258842,BOOM600,5909.152,-1,0.0039999999999054126,BACKFILL_AUTO
2026-04-15 13:14:03,1776258843,BOOM600,5909.148,-1,0.0039999999999054126,BACKFILL_AUTO
2026-04-15 13:14:04,1776258844,BOOM600,5909.144,-1,0.0039999999999054126,BACKFILL_AUTO
2026-04-15 13:14:05,1776258845,BOOM600,5909.134,-1,0.010000000000218279,BACKFILL_AUTO
2026-04-15 13:14:06,1776258846,BOOM600,5909.13,-1,0.0039999999999054126,BACKFILL_AUTO
2026-04-15 13:14:07,1776258847,BOOM600,5909.103,-1,0.027000000000043656,BACKFILL_AUTO
2026-04-15 13:14:08,1776258848,BOOM600,5909.085,-1,0.018000000000029104,BACKFILL_AUTO
2026-04-15 13:14:09,1776258849,BOOM600,5909.072,-1,0.012999999999919964,BACKFILL_AUTO
2026-04-15 13:14:10,1776258850,BOOM600,5909.046,-1,0.02599999999983993,BACKFILL_AUTO
2026-04-15 13:14:11,1776258851,BOOM600,5909.033,-1,0.012999999999919964,BACKFILL_AUTO
2026-04-15 13:14:12,1776258852,BOOM600,5909.019,-1,0.014000000000123691,BACKFILL_AUTO
2026-04-15 13:14:13,1776258853,BOOM600,5909.015,-1,0.0039999999999054126,BACKFILL_AUTO
2026-04-15 13:14:14,1776258854,BOOM600,5909.011,-1,0.0039999999999054126,BACKFILL_AUTO
2026-04-15 13:14:15,1776258855,BOOM600,5909.01,-1,0.0010000000002037268,BACKFILL_AUTO
2026-04-15 13:14:16,1776258856,BOOM600,5909.0,-1,0.010000000000218279,BACKFILL_AUTO
2026-04-15 13:14:17,1776258857,BOOM600,5908.974,-1,0.02599999999983993,BACKFILL_AUTO
2026-04-15 13:14:18,1776258858,BOOM600,5908.97,-1,0.0039999999999054126,BACKFILL_AUTO
2026-04-15 13:14:19,1776258859,BOOM600,5908.964,-1,0.006000000000312866,BACKFILL_AUTO
2026-04-15 13:14:20,1776258860,BOOM600,5908.952,-1,0.011999999999716238,BACKFILL_AUTO
2026-04-15 13:14:21,1776258861,BOOM600,5908.938,-1,0.014000000000123691,BACKFILL_AUTO
2026-04-15 13:14:22,1776258862,BOOM600,5908.926,-1,0.011999999999716238,BACKFILL_AUTO
2026-04-15 13:14:23,1776258863,BOOM600,5908.906,-1,0.020000000000436557,BACKFILL_AUTO
2026-04-15 13:14:24,1776258864,BOOM600,5908.896,-1,0.010000000000218279,BACKFILL_AUTO
2026-04-15 13:14:25,1776258865,BOOM600,5908.892,-1,0.0039999999999054126,BACKFILL_AUTO
2026-04-15 13:14:26,1776258866,BOOM600,5908.887,-1,0.005000000000109139,BACKFILL_AUTO
2026-04-15 13:14:27,1776258867,BOOM600,5908.87,-1,0.016999999999825377,BACKFILL_AUTO
2026-04-15 13:14:28,1776258868,BOOM600,5908.854,-1,0.01599999999962165,BACKFILL_AUTO
2026-04-15 13:14:29,1776258869,BOOM600,5908.837,-1,0.016999999999825377,BACKFILL_AUTO
2026-04-15 13:14:30,1776258870,BOOM600,5908.835,-1,0.0020000000004074536,BACKFILL_AUTO
2026-04-15 13:14:31,1776258871,BOOM600,5908.828,-1,0.006999999999607098,BACKFILL_AUTO
2026-04-15 13:14:32,1776258872,BOOM600,5908.825,-1,0.0030000000006111804,BACKFILL_AUTO
2026-04-15 13:14:33,1776258873,BOOM600,5908.82,-1,0.005000000000109139,BACKFILL_AUTO
2026-04-15 13:14:34,1776258874,BOOM600,5908.802,-1,0.018000000000029104,BACKFILL_AUTO
2026-04-15 13:14:35,1776258875,BOOM600,5908.792,-1,0.009999999999308784,BACKFILL_AUTO
2026-04-15 13:14:36,1776258876,BOOM600,5908.788,-1,0.004000000000814907,BACKFILL_AUTO
2026-04-15 13:14:37,1776258877,BOOM600,5908.78,-1,0.007999999999810825,BACKFILL_AUTO
2026-04-15 13:14:38,1776258878,BOOM600,5908.759,-1,0.02099999999973079,BACKFILL_AUTO
2026-04-15 13:14:39,1776258879,BOOM600,5908.743,-1,0.01599999999962165,BACKFILL_AUTO
2026-04-15 13:14:40,1776258880,BOOM600,5908.73,-1,0.01300000000082946,BACKFILL_AUTO
2026-04-15 13:14:41,1776258881,BOOM600,5908.722,-1,0.007999999999810825,BACKFILL_AUTO
2026-04-15 13:14:42,1776258882,BOOM600,5908.717,-1,0.005000000000109139,BACKFILL_AUTO
2026-04-15 13:14:43,1776258883,BOOM600,5908.696,-1,0.02099999999973079,BACKFILL_AUTO
2026-04-15 13:14:44,1776258884,BOOM600,5908.672,-1,0.02400000000034197,BACKFILL_AUTO
2026-04-15 13:14:45,1776258885,BOOM600,5908.66,-1,0.011999999999716238,BACKFILL_AUTO
2026-04-15 13:14:46,1776258886,BOOM600,5908.649,-1,0.01099999999951251,BACKFILL_AUTO
2026-04-15 13:14:47,1776258887,BOOM600,5908.64,-1,0.009000000000014552,BACKFILL_AUTO
2026-04-15 13:14:48,1776258888,BOOM600,5908.63,-1,0.010000000000218279,BACKFILL_AUTO
2026-04-15 13:14:49,1776258889,BOOM600,5908.617,-1,0.012999999999919964,BACKFILL_AUTO
2026-04-15 13:14:50,1776258890,BOOM600,5908.615,-1,0.0020000000004074536,BACKFILL_AUTO
2026-04-15 13:14:51,1776258891,BOOM600,5908.606,-1,0.009000000000014552,BACKFILL_AUTO
2026-04-15 13:14:52,1776258892,BOOM600,5908.598,-1,0.007999999999810825,BACKFILL_AUTO
2026-04-15 13:14:53,1776258893,BOOM600,5908.597,-1,0.0010000000002037268,BACKFILL_AUTO
2026-04-15 13:14:54,1776258894,BOOM600,5908.587,-1,0.009999999999308784,BACKFILL_AUTO
2026-04-15 13:14:55,1776258895,BOOM600,5908.582,-1,0.005000000000109139,BACKFILL_AUTO
2026-04-15 13:14:56,1776258896,BOOM600,5908.575,-1,0.007000000000516593,BACKFILL_AUTO
2026-04-15 13:14:57,1776258897,BOOM600,5908.573,-1,0.001999999999497959,BACKFILL_AUTO
2026-04-15 13:14:58,1776258898,BOOM600,5908.561,-1,0.012000000000625732,BACKFILL_AUTO
2026-04-15 13:14:59,1776258899,BOOM600,5908.554,-1,0.006999999999607098,BACKFILL_AUTO
2026-04-15 13:15:00,1776258900,BOOM600,5908.553,-1,0.0010000000002037268,BACKFILL_AUTO
2026-04-15 13:15:01,1776258901,BOOM600,5908.538,-1,0.015000000000327418,BACKFILL_AUTO
2026-04-15 13:15:02,1776258902,BOOM600,5908.534,-1,0.0039999999999054126,BACKFILL_AUTO
2026-04-15 13:15:03,1776258903,BOOM600,5908.529,-1,0.004999999999199645,BACKFILL_AUTO
2026-04-15 13:15:04,1776258904,BOOM600,5908.517,-1,0.012000000000625732,BACKFILL_AUTO
2026-04-15 13:15:05,1776258905,BOOM600,5908.504,-1,0.012999999999919964,BACKFILL_AUTO
2026-04-15 13:15:06,1776258906,BOOM600,5908.486,-1,0.018000000000029104,BACKFILL_AUTO
2026-04-15 13:15:07,1776258907,BOOM600,5908.473,-1,0.012999999999919964,BACKFILL_AUTO
2026-04-15 13:15:08,1776258908,BOOM600,5908.469,-1,0.0039999999999054126,BACKFILL_AUTO
2026-04-15 13:15:09,1776258909,BOOM600,5908.453,-1,0.01599999999962165,BACKFILL_AUTO
2026-04-15 13:15:10,1776258910,BOOM600,5908.432,-1,0.021000000000640284,BACKFILL_AUTO
2026-04-15 13:15:11,1776258911,BOOM600,5908.423,-1,0.009000000000014552,BACKFILL_AUTO
2026-04-15 13:15:12,1776258912,BOOM600,5908.404,-1,0.018999999999323336,BACKFILL_AUTO
2026-04-15 13:15:13,1776258913,BOOM600,5908.397,-1,0.007000000000516593,BACKFILL_AUTO
2026-04-15 13:15:14,1776258914,BOOM600,5908.382,-1,0.015000000000327418,BACKFILL_AUTO
2026-04-15 13:15:15,1776258915,BOOM600,5908.379,-1,0.0029999999997016857,BACKFILL_AUTO
2026-04-15 13:15:16,1776258916,BOOM600,5908.372,-1,0.006999999999607098,BACKFILL_AUTO
2026-04-15 13:15:17,1776258917,BOOM600,5908.363,-1,0.009000000000014552,BACKFILL_AUTO
2026-04-15 13:15:18,1776258918,BOOM600,5908.341,-1,0.021999999999934516,BACKFILL_AUTO
2026-04-15 13:15:19,1776258919,BOOM600,5908.334,-1,0.007000000000516593,BACKFILL_AUTO
2026-04-15 13:15:20,1776258920,BOOM600,5908.333,-1,0.0010000000002037268,BACKFILL_AUTO
2026-04-15 13:15:21,1776258921,BOOM600,5908.329,-1,0.0039999999999054126,BACKFILL_AUTO
2026-04-15 13:15:22,1776258922,BOOM600,5908.327,-1,0.001999999999497959,BACKFILL_AUTO
2026-04-15 13:15:23,1776258923,BOOM600,5908.317,-1,0.010000000000218279,BACKFILL_AUTO
2026-04-15 13:15:24,1776258924,BOOM600,5908.315,-1,0.0020000000004074536,BACKFILL_AUTO
2026-04-15 13:15:25,1776258925,BOOM600,5908.315,0,0.0,BACKFILL_AUTO
2026-04-15 13:15:26,1776258926,BOOM600,5908.299,-1,0.01599999999962165,BACKFILL_AUTO
2026-04-15 13:15:27,1776258927,BOOM600,5908.288,-1,0.011000000000422006,BACKFILL_AUTO
2026-04-15 13:15:28,1776258928,BOOM600,5908.259,-1,0.028999999999541615,BACKFILL_AUTO
2026-04-15 13:15:29,1776258929,BOOM600,5908.25,-1,0.009000000000014552,BACKFILL_AUTO
2026-04-15 13:15:30,1776258930,BOOM600,5908.246,-1,0.0039999999999054126,BACKFILL_AUTO
2026-04-15 13:15:31,1776258931,BOOM600,5908.244,-1,0.0020000000004074536,BACKFILL_AUTO
2026-04-15 13:15:32,1776258932,BOOM600,5908.236,-1,0.007999999999810825,BACKFILL_AUTO
2026-04-15 13:15:33,1776258933,BOOM600,5908.232,-1,0.0039999999999054126,BACKFILL_AUTO
2026-04-15 13:15:34,1776258934,BOOM600,5908.211,-1,0.02099999999973079,BACKFILL_AUTO
2026-04-15 13:15:35,1776258935,BOOM600,5908.207,-1,0.0039999999999054126,BACKFILL_AUTO
2026-04-15 13:15:36,1776258936,BOOM600,5908.207,0,0.0,BACKFILL_AUTO
2026-04-15 13:15:37,1776258937,BOOM600,5908.199,-1,0.00800000000072032,BACKFILL_AUTO
2026-04-15 13:15:38,1776258938,BOOM600,5908.197,-1,0.001999999999497959,BACKFILL_AUTO
2026-04-15 13:15:39,1776258939,BOOM600,5908.187,-1,0.010000000000218279,BACKFILL_AUTO
2026-04-15 13:15:40,1776258940,BOOM600,5908.179,-1,0.007999999999810825,BACKFILL_AUTO
2026-04-15 13:15:41,1776258941,BOOM600,5908.168,-1,0.011000000000422006,BACKFILL_AUTO
2026-04-15 13:15:42,1776258942,BOOM600,5908.14,-1,0.027999999999337888,BACKFILL_AUTO
2026-04-15 13:15:43,1776258943,BOOM600,5908.135,-1,0.005000000000109139,BACKFILL_AUTO
2026-04-15 13:15:44,1776258944,BOOM600,5908.127,-1,0.007999999999810825,BACKFILL_AUTO
2026-04-15 13:15:45,1776258945,BOOM600,5908.112,-1,0.015000000000327418,BACKFILL_AUTO
2026-04-15 13:15:46,1776258946,BOOM600,5908.102,-1,0.010000000000218279,BACKFILL_AUTO
2026-04-15 13:15:47,1776258947,BOOM600,5908.095,-1,0.006999999999607098,BACKFILL_AUTO
2026-04-15 13:15:48,1776258948,BOOM600,5908.083,-1,0.012000000000625732,BACKFILL_AUTO
2026-04-15 13:15:49,1776258949,BOOM600,5908.079,-1,0.0039999999999054126,BACKFILL_AUTO
2026-04-15 13:15:50,1776258950,BOOM600,5908.067,-1,0.011999999999716238,BACKFILL_AUTO
2026-04-15 13:15:51,1776258951,BOOM600,5908.048,-1,0.01900000000023283,BACKFILL_AUTO
2026-04-15 13:15:52,1776258952,BOOM600,5908.039,-1,0.009000000000014552,BACKFILL_AUTO
2026-04-15 13:15:53,1776258953,BOOM600,5908.028,-1,0.01099999999951251,BACKFILL_AUTO
2026-04-15 13:15:54,1776258954,BOOM600,5908.02,-1,0.007999999999810825,BACKFILL_AUTO
2026-04-15 13:15:55,1776258955,BOOM600,5908.015,-1,0.005000000000109139,BACKFILL_AUTO
2026-04-15 13:15:56,1776258956,BOOM600,5908.011,-1,0.0039999999999054126,BACKFILL_AUTO
2026-04-15 13:15:57,1776258957,BOOM600,5908.008,-1,0.0030000000006111804,BACKFILL_AUTO
2026-04-15 13:15:58,1776258958,BOOM600,5908.007,-1,0.0010000000002037268,BACKFILL_AUTO
2026-04-15 13:15:59,1776258959,BOOM600,5908.002,-1,0.004999999999199645,BACKFILL_AUTO
2026-04-15 13:16:00,1776258960,BOOM600,5907.994,-1,0.00800000000072032,BACKFILL_AUTO
2026-04-15 13:16:01,1776258961,BOOM600,5907.993,-1,0.0009999999992942321,BACKFILL_AUTO
2026-04-15 13:16:02,1776258962,BOOM600,5907.99,-1,0.0030000000006111804,BACKFILL_AUTO
2026-04-15 13:16:03,1776258963,BOOM600,5907.987,-1,0.0029999999997016857,BACKFILL_AUTO
2026-04-15 13:16:04,1776258964,BOOM600,5907.974,-1,0.012999999999919964,BACKFILL_AUTO
2026-04-15 13:16:05,1776258965,BOOM600,5907.953,-1,0.02099999999973079,BACKFILL_AUTO
2026-04-15 13:16:06,1776258966,BOOM600,5907.945,-1,0.00800000000072032,BACKFILL_AUTO
2026-04-15 13:16:07,1776258967,BOOM600,5907.936,-1,0.009000000000014552,BACKFILL_AUTO
2026-04-15 13:16:08,1776258968,BOOM600,5907.918,-1,0.018000000000029104,BACKFILL_AUTO
2026-04-15 13:16:09,1776258969,BOOM600,5907.907,-1,0.01099999999951251,BACKFILL_AUTO
2026-04-15 13:16:10,1776258970,BOOM600,5907.905,-1,0.0020000000004074536,BACKFILL_AUTO
2026-04-15 13:16:11,1776258971,BOOM600,5907.9,-1,0.005000000000109139,BACKFILL_AUTO
2026-04-15 13:16:12,1776258972,BOOM600,5907.892,-1,0.007999999999810825,BACKFILL_AUTO
2026-04-15 13:16:13,1776258973,BOOM600,5907.891,-1,0.0010000000002037268,BACKFILL_AUTO
2026-04-15 13:16:14,1776258974,BOOM600,5907.877,-1,0.013999999999214197,BACKFILL_AUTO
2026-04-15 13:16:15,1776258975,BOOM600,5907.871,-1,0.006000000000312866,BACKFILL_AUTO
2026-04-15 13:16:16,1776258976,BOOM600,5907.857,-1,0.014000000000123691,BACKFILL_AUTO
2026-04-15 13:16:17,1776258977,BOOM600,5907.857,0,0.0,BACKFILL_AUTO
2026-04-15 13:16:18,1776258978,BOOM600,5907.843,-1,0.014000000000123691,BACKFILL_AUTO
2026-04-15 13:16:19,1776258979,BOOM600,5907.839,-1,0.0039999999999054126,BACKFILL_AUTO
2026-04-15 13:16:20,1776258980,BOOM600,5907.817,-1,0.021999999999934516,BACKFILL_AUTO
2026-04-15 13:16:21,1776258981,BOOM600,5907.811,-1,0.006000000000312866,BACKFILL_AUTO
2026-04-15 13:16:22,1776258982,BOOM600,5907.811,0,0.0,BACKFILL_AUTO
2026-04-15 13:16:23,1776258983,BOOM600,5907.802,-1,0.009000000000014552,BACKFILL_AUTO
2026-04-15 13:16:24,1776258984,BOOM600,5907.789,-1,0.012999999999919964,BACKFILL_AUTO
2026-04-15 13:16:25,1776258985,BOOM600,5907.786,-1,0.0029999999997016857,BACKFILL_AUTO
2026-04-15 13:16:26,1776258986,BOOM600,5907.785,-1,0.0010000000002037268,BACKFILL_AUTO
2026-04-15 13:16:27,1776258987,BOOM600,5907.774,-1,0.01099999999951251,BACKFILL_AUTO
2026-04-15 13:16:28,1776258988,BOOM600,5907.757,-1,0.01700000000073487,BACKFILL_AUTO
2026-04-15 13:16:29,1776258989,BOOM600,5907.744,-1,0.012999999999919964,BACKFILL_AUTO
2026-04-15 13:16:30,1776258990,BOOM600,5907.743,-1,0.0009999999992942321,BACKFILL_AUTO
2026-04-15 13:16:31,1776258991,BOOM600,5907.743,0,0.0,BACKFILL_AUTO
2026-04-15 13:16:32,1776258992,BOOM600,5907.732,-1,0.011000000000422006,BACKFILL_AUTO
2026-04-15 13:16:33,1776258993,BOOM600,5907.717,-1,0.015000000000327418,BACKFILL_AUTO
2026-04-15 13:16:34,1776258994,BOOM600,5907.715,-1,0.001999999999497959,BACKFILL_AUTO
2026-04-15 13:16:35,1776258995,BOOM600,5907.701,-1,0.014000000000123691,BACKFILL_AUTO
2026-04-15 13:16:36,1776258996,BOOM600,5907.7,-1,0.0010000000002037268,BACKFILL_AUTO
2026-04-15 13:16:37,1776258997,BOOM600,5907.697,-1,0.0029999999997016857,BACKFILL_AUTO
2026-04-15 13:16:38,1776258998,BOOM600,5907.683,-1,0.014000000000123691,BACKFILL_AUTO
2026-04-15 13:16:39,1776258999,BOOM600,5907.669,-1,0.014000000000123691,BACKFILL_AUTO
2026-04-15 13:16:40,1776259000,BOOM600,5907.654,-1,0.014999999999417923,BACKFILL_AUTO
2026-04-15 13:16:41,1776259001,BOOM600,5907.641,-1,0.01300000000082946,BACKFILL_AUTO
2026-04-15 13:16:42,1776259002,BOOM600,5907.637,-1,0.0039999999999054126,BACKFILL_AUTO
2026-04-15 13:16:43,1776259003,BOOM600,5907.626,-1,0.01099999999951251,BACKFILL_AUTO
2026-04-15 13:16:44,1776259004,BOOM600,5907.615,-1,0.011000000000422006,BACKFILL_AUTO
2026-04-15 13:16:45,1776259005,BOOM600,5907.612,-1,0.0029999999997016857,BACKFILL_AUTO
2026-04-15 13:16:46,1776259006,BOOM600,5907.601,-1,0.011000000000422006,BACKFILL_AUTO
2026-04-15 13:16:47,1776259007,BOOM600,5907.583,-1,0.018000000000029104,BACKFILL_AUTO
2026-04-15 13:16:48,1776259008,BOOM600,5907.583,0,0.0,BACKFILL_AUTO
2026-04-15 13:16:49,1776259009,BOOM600,5907.577,-1,0.0059999999994033715,BACKFILL_AUTO
2026-04-15 13:16:50,1776259010,BOOM600,5919.449,1,11.871999999999389,BACKFILL_AUTO
2026-04-15 13:16:51,1776259011,BOOM600,5919.445,-1,0.0039999999999054126,BACKFILL_AUTO
2026-04-15 13:16:52,1776259012,BOOM600,5919.423,-1,0.021999999999934516,BACKFILL_AUTO
2026-04-15 13:16:53,1776259013,BOOM600,5919.407,-1,0.01599999999962165,BACKFILL_AUTO
2026-04-15 13:16:54,1776259014,BOOM600,5919.394,-1,0.012999999999919964,BACKFILL_AUTO
2026-04-15 13:16:55,1776259015,BOOM600,5919.383,-1,0.011000000000422006,BACKFILL_AUTO
2026-04-15 13:16:56,1776259016,BOOM600,5919.374,-1,0.009000000000014552,BACKFILL_AUTO
2026-04-15 13:16:57,1776259017,BOOM600,5919.366,-1,0.007999999999810825,BACKFILL_AUTO
2026-04-15 13:16:58,1776259018,BOOM600,5919.359,-1,0.006999999999607098,BACKFILL_AUTO
2026-04-15 13:16:59,1776259019,BOOM600,5919.356,-1,0.0030000000006111804,BACKFILL_AUTO
2026-04-15 13:17:00,1776259020,BOOM600,5919.354,-1,0.001999999999497959,BACKFILL_AUTO
2026-04-15 13:17:01,1776259021,BOOM600,5919.346,-1,0.00800000000072032,BACKFILL_AUTO
2026-04-15 13:17:02,1776259022,BOOM600,5919.343,-1,0.0029999999997016857,BACKFILL_AUTO
2026-04-15 13:17:03,1776259023,BOOM600,5919.334,-1,0.009000000000014552,BACKFILL_AUTO
2026-04-15 13:17:04,1776259024,BOOM600,5919.309,-1,0.024999999999636202,BACKFILL_AUTO
2026-04-15 13:17:05,1776259025,BOOM600,5919.288,-1,0.021000000000640284,BACKFILL_AUTO
2026-04-15 13:17:06,1776259026,BOOM600,5919.281,-1,0.006999999999607098,BACKFILL_AUTO
2026-04-15 13:17:07,1776259027,BOOM600,5919.269,-1,0.011999999999716238,BACKFILL_AUTO
2026-04-15 13:17:08,1776259028,BOOM600,5919.248,-1,0.021000000000640284,BACKFILL_AUTO
2026-04-15 13:17:09,1776259029,BOOM600,5919.246,-1,0.001999999999497959,BACKFILL_AUTO
2026-04-15 13:17:10,1776259030,BOOM600,5919.234,-1,0.011999999999716238,BACKFILL_AUTO
2026-04-15 13:17:11,1776259031,BOOM600,5919.218,-1,0.016000000000531145,BACKFILL_AUTO
2026-04-15 13:17:12,1776259032,BOOM600,5919.208,-1,0.010000000000218279,BACKFILL_AUTO
2026-04-15 13:17:13,1776259033,BOOM600,5919.208,0,0.0,BACKFILL_AUTO
2026-04-15 13:17:14,1776259034,BOOM600,5919.198,-1,0.009999999999308784,BACKFILL_AUTO
2026-04-15 13:17:15,1776259035,BOOM600,5919.188,-1,0.010000000000218279,BACKFILL_AUTO
2026-04-15 13:17:16,1776259036,BOOM600,5919.184,-1,0.0039999999999054126,BACKFILL_AUTO
2026-04-15 13:17:17,1776259037,BOOM600,5919.183,-1,0.0010000000002037268,BACKFILL_AUTO
2026-04-15 13:17:18,1776259038,BOOM600,5919.181,-1,0.0020000000004074536,BACKFILL_AUTO
2026-04-15 13:17:19,1776259039,BOOM600,5919.158,-1,0.02299999999922875,BACKFILL_AUTO
2026-04-15 13:17:20,1776259040,BOOM600,5919.15,-1,0.00800000000072032,BACKFILL_AUTO
2026-04-15 13:17:21,1776259041,BOOM600,5919.14,-1,0.009999999999308784,BACKFILL_AUTO
2026-04-15 13:17:22,1776259042,BOOM600,5919.128,-1,0.012000000000625732,BACKFILL_AUTO
2026-04-15 13:17:23,1776259043,BOOM600,5919.125,-1,0.0029999999997016857,BACKFILL_AUTO
2026-04-15 13:17:24,1776259044,BOOM600,5919.12,-1,0.005000000000109139,BACKFILL_AUTO
2026-04-15 13:17:25,1776259045,BOOM600,5919.114,-1,0.006000000000312866,BACKFILL_AUTO
2026-04-15 13:17:26,1776259046,BOOM600,5919.099,-1,0.014999999999417923,BACKFILL_AUTO
2026-04-15 13:17:27,1776259047,BOOM600,5919.094,-1,0.005000000000109139,BACKFILL_AUTO
2026-04-15 13:17:28,1776259048,BOOM600,5919.08,-1,0.014000000000123691,BACKFILL_AUTO
2026-04-15 13:17:29,1776259049,BOOM600,5919.065,-1,0.015000000000327418,BACKFILL_AUTO
2026-04-15 13:17:30,1776259050,BOOM600,5919.043,-1,0.021999999999934516,BACKFILL_AUTO
2026-04-15 13:17:31,1776259051,BOOM600,5919.026,-1,0.016999999999825377,BACKFILL_AUTO
2026-04-15 13:17:32,1776259052,BOOM600,5918.995,-1,0.03099999999994907,BACKFILL_AUTO
2026-04-15 13:17:33,1776259053,BOOM600,5918.968,-1,0.027000000000043656,BACKFILL_AUTO
2026-04-15 13:17:34,1776259054,BOOM600,5918.956,-1,0.011999999999716238,BACKFILL_AUTO
2026-04-15 13:17:35,1776259055,BOOM600,5918.951,-1,0.005000000000109139,BACKFILL_AUTO
2026-04-15 13:17:36,1776259056,BOOM600,5918.936,-1,0.015000000000327418,BACKFILL_AUTO
2026-04-15 13:17:37,1776259057,BOOM600,5918.933,-1,0.0029999999997016857,BACKFILL_AUTO
2026-04-15 13:17:38,1776259058,BOOM600,5918.925,-1,0.007999999999810825,BACKFILL_AUTO
2026-04-15 13:17:39,1776259059,BOOM600,5918.907,-1,0.018000000000029104,BACKFILL_AUTO
2026-04-15 13:17:40,1776259060,BOOM600,5918.904,-1,0.0029999999997016857,BACKFILL_AUTO
2026-04-15 13:17:41,1776259061,BOOM600,5918.892,-1,0.012000000000625732,BACKFILL_AUTO
2026-04-15 13:17:42,1776259062,BOOM600,5918.89,-1,0.001999999999497959,BACKFILL_AUTO
2026-04-15 13:17:43,1776259063,BOOM600,5918.887,-1,0.0030000000006111804,BACKFILL_AUTO
2026-04-15 13:17:44,1776259064,BOOM600,5918.876,-1,0.01099999999951251,BACKFILL_AUTO
2026-04-15 13:17:45,1776259065,BOOM600,5918.871,-1,0.005000000000109139,BACKFILL_AUTO
2026-04-15 13:17:46,1776259066,BOOM600,5918.859,-1,0.011999999999716238,BACKFILL_AUTO
2026-04-15 13:17:47,1776259067,BOOM600,5918.847,-1,0.012000000000625732,BACKFILL_AUTO
2026-04-15 13:17:48,1776259068,BOOM600,5918.844,-1,0.0029999999997016857,BACKFILL_AUTO
2026-04-15 13:17:49,1776259069,BOOM600,5918.839,-1,0.005000000000109139,BACKFILL_AUTO
2026-04-15 13:17:50,1776259070,BOOM600,5918.833,-1,0.006000000000312866,BACKFILL_AUTO
2026-04-15 13:17:51,1776259071,BOOM600,5918.825,-1,0.007999999999810825,BACKFILL_AUTO
2026-04-15 13:17:52,1776259072,BOOM600,5918.817,-1,0.007999999999810825,BACKFILL_AUTO
2026-04-15 13:17:53,1776259073,BOOM600,5918.809,-1,0.007999999999810825,BACKFILL_AUTO
2026-04-15 13:17:54,1776259074,BOOM600,5918.8,-1,0.009000000000014552,BACKFILL_AUTO
2026-04-15 13:17:55,1776259075,BOOM600,5918.778,-1,0.021999999999934516,BACKFILL_AUTO
2026-04-15 13:17:56,1776259076,BOOM600,5918.776,-1,0.0020000000004074536,BACKFILL_AUTO
2026-04-15 13:17:57,1776259077,BOOM600,5918.763,-1,0.012999999999919964,BACKFILL_AUTO
2026-04-15 13:17:58,1776259078,BOOM600,5918.762,-1,0.0010000000002037268,BACKFILL_AUTO
2026-04-15 13:17:59,1776259079,BOOM600,5918.755,-1,0.006999999999607098,BACKFILL_AUTO
2026-04-15 13:18:00,1776259080,BOOM600,5918.743,-1,0.011999999999716238,BACKFILL_AUTO
2026-04-15 13:18:01,1776259081,BOOM600,5918.736,-1,0.007000000000516593,BACKFILL_AUTO
2026-04-15 13:18:02,1776259082,BOOM600,5918.726,-1,0.010000000000218279,BACKFILL_AUTO
2026-04-15 13:18:03,1776259083,BOOM600,5918.719,-1,0.006999999999607098,BACKFILL_AUTO
2026-04-15 13:18:04,1776259084,BOOM600,5918.708,-1,0.011000000000422006,BACKFILL_AUTO
2026-04-15 13:18:05,1776259085,BOOM600,5918.707,-1,0.0009999999992942321,BACKFILL_AUTO
2026-04-15 13:18:06,1776259086,BOOM600,5918.704,-1,0.0030000000006111804,BACKFILL_AUTO
2026-04-15 13:18:07,1776259087,BOOM600,5918.703,-1,0.0009999999992942321,BACKFILL_AUTO
2026-04-15 13:18:08,1776259088,BOOM600,5918.699,-1,0.004000000000814907,BACKFILL_AUTO
2026-04-15 13:18:09,1776259089,BOOM600,5918.696,-1,0.0029999999997016857,BACKFILL_AUTO
2026-04-15 13:18:10,1776259090,BOOM600,5918.681,-1,0.015000000000327418,BACKFILL_AUTO
2026-04-15 13:18:11,1776259091,BOOM600,5918.68,-1,0.0009999999992942321,BACKFILL_AUTO
2026-04-15 13:18:12,1776259092,BOOM600,5918.652,-1,0.028000000000247383,BACKFILL_AUTO
2026-04-15 13:18:13,1776259093,BOOM600,5918.644,-1,0.007999999999810825,BACKFILL_AUTO
2026-04-15 13:18:14,1776259094,BOOM600,5918.633,-1,0.011000000000422006,BACKFILL_AUTO
2026-04-15 13:18:15,1776259095,BOOM600,5918.631,-1,0.001999999999497959,BACKFILL_AUTO
2026-04-15 13:18:16,1776259096,BOOM600,5918.63,-1,0.0010000000002037268,BACKFILL_AUTO
2026-04-15 13:18:17,1776259097,BOOM600,5918.628,-1,0.0020000000004074536,BACKFILL_AUTO
2026-04-15 13:18:18,1776259098,BOOM600,5918.623,-1,0.005000000000109139,BACKFILL_AUTO
2026-04-15 13:18:19,1776259099,BOOM600,5918.613,-1,0.009999999999308784,BACKFILL_AUTO
2026-04-15 13:18:20,1776259100,BOOM600,5918.596,-1,0.01700000000073487,BACKFILL_AUTO
2026-04-15 13:18:21,1776259101,BOOM600,5918.584,-1,0.011999999999716238,BACKFILL_AUTO
2026-04-15 13:18:22,1776259102,BOOM600,5918.573,-1,0.01099999999951251,BACKFILL_AUTO
2026-04-15 13:18:23,1776259103,BOOM600,5918.562,-1,0.011000000000422006,BACKFILL_AUTO
2026-04-15 13:18:24,1776259104,BOOM600,5918.559,-1,0.0029999999997016857,BACKFILL_AUTO
2026-04-15 13:18:25,1776259105,BOOM600,5918.555,-1,0.0039999999999054126,BACKFILL_AUTO
2026-04-15 13:18:26,1776259106,BOOM600,5918.551,-1,0.0039999999999054126,BACKFILL_AUTO
2026-04-15 13:18:27,1776259107,BOOM600,5918.534,-1,0.01700000000073487,BACKFILL_AUTO
2026-04-15 13:18:28,1776259108,BOOM600,5918.521,-1,0.012999999999919964,BACKFILL_AUTO
2026-04-15 13:18:29,1776259109,BOOM600,5918.508,-1,0.012999999999919964,BACKFILL_AUTO
2026-04-15 13:18:30,1776259110,BOOM600,5918.497,-1,0.01099999999951251,BACKFILL_AUTO
2026-04-15 13:18:31,1776259111,BOOM600,5918.487,-1,0.010000000000218279,BACKFILL_AUTO
2026-04-15 13:18:32,1776259112,BOOM600,5918.478,-1,0.009000000000014552,BACKFILL_AUTO
2026-04-15 13:18:33,1776259113,BOOM600,5918.473,-1,0.005000000000109139,BACKFILL_AUTO
2026-04-15 13:18:34,1776259114,BOOM600,5918.449,-1,0.02400000000034197,BACKFILL_AUTO
2026-04-15 13:18:35,1776259115,BOOM600,5918.449,0,0.0,BACKFILL_AUTO
2026-04-15 13:18:36,1776259116,BOOM600,5918.447,-1,0.001999999999497959,BACKFILL_AUTO
2026-04-15 13:18:37,1776259117,BOOM600,5918.433,-1,0.014000000000123691,BACKFILL_AUTO
2026-04-15 13:18:38,1776259118,BOOM600,5918.415,-1,0.018000000000029104,BACKFILL_AUTO
2026-04-15 13:18:39,1776259119,BOOM600,5918.411,-1,0.0039999999999054126,BACKFILL_AUTO
2026-04-15 13:18:40,1776259120,BOOM600,5918.402,-1,0.009000000000014552,BACKFILL_AUTO
2026-04-15 13:18:41,1776259121,BOOM600,5918.382,-1,0.020000000000436557,BACKFILL_AUTO
2026-04-15 13:18:42,1776259122,BOOM600,5918.372,-1,0.009999999999308784,BACKFILL_AUTO
2026-04-15 13:18:43,1776259123,BOOM600,5918.355,-1,0.01700000000073487,BACKFILL_AUTO
2026-04-15 13:18:44,1776259124,BOOM600,5918.339,-1,0.01599999999962165,BACKFILL_AUTO
2026-04-15 13:18:45,1776259125,BOOM600,5918.32,-1,0.01900000000023283,BACKFILL_AUTO
2026-04-15 13:18:46,1776259126,BOOM600,5918.31,-1,0.009999999999308784,BACKFILL_AUTO
2026-04-15 13:18:47,1776259127,BOOM600,5918.303,-1,0.007000000000516593,BACKFILL_AUTO
2026-04-15 13:18:48,1776259128,BOOM600,5918.287,-1,0.01599999999962165,BACKFILL_AUTO
2026-04-15 13:18:49,1776259129,BOOM600,5918.268,-1,0.01900000000023283,BACKFILL_AUTO
2026-04-15 13:18:50,1776259130,BOOM600,5918.267,-1,0.0010000000002037268,BACKFILL_AUTO
2026-04-15 13:18:51,1776259131,BOOM600,5918.239,-1,0.028000000000247383,BACKFILL_AUTO
2026-04-15 13:18:52,1776259132,BOOM600,5918.231,-1,0.007999999999810825,BACKFILL_AUTO
2026-04-15 13:18:53,1776259133,BOOM600,5918.219,-1,0.011999999999716238,BACKFILL_AUTO
2026-04-15 13:18:54,1776259134,BOOM600,5918.219,0,0.0,BACKFILL_AUTO
2026-04-15 13:18:55,1776259135,BOOM600,5918.208,-1,0.011000000000422006,BACKFILL_AUTO
2026-04-15 13:18:56,1776259136,BOOM600,5918.208,0,0.0,BACKFILL_AUTO
2026-04-15 13:18:57,1776259137,BOOM600,5918.194,-1,0.013999999999214197,BACKFILL_AUTO
2026-04-15 13:18:58,1776259138,BOOM600,5918.186,-1,0.00800000000072032,BACKFILL_AUTO
2026-04-15 13:18:59,1776259139,BOOM600,5918.163,-1,0.023000000000138243,BACKFILL_AUTO
2026-04-15 13:19:00,1776259140,BOOM600,5918.163,0,0.0,BACKFILL_AUTO
2026-04-15 13:19:01,1776259141,BOOM600,5918.139,-1,0.023999999999432475,BACKFILL_AUTO
2026-04-15 13:19:02,1776259142,BOOM600,5918.131,-1,0.007999999999810825,BACKFILL_AUTO
2026-04-15 13:19:03,1776259143,BOOM600,5918.129,-1,0.0020000000004074536,BACKFILL_AUTO
2026-04-15 13:19:04,1776259144,BOOM600,5918.12,-1,0.009000000000014552,BACKFILL_AUTO
2026-04-15 13:19:05,1776259145,BOOM600,5918.113,-1,0.006999999999607098,BACKFILL_AUTO
2026-04-15 13:19:06,1776259146,BOOM600,5918.108,-1,0.005000000000109139,BACKFILL_AUTO
2026-04-15 13:19:07,1776259147,BOOM600,5918.102,-1,0.006000000000312866,BACKFILL_AUTO
2026-04-15 13:19:08,1776259148,BOOM600,5918.096,-1,0.006000000000312866,BACKFILL_AUTO
2026-04-15 13:19:09,1776259149,BOOM600,5918.073,-1,0.02299999999922875,BACKFILL_AUTO
2026-04-15 13:19:10,1776259150,BOOM600,5918.062,-1,0.011000000000422006,BACKFILL_AUTO
2026-04-15 13:19:11,1776259151,BOOM600,5918.05,-1,0.011999999999716238,BACKFILL_AUTO
2026-04-15 13:19:12,1776259152,BOOM600,5918.05,0,0.0,BACKFILL_AUTO
2026-04-15 13:19:13,1776259153,BOOM600,5918.035,-1,0.015000000000327418,BACKFILL_AUTO
2026-04-15 13:19:14,1776259154,BOOM600,5918.017,-1,0.018000000000029104,BACKFILL_AUTO
2026-04-15 13:19:15,1776259155,BOOM600,5918.003,-1,0.014000000000123691,BACKFILL_AUTO
2026-04-15 13:19:16,1776259156,BOOM600,5917.998,-1,0.005000000000109139,BACKFILL_AUTO
2026-04-15 13:19:17,1776259157,BOOM600,5917.983,-1,0.014999999999417923,BACKFILL_AUTO
2026-04-15 13:19:18,1776259158,BOOM600,5917.966,-1,0.016999999999825377,BACKFILL_AUTO
2026-04-15 13:19:19,1776259159,BOOM600,5917.959,-1,0.007000000000516593,BACKFILL_AUTO
2026-04-15 13:19:20,1776259160,BOOM600,5917.956,-1,0.0029999999997016857,BACKFILL_AUTO
2026-04-15 13:19:21,1776259161,BOOM600,5917.947,-1,0.009000000000014552,BACKFILL_AUTO
2026-04-15 13:19:22,1776259162,BOOM600,5917.942,-1,0.005000000000109139,BACKFILL_AUTO
2026-04-15 13:19:23,1776259163,BOOM600,5917.922,-1,0.020000000000436557,BACKFILL_AUTO
2026-04-15 13:19:24,1776259164,BOOM600,5917.91,-1,0.011999999999716238,BACKFILL_AUTO
2026-04-15 13:19:25,1776259165,BOOM600,5917.906,-1,0.0039999999999054126,BACKFILL_AUTO
2026-04-15 13:19:26,1776259166,BOOM600,5917.896,-1,0.010000000000218279,BACKFILL_AUTO
2026-04-15 13:19:27,1776259167,BOOM600,5917.89,-1,0.0059999999994033715,BACKFILL_AUTO
2026-04-15 13:19:28,1776259168,BOOM600,5917.886,-1,0.0039999999999054126,BACKFILL_AUTO
2026-04-15 13:19:29,1776259169,BOOM600,5917.873,-1,0.01300000000082946,BACKFILL_AUTO
2026-04-15 13:19:30,1776259170,BOOM600,5917.861,-1,0.011999999999716238,BACKFILL_AUTO
2026-04-15 13:19:31,1776259171,BOOM600,5917.847,-1,0.014000000000123691,BACKFILL_AUTO
2026-04-15 13:19:32,1776259172,BOOM600,5917.84,-1,0.006999999999607098,BACKFILL_AUTO
2026-04-15 13:19:33,1776259173,BOOM600,5917.826,-1,0.014000000000123691,BACKFILL_AUTO
2026-04-15 13:19:34,1776259174,BOOM600,5917.81,-1,0.01599999999962165,BACKFILL_AUTO
2026-04-15 13:19:35,1776259175,BOOM600,5917.795,-1,0.015000000000327418,BACKFILL_AUTO
2026-04-15 13:19:36,1776259176,BOOM600,5917.785,-1,0.010000000000218279,BACKFILL_AUTO
2026-04-15 13:19:37,1776259177,BOOM600,5917.771,-1,0.014000000000123691,BACKFILL_AUTO
2026-04-15 13:19:38,1776259178,BOOM600,5917.769,-1,0.001999999999497959,BACKFILL_AUTO
2026-04-15 13:19:39,1776259179,BOOM600,5917.765,-1,0.0039999999999054126,BACKFILL_AUTO
2026-04-15 13:19:40,1776259180,BOOM600,5917.752,-1,0.012999999999919964,BACKFILL_AUTO
2026-04-15 13:19:41,1776259181,BOOM600,5917.736,-1,0.016000000000531145,BACKFILL_AUTO
2026-04-15 13:19:42,1776259182,BOOM600,5917.724,-1,0.011999999999716238,BACKFILL_AUTO
2026-04-15 13:19:43,1776259183,BOOM600,5917.71,-1,0.014000000000123691,BACKFILL_AUTO
2026-04-15 13:19:44,1776259184,BOOM600,5917.686,-1,0.02400000000034197,BACKFILL_AUTO
2026-04-15 13:19:45,1776259185,BOOM600,5917.67,-1,0.01599999999962165,BACKFILL_AUTO
2026-04-15 13:19:46,1776259186,BOOM600,5917.667,-1,0.0029999999997016857,BACKFILL_AUTO
2026-04-15 13:19:47,1776259187,BOOM600,5917.664,-1,0.0030000000006111804,BACKFILL_AUTO
2026-04-15 13:19:48,1776259188,BOOM600,5917.652,-1,0.011999999999716238,BACKFILL_AUTO
2026-04-15 13:19:49,1776259189,BOOM600,5917.644,-1,0.007999999999810825,BACKFILL_AUTO
2026-04-15 13:19:50,1776259190,BOOM600,5917.631,-1,0.012999999999919964,BACKFILL_AUTO
2026-04-15 13:19:51,1776259191,BOOM600,5917.63,-1,0.0010000000002037268,BACKFILL_AUTO
2026-04-15 13:19:52,1776259192,BOOM600,5917.627,-1,0.0029999999997016857,BACKFILL_AUTO
2026-04-15 13:19:53,1776259193,BOOM600,5917.616,-1,0.011000000000422006,BACKFILL_AUTO
2026-04-15 13:19:54,1776259194,BOOM600,5917.614,-1,0.0020000000004074536,BACKFILL_AUTO
2026-04-15 13:19:55,1776259195,BOOM600,5917.606,-1,0.007999999999810825,BACKFILL_AUTO
2026-04-15 13:19:56,1776259196,BOOM600,5917.596,-1,0.010000000000218279,BACKFILL_AUTO
2026-04-15 13:19:57,1776259197,BOOM600,5917.591,-1,0.004999999999199645,BACKFILL_AUTO
2026-04-15 13:19:58,1776259198,BOOM600,5917.587,-1,0.0039999999999054126,BACKFILL_AUTO
2026-04-15 13:19:59,1776259199,BOOM600,5917.573,-1,0.014000000000123691,BACKFILL_AUTO
2026-04-15 13:20:00,1776259200,BOOM600,5917.563,-1,0.010000000000218279,BACKFILL_AUTO
2026-04-15 13:20:01,1776259201,BOOM600,5917.556,-1,0.007000000000516593,BACKFILL_AUTO
2026-04-15 13:20:02,1776259202,BOOM600,5917.536,-1,0.019999999999527063,BACKFILL_AUTO
2026-04-15 13:20:03,1776259203,BOOM600,5917.524,-1,0.011999999999716238,BACKFILL_AUTO
2026-04-15 13:20:04,1776259204,BOOM600,5917.514,-1,0.010000000000218279,BACKFILL_AUTO
2026-04-15 13:20:05,1776259205,BOOM600,5917.504,-1,0.010000000000218279,BACKFILL_AUTO
2026-04-15 13:20:06,1776259206,BOOM600,5917.498,-1,0.006000000000312866,BACKFILL_AUTO
2026-04-15 13:20:07,1776259207,BOOM600,5917.496,-1,0.001999999999497959,BACKFILL_AUTO
2026-04-15 13:20:08,1776259208,BOOM600,5917.485,-1,0.011000000000422006,BACKFILL_AUTO
2026-04-15 13:20:09,1776259209,BOOM600,5917.482,-1,0.0029999999997016857,BACKFILL_AUTO
2026-04-15 13:20:10,1776259210,BOOM600,5917.481,-1,0.0010000000002037268,BACKFILL_AUTO
2026-04-15 13:20:11,1776259211,BOOM600,5917.468,-1,0.012999999999919964,BACKFILL_AUTO
2026-04-15 13:20:12,1776259212,BOOM600,5917.457,-1,0.01099999999951251,BACKFILL_AUTO
2026-04-15 13:20:13,1776259213,BOOM600,5917.448,-1,0.009000000000014552,BACKFILL_AUTO
2026-04-15 13:20:14,1776259214,BOOM600,5917.441,-1,0.007000000000516593,BACKFILL_AUTO
2026-04-15 13:20:15,1776259215,BOOM600,5917.435,-1,0.0059999999994033715,BACKFILL_AUTO
2026-04-15 13:20:16,1776259216,BOOM600,5917.42,-1,0.015000000000327418,BACKFILL_AUTO
2026-04-15 13:20:17,1776259217,BOOM600,5917.415,-1,0.005000000000109139,BACKFILL_AUTO
2026-04-15 13:20:18,1776259218,BOOM600,5917.404,-1,0.01099999999951251,BACKFILL_AUTO
2026-04-15 13:20:19,1776259219,BOOM600,5917.397,-1,0.007000000000516593,BACKFILL_AUTO
2026-04-15 13:20:20,1776259220,BOOM600,5917.386,-1,0.01099999999951251,BACKFILL_AUTO
2026-04-15 13:20:21,1776259221,BOOM600,5917.381,-1,0.005000000000109139,BACKFILL_AUTO
2026-04-15 13:20:22,1776259222,BOOM600,5917.373,-1,0.00800000000072032,BACKFILL_AUTO
2026-04-15 13:20:23,1776259223,BOOM600,5917.356,-1,0.016999999999825377,BACKFILL_AUTO
2026-04-15 13:20:24,1776259224,BOOM600,5917.351,-1,0.005000000000109139,BACKFILL_AUTO
2026-04-15 13:20:25,1776259225,BOOM600,5917.338,-1,0.012999999999919964,BACKFILL_AUTO
2026-04-15 13:20:26,1776259226,BOOM600,5917.321,-1,0.016999999999825377,BACKFILL_AUTO
2026-04-15 13:20:27,1776259227,BOOM600,5917.313,-1,0.007999999999810825,BACKFILL_AUTO
2026-04-15 13:20:28,1776259228,BOOM600,5917.312,-1,0.0010000000002037268,BACKFILL_AUTO
2026-04-15 13:20:29,1776259229,BOOM600,5917.309,-1,0.0029999999997016857,BACKFILL_AUTO
2026-04-15 13:20:30,1776259230,BOOM600,5917.297,-1,0.012000000000625732,BACKFILL_AUTO
2026-04-15 13:20:31,1776259231,BOOM600,5917.296,-1,0.0009999999992942321,BACKFILL_AUTO
2026-04-15 13:20:32,1776259232,BOOM600,5917.292,-1,0.0039999999999054126,BACKFILL_AUTO
2026-04-15 13:20:33,1776259233,BOOM600,5917.288,-1,0.004000000000814907,BACKFILL_AUTO
2026-04-15 13:20:34,1776259234,BOOM600,5917.269,-1,0.018999999999323336,BACKFILL_AUTO
2026-04-15 13:20:35,1776259235,BOOM600,5917.26,-1,0.009000000000014552,BACKFILL_AUTO
2026-04-15 13:20:36,1776259236,BOOM600,5917.26,0,0.0,BACKFILL_AUTO
2026-04-15 13:20:37,1776259237,BOOM600,5917.255,-1,0.005000000000109139,BACKFILL_AUTO
2026-04-15 13:20:38,1776259238,BOOM600,5917.245,-1,0.010000000000218279,BACKFILL_AUTO
2026-04-15 13:20:39,1776259239,BOOM600,5917.237,-1,0.007999999999810825,BACKFILL_AUTO
2026-04-15 13:20:40,1776259240,BOOM600,5917.23,-1,0.007000000000516593,BACKFILL_AUTO
2026-04-15 13:20:41,1776259241,BOOM600,5917.226,-1,0.0039999999999054126,BACKFILL_AUTO
2026-04-15 13:20:42,1776259242,BOOM600,5917.219,-1,0.006999999999607098,BACKFILL_AUTO
2026-04-15 13:20:43,1776259243,BOOM600,5917.217,-1,0.0020000000004074536,BACKFILL_AUTO
2026-04-15 13:20:44,1776259244,BOOM600,5917.207,-1,0.009999999999308784,BACKFILL_AUTO
2026-04-15 13:20:45,1776259245,BOOM600,5917.203,-1,0.0039999999999054126,BACKFILL_AUTO
2026-04-15 13:20:46,1776259246,BOOM600,5917.192,-1,0.011000000000422006,BACKFILL_AUTO
2026-04-15 13:20:47,1776259247,BOOM600,5917.187,-1,0.005000000000109139,BACKFILL_AUTO
2026-04-15 13:20:48,1776259248,BOOM600,5917.171,-1,0.01599999999962165,BACKFILL_AUTO
2026-04-15 13:20:49,1776259249,BOOM600,5917.161,-1,0.010000000000218279,BACKFILL_AUTO
2026-04-15 13:20:50,1776259250,BOOM600,5917.132,-1,0.02900000000045111,BACKFILL_AUTO
2026-04-15 13:20:51,1776259251,BOOM600,5917.12,-1,0.011999999999716238,BACKFILL_AUTO
2026-04-15 13:20:52,1776259252,BOOM600,5917.105,-1,0.015000000000327418,BACKFILL_AUTO
2026-04-15 13:20:53,1776259253,BOOM600,5917.092,-1,0.012999999999919964,BACKFILL_AUTO
2026-04-15 13:20:54,1776259254,BOOM600,5917.076,-1,0.01599999999962165,BACKFILL_AUTO
2026-04-15 13:20:55,1776259255,BOOM600,5917.066,-1,0.010000000000218279,BACKFILL_AUTO
2026-04-15 13:20:56,1776259256,BOOM600,5917.058,-1,0.007999999999810825,BACKFILL_AUTO
2026-04-15 13:20:57,1776259257,BOOM600,5917.037,-1,0.02099999999973079,BACKFILL_AUTO
2026-04-15 13:20:58,1776259258,BOOM600,5917.035,-1,0.0020000000004074536,BACKFILL_AUTO
2026-04-15 13:20:59,1776259259,BOOM600,5917.016,-1,0.01900000000023283,BACKFILL_AUTO
2026-04-15 13:21:00,1776259260,BOOM600,5917.014,-1,0.001999999999497959,BACKFILL_AUTO
2026-04-15 13:21:01,1776259261,BOOM600,5917.011,-1,0.0029999999997016857,BACKFILL_AUTO
2026-04-15 13:21:02,1776259262,BOOM600,5917.01,-1,0.0010000000002037268,BACKFILL_AUTO
2026-04-15 13:21:03,1776259263,BOOM600,5917.005,-1,0.005000000000109139,BACKFILL_AUTO
2026-04-15 13:21:04,1776259264,BOOM600,5916.999,-1,0.006000000000312866,BACKFILL_AUTO
2026-04-15 13:21:05,1776259265,BOOM600,5916.987,-1,0.011999999999716238,BACKFILL_AUTO
2026-04-15 13:21:06,1776259266,BOOM600,5916.974,-1,0.012999999999919964,BACKFILL_AUTO
2026-04-15 13:21:07,1776259267,BOOM600,5916.967,-1,0.007000000000516593,BACKFILL_AUTO
2026-04-15 13:21:08,1776259268,BOOM600,5916.95,-1,0.016999999999825377,BACKFILL_AUTO
2026-04-15 13:21:09,1776259269,BOOM600,5916.945,-1,0.005000000000109139,BACKFILL_AUTO
2026-04-15 13:21:10,1776259270,BOOM600,5916.937,-1,0.007999999999810825,BACKFILL_AUTO
2026-04-15 13:21:11,1776259271,BOOM600,5916.93,-1,0.006999999999607098,BACKFILL_AUTO
2026-04-15 13:21:12,1776259272,BOOM600,5916.919,-1,0.011000000000422006,BACKFILL_AUTO
2026-04-15 13:21:13,1776259273,BOOM600,5916.889,-1,0.02999999999974534,BACKFILL_AUTO
2026-04-15 13:21:14,1776259274,BOOM600,5916.865,-1,0.02400000000034197,BACKFILL_AUTO
2026-04-15 13:21:15,1776259275,BOOM600,5916.855,-1,0.010000000000218279,BACKFILL_AUTO
2026-04-15 13:21:16,1776259276,BOOM600,5916.843,-1,0.011999999999716238,BACKFILL_AUTO
2026-04-15 13:21:17,1776259277,BOOM600,5916.836,-1,0.006999999999607098,BACKFILL_AUTO
2026-04-15 13:21:18,1776259278,BOOM600,5916.822,-1,0.014000000000123691,BACKFILL_AUTO
2026-04-15 13:21:19,1776259279,BOOM600,5916.816,-1,0.006000000000312866,BACKFILL_AUTO
2026-04-15 13:21:20,1776259280,BOOM600,5916.803,-1,0.012999999999919964,BACKFILL_AUTO
2026-04-15 13:21:21,1776259281,BOOM600,5916.802,-1,0.0010000000002037268,BACKFILL_AUTO
2026-04-15 13:21:22,1776259282,BOOM600,5916.798,-1,0.0039999999999054126,BACKFILL_AUTO
2026-04-15 13:21:23,1776259283,BOOM600,5916.797,-1,0.0010000000002037268,BACKFILL_AUTO
2026-04-15 13:21:24,1776259284,BOOM600,5916.789,-1,0.007999999999810825,BACKFILL_AUTO
2026-04-15 13:21:25,1776259285,BOOM600,5916.788,-1,0.0010000000002037268,BACKFILL_AUTO
2026-04-15 13:21:26,1776259286,BOOM600,5916.771,-1,0.016999999999825377,BACKFILL_AUTO
2026-04-15 13:21:27,1776259287,BOOM600,5916.769,-1,0.001999999999497959,BACKFILL_AUTO
2026-04-15 13:21:28,1776259288,BOOM600,5916.763,-1,0.006000000000312866,BACKFILL_AUTO
2026-04-15 13:21:29,1776259289,BOOM600,5916.761,-1,0.001999999999497959,BACKFILL_AUTO
2026-04-15 13:21:30,1776259290,BOOM600,5916.745,-1,0.016000000000531145,BACKFILL_AUTO
2026-04-15 13:21:31,1776259291,BOOM600,5916.737,-1,0.007999999999810825,BACKFILL_AUTO
2026-04-15 13:21:32,1776259292,BOOM600,5916.729,-1,0.007999999999810825,BACKFILL_AUTO
2026-04-15 13:21:33,1776259293,BOOM600,5916.726,-1,0.0030000000006111804,BACKFILL_AUTO
2026-04-15 13:21:34,1776259294,BOOM600,5916.725,-1,0.0009999999992942321,BACKFILL_AUTO
2026-04-15 13:21:35,1776259295,BOOM600,5916.712,-1,0.012999999999919964,BACKFILL_AUTO
2026-04-15 13:21:36,1776259296,BOOM600,5916.7,-1,0.012000000000625732,BACKFILL_AUTO
2026-04-15 13:21:37,1776259297,BOOM600,5916.693,-1,0.006999999999607098,BACKFILL_AUTO
2026-04-15 13:21:38,1776259298,BOOM600,5916.689,-1,0.0039999999999054126,BACKFILL_AUTO
2026-04-15 13:21:39,1776259299,BOOM600,5916.679,-1,0.010000000000218279,BACKFILL_AUTO
2026-04-15 13:21:40,1776259300,BOOM600,5916.665,-1,0.014000000000123691,BACKFILL_AUTO
2026-04-15 13:21:41,1776259301,BOOM600,5916.659,-1,0.006000000000312866,BACKFILL_AUTO
2026-04-15 13:21:42,1776259302,BOOM600,5916.658,-1,0.0009999999992942321,BACKFILL_AUTO
2026-04-15 13:21:43,1776259303,BOOM600,5916.651,-1,0.007000000000516593,BACKFILL_AUTO
2026-04-15 13:21:44,1776259304,BOOM600,5916.644,-1,0.006999999999607098,BACKFILL_AUTO
2026-04-15 13:21:45,1776259305,BOOM600,5916.627,-1,0.016999999999825377,BACKFILL_AUTO
2026-04-15 13:21:46,1776259306,BOOM600,5916.609,-1,0.018000000000029104,BACKFILL_AUTO
2026-04-15 13:21:47,1776259307,BOOM600,5916.599,-1,0.010000000000218279,BACKFILL_AUTO
2026-04-15 13:21:48,1776259308,BOOM600,5916.597,-1,0.0020000000004074536,BACKFILL_AUTO
2026-04-15 13:21:49,1776259309,BOOM600,5916.578,-1,0.018999999999323336,BACKFILL_AUTO
2026-04-15 13:21:50,1776259310,BOOM600,5916.569,-1,0.009000000000014552,BACKFILL_AUTO
2026-04-15 13:21:51,1776259311,BOOM600,5916.565,-1,0.004000000000814907,BACKFILL_AUTO
2026-04-15 13:21:52,1776259312,BOOM600,5916.564,-1,0.0009999999992942321,BACKFILL_AUTO
2026-04-15 13:21:53,1776259313,BOOM600,5916.545,-1,0.01900000000023283,BACKFILL_AUTO
2026-04-15 13:21:54,1776259314,BOOM600,5916.54,-1,0.005000000000109139,BACKFILL_AUTO
2026-04-15 13:21:55,1776259315,BOOM600,5916.53,-1,0.010000000000218279,BACKFILL_AUTO
2026-04-15 13:21:56,1776259316,BOOM600,5916.512,-1,0.018000000000029104,BACKFILL_AUTO
2026-04-15 13:21:57,1776259317,BOOM600,5916.475,-1,0.03699999999935244,BACKFILL_AUTO
2026-04-15 13:21:58,1776259318,BOOM600,5916.473,-1,0.0020000000004074536,BACKFILL_AUTO
2026-04-15 13:21:59,1776259319,BOOM600,5916.463,-1,0.010000000000218279,BACKFILL_AUTO
2026-04-15 13:22:00,1776259320,BOOM600,5916.462,-1,0.0009999999992942321,BACKFILL_AUTO
2026-04-15 13:22:01,1776259321,BOOM600,5916.456,-1,0.006000000000312866,BACKFILL_AUTO
2026-04-15 13:22:02,1776259322,BOOM600,5916.445,-1,0.011000000000422006,BACKFILL_AUTO
2026-04-15 13:22:03,1776259323,BOOM600,5916.441,-1,0.0039999999999054126,BACKFILL_AUTO
2026-04-15 13:22:04,1776259324,BOOM600,5916.422,-1,0.01900000000023283,BACKFILL_AUTO
2026-04-15 13:22:05,1776259325,BOOM600,5916.415,-1,0.006999999999607098,BACKFILL_AUTO
2026-04-15 13:22:06,1776259326,BOOM600,5916.411,-1,0.0039999999999054126,BACKFILL_AUTO
2026-04-15 13:22:07,1776259327,BOOM600,5916.405,-1,0.006000000000312866,BACKFILL_AUTO
2026-04-15 13:22:08,1776259328,BOOM600,5916.389,-1,0.01599999999962165,BACKFILL_AUTO
2026-04-15 13:22:09,1776259329,BOOM600,5916.386,-1,0.0029999999997016857,BACKFILL_AUTO
2026-04-15 13:22:10,1776259330,BOOM600,5916.385,-1,0.0010000000002037268,BACKFILL_AUTO
2026-04-15 13:22:11,1776259331,BOOM600,5916.38,-1,0.005000000000109139,BACKFILL_AUTO
2026-04-15 13:22:12,1776259332,BOOM600,5916.364,-1,0.016000000000531145,BACKFILL_AUTO
2026-04-15 13:22:13,1776259333,BOOM600,5916.362,-1,0.001999999999497959,BACKFILL_AUTO
2026-04-15 13:22:14,1776259334,BOOM600,5916.352,-1,0.010000000000218279,BACKFILL_AUTO
2026-04-15 13:22:15,1776259335,BOOM600,5916.349,-1,0.0029999999997016857,BACKFILL_AUTO
2026-04-15 13:22:16,1776259336,BOOM600,5916.327,-1,0.021999999999934516,BACKFILL_AUTO
2026-04-15 13:22:17,1776259337,BOOM600,5916.295,-1,0.032000000000152795,BACKFILL_AUTO
2026-04-15 13:22:18,1776259338,BOOM600,5916.288,-1,0.007000000000516593,BACKFILL_AUTO
2026-04-15 13:22:19,1776259339,BOOM600,5916.287,-1,0.0009999999992942321,BACKFILL_AUTO
2026-04-15 13:22:20,1776259340,BOOM600,5916.272,-1,0.015000000000327418,BACKFILL_AUTO
2026-04-15 13:22:21,1776259341,BOOM600,5916.249,-1,0.023000000000138243,BACKFILL_AUTO
2026-04-15 13:22:22,1776259342,BOOM600,5916.247,-1,0.001999999999497959,BACKFILL_AUTO
2026-04-15 13:22:23,1776259343,BOOM600,5916.235,-1,0.012000000000625732,BACKFILL_AUTO
2026-04-15 13:22:24,1776259344,BOOM600,5916.22,-1,0.014999999999417923,BACKFILL_AUTO
2026-04-15 13:22:25,1776259345,BOOM600,5916.21,-1,0.010000000000218279,BACKFILL_AUTO
2026-04-15 13:22:26,1776259346,BOOM600,5916.204,-1,0.006000000000312866,BACKFILL_AUTO
2026-04-15 13:22:27,1776259347,BOOM600,5916.194,-1,0.009999999999308784,BACKFILL_AUTO
2026-04-15 13:22:28,1776259348,BOOM600,5916.193,-1,0.0010000000002037268,BACKFILL_AUTO
2026-04-15 13:22:29,1776259349,BOOM600,5916.164,-1,0.02900000000045111,BACKFILL_AUTO
2026-04-15 13:22:30,1776259350,BOOM600,5916.149,-1,0.014999999999417923,BACKFILL_AUTO
2026-04-15 13:22:31,1776259351,BOOM600,5916.143,-1,0.006000000000312866,BACKFILL_AUTO
2026-04-15 13:22:32,1776259352,BOOM600,5916.141,-1,0.0020000000004074536,BACKFILL_AUTO
2026-04-15 13:22:33,1776259353,BOOM600,5916.117,-1,0.023999999999432475,BACKFILL_AUTO
2026-04-15 13:22:34,1776259354,BOOM600,5916.094,-1,0.023000000000138243,BACKFILL_AUTO
2026-04-15 13:22:35,1776259355,BOOM600,5916.091,-1,0.0029999999997016857,BACKFILL_AUTO
2026-04-15 13:22:36,1776259356,BOOM600,5916.091,0,0.0,BACKFILL_AUTO
2026-04-15 13:22:37,1776259357,BOOM600,5916.09,-1,0.0010000000002037268,BACKFILL_AUTO
2026-04-15 13:22:38,1776259358,BOOM600,5916.077,-1,0.012999999999919964,BACKFILL_AUTO
2026-04-15 13:22:39,1776259359,BOOM600,5916.074,-1,0.0030000000006111804,BACKFILL_AUTO
2026-04-15 13:22:40,1776259360,BOOM600,5916.065,-1,0.009000000000014552,BACKFILL_AUTO
2026-04-15 13:22:41,1776259361,BOOM600,5916.048,-1,0.016999999999825377,BACKFILL_AUTO
2026-04-15 13:22:42,1776259362,BOOM600,5916.026,-1,0.021999999999934516,BACKFILL_AUTO
2026-04-15 13:22:43,1776259363,BOOM600,5916.024,-1,0.001999999999497959,BACKFILL_AUTO
2026-04-15 13:22:44,1776259364,BOOM600,5916.014,-1,0.010000000000218279,BACKFILL_AUTO
2026-04-15 13:22:45,1776259365,BOOM600,5916.005,-1,0.009000000000014552,BACKFILL_AUTO
2026-04-15 13:22:46,1776259366,BOOM600,5915.996,-1,0.009000000000014552,BACKFILL_AUTO
2026-04-15 13:22:47,1776259367,BOOM600,5915.985,-1,0.011000000000422006,BACKFILL_AUTO
2026-04-15 13:22:48,1776259368,BOOM600,5915.969,-1,0.01599999999962165,BACKFILL_AUTO
2026-04-15 13:22:49,1776259369,BOOM600,5915.967,-1,0.0020000000004074536,BACKFILL_AUTO
2026-04-15 13:22:50,1776259370,BOOM600,5915.965,-1,0.001999999999497959,BACKFILL_AUTO
2026-04-15 13:22:51,1776259371,BOOM600,5915.95,-1,0.015000000000327418,BACKFILL_AUTO
2026-04-15 13:22:52,1776259372,BOOM600,5915.934,-1,0.01599999999962165,BACKFILL_AUTO
2026-04-15 13:22:53,1776259373,BOOM600,5915.912,-1,0.021999999999934516,BACKFILL_AUTO
2026-04-15 13:22:54,1776259374,BOOM600,5915.91,-1,0.0020000000004074536,BACKFILL_AUTO
2026-04-15 13:22:55,1776259375,BOOM600,5915.904,-1,0.0059999999994033715,BACKFILL_AUTO
2026-04-15 13:22:56,1776259376,BOOM600,5915.893,-1,0.011000000000422006,BACKFILL_AUTO
2026-04-15 13:22:57,1776259377,BOOM600,5915.892,-1,0.0010000000002037268,BACKFILL_AUTO
2026-04-15 13:22:58,1776259378,BOOM600,5915.89,-1,0.001999999999497959,BACKFILL_AUTO
2026-04-15 13:22:59,1776259379,BOOM600,5915.862,-1,0.028000000000247383,BACKFILL_AUTO
2026-04-15 13:23:00,1776259380,BOOM600,5915.852,-1,0.010000000000218279,BACKFILL_AUTO
2026-04-15 13:23:01,1776259381,BOOM600,5915.848,-1,0.0039999999999054126,BACKFILL_AUTO
2026-04-15 13:23:02,1776259382,BOOM600,5915.84,-1,0.007999999999810825,BACKFILL_AUTO
2026-04-15 13:23:03,1776259383,BOOM600,5915.835,-1,0.005000000000109139,BACKFILL_AUTO
2026-04-15 13:23:04,1776259384,BOOM600,5915.827,-1,0.007999999999810825,BACKFILL_AUTO
2026-04-15 13:23:05,1776259385,BOOM600,5915.823,-1,0.0039999999999054126,BACKFILL_AUTO
2026-04-15 13:23:06,1776259386,BOOM600,5915.815,-1,0.00800000000072032,BACKFILL_AUTO
2026-04-15 13:23:07,1776259387,BOOM600,5915.803,-1,0.011999999999716238,BACKFILL_AUTO
2026-04-15 13:23:08,1776259388,BOOM600,5915.796,-1,0.006999999999607098,BACKFILL_AUTO
2026-04-15 13:23:09,1776259389,BOOM600,5915.791,-1,0.005000000000109139,BACKFILL_AUTO
2026-04-15 13:23:10,1776259390,BOOM600,5915.791,0,0.0,BACKFILL_AUTO
2026-04-15 13:23:11,1776259391,BOOM600,5915.785,-1,0.006000000000312866,BACKFILL_AUTO
2026-04-15 13:23:12,1776259392,BOOM600,5915.781,-1,0.0039999999999054126,BACKFILL_AUTO
2026-04-15 13:23:13,1776259393,BOOM600,5915.764,-1,0.016999999999825377,BACKFILL_AUTO
2026-04-15 13:23:14,1776259394,BOOM600,5915.756,-1,0.007999999999810825,BACKFILL_AUTO
2026-04-15 13:23:15,1776259395,BOOM600,5915.742,-1,0.014000000000123691,BACKFILL_AUTO
2026-04-15 13:23:16,1776259396,BOOM600,5915.738,-1,0.0039999999999054126,BACKFILL_AUTO
2026-04-15 13:23:17,1776259397,BOOM600,5915.73,-1,0.00800000000072032,BACKFILL_AUTO
2026-04-15 13:23:18,1776259398,BOOM600,5915.722,-1,0.007999999999810825,BACKFILL_AUTO
2026-04-15 13:23:19,1776259399,BOOM600,5915.711,-1,0.01099999999951251,BACKFILL_AUTO
2026-04-15 13:23:20,1776259400,BOOM600,5915.706,-1,0.005000000000109139,BACKFILL_AUTO
2026-04-15 13:23:21,1776259401,BOOM600,5915.698,-1,0.007999999999810825,BACKFILL_AUTO
2026-04-15 13:23:22,1776259402,BOOM600,5915.685,-1,0.012999999999919964,BACKFILL_AUTO
2026-04-15 13:23:23,1776259403,BOOM600,5915.673,-1,0.012000000000625732,BACKFILL_AUTO
2026-04-15 13:23:24,1776259404,BOOM600,5915.672,-1,0.0010000000002037268,BACKFILL_AUTO
2026-04-15 13:23:25,1776259405,BOOM600,5915.645,-1,0.02699999999913416,BACKFILL_AUTO
2026-04-15 13:23:26,1776259406,BOOM600,5915.623,-1,0.02200000000084401,BACKFILL_AUTO
2026-04-15 13:23:27,1776259407,BOOM600,5915.621,-1,0.001999999999497959,BACKFILL_AUTO
2026-04-15 13:23:28,1776259408,BOOM600,5915.602,-1,0.01900000000023283,BACKFILL_AUTO
2026-04-15 13:23:29,1776259409,BOOM600,5915.591,-1,0.01099999999951251,BACKFILL_AUTO
2026-04-15 13:23:30,1776259410,BOOM600,5915.589,-1,0.0020000000004074536,BACKFILL_AUTO
2026-04-15 13:23:31,1776259411,BOOM600,5915.586,-1,0.0029999999997016857,BACKFILL_AUTO
2026-04-15 13:23:32,1776259412,BOOM600,5915.563,-1,0.023000000000138243,BACKFILL_AUTO
2026-04-15 13:23:33,1776259413,BOOM600,5915.562,-1,0.0010000000002037268,BACKFILL_AUTO
2026-04-15 13:23:34,1776259414,BOOM600,5915.545,-1,0.016999999999825377,BACKFILL_AUTO
2026-04-15 13:23:35,1776259415,BOOM600,5915.543,-1,0.0020000000004074536,BACKFILL_AUTO
2026-04-15 13:23:36,1776259416,BOOM600,5915.535,-1,0.007999999999810825,BACKFILL_AUTO
2026-04-15 13:23:37,1776259417,BOOM600,5915.524,-1,0.01099999999951251,BACKFILL_AUTO
2026-04-15 13:23:38,1776259418,BOOM600,5915.516,-1,0.00800000000072032,BACKFILL_AUTO
2026-04-15 13:23:39,1776259419,BOOM600,5915.512,-1,0.0039999999999054126,BACKFILL_AUTO
2026-04-15 13:23:40,1776259420,BOOM600,5915.494,-1,0.018000000000029104,BACKFILL_AUTO
2026-04-15 13:23:41,1776259421,BOOM600,5915.479,-1,0.014999999999417923,BACKFILL_AUTO
2026-04-15 13:23:42,1776259422,BOOM600,5915.469,-1,0.010000000000218279,BACKFILL_AUTO
2026-04-15 13:23:43,1776259423,BOOM600,5915.468,-1,0.0010000000002037268,BACKFILL_AUTO
2026-04-15 13:23:44,1776259424,BOOM600,5915.454,-1,0.014000000000123691,BACKFILL_AUTO
2026-04-15 13:23:45,1776259425,BOOM600,5915.424,-1,0.02999999999974534,BACKFILL_AUTO
2026-04-15 13:23:46,1776259426,BOOM600,5915.412,-1,0.011999999999716238,BACKFILL_AUTO
2026-04-15 13:23:47,1776259427,BOOM600,5915.401,-1,0.011000000000422006,BACKFILL_AUTO
2026-04-15 13:23:48,1776259428,BOOM600,5915.395,-1,0.0059999999994033715,BACKFILL_AUTO
2026-04-15 13:23:49,1776259429,BOOM600,5915.39,-1,0.005000000000109139,BACKFILL_AUTO
2026-04-15 13:23:50,1776259430,BOOM600,5915.383,-1,0.007000000000516593,BACKFILL_AUTO
2026-04-15 13:23:51,1776259431,BOOM600,5915.38,-1,0.0029999999997016857,BACKFILL_AUTO
2026-04-15 13:23:52,1776259432,BOOM600,5915.356,-1,0.02400000000034197,BACKFILL_AUTO
2026-04-15 13:23:53,1776259433,BOOM600,5915.354,-1,0.001999999999497959,BACKFILL_AUTO
2026-04-15 13:23:54,1776259434,BOOM600,5915.345,-1,0.009000000000014552,BACKFILL_AUTO
2026-04-15 13:23:55,1776259435,BOOM600,5915.342,-1,0.0030000000006111804,BACKFILL_AUTO
2026-04-15 13:23:56,1776259436,BOOM600,5915.338,-1,0.0039999999999054126,BACKFILL_AUTO
2026-04-15 13:23:57,1776259437,BOOM600,5915.32,-1,0.018000000000029104,BACKFILL_AUTO
2026-04-15 13:23:58,1776259438,BOOM600,5915.303,-1,0.016999999999825377,BACKFILL_AUTO
2026-04-15 13:23:59,1776259439,BOOM600,5915.282,-1,0.02099999999973079,BACKFILL_AUTO
2026-04-15 13:24:00,1776259440,BOOM600,5915.279,-1,0.0029999999997016857,BACKFILL_AUTO
2026-04-15 13:24:01,1776259441,BOOM600,5915.274,-1,0.005000000000109139,BACKFILL_AUTO
2026-04-15 13:24:02,1776259442,BOOM600,5915.247,-1,0.027000000000043656,BACKFILL_AUTO
2026-04-15 13:24:03,1776259443,BOOM600,5915.245,-1,0.0020000000004074536,BACKFILL_AUTO
2026-04-15 13:24:04,1776259444,BOOM600,5915.243,-1,0.001999999999497959,BACKFILL_AUTO
2026-04-15 13:24:05,1776259445,BOOM600,5915.24,-1,0.0030000000006111804,BACKFILL_AUTO
2026-04-15 13:24:06,1776259446,BOOM600,5915.229,-1,0.01099999999951251,BACKFILL_AUTO
2026-04-15 13:24:07,1776259447,BOOM600,5915.208,-1,0.021000000000640284,BACKFILL_AUTO
2026-04-15 13:24:08,1776259448,BOOM600,5915.205,-1,0.0029999999997016857,BACKFILL_AUTO
2026-04-15 13:24:09,1776259449,BOOM600,5915.195,-1,0.010000000000218279,BACKFILL_AUTO
2026-04-15 13:24:10,1776259450,BOOM600,5915.188,-1,0.006999999999607098,BACKFILL_AUTO
2026-04-15 13:24:11,1776259451,BOOM600,5915.172,-1,0.016000000000531145,BACKFILL_AUTO
2026-04-15 13:24:12,1776259452,BOOM600,5915.162,-1,0.009999999999308784,BACKFILL_AUTO
2026-04-15 13:24:13,1776259453,BOOM600,5915.157,-1,0.005000000000109139,BACKFILL_AUTO
2026-04-15 13:24:14,1776259454,BOOM600,5915.147,-1,0.010000000000218279,BACKFILL_AUTO
2026-04-15 13:24:15,1776259455,BOOM600,5915.142,-1,0.005000000000109139,BACKFILL_AUTO
2026-04-15 13:24:16,1776259456,BOOM600,5915.134,-1,0.007999999999810825,BACKFILL_AUTO
2026-04-15 13:24:17,1776259457,BOOM600,5915.131,-1,0.0029999999997016857,BACKFILL_AUTO
2026-04-15 13:24:18,1776259458,BOOM600,5915.128,-1,0.0030000000006111804,BACKFILL_AUTO
2026-04-15 13:24:19,1776259459,BOOM600,5915.121,-1,0.006999999999607098,BACKFILL_AUTO
2026-04-15 13:24:20,1776259460,BOOM600,5915.121,0,0.0,BACKFILL_AUTO
2026-04-15 13:24:21,1776259461,BOOM600,5915.106,-1,0.015000000000327418,BACKFILL_AUTO
2026-04-15 13:24:22,1776259462,BOOM600,5915.093,-1,0.012999999999919964,BACKFILL_AUTO
2026-04-15 13:24:23,1776259463,BOOM600,5915.083,-1,0.010000000000218279,BACKFILL_AUTO
2026-04-15 13:24:24,1776259464,BOOM600,5915.08,-1,0.0029999999997016857,BACKFILL_AUTO
2026-04-15 13:24:25,1776259465,BOOM600,5915.074,-1,0.006000000000312866,BACKFILL_AUTO
2026-04-15 13:24:26,1776259466,BOOM600,5915.066,-1,0.007999999999810825,BACKFILL_AUTO
2026-04-15 13:24:27,1776259467,BOOM600,5915.05,-1,0.01599999999962165,BACKFILL_AUTO
2026-04-15 13:24:28,1776259468,BOOM600,5915.049,-1,0.0010000000002037268,BACKFILL_AUTO
2026-04-15 13:24:29,1776259469,BOOM600,5915.041,-1,0.007999999999810825,BACKFILL_AUTO
2026-04-15 13:24:30,1776259470,BOOM600,5915.037,-1,0.0039999999999054126,BACKFILL_AUTO
2026-04-15 13:24:31,1776259471,BOOM600,5915.009,-1,0.028000000000247383,BACKFILL_AUTO
2026-04-15 13:24:32,1776259472,BOOM600,5915.007,-1,0.0020000000004074536,BACKFILL_AUTO
2026-04-15 13:24:33,1776259473,BOOM600,5914.984,-1,0.02299999999922875,BACKFILL_AUTO
2026-04-15 13:24:34,1776259474,BOOM600,5914.973,-1,0.011000000000422006,BACKFILL_AUTO
2026-04-15 13:24:35,1776259475,BOOM600,5914.972,-1,0.0010000000002037268,BACKFILL_AUTO
2026-04-15 13:24:36,1776259476,BOOM600,5914.969,-1,0.0029999999997016857,BACKFILL_AUTO
2026-04-15 13:24:37,1776259477,BOOM600,5914.968,-1,0.0010000000002037268,BACKFILL_AUTO
2026-04-15 13:24:38,1776259478,BOOM600,5914.968,0,0.0,BACKFILL_AUTO
2026-04-15 13:24:39,1776259479,BOOM600,5914.948,-1,0.019999999999527063,BACKFILL_AUTO
2026-04-15 13:24:40,1776259480,BOOM600,5914.939,-1,0.009000000000014552,BACKFILL_AUTO
2026-04-15 13:24:41,1776259481,BOOM600,5914.929,-1,0.010000000000218279,BACKFILL_AUTO
2026-04-15 13:24:42,1776259482,BOOM600,5914.925,-1,0.0039999999999054126,BACKFILL_AUTO
2026-04-15 13:24:43,1776259483,BOOM600,5914.913,-1,0.012000000000625732,BACKFILL_AUTO
2026-04-15 13:24:44,1776259484,BOOM600,5914.907,-1,0.0059999999994033715,BACKFILL_AUTO
2026-04-15 13:24:45,1776259485,BOOM600,5914.888,-1,0.01900000000023283,BACKFILL_AUTO
2026-04-15 13:24:46,1776259486,BOOM600,5914.885,-1,0.0029999999997016857,BACKFILL_AUTO
2026-04-15 13:24:47,1776259487,BOOM600,5914.87,-1,0.015000000000327418,BACKFILL_AUTO
2026-04-15 13:24:48,1776259488,BOOM600,5914.857,-1,0.012999999999919964,BACKFILL_AUTO
2026-04-15 13:24:49,1776259489,BOOM600,5914.852,-1,0.005000000000109139,BACKFILL_AUTO
2026-04-15 13:24:50,1776259490,BOOM600,5914.838,-1,0.014000000000123691,BACKFILL_AUTO
2026-04-15 13:24:51,1776259491,BOOM600,5914.832,-1,0.0059999999994033715,BACKFILL_AUTO
2026-04-15 13:24:52,1776259492,BOOM600,5914.831,-1,0.0010000000002037268,BACKFILL_AUTO
2026-04-15 13:24:53,1776259493,BOOM600,5914.825,-1,0.006000000000312866,BACKFILL_AUTO
2026-04-15 13:24:54,1776259494,BOOM600,5914.823,-1,0.001999999999497959,BACKFILL_AUTO
2026-04-15 13:24:55,1776259495,BOOM600,5914.811,-1,0.012000000000625732,BACKFILL_AUTO
2026-04-15 13:24:56,1776259496,BOOM600,5914.793,-1,0.018000000000029104,BACKFILL_AUTO
2026-04-15 13:24:57,1776259497,BOOM600,5914.767,-1,0.02599999999983993,BACKFILL_AUTO
2026-04-15 13:24:58,1776259498,BOOM600,5914.758,-1,0.009000000000014552,BACKFILL_AUTO
2026-04-15 13:24:59,1776259499,BOOM600,5914.748,-1,0.010000000000218279,BACKFILL_AUTO
2026-04-15 13:25:00,1776259500,BOOM600,5914.726,-1,0.021999999999934516,BACKFILL_AUTO
2026-04-15 13:25:01,1776259501,BOOM600,5914.712,-1,0.013999999999214197,BACKFILL_AUTO
2026-04-15 13:25:02,1776259502,BOOM600,5914.694,-1,0.018000000000029104,BACKFILL_AUTO
2026-04-15 13:25:03,1776259503,BOOM600,5914.692,-1,0.0020000000004074536,BACKFILL_AUTO
2026-04-15 13:25:04,1776259504,BOOM600,5914.69,-1,0.0020000000004074536,BACKFILL_AUTO
2026-04-15 13:25:05,1776259505,BOOM600,5914.673,-1,0.016999999999825377,BACKFILL_AUTO
2026-04-15 13:25:06,1776259506,BOOM600,5914.659,-1,0.014000000000123691,BACKFILL_AUTO
2026-04-15 13:25:07,1776259507,BOOM600,5914.653,-1,0.0059999999994033715,BACKFILL_AUTO
2026-04-15 13:25:08,1776259508,BOOM600,5914.64,-1,0.012999999999919964,BACKFILL_AUTO
2026-04-15 13:25:09,1776259509,BOOM600,5914.634,-1,0.006000000000312866,BACKFILL_AUTO
2026-04-15 13:25:10,1776259510,BOOM600,5914.63,-1,0.0039999999999054126,BACKFILL_AUTO
2026-04-15 13:25:11,1776259511,BOOM600,5914.626,-1,0.0039999999999054126,BACKFILL_AUTO
2026-04-15 13:25:12,1776259512,BOOM600,5914.623,-1,0.0030000000006111804,BACKFILL_AUTO
2026-04-15 13:25:13,1776259513,BOOM600,5914.616,-1,0.006999999999607098,BACKFILL_AUTO
2026-04-15 13:25:14,1776259514,BOOM600,5914.614,-1,0.0020000000004074536,BACKFILL_AUTO
2026-04-15 13:25:15,1776259515,BOOM600,5914.606,-1,0.007999999999810825,BACKFILL_AUTO
2026-04-15 13:25:16,1776259516,BOOM600,5914.592,-1,0.014000000000123691,BACKFILL_AUTO
2026-04-15 13:25:17,1776259517,BOOM600,5914.564,-1,0.027999999999337888,BACKFILL_AUTO
2026-04-15 13:25:18,1776259518,BOOM600,5914.564,0,0.0,BACKFILL_AUTO
2026-04-15 13:25:19,1776259519,BOOM600,5914.552,-1,0.012000000000625732,BACKFILL_AUTO
2026-04-15 13:25:20,1776259520,BOOM600,5914.55,-1,0.001999999999497959,BACKFILL_AUTO
2026-04-15 13:25:21,1776259521,BOOM600,5914.537,-1,0.012999999999919964,BACKFILL_AUTO
2026-04-15 13:25:22,1776259522,BOOM600,5914.52,-1,0.016999999999825377,BACKFILL_AUTO
2026-04-15 13:25:23,1776259523,BOOM600,5914.516,-1,0.004000000000814907,BACKFILL_AUTO
2026-04-15 13:25:24,1776259524,BOOM600,5914.505,-1,0.01099999999951251,BACKFILL_AUTO
2026-04-15 13:25:25,1776259525,BOOM600,5914.499,-1,0.006000000000312866,BACKFILL_AUTO
2026-04-15 13:25:26,1776259526,BOOM600,5914.486,-1,0.012999999999919964,BACKFILL_AUTO
2026-04-15 13:25:27,1776259527,BOOM600,5914.481,-1,0.005000000000109139,BACKFILL_AUTO
2026-04-15 13:25:28,1776259528,BOOM600,5914.45,-1,0.03099999999994907,BACKFILL_AUTO
2026-04-15 13:25:29,1776259529,BOOM600,5914.443,-1,0.006999999999607098,BACKFILL_AUTO
2026-04-15 13:25:30,1776259530,BOOM600,5914.441,-1,0.0020000000004074536,BACKFILL_AUTO
2026-04-15 13:25:31,1776259531,BOOM600,5914.433,-1,0.007999999999810825,BACKFILL_AUTO
2026-04-15 13:25:32,1776259532,BOOM600,5914.425,-1,0.007999999999810825,BACKFILL_AUTO
2026-04-15 13:25:33,1776259533,BOOM600,5914.411,-1,0.014000000000123691,BACKFILL_AUTO
2026-04-15 13:25:34,1776259534,BOOM600,5914.405,-1,0.006000000000312866,BACKFILL_AUTO
2026-04-15 13:25:35,1776259535,BOOM600,5914.389,-1,0.01599999999962165,BACKFILL_AUTO
2026-04-15 13:25:36,1776259536,BOOM600,5914.368,-1,0.02099999999973079,BACKFILL_AUTO
2026-04-15 13:25:37,1776259537,BOOM600,5914.358,-1,0.010000000000218279,BACKFILL_AUTO
2026-04-15 13:25:38,1776259538,BOOM600,5914.349,-1,0.009000000000014552,BACKFILL_AUTO
2026-04-15 13:25:39,1776259539,BOOM600,5914.343,-1,0.006000000000312866,BACKFILL_AUTO
2026-04-15 13:25:40,1776259540,BOOM600,5914.342,-1,0.0010000000002037268,BACKFILL_AUTO
2026-04-15 13:25:41,1776259541,BOOM600,5914.328,-1,0.013999999999214197,BACKFILL_AUTO
2026-04-15 13:25:42,1776259542,BOOM600,5914.322,-1,0.006000000000312866,BACKFILL_AUTO
2026-04-15 13:25:43,1776259543,BOOM600,5914.308,-1,0.014000000000123691,BACKFILL_AUTO
2026-04-15 13:25:44,1776259544,BOOM600,5914.306,-1,0.0020000000004074536,BACKFILL_AUTO
2026-04-15 13:25:45,1776259545,BOOM600,5914.298,-1,0.007999999999810825,BACKFILL_AUTO
2026-04-15 13:25:46,1776259546,BOOM600,5914.292,-1,0.0059999999994033715,BACKFILL_AUTO
2026-04-15 13:25:47,1776259547,BOOM600,5914.28,-1,0.012000000000625732,BACKFILL_AUTO
2026-04-15 13:25:48,1776259548,BOOM600,5914.279,-1,0.0009999999992942321,BACKFILL_AUTO
2026-04-15 13:25:49,1776259549,BOOM600,5914.254,-1,0.025000000000545697,BACKFILL_AUTO
2026-04-15 13:25:50,1776259550,BOOM600,5914.25,-1,0.0039999999999054126,BACKFILL_AUTO
2026-04-15 13:25:51,1776259551,BOOM600,5914.247,-1,0.0029999999997016857,BACKFILL_AUTO
2026-04-15 13:25:52,1776259552,BOOM600,5914.227,-1,0.020000000000436557,BACKFILL_AUTO
2026-04-15 13:25:53,1776259553,BOOM600,5914.209,-1,0.018000000000029104,BACKFILL_AUTO
2026-04-15 13:25:54,1776259554,BOOM600,5914.204,-1,0.005000000000109139,BACKFILL_AUTO
2026-04-15 13:25:55,1776259555,BOOM600,5914.193,-1,0.01099999999951251,BACKFILL_AUTO
2026-04-15 13:25:56,1776259556,BOOM600,5914.191,-1,0.0020000000004074536,BACKFILL_AUTO
2026-04-15 13:25:57,1776259557,BOOM600,5914.167,-1,0.023999999999432475,BACKFILL_AUTO
2026-04-15 13:25:58,1776259558,BOOM600,5914.157,-1,0.010000000000218279,BACKFILL_AUTO
2026-04-15 13:25:59,1776259559,BOOM600,5914.145,-1,0.011999999999716238,BACKFILL_AUTO
2026-04-15 13:26:00,1776259560,BOOM600,5914.127,-1,0.018000000000029104,BACKFILL_AUTO
2026-04-15 13:26:01,1776259561,BOOM600,5914.114,-1,0.01300000000082946,BACKFILL_AUTO
2026-04-15 13:26:02,1776259562,BOOM600,5914.097,-1,0.016999999999825377,BACKFILL_AUTO
2026-04-15 13:26:03,1776259563,BOOM600,5914.096,-1,0.0010000000002037268,BACKFILL_AUTO
2026-04-15 13:26:04,1776259564,BOOM600,5914.091,-1,0.004999999999199645,BACKFILL_AUTO
2026-04-15 13:26:05,1776259565,BOOM600,5914.077,-1,0.014000000000123691,BACKFILL_AUTO
2026-04-15 13:26:06,1776259566,BOOM600,5914.066,-1,0.011000000000422006,BACKFILL_AUTO
2026-04-15 13:26:07,1776259567,BOOM600,5914.052,-1,0.014000000000123691,BACKFILL_AUTO
2026-04-15 13:26:08,1776259568,BOOM600,5914.045,-1,0.006999999999607098,BACKFILL_AUTO
2026-04-15 13:26:09,1776259569,BOOM600,5914.043,-1,0.0020000000004074536,BACKFILL_AUTO
2026-04-15 13:26:10,1776259570,BOOM600,5914.036,-1,0.006999999999607098,BACKFILL_AUTO
2026-04-15 13:26:11,1776259571,BOOM600,5914.034,-1,0.0020000000004074536,BACKFILL_AUTO
2026-04-15 13:26:12,1776259572,BOOM600,5914.028,-1,0.0059999999994033715,BACKFILL_AUTO
2026-04-15 13:26:13,1776259573,BOOM600,5914.017,-1,0.011000000000422006,BACKFILL_AUTO
2026-04-15 13:26:14,1776259574,BOOM600,5913.995,-1,0.021999999999934516,BACKFILL_AUTO
2026-04-15 13:26:15,1776259575,BOOM600,5913.971,-1,0.02400000000034197,BACKFILL_AUTO
2026-04-15 13:26:16,1776259576,BOOM600,5913.965,-1,0.0059999999994033715,BACKFILL_AUTO
2026-04-15 13:26:17,1776259577,BOOM600,5913.957,-1,0.007999999999810825,BACKFILL_AUTO
2026-04-15 13:26:18,1776259578,BOOM600,5913.946,-1,0.011000000000422006,BACKFILL_AUTO
2026-04-15 13:26:19,1776259579,BOOM600,5913.933,-1,0.012999999999919964,BACKFILL_AUTO
2026-04-15 13:26:20,1776259580,BOOM600,5913.925,-1,0.007999999999810825,BACKFILL_AUTO
2026-04-15 13:26:21,1776259581,BOOM600,5913.924,-1,0.0010000000002037268,BACKFILL_AUTO
2026-04-15 13:26:22,1776259582,BOOM600,5913.916,-1,0.007999999999810825,BACKFILL_AUTO
2026-04-15 13:26:23,1776259583,BOOM600,5913.91,-1,0.006000000000312866,BACKFILL_AUTO
2026-04-15 13:26:24,1776259584,BOOM600,5913.896,-1,0.014000000000123691,BACKFILL_AUTO
2026-04-15 13:26:25,1776259585,BOOM600,5913.879,-1,0.016999999999825377,BACKFILL_AUTO
2026-04-15 13:26:26,1776259586,BOOM600,5913.865,-1,0.014000000000123691,BACKFILL_AUTO
2026-04-15 13:26:27,1776259587,BOOM600,5913.858,-1,0.006999999999607098,BACKFILL_AUTO
2026-04-15 13:26:28,1776259588,BOOM600,5913.849,-1,0.009000000000014552,BACKFILL_AUTO
2026-04-15 13:26:29,1776259589,BOOM600,5913.848,-1,0.0010000000002037268,BACKFILL_AUTO
2026-04-15 13:26:30,1776259590,BOOM600,5913.84,-1,0.007999999999810825,BACKFILL_AUTO
2026-04-15 13:26:31,1776259591,BOOM600,5913.83,-1,0.010000000000218279,BACKFILL_AUTO
2026-04-15 13:26:32,1776259592,BOOM600,5913.819,-1,0.01099999999951251,BACKFILL_AUTO
2026-04-15 13:26:33,1776259593,BOOM600,5913.812,-1,0.007000000000516593,BACKFILL_AUTO
2026-04-15 13:26:34,1776259594,BOOM600,5913.81,-1,0.001999999999497959,BACKFILL_AUTO
2026-04-15 13:26:35,1776259595,BOOM600,5913.792,-1,0.018000000000029104,BACKFILL_AUTO
2026-04-15 13:26:36,1776259596,BOOM600,5913.777,-1,0.015000000000327418,BACKFILL_AUTO
2026-04-15 13:26:37,1776259597,BOOM600,5913.77,-1,0.006999999999607098,BACKFILL_AUTO
2026-04-15 13:26:38,1776259598,BOOM600,5913.765,-1,0.005000000000109139,BACKFILL_AUTO
2026-04-15 13:26:39,1776259599,BOOM600,5913.75,-1,0.015000000000327418,BACKFILL_AUTO
2026-04-15 13:26:40,1776259600,BOOM600,5913.733,-1,0.016999999999825377,BACKFILL_AUTO
2026-04-15 13:26:41,1776259601,BOOM600,5913.698,-1,0.03499999999985448,BACKFILL_AUTO
2026-04-15 13:26:42,1776259602,BOOM600,5913.691,-1,0.007000000000516593,BACKFILL_AUTO
2026-04-15 13:26:43,1776259603,BOOM600,5913.687,-1,0.0039999999999054126,BACKFILL_AUTO
2026-04-15 13:26:44,1776259604,BOOM600,5913.673,-1,0.014000000000123691,BACKFILL_AUTO
2026-04-15 13:26:45,1776259605,BOOM600,5913.664,-1,0.009000000000014552,BACKFILL_AUTO
2026-04-15 13:26:46,1776259606,BOOM600,5913.655,-1,0.009000000000014552,BACKFILL_AUTO
2026-04-15 13:26:47,1776259607,BOOM600,5913.644,-1,0.01099999999951251,BACKFILL_AUTO
2026-04-15 13:26:48,1776259608,BOOM600,5913.635,-1,0.009000000000014552,BACKFILL_AUTO
2026-04-15 13:26:49,1776259609,BOOM600,5913.625,-1,0.010000000000218279,BACKFILL_AUTO
2026-04-15 13:26:50,1776259610,BOOM600,5913.604,-1,0.02099999999973079,BACKFILL_AUTO
2026-04-15 13:26:51,1776259611,BOOM600,5913.594,-1,0.010000000000218279,BACKFILL_AUTO
2026-04-15 13:26:52,1776259612,BOOM600,5913.583,-1,0.011000000000422006,BACKFILL_AUTO
2026-04-15 13:26:53,1776259613,BOOM600,5913.972,1,0.3890000000001237,BACKFILL_AUTO
2026-04-15 13:26:54,1776259614,BOOM600,5913.972,0,0.0,BACKFILL_AUTO
2026-04-15 13:26:55,1776259615,BOOM600,5913.967,-1,0.005000000000109139,BACKFILL_AUTO
2026-04-15 13:26:56,1776259616,BOOM600,5913.965,-1,0.001999999999497959,BACKFILL_AUTO
2026-04-15 13:26:57,1776259617,BOOM600,5913.954,-1,0.011000000000422006,BACKFILL_AUTO
2026-04-15 13:26:58,1776259618,BOOM600,5913.95,-1,0.0039999999999054126,BACKFILL_AUTO
2026-04-15 13:26:59,1776259619,BOOM600,5913.942,-1,0.007999999999810825,BACKFILL_AUTO
2026-04-15 13:27:00,1776259620,BOOM600,5913.937,-1,0.005000000000109139,BACKFILL_AUTO
2026-04-15 13:27:01,1776259621,BOOM600,5913.92,-1,0.016999999999825377,BACKFILL_AUTO
2026-04-15 13:27:02,1776259622,BOOM600,5913.916,-1,0.0039999999999054126,BACKFILL_AUTO
2026-04-15 13:27:03,1776259623,BOOM600,5913.892,-1,0.02400000000034197,BACKFILL_AUTO
2026-04-15 13:27:04,1776259624,BOOM600,5913.885,-1,0.006999999999607098,BACKFILL_AUTO
2026-04-15 13:27:05,1776259625,BOOM600,5913.88,-1,0.005000000000109139,BACKFILL_AUTO
2026-04-15 13:27:06,1776259626,BOOM600,5913.861,-1,0.01900000000023283,BACKFILL_AUTO
2026-04-15 13:27:07,1776259627,BOOM600,5913.844,-1,0.016999999999825377,BACKFILL_AUTO
2026-04-15 13:27:08,1776259628,BOOM600,5913.831,-1,0.012999999999919964,BACKFILL_AUTO
2026-04-15 13:27:09,1776259629,BOOM600,5913.825,-1,0.006000000000312866,BACKFILL_AUTO
2026-04-15 13:27:10,1776259630,BOOM600,5913.815,-1,0.010000000000218279,BACKFILL_AUTO
2026-04-15 13:27:11,1776259631,BOOM600,5913.812,-1,0.0029999999997016857,BACKFILL_AUTO
2026-04-15 13:27:12,1776259632,BOOM600,5913.787,-1,0.024999999999636202,BACKFILL_AUTO
2026-04-15 13:27:13,1776259633,BOOM600,5913.779,-1,0.007999999999810825,BACKFILL_AUTO
2026-04-15 13:27:14,1776259634,BOOM600,5913.77,-1,0.009000000000014552,BACKFILL_AUTO
2026-04-15 13:27:15,1776259635,BOOM600,5913.757,-1,0.01300000000082946,BACKFILL_AUTO
2026-04-15 13:27:16,1776259636,BOOM600,5913.756,-1,0.0009999999992942321,BACKFILL_AUTO
2026-04-15 13:27:17,1776259637,BOOM600,5913.755,-1,0.0010000000002037268,BACKFILL_AUTO
2026-04-15 13:27:18,1776259638,BOOM600,5913.745,-1,0.010000000000218279,BACKFILL_AUTO
2026-04-15 13:27:19,1776259639,BOOM600,5913.727,-1,0.018000000000029104,BACKFILL_AUTO
2026-04-15 13:27:20,1776259640,BOOM600,5913.707,-1,0.019999999999527063,BACKFILL_AUTO
2026-04-15 13:27:21,1776259641,BOOM600,5913.698,-1,0.009000000000014552,BACKFILL_AUTO
2026-04-15 13:27:22,1776259642,BOOM600,5913.696,-1,0.0020000000004074536,BACKFILL_AUTO
2026-04-15 13:27:23,1776259643,BOOM600,5913.665,-1,0.03099999999994907,BACKFILL_AUTO
2026-04-15 13:27:24,1776259644,BOOM600,5913.658,-1,0.006999999999607098,BACKFILL_AUTO
2026-04-15 13:27:25,1776259645,BOOM600,5913.654,-1,0.0039999999999054126,BACKFILL_AUTO
2026-04-15 13:27:26,1776259646,BOOM600,5913.642,-1,0.012000000000625732,BACKFILL_AUTO
2026-04-15 13:27:27,1776259647,BOOM600,5913.632,-1,0.010000000000218279,BACKFILL_AUTO
2026-04-15 13:27:28,1776259648,BOOM600,5913.631,-1,0.0009999999992942321,BACKFILL_AUTO
2026-04-15 13:27:29,1776259649,BOOM600,5913.63,-1,0.0010000000002037268,BACKFILL_AUTO
2026-04-15 13:27:30,1776259650,BOOM600,5913.629,-1,0.0010000000002037268,BACKFILL_AUTO
2026-04-15 13:27:31,1776259651,BOOM600,5913.606,-1,0.023000000000138243,BACKFILL_AUTO
2026-04-15 13:27:32,1776259652,BOOM600,5913.592,-1,0.014000000000123691,BACKFILL_AUTO
2026-04-15 13:27:33,1776259653,BOOM600,5913.581,-1,0.01099999999951251,BACKFILL_AUTO
2026-04-15 13:27:34,1776259654,BOOM600,5913.577,-1,0.0039999999999054126,BACKFILL_AUTO
2026-04-15 13:27:35,1776259655,BOOM600,5913.571,-1,0.006000000000312866,BACKFILL_AUTO
2026-04-15 13:27:36,1776259656,BOOM600,5913.563,-1,0.007999999999810825,BACKFILL_AUTO
2026-04-15 13:27:37,1776259657,BOOM600,5913.558,-1,0.005000000000109139,BACKFILL_AUTO
2026-04-15 13:27:38,1776259658,BOOM600,5913.545,-1,0.012999999999919964,BACKFILL_AUTO
2026-04-15 13:27:39,1776259659,BOOM600,5913.537,-1,0.007999999999810825,BACKFILL_AUTO
2026-04-15 13:27:40,1776259660,BOOM600,5913.524,-1,0.012999999999919964,BACKFILL_AUTO
2026-04-15 13:27:41,1776259661,BOOM600,5913.523,-1,0.0010000000002037268,BACKFILL_AUTO
2026-04-15 13:27:42,1776259662,BOOM600,5913.522,-1,0.0010000000002037268,BACKFILL_AUTO
2026-04-15 13:27:43,1776259663,BOOM600,5913.514,-1,0.007999999999810825,BACKFILL_AUTO
2026-04-15 13:27:44,1776259664,BOOM600,5913.512,-1,0.0020000000004074536,BACKFILL_AUTO
2026-04-15 13:27:45,1776259665,BOOM600,5913.496,-1,0.01599999999962165,BACKFILL_AUTO
2026-04-15 13:27:46,1776259666,BOOM600,5913.488,-1,0.007999999999810825,BACKFILL_AUTO
2026-04-15 13:27:47,1776259667,BOOM600,5913.483,-1,0.005000000000109139,BACKFILL_AUTO
2026-04-15 13:27:48,1776259668,BOOM600,5913.481,-1,0.0020000000004074536,BACKFILL_AUTO
2026-04-15 13:27:49,1776259669,BOOM600,5913.472,-1,0.009000000000014552,BACKFILL_AUTO
2026-04-15 13:27:50,1776259670,BOOM600,5913.446,-1,0.02599999999983993,BACKFILL_AUTO
2026-04-15 13:27:51,1776259671,BOOM600,5913.442,-1,0.0039999999999054126,BACKFILL_AUTO
2026-04-15 13:27:52,1776259672,BOOM600,5913.422,-1,0.020000000000436557,BACKFILL_AUTO
2026-04-15 13:27:53,1776259673,BOOM600,5913.411,-1,0.01099999999951251,BACKFILL_AUTO
2026-04-15 13:27:54,1776259674,BOOM600,5913.406,-1,0.005000000000109139,BACKFILL_AUTO
2026-04-15 13:27:55,1776259675,BOOM600,5913.398,-1,0.007999999999810825,BACKFILL_AUTO
2026-04-15 13:27:56,1776259676,BOOM600,5913.395,-1,0.0029999999997016857,BACKFILL_AUTO
2026-04-15 13:27:57,1776259677,BOOM600,5913.382,-1,0.01300000000082946,BACKFILL_AUTO
2026-04-15 13:27:58,1776259678,BOOM600,5913.366,-1,0.01599999999962165,BACKFILL_AUTO
2026-04-15 13:27:59,1776259679,BOOM600,5913.364,-1,0.0020000000004074536,BACKFILL_AUTO
2026-04-15 13:28:00,1776259680,BOOM600,5913.363,-1,0.0009999999992942321,BACKFILL_AUTO
2026-04-15 13:28:01,1776259681,BOOM600,5913.341,-1,0.021999999999934516,BACKFILL_AUTO
2026-04-15 13:28:02,1776259682,BOOM600,5913.337,-1,0.0039999999999054126,BACKFILL_AUTO
2026-04-15 13:28:03,1776259683,BOOM600,5913.323,-1,0.014000000000123691,BACKFILL_AUTO
2026-04-15 13:28:04,1776259684,BOOM600,5913.318,-1,0.005000000000109139,BACKFILL_AUTO
2026-04-15 13:28:05,1776259685,BOOM600,5913.307,-1,0.011000000000422006,BACKFILL_AUTO
2026-04-15 13:28:06,1776259686,BOOM600,5913.283,-1,0.023999999999432475,BACKFILL_AUTO
2026-04-15 13:28:07,1776259687,BOOM600,5913.259,-1,0.02400000000034197,BACKFILL_AUTO
2026-04-15 13:28:08,1776259688,BOOM600,5913.237,-1,0.021999999999934516,BACKFILL_AUTO
2026-04-15 13:28:09,1776259689,BOOM600,5913.226,-1,0.011000000000422006,BACKFILL_AUTO
2026-04-15 13:28:10,1776259690,BOOM600,5913.217,-1,0.009000000000014552,BACKFILL_AUTO
2026-04-15 13:28:11,1776259691,BOOM600,5913.216,-1,0.0009999999992942321,BACKFILL_AUTO
2026-04-15 13:28:12,1776259692,BOOM600,5913.21,-1,0.006000000000312866,BACKFILL_AUTO
2026-04-15 13:28:13,1776259693,BOOM600,5913.207,-1,0.0029999999997016857,BACKFILL_AUTO
2026-04-15 13:28:14,1776259694,BOOM600,5913.201,-1,0.006000000000312866,BACKFILL_AUTO
2026-04-15 13:28:15,1776259695,BOOM600,5913.201,0,0.0,BACKFILL_AUTO
2026-04-15 13:28:16,1776259696,BOOM600,5913.199,-1,0.0020000000004074536,BACKFILL_AUTO
2026-04-15 13:28:17,1776259697,BOOM600,5913.198,-1,0.0009999999992942321,BACKFILL_AUTO
2026-04-15 13:28:18,1776259698,BOOM600,5913.197,-1,0.0010000000002037268,BACKFILL_AUTO
2026-04-15 13:28:19,1776259699,BOOM600,5913.17,-1,0.027000000000043656,BACKFILL_AUTO
2026-04-15 13:28:20,1776259700,BOOM600,5913.155,-1,0.015000000000327418,BACKFILL_AUTO
2026-04-15 13:28:21,1776259701,BOOM600,5913.146,-1,0.009000000000014552,BACKFILL_AUTO
2026-04-15 13:28:22,1776259702,BOOM600,5913.132,-1,0.014000000000123691,BACKFILL_AUTO
2026-04-15 13:28:23,1776259703,BOOM600,5913.127,-1,0.004999999999199645,BACKFILL_AUTO
2026-04-15 13:28:24,1776259704,BOOM600,5913.111,-1,0.016000000000531145,BACKFILL_AUTO
2026-04-15 13:28:25,1776259705,BOOM600,5913.105,-1,0.006000000000312866,BACKFILL_AUTO
2026-04-15 13:28:26,1776259706,BOOM600,5913.091,-1,0.013999999999214197,BACKFILL_AUTO
2026-04-15 13:28:27,1776259707,BOOM600,5913.089,-1,0.0020000000004074536,BACKFILL_AUTO
2026-04-15 13:28:28,1776259708,BOOM600,5913.079,-1,0.010000000000218279,BACKFILL_AUTO
2026-04-15 13:28:29,1776259709,BOOM600,5913.069,-1,0.009999999999308784,BACKFILL_AUTO
2026-04-15 13:28:30,1776259710,BOOM600,5913.053,-1,0.016000000000531145,BACKFILL_AUTO
2026-04-15 13:28:31,1776259711,BOOM600,5913.045,-1,0.007999999999810825,BACKFILL_AUTO
2026-04-15 13:28:32,1776259712,BOOM600,5913.02,-1,0.024999999999636202,BACKFILL_AUTO
2026-04-15 13:28:33,1776259713,BOOM600,5913.015,-1,0.005000000000109139,BACKFILL_AUTO
2026-04-15 13:28:34,1776259714,BOOM600,5913.008,-1,0.007000000000516593,BACKFILL_AUTO
2026-04-15 13:28:35,1776259715,BOOM600,5913.001,-1,0.006999999999607098,BACKFILL_AUTO
2026-04-15 13:28:36,1776259716,BOOM600,5912.993,-1,0.007999999999810825,BACKFILL_AUTO
2026-04-15 13:28:37,1776259717,BOOM600,5912.986,-1,0.007000000000516593,BACKFILL_AUTO
2026-04-15 13:28:38,1776259718,BOOM600,5912.976,-1,0.010000000000218279,BACKFILL_AUTO
2026-04-15 13:28:39,1776259719,BOOM600,5912.959,-1,0.016999999999825377,BACKFILL_AUTO
2026-04-15 13:28:40,1776259720,BOOM600,5912.954,-1,0.005000000000109139,BACKFILL_AUTO
2026-04-15 13:28:41,1776259721,BOOM600,5912.945,-1,0.009000000000014552,BACKFILL_AUTO
2026-04-15 13:28:42,1776259722,BOOM600,5912.937,-1,0.007999999999810825,BACKFILL_AUTO
2026-04-15 13:28:43,1776259723,BOOM600,5912.932,-1,0.005000000000109139,BACKFILL_AUTO
2026-04-15 13:28:44,1776259724,BOOM600,5912.928,-1,0.0039999999999054126,BACKFILL_AUTO
2026-04-15 13:28:45,1776259725,BOOM600,5912.918,-1,0.010000000000218279,BACKFILL_AUTO
2026-04-15 13:28:46,1776259726,BOOM600,5912.894,-1,0.023999999999432475,BACKFILL_AUTO
2026-04-15 13:28:47,1776259727,BOOM600,5912.88,-1,0.014000000000123691,BACKFILL_AUTO
2026-04-15 13:28:48,1776259728,BOOM600,5912.875,-1,0.005000000000109139,BACKFILL_AUTO
2026-04-15 13:28:49,1776259729,BOOM600,5912.854,-1,0.02099999999973079,BACKFILL_AUTO
2026-04-15 13:28:50,1776259730,BOOM600,5912.825,-1,0.02900000000045111,BACKFILL_AUTO
2026-04-15 13:28:51,1776259731,BOOM600,5912.825,0,0.0,BACKFILL_AUTO
2026-04-15 13:28:52,1776259732,BOOM600,5912.819,-1,0.0059999999994033715,BACKFILL_AUTO
2026-04-15 13:28:53,1776259733,BOOM600,5912.812,-1,0.007000000000516593,BACKFILL_AUTO
2026-04-15 13:28:54,1776259734,BOOM600,5912.8,-1,0.011999999999716238,BACKFILL_AUTO
2026-04-15 13:28:55,1776259735,BOOM600,5912.8,0,0.0,BACKFILL_AUTO
2026-04-15 13:28:56,1776259736,BOOM600,5912.797,-1,0.0030000000006111804,BACKFILL_AUTO
2026-04-15 13:28:57,1776259737,BOOM600,5912.788,-1,0.009000000000014552,BACKFILL_AUTO
2026-04-15 13:28:58,1776259738,BOOM600,5912.786,-1,0.001999999999497959,BACKFILL_AUTO
2026-04-15 13:28:59,1776259739,BOOM600,5912.782,-1,0.0039999999999054126,BACKFILL_AUTO
2026-04-15 13:29:00,1776259740,BOOM600,5912.773,-1,0.009000000000014552,BACKFILL_AUTO
2026-04-15 13:29:01,1776259741,BOOM600,5912.77,-1,0.0029999999997016857,BACKFILL_AUTO
2026-04-15 13:29:02,1776259742,BOOM600,5912.754,-1,0.016000000000531145,BACKFILL_AUTO
2026-04-15 13:29:03,1776259743,BOOM600,5912.748,-1,0.006000000000312866,BACKFILL_AUTO
2026-04-15 13:29:04,1776259744,BOOM600,5912.74,-1,0.007999999999810825,BACKFILL_AUTO
2026-04-15 13:29:05,1776259745,BOOM600,5912.706,-1,0.033999999999650754,BACKFILL_AUTO
2026-04-15 13:29:06,1776259746,BOOM600,5912.705,-1,0.0010000000002037268,BACKFILL_AUTO
2026-04-15 13:29:07,1776259747,BOOM600,5912.697,-1,0.007999999999810825,BACKFILL_AUTO
2026-04-15 13:29:08,1776259748,BOOM600,5912.696,-1,0.0010000000002037268,BACKFILL_AUTO
2026-04-15 13:29:09,1776259749,BOOM600,5912.679,-1,0.016999999999825377,BACKFILL_AUTO
2026-04-15 13:29:10,1776259750,BOOM600,5912.667,-1,0.011999999999716238,BACKFILL_AUTO
2026-04-15 13:29:11,1776259751,BOOM600,5912.664,-1,0.0030000000006111804,BACKFILL_AUTO
2026-04-15 13:29:12,1776259752,BOOM600,5912.661,-1,0.0029999999997016857,BACKFILL_AUTO
2026-04-15 13:29:13,1776259753,BOOM600,5912.658,-1,0.0029999999997016857,BACKFILL_AUTO
2026-04-15 13:29:14,1776259754,BOOM600,5912.653,-1,0.005000000000109139,BACKFILL_AUTO
2026-04-15 13:29:15,1776259755,BOOM600,5912.637,-1,0.016000000000531145,BACKFILL_AUTO
2026-04-15 13:29:16,1776259756,BOOM600,5912.617,-1,0.019999999999527063,BACKFILL_AUTO
2026-04-15 13:29:17,1776259757,BOOM600,5912.605,-1,0.012000000000625732,BACKFILL_AUTO
2026-04-15 13:29:18,1776259758,BOOM600,5912.602,-1,0.0029999999997016857,BACKFILL_AUTO
2026-04-15 13:29:19,1776259759,BOOM600,5912.592,-1,0.010000000000218279,BACKFILL_AUTO
2026-04-15 13:29:20,1776259760,BOOM600,5912.587,-1,0.004999999999199645,BACKFILL_AUTO
2026-04-15 13:29:21,1776259761,BOOM600,5912.585,-1,0.0020000000004074536,BACKFILL_AUTO
2026-04-15 13:29:22,1776259762,BOOM600,5912.562,-1,0.023000000000138243,BACKFILL_AUTO
2026-04-15 13:29:23,1776259763,BOOM600,5912.548,-1,0.014000000000123691,BACKFILL_AUTO
2026-04-15 13:29:24,1776259764,BOOM600,5912.536,-1,0.011999999999716238,BACKFILL_AUTO
2026-04-15 13:29:25,1776259765,BOOM600,5912.524,-1,0.011999999999716238,BACKFILL_AUTO
2026-04-15 13:29:26,1776259766,BOOM600,5912.519,-1,0.005000000000109139,BACKFILL_AUTO
2026-04-15 13:29:27,1776259767,BOOM600,5912.516,-1,0.0030000000006111804,BACKFILL_AUTO
2026-04-15 13:29:28,1776259768,BOOM600,5912.511,-1,0.004999999999199645,BACKFILL_AUTO
2026-04-15 13:29:29,1776259769,BOOM600,5912.507,-1,0.004000000000814907,BACKFILL_AUTO
2026-04-15 13:29:30,1776259770,BOOM600,5912.505,-1,0.001999999999497959,BACKFILL_AUTO
2026-04-15 13:29:31,1776259771,BOOM600,5912.503,-1,0.0020000000004074536,BACKFILL_AUTO
2026-04-15 13:29:32,1776259772,BOOM600,5912.49,-1,0.012999999999919964,BACKFILL_AUTO
2026-04-15 13:29:33,1776259773,BOOM600,5912.48,-1,0.010000000000218279,BACKFILL_AUTO
2026-04-15 13:29:34,1776259774,BOOM600,5912.472,-1,0.007999999999810825,BACKFILL_AUTO
2026-04-15 13:29:35,1776259775,BOOM600,5912.454,-1,0.018000000000029104,BACKFILL_AUTO
2026-04-15 13:29:36,1776259776,BOOM600,5912.428,-1,0.02599999999983993,BACKFILL_AUTO
2026-04-15 13:29:37,1776259777,BOOM600,5912.415,-1,0.012999999999919964,BACKFILL_AUTO
2026-04-15 13:29:38,1776259778,BOOM600,5912.408,-1,0.006999999999607098,BACKFILL_AUTO
2026-04-15 13:29:39,1776259779,BOOM600,5912.402,-1,0.006000000000312866,BACKFILL_AUTO
2026-04-15 13:29:40,1776259780,BOOM600,5912.385,-1,0.016999999999825377,BACKFILL_AUTO
2026-04-15 13:29:41,1776259781,BOOM600,5912.379,-1,0.006000000000312866,BACKFILL_AUTO
2026-04-15 13:29:42,1776259782,BOOM600,5912.374,-1,0.005000000000109139,BACKFILL_AUTO
2026-04-15 13:29:43,1776259783,BOOM600,5912.367,-1,0.006999999999607098,BACKFILL_AUTO
2026-04-15 13:29:44,1776259784,BOOM600,5912.363,-1,0.0039999999999054126,BACKFILL_AUTO
2026-04-15 13:29:45,1776259785,BOOM600,5912.341,-1,0.021999999999934516,BACKFILL_AUTO
2026-04-15 13:29:46,1776259786,BOOM600,5912.337,-1,0.0039999999999054126,BACKFILL_AUTO
2026-04-15 13:29:47,1776259787,BOOM600,5912.321,-1,0.016000000000531145,BACKFILL_AUTO
2026-04-15 13:29:48,1776259788,BOOM600,5912.314,-1,0.006999999999607098,BACKFILL_AUTO
2026-04-15 13:29:49,1776259789,BOOM600,5912.29,-1,0.02400000000034197,BACKFILL_AUTO
2026-04-15 13:29:50,1776259790,BOOM600,5912.287,-1,0.0029999999997016857,BACKFILL_AUTO
2026-04-15 13:29:51,1776259791,BOOM600,5912.275,-1,0.012000000000625732,BACKFILL_AUTO
2026-04-15 13:29:52,1776259792,BOOM600,5912.26,-1,0.014999999999417923,BACKFILL_AUTO
2026-04-15 13:29:53,1776259793,BOOM600,5912.252,-1,0.007999999999810825,BACKFILL_AUTO
2026-04-15 13:29:54,1776259794,BOOM600,5912.239,-1,0.01300000000082946,BACKFILL_AUTO
2026-04-15 13:29:55,1776259795,BOOM600,5912.227,-1,0.011999999999716238,BACKFILL_AUTO
2026-04-15 13:29:56,1776259796,BOOM600,5912.221,-1,0.006000000000312866,BACKFILL_AUTO
2026-04-15 13:29:57,1776259797,BOOM600,5912.21,-1,0.01099999999951251,BACKFILL_AUTO
2026-04-15 13:29:58,1776259798,BOOM600,5912.205,-1,0.005000000000109139,BACKFILL_AUTO
2026-04-15 13:29:59,1776259799,BOOM600,5912.188,-1,0.016999999999825377,BACKFILL_AUTO
2026-04-15 13:30:00,1776259800,BOOM600,5912.177,-1,0.011000000000422006,BACKFILL_AUTO
2026-04-15 13:30:01,1776259801,BOOM600,5912.165,-1,0.011999999999716238,BACKFILL_AUTO
2026-04-15 13:30:02,1776259802,BOOM600,5912.155,-1,0.010000000000218279,BACKFILL_AUTO
2026-04-15 13:30:03,1776259803,BOOM600,5912.155,0,0.0,BACKFILL_AUTO
2026-04-15 13:30:04,1776259804,BOOM600,5912.136,-1,0.018999999999323336,BACKFILL_AUTO
2026-04-15 13:30:05,1776259805,BOOM600,5912.135,-1,0.0010000000002037268,BACKFILL_AUTO
2026-04-15 13:30:06,1776259806,BOOM600,5912.125,-1,0.010000000000218279,BACKFILL_AUTO
2026-04-15 13:30:07,1776259807,BOOM600,5912.12,-1,0.005000000000109139,BACKFILL_AUTO
2026-04-15 13:30:08,1776259808,BOOM600,5912.107,-1,0.012999999999919964,BACKFILL_AUTO
2026-04-15 13:30:09,1776259809,BOOM600,5912.099,-1,0.007999999999810825,BACKFILL_AUTO
2026-04-15 13:30:10,1776259810,BOOM600,5912.098,-1,0.0010000000002037268,BACKFILL_AUTO
2026-04-15 13:30:11,1776259811,BOOM600,5912.085,-1,0.012999999999919964,BACKFILL_AUTO
2026-04-15 13:30:12,1776259812,BOOM600,5912.071,-1,0.014000000000123691,BACKFILL_AUTO
2026-04-15 13:30:13,1776259813,BOOM600,5912.061,-1,0.010000000000218279,BACKFILL_AUTO
2026-04-15 13:30:14,1776259814,BOOM600,5912.06,-1,0.0009999999992942321,BACKFILL_AUTO
2026-04-15 13:30:15,1776259815,BOOM600,5912.049,-1,0.011000000000422006,BACKFILL_AUTO
2026-04-15 13:30:16,1776259816,BOOM600,5912.041,-1,0.007999999999810825,BACKFILL_AUTO
2026-04-15 13:30:17,1776259817,BOOM600,5912.032,-1,0.009000000000014552,BACKFILL_AUTO
2026-04-15 13:30:18,1776259818,BOOM600,5912.017,-1,0.015000000000327418,BACKFILL_AUTO
2026-04-15 13:30:19,1776259819,BOOM600,5912.003,-1,0.014000000000123691,BACKFILL_AUTO
2026-04-15 13:30:20,1776259820,BOOM600,5911.989,-1,0.014000000000123691,BACKFILL_AUTO
2026-04-15 13:30:21,1776259821,BOOM600,5911.982,-1,0.006999999999607098,BACKFILL_AUTO
2026-04-15 13:30:22,1776259822,BOOM600,5911.975,-1,0.006999999999607098,BACKFILL_AUTO
2026-04-15 13:30:23,1776259823,BOOM600,5911.968,-1,0.007000000000516593,BACKFILL_AUTO
2026-04-15 13:30:24,1776259824,BOOM600,5911.965,-1,0.0029999999997016857,BACKFILL_AUTO
2026-04-15 13:30:25,1776259825,BOOM600,5911.951,-1,0.014000000000123691,BACKFILL_AUTO
2026-04-15 13:30:26,1776259826,BOOM600,5911.943,-1,0.007999999999810825,BACKFILL_AUTO
2026-04-15 13:30:27,1776259827,BOOM600,5911.932,-1,0.011000000000422006,BACKFILL_AUTO
2026-04-15 13:30:28,1776259828,BOOM600,5911.922,-1,0.010000000000218279,BACKFILL_AUTO
2026-04-15 13:30:29,1776259829,BOOM600,5911.91,-1,0.011999999999716238,BACKFILL_AUTO
2026-04-15 13:30:30,1776259830,BOOM600,5911.905,-1,0.005000000000109139,BACKFILL_AUTO
2026-04-15 13:30:31,1776259831,BOOM600,5911.887,-1,0.018000000000029104,BACKFILL_AUTO
2026-04-15 13:30:32,1776259832,BOOM600,5911.884,-1,0.0029999999997016857,BACKFILL_AUTO
2026-04-15 13:30:33,1776259833,BOOM600,5911.862,-1,0.021999999999934516,BACKFILL_AUTO
2026-04-15 13:30:34,1776259834,BOOM600,5911.848,-1,0.014000000000123691,BACKFILL_AUTO
2026-04-15 13:30:35,1776259835,BOOM600,5911.844,-1,0.0039999999999054126,BACKFILL_AUTO
2026-04-15 13:30:36,1776259836,BOOM600,5911.831,-1,0.012999999999919964,BACKFILL_AUTO
2026-04-15 13:30:37,1776259837,BOOM600,5911.829,-1,0.0020000000004074536,BACKFILL_AUTO
2026-04-15 13:30:38,1776259838,BOOM600,5911.82,-1,0.009000000000014552,BACKFILL_AUTO
2026-04-15 13:30:39,1776259839,BOOM600,5911.815,-1,0.005000000000109139,BACKFILL_AUTO
2026-04-15 13:30:40,1776259840,BOOM600,5911.812,-1,0.0029999999997016857,BACKFILL_AUTO
2026-04-15 13:30:41,1776259841,BOOM600,5911.793,-1,0.01900000000023283,BACKFILL_AUTO
2026-04-15 13:30:42,1776259842,BOOM600,5911.783,-1,0.009999999999308784,BACKFILL_AUTO
2026-04-15 13:30:43,1776259843,BOOM600,5911.773,-1,0.010000000000218279,BACKFILL_AUTO
2026-04-15 13:30:44,1776259844,BOOM600,5911.754,-1,0.01900000000023283,BACKFILL_AUTO
2026-04-15 13:30:45,1776259845,BOOM600,5911.752,-1,0.001999999999497959,BACKFILL_AUTO
2026-04-15 13:30:46,1776259846,BOOM600,5911.736,-1,0.016000000000531145,BACKFILL_AUTO
2026-04-15 13:30:47,1776259847,BOOM600,5911.73,-1,0.006000000000312866,BACKFILL_AUTO
2026-04-15 13:30:48,1776259848,BOOM600,5911.728,-1,0.001999999999497959,BACKFILL_AUTO
2026-04-15 13:30:49,1776259849,BOOM600,5911.719,-1,0.009000000000014552,BACKFILL_AUTO
2026-04-15 13:30:50,1776259850,BOOM600,5911.704,-1,0.015000000000327418,BACKFILL_AUTO
2026-04-15 13:30:51,1776259851,BOOM600,5911.678,-1,0.02599999999983993,BACKFILL_AUTO
2026-04-15 13:30:52,1776259852,BOOM600,5911.659,-1,0.01900000000023283,BACKFILL_AUTO
2026-04-15 13:30:53,1776259853,BOOM600,5911.648,-1,0.01099999999951251,BACKFILL_AUTO
2026-04-15 13:30:54,1776259854,BOOM600,5911.623,-1,0.025000000000545697,BACKFILL_AUTO
2026-04-15 13:30:55,1776259855,BOOM600,5911.62,-1,0.0029999999997016857,BACKFILL_AUTO
2026-04-15 13:30:56,1776259856,BOOM600,5911.617,-1,0.0029999999997016857,BACKFILL_AUTO
2026-04-15 13:30:57,1776259857,BOOM600,5911.616,-1,0.0010000000002037268,BACKFILL_AUTO
2026-04-15 13:30:58,1776259858,BOOM600,5911.616,0,0.0,BACKFILL_AUTO
2026-04-15 13:30:59,1776259859,BOOM600,5911.603,-1,0.012999999999919964,BACKFILL_AUTO
2026-04-15 13:31:00,1776259860,BOOM600,5911.596,-1,0.007000000000516593,BACKFILL_AUTO
2026-04-15 13:31:01,1776259861,BOOM600,5911.588,-1,0.007999999999810825,BACKFILL_AUTO
2026-04-15 13:31:02,1776259862,BOOM600,5911.579,-1,0.009000000000014552,BACKFILL_AUTO
2026-04-15 13:31:03,1776259863,BOOM600,5911.572,-1,0.006999999999607098,BACKFILL_AUTO
2026-04-15 13:31:04,1776259864,BOOM600,5911.569,-1,0.0029999999997016857,BACKFILL_AUTO
2026-04-15 13:31:05,1776259865,BOOM600,5911.568,-1,0.0010000000002037268,BACKFILL_AUTO
2026-04-15 13:31:06,1776259866,BOOM600,5911.566,-1,0.0020000000004074536,BACKFILL_AUTO
2026-04-15 13:31:07,1776259867,BOOM600,5911.556,-1,0.010000000000218279,BACKFILL_AUTO
2026-04-15 13:31:08,1776259868,BOOM600,5911.551,-1,0.004999999999199645,BACKFILL_AUTO
2026-04-15 13:31:09,1776259869,BOOM600,5911.533,-1,0.018000000000029104,BACKFILL_AUTO
2026-04-15 13:31:10,1776259870,BOOM600,5911.521,-1,0.012000000000625732,BACKFILL_AUTO
2026-04-15 13:31:11,1776259871,BOOM600,5911.513,-1,0.007999999999810825,BACKFILL_AUTO
2026-04-15 13:31:12,1776259872,BOOM600,5911.505,-1,0.007999999999810825,BACKFILL_AUTO
2026-04-15 13:31:13,1776259873,BOOM600,5911.504,-1,0.0010000000002037268,BACKFILL_AUTO
2026-04-15 13:31:14,1776259874,BOOM600,5911.475,-1,0.028999999999541615,BACKFILL_AUTO
2026-04-15 13:31:15,1776259875,BOOM600,5911.465,-1,0.010000000000218279,BACKFILL_AUTO
2026-04-15 13:31:16,1776259876,BOOM600,5911.441,-1,0.02400000000034197,BACKFILL_AUTO
2026-04-15 13:31:17,1776259877,BOOM600,5911.433,-1,0.007999999999810825,BACKFILL_AUTO
2026-04-15 13:31:18,1776259878,BOOM600,5911.411,-1,0.021999999999934516,BACKFILL_AUTO
2026-04-15 13:31:19,1776259879,BOOM600,5911.406,-1,0.005000000000109139,BACKFILL_AUTO
2026-04-15 13:31:20,1776259880,BOOM600,5911.39,-1,0.01599999999962165,BACKFILL_AUTO
2026-04-15 13:31:21,1776259881,BOOM600,5911.389,-1,0.0010000000002037268,BACKFILL_AUTO
2026-04-15 13:31:22,1776259882,BOOM600,5911.377,-1,0.011999999999716238,BACKFILL_AUTO
2026-04-15 13:31:23,1776259883,BOOM600,5911.355,-1,0.02200000000084401,BACKFILL_AUTO
2026-04-15 13:31:24,1776259884,BOOM600,5911.338,-1,0.016999999999825377,BACKFILL_AUTO
2026-04-15 13:31:25,1776259885,BOOM600,5911.324,-1,0.014000000000123691,BACKFILL_AUTO
2026-04-15 13:31:26,1776259886,BOOM600,5911.316,-1,0.007999999999810825,BACKFILL_AUTO
2026-04-15 13:31:27,1776259887,BOOM600,5911.308,-1,0.007999999999810825,BACKFILL_AUTO
2026-04-15 13:31:28,1776259888,BOOM600,5911.307,-1,0.0010000000002037268,BACKFILL_AUTO
2026-04-15 13:31:29,1776259889,BOOM600,5911.299,-1,0.007999999999810825,BACKFILL_AUTO
2026-04-15 13:31:30,1776259890,BOOM600,5911.283,-1,0.01599999999962165,BACKFILL_AUTO
2026-04-15 13:31:31,1776259891,BOOM600,5911.269,-1,0.014000000000123691,BACKFILL_AUTO
2026-04-15 13:31:32,1776259892,BOOM600,5911.263,-1,0.006000000000312866,BACKFILL_AUTO
2026-04-15 13:31:33,1776259893,BOOM600,5911.253,-1,0.010000000000218279,BACKFILL_AUTO
2026-04-15 13:31:34,1776259894,BOOM600,5911.253,0,0.0,BACKFILL_AUTO
2026-04-15 13:31:35,1776259895,BOOM600,5911.25,-1,0.0029999999997016857,BACKFILL_AUTO
2026-04-15 13:31:36,1776259896,BOOM600,5911.245,-1,0.005000000000109139,BACKFILL_AUTO
2026-04-15 13:31:37,1776259897,BOOM600,5911.235,-1,0.010000000000218279,BACKFILL_AUTO
2026-04-15 13:31:38,1776259898,BOOM600,5911.215,-1,0.019999999999527063,BACKFILL_AUTO
2026-04-15 13:31:39,1776259899,BOOM600,5911.204,-1,0.011000000000422006,BACKFILL_AUTO
2026-04-15 13:31:40,1776259900,BOOM600,5911.194,-1,0.009999999999308784,BACKFILL_AUTO
2026-04-15 13:31:41,1776259901,BOOM600,5911.174,-1,0.020000000000436557,BACKFILL_AUTO
2026-04-15 13:31:42,1776259902,BOOM600,5911.161,-1,0.012999999999919964,BACKFILL_AUTO
2026-04-15 13:31:43,1776259903,BOOM600,5911.159,-1,0.0020000000004074536,BACKFILL_AUTO
2026-04-15 13:31:44,1776259904,BOOM600,5911.154,-1,0.004999999999199645,BACKFILL_AUTO
2026-04-15 13:31:45,1776259905,BOOM600,5911.139,-1,0.015000000000327418,BACKFILL_AUTO
2026-04-15 13:31:46,1776259906,BOOM600,5911.136,-1,0.0029999999997016857,BACKFILL_AUTO
2026-04-15 13:31:47,1776259907,BOOM600,5911.125,-1,0.011000000000422006,BACKFILL_AUTO
2026-04-15 13:31:48,1776259908,BOOM600,5911.122,-1,0.0029999999997016857,BACKFILL_AUTO
2026-04-15 13:31:49,1776259909,BOOM600,5911.119,-1,0.0030000000006111804,BACKFILL_AUTO
2026-04-15 13:31:50,1776259910,BOOM600,5911.118,-1,0.0009999999992942321,BACKFILL_AUTO
2026-04-15 13:31:51,1776259911,BOOM600,5911.098,-1,0.020000000000436557,BACKFILL_AUTO
2026-04-15 13:31:52,1776259912,BOOM600,5911.085,-1,0.012999999999919964,BACKFILL_AUTO
2026-04-15 13:31:53,1776259913,BOOM600,5911.083,-1,0.0020000000004074536,BACKFILL_AUTO
2026-04-15 13:31:54,1776259914,BOOM600,5911.07,-1,0.012999999999919964,BACKFILL_AUTO
2026-04-15 13:31:55,1776259915,BOOM600,5911.062,-1,0.007999999999810825,BACKFILL_AUTO
2026-04-15 13:31:56,1776259916,BOOM600,5911.045,-1,0.016999999999825377,BACKFILL_AUTO
2026-04-15 13:31:57,1776259917,BOOM600,5911.02,-1,0.024999999999636202,BACKFILL_AUTO
2026-04-15 13:31:58,1776259918,BOOM600,5911.008,-1,0.012000000000625732,BACKFILL_AUTO
2026-04-15 13:31:59,1776259919,BOOM600,5910.992,-1,0.01599999999962165,BACKFILL_AUTO
2026-04-15 13:32:00,1776259920,BOOM600,5910.988,-1,0.0039999999999054126,BACKFILL_AUTO
2026-04-15 13:32:01,1776259921,BOOM600,5910.973,-1,0.015000000000327418,BACKFILL_AUTO
2026-04-15 13:32:02,1776259922,BOOM600,5910.949,-1,0.02400000000034197,BACKFILL_AUTO
2026-04-15 13:32:03,1776259923,BOOM600,5910.936,-1,0.012999999999919964,BACKFILL_AUTO
2026-04-15 13:32:04,1776259924,BOOM600,5910.919,-1,0.016999999999825377,BACKFILL_AUTO
2026-04-15 13:32:05,1776259925,BOOM600,5910.914,-1,0.005000000000109139,BACKFILL_AUTO
2026-04-15 13:32:06,1776259926,BOOM600,5910.895,-1,0.018999999999323336,BACKFILL_AUTO
2026-04-15 13:32:07,1776259927,BOOM600,5910.875,-1,0.020000000000436557,BACKFILL_AUTO
2026-04-15 13:32:08,1776259928,BOOM600,5910.846,-1,0.02900000000045111,BACKFILL_AUTO
2026-04-15 13:32:09,1776259929,BOOM600,5910.827,-1,0.018999999999323336,BACKFILL_AUTO
2026-04-15 13:32:10,1776259930,BOOM600,5910.821,-1,0.006000000000312866,BACKFILL_AUTO
2026-04-15 13:32:11,1776259931,BOOM600,5910.799,-1,0.021999999999934516,BACKFILL_AUTO
2026-04-15 13:32:12,1776259932,BOOM600,5910.792,-1,0.006999999999607098,BACKFILL_AUTO
2026-04-15 13:32:13,1776259933,BOOM600,5910.788,-1,0.004000000000814907,BACKFILL_AUTO
2026-04-15 13:32:14,1776259934,BOOM600,5910.774,-1,0.013999999999214197,BACKFILL_AUTO
2026-04-15 13:32:15,1776259935,BOOM600,5910.773,-1,0.0010000000002037268,BACKFILL_AUTO
2026-04-15 13:32:16,1776259936,BOOM600,5910.77,-1,0.0029999999997016857,BACKFILL_AUTO
2026-04-15 13:32:17,1776259937,BOOM600,5910.757,-1,0.01300000000082946,BACKFILL_AUTO
2026-04-15 13:32:18,1776259938,BOOM600,5910.752,-1,0.004999999999199645,BACKFILL_AUTO
2026-04-15 13:32:19,1776259939,BOOM600,5910.739,-1,0.01300000000082946,BACKFILL_AUTO
2026-04-15 13:32:20,1776259940,BOOM600,5910.719,-1,0.019999999999527063,BACKFILL_AUTO
2026-04-15 13:32:21,1776259941,BOOM600,5910.7,-1,0.01900000000023283,BACKFILL_AUTO
2026-04-15 13:32:22,1776259942,BOOM600,5910.679,-1,0.02099999999973079,BACKFILL_AUTO
2026-04-15 13:32:23,1776259943,BOOM600,5910.668,-1,0.011000000000422006,BACKFILL_AUTO
2026-04-15 13:32:24,1776259944,BOOM600,5910.656,-1,0.011999999999716238,BACKFILL_AUTO
2026-04-15 13:32:25,1776259945,BOOM600,5910.65,-1,0.006000000000312866,BACKFILL_AUTO
2026-04-15 13:32:26,1776259946,BOOM600,5910.647,-1,0.0029999999997016857,BACKFILL_AUTO
2026-04-15 13:32:27,1776259947,BOOM600,5910.633,-1,0.014000000000123691,BACKFILL_AUTO
2026-04-15 13:32:28,1776259948,BOOM600,5910.625,-1,0.007999999999810825,BACKFILL_AUTO
2026-04-15 13:32:29,1776259949,BOOM600,5910.614,-1,0.011000000000422006,BACKFILL_AUTO
2026-04-15 13:32:30,1776259950,BOOM600,5910.613,-1,0.0009999999992942321,BACKFILL_AUTO
2026-04-15 13:32:31,1776259951,BOOM600,5910.608,-1,0.005000000000109139,BACKFILL_AUTO
2026-04-15 13:32:32,1776259952,BOOM600,5910.601,-1,0.007000000000516593,BACKFILL_AUTO
2026-04-15 13:32:33,1776259953,BOOM600,5910.577,-1,0.023999999999432475,BACKFILL_AUTO
2026-04-15 13:32:34,1776259954,BOOM600,5910.567,-1,0.010000000000218279,BACKFILL_AUTO
2026-04-15 13:32:35,1776259955,BOOM600,5910.563,-1,0.0039999999999054126,BACKFILL_AUTO
2026-04-15 13:32:36,1776259956,BOOM600,5910.562,-1,0.0010000000002037268,BACKFILL_AUTO
2026-04-15 13:32:37,1776259957,BOOM600,5910.541,-1,0.02099999999973079,BACKFILL_AUTO
2026-04-15 13:32:38,1776259958,BOOM600,5910.53,-1,0.011000000000422006,BACKFILL_AUTO
2026-04-15 13:32:39,1776259959,BOOM600,5910.522,-1,0.007999999999810825,BACKFILL_AUTO
2026-04-15 13:32:40,1776259960,BOOM600,5910.509,-1,0.012999999999919964,BACKFILL_AUTO
2026-04-15 13:32:41,1776259961,BOOM600,5910.508,-1,0.0010000000002037268,BACKFILL_AUTO
2026-04-15 13:32:42,1776259962,BOOM600,5910.493,-1,0.014999999999417923,BACKFILL_AUTO
2026-04-15 13:32:43,1776259963,BOOM600,5910.469,-1,0.02400000000034197,BACKFILL_AUTO
2026-04-15 13:32:44,1776259964,BOOM600,5910.469,0,0.0,BACKFILL_AUTO
2026-04-15 13:32:45,1776259965,BOOM600,5910.46,-1,0.009000000000014552,BACKFILL_AUTO
2026-04-15 13:32:46,1776259966,BOOM600,5910.442,-1,0.018000000000029104,BACKFILL_AUTO
2026-04-15 13:32:47,1776259967,BOOM600,5910.438,-1,0.0039999999999054126,BACKFILL_AUTO
2026-04-15 13:32:48,1776259968,BOOM600,5910.435,-1,0.0029999999997016857,BACKFILL_AUTO
2026-04-15 13:32:49,1776259969,BOOM600,5910.416,-1,0.01900000000023283,BACKFILL_AUTO
2026-04-15 13:32:50,1776259970,BOOM600,5910.41,-1,0.006000000000312866,BACKFILL_AUTO
2026-04-15 13:32:51,1776259971,BOOM600,5910.406,-1,0.0039999999999054126,BACKFILL_AUTO
2026-04-15 13:32:52,1776259972,BOOM600,5910.39,-1,0.01599999999962165,BACKFILL_AUTO
2026-04-15 13:32:53,1776259973,BOOM600,5910.37,-1,0.020000000000436557,BACKFILL_AUTO
2026-04-15 13:32:54,1776259974,BOOM600,5910.35,-1,0.019999999999527063,BACKFILL_AUTO
2026-04-15 13:32:55,1776259975,BOOM600,5910.349,-1,0.0010000000002037268,BACKFILL_AUTO
2026-04-15 13:32:56,1776259976,BOOM600,5910.348,-1,0.0010000000002037268,BACKFILL_AUTO
2026-04-15 13:32:57,1776259977,BOOM600,5910.342,-1,0.006000000000312866,BACKFILL_AUTO
2026-04-15 13:32:58,1776259978,BOOM600,5910.339,-1,0.0029999999997016857,BACKFILL_AUTO
2026-04-15 13:32:59,1776259979,BOOM600,5910.317,-1,0.021999999999934516,BACKFILL_AUTO
2026-04-15 13:33:00,1776259980,BOOM600,5910.31,-1,0.006999999999607098,BACKFILL_AUTO
2026-04-15 13:33:01,1776259981,BOOM600,5910.293,-1,0.01700000000073487,BACKFILL_AUTO
2026-04-15 13:33:02,1776259982,BOOM600,5910.272,-1,0.02099999999973079,BACKFILL_AUTO
2026-04-15 13:33:03,1776259983,BOOM600,5910.27,-1,0.001999999999497959,BACKFILL_AUTO
2026-04-15 13:33:04,1776259984,BOOM600,5910.265,-1,0.005000000000109139,BACKFILL_AUTO
2026-04-15 13:33:05,1776259985,BOOM600,5910.263,-1,0.0020000000004074536,BACKFILL_AUTO
2026-04-15 13:33:06,1776259986,BOOM600,5910.258,-1,0.005000000000109139,BACKFILL_AUTO
2026-04-15 13:33:07,1776259987,BOOM600,5910.256,-1,0.001999999999497959,BACKFILL_AUTO
2026-04-15 13:33:08,1776259988,BOOM600,5910.247,-1,0.009000000000014552,BACKFILL_AUTO
2026-04-15 13:33:09,1776259989,BOOM600,5910.245,-1,0.0020000000004074536,BACKFILL_AUTO
2026-04-15 13:33:10,1776259990,BOOM600,5910.232,-1,0.012999999999919964,BACKFILL_AUTO
2026-04-15 13:33:11,1776259991,BOOM600,5910.227,-1,0.005000000000109139,BACKFILL_AUTO
2026-04-15 13:33:12,1776259992,BOOM600,5910.203,-1,0.023999999999432475,BACKFILL_AUTO
2026-04-15 13:33:13,1776259993,BOOM600,5910.186,-1,0.01700000000073487,BACKFILL_AUTO
2026-04-15 13:33:14,1776259994,BOOM600,5910.184,-1,0.001999999999497959,BACKFILL_AUTO
2026-04-15 13:33:15,1776259995,BOOM600,5910.175,-1,0.009000000000014552,BACKFILL_AUTO
2026-04-15 13:33:16,1776259996,BOOM600,5910.172,-1,0.0030000000006111804,BACKFILL_AUTO
2026-04-15 13:33:17,1776259997,BOOM600,5910.167,-1,0.004999999999199645,BACKFILL_AUTO
2026-04-15 13:33:18,1776259998,BOOM600,5910.154,-1,0.012999999999919964,BACKFILL_AUTO
2026-04-15 13:33:19,1776259999,BOOM600,5910.139,-1,0.015000000000327418,BACKFILL_AUTO
2026-04-15 13:33:20,1776260000,BOOM600,5910.114,-1,0.025000000000545697,BACKFILL_AUTO
2026-04-15 13:33:21,1776260001,BOOM600,5910.104,-1,0.009999999999308784,BACKFILL_AUTO
2026-04-15 13:33:22,1776260002,BOOM600,5910.086,-1,0.018000000000029104,BACKFILL_AUTO
2026-04-15 13:33:23,1776260003,BOOM600,5910.068,-1,0.018000000000029104,BACKFILL_AUTO
2026-04-15 13:33:24,1776260004,BOOM600,5910.038,-1,0.030000000000654836,BACKFILL_AUTO
2026-04-15 13:33:25,1776260005,BOOM600,5910.033,-1,0.004999999999199645,BACKFILL_AUTO
2026-04-15 13:33:26,1776260006,BOOM600,5910.03,-1,0.0030000000006111804,BACKFILL_AUTO
2026-04-15 13:33:27,1776260007,BOOM600,5910.025,-1,0.005000000000109139,BACKFILL_AUTO
2026-04-15 13:33:28,1776260008,BOOM600,5910.022,-1,0.0029999999997016857,BACKFILL_AUTO
2026-04-15 13:33:29,1776260009,BOOM600,5910.017,-1,0.005000000000109139,BACKFILL_AUTO
2026-04-15 13:33:30,1776260010,BOOM600,5910.008,-1,0.009000000000014552,BACKFILL_AUTO
2026-04-15 13:33:31,1776260011,BOOM600,5910.004,-1,0.0039999999999054126,BACKFILL_AUTO
2026-04-15 13:33:32,1776260012,BOOM600,5909.984,-1,0.019999999999527063,BACKFILL_AUTO
2026-04-15 13:33:33,1776260013,BOOM600,5909.965,-1,0.01900000000023283,BACKFILL_AUTO
2026-04-15 13:33:34,1776260014,BOOM600,5909.949,-1,0.016000000000531145,BACKFILL_AUTO
2026-04-15 13:33:35,1776260015,BOOM600,5909.944,-1,0.004999999999199645,BACKFILL_AUTO
2026-04-15 13:33:36,1776260016,BOOM600,5909.938,-1,0.006000000000312866,BACKFILL_AUTO
2026-04-15 13:33:37,1776260017,BOOM600,5909.926,-1,0.011999999999716238,BACKFILL_AUTO
2026-04-15 13:33:38,1776260018,BOOM600,5909.925,-1,0.0010000000002037268,BACKFILL_AUTO
2026-04-15 13:33:39,1776260019,BOOM600,5909.9,-1,0.025000000000545697,BACKFILL_AUTO
2026-04-15 13:33:40,1776260020,BOOM600,5909.895,-1,0.004999999999199645,BACKFILL_AUTO
2026-04-15 13:33:41,1776260021,BOOM600,5909.877,-1,0.018000000000029104,BACKFILL_AUTO
2026-04-15 13:33:42,1776260022,BOOM600,5909.857,-1,0.020000000000436557,BACKFILL_AUTO
2026-04-15 13:33:43,1776260023,BOOM600,5909.856,-1,0.0010000000002037268,BACKFILL_AUTO
2026-04-15 13:33:44,1776260024,BOOM600,5909.84,-1,0.01599999999962165,BACKFILL_AUTO
2026-04-15 13:33:45,1776260025,BOOM600,5909.834,-1,0.006000000000312866,BACKFILL_AUTO
2026-04-15 13:33:46,1776260026,BOOM600,5909.831,-1,0.0029999999997016857,BACKFILL_AUTO
2026-04-15 13:33:47,1776260027,BOOM600,5909.82,-1,0.011000000000422006,BACKFILL_AUTO
2026-04-15 13:33:48,1776260028,BOOM600,5909.793,-1,0.027000000000043656,BACKFILL_AUTO
2026-04-15 13:33:49,1776260029,BOOM600,5909.776,-1,0.016999999999825377,BACKFILL_AUTO
2026-04-15 13:33:50,1776260030,BOOM600,5909.774,-1,0.001999999999497959,BACKFILL_AUTO
2026-04-15 13:33:51,1776260031,BOOM600,5909.768,-1,0.006000000000312866,BACKFILL_AUTO
2026-04-15 13:33:52,1776260032,BOOM600,5909.761,-1,0.006999999999607098,BACKFILL_AUTO
2026-04-15 13:33:53,1776260033,BOOM600,5909.757,-1,0.004000000000814907,BACKFILL_AUTO
2026-04-15 13:33:54,1776260034,BOOM600,5909.756,-1,0.0009999999992942321,BACKFILL_AUTO
2026-04-15 13:33:55,1776260035,BOOM600,5909.74,-1,0.016000000000531145,BACKFILL_AUTO
2026-04-15 13:33:56,1776260036,BOOM600,5909.73,-1,0.010000000000218279,BACKFILL_AUTO
2026-04-15 13:33:57,1776260037,BOOM600,5909.714,-1,0.01599999999962165,BACKFILL_AUTO
2026-04-15 13:33:58,1776260038,BOOM600,5909.706,-1,0.007999999999810825,BACKFILL_AUTO
2026-04-15 13:33:59,1776260039,BOOM600,5909.696,-1,0.010000000000218279,BACKFILL_AUTO
2026-04-15 13:34:00,1776260040,BOOM600,5909.686,-1,0.010000000000218279,BACKFILL_AUTO
2026-04-15 13:34:01,1776260041,BOOM600,5909.676,-1,0.009999999999308784,BACKFILL_AUTO
2026-04-15 13:34:02,1776260042,BOOM600,5909.676,0,0.0,BACKFILL_AUTO
2026-04-15 13:34:03,1776260043,BOOM600,5909.665,-1,0.011000000000422006,BACKFILL_AUTO
2026-04-15 13:34:04,1776260044,BOOM600,5909.655,-1,0.010000000000218279,BACKFILL_AUTO
2026-04-15 13:34:05,1776260045,BOOM600,5909.649,-1,0.0059999999994033715,BACKFILL_AUTO
2026-04-15 13:34:06,1776260046,BOOM600,5909.63,-1,0.01900000000023283,BACKFILL_AUTO
2026-04-15 13:34:07,1776260047,BOOM600,5909.614,-1,0.016000000000531145,BACKFILL_AUTO
2026-04-15 13:34:08,1776260048,BOOM600,5909.613,-1,0.0009999999992942321,BACKFILL_AUTO
2026-04-15 13:34:09,1776260049,BOOM600,5909.595,-1,0.018000000000029104,BACKFILL_AUTO
2026-04-15 13:34:10,1776260050,BOOM600,5909.592,-1,0.0030000000006111804,BACKFILL_AUTO
2026-04-15 13:34:11,1776260051,BOOM600,5909.568,-1,0.023999999999432475,BACKFILL_AUTO
2026-04-15 13:34:12,1776260052,BOOM600,5909.554,-1,0.014000000000123691,BACKFILL_AUTO
2026-04-15 13:34:13,1776260053,BOOM600,5909.546,-1,0.007999999999810825,BACKFILL_AUTO
2026-04-15 13:34:14,1776260054,BOOM600,5909.545,-1,0.0010000000002037268,BACKFILL_AUTO
2026-04-15 13:34:15,1776260055,BOOM600,5909.527,-1,0.018000000000029104,BACKFILL_AUTO
2026-04-15 13:34:16,1776260056,BOOM600,5909.508,-1,0.01900000000023283,BACKFILL_AUTO
2026-04-15 13:34:17,1776260057,BOOM600,5909.495,-1,0.012999999999919964,BACKFILL_AUTO
2026-04-15 13:34:18,1776260058,BOOM600,5909.493,-1,0.001999999999497959,BACKFILL_AUTO
2026-04-15 13:34:19,1776260059,BOOM600,5909.486,-1,0.007000000000516593,BACKFILL_AUTO
2026-04-15 13:34:20,1776260060,BOOM600,5909.486,0,0.0,BACKFILL_AUTO
2026-04-15 13:34:21,1776260061,BOOM600,5909.482,-1,0.0039999999999054126,BACKFILL_AUTO
2026-04-15 13:34:22,1776260062,BOOM600,5909.473,-1,0.009000000000014552,BACKFILL_AUTO
2026-04-15 13:34:23,1776260063,BOOM600,5909.471,-1,0.0020000000004074536,BACKFILL_AUTO
2026-04-15 13:34:24,1776260064,BOOM600,5909.467,-1,0.0039999999999054126,BACKFILL_AUTO
2026-04-15 13:34:25,1776260065,BOOM600,5909.458,-1,0.009000000000014552,BACKFILL_AUTO
2026-04-15 13:34:26,1776260066,BOOM600,5909.447,-1,0.01099999999951251,BACKFILL_AUTO
2026-04-15 13:34:27,1776260067,BOOM600,5909.435,-1,0.011999999999716238,BACKFILL_AUTO
2026-04-15 13:34:28,1776260068,BOOM600,5909.414,-1,0.021000000000640284,BACKFILL_AUTO
2026-04-15 13:34:29,1776260069,BOOM600,5909.409,-1,0.005000000000109139,BACKFILL_AUTO
2026-04-15 13:34:30,1776260070,BOOM600,5909.409,0,0.0,BACKFILL_AUTO
2026-04-15 13:34:31,1776260071,BOOM600,5909.402,-1,0.006999999999607098,BACKFILL_AUTO
2026-04-15 13:34:32,1776260072,BOOM600,5909.402,0,0.0,BACKFILL_AUTO
2026-04-15 13:34:33,1776260073,BOOM600,5909.382,-1,0.020000000000436557,BACKFILL_AUTO
2026-04-15 13:34:34,1776260074,BOOM600,5909.369,-1,0.012999999999919964,BACKFILL_AUTO
2026-04-15 13:34:35,1776260075,BOOM600,5909.364,-1,0.005000000000109139,BACKFILL_AUTO
2026-04-15 13:34:36,1776260076,BOOM600,5909.362,-1,0.001999999999497959,BACKFILL_AUTO
2026-04-15 13:34:37,1776260077,BOOM600,5909.343,-1,0.01900000000023283,BACKFILL_AUTO
2026-04-15 13:34:38,1776260078,BOOM600,5909.334,-1,0.009000000000014552,BACKFILL_AUTO
2026-04-15 13:34:39,1776260079,BOOM600,5909.316,-1,0.018000000000029104,BACKFILL_AUTO
2026-04-15 13:34:40,1776260080,BOOM600,5909.306,-1,0.010000000000218279,BACKFILL_AUTO
2026-04-15 13:34:41,1776260081,BOOM600,5909.3,-1,0.0059999999994033715,BACKFILL_AUTO
2026-04-15 13:34:42,1776260082,BOOM600,5909.294,-1,0.006000000000312866,BACKFILL_AUTO
2026-04-15 13:34:43,1776260083,BOOM600,5909.274,-1,0.019999999999527063,BACKFILL_AUTO
2026-04-15 13:34:44,1776260084,BOOM600,5909.273,-1,0.0010000000002037268,BACKFILL_AUTO
2026-04-15 13:34:45,1776260085,BOOM600,5909.269,-1,0.0039999999999054126,BACKFILL_AUTO
2026-04-15 13:34:46,1776260086,BOOM600,5909.268,-1,0.0010000000002037268,BACKFILL_AUTO
2026-04-15 13:34:47,1776260087,BOOM600,5909.253,-1,0.015000000000327418,BACKFILL_AUTO
2026-04-15 13:34:48,1776260088,BOOM600,5909.253,0,0.0,BACKFILL_AUTO
2026-04-15 13:34:49,1776260089,BOOM600,5909.234,-1,0.018999999999323336,BACKFILL_AUTO
2026-04-15 13:34:50,1776260090,BOOM600,5909.234,0,0.0,BACKFILL_AUTO
2026-04-15 13:34:51,1776260091,BOOM600,5909.231,-1,0.0030000000006111804,BACKFILL_AUTO
2026-04-15 13:34:52,1776260092,BOOM600,5909.23,-1,0.0010000000002037268,BACKFILL_AUTO
2026-04-15 13:34:53,1776260093,BOOM600,5909.22,-1,0.009999999999308784,BACKFILL_AUTO
2026-04-15 13:34:54,1776260094,BOOM600,5909.207,-1,0.012999999999919964,BACKFILL_AUTO
2026-04-15 13:34:55,1776260095,BOOM600,5909.2,-1,0.007000000000516593,BACKFILL_AUTO
2026-04-15 13:34:56,1776260096,BOOM600,5909.188,-1,0.011999999999716238,BACKFILL_AUTO
2026-04-15 13:34:57,1776260097,BOOM600,5909.182,-1,0.006000000000312866,BACKFILL_AUTO
2026-04-15 13:34:58,1776260098,BOOM600,5909.175,-1,0.006999999999607098,BACKFILL_AUTO
2026-04-15 13:34:59,1776260099,BOOM600,5909.164,-1,0.011000000000422006,BACKFILL_AUTO
2026-04-15 13:35:00,1776260100,BOOM600,5909.155,-1,0.009000000000014552,BACKFILL_AUTO
2026-04-15 13:35:01,1776260101,BOOM600,5909.143,-1,0.011999999999716238,BACKFILL_AUTO
2026-04-15 13:35:02,1776260102,BOOM600,5909.117,-1,0.02599999999983993,BACKFILL_AUTO
2026-04-15 13:35:03,1776260103,BOOM600,5909.104,-1,0.012999999999919964,BACKFILL_AUTO
2026-04-15 13:35:04,1776260104,BOOM600,5909.087,-1,0.016999999999825377,BACKFILL_AUTO
2026-04-15 13:35:05,1776260105,BOOM600,5909.086,-1,0.0010000000002037268,BACKFILL_AUTO
2026-04-15 13:35:06,1776260106,BOOM600,5909.071,-1,0.015000000000327418,BACKFILL_AUTO
2026-04-15 13:35:07,1776260107,BOOM600,5909.069,-1,0.001999999999497959,BACKFILL_AUTO
2026-04-15 13:35:08,1776260108,BOOM600,5909.062,-1,0.007000000000516593,BACKFILL_AUTO
2026-04-15 13:35:09,1776260109,BOOM600,5909.047,-1,0.015000000000327418,BACKFILL_AUTO
2026-04-15 13:35:10,1776260110,BOOM600,5909.029,-1,0.01799999999911961,BACKFILL_AUTO
2026-04-15 13:35:11,1776260111,BOOM600,5909.018,-1,0.011000000000422006,BACKFILL_AUTO
2026-04-15 13:35:12,1776260112,BOOM600,5909.008,-1,0.010000000000218279,BACKFILL_AUTO
2026-04-15 13:35:13,1776260113,BOOM600,5909.001,-1,0.006999999999607098,BACKFILL_AUTO
2026-04-15 13:35:14,1776260114,BOOM600,5908.995,-1,0.006000000000312866,BACKFILL_AUTO
2026-04-15 13:35:15,1776260115,BOOM600,5908.989,-1,0.006000000000312866,BACKFILL_AUTO
2026-04-15 13:35:16,1776260116,BOOM600,5908.977,-1,0.011999999999716238,BACKFILL_AUTO
2026-04-15 13:35:17,1776260117,BOOM600,5908.964,-1,0.012999999999919964,BACKFILL_AUTO
2026-04-15 13:35:18,1776260118,BOOM600,5908.958,-1,0.006000000000312866,BACKFILL_AUTO
2026-04-15 13:35:19,1776260119,BOOM600,5908.952,-1,0.0059999999994033715,BACKFILL_AUTO
2026-04-15 13:35:20,1776260120,BOOM600,5908.943,-1,0.009000000000014552,BACKFILL_AUTO
2026-04-15 13:35:21,1776260121,BOOM600,5908.933,-1,0.010000000000218279,BACKFILL_AUTO
2026-04-15 13:35:22,1776260122,BOOM600,5908.89,-1,0.042999999999665306,BACKFILL_AUTO
2026-04-15 13:35:23,1776260123,BOOM600,5908.887,-1,0.0030000000006111804,BACKFILL_AUTO
2026-04-15 13:35:24,1776260124,BOOM600,5908.871,-1,0.01599999999962165,BACKFILL_AUTO
2026-04-15 13:35:25,1776260125,BOOM600,5908.857,-1,0.014000000000123691,BACKFILL_AUTO
2026-04-15 13:35:26,1776260126,BOOM600,5908.853,-1,0.0039999999999054126,BACKFILL_AUTO
2026-04-15 13:35:27,1776260127,BOOM600,5908.845,-1,0.007999999999810825,BACKFILL_AUTO
2026-04-15 13:35:28,1776260128,BOOM600,5908.828,-1,0.016999999999825377,BACKFILL_AUTO
2026-04-15 13:35:29,1776260129,BOOM600,5908.818,-1,0.010000000000218279,BACKFILL_AUTO
2026-04-15 13:35:30,1776260130,BOOM600,5908.815,-1,0.0030000000006111804,BACKFILL_AUTO
2026-04-15 13:35:31,1776260131,BOOM600,5908.808,-1,0.006999999999607098,BACKFILL_AUTO
2026-04-15 13:35:32,1776260132,BOOM600,5908.796,-1,0.011999999999716238,BACKFILL_AUTO
2026-04-15 13:35:33,1776260133,BOOM600,5908.793,-1,0.0030000000006111804,BACKFILL_AUTO
2026-04-15 13:35:34,1776260134,BOOM600,5908.785,-1,0.007999999999810825,BACKFILL_AUTO
2026-04-15 13:35:35,1776260135,BOOM600,5908.775,-1,0.010000000000218279,BACKFILL_AUTO
2026-04-15 13:35:36,1776260136,BOOM600,5908.773,-1,0.001999999999497959,BACKFILL_AUTO
2026-04-15 13:35:37,1776260137,BOOM600,5908.763,-1,0.010000000000218279,BACKFILL_AUTO
2026-04-15 13:35:38,1776260138,BOOM600,5908.757,-1,0.006000000000312866,BACKFILL_AUTO
2026-04-15 13:35:39,1776260139,BOOM600,5908.753,-1,0.0039999999999054126,BACKFILL_AUTO
2026-04-15 13:35:40,1776260140,BOOM600,5908.729,-1,0.023999999999432475,BACKFILL_AUTO
2026-04-15 13:35:41,1776260141,BOOM600,5908.723,-1,0.006000000000312866,BACKFILL_AUTO
2026-04-15 13:35:42,1776260142,BOOM600,5908.694,-1,0.028999999999541615,BACKFILL_AUTO
2026-04-15 13:35:43,1776260143,BOOM600,5908.684,-1,0.010000000000218279,BACKFILL_AUTO
2026-04-15 13:35:44,1776260144,BOOM600,5908.681,-1,0.0030000000006111804,BACKFILL_AUTO
2026-04-15 13:35:45,1776260145,BOOM600,5908.68,-1,0.0009999999992942321,BACKFILL_AUTO
2026-04-15 13:35:46,1776260146,BOOM600,5908.673,-1,0.007000000000516593,BACKFILL_AUTO
2026-04-15 13:35:47,1776260147,BOOM600,5908.661,-1,0.011999999999716238,BACKFILL_AUTO
2026-04-15 13:35:48,1776260148,BOOM600,5908.653,-1,0.007999999999810825,BACKFILL_AUTO
2026-04-15 13:35:49,1776260149,BOOM600,5908.639,-1,0.014000000000123691,BACKFILL_AUTO
2026-04-15 13:35:50,1776260150,BOOM600,5908.624,-1,0.015000000000327418,BACKFILL_AUTO
2026-04-15 13:35:51,1776260151,BOOM600,5908.608,-1,0.01599999999962165,BACKFILL_AUTO
2026-04-15 13:35:52,1776260152,BOOM600,5908.604,-1,0.0039999999999054126,BACKFILL_AUTO
2026-04-15 13:35:53,1776260153,BOOM600,5908.604,0,0.0,BACKFILL_AUTO
2026-04-15 13:35:54,1776260154,BOOM600,5908.588,-1,0.016000000000531145,BACKFILL_AUTO
2026-04-15 13:35:55,1776260155,BOOM600,5908.567,-1,0.02099999999973079,BACKFILL_AUTO
2026-04-15 13:35:56,1776260156,BOOM600,5908.565,-1,0.0020000000004074536,BACKFILL_AUTO
2026-04-15 13:35:57,1776260157,BOOM600,5908.555,-1,0.009999999999308784,BACKFILL_AUTO
2026-04-15 13:35:58,1776260158,BOOM600,5908.55,-1,0.005000000000109139,BACKFILL_AUTO
2026-04-15 13:35:59,1776260159,BOOM600,5908.542,-1,0.007999999999810825,BACKFILL_AUTO
2026-04-15 13:36:00,1776260160,BOOM600,5908.537,-1,0.005000000000109139,BACKFILL_AUTO
2026-04-15 13:36:01,1776260161,BOOM600,5908.517,-1,0.020000000000436557,BACKFILL_AUTO
2026-04-15 13:36:02,1776260162,BOOM600,5908.508,-1,0.009000000000014552,BACKFILL_AUTO
2026-04-15 13:36:03,1776260163,BOOM600,5908.496,-1,0.011999999999716238,BACKFILL_AUTO
2026-04-15 13:36:04,1776260164,BOOM600,5908.483,-1,0.012999999999919964,BACKFILL_AUTO
2026-04-15 13:36:05,1776260165,BOOM600,5908.479,-1,0.0039999999999054126,BACKFILL_AUTO
2026-04-15 13:36:06,1776260166,BOOM600,5908.475,-1,0.0039999999999054126,BACKFILL_AUTO
2026-04-15 13:36:07,1776260167,BOOM600,5908.465,-1,0.010000000000218279,BACKFILL_AUTO
2026-04-15 13:36:08,1776260168,BOOM600,5908.458,-1,0.007000000000516593,BACKFILL_AUTO
2026-04-15 13:36:09,1776260169,BOOM600,5908.442,-1,0.01599999999962165,BACKFILL_AUTO
2026-04-15 13:36:10,1776260170,BOOM600,5908.438,-1,0.0039999999999054126,BACKFILL_AUTO
2026-04-15 13:36:11,1776260171,BOOM600,5908.432,-1,0.006000000000312866,BACKFILL_AUTO
2026-04-15 13:36:12,1776260172,BOOM600,5908.418,-1,0.014000000000123691,BACKFILL_AUTO
2026-04-15 13:36:13,1776260173,BOOM600,5908.417,-1,0.0009999999992942321,BACKFILL_AUTO
2026-04-15 13:36:14,1776260174,BOOM600,5908.415,-1,0.0020000000004074536,BACKFILL_AUTO
2026-04-15 13:36:15,1776260175,BOOM600,5908.408,-1,0.006999999999607098,BACKFILL_AUTO
2026-04-15 13:36:16,1776260176,BOOM600,5908.396,-1,0.012000000000625732,BACKFILL_AUTO
2026-04-15 13:36:17,1776260177,BOOM600,5908.392,-1,0.0039999999999054126,BACKFILL_AUTO
2026-04-15 13:36:18,1776260178,BOOM600,5908.379,-1,0.012999999999919964,BACKFILL_AUTO
2026-04-15 13:36:19,1776260179,BOOM600,5908.374,-1,0.005000000000109139,BACKFILL_AUTO
2026-04-15 13:36:20,1776260180,BOOM600,5908.351,-1,0.023000000000138243,BACKFILL_AUTO
2026-04-15 13:36:21,1776260181,BOOM600,5908.348,-1,0.0029999999997016857,BACKFILL_AUTO
2026-04-15 13:36:22,1776260182,BOOM600,5908.342,-1,0.006000000000312866,BACKFILL_AUTO
2026-04-15 13:36:23,1776260183,BOOM600,5908.33,-1,0.011999999999716238,BACKFILL_AUTO
2026-04-15 13:36:24,1776260184,BOOM600,5908.32,-1,0.010000000000218279,BACKFILL_AUTO
2026-04-15 13:36:25,1776260185,BOOM600,5908.319,-1,0.0009999999992942321,BACKFILL_AUTO
2026-04-15 13:36:26,1776260186,BOOM600,5908.314,-1,0.005000000000109139,BACKFILL_AUTO
2026-04-15 13:36:27,1776260187,BOOM600,5908.306,-1,0.00800000000072032,BACKFILL_AUTO
2026-04-15 13:36:28,1776260188,BOOM600,5908.299,-1,0.006999999999607098,BACKFILL_AUTO
2026-04-15 13:36:29,1776260189,BOOM600,5908.271,-1,0.028000000000247383,BACKFILL_AUTO
2026-04-15 13:36:30,1776260190,BOOM600,5908.249,-1,0.021999999999934516,BACKFILL_AUTO
2026-04-15 13:36:31,1776260191,BOOM600,5908.229,-1,0.019999999999527063,BACKFILL_AUTO
2026-04-15 13:36:32,1776260192,BOOM600,5908.204,-1,0.025000000000545697,BACKFILL_AUTO
2026-04-15 13:36:33,1776260193,BOOM600,5908.194,-1,0.009999999999308784,BACKFILL_AUTO
2026-04-15 13:36:34,1776260194,BOOM600,5908.192,-1,0.0020000000004074536,BACKFILL_AUTO
2026-04-15 13:36:35,1776260195,BOOM600,5908.181,-1,0.011000000000422006,BACKFILL_AUTO
2026-04-15 13:36:36,1776260196,BOOM600,5908.179,-1,0.001999999999497959,BACKFILL_AUTO
2026-04-15 13:36:37,1776260197,BOOM600,5908.157,-1,0.021999999999934516,BACKFILL_AUTO
2026-04-15 13:36:38,1776260198,BOOM600,5908.146,-1,0.011000000000422006,BACKFILL_AUTO
2026-04-15 13:36:39,1776260199,BOOM600,5908.139,-1,0.006999999999607098,BACKFILL_AUTO
2026-04-15 13:36:40,1776260200,BOOM600,5908.134,-1,0.005000000000109139,BACKFILL_AUTO
2026-04-15 13:36:41,1776260201,BOOM600,5908.124,-1,0.010000000000218279,BACKFILL_AUTO
2026-04-15 13:36:42,1776260202,BOOM600,5908.1,-1,0.023999999999432475,BACKFILL_AUTO
2026-04-15 13:36:43,1776260203,BOOM600,5908.09,-1,0.010000000000218279,BACKFILL_AUTO
2026-04-15 13:36:44,1776260204,BOOM600,5908.077,-1,0.012999999999919964,BACKFILL_AUTO
2026-04-15 13:36:45,1776260205,BOOM600,5908.058,-1,0.01900000000023283,BACKFILL_AUTO
2026-04-15 13:36:46,1776260206,BOOM600,5908.041,-1,0.016999999999825377,BACKFILL_AUTO
2026-04-15 13:36:47,1776260207,BOOM600,5908.025,-1,0.016000000000531145,BACKFILL_AUTO
2026-04-15 13:36:48,1776260208,BOOM600,5908.022,-1,0.0029999999997016857,BACKFILL_AUTO
2026-04-15 13:36:49,1776260209,BOOM600,5908.021,-1,0.0010000000002037268,BACKFILL_AUTO
2026-04-15 13:36:50,1776260210,BOOM600,5908.011,-1,0.009999999999308784,BACKFILL_AUTO
2026-04-15 13:36:51,1776260211,BOOM600,5908.007,-1,0.004000000000814907,BACKFILL_AUTO
2026-04-15 13:36:52,1776260212,BOOM600,5907.985,-1,0.021999999999934516,BACKFILL_AUTO
2026-04-15 13:36:53,1776260213,BOOM600,5907.977,-1,0.007999999999810825,BACKFILL_AUTO
2026-04-15 13:36:54,1776260214,BOOM600,5907.97,-1,0.006999999999607098,BACKFILL_AUTO
2026-04-15 13:36:55,1776260215,BOOM600,5907.965,-1,0.005000000000109139,BACKFILL_AUTO
2026-04-15 13:36:56,1776260216,BOOM600,5907.952,-1,0.012999999999919964,BACKFILL_AUTO
2026-04-15 13:36:57,1776260217,BOOM600,5907.951,-1,0.0010000000002037268,BACKFILL_AUTO
2026-04-15 13:36:58,1776260218,BOOM600,5907.937,-1,0.014000000000123691,BACKFILL_AUTO
2026-04-15 13:36:59,1776260219,BOOM600,5907.935,-1,0.001999999999497959,BACKFILL_AUTO
2026-04-15 13:37:00,1776260220,BOOM600,5907.929,-1,0.006000000000312866,BACKFILL_AUTO
2026-04-15 13:37:01,1776260221,BOOM600,5907.924,-1,0.005000000000109139,BACKFILL_AUTO
2026-04-15 13:37:02,1776260222,BOOM600,5907.915,-1,0.009000000000014552,BACKFILL_AUTO
2026-04-15 13:37:03,1776260223,BOOM600,5907.897,-1,0.018000000000029104,BACKFILL_AUTO
2026-04-15 13:37:04,1776260224,BOOM600,5907.893,-1,0.0039999999999054126,BACKFILL_AUTO
2026-04-15 13:37:05,1776260225,BOOM600,5907.88,-1,0.012999999999919964,BACKFILL_AUTO
2026-04-15 13:37:06,1776260226,BOOM600,5907.871,-1,0.009000000000014552,BACKFILL_AUTO
2026-04-15 13:37:07,1776260227,BOOM600,5907.864,-1,0.007000000000516593,BACKFILL_AUTO
2026-04-15 13:37:08,1776260228,BOOM600,5907.862,-1,0.001999999999497959,BACKFILL_AUTO
2026-04-15 13:37:09,1776260229,BOOM600,5907.852,-1,0.010000000000218279,BACKFILL_AUTO
2026-04-15 13:37:10,1776260230,BOOM600,5907.846,-1,0.006000000000312866,BACKFILL_AUTO
2026-04-15 13:37:11,1776260231,BOOM600,5907.814,-1,0.0319999999992433,BACKFILL_AUTO
2026-04-15 13:37:12,1776260232,BOOM600,5907.808,-1,0.006000000000312866,BACKFILL_AUTO
2026-04-15 13:37:13,1776260233,BOOM600,5907.801,-1,0.006999999999607098,BACKFILL_AUTO
2026-04-15 13:37:14,1776260234,BOOM600,5907.798,-1,0.0030000000006111804,BACKFILL_AUTO
2026-04-15 13:37:15,1776260235,BOOM600,5907.78,-1,0.018000000000029104,BACKFILL_AUTO
2026-04-15 13:37:16,1776260236,BOOM600,5907.775,-1,0.005000000000109139,BACKFILL_AUTO
2026-04-15 13:37:17,1776260237,BOOM600,5907.768,-1,0.006999999999607098,BACKFILL_AUTO
2026-04-15 13:37:18,1776260238,BOOM600,5907.759,-1,0.009000000000014552,BACKFILL_AUTO
2026-04-15 13:37:19,1776260239,BOOM600,5907.748,-1,0.011000000000422006,BACKFILL_AUTO
2026-04-15 13:37:20,1776260240,BOOM600,5907.743,-1,0.004999999999199645,BACKFILL_AUTO
2026-04-15 13:37:21,1776260241,BOOM600,5907.743,0,0.0,BACKFILL_AUTO
2026-04-15 13:37:22,1776260242,BOOM600,5907.731,-1,0.012000000000625732,BACKFILL_AUTO
2026-04-15 13:37:23,1776260243,BOOM600,5907.724,-1,0.006999999999607098,BACKFILL_AUTO
2026-04-15 13:37:24,1776260244,BOOM600,5907.713,-1,0.011000000000422006,BACKFILL_AUTO
2026-04-15 13:37:25,1776260245,BOOM600,5907.712,-1,0.0009999999992942321,BACKFILL_AUTO
2026-04-15 13:37:26,1776260246,BOOM600,5907.705,-1,0.007000000000516593,BACKFILL_AUTO
2026-04-15 13:37:27,1776260247,BOOM600,5907.701,-1,0.0039999999999054126,BACKFILL_AUTO
2026-04-15 13:37:28,1776260248,BOOM600,5907.695,-1,0.006000000000312866,BACKFILL_AUTO
2026-04-15 13:37:29,1776260249,BOOM600,5907.689,-1,0.0059999999994033715,BACKFILL_AUTO
2026-04-15 13:37:30,1776260250,BOOM600,5907.686,-1,0.0030000000006111804,BACKFILL_AUTO
2026-04-15 13:37:31,1776260251,BOOM600,5907.668,-1,0.018000000000029104,BACKFILL_AUTO
2026-04-15 13:37:32,1776260252,BOOM600,5907.66,-1,0.007999999999810825,BACKFILL_AUTO
2026-04-15 13:37:33,1776260253,BOOM600,5907.655,-1,0.005000000000109139,BACKFILL_AUTO
2026-04-15 13:37:34,1776260254,BOOM600,5907.649,-1,0.0059999999994033715,BACKFILL_AUTO
2026-04-15 13:37:35,1776260255,BOOM600,5907.639,-1,0.010000000000218279,BACKFILL_AUTO
2026-04-15 13:37:36,1776260256,BOOM600,5907.631,-1,0.007999999999810825,BACKFILL_AUTO
2026-04-15 13:37:37,1776260257,BOOM600,5907.623,-1,0.00800000000072032,BACKFILL_AUTO
2026-04-15 13:37:38,1776260258,BOOM600,5907.623,0,0.0,BACKFILL_AUTO
2026-04-15 13:37:39,1776260259,BOOM600,5907.612,-1,0.01099999999951251,BACKFILL_AUTO
2026-04-15 13:37:40,1776260260,BOOM600,5907.598,-1,0.014000000000123691,BACKFILL_AUTO
2026-04-15 13:37:41,1776260261,BOOM600,5907.587,-1,0.01099999999951251,BACKFILL_AUTO
2026-04-15 13:37:42,1776260262,BOOM600,5907.562,-1,0.025000000000545697,BACKFILL_AUTO
2026-04-15 13:37:43,1776260263,BOOM600,5907.561,-1,0.0010000000002037268,BACKFILL_AUTO
2026-04-15 13:37:44,1776260264,BOOM600,5907.541,-1,0.019999999999527063,BACKFILL_AUTO
2026-04-15 13:37:45,1776260265,BOOM600,5907.528,-1,0.012999999999919964,BACKFILL_AUTO
2026-04-15 13:37:46,1776260266,BOOM600,5907.515,-1,0.012999999999919964,BACKFILL_AUTO
2026-04-15 13:37:47,1776260267,BOOM600,5907.494,-1,0.021000000000640284,BACKFILL_AUTO
2026-04-15 13:37:48,1776260268,BOOM600,5907.492,-1,0.001999999999497959,BACKFILL_AUTO
2026-04-15 13:37:49,1776260269,BOOM600,5907.481,-1,0.011000000000422006,BACKFILL_AUTO
2026-04-15 13:37:50,1776260270,BOOM600,5907.466,-1,0.014999999999417923,BACKFILL_AUTO
2026-04-15 13:37:51,1776260271,BOOM600,5907.459,-1,0.007000000000516593,BACKFILL_AUTO
2026-04-15 13:37:52,1776260272,BOOM600,5907.459,0,0.0,BACKFILL_AUTO
2026-04-15 13:37:53,1776260273,BOOM600,5907.45,-1,0.009000000000014552,BACKFILL_AUTO
2026-04-15 13:37:54,1776260274,BOOM600,5907.44,-1,0.010000000000218279,BACKFILL_AUTO
2026-04-15 13:37:55,1776260275,BOOM600,5907.426,-1,0.013999999999214197,BACKFILL_AUTO
2026-04-15 13:37:56,1776260276,BOOM600,5907.42,-1,0.006000000000312866,BACKFILL_AUTO
2026-04-15 13:37:57,1776260277,BOOM600,5907.403,-1,0.016999999999825377,BACKFILL_AUTO
2026-04-15 13:37:58,1776260278,BOOM600,5907.402,-1,0.0010000000002037268,BACKFILL_AUTO
2026-04-15 13:37:59,1776260279,BOOM600,5907.392,-1,0.010000000000218279,BACKFILL_AUTO
2026-04-15 13:38:00,1776260280,BOOM600,5907.365,-1,0.027000000000043656,BACKFILL_AUTO
2026-04-15 13:38:01,1776260281,BOOM600,5907.348,-1,0.016999999999825377,BACKFILL_AUTO
2026-04-15 13:38:02,1776260282,BOOM600,5907.335,-1,0.012999999999919964,BACKFILL_AUTO
2026-04-15 13:38:03,1776260283,BOOM600,5907.332,-1,0.0029999999997016857,BACKFILL_AUTO
2026-04-15 13:38:04,1776260284,BOOM600,5907.324,-1,0.00800000000072032,BACKFILL_AUTO
2026-04-15 13:38:05,1776260285,BOOM600,5907.313,-1,0.01099999999951251,BACKFILL_AUTO
2026-04-15 13:38:06,1776260286,BOOM600,5907.305,-1,0.007999999999810825,BACKFILL_AUTO
2026-04-15 13:38:07,1776260287,BOOM600,5907.291,-1,0.014000000000123691,BACKFILL_AUTO
2026-04-15 13:38:08,1776260288,BOOM600,5907.268,-1,0.023000000000138243,BACKFILL_AUTO
2026-04-15 13:38:09,1776260289,BOOM600,5907.256,-1,0.011999999999716238,BACKFILL_AUTO
2026-04-15 13:38:10,1776260290,BOOM600,5907.246,-1,0.010000000000218279,BACKFILL_AUTO
2026-04-15 13:38:11,1776260291,BOOM600,5907.24,-1,0.006000000000312866,BACKFILL_AUTO
2026-04-15 13:38:12,1776260292,BOOM600,5907.237,-1,0.0029999999997016857,BACKFILL_AUTO
2026-04-15 13:38:13,1776260293,BOOM600,5907.234,-1,0.0029999999997016857,BACKFILL_AUTO
2026-04-15 13:38:14,1776260294,BOOM600,5907.218,-1,0.016000000000531145,BACKFILL_AUTO
2026-04-15 13:38:15,1776260295,BOOM600,5907.214,-1,0.0039999999999054126,BACKFILL_AUTO
2026-04-15 13:38:16,1776260296,BOOM600,5907.21,-1,0.0039999999999054126,BACKFILL_AUTO
2026-04-15 13:38:17,1776260297,BOOM600,5907.182,-1,0.028000000000247383,BACKFILL_AUTO
2026-04-15 13:38:18,1776260298,BOOM600,5907.164,-1,0.018000000000029104,BACKFILL_AUTO
2026-04-15 13:38:19,1776260299,BOOM600,5907.162,-1,0.001999999999497959,BACKFILL_AUTO
2026-04-15 13:38:20,1776260300,BOOM600,5907.151,-1,0.011000000000422006,BACKFILL_AUTO
2026-04-15 13:38:21,1776260301,BOOM600,5907.143,-1,0.007999999999810825,BACKFILL_AUTO
2026-04-15 13:38:22,1776260302,BOOM600,5907.141,-1,0.0020000000004074536,BACKFILL_AUTO
2026-04-15 13:38:23,1776260303,BOOM600,5907.127,-1,0.013999999999214197,BACKFILL_AUTO
2026-04-15 13:38:24,1776260304,BOOM600,5907.126,-1,0.0010000000002037268,BACKFILL_AUTO
2026-04-15 13:38:25,1776260305,BOOM600,5907.122,-1,0.0039999999999054126,BACKFILL_AUTO
2026-04-15 13:38:26,1776260306,BOOM600,5907.108,-1,0.014000000000123691,BACKFILL_AUTO
2026-04-15 13:38:27,1776260307,BOOM600,5907.1,-1,0.007999999999810825,BACKFILL_AUTO
2026-04-15 13:38:28,1776260308,BOOM600,5907.086,-1,0.014000000000123691,BACKFILL_AUTO
2026-04-15 13:38:29,1776260309,BOOM600,5907.081,-1,0.005000000000109139,BACKFILL_AUTO
2026-04-15 13:38:30,1776260310,BOOM600,5907.08,-1,0.0010000000002037268,BACKFILL_AUTO
2026-04-15 13:38:31,1776260311,BOOM600,5907.077,-1,0.0029999999997016857,BACKFILL_AUTO
2026-04-15 13:38:32,1776260312,BOOM600,5907.073,-1,0.0039999999999054126,BACKFILL_AUTO
2026-04-15 13:38:33,1776260313,BOOM600,5907.058,-1,0.015000000000327418,BACKFILL_AUTO
2026-04-15 13:38:34,1776260314,BOOM600,5907.056,-1,0.0020000000004074536,BACKFILL_AUTO
2026-04-15 13:38:35,1776260315,BOOM600,5907.032,-1,0.023999999999432475,BACKFILL_AUTO
2026-04-15 13:38:36,1776260316,BOOM600,5907.022,-1,0.010000000000218279,BACKFILL_AUTO
2026-04-15 13:38:37,1776260317,BOOM600,5907.015,-1,0.006999999999607098,BACKFILL_AUTO
2026-04-15 13:38:38,1776260318,BOOM600,5907.009,-1,0.006000000000312866,BACKFILL_AUTO
2026-04-15 13:38:39,1776260319,BOOM600,5906.993,-1,0.01599999999962165,BACKFILL_AUTO
2026-04-15 13:38:40,1776260320,BOOM600,5906.986,-1,0.007000000000516593,BACKFILL_AUTO
2026-04-15 13:38:41,1776260321,BOOM600,5906.983,-1,0.0029999999997016857,BACKFILL_AUTO
2026-04-15 13:38:42,1776260322,BOOM600,5906.976,-1,0.007000000000516593,BACKFILL_AUTO
2026-04-15 13:38:43,1776260323,BOOM600,5906.962,-1,0.013999999999214197,BACKFILL_AUTO
2026-04-15 13:38:44,1776260324,BOOM600,5906.949,-1,0.01300000000082946,BACKFILL_AUTO
2026-04-15 13:38:45,1776260325,BOOM600,5906.929,-1,0.019999999999527063,BACKFILL_AUTO
2026-04-15 13:38:46,1776260326,BOOM600,5906.924,-1,0.005000000000109139,BACKFILL_AUTO
2026-04-15 13:38:47,1776260327,BOOM600,5906.922,-1,0.0020000000004074536,BACKFILL_AUTO
2026-04-15 13:38:48,1776260328,BOOM600,5906.902,-1,0.019999999999527063,BACKFILL_AUTO
2026-04-15 13:38:49,1776260329,BOOM600,5906.893,-1,0.009000000000014552,BACKFILL_AUTO
2026-04-15 13:38:50,1776260330,BOOM600,5906.886,-1,0.006999999999607098,BACKFILL_AUTO
2026-04-15 13:38:51,1776260331,BOOM600,5906.859,-1,0.027000000000043656,BACKFILL_AUTO
2026-04-15 13:38:52,1776260332,BOOM600,5906.847,-1,0.012000000000625732,BACKFILL_AUTO
2026-04-15 13:38:53,1776260333,BOOM600,5906.832,-1,0.014999999999417923,BACKFILL_AUTO
2026-04-15 13:38:54,1776260334,BOOM600,5906.829,-1,0.0030000000006111804,BACKFILL_AUTO
2026-04-15 13:38:55,1776260335,BOOM600,5906.829,0,0.0,BACKFILL_AUTO
2026-04-15 13:38:56,1776260336,BOOM600,5906.829,0,0.0,BACKFILL_AUTO
2026-04-15 13:38:57,1776260337,BOOM600,5906.819,-1,0.009999999999308784,BACKFILL_AUTO
2026-04-15 13:38:58,1776260338,BOOM600,5906.818,-1,0.0010000000002037268,BACKFILL_AUTO
2026-04-15 13:38:59,1776260339,BOOM600,5906.816,-1,0.0020000000004074536,BACKFILL_AUTO
2026-04-15 13:39:00,1776260340,BOOM600,5906.789,-1,0.027000000000043656,BACKFILL_AUTO
2026-04-15 13:39:01,1776260341,BOOM600,5906.769,-1,0.019999999999527063,BACKFILL_AUTO
2026-04-15 13:39:02,1776260342,BOOM600,5906.769,0,0.0,BACKFILL_AUTO
2026-04-15 13:39:03,1776260343,BOOM600,5906.768,-1,0.0010000000002037268,BACKFILL_AUTO
2026-04-15 13:39:04,1776260344,BOOM600,5906.753,-1,0.015000000000327418,BACKFILL_AUTO
2026-04-15 13:39:05,1776260345,BOOM600,5906.745,-1,0.007999999999810825,BACKFILL_AUTO
2026-04-15 13:39:06,1776260346,BOOM600,5906.738,-1,0.006999999999607098,BACKFILL_AUTO
2026-04-15 13:39:07,1776260347,BOOM600,5906.704,-1,0.03400000000056025,BACKFILL_AUTO
2026-04-15 13:39:08,1776260348,BOOM600,5906.695,-1,0.009000000000014552,BACKFILL_AUTO
2026-04-15 13:39:09,1776260349,BOOM600,5906.675,-1,0.019999999999527063,BACKFILL_AUTO
2026-04-15 13:39:10,1776260350,BOOM600,5906.663,-1,0.012000000000625732,BACKFILL_AUTO
2026-04-15 13:39:11,1776260351,BOOM600,5906.645,-1,0.01799999999911961,BACKFILL_AUTO
2026-04-15 13:39:12,1776260352,BOOM600,5906.629,-1,0.016000000000531145,BACKFILL_AUTO
2026-04-15 13:39:13,1776260353,BOOM600,5906.621,-1,0.007999999999810825,BACKFILL_AUTO
2026-04-15 13:39:14,1776260354,BOOM600,5906.615,-1,0.006000000000312866,BACKFILL_AUTO
2026-04-15 13:39:15,1776260355,BOOM600,5906.603,-1,0.011999999999716238,BACKFILL_AUTO
2026-04-15 13:39:16,1776260356,BOOM600,5906.586,-1,0.016999999999825377,BACKFILL_AUTO
2026-04-15 13:39:17,1776260357,BOOM600,5906.577,-1,0.009000000000014552,BACKFILL_AUTO
2026-04-15 13:39:18,1776260358,BOOM600,5906.564,-1,0.012999999999919964,BACKFILL_AUTO
2026-04-15 13:39:19,1776260359,BOOM600,5906.552,-1,0.012000000000625732,BACKFILL_AUTO
2026-04-15 13:39:20,1776260360,BOOM600,5906.551,-1,0.0009999999992942321,BACKFILL_AUTO
2026-04-15 13:39:21,1776260361,BOOM600,5906.55,-1,0.0010000000002037268,BACKFILL_AUTO
2026-04-15 13:39:22,1776260362,BOOM600,5906.546,-1,0.0039999999999054126,BACKFILL_AUTO
2026-04-15 13:39:23,1776260363,BOOM600,5906.535,-1,0.011000000000422006,BACKFILL_AUTO
2026-04-15 13:39:24,1776260364,BOOM600,5906.523,-1,0.011999999999716238,BACKFILL_AUTO
2026-04-15 13:39:25,1776260365,BOOM600,5906.515,-1,0.007999999999810825,BACKFILL_AUTO
2026-04-15 13:39:26,1776260366,BOOM600,5906.513,-1,0.0020000000004074536,BACKFILL_AUTO
2026-04-15 13:39:27,1776260367,BOOM600,5906.506,-1,0.006999999999607098,BACKFILL_AUTO
2026-04-15 13:39:28,1776260368,BOOM600,5906.488,-1,0.018000000000029104,BACKFILL_AUTO
2026-04-15 13:39:29,1776260369,BOOM600,5906.486,-1,0.0020000000004074536,BACKFILL_AUTO
2026-04-15 13:39:30,1776260370,BOOM600,5906.481,-1,0.005000000000109139,BACKFILL_AUTO
2026-04-15 13:39:31,1776260371,BOOM600,5906.478,-1,0.0029999999997016857,BACKFILL_AUTO
2026-04-15 13:39:32,1776260372,BOOM600,5906.463,-1,0.015000000000327418,BACKFILL_AUTO
2026-04-15 13:39:33,1776260373,BOOM600,5906.453,-1,0.009999999999308784,BACKFILL_AUTO
2026-04-15 13:39:34,1776260374,BOOM600,5906.431,-1,0.02200000000084401,BACKFILL_AUTO
2026-04-15 13:39:35,1776260375,BOOM600,5906.426,-1,0.004999999999199645,BACKFILL_AUTO
2026-04-15 13:39:36,1776260376,BOOM600,5906.418,-1,0.00800000000072032,BACKFILL_AUTO
2026-04-15 13:39:37,1776260377,BOOM600,5906.416,-1,0.001999999999497959,BACKFILL_AUTO
2026-04-15 13:39:38,1776260378,BOOM600,5906.411,-1,0.005000000000109139,BACKFILL_AUTO
2026-04-15 13:39:39,1776260379,BOOM600,5906.395,-1,0.01599999999962165,BACKFILL_AUTO
2026-04-15 13:39:40,1776260380,BOOM600,5906.373,-1,0.02200000000084401,BACKFILL_AUTO
2026-04-15 13:39:41,1776260381,BOOM600,5906.361,-1,0.011999999999716238,BACKFILL_AUTO
2026-04-15 13:39:42,1776260382,BOOM600,5906.335,-1,0.02599999999983993,BACKFILL_AUTO
2026-04-15 13:39:43,1776260383,BOOM600,5906.332,-1,0.0029999999997016857,BACKFILL_AUTO
2026-04-15 13:39:44,1776260384,BOOM600,5906.321,-1,0.011000000000422006,BACKFILL_AUTO
2026-04-15 13:39:45,1776260385,BOOM600,5906.32,-1,0.0010000000002037268,BACKFILL_AUTO
2026-04-15 13:39:46,1776260386,BOOM600,5906.312,-1,0.007999999999810825,BACKFILL_AUTO
2026-04-15 13:39:47,1776260387,BOOM600,5906.312,0,0.0,BACKFILL_AUTO
2026-04-15 13:39:48,1776260388,BOOM600,5906.298,-1,0.014000000000123691,BACKFILL_AUTO
2026-04-15 13:39:49,1776260389,BOOM600,5906.287,-1,0.01099999999951251,BACKFILL_AUTO
2026-04-15 13:39:50,1776260390,BOOM600,5906.276,-1,0.011000000000422006,BACKFILL_AUTO
2026-04-15 13:39:51,1776260391,BOOM600,5906.275,-1,0.0010000000002037268,BACKFILL_AUTO
2026-04-15 13:39:52,1776260392,BOOM600,5906.268,-1,0.006999999999607098,BACKFILL_AUTO
2026-04-15 13:39:53,1776260393,BOOM600,5906.264,-1,0.0039999999999054126,BACKFILL_AUTO
2026-04-15 13:39:54,1776260394,BOOM600,5906.259,-1,0.005000000000109139,BACKFILL_AUTO
2026-04-15 13:39:55,1776260395,BOOM600,5906.257,-1,0.0020000000004074536,BACKFILL_AUTO
2026-04-15 13:39:56,1776260396,BOOM600,5906.253,-1,0.0039999999999054126,BACKFILL_AUTO
2026-04-15 13:39:57,1776260397,BOOM600,5906.243,-1,0.009999999999308784,BACKFILL_AUTO
2026-04-15 13:39:58,1776260398,BOOM600,5906.237,-1,0.006000000000312866,BACKFILL_AUTO
2026-04-15 13:39:59,1776260399,BOOM600,5906.225,-1,0.011999999999716238,BACKFILL_AUTO
2026-04-15 13:40:00,1776260400,BOOM600,5906.223,-1,0.0020000000004074536,BACKFILL_AUTO
2026-04-15 13:40:01,1776260401,BOOM600,5906.212,-1,0.01099999999951251,BACKFILL_AUTO
2026-04-15 13:40:02,1776260402,BOOM600,5906.2,-1,0.012000000000625732,BACKFILL_AUTO
2026-04-15 13:40:03,1776260403,BOOM600,5906.198,-1,0.001999999999497959,BACKFILL_AUTO
2026-04-15 13:40:04,1776260404,BOOM600,5906.187,-1,0.011000000000422006,BACKFILL_AUTO
2026-04-15 13:40:05,1776260405,BOOM600,5906.18,-1,0.006999999999607098,BACKFILL_AUTO
2026-04-15 13:40:06,1776260406,BOOM600,5906.17,-1,0.010000000000218279,BACKFILL_AUTO
2026-04-15 13:40:07,1776260407,BOOM600,5906.159,-1,0.011000000000422006,BACKFILL_AUTO
2026-04-15 13:40:08,1776260408,BOOM600,5906.146,-1,0.012999999999919964,BACKFILL_AUTO
2026-04-15 13:40:09,1776260409,BOOM600,5906.139,-1,0.006999999999607098,BACKFILL_AUTO
2026-04-15 13:40:10,1776260410,BOOM600,5906.138,-1,0.0010000000002037268,BACKFILL_AUTO
2026-04-15 13:40:11,1776260411,BOOM600,5906.119,-1,0.01900000000023283,BACKFILL_AUTO
2026-04-15 13:40:12,1776260412,BOOM600,5906.113,-1,0.0059999999994033715,BACKFILL_AUTO
2026-04-15 13:40:13,1776260413,BOOM600,5906.106,-1,0.007000000000516593,BACKFILL_AUTO
2026-04-15 13:40:14,1776260414,BOOM600,5906.086,-1,0.019999999999527063,BACKFILL_AUTO
2026-04-15 13:40:15,1776260415,BOOM600,5906.08,-1,0.006000000000312866,BACKFILL_AUTO
2026-04-15 13:40:16,1776260416,BOOM600,5906.069,-1,0.01099999999951251,BACKFILL_AUTO
2026-04-15 13:40:17,1776260417,BOOM600,5906.06,-1,0.009000000000014552,BACKFILL_AUTO
2026-04-15 13:40:18,1776260418,BOOM600,5906.038,-1,0.02200000000084401,BACKFILL_AUTO
2026-04-15 13:40:19,1776260419,BOOM600,5906.036,-1,0.001999999999497959,BACKFILL_AUTO
2026-04-15 13:40:20,1776260420,BOOM600,5906.028,-1,0.007999999999810825,BACKFILL_AUTO
2026-04-15 13:40:21,1776260421,BOOM600,5906.026,-1,0.0020000000004074536,BACKFILL_AUTO
2026-04-15 13:40:22,1776260422,BOOM600,5906.02,-1,0.0059999999994033715,BACKFILL_AUTO
2026-04-15 13:40:23,1776260423,BOOM600,5905.999,-1,0.021000000000640284,BACKFILL_AUTO
2026-04-15 13:40:24,1776260424,BOOM600,5905.989,-1,0.010000000000218279,BACKFILL_AUTO
2026-04-15 13:40:25,1776260425,BOOM600,5905.985,-1,0.0039999999999054126,BACKFILL_AUTO
2026-04-15 13:40:26,1776260426,BOOM600,5905.984,-1,0.0009999999992942321,BACKFILL_AUTO
2026-04-15 13:40:27,1776260427,BOOM600,5905.972,-1,0.012000000000625732,BACKFILL_AUTO
2026-04-15 13:40:28,1776260428,BOOM600,5905.969,-1,0.0029999999997016857,BACKFILL_AUTO
2026-04-15 13:40:29,1776260429,BOOM600,5905.959,-1,0.010000000000218279,BACKFILL_AUTO
2026-04-15 13:40:30,1776260430,BOOM600,5905.95,-1,0.009000000000014552,BACKFILL_AUTO
2026-04-15 13:40:31,1776260431,BOOM600,5905.941,-1,0.009000000000014552,BACKFILL_AUTO
2026-04-15 13:40:32,1776260432,BOOM600,5905.94,-1,0.0010000000002037268,BACKFILL_AUTO
2026-04-15 13:40:33,1776260433,BOOM600,5905.936,-1,0.0039999999999054126,BACKFILL_AUTO
2026-04-15 13:40:34,1776260434,BOOM600,5905.926,-1,0.009999999999308784,BACKFILL_AUTO
2026-04-15 13:40:35,1776260435,BOOM600,5905.914,-1,0.012000000000625732,BACKFILL_AUTO
2026-04-15 13:40:36,1776260436,BOOM600,5905.897,-1,0.016999999999825377,BACKFILL_AUTO
2026-04-15 13:40:37,1776260437,BOOM600,5905.884,-1,0.012999999999919964,BACKFILL_AUTO
2026-04-15 13:40:38,1776260438,BOOM600,5905.882,-1,0.0020000000004074536,BACKFILL_AUTO
2026-04-15 13:40:39,1776260439,BOOM600,5905.862,-1,0.019999999999527063,BACKFILL_AUTO
2026-04-15 13:40:40,1776260440,BOOM600,5905.854,-1,0.007999999999810825,BACKFILL_AUTO
2026-04-15 13:40:41,1776260441,BOOM600,5905.853,-1,0.0010000000002037268,BACKFILL_AUTO
2026-04-15 13:40:42,1776260442,BOOM600,5905.845,-1,0.007999999999810825,BACKFILL_AUTO
2026-04-15 13:40:43,1776260443,BOOM600,5905.84,-1,0.005000000000109139,BACKFILL_AUTO
2026-04-15 13:40:44,1776260444,BOOM600,5905.823,-1,0.016999999999825377,BACKFILL_AUTO
2026-04-15 13:40:45,1776260445,BOOM600,5905.806,-1,0.01700000000073487,BACKFILL_AUTO
2026-04-15 13:40:46,1776260446,BOOM600,5905.797,-1,0.009000000000014552,BACKFILL_AUTO
2026-04-15 13:40:47,1776260447,BOOM600,5905.778,-1,0.018999999999323336,BACKFILL_AUTO
2026-04-15 13:40:48,1776260448,BOOM600,5905.75,-1,0.028000000000247383,BACKFILL_AUTO
2026-04-15 13:40:49,1776260449,BOOM600,5905.749,-1,0.0010000000002037268,BACKFILL_AUTO
2026-04-15 13:40:50,1776260450,BOOM600,5905.738,-1,0.01099999999951251,BACKFILL_AUTO
2026-04-15 13:40:51,1776260451,BOOM600,5905.725,-1,0.012999999999919964,BACKFILL_AUTO
2026-04-15 13:40:52,1776260452,BOOM600,5905.72,-1,0.005000000000109139,BACKFILL_AUTO
2026-04-15 13:40:53,1776260453,BOOM600,5905.716,-1,0.0039999999999054126,BACKFILL_AUTO
2026-04-15 13:40:54,1776260454,BOOM600,5905.69,-1,0.026000000000749424,BACKFILL_AUTO
2026-04-15 13:40:55,1776260455,BOOM600,5905.677,-1,0.012999999999919964,BACKFILL_AUTO
2026-04-15 13:40:56,1776260456,BOOM600,5905.66,-1,0.016999999999825377,BACKFILL_AUTO
2026-04-15 13:40:57,1776260457,BOOM600,5905.635,-1,0.024999999999636202,BACKFILL_AUTO
2026-04-15 13:40:58,1776260458,BOOM600,5905.62,-1,0.015000000000327418,BACKFILL_AUTO
2026-04-15 13:40:59,1776260459,BOOM600,5905.597,-1,0.023000000000138243,BACKFILL_AUTO
2026-04-15 13:41:00,1776260460,BOOM600,5905.589,-1,0.007999999999810825,BACKFILL_AUTO
2026-04-15 13:41:01,1776260461,BOOM600,5905.579,-1,0.010000000000218279,BACKFILL_AUTO
2026-04-15 13:41:02,1776260462,BOOM600,5905.555,-1,0.023999999999432475,BACKFILL_AUTO
2026-04-15 13:41:03,1776260463,BOOM600,5905.554,-1,0.0010000000002037268,BACKFILL_AUTO
2026-04-15 13:41:04,1776260464,BOOM600,5905.549,-1,0.005000000000109139,BACKFILL_AUTO
2026-04-15 13:41:05,1776260465,BOOM600,5905.528,-1,0.02099999999973079,BACKFILL_AUTO
2026-04-15 13:41:06,1776260466,BOOM600,5905.524,-1,0.0039999999999054126,BACKFILL_AUTO
2026-04-15 13:41:07,1776260467,BOOM600,5905.509,-1,0.015000000000327418,BACKFILL_AUTO
2026-04-15 13:41:08,1776260468,BOOM600,5905.506,-1,0.0029999999997016857,BACKFILL_AUTO
2026-04-15 13:41:09,1776260469,BOOM600,5905.486,-1,0.020000000000436557,BACKFILL_AUTO
2026-04-15 13:41:10,1776260470,BOOM600,5905.479,-1,0.006999999999607098,BACKFILL_AUTO
2026-04-15 13:41:11,1776260471,BOOM600,5905.478,-1,0.0010000000002037268,BACKFILL_AUTO
2026-04-15 13:41:12,1776260472,BOOM600,5905.475,-1,0.0029999999997016857,BACKFILL_AUTO
2026-04-15 13:41:13,1776260473,BOOM600,5905.461,-1,0.014000000000123691,BACKFILL_AUTO
2026-04-15 13:41:14,1776260474,BOOM600,5905.459,-1,0.0020000000004074536,BACKFILL_AUTO
2026-04-15 13:41:15,1776260475,BOOM600,5905.435,-1,0.023999999999432475,BACKFILL_AUTO
2026-04-15 13:41:16,1776260476,BOOM600,5905.429,-1,0.006000000000312866,BACKFILL_AUTO
2026-04-15 13:41:17,1776260477,BOOM600,5905.422,-1,0.007000000000516593,BACKFILL_AUTO
2026-04-15 13:41:18,1776260478,BOOM600,5905.413,-1,0.009000000000014552,BACKFILL_AUTO
2026-04-15 13:41:19,1776260479,BOOM600,5905.4,-1,0.012999999999919964,BACKFILL_AUTO
2026-04-15 13:41:20,1776260480,BOOM600,5905.388,-1,0.011999999999716238,BACKFILL_AUTO
2026-04-15 13:41:21,1776260481,BOOM600,5905.385,-1,0.0029999999997016857,BACKFILL_AUTO
2026-04-15 13:41:22,1776260482,BOOM600,5905.375,-1,0.010000000000218279,BACKFILL_AUTO
2026-04-15 13:41:23,1776260483,BOOM600,5905.373,-1,0.0020000000004074536,BACKFILL_AUTO
2026-04-15 13:41:24,1776260484,BOOM600,5905.373,0,0.0,BACKFILL_AUTO
2026-04-15 13:41:25,1776260485,BOOM600,5905.364,-1,0.009000000000014552,BACKFILL_AUTO
2026-04-15 13:41:26,1776260486,BOOM600,5905.341,-1,0.02299999999922875,BACKFILL_AUTO
2026-04-15 13:41:27,1776260487,BOOM600,5905.326,-1,0.015000000000327418,BACKFILL_AUTO
2026-04-15 13:41:28,1776260488,BOOM600,5905.326,0,0.0,BACKFILL_AUTO
2026-04-15 13:41:29,1776260489,BOOM600,5905.317,-1,0.009000000000014552,BACKFILL_AUTO
2026-04-15 13:41:30,1776260490,BOOM600,5905.316,-1,0.0010000000002037268,BACKFILL_AUTO
2026-04-15 13:41:31,1776260491,BOOM600,5905.312,-1,0.0039999999999054126,BACKFILL_AUTO
2026-04-15 13:41:32,1776260492,BOOM600,5905.307,-1,0.005000000000109139,BACKFILL_AUTO
2026-04-15 13:41:33,1776260493,BOOM600,5905.306,-1,0.0010000000002037268,BACKFILL_AUTO
2026-04-15 13:41:34,1776260494,BOOM600,5905.295,-1,0.01099999999951251,BACKFILL_AUTO
2026-04-15 13:41:35,1776260495,BOOM600,5905.282,-1,0.012999999999919964,BACKFILL_AUTO
2026-04-15 13:41:36,1776260496,BOOM600,5905.277,-1,0.005000000000109139,BACKFILL_AUTO
2026-04-15 13:41:37,1776260497,BOOM600,5905.277,0,0.0,BACKFILL_AUTO
2026-04-15 13:41:38,1776260498,BOOM600,5905.257,-1,0.020000000000436557,BACKFILL_AUTO
2026-04-15 13:41:39,1776260499,BOOM600,5905.232,-1,0.024999999999636202,BACKFILL_AUTO
2026-04-15 13:41:40,1776260500,BOOM600,5905.218,-1,0.014000000000123691,BACKFILL_AUTO
2026-04-15 13:41:41,1776260501,BOOM600,5905.216,-1,0.001999999999497959,BACKFILL_AUTO
2026-04-15 13:41:42,1776260502,BOOM600,5905.212,-1,0.0039999999999054126,BACKFILL_AUTO
2026-04-15 13:41:43,1776260503,BOOM600,5905.185,-1,0.027000000000043656,BACKFILL_AUTO
2026-04-15 13:41:44,1776260504,BOOM600,5905.165,-1,0.020000000000436557,BACKFILL_AUTO
2026-04-15 13:41:45,1776260505,BOOM600,5905.161,-1,0.0039999999999054126,BACKFILL_AUTO
2026-04-15 13:41:46,1776260506,BOOM600,5905.155,-1,0.006000000000312866,BACKFILL_AUTO
2026-04-15 13:41:47,1776260507,BOOM600,5905.154,-1,0.0009999999992942321,BACKFILL_AUTO
2026-04-15 13:41:48,1776260508,BOOM600,5905.138,-1,0.016000000000531145,BACKFILL_AUTO
2026-04-15 13:41:49,1776260509,BOOM600,5905.138,0,0.0,BACKFILL_AUTO
2026-04-15 13:41:50,1776260510,BOOM600,5905.128,-1,0.010000000000218279,BACKFILL_AUTO
2026-04-15 13:41:51,1776260511,BOOM600,5905.12,-1,0.007999999999810825,BACKFILL_AUTO
2026-04-15 13:41:52,1776260512,BOOM600,5905.12,0,0.0,BACKFILL_AUTO
2026-04-15 13:41:53,1776260513,BOOM600,5905.103,-1,0.016999999999825377,BACKFILL_AUTO
2026-04-15 13:41:54,1776260514,BOOM600,5905.091,-1,0.011999999999716238,BACKFILL_AUTO
2026-04-15 13:41:55,1776260515,BOOM600,5905.084,-1,0.007000000000516593,BACKFILL_AUTO
2026-04-15 13:41:56,1776260516,BOOM600,5905.077,-1,0.006999999999607098,BACKFILL_AUTO
2026-04-15 13:41:57,1776260517,BOOM600,5905.055,-1,0.021999999999934516,BACKFILL_AUTO
2026-04-15 13:41:58,1776260518,BOOM600,5905.046,-1,0.009000000000014552,BACKFILL_AUTO
2026-04-15 13:41:59,1776260519,BOOM600,5905.027,-1,0.01900000000023283,BACKFILL_AUTO
2026-04-15 13:42:00,1776260520,BOOM600,5905.013,-1,0.014000000000123691,BACKFILL_AUTO
2026-04-15 13:42:01,1776260521,BOOM600,5905.004,-1,0.009000000000014552,BACKFILL_AUTO
2026-04-15 13:42:02,1776260522,BOOM600,5905.003,-1,0.0010000000002037268,BACKFILL_AUTO
2026-04-15 13:42:03,1776260523,BOOM600,5904.987,-1,0.01599999999962165,BACKFILL_AUTO
2026-04-15 13:42:04,1776260524,BOOM600,5904.978,-1,0.009000000000014552,BACKFILL_AUTO
2026-04-15 13:42:05,1776260525,BOOM600,5904.966,-1,0.011999999999716238,BACKFILL_AUTO
2026-04-15 13:42:06,1776260526,BOOM600,5904.954,-1,0.012000000000625732,BACKFILL_AUTO
2026-04-15 13:42:07,1776260527,BOOM600,5904.94,-1,0.014000000000123691,BACKFILL_AUTO
2026-04-15 13:42:08,1776260528,BOOM600,5904.929,-1,0.01099999999951251,BACKFILL_AUTO
2026-04-15 13:42:09,1776260529,BOOM600,5904.921,-1,0.007999999999810825,BACKFILL_AUTO
2026-04-15 13:42:10,1776260530,BOOM600,5904.908,-1,0.012999999999919964,BACKFILL_AUTO
2026-04-15 13:42:11,1776260531,BOOM600,5904.9,-1,0.00800000000072032,BACKFILL_AUTO
2026-04-15 13:42:12,1776260532,BOOM600,5904.891,-1,0.009000000000014552,BACKFILL_AUTO
2026-04-15 13:42:13,1776260533,BOOM600,5904.885,-1,0.0059999999994033715,BACKFILL_AUTO
2026-04-15 13:42:14,1776260534,BOOM600,5904.865,-1,0.020000000000436557,BACKFILL_AUTO
2026-04-15 13:42:15,1776260535,BOOM600,5904.85,-1,0.014999999999417923,BACKFILL_AUTO
2026-04-15 13:42:16,1776260536,BOOM600,5904.838,-1,0.012000000000625732,BACKFILL_AUTO
2026-04-15 13:42:17,1776260537,BOOM600,5904.824,-1,0.014000000000123691,BACKFILL_AUTO
2026-04-15 13:42:18,1776260538,BOOM600,5904.818,-1,0.0059999999994033715,BACKFILL_AUTO
2026-04-15 13:42:19,1776260539,BOOM600,5904.811,-1,0.007000000000516593,BACKFILL_AUTO
2026-04-15 13:42:20,1776260540,BOOM600,5904.809,-1,0.001999999999497959,BACKFILL_AUTO
2026-04-15 13:42:21,1776260541,BOOM600,5904.809,0,0.0,BACKFILL_AUTO
2026-04-15 13:42:22,1776260542,BOOM600,5904.802,-1,0.007000000000516593,BACKFILL_AUTO
2026-04-15 13:42:23,1776260543,BOOM600,5904.796,-1,0.0059999999994033715,BACKFILL_AUTO
2026-04-15 13:42:24,1776260544,BOOM600,5904.787,-1,0.009000000000014552,BACKFILL_AUTO
2026-04-15 13:42:25,1776260545,BOOM600,5904.781,-1,0.006000000000312866,BACKFILL_AUTO
2026-04-15 13:42:26,1776260546,BOOM600,5904.755,-1,0.02599999999983993,BACKFILL_AUTO
2026-04-15 13:42:27,1776260547,BOOM600,5904.745,-1,0.010000000000218279,BACKFILL_AUTO
2026-04-15 13:42:28,1776260548,BOOM600,5904.74,-1,0.005000000000109139,BACKFILL_AUTO
2026-04-15 13:42:29,1776260549,BOOM600,5904.729,-1,0.01099999999951251,BACKFILL_AUTO
2026-04-15 13:42:30,1776260550,BOOM600,5904.729,0,0.0,BACKFILL_AUTO
2026-04-15 13:42:31,1776260551,BOOM600,5904.707,-1,0.021999999999934516,BACKFILL_AUTO
2026-04-15 13:42:32,1776260552,BOOM600,5904.697,-1,0.010000000000218279,BACKFILL_AUTO
2026-04-15 13:42:33,1776260553,BOOM600,5904.661,-1,0.03600000000005821,BACKFILL_AUTO
2026-04-15 13:42:34,1776260554,BOOM600,5904.659,-1,0.0020000000004074536,BACKFILL_AUTO
2026-04-15 13:42:35,1776260555,BOOM600,5904.649,-1,0.009999999999308784,BACKFILL_AUTO
2026-04-15 13:42:36,1776260556,BOOM600,5904.626,-1,0.023000000000138243,BACKFILL_AUTO
2026-04-15 13:42:37,1776260557,BOOM600,5904.611,-1,0.015000000000327418,BACKFILL_AUTO
2026-04-15 13:42:38,1776260558,BOOM600,5904.601,-1,0.010000000000218279,BACKFILL_AUTO
2026-04-15 13:42:39,1776260559,BOOM600,5904.591,-1,0.009999999999308784,BACKFILL_AUTO
2026-04-15 13:42:40,1776260560,BOOM600,5904.578,-1,0.012999999999919964,BACKFILL_AUTO
2026-04-15 13:42:41,1776260561,BOOM600,5904.57,-1,0.00800000000072032,BACKFILL_AUTO
2026-04-15 13:42:42,1776260562,BOOM600,5904.556,-1,0.014000000000123691,BACKFILL_AUTO
2026-04-15 13:42:43,1776260563,BOOM600,5904.545,-1,0.01099999999951251,BACKFILL_AUTO
2026-04-15 13:42:44,1776260564,BOOM600,5904.545,0,0.0,BACKFILL_AUTO
2026-04-15 13:42:45,1776260565,BOOM600,5904.542,-1,0.0029999999997016857,BACKFILL_AUTO
2026-04-15 13:42:46,1776260566,BOOM600,5904.538,-1,0.004000000000814907,BACKFILL_AUTO
2026-04-15 13:42:47,1776260567,BOOM600,5904.536,-1,0.001999999999497959,BACKFILL_AUTO
2026-04-15 13:42:48,1776260568,BOOM600,5904.532,-1,0.0039999999999054126,BACKFILL_AUTO
2026-04-15 13:42:49,1776260569,BOOM600,5904.526,-1,0.006000000000312866,BACKFILL_AUTO
2026-04-15 13:42:50,1776260570,BOOM600,5904.521,-1,0.005000000000109139,BACKFILL_AUTO
2026-04-15 13:42:51,1776260571,BOOM600,5904.512,-1,0.009000000000014552,BACKFILL_AUTO
2026-04-15 13:42:52,1776260572,BOOM600,5904.504,-1,0.007999999999810825,BACKFILL_AUTO
2026-04-15 13:42:53,1776260573,BOOM600,5904.5,-1,0.0039999999999054126,BACKFILL_AUTO
2026-04-15 13:42:54,1776260574,BOOM600,5904.483,-1,0.016999999999825377,BACKFILL_AUTO
2026-04-15 13:42:55,1776260575,BOOM600,5904.473,-1,0.010000000000218279,BACKFILL_AUTO
2026-04-15 13:42:56,1776260576,BOOM600,5904.461,-1,0.011999999999716238,BACKFILL_AUTO
2026-04-15 13:42:57,1776260577,BOOM600,5904.452,-1,0.009000000000014552,BACKFILL_AUTO
2026-04-15 13:42:58,1776260578,BOOM600,5904.439,-1,0.012999999999919964,BACKFILL_AUTO
2026-04-15 13:42:59,1776260579,BOOM600,5904.424,-1,0.015000000000327418,BACKFILL_AUTO
2026-04-15 13:43:00,1776260580,BOOM600,5904.419,-1,0.005000000000109139,BACKFILL_AUTO
2026-04-15 13:43:01,1776260581,BOOM600,5904.415,-1,0.0039999999999054126,BACKFILL_AUTO
2026-04-15 13:43:02,1776260582,BOOM600,5904.411,-1,0.0039999999999054126,BACKFILL_AUTO
2026-04-15 13:43:03,1776260583,BOOM600,5904.397,-1,0.014000000000123691,BACKFILL_AUTO
2026-04-15 13:43:04,1776260584,BOOM600,5904.388,-1,0.009000000000014552,BACKFILL_AUTO
2026-04-15 13:43:05,1776260585,BOOM600,5904.383,-1,0.005000000000109139,BACKFILL_AUTO
2026-04-15 13:43:06,1776260586,BOOM600,5904.359,-1,0.023999999999432475,BACKFILL_AUTO
2026-04-15 13:43:07,1776260587,BOOM600,5904.352,-1,0.007000000000516593,BACKFILL_AUTO
2026-04-15 13:43:08,1776260588,BOOM600,5904.342,-1,0.010000000000218279,BACKFILL_AUTO
2026-04-15 13:43:09,1776260589,BOOM600,5904.342,0,0.0,BACKFILL_AUTO
2026-04-15 13:43:10,1776260590,BOOM600,5904.333,-1,0.009000000000014552,BACKFILL_AUTO
2026-04-15 13:43:11,1776260591,BOOM600,5904.311,-1,0.021999999999934516,BACKFILL_AUTO
2026-04-15 13:43:12,1776260592,BOOM600,5904.307,-1,0.0039999999999054126,BACKFILL_AUTO
2026-04-15 13:43:13,1776260593,BOOM600,5904.293,-1,0.014000000000123691,BACKFILL_AUTO
2026-04-15 13:43:14,1776260594,BOOM600,5904.281,-1,0.011999999999716238,BACKFILL_AUTO
2026-04-15 13:43:15,1776260595,BOOM600,5904.277,-1,0.0039999999999054126,BACKFILL_AUTO
2026-04-15 13:43:16,1776260596,BOOM600,5904.265,-1,0.011999999999716238,BACKFILL_AUTO
2026-04-15 13:43:17,1776260597,BOOM600,5904.26,-1,0.005000000000109139,BACKFILL_AUTO
2026-04-15 13:43:18,1776260598,BOOM600,5904.24,-1,0.020000000000436557,BACKFILL_AUTO
2026-04-15 13:43:19,1776260599,BOOM600,5904.234,-1,0.0059999999994033715,BACKFILL_AUTO
2026-04-15 13:43:20,1776260600,BOOM600,5904.232,-1,0.0020000000004074536,BACKFILL_AUTO
2026-04-15 13:43:21,1776260601,BOOM600,5904.227,-1,0.005000000000109139,BACKFILL_AUTO
2026-04-15 13:43:22,1776260602,BOOM600,5904.225,-1,0.001999999999497959,BACKFILL_AUTO
2026-04-15 13:43:23,1776260603,BOOM600,5904.222,-1,0.0030000000006111804,BACKFILL_AUTO
2026-04-15 13:43:24,1776260604,BOOM600,5904.207,-1,0.014999999999417923,BACKFILL_AUTO
2026-04-15 13:43:25,1776260605,BOOM600,5904.204,-1,0.0030000000006111804,BACKFILL_AUTO
2026-04-15 13:43:26,1776260606,BOOM600,5904.179,-1,0.024999999999636202,BACKFILL_AUTO
2026-04-15 13:43:27,1776260607,BOOM600,5904.176,-1,0.0029999999997016857,BACKFILL_AUTO
2026-04-15 13:43:28,1776260608,BOOM600,5904.161,-1,0.015000000000327418,BACKFILL_AUTO
2026-04-15 13:43:29,1776260609,BOOM600,5904.156,-1,0.005000000000109139,BACKFILL_AUTO
2026-04-15 13:43:30,1776260610,BOOM600,5904.15,-1,0.006000000000312866,BACKFILL_AUTO
2026-04-15 13:43:31,1776260611,BOOM600,5904.145,-1,0.004999999999199645,BACKFILL_AUTO
2026-04-15 13:43:32,1776260612,BOOM600,5904.126,-1,0.01900000000023283,BACKFILL_AUTO
2026-04-15 13:43:33,1776260613,BOOM600,5904.114,-1,0.012000000000625732,BACKFILL_AUTO
2026-04-15 13:43:34,1776260614,BOOM600,5904.106,-1,0.007999999999810825,BACKFILL_AUTO
2026-04-15 13:43:35,1776260615,BOOM600,5904.096,-1,0.010000000000218279,BACKFILL_AUTO
2026-04-15 13:43:36,1776260616,BOOM600,5904.089,-1,0.006999999999607098,BACKFILL_AUTO
2026-04-15 13:43:37,1776260617,BOOM600,5904.086,-1,0.0029999999997016857,BACKFILL_AUTO
2026-04-15 13:43:38,1776260618,BOOM600,5904.081,-1,0.005000000000109139,BACKFILL_AUTO
2026-04-15 13:43:39,1776260619,BOOM600,5904.074,-1,0.007000000000516593,BACKFILL_AUTO
2026-04-15 13:43:40,1776260620,BOOM600,5904.061,-1,0.012999999999919964,BACKFILL_AUTO
2026-04-15 13:43:41,1776260621,BOOM600,5904.057,-1,0.0039999999999054126,BACKFILL_AUTO
2026-04-15 13:43:42,1776260622,BOOM600,5904.047,-1,0.010000000000218279,BACKFILL_AUTO
2026-04-15 13:43:43,1776260623,BOOM600,5904.038,-1,0.009000000000014552,BACKFILL_AUTO
2026-04-15 13:43:44,1776260624,BOOM600,5904.025,-1,0.012999999999919964,BACKFILL_AUTO
2026-04-15 13:43:45,1776260625,BOOM600,5904.023,-1,0.001999999999497959,BACKFILL_AUTO
2026-04-15 13:43:46,1776260626,BOOM600,5904.004,-1,0.01900000000023283,BACKFILL_AUTO
2026-04-15 13:43:47,1776260627,BOOM600,5903.996,-1,0.007999999999810825,BACKFILL_AUTO
2026-04-15 13:43:48,1776260628,BOOM600,5903.975,-1,0.02099999999973079,BACKFILL_AUTO
2026-04-15 13:43:49,1776260629,BOOM600,5903.963,-1,0.012000000000625732,BACKFILL_AUTO
2026-04-15 13:43:50,1776260630,BOOM600,5903.957,-1,0.0059999999994033715,BACKFILL_AUTO
2026-04-15 13:43:51,1776260631,BOOM600,5903.945,-1,0.012000000000625732,BACKFILL_AUTO
2026-04-15 13:43:52,1776260632,BOOM600,5903.937,-1,0.007999999999810825,BACKFILL_AUTO
2026-04-15 13:43:53,1776260633,BOOM600,5903.909,-1,0.028000000000247383,BACKFILL_AUTO
2026-04-15 13:43:54,1776260634,BOOM600,5903.903,-1,0.0059999999994033715,BACKFILL_AUTO
2026-04-15 13:43:55,1776260635,BOOM600,5903.891,-1,0.012000000000625732,BACKFILL_AUTO
2026-04-15 13:43:56,1776260636,BOOM600,5903.879,-1,0.011999999999716238,BACKFILL_AUTO
2026-04-15 13:43:57,1776260637,BOOM600,5903.865,-1,0.014000000000123691,BACKFILL_AUTO
2026-04-15 13:43:58,1776260638,BOOM600,5903.843,-1,0.021999999999934516,BACKFILL_AUTO
2026-04-15 13:43:59,1776260639,BOOM600,5903.832,-1,0.01099999999951251,BACKFILL_AUTO
2026-04-15 13:44:00,1776260640,BOOM600,5903.83,-1,0.0020000000004074536,BACKFILL_AUTO
2026-04-15 13:44:01,1776260641,BOOM600,5903.803,-1,0.027000000000043656,BACKFILL_AUTO
2026-04-15 13:44:02,1776260642,BOOM600,5903.8,-1,0.0029999999997016857,BACKFILL_AUTO
2026-04-15 13:44:03,1776260643,BOOM600,5903.794,-1,0.006000000000312866,BACKFILL_AUTO
2026-04-15 13:44:04,1776260644,BOOM600,5903.784,-1,0.010000000000218279,BACKFILL_AUTO
2026-04-15 13:44:05,1776260645,BOOM600,5903.78,-1,0.0039999999999054126,BACKFILL_AUTO
2026-04-15 13:44:06,1776260646,BOOM600,5903.773,-1,0.006999999999607098,BACKFILL_AUTO
2026-04-15 13:44:07,1776260647,BOOM600,5903.77,-1,0.0029999999997016857,BACKFILL_AUTO
2026-04-15 13:44:08,1776260648,BOOM600,5903.763,-1,0.007000000000516593,BACKFILL_AUTO
2026-04-15 13:44:09,1776260649,BOOM600,5903.758,-1,0.005000000000109139,BACKFILL_AUTO
2026-04-15 13:44:10,1776260650,BOOM600,5903.751,-1,0.006999999999607098,BACKFILL_AUTO
2026-04-15 13:44:11,1776260651,BOOM600,5903.745,-1,0.006000000000312866,BACKFILL_AUTO
2026-04-15 13:44:12,1776260652,BOOM600,5903.737,-1,0.007999999999810825,BACKFILL_AUTO
2026-04-15 13:44:13,1776260653,BOOM600,5903.719,-1,0.018000000000029104,BACKFILL_AUTO
2026-04-15 13:44:14,1776260654,BOOM600,5903.703,-1,0.01599999999962165,BACKFILL_AUTO
2026-04-15 13:44:15,1776260655,BOOM600,5903.684,-1,0.01900000000023283,BACKFILL_AUTO
2026-04-15 13:44:16,1776260656,BOOM600,5903.67,-1,0.014000000000123691,BACKFILL_AUTO
2026-04-15 13:44:17,1776260657,BOOM600,5903.667,-1,0.0029999999997016857,BACKFILL_AUTO
2026-04-15 13:44:18,1776260658,BOOM600,5903.654,-1,0.012999999999919964,BACKFILL_AUTO
2026-04-15 13:44:19,1776260659,BOOM600,5903.641,-1,0.01300000000082946,BACKFILL_AUTO
2026-04-15 13:44:20,1776260660,BOOM600,5903.626,-1,0.014999999999417923,BACKFILL_AUTO
2026-04-15 13:44:21,1776260661,BOOM600,5903.618,-1,0.007999999999810825,BACKFILL_AUTO
2026-04-15 13:44:22,1776260662,BOOM600,5903.612,-1,0.006000000000312866,BACKFILL_AUTO
2026-04-15 13:44:23,1776260663,BOOM600,5903.599,-1,0.012999999999919964,BACKFILL_AUTO
2026-04-15 13:44:24,1776260664,BOOM600,5903.595,-1,0.0039999999999054126,BACKFILL_AUTO
2026-04-15 13:44:25,1776260665,BOOM600,5903.581,-1,0.014000000000123691,BACKFILL_AUTO
2026-04-15 13:44:26,1776260666,BOOM600,5903.564,-1,0.016999999999825377,BACKFILL_AUTO
2026-04-15 13:44:27,1776260667,BOOM600,5903.551,-1,0.012999999999919964,BACKFILL_AUTO
2026-04-15 13:44:28,1776260668,BOOM600,5903.544,-1,0.007000000000516593,BACKFILL_AUTO
2026-04-15 13:44:29,1776260669,BOOM600,5903.535,-1,0.009000000000014552,BACKFILL_AUTO
2026-04-15 13:44:30,1776260670,BOOM600,5903.531,-1,0.0039999999999054126,BACKFILL_AUTO
2026-04-15 13:44:31,1776260671,BOOM600,5903.531,0,0.0,BACKFILL_AUTO
2026-04-15 13:44:32,1776260672,BOOM600,5903.523,-1,0.007999999999810825,BACKFILL_AUTO
2026-04-15 13:44:33,1776260673,BOOM600,5903.516,-1,0.007000000000516593,BACKFILL_AUTO
2026-04-15 13:44:34,1776260674,BOOM600,5903.497,-1,0.018999999999323336,BACKFILL_AUTO
2026-04-15 13:44:35,1776260675,BOOM600,5903.479,-1,0.018000000000029104,BACKFILL_AUTO
2026-04-15 13:44:36,1776260676,BOOM600,5903.462,-1,0.016999999999825377,BACKFILL_AUTO
2026-04-15 13:44:37,1776260677,BOOM600,5903.455,-1,0.007000000000516593,BACKFILL_AUTO
2026-04-15 13:44:38,1776260678,BOOM600,5903.441,-1,0.014000000000123691,BACKFILL_AUTO
2026-04-15 13:44:39,1776260679,BOOM600,5903.432,-1,0.009000000000014552,BACKFILL_AUTO
2026-04-15 13:44:40,1776260680,BOOM600,5903.426,-1,0.0059999999994033715,BACKFILL_AUTO
2026-04-15 13:44:41,1776260681,BOOM600,5903.406,-1,0.020000000000436557,BACKFILL_AUTO
2026-04-15 13:44:42,1776260682,BOOM600,5903.405,-1,0.0010000000002037268,BACKFILL_AUTO
2026-04-15 13:44:43,1776260683,BOOM600,5903.384,-1,0.02099999999973079,BACKFILL_AUTO
2026-04-15 13:44:44,1776260684,BOOM600,5903.381,-1,0.0029999999997016857,BACKFILL_AUTO
2026-04-15 13:44:45,1776260685,BOOM600,5903.358,-1,0.023000000000138243,BACKFILL_AUTO
2026-04-15 13:44:46,1776260686,BOOM600,5903.353,-1,0.005000000000109139,BACKFILL_AUTO
2026-04-15 13:44:47,1776260687,BOOM600,5903.34,-1,0.012999999999919964,BACKFILL_AUTO
2026-04-15 13:44:48,1776260688,BOOM600,5903.338,-1,0.0020000000004074536,BACKFILL_AUTO
2026-04-15 13:44:49,1776260689,BOOM600,5903.331,-1,0.006999999999607098,BACKFILL_AUTO
2026-04-15 13:44:50,1776260690,BOOM600,5903.307,-1,0.02400000000034197,BACKFILL_AUTO
2026-04-15 13:44:51,1776260691,BOOM600,5903.299,-1,0.007999999999810825,BACKFILL_AUTO
2026-04-15 13:44:52,1776260692,BOOM600,5903.272,-1,0.027000000000043656,BACKFILL_AUTO
2026-04-15 13:44:53,1776260693,BOOM600,5903.265,-1,0.006999999999607098,BACKFILL_AUTO
2026-04-15 13:44:54,1776260694,BOOM600,5903.241,-1,0.02400000000034197,BACKFILL_AUTO
2026-04-15 13:44:55,1776260695,BOOM600,5903.213,-1,0.028000000000247383,BACKFILL_AUTO
2026-04-15 13:44:56,1776260696,BOOM600,5903.187,-1,0.02599999999983993,BACKFILL_AUTO
2026-04-15 13:44:57,1776260697,BOOM600,5903.174,-1,0.012999999999919964,BACKFILL_AUTO
2026-04-15 13:44:58,1776260698,BOOM600,5903.168,-1,0.006000000000312866,BACKFILL_AUTO
2026-04-15 13:44:59,1776260699,BOOM600,5903.162,-1,0.0059999999994033715,BACKFILL_AUTO
2026-04-15 13:45:00,1776260700,BOOM600,5903.161,-1,0.0010000000002037268,BACKFILL_AUTO
2026-04-15 13:45:01,1776260701,BOOM600,5903.154,-1,0.006999999999607098,BACKFILL_AUTO
2026-04-15 13:45:02,1776260702,BOOM600,5903.145,-1,0.009000000000014552,BACKFILL_AUTO
2026-04-15 13:45:03,1776260703,BOOM600,5903.123,-1,0.02200000000084401,BACKFILL_AUTO
2026-04-15 13:45:04,1776260704,BOOM600,5903.117,-1,0.0059999999994033715,BACKFILL_AUTO
2026-04-15 13:45:05,1776260705,BOOM600,5903.106,-1,0.011000000000422006,BACKFILL_AUTO
2026-04-15 13:45:06,1776260706,BOOM600,5903.084,-1,0.021999999999934516,BACKFILL_AUTO
2026-04-15 13:45:07,1776260707,BOOM600,5903.081,-1,0.0029999999997016857,BACKFILL_AUTO
2026-04-15 13:45:08,1776260708,BOOM600,5903.077,-1,0.0039999999999054126,BACKFILL_AUTO
2026-04-15 13:45:09,1776260709,BOOM600,5903.065,-1,0.012000000000625732,BACKFILL_AUTO
2026-04-15 13:45:10,1776260710,BOOM600,5903.046,-1,0.018999999999323336,BACKFILL_AUTO
2026-04-15 13:45:11,1776260711,BOOM600,5903.033,-1,0.012999999999919964,BACKFILL_AUTO
2026-04-15 13:45:12,1776260712,BOOM600,5910.57,1,7.536999999999352,BACKFILL_AUTO
2026-04-15 13:45:13,1776260713,BOOM600,5910.569,-1,0.0009999999992942321,BACKFILL_AUTO
2026-04-15 13:45:14,1776260714,BOOM600,5910.566,-1,0.0030000000006111804,BACKFILL_AUTO
2026-04-15 13:45:15,1776260715,BOOM600,5910.552,-1,0.014000000000123691,BACKFILL_AUTO
2026-04-15 13:45:16,1776260716,BOOM600,5910.54,-1,0.011999999999716238,BACKFILL_AUTO
2026-04-15 13:45:17,1776260717,BOOM600,5910.519,-1,0.02099999999973079,BACKFILL_AUTO
2026-04-15 13:45:18,1776260718,BOOM600,5910.507,-1,0.012000000000625732,BACKFILL_AUTO
2026-04-15 13:45:19,1776260719,BOOM600,5910.496,-1,0.01099999999951251,BACKFILL_AUTO
2026-04-15 13:45:20,1776260720,BOOM600,5910.484,-1,0.011999999999716238,BACKFILL_AUTO
2026-04-15 13:45:21,1776260721,BOOM600,5910.477,-1,0.007000000000516593,BACKFILL_AUTO
2026-04-15 13:45:22,1776260722,BOOM600,5910.458,-1,0.01900000000023283,BACKFILL_AUTO
2026-04-15 13:45:23,1776260723,BOOM600,5910.447,-1,0.01099999999951251,BACKFILL_AUTO
2026-04-15 13:45:24,1776260724,BOOM600,5910.436,-1,0.011000000000422006,BACKFILL_AUTO
2026-04-15 13:45:25,1776260725,BOOM600,5910.425,-1,0.01099999999951251,BACKFILL_AUTO
2026-04-15 13:45:26,1776260726,BOOM600,5910.42,-1,0.005000000000109139,BACKFILL_AUTO
2026-04-15 13:45:27,1776260727,BOOM600,5910.411,-1,0.009000000000014552,BACKFILL_AUTO
2026-04-15 13:45:28,1776260728,BOOM600,5910.409,-1,0.0020000000004074536,BACKFILL_AUTO
2026-04-15 13:45:29,1776260729,BOOM600,5910.4,-1,0.009000000000014552,BACKFILL_AUTO
2026-04-15 13:45:30,1776260730,BOOM600,5910.38,-1,0.019999999999527063,BACKFILL_AUTO
2026-04-15 13:45:31,1776260731,BOOM600,5910.364,-1,0.016000000000531145,BACKFILL_AUTO
2026-04-15 13:45:32,1776260732,BOOM600,5910.351,-1,0.012999999999919964,BACKFILL_AUTO
2026-04-15 13:45:33,1776260733,BOOM600,5910.339,-1,0.011999999999716238,BACKFILL_AUTO
2026-04-15 13:45:34,1776260734,BOOM600,5910.333,-1,0.006000000000312866,BACKFILL_AUTO
2026-04-15 13:45:35,1776260735,BOOM600,5910.312,-1,0.02099999999973079,BACKFILL_AUTO
2026-04-15 13:45:36,1776260736,BOOM600,5910.29,-1,0.021999999999934516,BACKFILL_AUTO
2026-04-15 13:45:37,1776260737,BOOM600,5910.271,-1,0.01900000000023283,BACKFILL_AUTO
2026-04-15 13:45:38,1776260738,BOOM600,5910.245,-1,0.02599999999983993,BACKFILL_AUTO
2026-04-15 13:45:39,1776260739,BOOM600,5910.244,-1,0.0010000000002037268,BACKFILL_AUTO
2026-04-15 13:45:40,1776260740,BOOM600,5910.24,-1,0.0039999999999054126,BACKFILL_AUTO
2026-04-15 13:45:41,1776260741,BOOM600,5910.225,-1,0.014999999999417923,BACKFILL_AUTO
2026-04-15 13:45:42,1776260742,BOOM600,5910.219,-1,0.006000000000312866,BACKFILL_AUTO
2026-04-15 13:45:43,1776260743,BOOM600,5910.209,-1,0.010000000000218279,BACKFILL_AUTO
2026-04-15 13:45:44,1776260744,BOOM600,5910.197,-1,0.011999999999716238,BACKFILL_AUTO
2026-04-15 13:45:45,1776260745,BOOM600,5910.182,-1,0.015000000000327418,BACKFILL_AUTO
2026-04-15 13:45:46,1776260746,BOOM600,5910.178,-1,0.0039999999999054126,BACKFILL_AUTO
2026-04-15 13:45:47,1776260747,BOOM600,5910.173,-1,0.005000000000109139,BACKFILL_AUTO
2026-04-15 13:45:48,1776260748,BOOM600,5910.17,-1,0.0029999999997016857,BACKFILL_AUTO
2026-04-15 13:45:49,1776260749,BOOM600,5910.16,-1,0.010000000000218279,BACKFILL_AUTO
2026-04-15 13:45:50,1776260750,BOOM600,5910.145,-1,0.014999999999417923,BACKFILL_AUTO
2026-04-15 13:45:51,1776260751,BOOM600,5910.14,-1,0.005000000000109139,BACKFILL_AUTO
2026-04-15 13:45:52,1776260752,BOOM600,5910.136,-1,0.0039999999999054126,BACKFILL_AUTO
2026-04-15 13:45:53,1776260753,BOOM600,5910.13,-1,0.006000000000312866,BACKFILL_AUTO
2026-04-15 13:45:54,1776260754,BOOM600,5910.118,-1,0.011999999999716238,BACKFILL_AUTO
2026-04-15 13:45:55,1776260755,BOOM600,5910.11,-1,0.00800000000072032,BACKFILL_AUTO
2026-04-15 13:45:56,1776260756,BOOM600,5910.102,-1,0.007999999999810825,BACKFILL_AUTO
2026-04-15 13:45:57,1776260757,BOOM600,5910.093,-1,0.009000000000014552,BACKFILL_AUTO
2026-04-15 13:45:58,1776260758,BOOM600,5910.077,-1,0.01599999999962165,BACKFILL_AUTO
2026-04-15 13:45:59,1776260759,BOOM600,5910.069,-1,0.007999999999810825,BACKFILL_AUTO
2026-04-15 13:46:00,1776260760,BOOM600,5910.061,-1,0.00800000000072032,BACKFILL_AUTO
2026-04-15 13:46:01,1776260761,BOOM600,5910.046,-1,0.014999999999417923,BACKFILL_AUTO
2026-04-15 13:46:02,1776260762,BOOM600,5910.041,-1,0.005000000000109139,BACKFILL_AUTO
2026-04-15 13:46:03,1776260763,BOOM600,5910.039,-1,0.0020000000004074536,BACKFILL_AUTO
2026-04-15 13:46:04,1776260764,BOOM600,5910.038,-1,0.0010000000002037268,BACKFILL_AUTO
2026-04-15 13:46:05,1776260765,BOOM600,5910.022,-1,0.01599999999962165,BACKFILL_AUTO
2026-04-15 13:46:06,1776260766,BOOM600,5910.011,-1,0.01099999999951251,BACKFILL_AUTO
2026-04-15 13:46:07,1776260767,BOOM600,5910.01,-1,0.0010000000002037268,BACKFILL_AUTO
2026-04-15 13:46:08,1776260768,BOOM600,5910.006,-1,0.0039999999999054126,BACKFILL_AUTO
2026-04-15 13:46:09,1776260769,BOOM600,5910.004,-1,0.0020000000004074536,BACKFILL_AUTO
2026-04-15 13:46:10,1776260770,BOOM600,5909.985,-1,0.01900000000023283,BACKFILL_AUTO
2026-04-15 13:46:11,1776260771,BOOM600,5909.976,-1,0.009000000000014552,BACKFILL_AUTO
2026-04-15 13:46:12,1776260772,BOOM600,5909.96,-1,0.01599999999962165,BACKFILL_AUTO
2026-04-15 13:46:13,1776260773,BOOM600,5909.955,-1,0.005000000000109139,BACKFILL_AUTO
2026-04-15 13:46:14,1776260774,BOOM600,5909.955,0,0.0,BACKFILL_AUTO
2026-04-15 13:46:15,1776260775,BOOM600,5909.952,-1,0.0029999999997016857,BACKFILL_AUTO
2026-04-15 13:46:16,1776260776,BOOM600,5909.94,-1,0.012000000000625732,BACKFILL_AUTO
2026-04-15 13:46:17,1776260777,BOOM600,5909.937,-1,0.0029999999997016857,BACKFILL_AUTO
2026-04-15 13:46:18,1776260778,BOOM600,5909.933,-1,0.0039999999999054126,BACKFILL_AUTO
2026-04-15 13:46:19,1776260779,BOOM600,5909.931,-1,0.0020000000004074536,BACKFILL_AUTO
2026-04-15 13:46:20,1776260780,BOOM600,5909.928,-1,0.0029999999997016857,BACKFILL_AUTO
2026-04-15 13:46:21,1776260781,BOOM600,5909.912,-1,0.01599999999962165,BACKFILL_AUTO
2026-04-15 13:46:22,1776260782,BOOM600,5909.894,-1,0.018000000000029104,BACKFILL_AUTO
2026-04-15 13:46:23,1776260783,BOOM600,5909.885,-1,0.009000000000014552,BACKFILL_AUTO
2026-04-15 13:46:24,1776260784,BOOM600,5909.881,-1,0.0039999999999054126,BACKFILL_AUTO
2026-04-15 13:46:25,1776260785,BOOM600,5909.868,-1,0.012999999999919964,BACKFILL_AUTO
2026-04-15 13:46:26,1776260786,BOOM600,5909.854,-1,0.014000000000123691,BACKFILL_AUTO
2026-04-15 13:46:27,1776260787,BOOM600,5909.845,-1,0.009000000000014552,BACKFILL_AUTO
2026-04-15 13:46:28,1776260788,BOOM600,5909.839,-1,0.006000000000312866,BACKFILL_AUTO
2026-04-15 13:46:29,1776260789,BOOM600,5909.824,-1,0.015000000000327418,BACKFILL_AUTO
2026-04-15 13:46:30,1776260790,BOOM600,5909.821,-1,0.0029999999997016857,BACKFILL_AUTO
2026-04-15 13:46:31,1776260791,BOOM600,5909.808,-1,0.012999999999919964,BACKFILL_AUTO
2026-04-15 13:46:32,1776260792,BOOM600,5909.791,-1,0.016999999999825377,BACKFILL_AUTO
2026-04-15 13:46:33,1776260793,BOOM600,5909.781,-1,0.010000000000218279,BACKFILL_AUTO
2026-04-15 13:46:34,1776260794,BOOM600,5909.777,-1,0.0039999999999054126,BACKFILL_AUTO
2026-04-15 13:46:35,1776260795,BOOM600,5909.77,-1,0.006999999999607098,BACKFILL_AUTO
2026-04-15 13:46:36,1776260796,BOOM600,5909.745,-1,0.025000000000545697,BACKFILL_AUTO
2026-04-15 13:46:37,1776260797,BOOM600,5909.741,-1,0.0039999999999054126,BACKFILL_AUTO
2026-04-15 13:46:38,1776260798,BOOM600,5909.734,-1,0.006999999999607098,BACKFILL_AUTO
2026-04-15 13:46:39,1776260799,BOOM600,5909.727,-1,0.007000000000516593,BACKFILL_AUTO
2026-04-15 13:46:40,1776260800,BOOM600,5909.724,-1,0.0029999999997016857,BACKFILL_AUTO
2026-04-15 13:46:41,1776260801,BOOM600,5909.715,-1,0.009000000000014552,BACKFILL_AUTO
2026-04-15 13:46:42,1776260802,BOOM600,5909.709,-1,0.006000000000312866,BACKFILL_AUTO
2026-04-15 13:46:43,1776260803,BOOM600,5909.708,-1,0.0010000000002037268,BACKFILL_AUTO
2026-04-15 13:46:44,1776260804,BOOM600,5909.706,-1,0.001999999999497959,BACKFILL_AUTO
2026-04-15 13:46:45,1776260805,BOOM600,5909.701,-1,0.005000000000109139,BACKFILL_AUTO
2026-04-15 13:46:46,1776260806,BOOM600,5909.669,-1,0.032000000000152795,BACKFILL_AUTO
2026-04-15 13:46:47,1776260807,BOOM600,5909.657,-1,0.011999999999716238,BACKFILL_AUTO
2026-04-15 13:46:48,1776260808,BOOM600,5909.641,-1,0.016000000000531145,BACKFILL_AUTO
2026-04-15 13:46:49,1776260809,BOOM600,5909.628,-1,0.012999999999919964,BACKFILL_AUTO
2026-04-15 13:46:50,1776260810,BOOM600,5909.611,-1,0.016999999999825377,BACKFILL_AUTO
2026-04-15 13:46:51,1776260811,BOOM600,5909.603,-1,0.007999999999810825,BACKFILL_AUTO
2026-04-15 13:46:52,1776260812,BOOM600,5909.59,-1,0.012999999999919964,BACKFILL_AUTO
2026-04-15 13:46:53,1776260813,BOOM600,5909.59,0,0.0,BACKFILL_AUTO
2026-04-15 13:46:54,1776260814,BOOM600,5909.574,-1,0.016000000000531145,BACKFILL_AUTO
2026-04-15 13:46:55,1776260815,BOOM600,5909.571,-1,0.0029999999997016857,BACKFILL_AUTO
2026-04-15 13:46:56,1776260816,BOOM600,5909.56,-1,0.01099999999951251,BACKFILL_AUTO
2026-04-15 13:46:57,1776260817,BOOM600,5909.54,-1,0.020000000000436557,BACKFILL_AUTO
2026-04-15 13:46:58,1776260818,BOOM600,5909.529,-1,0.01099999999951251,BACKFILL_AUTO
2026-04-15 13:46:59,1776260819,BOOM600,5909.519,-1,0.010000000000218279,BACKFILL_AUTO
2026-04-15 13:47:00,1776260820,BOOM600,5909.509,-1,0.010000000000218279,BACKFILL_AUTO
2026-04-15 13:47:01,1776260821,BOOM600,5909.493,-1,0.01599999999962165,BACKFILL_AUTO
2026-04-15 13:47:02,1776260822,BOOM600,5909.486,-1,0.007000000000516593,BACKFILL_AUTO
2026-04-15 13:47:03,1776260823,BOOM600,5909.477,-1,0.009000000000014552,BACKFILL_AUTO
2026-04-15 13:47:04,1776260824,BOOM600,5909.469,-1,0.007999999999810825,BACKFILL_AUTO
2026-04-15 13:47:05,1776260825,BOOM600,5909.447,-1,0.021999999999934516,BACKFILL_AUTO
2026-04-15 13:47:06,1776260826,BOOM600,5909.44,-1,0.007000000000516593,BACKFILL_AUTO
2026-04-15 13:47:07,1776260827,BOOM600,5909.432,-1,0.007999999999810825,BACKFILL_AUTO
2026-04-15 13:47:08,1776260828,BOOM600,5909.426,-1,0.0059999999994033715,BACKFILL_AUTO
2026-04-15 13:47:09,1776260829,BOOM600,5909.414,-1,0.012000000000625732,BACKFILL_AUTO
2026-04-15 13:47:10,1776260830,BOOM600,5909.401,-1,0.012999999999919964,BACKFILL_AUTO
2026-04-15 13:47:11,1776260831,BOOM600,5909.394,-1,0.006999999999607098,BACKFILL_AUTO
2026-04-15 13:47:12,1776260832,BOOM600,5909.394,0,0.0,BACKFILL_AUTO
2026-04-15 13:47:13,1776260833,BOOM600,5909.39,-1,0.0039999999999054126,BACKFILL_AUTO
2026-04-15 13:47:14,1776260834,BOOM600,5909.369,-1,0.021000000000640284,BACKFILL_AUTO
2026-04-15 13:47:15,1776260835,BOOM600,5909.362,-1,0.006999999999607098,BACKFILL_AUTO
2026-04-15 13:47:16,1776260836,BOOM600,5909.359,-1,0.0029999999997016857,BACKFILL_AUTO
2026-04-15 13:47:17,1776260837,BOOM600,5909.356,-1,0.0030000000006111804,BACKFILL_AUTO
2026-04-15 13:47:18,1776260838,BOOM600,5909.354,-1,0.001999999999497959,BACKFILL_AUTO
2026-04-15 13:47:19,1776260839,BOOM600,5909.348,-1,0.006000000000312866,BACKFILL_AUTO
2026-04-15 13:47:20,1776260840,BOOM600,5909.332,-1,0.01599999999962165,BACKFILL_AUTO
2026-04-15 13:47:21,1776260841,BOOM600,5909.325,-1,0.007000000000516593,BACKFILL_AUTO
2026-04-15 13:47:22,1776260842,BOOM600,5909.315,-1,0.010000000000218279,BACKFILL_AUTO
2026-04-15 13:47:23,1776260843,BOOM600,5909.307,-1,0.007999999999810825,BACKFILL_AUTO
2026-04-15 13:47:24,1776260844,BOOM600,5909.306,-1,0.0010000000002037268,BACKFILL_AUTO
2026-04-15 13:47:25,1776260845,BOOM600,5909.297,-1,0.009000000000014552,BACKFILL_AUTO
2026-04-15 13:47:26,1776260846,BOOM600,5909.284,-1,0.012999999999919964,BACKFILL_AUTO
2026-04-15 13:47:27,1776260847,BOOM600,5909.266,-1,0.018000000000029104,BACKFILL_AUTO
2026-04-15 13:47:28,1776260848,BOOM600,5909.263,-1,0.0029999999997016857,BACKFILL_AUTO
2026-04-15 13:47:29,1776260849,BOOM600,5909.254,-1,0.009000000000014552,BACKFILL_AUTO
2026-04-15 13:47:30,1776260850,BOOM600,5909.232,-1,0.021999999999934516,BACKFILL_AUTO
2026-04-15 13:47:31,1776260851,BOOM600,5909.215,-1,0.016999999999825377,BACKFILL_AUTO
2026-04-15 13:47:32,1776260852,BOOM600,5909.193,-1,0.021999999999934516,BACKFILL_AUTO
2026-04-15 13:47:33,1776260853,BOOM600,5909.177,-1,0.016000000000531145,BACKFILL_AUTO
2026-04-15 13:47:34,1776260854,BOOM600,5909.174,-1,0.0029999999997016857,BACKFILL_AUTO
2026-04-15 13:47:35,1776260855,BOOM600,5909.174,0,0.0,BACKFILL_AUTO
2026-04-15 13:47:36,1776260856,BOOM600,5909.165,-1,0.009000000000014552,BACKFILL_AUTO
2026-04-15 13:47:37,1776260857,BOOM600,5909.154,-1,0.01099999999951251,BACKFILL_AUTO
2026-04-15 13:47:38,1776260858,BOOM600,5909.132,-1,0.02200000000084401,BACKFILL_AUTO
2026-04-15 13:47:39,1776260859,BOOM600,5909.132,0,0.0,BACKFILL_AUTO
2026-04-15 13:47:40,1776260860,BOOM600,5909.121,-1,0.01099999999951251,BACKFILL_AUTO
2026-04-15 13:47:41,1776260861,BOOM600,5909.116,-1,0.005000000000109139,BACKFILL_AUTO
2026-04-15 13:47:42,1776260862,BOOM600,5909.087,-1,0.028999999999541615,BACKFILL_AUTO
2026-04-15 13:47:43,1776260863,BOOM600,5909.082,-1,0.005000000000109139,BACKFILL_AUTO
2026-04-15 13:47:44,1776260864,BOOM600,5909.077,-1,0.005000000000109139,BACKFILL_AUTO
2026-04-15 13:47:45,1776260865,BOOM600,5909.075,-1,0.0020000000004074536,BACKFILL_AUTO
2026-04-15 13:47:46,1776260866,BOOM600,5909.068,-1,0.006999999999607098,BACKFILL_AUTO
2026-04-15 13:47:47,1776260867,BOOM600,5909.055,-1,0.012999999999919964,BACKFILL_AUTO
2026-04-15 13:47:48,1776260868,BOOM600,5909.044,-1,0.011000000000422006,BACKFILL_AUTO
2026-04-15 13:47:49,1776260869,BOOM600,5909.042,-1,0.001999999999497959,BACKFILL_AUTO
2026-04-15 13:47:50,1776260870,BOOM600,5909.041,-1,0.0010000000002037268,BACKFILL_AUTO
2026-04-15 13:47:51,1776260871,BOOM600,5909.032,-1,0.009000000000014552,BACKFILL_AUTO
2026-04-15 13:47:52,1776260872,BOOM600,5909.012,-1,0.020000000000436557,BACKFILL_AUTO
2026-04-15 13:47:53,1776260873,BOOM600,5909.005,-1,0.006999999999607098,BACKFILL_AUTO
2026-04-15 13:47:54,1776260874,BOOM600,5908.989,-1,0.016000000000531145,BACKFILL_AUTO
2026-04-15 13:47:55,1776260875,BOOM600,5908.971,-1,0.018000000000029104,BACKFILL_AUTO
2026-04-15 13:47:56,1776260876,BOOM600,5908.953,-1,0.01799999999911961,BACKFILL_AUTO
2026-04-15 13:47:57,1776260877,BOOM600,5908.949,-1,0.004000000000814907,BACKFILL_AUTO
2026-04-15 13:47:58,1776260878,BOOM600,5908.927,-1,0.021999999999934516,BACKFILL_AUTO
2026-04-15 13:47:59,1776260879,BOOM600,5908.916,-1,0.01099999999951251,BACKFILL_AUTO
2026-04-15 13:48:00,1776260880,BOOM600,5908.902,-1,0.014000000000123691,BACKFILL_AUTO
2026-04-15 13:48:01,1776260881,BOOM600,5908.875,-1,0.027000000000043656,BACKFILL_AUTO
2026-04-15 13:48:02,1776260882,BOOM600,5908.867,-1,0.007999999999810825,BACKFILL_AUTO
2026-04-15 13:48:03,1776260883,BOOM600,5908.867,0,0.0,BACKFILL_AUTO
2026-04-15 13:48:04,1776260884,BOOM600,5908.854,-1,0.012999999999919964,BACKFILL_AUTO
2026-04-15 13:48:05,1776260885,BOOM600,5908.843,-1,0.011000000000422006,BACKFILL_AUTO
2026-04-15 13:48:06,1776260886,BOOM600,5908.828,-1,0.014999999999417923,BACKFILL_AUTO
2026-04-15 13:48:07,1776260887,BOOM600,5908.814,-1,0.014000000000123691,BACKFILL_AUTO
2026-04-15 13:48:08,1776260888,BOOM600,5908.796,-1,0.018000000000029104,BACKFILL_AUTO
2026-04-15 13:48:09,1776260889,BOOM600,5908.78,-1,0.016000000000531145,BACKFILL_AUTO
2026-04-15 13:48:10,1776260890,BOOM600,5908.761,-1,0.018999999999323336,BACKFILL_AUTO
2026-04-15 13:48:11,1776260891,BOOM600,5908.758,-1,0.0030000000006111804,BACKFILL_AUTO
2026-04-15 13:48:12,1776260892,BOOM600,5908.753,-1,0.005000000000109139,BACKFILL_AUTO
2026-04-15 13:48:13,1776260893,BOOM600,5908.749,-1,0.0039999999999054126,BACKFILL_AUTO
2026-04-15 13:48:14,1776260894,BOOM600,5908.749,0,0.0,BACKFILL_AUTO
2026-04-15 13:48:15,1776260895,BOOM600,5908.734,-1,0.014999999999417923,BACKFILL_AUTO
2026-04-15 13:48:16,1776260896,BOOM600,5908.726,-1,0.00800000000072032,BACKFILL_AUTO
2026-04-15 13:48:17,1776260897,BOOM600,5908.719,-1,0.006999999999607098,BACKFILL_AUTO
2026-04-15 13:48:18,1776260898,BOOM600,5908.708,-1,0.011000000000422006,BACKFILL_AUTO
2026-04-15 13:48:19,1776260899,BOOM600,5908.7,-1,0.007999999999810825,BACKFILL_AUTO
2026-04-15 13:48:20,1776260900,BOOM600,5908.687,-1,0.012999999999919964,BACKFILL_AUTO
2026-04-15 13:48:21,1776260901,BOOM600,5908.659,-1,0.028000000000247383,BACKFILL_AUTO
2026-04-15 13:48:22,1776260902,BOOM600,5908.658,-1,0.0009999999992942321,BACKFILL_AUTO
2026-04-15 13:48:23,1776260903,BOOM600,5908.653,-1,0.005000000000109139,BACKFILL_AUTO
2026-04-15 13:48:24,1776260904,BOOM600,5908.647,-1,0.006000000000312866,BACKFILL_AUTO
2026-04-15 13:48:25,1776260905,BOOM600,5908.618,-1,0.028999999999541615,BACKFILL_AUTO
2026-04-15 13:48:26,1776260906,BOOM600,5908.591,-1,0.027000000000043656,BACKFILL_AUTO
2026-04-15 13:48:27,1776260907,BOOM600,5908.581,-1,0.010000000000218279,BACKFILL_AUTO
2026-04-15 13:48:28,1776260908,BOOM600,5908.58,-1,0.0010000000002037268,BACKFILL_AUTO
2026-04-15 13:48:29,1776260909,BOOM600,5908.569,-1,0.01099999999951251,BACKFILL_AUTO
2026-04-15 13:48:30,1776260910,BOOM600,5908.546,-1,0.023000000000138243,BACKFILL_AUTO
2026-04-15 13:48:31,1776260911,BOOM600,5908.538,-1,0.00800000000072032,BACKFILL_AUTO
2026-04-15 13:48:32,1776260912,BOOM600,5908.518,-1,0.019999999999527063,BACKFILL_AUTO
2026-04-15 13:48:33,1776260913,BOOM600,5908.513,-1,0.005000000000109139,BACKFILL_AUTO
2026-04-15 13:48:34,1776260914,BOOM600,5908.497,-1,0.01599999999962165,BACKFILL_AUTO
2026-04-15 13:48:35,1776260915,BOOM600,5908.49,-1,0.007000000000516593,BACKFILL_AUTO
2026-04-15 13:48:36,1776260916,BOOM600,5908.489,-1,0.0010000000002037268,BACKFILL_AUTO
2026-04-15 13:48:37,1776260917,BOOM600,5908.487,-1,0.001999999999497959,BACKFILL_AUTO
2026-04-15 13:48:38,1776260918,BOOM600,5908.473,-1,0.014000000000123691,BACKFILL_AUTO
2026-04-15 13:48:39,1776260919,BOOM600,5908.462,-1,0.01099999999951251,BACKFILL_AUTO
2026-04-15 13:48:40,1776260920,BOOM600,5908.452,-1,0.010000000000218279,BACKFILL_AUTO
2026-04-15 13:48:41,1776260921,BOOM600,5908.448,-1,0.0039999999999054126,BACKFILL_AUTO
2026-04-15 13:48:42,1776260922,BOOM600,5908.438,-1,0.010000000000218279,BACKFILL_AUTO
2026-04-15 13:48:43,1776260923,BOOM600,5908.424,-1,0.014000000000123691,BACKFILL_AUTO
2026-04-15 13:48:44,1776260924,BOOM600,5908.408,-1,0.01599999999962165,BACKFILL_AUTO
2026-04-15 13:48:45,1776260925,BOOM600,5908.406,-1,0.0020000000004074536,BACKFILL_AUTO
2026-04-15 13:48:46,1776260926,BOOM600,5908.395,-1,0.01099999999951251,BACKFILL_AUTO
2026-04-15 13:48:47,1776260927,BOOM600,5908.384,-1,0.011000000000422006,BACKFILL_AUTO
2026-04-15 13:48:48,1776260928,BOOM600,5908.382,-1,0.0020000000004074536,BACKFILL_AUTO
2026-04-15 13:48:49,1776260929,BOOM600,5908.376,-1,0.0059999999994033715,BACKFILL_AUTO
2026-04-15 13:48:50,1776260930,BOOM600,5908.36,-1,0.016000000000531145,BACKFILL_AUTO
2026-04-15 13:48:51,1776260931,BOOM600,5908.349,-1,0.01099999999951251,BACKFILL_AUTO
2026-04-15 13:48:52,1776260932,BOOM600,5908.332,-1,0.016999999999825377,BACKFILL_AUTO
2026-04-15 13:48:53,1776260933,BOOM600,5908.317,-1,0.015000000000327418,BACKFILL_AUTO
2026-04-15 13:48:54,1776260934,BOOM600,5908.308,-1,0.009000000000014552,BACKFILL_AUTO
2026-04-15 13:48:55,1776260935,BOOM600,5908.293,-1,0.015000000000327418,BACKFILL_AUTO
2026-04-15 13:48:56,1776260936,BOOM600,5908.291,-1,0.001999999999497959,BACKFILL_AUTO
2026-04-15 13:48:57,1776260937,BOOM600,5908.272,-1,0.01900000000023283,BACKFILL_AUTO
2026-04-15 13:48:58,1776260938,BOOM600,5908.26,-1,0.011999999999716238,BACKFILL_AUTO
2026-04-15 13:48:59,1776260939,BOOM600,5908.252,-1,0.007999999999810825,BACKFILL_AUTO
2026-04-15 13:49:00,1776260940,BOOM600,5908.24,-1,0.012000000000625732,BACKFILL_AUTO
2026-04-15 13:49:01,1776260941,BOOM600,5910.131,1,1.8910000000005311,BACKFILL_AUTO
2026-04-15 13:49:02,1776260942,BOOM600,5910.123,-1,0.00800000000072032,BACKFILL_AUTO
2026-04-15 13:49:03,1776260943,BOOM600,5910.122,-1,0.0009999999992942321,BACKFILL_AUTO
2026-04-15 13:49:04,1776260944,BOOM600,5910.121,-1,0.0010000000002037268,BACKFILL_AUTO
2026-04-15 13:49:05,1776260945,BOOM600,5910.113,-1,0.007999999999810825,BACKFILL_AUTO
2026-04-15 13:49:06,1776260946,BOOM600,5910.086,-1,0.027000000000043656,BACKFILL_AUTO
2026-04-15 13:49:07,1776260947,BOOM600,5910.082,-1,0.0039999999999054126,BACKFILL_AUTO
2026-04-15 13:49:08,1776260948,BOOM600,5910.072,-1,0.010000000000218279,BACKFILL_AUTO
2026-04-15 13:49:09,1776260949,BOOM600,5910.068,-1,0.0039999999999054126,BACKFILL_AUTO
2026-04-15 13:49:10,1776260950,BOOM600,5910.055,-1,0.012999999999919964,BACKFILL_AUTO
2026-04-15 13:49:11,1776260951,BOOM600,5910.054,-1,0.0010000000002037268,BACKFILL_AUTO
2026-04-15 13:49:12,1776260952,BOOM600,5910.039,-1,0.015000000000327418,BACKFILL_AUTO
2026-04-15 13:49:13,1776260953,BOOM600,5910.028,-1,0.01099999999951251,BACKFILL_AUTO
2026-04-15 13:49:14,1776260954,BOOM600,5910.026,-1,0.0020000000004074536,BACKFILL_AUTO
2026-04-15 13:49:15,1776260955,BOOM600,5910.026,0,0.0,BACKFILL_AUTO
2026-04-15 13:49:16,1776260956,BOOM600,5910.002,-1,0.023999999999432475,BACKFILL_AUTO
2026-04-15 13:49:17,1776260957,BOOM600,5909.995,-1,0.007000000000516593,BACKFILL_AUTO
2026-04-15 13:49:18,1776260958,BOOM600,5909.992,-1,0.0029999999997016857,BACKFILL_AUTO
2026-04-15 13:49:19,1776260959,BOOM600,5909.978,-1,0.014000000000123691,BACKFILL_AUTO
2026-04-15 13:49:20,1776260960,BOOM600,5909.974,-1,0.0039999999999054126,BACKFILL_AUTO
2026-04-15 13:49:21,1776260961,BOOM600,5909.97,-1,0.0039999999999054126,BACKFILL_AUTO
2026-04-15 13:49:22,1776260962,BOOM600,5909.967,-1,0.0030000000006111804,BACKFILL_AUTO
2026-04-15 13:49:23,1776260963,BOOM600,5909.964,-1,0.0029999999997016857,BACKFILL_AUTO
2026-04-15 13:49:24,1776260964,BOOM600,5909.948,-1,0.01599999999962165,BACKFILL_AUTO
2026-04-15 13:49:25,1776260965,BOOM600,5909.943,-1,0.005000000000109139,BACKFILL_AUTO
2026-04-15 13:49:26,1776260966,BOOM600,5909.924,-1,0.01900000000023283,BACKFILL_AUTO
2026-04-15 13:49:27,1776260967,BOOM600,5909.911,-1,0.012999999999919964,BACKFILL_AUTO
2026-04-15 13:49:28,1776260968,BOOM600,5909.901,-1,0.010000000000218279,BACKFILL_AUTO
2026-04-15 13:49:29,1776260969,BOOM600,5909.889,-1,0.011999999999716238,BACKFILL_AUTO
2026-04-15 13:49:30,1776260970,BOOM600,5909.888,-1,0.0010000000002037268,BACKFILL_AUTO
2026-04-15 13:49:31,1776260971,BOOM600,5909.883,-1,0.005000000000109139,BACKFILL_AUTO
2026-04-15 13:49:32,1776260972,BOOM600,5909.872,-1,0.01099999999951251,BACKFILL_AUTO
2026-04-15 13:49:33,1776260973,BOOM600,5909.858,-1,0.014000000000123691,BACKFILL_AUTO
2026-04-15 13:49:34,1776260974,BOOM600,5909.846,-1,0.012000000000625732,BACKFILL_AUTO
2026-04-15 13:49:35,1776260975,BOOM600,5909.839,-1,0.006999999999607098,BACKFILL_AUTO
2026-04-15 13:49:36,1776260976,BOOM600,5909.83,-1,0.009000000000014552,BACKFILL_AUTO
2026-04-15 13:49:37,1776260977,BOOM600,5909.828,-1,0.001999999999497959,BACKFILL_AUTO
2026-04-15 13:49:38,1776260978,BOOM600,5909.825,-1,0.0030000000006111804,BACKFILL_AUTO
2026-04-15 13:49:39,1776260979,BOOM600,5909.824,-1,0.0010000000002037268,BACKFILL_AUTO
2026-04-15 13:49:40,1776260980,BOOM600,5909.82,-1,0.0039999999999054126,BACKFILL_AUTO
2026-04-15 13:49:41,1776260981,BOOM600,5909.793,-1,0.027000000000043656,BACKFILL_AUTO
2026-04-15 13:49:42,1776260982,BOOM600,5909.783,-1,0.009999999999308784,BACKFILL_AUTO
2026-04-15 13:49:43,1776260983,BOOM600,5909.778,-1,0.005000000000109139,BACKFILL_AUTO
2026-04-15 13:49:44,1776260984,BOOM600,5909.751,-1,0.027000000000043656,BACKFILL_AUTO
2026-04-15 13:49:45,1776260985,BOOM600,5909.724,-1,0.027000000000043656,BACKFILL_AUTO
2026-04-15 13:49:46,1776260986,BOOM600,5909.714,-1,0.010000000000218279,BACKFILL_AUTO
2026-04-15 13:49:47,1776260987,BOOM600,5909.712,-1,0.001999999999497959,BACKFILL_AUTO
2026-04-15 13:49:48,1776260988,BOOM600,5909.706,-1,0.006000000000312866,BACKFILL_AUTO
2026-04-15 13:49:49,1776260989,BOOM600,5909.7,-1,0.006000000000312866,BACKFILL_AUTO
2026-04-15 13:49:50,1776260990,BOOM600,5909.677,-1,0.023000000000138243,BACKFILL_AUTO
2026-04-15 13:49:51,1776260991,BOOM600,5909.67,-1,0.006999999999607098,BACKFILL_AUTO
2026-04-15 13:49:52,1776260992,BOOM600,5909.657,-1,0.012999999999919964,BACKFILL_AUTO
2026-04-15 13:49:53,1776260993,BOOM600,5909.642,-1,0.015000000000327418,BACKFILL_AUTO
2026-04-15 13:49:54,1776260994,BOOM600,5909.634,-1,0.007999999999810825,BACKFILL_AUTO
2026-04-15 13:49:55,1776260995,BOOM600,5909.615,-1,0.01900000000023283,BACKFILL_AUTO
2026-04-15 13:49:56,1776260996,BOOM600,5909.597,-1,0.018000000000029104,BACKFILL_AUTO
2026-04-15 13:49:57,1776260997,BOOM600,5909.59,-1,0.006999999999607098,BACKFILL_AUTO
2026-04-15 13:49:58,1776260998,BOOM600,5909.586,-1,0.0039999999999054126,BACKFILL_AUTO
2026-04-15 13:49:59,1776260999,BOOM600,5909.581,-1,0.005000000000109139,BACKFILL_AUTO
2026-04-15 13:50:00,1776261000,BOOM600,5909.579,-1,0.0020000000004074536,BACKFILL_AUTO
2026-04-15 13:50:01,1776261001,BOOM600,5909.566,-1,0.012999999999919964,BACKFILL_AUTO
2026-04-15 13:50:02,1776261002,BOOM600,5909.56,-1,0.0059999999994033715,BACKFILL_AUTO
2026-04-15 13:50:03,1776261003,BOOM600,5909.552,-1,0.00800000000072032,BACKFILL_AUTO
2026-04-15 13:50:04,1776261004,BOOM600,5909.542,-1,0.009999999999308784,BACKFILL_AUTO
2026-04-15 13:50:05,1776261005,BOOM600,5909.54,-1,0.0020000000004074536,BACKFILL_AUTO
2026-04-15 13:50:06,1776261006,BOOM600,5909.53,-1,0.010000000000218279,BACKFILL_AUTO
2026-04-15 13:50:07,1776261007,BOOM600,5909.511,-1,0.018999999999323336,BACKFILL_AUTO
2026-04-15 13:50:08,1776261008,BOOM600,5909.502,-1,0.009000000000014552,BACKFILL_AUTO
2026-04-15 13:50:09,1776261009,BOOM600,5909.484,-1,0.018000000000029104,BACKFILL_AUTO
2026-04-15 13:50:10,1776261010,BOOM600,5909.475,-1,0.009000000000014552,BACKFILL_AUTO
2026-04-15 13:50:11,1776261011,BOOM600,5909.446,-1,0.02900000000045111,BACKFILL_AUTO
2026-04-15 13:50:12,1776261012,BOOM600,5909.443,-1,0.0029999999997016857,BACKFILL_AUTO
2026-04-15 13:50:13,1776261013,BOOM600,5909.44,-1,0.0030000000006111804,BACKFILL_AUTO
2026-04-15 13:50:14,1776261014,BOOM600,5909.43,-1,0.009999999999308784,BACKFILL_AUTO
2026-04-15 13:50:15,1776261015,BOOM600,5909.425,-1,0.005000000000109139,BACKFILL_AUTO
2026-04-15 13:50:16,1776261016,BOOM600,5909.424,-1,0.0010000000002037268,BACKFILL_AUTO
2026-04-15 13:50:17,1776261017,BOOM600,5909.421,-1,0.0029999999997016857,BACKFILL_AUTO
2026-04-15 13:50:18,1776261018,BOOM600,5909.414,-1,0.007000000000516593,BACKFILL_AUTO
2026-04-15 13:50:19,1776261019,BOOM600,5909.392,-1,0.021999999999934516,BACKFILL_AUTO
2026-04-15 13:50:20,1776261020,BOOM600,5909.387,-1,0.005000000000109139,BACKFILL_AUTO
2026-04-15 13:50:21,1776261021,BOOM600,5909.376,-1,0.01099999999951251,BACKFILL_AUTO
2026-04-15 13:50:22,1776261022,BOOM600,5909.363,-1,0.012999999999919964,BACKFILL_AUTO
2026-04-15 13:50:23,1776261023,BOOM600,5909.355,-1,0.00800000000072032,BACKFILL_AUTO
2026-04-15 13:50:24,1776261024,BOOM600,5909.337,-1,0.01799999999911961,BACKFILL_AUTO
2026-04-15 13:50:25,1776261025,BOOM600,5909.325,-1,0.012000000000625732,BACKFILL_AUTO
2026-04-15 13:50:26,1776261026,BOOM600,5909.322,-1,0.0029999999997016857,BACKFILL_AUTO
2026-04-15 13:50:27,1776261027,BOOM600,5909.309,-1,0.012999999999919964,BACKFILL_AUTO
2026-04-15 13:50:28,1776261028,BOOM600,5909.303,-1,0.006000000000312866,BACKFILL_AUTO
2026-04-15 13:50:29,1776261029,BOOM600,5909.292,-1,0.01099999999951251,BACKFILL_AUTO
2026-04-15 13:50:30,1776261030,BOOM600,5909.284,-1,0.00800000000072032,BACKFILL_AUTO
2026-04-15 13:50:31,1776261031,BOOM600,5909.282,-1,0.001999999999497959,BACKFILL_AUTO
2026-04-15 13:50:32,1776261032,BOOM600,5909.281,-1,0.0010000000002037268,BACKFILL_AUTO
2026-04-15 13:50:33,1776261033,BOOM600,5909.28,-1,0.0010000000002037268,BACKFILL_AUTO
2026-04-15 13:50:34,1776261034,BOOM600,5909.269,-1,0.01099999999951251,BACKFILL_AUTO
2026-04-15 13:50:35,1776261035,BOOM600,5909.268,-1,0.0010000000002037268,BACKFILL_AUTO
2026-04-15 13:50:36,1776261036,BOOM600,5909.263,-1,0.005000000000109139,BACKFILL_AUTO
2026-04-15 13:50:37,1776261037,BOOM600,5909.25,-1,0.012999999999919964,BACKFILL_AUTO
2026-04-15 13:50:38,1776261038,BOOM600,5909.232,-1,0.018000000000029104,BACKFILL_AUTO
2026-04-15 13:50:39,1776261039,BOOM600,5909.222,-1,0.010000000000218279,BACKFILL_AUTO
2026-04-15 13:50:40,1776261040,BOOM600,5909.22,-1,0.001999999999497959,BACKFILL_AUTO
2026-04-15 13:50:41,1776261041,BOOM600,5909.211,-1,0.009000000000014552,BACKFILL_AUTO
2026-04-15 13:50:42,1776261042,BOOM600,5909.198,-1,0.012999999999919964,BACKFILL_AUTO
2026-04-15 13:50:43,1776261043,BOOM600,5909.194,-1,0.0039999999999054126,BACKFILL_AUTO
2026-04-15 13:50:44,1776261044,BOOM600,5909.194,0,0.0,BACKFILL_AUTO
2026-04-15 13:50:45,1776261045,BOOM600,5909.171,-1,0.023000000000138243,BACKFILL_AUTO
2026-04-15 13:50:46,1776261046,BOOM600,5909.155,-1,0.016000000000531145,BACKFILL_AUTO
2026-04-15 13:50:47,1776261047,BOOM600,5909.135,-1,0.019999999999527063,BACKFILL_AUTO
2026-04-15 13:50:48,1776261048,BOOM600,5909.132,-1,0.0030000000006111804,BACKFILL_AUTO
2026-04-15 13:50:49,1776261049,BOOM600,5909.131,-1,0.0009999999992942321,BACKFILL_AUTO
2026-04-15 13:50:50,1776261050,BOOM600,5909.116,-1,0.015000000000327418,BACKFILL_AUTO
2026-04-15 13:50:51,1776261051,BOOM600,5909.103,-1,0.012999999999919964,BACKFILL_AUTO
2026-04-15 13:50:52,1776261052,BOOM600,5909.094,-1,0.009000000000014552,BACKFILL_AUTO
2026-04-15 13:50:53,1776261053,BOOM600,5909.093,-1,0.0010000000002037268,BACKFILL_AUTO
2026-04-15 13:50:54,1776261054,BOOM600,5909.087,-1,0.0059999999994033715,BACKFILL_AUTO
2026-04-15 13:50:55,1776261055,BOOM600,5909.077,-1,0.010000000000218279,BACKFILL_AUTO
2026-04-15 13:50:56,1776261056,BOOM600,5909.064,-1,0.012999999999919964,BACKFILL_AUTO
2026-04-15 13:50:57,1776261057,BOOM600,5909.055,-1,0.009000000000014552,BACKFILL_AUTO
2026-04-15 13:50:58,1776261058,BOOM600,5909.05,-1,0.005000000000109139,BACKFILL_AUTO
2026-04-15 13:50:59,1776261059,BOOM600,5909.046,-1,0.0039999999999054126,BACKFILL_AUTO
2026-04-15 13:51:00,1776261060,BOOM600,5909.045,-1,0.0010000000002037268,BACKFILL_AUTO
2026-04-15 13:51:01,1776261061,BOOM600,5909.031,-1,0.014000000000123691,BACKFILL_AUTO
2026-04-15 13:51:02,1776261062,BOOM600,5909.002,-1,0.028999999999541615,BACKFILL_AUTO
2026-04-15 13:51:03,1776261063,BOOM600,5909.0,-1,0.0020000000004074536,BACKFILL_AUTO
2026-04-15 13:51:04,1776261064,BOOM600,5908.993,-1,0.006999999999607098,BACKFILL_AUTO
2026-04-15 13:51:05,1776261065,BOOM600,5908.977,-1,0.016000000000531145,BACKFILL_AUTO
2026-04-15 13:51:06,1776261066,BOOM600,5908.97,-1,0.006999999999607098,BACKFILL_AUTO
2026-04-15 13:51:07,1776261067,BOOM600,5908.958,-1,0.012000000000625732,BACKFILL_AUTO
2026-04-15 13:51:08,1776261068,BOOM600,5908.948,-1,0.009999999999308784,BACKFILL_AUTO
2026-04-15 13:51:09,1776261069,BOOM600,5908.935,-1,0.012999999999919964,BACKFILL_AUTO
2026-04-15 13:51:10,1776261070,BOOM600,5908.918,-1,0.01700000000073487,BACKFILL_AUTO
2026-04-15 13:51:11,1776261071,BOOM600,5908.913,-1,0.005000000000109139,BACKFILL_AUTO
2026-04-15 13:51:12,1776261072,BOOM600,5908.881,-1,0.0319999999992433,BACKFILL_AUTO
2026-04-15 13:51:13,1776261073,BOOM600,5908.863,-1,0.018000000000029104,BACKFILL_AUTO
2026-04-15 13:51:14,1776261074,BOOM600,5908.856,-1,0.007000000000516593,BACKFILL_AUTO
2026-04-15 13:51:15,1776261075,BOOM600,5908.842,-1,0.014000000000123691,BACKFILL_AUTO
2026-04-15 13:51:16,1776261076,BOOM600,5908.833,-1,0.009000000000014552,BACKFILL_AUTO
2026-04-15 13:51:17,1776261077,BOOM600,5908.811,-1,0.021999999999934516,BACKFILL_AUTO
2026-04-15 13:51:18,1776261078,BOOM600,5908.789,-1,0.021999999999934516,BACKFILL_AUTO
2026-04-15 13:51:19,1776261079,BOOM600,5908.78,-1,0.009000000000014552,BACKFILL_AUTO
2026-04-15 13:51:20,1776261080,BOOM600,5908.768,-1,0.011999999999716238,BACKFILL_AUTO
2026-04-15 13:51:21,1776261081,BOOM600,5908.764,-1,0.0039999999999054126,BACKFILL_AUTO
2026-04-15 13:51:22,1776261082,BOOM600,5908.749,-1,0.015000000000327418,BACKFILL_AUTO
2026-04-15 13:51:23,1776261083,BOOM600,5908.743,-1,0.0059999999994033715,BACKFILL_AUTO
2026-04-15 13:51:24,1776261084,BOOM600,5908.725,-1,0.018000000000029104,BACKFILL_AUTO
2026-04-15 13:51:25,1776261085,BOOM600,5908.721,-1,0.004000000000814907,BACKFILL_AUTO
2026-04-15 13:51:26,1776261086,BOOM600,5908.716,-1,0.004999999999199645,BACKFILL_AUTO
2026-04-15 13:51:27,1776261087,BOOM600,5908.705,-1,0.011000000000422006,BACKFILL_AUTO
2026-04-15 13:51:28,1776261088,BOOM600,5908.695,-1,0.010000000000218279,BACKFILL_AUTO
2026-04-15 13:51:29,1776261089,BOOM600,5908.686,-1,0.009000000000014552,BACKFILL_AUTO
2026-04-15 13:51:30,1776261090,BOOM600,5908.674,-1,0.011999999999716238,BACKFILL_AUTO
2026-04-15 13:51:31,1776261091,BOOM600,5908.664,-1,0.010000000000218279,BACKFILL_AUTO
2026-04-15 13:51:32,1776261092,BOOM600,5908.649,-1,0.014999999999417923,BACKFILL_AUTO
2026-04-15 13:51:33,1776261093,BOOM600,5908.63,-1,0.01900000000023283,BACKFILL_AUTO
2026-04-15 13:51:34,1776261094,BOOM600,5908.616,-1,0.014000000000123691,BACKFILL_AUTO
2026-04-15 13:51:35,1776261095,BOOM600,5908.6,-1,0.01599999999962165,BACKFILL_AUTO
2026-04-15 13:51:36,1776261096,BOOM600,5908.593,-1,0.007000000000516593,BACKFILL_AUTO
2026-04-15 13:51:37,1776261097,BOOM600,5908.582,-1,0.01099999999951251,BACKFILL_AUTO
2026-04-15 13:51:38,1776261098,BOOM600,5908.578,-1,0.0039999999999054126,BACKFILL_AUTO
2026-04-15 13:51:39,1776261099,BOOM600,5908.573,-1,0.005000000000109139,BACKFILL_AUTO
2026-04-15 13:51:40,1776261100,BOOM600,5908.556,-1,0.01700000000073487,BACKFILL_AUTO
2026-04-15 13:51:41,1776261101,BOOM600,5908.553,-1,0.0029999999997016857,BACKFILL_AUTO
2026-04-15 13:51:42,1776261102,BOOM600,5908.544,-1,0.009000000000014552,BACKFILL_AUTO
2026-04-15 13:51:43,1776261103,BOOM600,5908.528,-1,0.01599999999962165,BACKFILL_AUTO
2026-04-15 13:51:44,1776261104,BOOM600,5908.52,-1,0.007999999999810825,BACKFILL_AUTO
2026-04-15 13:51:45,1776261105,BOOM600,5908.501,-1,0.01900000000023283,BACKFILL_AUTO
2026-04-15 13:51:46,1776261106,BOOM600,5908.481,-1,0.020000000000436557,BACKFILL_AUTO
2026-04-15 13:51:47,1776261107,BOOM600,5908.479,-1,0.001999999999497959,BACKFILL_AUTO
2026-04-15 13:51:48,1776261108,BOOM600,5908.475,-1,0.0039999999999054126,BACKFILL_AUTO
2026-04-15 13:51:49,1776261109,BOOM600,5908.452,-1,0.023000000000138243,BACKFILL_AUTO
2026-04-15 13:51:50,1776261110,BOOM600,5908.438,-1,0.014000000000123691,BACKFILL_AUTO
2026-04-15 13:51:51,1776261111,BOOM600,5908.423,-1,0.015000000000327418,BACKFILL_AUTO
2026-04-15 13:51:52,1776261112,BOOM600,5908.419,-1,0.0039999999999054126,BACKFILL_AUTO
2026-04-15 13:51:53,1776261113,BOOM600,5908.418,-1,0.0010000000002037268,BACKFILL_AUTO
2026-04-15 13:51:54,1776261114,BOOM600,5908.417,-1,0.0009999999992942321,BACKFILL_AUTO
2026-04-15 13:51:55,1776261115,BOOM600,5908.411,-1,0.006000000000312866,BACKFILL_AUTO
2026-04-15 13:51:56,1776261116,BOOM600,5908.382,-1,0.02900000000045111,BACKFILL_AUTO
2026-04-15 13:51:57,1776261117,BOOM600,5908.377,-1,0.004999999999199645,BACKFILL_AUTO
2026-04-15 13:51:58,1776261118,BOOM600,5908.366,-1,0.011000000000422006,BACKFILL_AUTO
2026-04-15 13:51:59,1776261119,BOOM600,5908.364,-1,0.0020000000004074536,BACKFILL_AUTO
2026-04-15 13:52:00,1776261120,BOOM600,5908.352,-1,0.011999999999716238,BACKFILL_AUTO
2026-04-15 13:52:01,1776261121,BOOM600,5908.346,-1,0.006000000000312866,BACKFILL_AUTO
2026-04-15 13:52:02,1776261122,BOOM600,5908.335,-1,0.01099999999951251,BACKFILL_AUTO
2026-04-15 13:52:03,1776261123,BOOM600,5908.321,-1,0.014000000000123691,BACKFILL_AUTO
2026-04-15 13:52:04,1776261124,BOOM600,5908.313,-1,0.007999999999810825,BACKFILL_AUTO
2026-04-15 13:52:05,1776261125,BOOM600,5908.311,-1,0.0020000000004074536,BACKFILL_AUTO
2026-04-15 13:52:06,1776261126,BOOM600,5908.29,-1,0.02099999999973079,BACKFILL_AUTO
2026-04-15 13:52:07,1776261127,BOOM600,5908.287,-1,0.0029999999997016857,BACKFILL_AUTO
2026-04-15 13:52:08,1776261128,BOOM600,5908.283,-1,0.0039999999999054126,BACKFILL_AUTO
2026-04-15 13:52:09,1776261129,BOOM600,5908.263,-1,0.020000000000436557,BACKFILL_AUTO
2026-04-15 13:52:10,1776261130,BOOM600,5908.254,-1,0.009000000000014552,BACKFILL_AUTO
2026-04-15 13:52:11,1776261131,BOOM600,5908.249,-1,0.005000000000109139,BACKFILL_AUTO
2026-04-15 13:52:12,1776261132,BOOM600,5908.232,-1,0.016999999999825377,BACKFILL_AUTO
2026-04-15 13:52:13,1776261133,BOOM600,5908.227,-1,0.005000000000109139,BACKFILL_AUTO
2026-04-15 13:52:14,1776261134,BOOM600,5908.218,-1,0.009000000000014552,BACKFILL_AUTO
2026-04-15 13:52:15,1776261135,BOOM600,5908.21,-1,0.007999999999810825,BACKFILL_AUTO
2026-04-15 13:52:16,1776261136,BOOM600,5908.207,-1,0.0029999999997016857,BACKFILL_AUTO
2026-04-15 13:52:17,1776261137,BOOM600,5908.196,-1,0.011000000000422006,BACKFILL_AUTO
2026-04-15 13:52:18,1776261138,BOOM600,5908.189,-1,0.006999999999607098,BACKFILL_AUTO
2026-04-15 13:52:19,1776261139,BOOM600,5908.179,-1,0.010000000000218279,BACKFILL_AUTO
2026-04-15 13:52:20,1776261140,BOOM600,5908.177,-1,0.0020000000004074536,BACKFILL_AUTO
2026-04-15 13:52:21,1776261141,BOOM600,5908.171,-1,0.0059999999994033715,BACKFILL_AUTO
2026-04-15 13:52:22,1776261142,BOOM600,5908.163,-1,0.00800000000072032,BACKFILL_AUTO
2026-04-15 13:52:23,1776261143,BOOM600,5908.154,-1,0.008999999999105057,BACKFILL_AUTO
2026-04-15 13:52:24,1776261144,BOOM600,5908.14,-1,0.014000000000123691,BACKFILL_AUTO
2026-04-15 13:52:25,1776261145,BOOM600,5908.119,-1,0.021000000000640284,BACKFILL_AUTO
2026-04-15 13:52:26,1776261146,BOOM600,5908.112,-1,0.006999999999607098,BACKFILL_AUTO
2026-04-15 13:52:27,1776261147,BOOM600,5908.107,-1,0.005000000000109139,BACKFILL_AUTO
2026-04-15 13:52:28,1776261148,BOOM600,5908.1,-1,0.006999999999607098,BACKFILL_AUTO
2026-04-15 13:52:29,1776261149,BOOM600,5908.087,-1,0.012999999999919964,BACKFILL_AUTO
2026-04-15 13:52:30,1776261150,BOOM600,5908.085,-1,0.0020000000004074536,BACKFILL_AUTO
2026-04-15 13:52:31,1776261151,BOOM600,5908.081,-1,0.0039999999999054126,BACKFILL_AUTO
2026-04-15 13:52:32,1776261152,BOOM600,5908.081,0,0.0,BACKFILL_AUTO
2026-04-15 13:52:33,1776261153,BOOM600,5908.066,-1,0.015000000000327418,BACKFILL_AUTO
2026-04-15 13:52:34,1776261154,BOOM600,5908.048,-1,0.018000000000029104,BACKFILL_AUTO
2026-04-15 13:52:35,1776261155,BOOM600,5908.044,-1,0.0039999999999054126,BACKFILL_AUTO
2026-04-15 13:52:36,1776261156,BOOM600,5908.023,-1,0.02099999999973079,BACKFILL_AUTO
2026-04-15 13:52:37,1776261157,BOOM600,5908.013,-1,0.010000000000218279,BACKFILL_AUTO
2026-04-15 13:52:38,1776261158,BOOM600,5908.011,-1,0.001999999999497959,BACKFILL_AUTO
2026-04-15 13:52:39,1776261159,BOOM600,5907.988,-1,0.023000000000138243,BACKFILL_AUTO
2026-04-15 13:52:40,1776261160,BOOM600,5907.98,-1,0.00800000000072032,BACKFILL_AUTO
2026-04-15 13:52:41,1776261161,BOOM600,5907.966,-1,0.013999999999214197,BACKFILL_AUTO
2026-04-15 13:52:42,1776261162,BOOM600,5907.963,-1,0.0030000000006111804,BACKFILL_AUTO
2026-04-15 13:52:43,1776261163,BOOM600,5907.961,-1,0.001999999999497959,BACKFILL_AUTO
2026-04-15 13:52:44,1776261164,BOOM600,5907.961,0,0.0,BACKFILL_AUTO
2026-04-15 13:52:45,1776261165,BOOM600,5907.953,-1,0.007999999999810825,BACKFILL_AUTO
2026-04-15 13:52:46,1776261166,BOOM600,5907.946,-1,0.007000000000516593,BACKFILL_AUTO
2026-04-15 13:52:47,1776261167,BOOM600,5907.934,-1,0.011999999999716238,BACKFILL_AUTO
2026-04-15 13:52:48,1776261168,BOOM600,5907.929,-1,0.005000000000109139,BACKFILL_AUTO
2026-04-15 13:52:49,1776261169,BOOM600,5907.917,-1,0.011999999999716238,BACKFILL_AUTO
2026-04-15 13:52:50,1776261170,BOOM600,5907.914,-1,0.0030000000006111804,BACKFILL_AUTO
2026-04-15 13:52:51,1776261171,BOOM600,5907.898,-1,0.01599999999962165,BACKFILL_AUTO
2026-04-15 13:52:52,1776261172,BOOM600,5907.892,-1,0.006000000000312866,BACKFILL_AUTO
2026-04-15 13:52:53,1776261173,BOOM600,5907.878,-1,0.014000000000123691,BACKFILL_AUTO
2026-04-15 13:52:54,1776261174,BOOM600,5907.865,-1,0.012999999999919964,BACKFILL_AUTO
2026-04-15 13:52:55,1776261175,BOOM600,5907.846,-1,0.01900000000023283,BACKFILL_AUTO
2026-04-15 13:52:56,1776261176,BOOM600,5907.842,-1,0.0039999999999054126,BACKFILL_AUTO
2026-04-15 13:52:57,1776261177,BOOM600,5907.821,-1,0.02099999999973079,BACKFILL_AUTO
2026-04-15 13:52:58,1776261178,BOOM600,5907.821,0,0.0,BACKFILL_AUTO
2026-04-15 13:52:59,1776261179,BOOM600,5907.804,-1,0.016999999999825377,BACKFILL_AUTO
2026-04-15 13:53:00,1776261180,BOOM600,5907.778,-1,0.02599999999983993,BACKFILL_AUTO
2026-04-15 13:53:01,1776261181,BOOM600,5907.763,-1,0.015000000000327418,BACKFILL_AUTO
2026-04-15 13:53:02,1776261182,BOOM600,5907.76,-1,0.0029999999997016857,BACKFILL_AUTO
2026-04-15 13:53:03,1776261183,BOOM600,5907.752,-1,0.007999999999810825,BACKFILL_AUTO
2026-04-15 13:53:04,1776261184,BOOM600,5907.737,-1,0.015000000000327418,BACKFILL_AUTO
2026-04-15 13:53:05,1776261185,BOOM600,5907.732,-1,0.005000000000109139,BACKFILL_AUTO
2026-04-15 13:53:06,1776261186,BOOM600,5907.727,-1,0.005000000000109139,BACKFILL_AUTO
2026-04-15 13:53:07,1776261187,BOOM600,5907.709,-1,0.018000000000029104,BACKFILL_AUTO
2026-04-15 13:53:08,1776261188,BOOM600,5907.705,-1,0.0039999999999054126,BACKFILL_AUTO
2026-04-15 13:53:09,1776261189,BOOM600,5907.699,-1,0.006000000000312866,BACKFILL_AUTO
2026-04-15 13:53:10,1776261190,BOOM600,5907.687,-1,0.011999999999716238,BACKFILL_AUTO
2026-04-15 13:53:11,1776261191,BOOM600,5907.671,-1,0.01599999999962165,BACKFILL_AUTO
2026-04-15 13:53:12,1776261192,BOOM600,5907.656,-1,0.015000000000327418,BACKFILL_AUTO
2026-04-15 13:53:13,1776261193,BOOM600,5907.64,-1,0.01599999999962165,BACKFILL_AUTO
2026-04-15 13:53:14,1776261194,BOOM600,5907.639,-1,0.0010000000002037268,BACKFILL_AUTO
2026-04-15 13:53:15,1776261195,BOOM600,5907.637,-1,0.0020000000004074536,BACKFILL_AUTO
2026-04-15 13:53:16,1776261196,BOOM600,5907.635,-1,0.001999999999497959,BACKFILL_AUTO
2026-04-15 13:53:17,1776261197,BOOM600,5907.634,-1,0.0010000000002037268,BACKFILL_AUTO
2026-04-15 13:53:18,1776261198,BOOM600,5907.624,-1,0.010000000000218279,BACKFILL_AUTO
2026-04-15 13:53:19,1776261199,BOOM600,5907.616,-1,0.007999999999810825,BACKFILL_AUTO
2026-04-15 13:53:20,1776261200,BOOM600,5907.616,0,0.0,BACKFILL_AUTO
2026-04-15 13:53:21,1776261201,BOOM600,5907.611,-1,0.005000000000109139,BACKFILL_AUTO
2026-04-15 13:53:22,1776261202,BOOM600,5907.604,-1,0.006999999999607098,BACKFILL_AUTO
2026-04-15 13:53:23,1776261203,BOOM600,5907.587,-1,0.016999999999825377,BACKFILL_AUTO
2026-04-15 13:53:24,1776261204,BOOM600,5907.579,-1,0.00800000000072032,BACKFILL_AUTO
2026-04-15 13:53:25,1776261205,BOOM600,5907.578,-1,0.0009999999992942321,BACKFILL_AUTO
2026-04-15 13:53:26,1776261206,BOOM600,5907.575,-1,0.0030000000006111804,BACKFILL_AUTO
2026-04-15 13:53:27,1776261207,BOOM600,5907.569,-1,0.0059999999994033715,BACKFILL_AUTO
2026-04-15 13:53:28,1776261208,BOOM600,5907.567,-1,0.0020000000004074536,BACKFILL_AUTO
2026-04-15 13:53:29,1776261209,BOOM600,5907.561,-1,0.006000000000312866,BACKFILL_AUTO
2026-04-15 13:53:30,1776261210,BOOM600,5907.548,-1,0.012999999999919964,BACKFILL_AUTO
2026-04-15 13:53:31,1776261211,BOOM600,5907.535,-1,0.012999999999919964,BACKFILL_AUTO
2026-04-15 13:53:32,1776261212,BOOM600,5907.523,-1,0.011999999999716238,BACKFILL_AUTO
2026-04-15 13:53:33,1776261213,BOOM600,5907.522,-1,0.0010000000002037268,BACKFILL_AUTO
2026-04-15 13:53:34,1776261214,BOOM600,5907.514,-1,0.007999999999810825,BACKFILL_AUTO
2026-04-15 13:53:35,1776261215,BOOM600,5907.503,-1,0.011000000000422006,BACKFILL_AUTO
2026-04-15 13:53:36,1776261216,BOOM600,5907.494,-1,0.009000000000014552,BACKFILL_AUTO
2026-04-15 13:53:37,1776261217,BOOM600,5907.485,-1,0.009000000000014552,BACKFILL_AUTO
2026-04-15 13:53:38,1776261218,BOOM600,5907.48,-1,0.005000000000109139,BACKFILL_AUTO
2026-04-15 13:53:39,1776261219,BOOM600,5907.463,-1,0.016999999999825377,BACKFILL_AUTO
2026-04-15 13:53:40,1776261220,BOOM600,5907.447,-1,0.01599999999962165,BACKFILL_AUTO
2026-04-15 13:53:41,1776261221,BOOM600,5907.438,-1,0.009000000000014552,BACKFILL_AUTO
2026-04-15 13:53:42,1776261222,BOOM600,5907.433,-1,0.005000000000109139,BACKFILL_AUTO
2026-04-15 13:53:43,1776261223,BOOM600,5907.42,-1,0.012999999999919964,BACKFILL_AUTO
2026-04-15 13:53:44,1776261224,BOOM600,5907.419,-1,0.0010000000002037268,BACKFILL_AUTO
2026-04-15 13:53:45,1776261225,BOOM600,5907.402,-1,0.016999999999825377,BACKFILL_AUTO
2026-04-15 13:53:46,1776261226,BOOM600,5907.397,-1,0.005000000000109139,BACKFILL_AUTO
2026-04-15 13:53:47,1776261227,BOOM600,5907.392,-1,0.005000000000109139,BACKFILL_AUTO
2026-04-15 13:53:48,1776261228,BOOM600,5907.382,-1,0.010000000000218279,BACKFILL_AUTO
2026-04-15 13:53:49,1776261229,BOOM600,5907.378,-1,0.0039999999999054126,BACKFILL_AUTO
2026-04-15 13:53:50,1776261230,BOOM600,5907.375,-1,0.0029999999997016857,BACKFILL_AUTO
2026-04-15 13:53:51,1776261231,BOOM600,5907.368,-1,0.006999999999607098,BACKFILL_AUTO
2026-04-15 13:53:52,1776261232,BOOM600,5907.357,-1,0.011000000000422006,BACKFILL_AUTO
2026-04-15 13:53:53,1776261233,BOOM600,5907.343,-1,0.014000000000123691,BACKFILL_AUTO
2026-04-15 13:53:54,1776261234,BOOM600,5907.326,-1,0.016999999999825377,BACKFILL_AUTO
2026-04-15 13:53:55,1776261235,BOOM600,5907.325,-1,0.0010000000002037268,BACKFILL_AUTO
2026-04-15 13:53:56,1776261236,BOOM600,5907.322,-1,0.0029999999997016857,BACKFILL_AUTO
2026-04-15 13:53:57,1776261237,BOOM600,5907.317,-1,0.005000000000109139,BACKFILL_AUTO
2026-04-15 13:53:58,1776261238,BOOM600,5907.301,-1,0.01599999999962165,BACKFILL_AUTO
2026-04-15 13:53:59,1776261239,BOOM600,5907.292,-1,0.009000000000014552,BACKFILL_AUTO
2026-04-15 13:54:00,1776261240,BOOM600,5907.277,-1,0.015000000000327418,BACKFILL_AUTO
2026-04-15 13:54:01,1776261241,BOOM600,5907.262,-1,0.015000000000327418,BACKFILL_AUTO
2026-04-15 13:54:02,1776261242,BOOM600,5907.245,-1,0.016999999999825377,BACKFILL_AUTO
2026-04-15 13:54:03,1776261243,BOOM600,5907.238,-1,0.006999999999607098,BACKFILL_AUTO
2026-04-15 13:54:04,1776261244,BOOM600,5907.225,-1,0.012999999999919964,BACKFILL_AUTO
2026-04-15 13:54:05,1776261245,BOOM600,5907.203,-1,0.021999999999934516,BACKFILL_AUTO
2026-04-15 13:54:06,1776261246,BOOM600,5907.192,-1,0.011000000000422006,BACKFILL_AUTO
2026-04-15 13:54:07,1776261247,BOOM600,5907.175,-1,0.016999999999825377,BACKFILL_AUTO
2026-04-15 13:54:08,1776261248,BOOM600,5907.169,-1,0.006000000000312866,BACKFILL_AUTO
2026-04-15 13:54:09,1776261249,BOOM600,5907.166,-1,0.0029999999997016857,BACKFILL_AUTO
2026-04-15 13:54:10,1776261250,BOOM600,5907.162,-1,0.0039999999999054126,BACKFILL_AUTO
2026-04-15 13:54:11,1776261251,BOOM600,5907.139,-1,0.023000000000138243,BACKFILL_AUTO
2026-04-15 13:54:12,1776261252,BOOM600,5907.132,-1,0.007000000000516593,BACKFILL_AUTO
2026-04-15 13:54:13,1776261253,BOOM600,5907.108,-1,0.023999999999432475,BACKFILL_AUTO
2026-04-15 13:54:14,1776261254,BOOM600,5907.107,-1,0.0010000000002037268,BACKFILL_AUTO
2026-04-15 13:54:15,1776261255,BOOM600,5907.1,-1,0.006999999999607098,BACKFILL_AUTO
2026-04-15 13:54:16,1776261256,BOOM600,5907.081,-1,0.01900000000023283,BACKFILL_AUTO
2026-04-15 13:54:17,1776261257,BOOM600,5907.077,-1,0.0039999999999054126,BACKFILL_AUTO
2026-04-15 13:54:18,1776261258,BOOM600,5907.073,-1,0.0039999999999054126,BACKFILL_AUTO
2026-04-15 13:54:19,1776261259,BOOM600,5907.064,-1,0.009000000000014552,BACKFILL_AUTO
2026-04-15 13:54:20,1776261260,BOOM600,5907.06,-1,0.0039999999999054126,BACKFILL_AUTO
2026-04-15 13:54:21,1776261261,BOOM600,5907.041,-1,0.01900000000023283,BACKFILL_AUTO
2026-04-15 13:54:22,1776261262,BOOM600,5907.033,-1,0.007999999999810825,BACKFILL_AUTO
2026-04-15 13:54:23,1776261263,BOOM600,5907.026,-1,0.007000000000516593,BACKFILL_AUTO
2026-04-15 13:54:24,1776261264,BOOM600,5907.011,-1,0.014999999999417923,BACKFILL_AUTO
2026-04-15 13:54:25,1776261265,BOOM600,5906.995,-1,0.016000000000531145,BACKFILL_AUTO
2026-04-15 13:54:26,1776261266,BOOM600,5906.991,-1,0.0039999999999054126,BACKFILL_AUTO
2026-04-15 13:54:27,1776261267,BOOM600,5906.973,-1,0.018000000000029104,BACKFILL_AUTO
2026-04-15 13:54:28,1776261268,BOOM600,5906.963,-1,0.010000000000218279,BACKFILL_AUTO
2026-04-15 13:54:29,1776261269,BOOM600,5906.958,-1,0.005000000000109139,BACKFILL_AUTO
2026-04-15 13:54:30,1776261270,BOOM600,5906.943,-1,0.014999999999417923,BACKFILL_AUTO
2026-04-15 13:54:31,1776261271,BOOM600,5906.94,-1,0.0030000000006111804,BACKFILL_AUTO
2026-04-15 13:54:32,1776261272,BOOM600,5906.917,-1,0.02299999999922875,BACKFILL_AUTO
2026-04-15 13:54:33,1776261273,BOOM600,5906.908,-1,0.009000000000014552,BACKFILL_AUTO
2026-04-15 13:54:34,1776261274,BOOM600,5906.903,-1,0.005000000000109139,BACKFILL_AUTO
2026-04-15 13:54:35,1776261275,BOOM600,5906.901,-1,0.0020000000004074536,BACKFILL_AUTO
2026-04-15 13:54:36,1776261276,BOOM600,5906.886,-1,0.014999999999417923,BACKFILL_AUTO
2026-04-15 13:54:37,1776261277,BOOM600,5906.883,-1,0.0030000000006111804,BACKFILL_AUTO
2026-04-15 13:54:38,1776261278,BOOM600,5906.873,-1,0.010000000000218279,BACKFILL_AUTO
2026-04-15 13:54:39,1776261279,BOOM600,5906.857,-1,0.01599999999962165,BACKFILL_AUTO
2026-04-15 13:54:40,1776261280,BOOM600,5906.849,-1,0.007999999999810825,BACKFILL_AUTO
2026-04-15 13:54:41,1776261281,BOOM600,5906.819,-1,0.02999999999974534,BACKFILL_AUTO
2026-04-15 13:54:42,1776261282,BOOM600,5906.795,-1,0.02400000000034197,BACKFILL_AUTO
2026-04-15 13:54:43,1776261283,BOOM600,5906.788,-1,0.007000000000516593,BACKFILL_AUTO
2026-04-15 13:54:44,1776261284,BOOM600,5906.787,-1,0.0009999999992942321,BACKFILL_AUTO
2026-04-15 13:54:45,1776261285,BOOM600,5906.776,-1,0.011000000000422006,BACKFILL_AUTO
2026-04-15 13:54:46,1776261286,BOOM600,5906.773,-1,0.0029999999997016857,BACKFILL_AUTO
2026-04-15 13:54:47,1776261287,BOOM600,5906.767,-1,0.006000000000312866,BACKFILL_AUTO
2026-04-15 13:54:48,1776261288,BOOM600,5906.758,-1,0.009000000000014552,BACKFILL_AUTO
2026-04-15 13:54:49,1776261289,BOOM600,5906.732,-1,0.02599999999983993,BACKFILL_AUTO
2026-04-15 13:54:50,1776261290,BOOM600,5906.732,0,0.0,BACKFILL_AUTO
2026-04-15 13:54:51,1776261291,BOOM600,5906.72,-1,0.011999999999716238,BACKFILL_AUTO
2026-04-15 13:54:52,1776261292,BOOM600,5906.714,-1,0.006000000000312866,BACKFILL_AUTO
2026-04-15 13:54:53,1776261293,BOOM600,5906.708,-1,0.006000000000312866,BACKFILL_AUTO
2026-04-15 13:54:54,1776261294,BOOM600,5906.703,-1,0.004999999999199645,BACKFILL_AUTO
2026-04-15 13:54:55,1776261295,BOOM600,5906.694,-1,0.009000000000014552,BACKFILL_AUTO
2026-04-15 13:54:56,1776261296,BOOM600,5906.678,-1,0.016000000000531145,BACKFILL_AUTO
2026-04-15 13:54:57,1776261297,BOOM600,5906.667,-1,0.01099999999951251,BACKFILL_AUTO
2026-04-15 13:54:58,1776261298,BOOM600,5906.645,-1,0.021999999999934516,BACKFILL_AUTO
2026-04-15 13:54:59,1776261299,BOOM600,5906.641,-1,0.004000000000814907,BACKFILL_AUTO
2026-04-15 13:55:00,1776261300,BOOM600,5906.628,-1,0.012999999999919964,BACKFILL_AUTO
2026-04-15 13:55:01,1776261301,BOOM600,5906.605,-1,0.023000000000138243,BACKFILL_AUTO
2026-04-15 13:55:02,1776261302,BOOM600,5906.604,-1,0.0009999999992942321,BACKFILL_AUTO
2026-04-15 13:55:03,1776261303,BOOM600,5906.576,-1,0.028000000000247383,BACKFILL_AUTO
2026-04-15 13:55:04,1776261304,BOOM600,5906.57,-1,0.006000000000312866,BACKFILL_AUTO
2026-04-15 13:55:05,1776261305,BOOM600,5906.563,-1,0.006999999999607098,BACKFILL_AUTO
2026-04-15 13:55:06,1776261306,BOOM600,5906.551,-1,0.011999999999716238,BACKFILL_AUTO
2026-04-15 13:55:07,1776261307,BOOM600,5906.535,-1,0.016000000000531145,BACKFILL_AUTO
2026-04-15 13:55:08,1776261308,BOOM600,5906.532,-1,0.0029999999997016857,BACKFILL_AUTO
2026-04-15 13:55:09,1776261309,BOOM600,5906.529,-1,0.0029999999997016857,BACKFILL_AUTO
2026-04-15 13:55:10,1776261310,BOOM600,5906.524,-1,0.005000000000109139,BACKFILL_AUTO
2026-04-15 13:55:11,1776261311,BOOM600,5906.516,-1,0.00800000000072032,BACKFILL_AUTO
2026-04-15 13:55:12,1776261312,BOOM600,5906.515,-1,0.0009999999992942321,BACKFILL_AUTO
2026-04-15 13:55:13,1776261313,BOOM600,5906.494,-1,0.021000000000640284,BACKFILL_AUTO
2026-04-15 13:55:14,1776261314,BOOM600,5906.492,-1,0.001999999999497959,BACKFILL_AUTO
2026-04-15 13:55:15,1776261315,BOOM600,5906.483,-1,0.009000000000014552,BACKFILL_AUTO
2026-04-15 13:55:16,1776261316,BOOM600,5906.46,-1,0.023000000000138243,BACKFILL_AUTO
2026-04-15 13:55:17,1776261317,BOOM600,5906.458,-1,0.0020000000004074536,BACKFILL_AUTO
2026-04-15 13:55:18,1776261318,BOOM600,5906.44,-1,0.018000000000029104,BACKFILL_AUTO
2026-04-15 13:55:19,1776261319,BOOM600,5906.431,-1,0.009000000000014552,BACKFILL_AUTO
2026-04-15 13:55:20,1776261320,BOOM600,5906.43,-1,0.0009999999992942321,BACKFILL_AUTO
2026-04-15 13:55:21,1776261321,BOOM600,5906.424,-1,0.006000000000312866,BACKFILL_AUTO
2026-04-15 13:55:22,1776261322,BOOM600,5906.421,-1,0.0029999999997016857,BACKFILL_AUTO
2026-04-15 13:55:23,1776261323,BOOM600,5906.417,-1,0.0039999999999054126,BACKFILL_AUTO
2026-04-15 13:55:24,1776261324,BOOM600,5906.412,-1,0.005000000000109139,BACKFILL_AUTO
2026-04-15 13:55:25,1776261325,BOOM600,5906.407,-1,0.005000000000109139,BACKFILL_AUTO
2026-04-15 13:55:26,1776261326,BOOM600,5906.383,-1,0.02400000000034197,BACKFILL_AUTO
2026-04-15 13:55:27,1776261327,BOOM600,5906.371,-1,0.011999999999716238,BACKFILL_AUTO
2026-04-15 13:55:28,1776261328,BOOM600,5906.367,-1,0.0039999999999054126,BACKFILL_AUTO
2026-04-15 13:55:29,1776261329,BOOM600,5906.344,-1,0.023000000000138243,BACKFILL_AUTO
2026-04-15 13:55:30,1776261330,BOOM600,5906.34,-1,0.0039999999999054126,BACKFILL_AUTO
2026-04-15 13:55:31,1776261331,BOOM600,5906.337,-1,0.0029999999997016857,BACKFILL_AUTO
2026-04-15 13:55:32,1776261332,BOOM600,5906.309,-1,0.028000000000247383,BACKFILL_AUTO
2026-04-15 13:55:33,1776261333,BOOM600,5906.298,-1,0.011000000000422006,BACKFILL_AUTO
2026-04-15 13:55:34,1776261334,BOOM600,5906.289,-1,0.009000000000014552,BACKFILL_AUTO
2026-04-15 13:55:35,1776261335,BOOM600,5906.278,-1,0.01099999999951251,BACKFILL_AUTO
2026-04-15 13:55:36,1776261336,BOOM600,5906.271,-1,0.007000000000516593,BACKFILL_AUTO
2026-04-15 13:55:37,1776261337,BOOM600,5906.26,-1,0.01099999999951251,BACKFILL_AUTO
2026-04-15 13:55:38,1776261338,BOOM600,5906.248,-1,0.012000000000625732,BACKFILL_AUTO
2026-04-15 13:55:39,1776261339,BOOM600,5906.244,-1,0.0039999999999054126,BACKFILL_AUTO
2026-04-15 13:55:40,1776261340,BOOM600,5906.237,-1,0.006999999999607098,BACKFILL_AUTO
2026-04-15 13:55:41,1776261341,BOOM600,5906.227,-1,0.010000000000218279,BACKFILL_AUTO
2026-04-15 13:55:42,1776261342,BOOM600,5906.224,-1,0.0029999999997016857,BACKFILL_AUTO
2026-04-15 13:55:43,1776261343,BOOM600,5906.22,-1,0.0039999999999054126,BACKFILL_AUTO
2026-04-15 13:55:44,1776261344,BOOM600,5906.218,-1,0.0020000000004074536,BACKFILL_AUTO
2026-04-15 13:55:45,1776261345,BOOM600,5906.202,-1,0.01599999999962165,BACKFILL_AUTO
2026-04-15 13:55:46,1776261346,BOOM600,5906.187,-1,0.015000000000327418,BACKFILL_AUTO
2026-04-15 13:55:47,1776261347,BOOM600,5906.183,-1,0.0039999999999054126,BACKFILL_AUTO
2026-04-15 13:55:48,1776261348,BOOM600,5906.18,-1,0.0029999999997016857,BACKFILL_AUTO
2026-04-15 13:55:49,1776261349,BOOM600,5906.175,-1,0.005000000000109139,BACKFILL_AUTO
2026-04-15 13:55:50,1776261350,BOOM600,5906.156,-1,0.01900000000023283,BACKFILL_AUTO
2026-04-15 13:55:51,1776261351,BOOM600,5906.146,-1,0.010000000000218279,BACKFILL_AUTO
2026-04-15 13:55:52,1776261352,BOOM600,5906.135,-1,0.01099999999951251,BACKFILL_AUTO
2026-04-15 13:55:53,1776261353,BOOM600,5906.133,-1,0.0020000000004074536,BACKFILL_AUTO
2026-04-15 13:55:54,1776261354,BOOM600,5906.122,-1,0.01099999999951251,BACKFILL_AUTO
2026-04-15 13:55:55,1776261355,BOOM600,5906.114,-1,0.00800000000072032,BACKFILL_AUTO
2026-04-15 13:55:56,1776261356,BOOM600,5906.111,-1,0.0029999999997016857,BACKFILL_AUTO
2026-04-15 13:55:57,1776261357,BOOM600,5906.109,-1,0.001999999999497959,BACKFILL_AUTO
2026-04-15 13:55:58,1776261358,BOOM600,5906.089,-1,0.020000000000436557,BACKFILL_AUTO
2026-04-15 13:55:59,1776261359,BOOM600,5906.077,-1,0.011999999999716238,BACKFILL_AUTO
2026-04-15 13:56:00,1776261360,BOOM600,5906.074,-1,0.0030000000006111804,BACKFILL_AUTO
2026-04-15 13:56:01,1776261361,BOOM600,5906.073,-1,0.0009999999992942321,BACKFILL_AUTO
2026-04-15 13:56:02,1776261362,BOOM600,5906.071,-1,0.0020000000004074536,BACKFILL_AUTO
2026-04-15 13:56:03,1776261363,BOOM600,5906.055,-1,0.01599999999962165,BACKFILL_AUTO
2026-04-15 13:56:04,1776261364,BOOM600,5906.045,-1,0.010000000000218279,BACKFILL_AUTO
2026-04-15 13:56:05,1776261365,BOOM600,5906.027,-1,0.018000000000029104,BACKFILL_AUTO
2026-04-15 13:56:06,1776261366,BOOM600,5906.019,-1,0.007999999999810825,BACKFILL_AUTO
2026-04-15 13:56:07,1776261367,BOOM600,5906.002,-1,0.016999999999825377,BACKFILL_AUTO
2026-04-15 13:56:08,1776261368,BOOM600,5905.991,-1,0.011000000000422006,BACKFILL_AUTO
2026-04-15 13:56:09,1776261369,BOOM600,5905.966,-1,0.024999999999636202,BACKFILL_AUTO
2026-04-15 13:56:10,1776261370,BOOM600,5905.947,-1,0.01900000000023283,BACKFILL_AUTO
2026-04-15 13:56:11,1776261371,BOOM600,5905.942,-1,0.005000000000109139,BACKFILL_AUTO
2026-04-15 13:56:12,1776261372,BOOM600,5905.929,-1,0.012999999999919964,BACKFILL_AUTO
2026-04-15 13:56:13,1776261373,BOOM600,5905.926,-1,0.0029999999997016857,BACKFILL_AUTO
2026-04-15 13:56:14,1776261374,BOOM600,5905.919,-1,0.007000000000516593,BACKFILL_AUTO
2026-04-15 13:56:15,1776261375,BOOM600,5905.913,-1,0.006000000000312866,BACKFILL_AUTO
2026-04-15 13:56:16,1776261376,BOOM600,5905.884,-1,0.028999999999541615,BACKFILL_AUTO
2026-04-15 13:56:17,1776261377,BOOM600,5905.873,-1,0.011000000000422006,BACKFILL_AUTO
2026-04-15 13:56:18,1776261378,BOOM600,5905.864,-1,0.009000000000014552,BACKFILL_AUTO
2026-04-15 13:56:19,1776261379,BOOM600,5905.851,-1,0.012999999999919964,BACKFILL_AUTO
2026-04-15 13:56:20,1776261380,BOOM600,5905.832,-1,0.018999999999323336,BACKFILL_AUTO
2026-04-15 13:56:21,1776261381,BOOM600,5905.828,-1,0.0039999999999054126,BACKFILL_AUTO
2026-04-15 13:56:22,1776261382,BOOM600,5905.818,-1,0.010000000000218279,BACKFILL_AUTO
2026-04-15 13:56:23,1776261383,BOOM600,5905.809,-1,0.009000000000014552,BACKFILL_AUTO
2026-04-15 13:56:24,1776261384,BOOM600,5905.794,-1,0.015000000000327418,BACKFILL_AUTO
2026-04-15 13:56:25,1776261385,BOOM600,5905.793,-1,0.0010000000002037268,BACKFILL_AUTO
2026-04-15 13:56:26,1776261386,BOOM600,5905.772,-1,0.02099999999973079,BACKFILL_AUTO
2026-04-15 13:56:27,1776261387,BOOM600,5905.759,-1,0.012999999999919964,BACKFILL_AUTO
2026-04-15 13:56:28,1776261388,BOOM600,5905.753,-1,0.006000000000312866,BACKFILL_AUTO
2026-04-15 13:56:29,1776261389,BOOM600,5905.748,-1,0.005000000000109139,BACKFILL_AUTO
2026-04-15 13:56:30,1776261390,BOOM600,5905.737,-1,0.01099999999951251,BACKFILL_AUTO
2026-04-15 13:56:31,1776261391,BOOM600,5905.718,-1,0.01900000000023283,BACKFILL_AUTO
2026-04-15 13:56:32,1776261392,BOOM600,5905.701,-1,0.016999999999825377,BACKFILL_AUTO
2026-04-15 13:56:33,1776261393,BOOM600,5905.699,-1,0.0020000000004074536,BACKFILL_AUTO
2026-04-15 13:56:34,1776261394,BOOM600,5905.697,-1,0.001999999999497959,BACKFILL_AUTO
2026-04-15 13:56:35,1776261395,BOOM600,5905.686,-1,0.011000000000422006,BACKFILL_AUTO
2026-04-15 13:56:36,1776261396,BOOM600,5905.679,-1,0.006999999999607098,BACKFILL_AUTO
2026-04-15 13:56:37,1776261397,BOOM600,5905.677,-1,0.0020000000004074536,BACKFILL_AUTO
2026-04-15 13:56:38,1776261398,BOOM600,5905.664,-1,0.012999999999919964,BACKFILL_AUTO
2026-04-15 13:56:39,1776261399,BOOM600,5905.659,-1,0.005000000000109139,BACKFILL_AUTO
2026-04-15 13:56:40,1776261400,BOOM600,5905.658,-1,0.0009999999992942321,BACKFILL_AUTO
2026-04-15 13:56:41,1776261401,BOOM600,5905.651,-1,0.007000000000516593,BACKFILL_AUTO
2026-04-15 13:56:42,1776261402,BOOM600,5905.65,-1,0.0010000000002037268,BACKFILL_AUTO
2026-04-15 13:56:43,1776261403,BOOM600,5905.634,-1,0.01599999999962165,BACKFILL_AUTO
2026-04-15 13:56:44,1776261404,BOOM600,5905.618,-1,0.01599999999962165,BACKFILL_AUTO
2026-04-15 13:56:45,1776261405,BOOM600,5905.615,-1,0.0030000000006111804,BACKFILL_AUTO
2026-04-15 13:56:46,1776261406,BOOM600,5905.598,-1,0.016999999999825377,BACKFILL_AUTO
2026-04-15 13:56:47,1776261407,BOOM600,5905.586,-1,0.011999999999716238,BACKFILL_AUTO
2026-04-15 13:56:48,1776261408,BOOM600,5905.58,-1,0.006000000000312866,BACKFILL_AUTO
2026-04-15 13:56:49,1776261409,BOOM600,5905.579,-1,0.0010000000002037268,BACKFILL_AUTO
2026-04-15 13:56:50,1776261410,BOOM600,5905.575,-1,0.0039999999999054126,BACKFILL_AUTO
2026-04-15 13:56:51,1776261411,BOOM600,5905.567,-1,0.007999999999810825,BACKFILL_AUTO
2026-04-15 13:56:52,1776261412,BOOM600,5905.544,-1,0.023000000000138243,BACKFILL_AUTO
2026-04-15 13:56:53,1776261413,BOOM600,5905.524,-1,0.019999999999527063,BACKFILL_AUTO
2026-04-15 13:56:54,1776261414,BOOM600,5905.512,-1,0.012000000000625732,BACKFILL_AUTO
2026-04-15 13:56:55,1776261415,BOOM600,5905.497,-1,0.014999999999417923,BACKFILL_AUTO
2026-04-15 13:56:56,1776261416,BOOM600,5905.479,-1,0.018000000000029104,BACKFILL_AUTO
2026-04-15 13:56:57,1776261417,BOOM600,5905.476,-1,0.0030000000006111804,BACKFILL_AUTO
2026-04-15 13:56:58,1776261418,BOOM600,5905.474,-1,0.001999999999497959,BACKFILL_AUTO
2026-04-15 13:56:59,1776261419,BOOM600,5905.474,0,0.0,BACKFILL_AUTO
2026-04-15 13:57:00,1776261420,BOOM600,5905.459,-1,0.015000000000327418,BACKFILL_AUTO
2026-04-15 13:57:01,1776261421,BOOM600,5905.441,-1,0.018000000000029104,BACKFILL_AUTO
2026-04-15 13:57:02,1776261422,BOOM600,5905.429,-1,0.011999999999716238,BACKFILL_AUTO
2026-04-15 13:57:03,1776261423,BOOM600,5905.422,-1,0.007000000000516593,BACKFILL_AUTO
2026-04-15 13:57:04,1776261424,BOOM600,5905.42,-1,0.001999999999497959,BACKFILL_AUTO
2026-04-15 13:57:05,1776261425,BOOM600,5905.396,-1,0.02400000000034197,BACKFILL_AUTO
2026-04-15 13:57:06,1776261426,BOOM600,5905.388,-1,0.007999999999810825,BACKFILL_AUTO
2026-04-15 13:57:07,1776261427,BOOM600,5905.37,-1,0.018000000000029104,BACKFILL_AUTO
2026-04-15 13:57:08,1776261428,BOOM600,5905.357,-1,0.012999999999919964,BACKFILL_AUTO
2026-04-15 13:57:09,1776261429,BOOM600,5905.347,-1,0.010000000000218279,BACKFILL_AUTO
2026-04-15 13:57:10,1776261430,BOOM600,5905.339,-1,0.007999999999810825,BACKFILL_AUTO
2026-04-15 13:57:11,1776261431,BOOM600,5905.336,-1,0.0029999999997016857,BACKFILL_AUTO
2026-04-15 13:57:12,1776261432,BOOM600,5905.313,-1,0.023000000000138243,BACKFILL_AUTO
2026-04-15 13:57:13,1776261433,BOOM600,5905.312,-1,0.0010000000002037268,BACKFILL_AUTO
2026-04-15 13:57:14,1776261434,BOOM600,5905.3,-1,0.011999999999716238,BACKFILL_AUTO
2026-04-15 13:57:15,1776261435,BOOM600,5905.287,-1,0.012999999999919964,BACKFILL_AUTO
2026-04-15 13:57:16,1776261436,BOOM600,5905.283,-1,0.0039999999999054126,BACKFILL_AUTO
2026-04-15 13:57:17,1776261437,BOOM600,5905.258,-1,0.025000000000545697,BACKFILL_AUTO
2026-04-15 13:57:18,1776261438,BOOM600,5905.25,-1,0.007999999999810825,BACKFILL_AUTO
2026-04-15 13:57:19,1776261439,BOOM600,5905.229,-1,0.02099999999973079,BACKFILL_AUTO
2026-04-15 13:57:20,1776261440,BOOM600,5905.223,-1,0.006000000000312866,BACKFILL_AUTO
2026-04-15 13:57:21,1776261441,BOOM600,5905.209,-1,0.014000000000123691,BACKFILL_AUTO
2026-04-15 13:57:22,1776261442,BOOM600,5905.204,-1,0.005000000000109139,BACKFILL_AUTO
2026-04-15 13:57:23,1776261443,BOOM600,5905.203,-1,0.0009999999992942321,BACKFILL_AUTO
2026-04-15 13:57:24,1776261444,BOOM600,5905.193,-1,0.010000000000218279,BACKFILL_AUTO
2026-04-15 13:57:25,1776261445,BOOM600,5905.184,-1,0.009000000000014552,BACKFILL_AUTO
2026-04-15 13:57:26,1776261446,BOOM600,5905.167,-1,0.016999999999825377,BACKFILL_AUTO
2026-04-15 13:57:27,1776261447,BOOM600,5905.158,-1,0.009000000000014552,BACKFILL_AUTO
2026-04-15 13:57:28,1776261448,BOOM600,5905.156,-1,0.0020000000004074536,BACKFILL_AUTO
2026-04-15 13:57:29,1776261449,BOOM600,5905.135,-1,0.02099999999973079,BACKFILL_AUTO
2026-04-15 13:57:30,1776261450,BOOM600,5905.133,-1,0.0020000000004074536,BACKFILL_AUTO
2026-04-15 13:57:31,1776261451,BOOM600,5905.128,-1,0.005000000000109139,BACKFILL_AUTO
2026-04-15 13:57:32,1776261452,BOOM600,5905.117,-1,0.01099999999951251,BACKFILL_AUTO
2026-04-15 13:57:33,1776261453,BOOM600,5905.108,-1,0.009000000000014552,BACKFILL_AUTO
2026-04-15 13:57:34,1776261454,BOOM600,5905.106,-1,0.0020000000004074536,BACKFILL_AUTO
2026-04-15 13:57:35,1776261455,BOOM600,5905.096,-1,0.010000000000218279,BACKFILL_AUTO
2026-04-15 13:57:36,1776261456,BOOM600,5905.088,-1,0.007999999999810825,BACKFILL_AUTO
2026-04-15 13:57:37,1776261457,BOOM600,5905.075,-1,0.012999999999919964,BACKFILL_AUTO
2026-04-15 13:57:38,1776261458,BOOM600,5905.061,-1,0.014000000000123691,BACKFILL_AUTO
2026-04-15 13:57:39,1776261459,BOOM600,5905.057,-1,0.0039999999999054126,BACKFILL_AUTO
2026-04-15 13:57:40,1776261460,BOOM600,5905.036,-1,0.02099999999973079,BACKFILL_AUTO
2026-04-15 13:57:41,1776261461,BOOM600,5905.015,-1,0.02099999999973079,BACKFILL_AUTO
2026-04-15 13:57:42,1776261462,BOOM600,5905.007,-1,0.00800000000072032,BACKFILL_AUTO
2026-04-15 13:57:43,1776261463,BOOM600,5904.991,-1,0.01599999999962165,BACKFILL_AUTO
2026-04-15 13:57:44,1776261464,BOOM600,5904.991,0,0.0,BACKFILL_AUTO
2026-04-15 13:57:45,1776261465,BOOM600,5904.979,-1,0.011999999999716238,BACKFILL_AUTO
2026-04-15 13:57:46,1776261466,BOOM600,5904.957,-1,0.021999999999934516,BACKFILL_AUTO
2026-04-15 13:57:47,1776261467,BOOM600,5904.948,-1,0.009000000000014552,BACKFILL_AUTO
2026-04-15 13:57:48,1776261468,BOOM600,5904.937,-1,0.011000000000422006,BACKFILL_AUTO
2026-04-15 13:57:49,1776261469,BOOM600,5904.93,-1,0.006999999999607098,BACKFILL_AUTO
2026-04-15 13:57:50,1776261470,BOOM600,5904.929,-1,0.0010000000002037268,BACKFILL_AUTO
2026-04-15 13:57:51,1776261471,BOOM600,5904.913,-1,0.016000000000531145,BACKFILL_AUTO
2026-04-15 13:57:52,1776261472,BOOM600,5904.911,-1,0.001999999999497959,BACKFILL_AUTO
2026-04-15 13:57:53,1776261473,BOOM600,5904.894,-1,0.016999999999825377,BACKFILL_AUTO
2026-04-15 13:57:54,1776261474,BOOM600,5904.881,-1,0.012999999999919964,BACKFILL_AUTO
2026-04-15 13:57:55,1776261475,BOOM600,5904.873,-1,0.00800000000072032,BACKFILL_AUTO
2026-04-15 13:57:56,1776261476,BOOM600,5904.863,-1,0.009999999999308784,BACKFILL_AUTO
2026-04-15 13:57:57,1776261477,BOOM600,5904.842,-1,0.021000000000640284,BACKFILL_AUTO
2026-04-15 13:57:58,1776261478,BOOM600,5904.831,-1,0.01099999999951251,BACKFILL_AUTO
2026-04-15 13:57:59,1776261479,BOOM600,5904.823,-1,0.007999999999810825,BACKFILL_AUTO
2026-04-15 13:58:00,1776261480,BOOM600,5904.811,-1,0.012000000000625732,BACKFILL_AUTO
2026-04-15 13:58:01,1776261481,BOOM600,5904.804,-1,0.006999999999607098,BACKFILL_AUTO
2026-04-15 13:58:02,1776261482,BOOM600,5904.79,-1,0.014000000000123691,BACKFILL_AUTO
2026-04-15 13:58:03,1776261483,BOOM600,5904.783,-1,0.006999999999607098,BACKFILL_AUTO
2026-04-15 13:58:04,1776261484,BOOM600,5904.77,-1,0.012999999999919964,BACKFILL_AUTO
2026-04-15 13:58:05,1776261485,BOOM600,5904.76,-1,0.010000000000218279,BACKFILL_AUTO
2026-04-15 13:58:06,1776261486,BOOM600,5904.758,-1,0.0020000000004074536,BACKFILL_AUTO
2026-04-15 13:58:07,1776261487,BOOM600,5904.756,-1,0.001999999999497959,BACKFILL_AUTO
2026-04-15 13:58:08,1776261488,BOOM600,5904.751,-1,0.005000000000109139,BACKFILL_AUTO
2026-04-15 13:58:09,1776261489,BOOM600,5904.739,-1,0.012000000000625732,BACKFILL_AUTO
2026-04-15 13:58:10,1776261490,BOOM600,5904.735,-1,0.0039999999999054126,BACKFILL_AUTO
2026-04-15 13:58:11,1776261491,BOOM600,5904.729,-1,0.0059999999994033715,BACKFILL_AUTO
2026-04-15 13:58:12,1776261492,BOOM600,5904.712,-1,0.016999999999825377,BACKFILL_AUTO
2026-04-15 13:58:13,1776261493,BOOM600,5904.704,-1,0.00800000000072032,BACKFILL_AUTO
2026-04-15 13:58:14,1776261494,BOOM600,5904.687,-1,0.016999999999825377,BACKFILL_AUTO
2026-04-15 13:58:15,1776261495,BOOM600,5904.669,-1,0.018000000000029104,BACKFILL_AUTO
2026-04-15 13:58:16,1776261496,BOOM600,5904.648,-1,0.02099999999973079,BACKFILL_AUTO
2026-04-15 13:58:17,1776261497,BOOM600,5904.643,-1,0.005000000000109139,BACKFILL_AUTO
2026-04-15 13:58:18,1776261498,BOOM600,5904.625,-1,0.018000000000029104,BACKFILL_AUTO
2026-04-15 13:58:19,1776261499,BOOM600,5904.605,-1,0.020000000000436557,BACKFILL_AUTO
2026-04-15 13:58:20,1776261500,BOOM600,5904.586,-1,0.018999999999323336,BACKFILL_AUTO
2026-04-15 13:58:21,1776261501,BOOM600,5904.582,-1,0.0039999999999054126,BACKFILL_AUTO
2026-04-15 13:58:22,1776261502,BOOM600,5904.578,-1,0.0039999999999054126,BACKFILL_AUTO
2026-04-15 13:58:23,1776261503,BOOM600,5904.556,-1,0.02200000000084401,BACKFILL_AUTO
2026-04-15 13:58:24,1776261504,BOOM600,5904.553,-1,0.0029999999997016857,BACKFILL_AUTO
2026-04-15 13:58:25,1776261505,BOOM600,5904.539,-1,0.014000000000123691,BACKFILL_AUTO
2026-04-15 13:58:26,1776261506,BOOM600,5904.526,-1,0.012999999999919964,BACKFILL_AUTO
2026-04-15 13:58:27,1776261507,BOOM600,5904.524,-1,0.001999999999497959,BACKFILL_AUTO
2026-04-15 13:58:28,1776261508,BOOM600,5904.505,-1,0.01900000000023283,BACKFILL_AUTO
2026-04-15 13:58:29,1776261509,BOOM600,5904.499,-1,0.006000000000312866,BACKFILL_AUTO
2026-04-15 13:58:30,1776261510,BOOM600,5904.491,-1,0.007999999999810825,BACKFILL_AUTO
2026-04-15 13:58:31,1776261511,BOOM600,5904.478,-1,0.012999999999919964,BACKFILL_AUTO
2026-04-15 13:58:32,1776261512,BOOM600,5904.473,-1,0.005000000000109139,BACKFILL_AUTO
2026-04-15 13:58:33,1776261513,BOOM600,5904.46,-1,0.012999999999919964,BACKFILL_AUTO
2026-04-15 13:58:34,1776261514,BOOM600,5904.451,-1,0.009000000000014552,BACKFILL_AUTO
2026-04-15 13:58:35,1776261515,BOOM600,5904.448,-1,0.0029999999997016857,BACKFILL_AUTO
2026-04-15 13:58:36,1776261516,BOOM600,5904.44,-1,0.00800000000072032,BACKFILL_AUTO
2026-04-15 13:58:37,1776261517,BOOM600,5904.431,-1,0.009000000000014552,BACKFILL_AUTO
2026-04-15 13:58:38,1776261518,BOOM600,5904.408,-1,0.02299999999922875,BACKFILL_AUTO
2026-04-15 13:58:39,1776261519,BOOM600,5904.396,-1,0.012000000000625732,BACKFILL_AUTO
2026-04-15 13:58:40,1776261520,BOOM600,5904.395,-1,0.0009999999992942321,BACKFILL_AUTO
2026-04-15 13:58:41,1776261521,BOOM600,5904.384,-1,0.011000000000422006,BACKFILL_AUTO
2026-04-15 13:58:42,1776261522,BOOM600,5904.382,-1,0.0020000000004074536,BACKFILL_AUTO
2026-04-15 13:58:43,1776261523,BOOM600,5904.358,-1,0.023999999999432475,BACKFILL_AUTO
2026-04-15 13:58:44,1776261524,BOOM600,5904.346,-1,0.012000000000625732,BACKFILL_AUTO
2026-04-15 13:58:45,1776261525,BOOM600,5904.338,-1,0.007999999999810825,BACKFILL_AUTO
2026-04-15 13:58:46,1776261526,BOOM600,5904.332,-1,0.0059999999994033715,BACKFILL_AUTO
2026-04-15 13:58:47,1776261527,BOOM600,5904.315,-1,0.01700000000073487,BACKFILL_AUTO
2026-04-15 13:58:48,1776261528,BOOM600,5904.311,-1,0.0039999999999054126,BACKFILL_AUTO
2026-04-15 13:58:49,1776261529,BOOM600,5904.297,-1,0.014000000000123691,BACKFILL_AUTO
2026-04-15 13:58:50,1776261530,BOOM600,5904.291,-1,0.0059999999994033715,BACKFILL_AUTO
2026-04-15 13:58:51,1776261531,BOOM600,5904.277,-1,0.014000000000123691,BACKFILL_AUTO
2026-04-15 13:58:52,1776261532,BOOM600,5904.267,-1,0.010000000000218279,BACKFILL_AUTO
2026-04-15 13:58:53,1776261533,BOOM600,5904.259,-1,0.007999999999810825,BACKFILL_AUTO
2026-04-15 13:58:54,1776261534,BOOM600,5904.253,-1,0.006000000000312866,BACKFILL_AUTO
2026-04-15 13:58:55,1776261535,BOOM600,5904.25,-1,0.0029999999997016857,BACKFILL_AUTO
2026-04-15 13:58:56,1776261536,BOOM600,5904.249,-1,0.0010000000002037268,BACKFILL_AUTO
2026-04-15 13:58:57,1776261537,BOOM600,5904.238,-1,0.01099999999951251,BACKFILL_AUTO
2026-04-15 13:58:58,1776261538,BOOM600,5904.232,-1,0.006000000000312866,BACKFILL_AUTO
2026-04-15 13:58:59,1776261539,BOOM600,5904.228,-1,0.0039999999999054126,BACKFILL_AUTO
2026-04-15 13:59:00,1776261540,BOOM600,5904.213,-1,0.015000000000327418,BACKFILL_AUTO
2026-04-15 13:59:01,1776261541,BOOM600,5904.195,-1,0.018000000000029104,BACKFILL_AUTO
2026-04-15 13:59:02,1776261542,BOOM600,5904.191,-1,0.0039999999999054126,BACKFILL_AUTO
2026-04-15 13:59:03,1776261543,BOOM600,5904.184,-1,0.006999999999607098,BACKFILL_AUTO
2026-04-15 13:59:04,1776261544,BOOM600,5904.166,-1,0.018000000000029104,BACKFILL_AUTO
2026-04-15 13:59:05,1776261545,BOOM600,5904.157,-1,0.009000000000014552,BACKFILL_AUTO
2026-04-15 13:59:06,1776261546,BOOM600,5904.154,-1,0.0029999999997016857,BACKFILL_AUTO
2026-04-15 13:59:07,1776261547,BOOM600,5904.147,-1,0.007000000000516593,BACKFILL_AUTO
2026-04-15 13:59:08,1776261548,BOOM600,5904.14,-1,0.006999999999607098,BACKFILL_AUTO
2026-04-15 13:59:09,1776261549,BOOM600,5904.132,-1,0.00800000000072032,BACKFILL_AUTO
2026-04-15 13:59:10,1776261550,BOOM600,5904.123,-1,0.009000000000014552,BACKFILL_AUTO
2026-04-15 13:59:11,1776261551,BOOM600,5904.115,-1,0.007999999999810825,BACKFILL_AUTO
2026-04-15 13:59:12,1776261552,BOOM600,5904.098,-1,0.016999999999825377,BACKFILL_AUTO
2026-04-15 13:59:13,1776261553,BOOM600,5904.097,-1,0.0010000000002037268,BACKFILL_AUTO
2026-04-15 13:59:14,1776261554,BOOM600,5904.086,-1,0.01099999999951251,BACKFILL_AUTO
2026-04-15 13:59:15,1776261555,BOOM600,5904.065,-1,0.021000000000640284,BACKFILL_AUTO
2026-04-15 13:59:16,1776261556,BOOM600,5904.051,-1,0.013999999999214197,BACKFILL_AUTO
2026-04-15 13:59:17,1776261557,BOOM600,5904.05,-1,0.0010000000002037268,BACKFILL_AUTO
2026-04-15 13:59:18,1776261558,BOOM600,5904.037,-1,0.012999999999919964,BACKFILL_AUTO
2026-04-15 13:59:19,1776261559,BOOM600,5904.031,-1,0.006000000000312866,BACKFILL_AUTO
2026-04-15 13:59:20,1776261560,BOOM600,5904.028,-1,0.0029999999997016857,BACKFILL_AUTO
2026-04-15 13:59:21,1776261561,BOOM600,5904.021,-1,0.007000000000516593,BACKFILL_AUTO
2026-04-15 13:59:22,1776261562,BOOM600,5904.017,-1,0.0039999999999054126,BACKFILL_AUTO
2026-04-15 13:59:23,1776261563,BOOM600,5904.017,0,0.0,BACKFILL_AUTO
2026-04-15 13:59:24,1776261564,BOOM600,5904.007,-1,0.010000000000218279,BACKFILL_AUTO
2026-04-15 13:59:25,1776261565,BOOM600,5903.996,-1,0.01099999999951251,BACKFILL_AUTO
2026-04-15 13:59:26,1776261566,BOOM600,5903.981,-1,0.015000000000327418,BACKFILL_AUTO
2026-04-15 13:59:27,1776261567,BOOM600,5903.976,-1,0.005000000000109139,BACKFILL_AUTO
2026-04-15 13:59:28,1776261568,BOOM600,5903.955,-1,0.02099999999973079,BACKFILL_AUTO
2026-04-15 13:59:29,1776261569,BOOM600,5903.947,-1,0.007999999999810825,BACKFILL_AUTO
2026-04-15 13:59:30,1776261570,BOOM600,5903.935,-1,0.011999999999716238,BACKFILL_AUTO
2026-04-15 13:59:31,1776261571,BOOM600,5903.91,-1,0.025000000000545697,BACKFILL_AUTO
2026-04-15 13:59:32,1776261572,BOOM600,5903.9,-1,0.010000000000218279,BACKFILL_AUTO
2026-04-15 13:59:33,1776261573,BOOM600,5903.899,-1,0.0009999999992942321,BACKFILL_AUTO
2026-04-15 13:59:34,1776261574,BOOM600,5903.891,-1,0.00800000000072032,BACKFILL_AUTO
2026-04-15 13:59:35,1776261575,BOOM600,5903.888,-1,0.0029999999997016857,BACKFILL_AUTO
2026-04-15 13:59:36,1776261576,BOOM600,5903.883,-1,0.005000000000109139,BACKFILL_AUTO
2026-04-15 13:59:37,1776261577,BOOM600,5903.874,-1,0.009000000000014552,BACKFILL_AUTO
2026-04-15 13:59:38,1776261578,BOOM600,5903.859,-1,0.014999999999417923,BACKFILL_AUTO
2026-04-15 13:59:39,1776261579,BOOM600,5903.858,-1,0.0010000000002037268,BACKFILL_AUTO
2026-04-15 13:59:40,1776261580,BOOM600,5903.852,-1,0.006000000000312866,BACKFILL_AUTO
2026-04-15 13:59:41,1776261581,BOOM600,5903.833,-1,0.01900000000023283,BACKFILL_AUTO
2026-04-15 13:59:42,1776261582,BOOM600,5903.82,-1,0.012999999999919964,BACKFILL_AUTO
2026-04-15 13:59:43,1776261583,BOOM600,5903.813,-1,0.006999999999607098,BACKFILL_AUTO
2026-04-15 13:59:44,1776261584,BOOM600,5903.798,-1,0.015000000000327418,BACKFILL_AUTO
2026-04-15 13:59:45,1776261585,BOOM600,5903.794,-1,0.0039999999999054126,BACKFILL_AUTO
2026-04-15 13:59:46,1776261586,BOOM600,5903.79,-1,0.0039999999999054126,BACKFILL_AUTO
2026-04-15 13:59:47,1776261587,BOOM600,5903.773,-1,0.016999999999825377,BACKFILL_AUTO
2026-04-15 13:59:48,1776261588,BOOM600,5903.757,-1,0.016000000000531145,BACKFILL_AUTO
2026-04-15 13:59:49,1776261589,BOOM600,5903.751,-1,0.0059999999994033715,BACKFILL_AUTO
2026-04-15 13:59:50,1776261590,BOOM600,5903.741,-1,0.010000000000218279,BACKFILL_AUTO
2026-04-15 13:59:51,1776261591,BOOM600,5903.738,-1,0.0029999999997016857,BACKFILL_AUTO
2026-04-15 13:59:52,1776261592,BOOM600,5903.735,-1,0.0030000000006111804,BACKFILL_AUTO
2026-04-15 13:59:53,1776261593,BOOM600,5903.718,-1,0.016999999999825377,BACKFILL_AUTO
2026-04-15 13:59:54,1776261594,BOOM600,5903.709,-1,0.009000000000014552,BACKFILL_AUTO
2026-04-15 13:59:55,1776261595,BOOM600,5903.705,-1,0.0039999999999054126,BACKFILL_AUTO
2026-04-15 13:59:56,1776261596,BOOM600,5903.697,-1,0.007999999999810825,BACKFILL_AUTO
2026-04-15 13:59:57,1776261597,BOOM600,5903.689,-1,0.007999999999810825,BACKFILL_AUTO
2026-04-15 13:59:58,1776261598,BOOM600,5903.685,-1,0.0039999999999054126,BACKFILL_AUTO
2026-04-15 13:59:59,1776261599,BOOM600,5903.685,0,0.0,BACKFILL_AUTO
2026-04-15 14:00:00,1776261600,BOOM600,5903.657,-1,0.028000000000247383,BACKFILL_AUTO
2026-04-15 14:00:01,1776261601,BOOM600,5903.654,-1,0.0029999999997016857,BACKFILL_AUTO
2026-04-15 14:00:02,1776261602,BOOM600,5903.64,-1,0.014000000000123691,BACKFILL_AUTO
2026-04-15 14:00:03,1776261603,BOOM600,5903.621,-1,0.01900000000023283,BACKFILL_AUTO
2026-04-15 14:00:04,1776261604,BOOM600,5903.608,-1,0.012999999999919964,BACKFILL_AUTO
2026-04-15 14:00:05,1776261605,BOOM600,5903.581,-1,0.027000000000043656,BACKFILL_AUTO
2026-04-15 14:00:06,1776261606,BOOM600,5903.574,-1,0.007000000000516593,BACKFILL_AUTO
2026-04-15 14:00:07,1776261607,BOOM600,5903.568,-1,0.0059999999994033715,BACKFILL_AUTO
2026-04-15 14:00:08,1776261608,BOOM600,5903.556,-1,0.012000000000625732,BACKFILL_AUTO
2026-04-15 14:00:09,1776261609,BOOM600,5903.541,-1,0.014999999999417923,BACKFILL_AUTO
2026-04-15 14:00:10,1776261610,BOOM600,5903.518,-1,0.023000000000138243,BACKFILL_AUTO
2026-04-15 14:00:11,1776261611,BOOM600,5903.508,-1,0.010000000000218279,BACKFILL_AUTO
2026-04-15 14:00:12,1776261612,BOOM600,5903.494,-1,0.014000000000123691,BACKFILL_AUTO
2026-04-15 14:00:13,1776261613,BOOM600,5903.494,0,0.0,BACKFILL_AUTO
2026-04-15 14:00:14,1776261614,BOOM600,5903.49,-1,0.0039999999999054126,BACKFILL_AUTO
2026-04-15 14:00:15,1776261615,BOOM600,5903.483,-1,0.006999999999607098,BACKFILL_AUTO
2026-04-15 14:00:16,1776261616,BOOM600,5903.479,-1,0.0039999999999054126,BACKFILL_AUTO
2026-04-15 14:00:17,1776261617,BOOM600,5903.466,-1,0.012999999999919964,BACKFILL_AUTO
2026-04-15 14:00:18,1776261618,BOOM600,5903.454,-1,0.012000000000625732,BACKFILL_AUTO
2026-04-15 14:00:19,1776261619,BOOM600,5903.45,-1,0.0039999999999054126,BACKFILL_AUTO
2026-04-15 14:00:20,1776261620,BOOM600,5903.446,-1,0.0039999999999054126,BACKFILL_AUTO
2026-04-15 14:00:21,1776261621,BOOM600,5903.441,-1,0.005000000000109139,BACKFILL_AUTO
2026-04-15 14:00:22,1776261622,BOOM600,5903.428,-1,0.012999999999919964,BACKFILL_AUTO
2026-04-15 14:00:23,1776261623,BOOM600,5903.402,-1,0.02599999999983993,BACKFILL_AUTO
2026-04-15 14:00:24,1776261624,BOOM600,5903.393,-1,0.009000000000014552,BACKFILL_AUTO
2026-04-15 14:00:25,1776261625,BOOM600,5903.385,-1,0.007999999999810825,BACKFILL_AUTO
2026-04-15 14:00:26,1776261626,BOOM600,5903.379,-1,0.006000000000312866,BACKFILL_AUTO
2026-04-15 14:00:27,1776261627,BOOM600,5903.373,-1,0.006000000000312866,BACKFILL_AUTO
2026-04-15 14:00:28,1776261628,BOOM600,5903.37,-1,0.0029999999997016857,BACKFILL_AUTO
2026-04-15 14:00:29,1776261629,BOOM600,5903.34,-1,0.02999999999974534,BACKFILL_AUTO
2026-04-15 14:00:30,1776261630,BOOM600,5903.335,-1,0.005000000000109139,BACKFILL_AUTO
2026-04-15 14:00:31,1776261631,BOOM600,5903.319,-1,0.01599999999962165,BACKFILL_AUTO
2026-04-15 14:00:32,1776261632,BOOM600,5903.308,-1,0.011000000000422006,BACKFILL_AUTO
2026-04-15 14:00:33,1776261633,BOOM600,5903.305,-1,0.0029999999997016857,BACKFILL_AUTO
2026-04-15 14:00:34,1776261634,BOOM600,5903.297,-1,0.00800000000072032,BACKFILL_AUTO
2026-04-15 14:00:35,1776261635,BOOM600,5903.281,-1,0.01599999999962165,BACKFILL_AUTO
2026-04-15 14:00:36,1776261636,BOOM600,5903.276,-1,0.005000000000109139,BACKFILL_AUTO
2026-04-15 14:00:37,1776261637,BOOM600,5903.265,-1,0.01099999999951251,BACKFILL_AUTO
2026-04-15 14:00:38,1776261638,BOOM600,5903.253,-1,0.012000000000625732,BACKFILL_AUTO
2026-04-15 14:00:39,1776261639,BOOM600,5903.253,0,0.0,BACKFILL_AUTO
2026-04-15 14:00:40,1776261640,BOOM600,5903.237,-1,0.01599999999962165,BACKFILL_AUTO
2026-04-15 14:00:41,1776261641,BOOM600,5903.214,-1,0.023000000000138243,BACKFILL_AUTO
2026-04-15 14:00:42,1776261642,BOOM600,5903.214,0,0.0,BACKFILL_AUTO
2026-04-15 14:00:43,1776261643,BOOM600,5903.211,-1,0.0029999999997016857,BACKFILL_AUTO
2026-04-15 14:00:44,1776261644,BOOM600,5903.201,-1,0.010000000000218279,BACKFILL_AUTO
2026-04-15 14:00:45,1776261645,BOOM600,5903.196,-1,0.005000000000109139,BACKFILL_AUTO
2026-04-15 14:00:46,1776261646,BOOM600,5903.187,-1,0.009000000000014552,BACKFILL_AUTO
2026-04-15 14:00:47,1776261647,BOOM600,5903.171,-1,0.01599999999962165,BACKFILL_AUTO
2026-04-15 14:00:48,1776261648,BOOM600,5903.167,-1,0.0039999999999054126,BACKFILL_AUTO
2026-04-15 14:00:49,1776261649,BOOM600,5903.158,-1,0.009000000000014552,BACKFILL_AUTO
2026-04-15 14:00:50,1776261650,BOOM600,5903.149,-1,0.009000000000014552,BACKFILL_AUTO
2026-04-15 14:00:51,1776261651,BOOM600,5903.148,-1,0.0010000000002037268,BACKFILL_AUTO
2026-04-15 14:00:52,1776261652,BOOM600,5903.144,-1,0.0039999999999054126,BACKFILL_AUTO
2026-04-15 14:00:53,1776261653,BOOM600,5903.136,-1,0.007999999999810825,BACKFILL_AUTO
2026-04-15 14:00:54,1776261654,BOOM600,5903.126,-1,0.010000000000218279,BACKFILL_AUTO
2026-04-15 14:00:55,1776261655,BOOM600,5903.123,-1,0.0030000000006111804,BACKFILL_AUTO
2026-04-15 14:00:56,1776261656,BOOM600,5903.122,-1,0.0009999999992942321,BACKFILL_AUTO
2026-04-15 14:00:57,1776261657,BOOM600,5903.117,-1,0.005000000000109139,BACKFILL_AUTO
2026-04-15 14:00:58,1776261658,BOOM600,5903.109,-1,0.007999999999810825,BACKFILL_AUTO
2026-04-15 14:00:59,1776261659,BOOM600,5903.089,-1,0.020000000000436557,BACKFILL_AUTO
2026-04-15 14:01:00,1776261660,BOOM600,5903.075,-1,0.014000000000123691,BACKFILL_AUTO
2026-04-15 14:01:01,1776261661,BOOM600,5903.053,-1,0.021999999999934516,BACKFILL_AUTO
2026-04-15 14:01:02,1776261662,BOOM600,5903.039,-1,0.014000000000123691,BACKFILL_AUTO
2026-04-15 14:01:03,1776261663,BOOM600,5903.032,-1,0.006999999999607098,BACKFILL_AUTO
2026-04-15 14:01:04,1776261664,BOOM600,5903.031,-1,0.0010000000002037268,BACKFILL_AUTO
2026-04-15 14:01:05,1776261665,BOOM600,5903.023,-1,0.007999999999810825,BACKFILL_AUTO
2026-04-15 14:01:06,1776261666,BOOM600,5903.003,-1,0.020000000000436557,BACKFILL_AUTO
2026-04-15 14:01:07,1776261667,BOOM600,5903.003,0,0.0,BACKFILL_AUTO
2026-04-15 14:01:08,1776261668,BOOM600,5902.995,-1,0.007999999999810825,BACKFILL_AUTO
2026-04-15 14:01:09,1776261669,BOOM600,5902.993,-1,0.001999999999497959,BACKFILL_AUTO
2026-04-15 14:01:10,1776261670,BOOM600,5902.988,-1,0.005000000000109139,BACKFILL_AUTO
2026-04-15 14:01:11,1776261671,BOOM600,5902.972,-1,0.016000000000531145,BACKFILL_AUTO
2026-04-15 14:01:12,1776261672,BOOM600,5902.96,-1,0.011999999999716238,BACKFILL_AUTO
2026-04-15 14:01:13,1776261673,BOOM600,5902.959,-1,0.0010000000002037268,BACKFILL_AUTO
2026-04-15 14:01:14,1776261674,BOOM600,5902.951,-1,0.007999999999810825,BACKFILL_AUTO
2026-04-15 14:01:15,1776261675,BOOM600,5902.948,-1,0.0029999999997016857,BACKFILL_AUTO
2026-04-15 14:01:16,1776261676,BOOM600,5902.932,-1,0.016000000000531145,BACKFILL_AUTO
2026-04-15 14:01:17,1776261677,BOOM600,5902.93,-1,0.001999999999497959,BACKFILL_AUTO
2026-04-15 14:01:18,1776261678,BOOM600,5902.91,-1,0.020000000000436557,BACKFILL_AUTO
2026-04-15 14:01:19,1776261679,BOOM600,5902.901,-1,0.009000000000014552,BACKFILL_AUTO
2026-04-15 14:01:20,1776261680,BOOM600,5902.882,-1,0.01900000000023283,BACKFILL_AUTO
2026-04-15 14:01:21,1776261681,BOOM600,5902.879,-1,0.0029999999997016857,BACKFILL_AUTO
2026-04-15 14:01:22,1776261682,BOOM600,5902.856,-1,0.023000000000138243,BACKFILL_AUTO
2026-04-15 14:01:23,1776261683,BOOM600,5902.847,-1,0.009000000000014552,BACKFILL_AUTO
2026-04-15 14:01:24,1776261684,BOOM600,5902.836,-1,0.01099999999951251,BACKFILL_AUTO
2026-04-15 14:01:25,1776261685,BOOM600,5902.836,0,0.0,BACKFILL_AUTO
2026-04-15 14:01:26,1776261686,BOOM600,5902.815,-1,0.021000000000640284,BACKFILL_AUTO
2026-04-15 14:01:27,1776261687,BOOM600,5902.804,-1,0.01099999999951251,BACKFILL_AUTO
2026-04-15 14:01:28,1776261688,BOOM600,5902.802,-1,0.0020000000004074536,BACKFILL_AUTO
2026-04-15 14:01:29,1776261689,BOOM600,5902.8,-1,0.001999999999497959,BACKFILL_AUTO
2026-04-15 14:01:30,1776261690,BOOM600,5902.787,-1,0.012999999999919964,BACKFILL_AUTO
2026-04-15 14:01:31,1776261691,BOOM600,5902.774,-1,0.012999999999919964,BACKFILL_AUTO
2026-04-15 14:01:32,1776261692,BOOM600,5902.757,-1,0.01700000000073487,BACKFILL_AUTO
2026-04-15 14:01:33,1776261693,BOOM600,5902.744,-1,0.012999999999919964,BACKFILL_AUTO
2026-04-15 14:01:34,1776261694,BOOM600,5902.737,-1,0.006999999999607098,BACKFILL_AUTO
2026-04-15 14:01:35,1776261695,BOOM600,5902.733,-1,0.0039999999999054126,BACKFILL_AUTO
2026-04-15 14:01:36,1776261696,BOOM600,5902.726,-1,0.007000000000516593,BACKFILL_AUTO
2026-04-15 14:01:37,1776261697,BOOM600,5902.716,-1,0.009999999999308784,BACKFILL_AUTO
2026-04-15 14:01:38,1776261698,BOOM600,5902.712,-1,0.0039999999999054126,BACKFILL_AUTO
2026-04-15 14:01:39,1776261699,BOOM600,5902.709,-1,0.0030000000006111804,BACKFILL_AUTO
2026-04-15 14:01:40,1776261700,BOOM600,5902.703,-1,0.0059999999994033715,BACKFILL_AUTO
2026-04-15 14:01:41,1776261701,BOOM600,5902.694,-1,0.009000000000014552,BACKFILL_AUTO
2026-04-15 14:01:42,1776261702,BOOM600,5902.67,-1,0.02400000000034197,BACKFILL_AUTO
2026-04-15 14:01:43,1776261703,BOOM600,5902.639,-1,0.03099999999994907,BACKFILL_AUTO
2026-04-15 14:01:44,1776261704,BOOM600,5902.616,-1,0.023000000000138243,BACKFILL_AUTO
2026-04-15 14:01:45,1776261705,BOOM600,5902.602,-1,0.014000000000123691,BACKFILL_AUTO
2026-04-15 14:01:46,1776261706,BOOM600,5902.595,-1,0.006999999999607098,BACKFILL_AUTO
2026-04-15 14:01:47,1776261707,BOOM600,5902.584,-1,0.011000000000422006,BACKFILL_AUTO
2026-04-15 14:01:48,1776261708,BOOM600,5902.566,-1,0.018000000000029104,BACKFILL_AUTO
2026-04-15 14:01:49,1776261709,BOOM600,5902.564,-1,0.001999999999497959,BACKFILL_AUTO
2026-04-15 14:01:50,1776261710,BOOM600,5902.56,-1,0.0039999999999054126,BACKFILL_AUTO
2026-04-15 14:01:51,1776261711,BOOM600,5902.548,-1,0.012000000000625732,BACKFILL_AUTO
2026-04-15 14:01:52,1776261712,BOOM600,5902.515,-1,0.03299999999944703,BACKFILL_AUTO
2026-04-15 14:01:53,1776261713,BOOM600,5902.509,-1,0.006000000000312866,BACKFILL_AUTO
2026-04-15 14:01:54,1776261714,BOOM600,5902.495,-1,0.014000000000123691,BACKFILL_AUTO
2026-04-15 14:01:55,1776261715,BOOM600,5902.488,-1,0.006999999999607098,BACKFILL_AUTO
2026-04-15 14:01:56,1776261716,BOOM600,5902.479,-1,0.009000000000014552,BACKFILL_AUTO
2026-04-15 14:01:57,1776261717,BOOM600,5902.479,0,0.0,BACKFILL_AUTO
2026-04-15 14:01:58,1776261718,BOOM600,5902.468,-1,0.011000000000422006,BACKFILL_AUTO
2026-04-15 14:01:59,1776261719,BOOM600,5902.455,-1,0.012999999999919964,BACKFILL_AUTO
2026-04-15 14:02:00,1776261720,BOOM600,5902.444,-1,0.01099999999951251,BACKFILL_AUTO
2026-04-15 14:02:01,1776261721,BOOM600,5902.432,-1,0.012000000000625732,BACKFILL_AUTO
2026-04-15 14:02:02,1776261722,BOOM600,5902.428,-1,0.0039999999999054126,BACKFILL_AUTO
2026-04-15 14:02:03,1776261723,BOOM600,5902.425,-1,0.0029999999997016857,BACKFILL_AUTO
2026-04-15 14:02:04,1776261724,BOOM600,5902.422,-1,0.0030000000006111804,BACKFILL_AUTO
2026-04-15 14:02:05,1776261725,BOOM600,5902.418,-1,0.0039999999999054126,BACKFILL_AUTO
2026-04-15 14:02:06,1776261726,BOOM600,5902.408,-1,0.009999999999308784,BACKFILL_AUTO
2026-04-15 14:02:07,1776261727,BOOM600,5902.401,-1,0.007000000000516593,BACKFILL_AUTO
2026-04-15 14:02:08,1776261728,BOOM600,5902.392,-1,0.009000000000014552,BACKFILL_AUTO
2026-04-15 14:02:09,1776261729,BOOM600,5902.391,-1,0.0010000000002037268,BACKFILL_AUTO
2026-04-15 14:02:10,1776261730,BOOM600,5902.381,-1,0.009999999999308784,BACKFILL_AUTO
2026-04-15 14:02:11,1776261731,BOOM600,5902.378,-1,0.0030000000006111804,BACKFILL_AUTO
2026-04-15 14:02:12,1776261732,BOOM600,5902.364,-1,0.014000000000123691,BACKFILL_AUTO
2026-04-15 14:02:13,1776261733,BOOM600,5902.357,-1,0.006999999999607098,BACKFILL_AUTO
2026-04-15 14:02:14,1776261734,BOOM600,5902.339,-1,0.018000000000029104,BACKFILL_AUTO
2026-04-15 14:02:15,1776261735,BOOM600,5902.336,-1,0.0029999999997016857,BACKFILL_AUTO
2026-04-15 14:02:16,1776261736,BOOM600,5902.334,-1,0.0020000000004074536,BACKFILL_AUTO
2026-04-15 14:02:17,1776261737,BOOM600,5902.325,-1,0.009000000000014552,BACKFILL_AUTO
2026-04-15 14:02:18,1776261738,BOOM600,5902.307,-1,0.018000000000029104,BACKFILL_AUTO
2026-04-15 14:02:19,1776261739,BOOM600,5902.288,-1,0.01900000000023283,BACKFILL_AUTO
2026-04-15 14:02:20,1776261740,BOOM600,5902.28,-1,0.007999999999810825,BACKFILL_AUTO
2026-04-15 14:02:21,1776261741,BOOM600,5902.274,-1,0.0059999999994033715,BACKFILL_AUTO
2026-04-15 14:02:22,1776261742,BOOM600,5902.258,-1,0.016000000000531145,BACKFILL_AUTO
2026-04-15 14:02:23,1776261743,BOOM600,5902.249,-1,0.009000000000014552,BACKFILL_AUTO
2026-04-15 14:02:24,1776261744,BOOM600,5902.23,-1,0.01900000000023283,BACKFILL_AUTO
2026-04-15 14:02:25,1776261745,BOOM600,5902.216,-1,0.013999999999214197,BACKFILL_AUTO
2026-04-15 14:02:26,1776261746,BOOM600,5902.215,-1,0.0010000000002037268,BACKFILL_AUTO
2026-04-15 14:02:27,1776261747,BOOM600,5902.205,-1,0.010000000000218279,BACKFILL_AUTO
2026-04-15 14:02:28,1776261748,BOOM600,5902.195,-1,0.010000000000218279,BACKFILL_AUTO
2026-04-15 14:02:29,1776261749,BOOM600,5902.192,-1,0.0029999999997016857,BACKFILL_AUTO
2026-04-15 14:02:30,1776261750,BOOM600,5902.187,-1,0.005000000000109139,BACKFILL_AUTO
2026-04-15 14:02:31,1776261751,BOOM600,5902.178,-1,0.009000000000014552,BACKFILL_AUTO
2026-04-15 14:02:32,1776261752,BOOM600,5902.169,-1,0.009000000000014552,BACKFILL_AUTO
2026-04-15 14:02:33,1776261753,BOOM600,5902.157,-1,0.011999999999716238,BACKFILL_AUTO
2026-04-15 14:02:34,1776261754,BOOM600,5902.156,-1,0.0010000000002037268,BACKFILL_AUTO
2026-04-15 14:02:35,1776261755,BOOM600,5902.152,-1,0.0039999999999054126,BACKFILL_AUTO
2026-04-15 14:02:36,1776261756,BOOM600,5902.134,-1,0.018000000000029104,BACKFILL_AUTO
2026-04-15 14:02:37,1776261757,BOOM600,5902.127,-1,0.006999999999607098,BACKFILL_AUTO
2026-04-15 14:02:38,1776261758,BOOM600,5902.119,-1,0.00800000000072032,BACKFILL_AUTO
2026-04-15 14:02:39,1776261759,BOOM600,5902.116,-1,0.0029999999997016857,BACKFILL_AUTO
2026-04-15 14:02:40,1776261760,BOOM600,5902.099,-1,0.016999999999825377,BACKFILL_AUTO
2026-04-15 14:02:41,1776261761,BOOM600,5902.073,-1,0.02599999999983993,BACKFILL_AUTO
2026-04-15 14:02:42,1776261762,BOOM600,5902.052,-1,0.021000000000640284,BACKFILL_AUTO
2026-04-15 14:02:43,1776261763,BOOM600,5902.045,-1,0.006999999999607098,BACKFILL_AUTO
2026-04-15 14:02:44,1776261764,BOOM600,5902.041,-1,0.0039999999999054126,BACKFILL_AUTO
2026-04-15 14:02:45,1776261765,BOOM600,5902.03,-1,0.011000000000422006,BACKFILL_AUTO
2026-04-15 14:02:46,1776261766,BOOM600,5902.015,-1,0.014999999999417923,BACKFILL_AUTO
2026-04-15 14:02:47,1776261767,BOOM600,5902.005,-1,0.010000000000218279,BACKFILL_AUTO
2026-04-15 14:02:48,1776261768,BOOM600,5901.998,-1,0.007000000000516593,BACKFILL_AUTO
2026-04-15 14:02:49,1776261769,BOOM600,5901.997,-1,0.0009999999992942321,BACKFILL_AUTO
2026-04-15 14:02:50,1776261770,BOOM600,5901.988,-1,0.009000000000014552,BACKFILL_AUTO
2026-04-15 14:02:51,1776261771,BOOM600,5901.972,-1,0.016000000000531145,BACKFILL_AUTO
2026-04-15 14:02:52,1776261772,BOOM600,5901.97,-1,0.001999999999497959,BACKFILL_AUTO
2026-04-15 14:02:53,1776261773,BOOM600,5901.968,-1,0.0020000000004074536,BACKFILL_AUTO
2026-04-15 14:02:54,1776261774,BOOM600,5901.967,-1,0.0010000000002037268,BACKFILL_AUTO
2026-04-15 14:02:55,1776261775,BOOM600,5901.959,-1,0.007999999999810825,BACKFILL_AUTO
2026-04-15 14:02:56,1776261776,BOOM600,5901.949,-1,0.010000000000218279,BACKFILL_AUTO
2026-04-15 14:02:57,1776261777,BOOM600,5901.946,-1,0.0029999999997016857,BACKFILL_AUTO
2026-04-15 14:02:58,1776261778,BOOM600,5901.934,-1,0.011999999999716238,BACKFILL_AUTO
2026-04-15 14:02:59,1776261779,BOOM600,5901.934,0,0.0,BACKFILL_AUTO
2026-04-15 14:03:00,1776261780,BOOM600,5901.917,-1,0.016999999999825377,BACKFILL_AUTO
2026-04-15 14:03:01,1776261781,BOOM600,5901.912,-1,0.005000000000109139,BACKFILL_AUTO
2026-04-15 14:03:02,1776261782,BOOM600,5901.909,-1,0.0030000000006111804,BACKFILL_AUTO
2026-04-15 14:03:03,1776261783,BOOM600,5901.905,-1,0.0039999999999054126,BACKFILL_AUTO
2026-04-15 14:03:04,1776261784,BOOM600,5901.89,-1,0.014999999999417923,BACKFILL_AUTO
2026-04-15 14:03:05,1776261785,BOOM600,5901.876,-1,0.014000000000123691,BACKFILL_AUTO
2026-04-15 14:03:06,1776261786,BOOM600,5901.87,-1,0.006000000000312866,BACKFILL_AUTO
2026-04-15 14:03:07,1776261787,BOOM600,5901.869,-1,0.0010000000002037268,BACKFILL_AUTO
2026-04-15 14:03:08,1776261788,BOOM600,5901.849,-1,0.019999999999527063,BACKFILL_AUTO
2026-04-15 14:03:09,1776261789,BOOM600,5901.849,0,0.0,BACKFILL_AUTO
2026-04-15 14:03:10,1776261790,BOOM600,5901.841,-1,0.007999999999810825,BACKFILL_AUTO
2026-04-15 14:03:11,1776261791,BOOM600,5901.828,-1,0.012999999999919964,BACKFILL_AUTO
2026-04-15 14:03:12,1776261792,BOOM600,5901.812,-1,0.016000000000531145,BACKFILL_AUTO
2026-04-15 14:03:13,1776261793,BOOM600,5901.791,-1,0.02099999999973079,BACKFILL_AUTO
2026-04-15 14:03:14,1776261794,BOOM600,5901.79,-1,0.0010000000002037268,BACKFILL_AUTO
2026-04-15 14:03:15,1776261795,BOOM600,5901.783,-1,0.006999999999607098,BACKFILL_AUTO
2026-04-15 14:03:16,1776261796,BOOM600,5901.769,-1,0.014000000000123691,BACKFILL_AUTO
2026-04-15 14:03:17,1776261797,BOOM600,5901.756,-1,0.012999999999919964,BACKFILL_AUTO
2026-04-15 14:03:18,1776261798,BOOM600,5901.74,-1,0.016000000000531145,BACKFILL_AUTO
2026-04-15 14:03:19,1776261799,BOOM600,5901.739,-1,0.0010000000002037268,BACKFILL_AUTO
2026-04-15 14:03:20,1776261800,BOOM600,5901.715,-1,0.023999999999432475,BACKFILL_AUTO
2026-04-15 14:03:21,1776261801,BOOM600,5901.707,-1,0.007999999999810825,BACKFILL_AUTO
2026-04-15 14:03:22,1776261802,BOOM600,5901.697,-1,0.010000000000218279,BACKFILL_AUTO
2026-04-15 14:03:23,1776261803,BOOM600,5901.68,-1,0.016999999999825377,BACKFILL_AUTO
2026-04-15 14:03:24,1776261804,BOOM600,5901.675,-1,0.005000000000109139,BACKFILL_AUTO
2026-04-15 14:03:25,1776261805,BOOM600,5901.661,-1,0.014000000000123691,BACKFILL_AUTO
2026-04-15 14:03:26,1776261806,BOOM600,5901.658,-1,0.0029999999997016857,BACKFILL_AUTO
2026-04-15 14:03:27,1776261807,BOOM600,5901.647,-1,0.011000000000422006,BACKFILL_AUTO
2026-04-15 14:03:28,1776261808,BOOM600,5901.631,-1,0.01599999999962165,BACKFILL_AUTO
2026-04-15 14:03:29,1776261809,BOOM600,5901.625,-1,0.006000000000312866,BACKFILL_AUTO
2026-04-15 14:03:30,1776261810,BOOM600,5901.613,-1,0.011999999999716238,BACKFILL_AUTO
2026-04-15 14:03:31,1776261811,BOOM600,5901.604,-1,0.009000000000014552,BACKFILL_AUTO
2026-04-15 14:03:32,1776261812,BOOM600,5901.599,-1,0.005000000000109139,BACKFILL_AUTO
2026-04-15 14:03:33,1776261813,BOOM600,5901.598,-1,0.0010000000002037268,BACKFILL_AUTO
2026-04-15 14:03:34,1776261814,BOOM600,5901.597,-1,0.0010000000002037268,BACKFILL_AUTO
2026-04-15 14:03:35,1776261815,BOOM600,5901.593,-1,0.0039999999999054126,BACKFILL_AUTO
2026-04-15 14:03:36,1776261816,BOOM600,5901.583,-1,0.010000000000218279,BACKFILL_AUTO
2026-04-15 14:03:37,1776261817,BOOM600,5901.583,0,0.0,BACKFILL_AUTO
2026-04-15 14:03:38,1776261818,BOOM600,5901.579,-1,0.0039999999999054126,BACKFILL_AUTO
2026-04-15 14:03:39,1776261819,BOOM600,5901.574,-1,0.005000000000109139,BACKFILL_AUTO
2026-04-15 14:03:40,1776261820,BOOM600,5901.569,-1,0.004999999999199645,BACKFILL_AUTO
2026-04-15 14:03:41,1776261821,BOOM600,5901.553,-1,0.016000000000531145,BACKFILL_AUTO
2026-04-15 14:03:42,1776261822,BOOM600,5901.542,-1,0.01099999999951251,BACKFILL_AUTO
2026-04-15 14:03:43,1776261823,BOOM600,5901.533,-1,0.009000000000014552,BACKFILL_AUTO
2026-04-15 14:03:44,1776261824,BOOM600,5901.532,-1,0.0010000000002037268,BACKFILL_AUTO
2026-04-15 14:03:45,1776261825,BOOM600,5901.522,-1,0.010000000000218279,BACKFILL_AUTO
2026-04-15 14:03:46,1776261826,BOOM600,5901.522,0,0.0,BACKFILL_AUTO
2026-04-15 14:03:47,1776261827,BOOM600,5901.503,-1,0.01900000000023283,BACKFILL_AUTO
2026-04-15 14:03:48,1776261828,BOOM600,5901.503,0,0.0,BACKFILL_AUTO
2026-04-15 14:03:49,1776261829,BOOM600,5901.495,-1,0.007999999999810825,BACKFILL_AUTO
2026-04-15 14:03:50,1776261830,BOOM600,5901.48,-1,0.015000000000327418,BACKFILL_AUTO
2026-04-15 14:03:51,1776261831,BOOM600,5901.474,-1,0.0059999999994033715,BACKFILL_AUTO
2026-04-15 14:03:52,1776261832,BOOM600,5901.458,-1,0.016000000000531145,BACKFILL_AUTO
2026-04-15 14:03:53,1776261833,BOOM600,5901.455,-1,0.0029999999997016857,BACKFILL_AUTO
2026-04-15 14:03:54,1776261834,BOOM600,5901.448,-1,0.006999999999607098,BACKFILL_AUTO
2026-04-15 14:03:55,1776261835,BOOM600,5901.429,-1,0.01900000000023283,BACKFILL_AUTO
2026-04-15 14:03:56,1776261836,BOOM600,5901.422,-1,0.007000000000516593,BACKFILL_AUTO
2026-04-15 14:03:57,1776261837,BOOM600,5901.417,-1,0.004999999999199645,BACKFILL_AUTO
2026-04-15 14:03:58,1776261838,BOOM600,5901.408,-1,0.009000000000014552,BACKFILL_AUTO
2026-04-15 14:03:59,1776261839,BOOM600,5901.388,-1,0.020000000000436557,BACKFILL_AUTO
2026-04-15 14:04:00,1776261840,BOOM600,5901.364,-1,0.02400000000034197,BACKFILL_AUTO
2026-04-15 14:04:01,1776261841,BOOM600,5901.339,-1,0.024999999999636202,BACKFILL_AUTO
2026-04-15 14:04:02,1776261842,BOOM600,5901.326,-1,0.012999999999919964,BACKFILL_AUTO
2026-04-15 14:04:03,1776261843,BOOM600,5901.325,-1,0.0010000000002037268,BACKFILL_AUTO
2026-04-15 14:04:04,1776261844,BOOM600,5901.32,-1,0.005000000000109139,BACKFILL_AUTO
2026-04-15 14:04:05,1776261845,BOOM600,5901.296,-1,0.023999999999432475,BACKFILL_AUTO
2026-04-15 14:04:06,1776261846,BOOM600,5901.29,-1,0.006000000000312866,BACKFILL_AUTO
2026-04-15 14:04:07,1776261847,BOOM600,5901.267,-1,0.023000000000138243,BACKFILL_AUTO
2026-04-15 14:04:08,1776261848,BOOM600,5901.263,-1,0.0039999999999054126,BACKFILL_AUTO
2026-04-15 14:04:09,1776261849,BOOM600,5901.253,-1,0.010000000000218279,BACKFILL_AUTO
2026-04-15 14:04:10,1776261850,BOOM600,5901.238,-1,0.014999999999417923,BACKFILL_AUTO
2026-04-15 14:04:11,1776261851,BOOM600,5901.218,-1,0.020000000000436557,BACKFILL_AUTO
2026-04-15 14:04:12,1776261852,BOOM600,5901.197,-1,0.02099999999973079,BACKFILL_AUTO
2026-04-15 14:04:13,1776261853,BOOM600,5901.191,-1,0.006000000000312866,BACKFILL_AUTO
2026-04-15 14:04:14,1776261854,BOOM600,5901.18,-1,0.01099999999951251,BACKFILL_AUTO
2026-04-15 14:04:15,1776261855,BOOM600,5901.175,-1,0.005000000000109139,BACKFILL_AUTO
2026-04-15 14:04:16,1776261856,BOOM600,5901.17,-1,0.005000000000109139,BACKFILL_AUTO
2026-04-15 14:04:17,1776261857,BOOM600,5901.164,-1,0.006000000000312866,BACKFILL_AUTO
2026-04-15 14:04:18,1776261858,BOOM600,5901.164,0,0.0,BACKFILL_AUTO
2026-04-15 14:04:19,1776261859,BOOM600,5901.14,-1,0.023999999999432475,BACKFILL_AUTO
2026-04-15 14:04:20,1776261860,BOOM600,5901.137,-1,0.0030000000006111804,BACKFILL_AUTO
2026-04-15 14:04:21,1776261861,BOOM600,5901.129,-1,0.007999999999810825,BACKFILL_AUTO
2026-04-15 14:04:22,1776261862,BOOM600,5901.104,-1,0.024999999999636202,BACKFILL_AUTO
2026-04-15 14:04:23,1776261863,BOOM600,5901.09,-1,0.014000000000123691,BACKFILL_AUTO
2026-04-15 14:04:24,1776261864,BOOM600,5901.078,-1,0.011999999999716238,BACKFILL_AUTO
2026-04-15 14:04:25,1776261865,BOOM600,5901.069,-1,0.009000000000014552,BACKFILL_AUTO
2026-04-15 14:04:26,1776261866,BOOM600,5901.067,-1,0.0020000000004074536,BACKFILL_AUTO
2026-04-15 14:04:27,1776261867,BOOM600,5901.044,-1,0.023000000000138243,BACKFILL_AUTO
2026-04-15 14:04:28,1776261868,BOOM600,5901.041,-1,0.0029999999997016857,BACKFILL_AUTO
2026-04-15 14:04:29,1776261869,BOOM600,5901.037,-1,0.0039999999999054126,BACKFILL_AUTO
2026-04-15 14:04:30,1776261870,BOOM600,5901.035,-1,0.0020000000004074536,BACKFILL_AUTO
2026-04-15 14:04:31,1776261871,BOOM600,5901.018,-1,0.016999999999825377,BACKFILL_AUTO
2026-04-15 14:04:32,1776261872,BOOM600,5901.01,-1,0.007999999999810825,BACKFILL_AUTO
2026-04-15 14:04:33,1776261873,BOOM600,5900.992,-1,0.018000000000029104,BACKFILL_AUTO
2026-04-15 14:04:34,1776261874,BOOM600,5900.992,0,0.0,BACKFILL_AUTO
2026-04-15 14:04:35,1776261875,BOOM600,5900.977,-1,0.015000000000327418,BACKFILL_AUTO
2026-04-15 14:04:36,1776261876,BOOM600,5900.977,0,0.0,BACKFILL_AUTO
2026-04-15 14:04:37,1776261877,BOOM600,5900.975,-1,0.001999999999497959,BACKFILL_AUTO
2026-04-15 14:04:38,1776261878,BOOM600,5900.974,-1,0.0010000000002037268,BACKFILL_AUTO
2026-04-15 14:04:39,1776261879,BOOM600,5900.957,-1,0.016999999999825377,BACKFILL_AUTO
2026-04-15 14:04:40,1776261880,BOOM600,5900.951,-1,0.006000000000312866,BACKFILL_AUTO
2026-04-15 14:04:41,1776261881,BOOM600,5900.933,-1,0.018000000000029104,BACKFILL_AUTO
2026-04-15 14:04:42,1776261882,BOOM600,5900.92,-1,0.012999999999919964,BACKFILL_AUTO
2026-04-15 14:04:43,1776261883,BOOM600,5900.92,0,0.0,BACKFILL_AUTO
2026-04-15 14:04:44,1776261884,BOOM600,5900.91,-1,0.010000000000218279,BACKFILL_AUTO
2026-04-15 14:04:45,1776261885,BOOM600,5900.897,-1,0.012999999999919964,BACKFILL_AUTO
2026-04-15 14:04:46,1776261886,BOOM600,5900.882,-1,0.015000000000327418,BACKFILL_AUTO
2026-04-15 14:04:47,1776261887,BOOM600,5900.873,-1,0.009000000000014552,BACKFILL_AUTO
2026-04-15 14:04:48,1776261888,BOOM600,5900.86,-1,0.012999999999919964,BACKFILL_AUTO
2026-04-15 14:04:49,1776261889,BOOM600,5900.838,-1,0.021999999999934516,BACKFILL_AUTO
2026-04-15 14:04:50,1776261890,BOOM600,5900.819,-1,0.018999999999323336,BACKFILL_AUTO
2026-04-15 14:04:51,1776261891,BOOM600,5900.811,-1,0.00800000000072032,BACKFILL_AUTO
2026-04-15 14:04:52,1776261892,BOOM600,5900.797,-1,0.014000000000123691,BACKFILL_AUTO
2026-04-15 14:04:53,1776261893,BOOM600,5900.784,-1,0.012999999999919964,BACKFILL_AUTO
2026-04-15 14:04:54,1776261894,BOOM600,5900.776,-1,0.007999999999810825,BACKFILL_AUTO
2026-04-15 14:04:55,1776261895,BOOM600,5900.753,-1,0.023000000000138243,BACKFILL_AUTO
2026-04-15 14:04:56,1776261896,BOOM600,5900.732,-1,0.02099999999973079,BACKFILL_AUTO
2026-04-15 14:04:57,1776261897,BOOM600,5900.72,-1,0.011999999999716238,BACKFILL_AUTO
2026-04-15 14:04:58,1776261898,BOOM600,5900.707,-1,0.012999999999919964,BACKFILL_AUTO
2026-04-15 14:04:59,1776261899,BOOM600,5900.692,-1,0.015000000000327418,BACKFILL_AUTO
2026-04-15 14:05:00,1776261900,BOOM600,5900.687,-1,0.005000000000109139,BACKFILL_AUTO
2026-04-15 14:05:01,1776261901,BOOM600,5900.686,-1,0.0010000000002037268,BACKFILL_AUTO
2026-04-15 14:05:02,1776261902,BOOM600,5900.675,-1,0.01099999999951251,BACKFILL_AUTO
2026-04-15 14:05:03,1776261903,BOOM600,5900.662,-1,0.012999999999919964,BACKFILL_AUTO
2026-04-15 14:05:04,1776261904,BOOM600,5900.661,-1,0.0010000000002037268,BACKFILL_AUTO
2026-04-15 14:05:05,1776261905,BOOM600,5900.654,-1,0.006999999999607098,BACKFILL_AUTO
2026-04-15 14:05:06,1776261906,BOOM600,5900.649,-1,0.005000000000109139,BACKFILL_AUTO
2026-04-15 14:05:07,1776261907,BOOM600,5900.644,-1,0.005000000000109139,BACKFILL_AUTO
2026-04-15 14:05:08,1776261908,BOOM600,5900.639,-1,0.005000000000109139,BACKFILL_AUTO
2026-04-15 14:05:09,1776261909,BOOM600,5900.627,-1,0.011999999999716238,BACKFILL_AUTO
2026-04-15 14:05:10,1776261910,BOOM600,5902.303,1,1.6759999999994761,BACKFILL_AUTO
2026-04-15 14:05:11,1776261911,BOOM600,5902.288,-1,0.015000000000327418,BACKFILL_AUTO
2026-04-15 14:05:12,1776261912,BOOM600,5902.279,-1,0.008999999999105057,BACKFILL_AUTO
2026-04-15 14:05:13,1776261913,BOOM600,5902.276,-1,0.0030000000006111804,BACKFILL_AUTO
2026-04-15 14:05:14,1776261914,BOOM600,5902.258,-1,0.018000000000029104,BACKFILL_AUTO
2026-04-15 14:05:15,1776261915,BOOM600,5902.254,-1,0.0039999999999054126,BACKFILL_AUTO
2026-04-15 14:05:16,1776261916,BOOM600,5902.239,-1,0.015000000000327418,BACKFILL_AUTO
2026-04-15 14:05:17,1776261917,BOOM600,5902.238,-1,0.0009999999992942321,BACKFILL_AUTO
2026-04-15 14:05:18,1776261918,BOOM600,5902.214,-1,0.02400000000034197,BACKFILL_AUTO
2026-04-15 14:05:19,1776261919,BOOM600,5902.205,-1,0.009000000000014552,BACKFILL_AUTO
2026-04-15 14:05:20,1776261920,BOOM600,5902.185,-1,0.019999999999527063,BACKFILL_AUTO
2026-04-15 14:05:21,1776261921,BOOM600,5902.164,-1,0.021000000000640284,BACKFILL_AUTO
2026-04-15 14:05:22,1776261922,BOOM600,5902.162,-1,0.001999999999497959,BACKFILL_AUTO
2026-04-15 14:05:23,1776261923,BOOM600,5902.159,-1,0.0030000000006111804,BACKFILL_AUTO
2026-04-15 14:05:24,1776261924,BOOM600,5902.155,-1,0.0039999999999054126,BACKFILL_AUTO
2026-04-15 14:05:25,1776261925,BOOM600,5902.152,-1,0.0029999999997016857,BACKFILL_AUTO
2026-04-15 14:05:26,1776261926,BOOM600,5902.144,-1,0.007999999999810825,BACKFILL_AUTO
2026-04-15 14:05:27,1776261927,BOOM600,5902.143,-1,0.0010000000002037268,BACKFILL_AUTO
2026-04-15 14:05:28,1776261928,BOOM600,5902.123,-1,0.020000000000436557,BACKFILL_AUTO
2026-04-15 14:05:29,1776261929,BOOM600,5902.112,-1,0.01099999999951251,BACKFILL_AUTO
2026-04-15 14:05:30,1776261930,BOOM600,5902.107,-1,0.005000000000109139,BACKFILL_AUTO
2026-04-15 14:05:31,1776261931,BOOM600,5902.091,-1,0.01599999999962165,BACKFILL_AUTO
2026-04-15 14:05:32,1776261932,BOOM600,5902.084,-1,0.007000000000516593,BACKFILL_AUTO
2026-04-15 14:05:33,1776261933,BOOM600,5902.082,-1,0.001999999999497959,BACKFILL_AUTO
2026-04-15 14:05:34,1776261934,BOOM600,5902.076,-1,0.006000000000312866,BACKFILL_AUTO
2026-04-15 14:05:35,1776261935,BOOM600,5902.061,-1,0.015000000000327418,BACKFILL_AUTO
2026-04-15 14:05:36,1776261936,BOOM600,5902.058,-1,0.0029999999997016857,BACKFILL_AUTO
2026-04-15 14:05:37,1776261937,BOOM600,5902.055,-1,0.0029999999997016857,BACKFILL_AUTO
2026-04-15 14:05:38,1776261938,BOOM600,5902.048,-1,0.007000000000516593,BACKFILL_AUTO
2026-04-15 14:05:39,1776261939,BOOM600,5902.048,0,0.0,BACKFILL_AUTO
2026-04-15 14:05:40,1776261940,BOOM600,5902.04,-1,0.007999999999810825,BACKFILL_AUTO
2026-04-15 14:05:41,1776261941,BOOM600,5902.038,-1,0.0020000000004074536,BACKFILL_AUTO
2026-04-15 14:05:42,1776261942,BOOM600,5902.016,-1,0.021999999999934516,BACKFILL_AUTO
2026-04-15 14:05:43,1776261943,BOOM600,5902.015,-1,0.0009999999992942321,BACKFILL_AUTO
2026-04-15 14:05:44,1776261944,BOOM600,5902.003,-1,0.012000000000625732,BACKFILL_AUTO
2026-04-15 14:05:45,1776261945,BOOM600,5901.993,-1,0.009999999999308784,BACKFILL_AUTO
2026-04-15 14:05:46,1776261946,BOOM600,5901.983,-1,0.010000000000218279,BACKFILL_AUTO
2026-04-15 14:05:47,1776261947,BOOM600,5901.958,-1,0.025000000000545697,BACKFILL_AUTO
2026-04-15 14:05:48,1776261948,BOOM600,5901.951,-1,0.006999999999607098,BACKFILL_AUTO
2026-04-15 14:05:49,1776261949,BOOM600,5901.948,-1,0.0029999999997016857,BACKFILL_AUTO
2026-04-15 14:05:50,1776261950,BOOM600,5901.93,-1,0.018000000000029104,BACKFILL_AUTO
2026-04-15 14:05:51,1776261951,BOOM600,5901.925,-1,0.005000000000109139,BACKFILL_AUTO
2026-04-15 14:05:52,1776261952,BOOM600,5901.906,-1,0.01900000000023283,BACKFILL_AUTO
2026-04-15 14:05:53,1776261953,BOOM600,5901.895,-1,0.01099999999951251,BACKFILL_AUTO
2026-04-15 14:05:54,1776261954,BOOM600,5901.873,-1,0.02200000000084401,BACKFILL_AUTO
2026-04-15 14:05:55,1776261955,BOOM600,5901.868,-1,0.004999999999199645,BACKFILL_AUTO
2026-04-15 14:05:56,1776261956,BOOM600,5901.857,-1,0.011000000000422006,BACKFILL_AUTO
2026-04-15 14:05:57,1776261957,BOOM600,5901.855,-1,0.0020000000004074536,BACKFILL_AUTO
2026-04-15 14:05:58,1776261958,BOOM600,5901.837,-1,0.01799999999911961,BACKFILL_AUTO
2026-04-15 14:05:59,1776261959,BOOM600,5901.814,-1,0.023000000000138243,BACKFILL_AUTO
2026-04-15 14:06:00,1776261960,BOOM600,5901.811,-1,0.0030000000006111804,BACKFILL_AUTO
2026-04-15 14:06:01,1776261961,BOOM600,5901.8,-1,0.01099999999951251,BACKFILL_AUTO
2026-04-15 14:06:02,1776261962,BOOM600,5901.795,-1,0.005000000000109139,BACKFILL_AUTO
2026-04-15 14:06:03,1776261963,BOOM600,5901.783,-1,0.011999999999716238,BACKFILL_AUTO
2026-04-15 14:06:04,1776261964,BOOM600,5901.776,-1,0.007000000000516593,BACKFILL_AUTO
2026-04-15 14:06:05,1776261965,BOOM600,5901.776,0,0.0,BACKFILL_AUTO
2026-04-15 14:06:06,1776261966,BOOM600,5901.762,-1,0.014000000000123691,BACKFILL_AUTO
2026-04-15 14:06:07,1776261967,BOOM600,5901.754,-1,0.007999999999810825,BACKFILL_AUTO
2026-04-15 14:06:08,1776261968,BOOM600,5901.737,-1,0.016999999999825377,BACKFILL_AUTO
2026-04-15 14:06:09,1776261969,BOOM600,5901.733,-1,0.0039999999999054126,BACKFILL_AUTO
2026-04-15 14:06:10,1776261970,BOOM600,5901.722,-1,0.011000000000422006,BACKFILL_AUTO
2026-04-15 14:06:11,1776261971,BOOM600,5901.719,-1,0.0029999999997016857,BACKFILL_AUTO
2026-04-15 14:06:12,1776261972,BOOM600,5901.709,-1,0.010000000000218279,BACKFILL_AUTO
2026-04-15 14:06:13,1776261973,BOOM600,5901.699,-1,0.010000000000218279,BACKFILL_AUTO
2026-04-15 14:06:14,1776261974,BOOM600,5901.697,-1,0.001999999999497959,BACKFILL_AUTO
2026-04-15 14:06:15,1776261975,BOOM600,5901.68,-1,0.016999999999825377,BACKFILL_AUTO
2026-04-15 14:06:16,1776261976,BOOM600,5901.667,-1,0.012999999999919964,BACKFILL_AUTO
2026-04-15 14:06:17,1776261977,BOOM600,5901.667,0,0.0,BACKFILL_AUTO
2026-04-15 14:06:18,1776261978,BOOM600,5901.664,-1,0.0030000000006111804,BACKFILL_AUTO
2026-04-15 14:06:19,1776261979,BOOM600,5901.659,-1,0.005000000000109139,BACKFILL_AUTO
2026-04-15 14:06:20,1776261980,BOOM600,5901.642,-1,0.016999999999825377,BACKFILL_AUTO
2026-04-15 14:06:21,1776261981,BOOM600,5901.629,-1,0.012999999999919964,BACKFILL_AUTO
2026-04-15 14:06:22,1776261982,BOOM600,5901.622,-1,0.006999999999607098,BACKFILL_AUTO
2026-04-15 14:06:23,1776261983,BOOM600,5901.612,-1,0.010000000000218279,BACKFILL_AUTO
2026-04-15 14:06:24,1776261984,BOOM600,5901.608,-1,0.0039999999999054126,BACKFILL_AUTO
2026-04-15 14:06:25,1776261985,BOOM600,5901.594,-1,0.014000000000123691,BACKFILL_AUTO
2026-04-15 14:06:26,1776261986,BOOM600,5901.59,-1,0.0039999999999054126,BACKFILL_AUTO
2026-04-15 14:06:27,1776261987,BOOM600,5901.584,-1,0.006000000000312866,BACKFILL_AUTO
2026-04-15 14:06:28,1776261988,BOOM600,5901.575,-1,0.009000000000014552,BACKFILL_AUTO
2026-04-15 14:06:29,1776261989,BOOM600,5901.566,-1,0.009000000000014552,BACKFILL_AUTO
2026-04-15 14:06:30,1776261990,BOOM600,5901.558,-1,0.007999999999810825,BACKFILL_AUTO
2026-04-15 14:06:31,1776261991,BOOM600,5901.535,-1,0.023000000000138243,BACKFILL_AUTO
2026-04-15 14:06:32,1776261992,BOOM600,5901.521,-1,0.014000000000123691,BACKFILL_AUTO
2026-04-15 14:06:33,1776261993,BOOM600,5901.52,-1,0.0009999999992942321,BACKFILL_AUTO
2026-04-15 14:06:34,1776261994,BOOM600,5901.519,-1,0.0010000000002037268,BACKFILL_AUTO
2026-04-15 14:06:35,1776261995,BOOM600,5901.517,-1,0.0020000000004074536,BACKFILL_AUTO
2026-04-15 14:06:36,1776261996,BOOM600,5901.51,-1,0.006999999999607098,BACKFILL_AUTO
2026-04-15 14:06:37,1776261997,BOOM600,5901.492,-1,0.018000000000029104,BACKFILL_AUTO
2026-04-15 14:06:38,1776261998,BOOM600,5901.47,-1,0.021999999999934516,BACKFILL_AUTO
2026-04-15 14:06:39,1776261999,BOOM600,5901.463,-1,0.007000000000516593,BACKFILL_AUTO
2026-04-15 14:06:40,1776262000,BOOM600,5901.45,-1,0.012999999999919964,BACKFILL_AUTO
2026-04-15 14:06:41,1776262001,BOOM600,5901.449,-1,0.0010000000002037268,BACKFILL_AUTO
2026-04-15 14:06:42,1776262002,BOOM600,5901.432,-1,0.016999999999825377,BACKFILL_AUTO
2026-04-15 14:06:43,1776262003,BOOM600,5901.413,-1,0.01900000000023283,BACKFILL_AUTO
2026-04-15 14:06:44,1776262004,BOOM600,5901.404,-1,0.008999999999105057,BACKFILL_AUTO
2026-04-15 14:06:45,1776262005,BOOM600,5901.404,0,0.0,BACKFILL_AUTO
2026-04-15 14:06:46,1776262006,BOOM600,5901.395,-1,0.009000000000014552,BACKFILL_AUTO
2026-04-15 14:06:47,1776262007,BOOM600,5901.39,-1,0.005000000000109139,BACKFILL_AUTO
2026-04-15 14:06:48,1776262008,BOOM600,5901.374,-1,0.016000000000531145,BACKFILL_AUTO
2026-04-15 14:06:49,1776262009,BOOM600,5901.348,-1,0.02599999999983993,BACKFILL_AUTO
2026-04-15 14:06:50,1776262010,BOOM600,5901.328,-1,0.019999999999527063,BACKFILL_AUTO
2026-04-15 14:06:51,1776262011,BOOM600,5901.318,-1,0.010000000000218279,BACKFILL_AUTO
2026-04-15 14:06:52,1776262012,BOOM600,5901.312,-1,0.006000000000312866,BACKFILL_AUTO
2026-04-15 14:06:53,1776262013,BOOM600,5901.308,-1,0.0039999999999054126,BACKFILL_AUTO
2026-04-15 14:06:54,1776262014,BOOM600,5901.308,0,0.0,BACKFILL_AUTO
2026-04-15 14:06:55,1776262015,BOOM600,5901.285,-1,0.023000000000138243,BACKFILL_AUTO
2026-04-15 14:06:56,1776262016,BOOM600,5901.274,-1,0.01099999999951251,BACKFILL_AUTO
2026-04-15 14:06:57,1776262017,BOOM600,5901.272,-1,0.0020000000004074536,BACKFILL_AUTO
2026-04-15 14:06:58,1776262018,BOOM600,5901.258,-1,0.014000000000123691,BACKFILL_AUTO
2026-04-15 14:06:59,1776262019,BOOM600,5901.257,-1,0.0010000000002037268,BACKFILL_AUTO
2026-04-15 14:07:00,1776262020,BOOM600,5901.25,-1,0.006999999999607098,BACKFILL_AUTO
2026-04-15 14:07:01,1776262021,BOOM600,5901.238,-1,0.011999999999716238,BACKFILL_AUTO
2026-04-15 14:07:02,1776262022,BOOM600,5901.231,-1,0.007000000000516593,BACKFILL_AUTO
2026-04-15 14:07:03,1776262023,BOOM600,5901.226,-1,0.005000000000109139,BACKFILL_AUTO
2026-04-15 14:07:04,1776262024,BOOM600,5901.207,-1,0.018999999999323336,BACKFILL_AUTO
2026-04-15 14:07:05,1776262025,BOOM600,5901.205,-1,0.0020000000004074536,BACKFILL_AUTO
2026-04-15 14:07:06,1776262026,BOOM600,5901.19,-1,0.015000000000327418,BACKFILL_AUTO
2026-04-15 14:07:07,1776262027,BOOM600,5901.177,-1,0.012999999999919964,BACKFILL_AUTO
2026-04-15 14:07:08,1776262028,BOOM600,5901.16,-1,0.016999999999825377,BACKFILL_AUTO
2026-04-15 14:07:09,1776262029,BOOM600,5901.139,-1,0.02099999999973079,BACKFILL_AUTO
2026-04-15 14:07:10,1776262030,BOOM600,5901.125,-1,0.014000000000123691,BACKFILL_AUTO
2026-04-15 14:07:11,1776262031,BOOM600,5901.124,-1,0.0010000000002037268,BACKFILL_AUTO
2026-04-15 14:07:12,1776262032,BOOM600,5901.116,-1,0.007999999999810825,BACKFILL_AUTO
2026-04-15 14:07:13,1776262033,BOOM600,5901.113,-1,0.0029999999997016857,BACKFILL_AUTO
2026-04-15 14:07:14,1776262034,BOOM600,5901.108,-1,0.005000000000109139,BACKFILL_AUTO
2026-04-15 14:07:15,1776262035,BOOM600,5901.09,-1,0.018000000000029104,BACKFILL_AUTO
2026-04-15 14:07:16,1776262036,BOOM600,5901.086,-1,0.0039999999999054126,BACKFILL_AUTO
2026-04-15 14:07:17,1776262037,BOOM600,5901.079,-1,0.007000000000516593,BACKFILL_AUTO
2026-04-15 14:07:18,1776262038,BOOM600,5901.071,-1,0.007999999999810825,BACKFILL_AUTO
2026-04-15 14:07:19,1776262039,BOOM600,5901.066,-1,0.005000000000109139,BACKFILL_AUTO
2026-04-15 14:07:20,1776262040,BOOM600,5901.057,-1,0.009000000000014552,BACKFILL_AUTO
2026-04-15 14:07:21,1776262041,BOOM600,5901.054,-1,0.0029999999997016857,BACKFILL_AUTO
2026-04-15 14:07:22,1776262042,BOOM600,5901.042,-1,0.011999999999716238,BACKFILL_AUTO
2026-04-15 14:07:23,1776262043,BOOM600,5901.022,-1,0.020000000000436557,BACKFILL_AUTO
2026-04-15 14:07:24,1776262044,BOOM600,5900.986,-1,0.03600000000005821,BACKFILL_AUTO
2026-04-15 14:07:25,1776262045,BOOM600,5900.962,-1,0.023999999999432475,BACKFILL_AUTO
2026-04-15 14:07:26,1776262046,BOOM600,5900.959,-1,0.0030000000006111804,BACKFILL_AUTO
2026-04-15 14:07:27,1776262047,BOOM600,5900.955,-1,0.0039999999999054126,BACKFILL_AUTO
2026-04-15 14:07:28,1776262048,BOOM600,5900.937,-1,0.018000000000029104,BACKFILL_AUTO
2026-04-15 14:07:29,1776262049,BOOM600,5900.934,-1,0.0029999999997016857,BACKFILL_AUTO
2026-04-15 14:07:30,1776262050,BOOM600,5900.924,-1,0.010000000000218279,BACKFILL_AUTO
2026-04-15 14:07:31,1776262051,BOOM600,5900.904,-1,0.019999999999527063,BACKFILL_AUTO
2026-04-15 14:07:32,1776262052,BOOM600,5900.876,-1,0.028000000000247383,BACKFILL_AUTO
2026-04-15 14:07:33,1776262053,BOOM600,5900.863,-1,0.012999999999919964,BACKFILL_AUTO
2026-04-15 14:07:34,1776262054,BOOM600,5900.852,-1,0.011000000000422006,BACKFILL_AUTO
2026-04-15 14:07:35,1776262055,BOOM600,5900.843,-1,0.009000000000014552,BACKFILL_AUTO
2026-04-15 14:07:36,1776262056,BOOM600,5900.834,-1,0.009000000000014552,BACKFILL_AUTO
2026-04-15 14:07:37,1776262057,BOOM600,5900.821,-1,0.012999999999919964,BACKFILL_AUTO
2026-04-15 14:07:38,1776262058,BOOM600,5900.816,-1,0.005000000000109139,BACKFILL_AUTO
2026-04-15 14:07:39,1776262059,BOOM600,5900.809,-1,0.006999999999607098,BACKFILL_AUTO
2026-04-15 14:07:40,1776262060,BOOM600,5900.795,-1,0.014000000000123691,BACKFILL_AUTO
2026-04-15 14:07:41,1776262061,BOOM600,5900.794,-1,0.0010000000002037268,BACKFILL_AUTO
2026-04-15 14:07:42,1776262062,BOOM600,5900.791,-1,0.0029999999997016857,BACKFILL_AUTO
2026-04-15 14:07:43,1776262063,BOOM600,5900.787,-1,0.0039999999999054126,BACKFILL_AUTO
2026-04-15 14:07:44,1776262064,BOOM600,5900.772,-1,0.015000000000327418,BACKFILL_AUTO
2026-04-15 14:07:45,1776262065,BOOM600,5900.749,-1,0.023000000000138243,BACKFILL_AUTO
2026-04-15 14:07:46,1776262066,BOOM600,5900.742,-1,0.006999999999607098,BACKFILL_AUTO
2026-04-15 14:07:47,1776262067,BOOM600,5900.742,0,0.0,BACKFILL_AUTO
2026-04-15 14:07:48,1776262068,BOOM600,5900.734,-1,0.007999999999810825,BACKFILL_AUTO
2026-04-15 14:07:49,1776262069,BOOM600,5900.733,-1,0.0010000000002037268,BACKFILL_AUTO
2026-04-15 14:07:50,1776262070,BOOM600,5900.73,-1,0.0030000000006111804,BACKFILL_AUTO
2026-04-15 14:07:51,1776262071,BOOM600,5900.726,-1,0.0039999999999054126,BACKFILL_AUTO
2026-04-15 14:07:52,1776262072,BOOM600,5900.72,-1,0.0059999999994033715,BACKFILL_AUTO
2026-04-15 14:07:53,1776262073,BOOM600,5900.703,-1,0.016999999999825377,BACKFILL_AUTO
2026-04-15 14:07:54,1776262074,BOOM600,5900.691,-1,0.012000000000625732,BACKFILL_AUTO
2026-04-15 14:07:55,1776262075,BOOM600,5900.681,-1,0.010000000000218279,BACKFILL_AUTO
2026-04-15 14:07:56,1776262076,BOOM600,5900.674,-1,0.006999999999607098,BACKFILL_AUTO
2026-04-15 14:07:57,1776262077,BOOM600,5900.669,-1,0.005000000000109139,BACKFILL_AUTO
2026-04-15 14:07:58,1776262078,BOOM600,5900.657,-1,0.011999999999716238,BACKFILL_AUTO
2026-04-15 14:07:59,1776262079,BOOM600,5900.644,-1,0.012999999999919964,BACKFILL_AUTO
2026-04-15 14:08:00,1776262080,BOOM600,5900.631,-1,0.012999999999919964,BACKFILL_AUTO
2026-04-15 14:08:01,1776262081,BOOM600,5900.623,-1,0.00800000000072032,BACKFILL_AUTO
2026-04-15 14:08:02,1776262082,BOOM600,5900.614,-1,0.009000000000014552,BACKFILL_AUTO
2026-04-15 14:08:03,1776262083,BOOM600,5900.609,-1,0.004999999999199645,BACKFILL_AUTO
2026-04-15 14:08:04,1776262084,BOOM600,5900.602,-1,0.007000000000516593,BACKFILL_AUTO
2026-04-15 14:08:05,1776262085,BOOM600,5900.591,-1,0.01099999999951251,BACKFILL_AUTO
2026-04-15 14:08:06,1776262086,BOOM600,5900.585,-1,0.006000000000312866,BACKFILL_AUTO
2026-04-15 14:08:07,1776262087,BOOM600,5900.58,-1,0.005000000000109139,BACKFILL_AUTO
2026-04-15 14:08:08,1776262088,BOOM600,5900.558,-1,0.021999999999934516,BACKFILL_AUTO
2026-04-15 14:08:09,1776262089,BOOM600,5900.553,-1,0.005000000000109139,BACKFILL_AUTO
2026-04-15 14:08:10,1776262090,BOOM600,5900.551,-1,0.001999999999497959,BACKFILL_AUTO
2026-04-15 14:08:11,1776262091,BOOM600,5900.517,-1,0.03400000000056025,BACKFILL_AUTO
2026-04-15 14:08:12,1776262092,BOOM600,5900.512,-1,0.005000000000109139,BACKFILL_AUTO
2026-04-15 14:08:13,1776262093,BOOM600,5900.504,-1,0.007999999999810825,BACKFILL_AUTO
2026-04-15 14:08:14,1776262094,BOOM600,5900.501,-1,0.0029999999997016857,BACKFILL_AUTO
2026-04-15 14:08:15,1776262095,BOOM600,5900.499,-1,0.0020000000004074536,BACKFILL_AUTO
2026-04-15 14:08:16,1776262096,BOOM600,5900.48,-1,0.01900000000023283,BACKFILL_AUTO
2026-04-15 14:08:17,1776262097,BOOM600,5900.48,0,0.0,BACKFILL_AUTO
2026-04-15 14:08:18,1776262098,BOOM600,5900.473,-1,0.006999999999607098,BACKFILL_AUTO
2026-04-15 14:08:19,1776262099,BOOM600,5900.462,-1,0.01099999999951251,BACKFILL_AUTO
2026-04-15 14:08:20,1776262100,BOOM600,5900.453,-1,0.009000000000014552,BACKFILL_AUTO
2026-04-15 14:08:21,1776262101,BOOM600,5900.449,-1,0.004000000000814907,BACKFILL_AUTO
2026-04-15 14:08:22,1776262102,BOOM600,5900.435,-1,0.013999999999214197,BACKFILL_AUTO
2026-04-15 14:08:23,1776262103,BOOM600,5900.424,-1,0.011000000000422006,BACKFILL_AUTO
2026-04-15 14:08:24,1776262104,BOOM600,5900.418,-1,0.006000000000312866,BACKFILL_AUTO
2026-04-15 14:08:25,1776262105,BOOM600,5900.397,-1,0.02099999999973079,BACKFILL_AUTO
2026-04-15 14:08:26,1776262106,BOOM600,5900.394,-1,0.0029999999997016857,BACKFILL_AUTO
2026-04-15 14:08:27,1776262107,BOOM600,5900.372,-1,0.021999999999934516,BACKFILL_AUTO
2026-04-15 14:08:28,1776262108,BOOM600,5900.354,-1,0.018000000000029104,BACKFILL_AUTO
2026-04-15 14:08:29,1776262109,BOOM600,5900.339,-1,0.015000000000327418,BACKFILL_AUTO
2026-04-15 14:08:30,1776262110,BOOM600,5900.322,-1,0.016999999999825377,BACKFILL_AUTO
2026-04-15 14:08:31,1776262111,BOOM600,5900.314,-1,0.007999999999810825,BACKFILL_AUTO
2026-04-15 14:08:32,1776262112,BOOM600,5900.311,-1,0.0030000000006111804,BACKFILL_AUTO
2026-04-15 14:08:33,1776262113,BOOM600,5900.298,-1,0.012999999999919964,BACKFILL_AUTO
2026-04-15 14:08:34,1776262114,BOOM600,5900.281,-1,0.016999999999825377,BACKFILL_AUTO
2026-04-15 14:08:35,1776262115,BOOM600,5900.265,-1,0.01599999999962165,BACKFILL_AUTO
2026-04-15 14:08:36,1776262116,BOOM600,5900.263,-1,0.0020000000004074536,BACKFILL_AUTO
2026-04-15 14:08:37,1776262117,BOOM600,5900.255,-1,0.007999999999810825,BACKFILL_AUTO
2026-04-15 14:08:38,1776262118,BOOM600,5900.242,-1,0.012999999999919964,BACKFILL_AUTO
2026-04-15 14:08:39,1776262119,BOOM600,5900.228,-1,0.014000000000123691,BACKFILL_AUTO
2026-04-15 14:08:40,1776262120,BOOM600,5900.215,-1,0.012999999999919964,BACKFILL_AUTO
2026-04-15 14:08:41,1776262121,BOOM600,5900.214,-1,0.0010000000002037268,BACKFILL_AUTO
2026-04-15 14:08:42,1776262122,BOOM600,5900.199,-1,0.015000000000327418,BACKFILL_AUTO
2026-04-15 14:08:43,1776262123,BOOM600,5900.179,-1,0.019999999999527063,BACKFILL_AUTO
2026-04-15 14:08:44,1776262124,BOOM600,5900.16,-1,0.01900000000023283,BACKFILL_AUTO
2026-04-15 14:08:45,1776262125,BOOM600,5900.153,-1,0.006999999999607098,BACKFILL_AUTO
2026-04-15 14:08:46,1776262126,BOOM600,5900.143,-1,0.010000000000218279,BACKFILL_AUTO
2026-04-15 14:08:47,1776262127,BOOM600,5900.141,-1,0.0020000000004074536,BACKFILL_AUTO
2026-04-15 14:08:48,1776262128,BOOM600,5900.131,-1,0.009999999999308784,BACKFILL_AUTO
2026-04-15 14:08:49,1776262129,BOOM600,5900.129,-1,0.0020000000004074536,BACKFILL_AUTO
2026-04-15 14:08:50,1776262130,BOOM600,5900.127,-1,0.001999999999497959,BACKFILL_AUTO
2026-04-15 14:08:51,1776262131,BOOM600,5900.119,-1,0.00800000000072032,BACKFILL_AUTO
2026-04-15 14:08:52,1776262132,BOOM600,5900.112,-1,0.006999999999607098,BACKFILL_AUTO
2026-04-15 14:08:53,1776262133,BOOM600,5900.108,-1,0.0039999999999054126,BACKFILL_AUTO
2026-04-15 14:08:54,1776262134,BOOM600,5900.097,-1,0.011000000000422006,BACKFILL_AUTO
2026-04-15 14:08:55,1776262135,BOOM600,5900.095,-1,0.001999999999497959,BACKFILL_AUTO
2026-04-15 14:08:56,1776262136,BOOM600,5900.085,-1,0.010000000000218279,BACKFILL_AUTO
2026-04-15 14:08:57,1776262137,BOOM600,5900.06,-1,0.024999999999636202,BACKFILL_AUTO
2026-04-15 14:08:58,1776262138,BOOM600,5900.046,-1,0.014000000000123691,BACKFILL_AUTO
2026-04-15 14:08:59,1776262139,BOOM600,5900.038,-1,0.00800000000072032,BACKFILL_AUTO
2026-04-15 14:09:00,1776262140,BOOM600,5900.025,-1,0.012999999999919964,BACKFILL_AUTO
2026-04-15 14:09:01,1776262141,BOOM600,5900.02,-1,0.004999999999199645,BACKFILL_AUTO
2026-04-15 14:09:02,1776262142,BOOM600,5900.014,-1,0.006000000000312866,BACKFILL_AUTO
2026-04-15 14:09:03,1776262143,BOOM600,5900.01,-1,0.0039999999999054126,BACKFILL_AUTO
2026-04-15 14:09:04,1776262144,BOOM600,5899.991,-1,0.01900000000023283,BACKFILL_AUTO
2026-04-15 14:09:05,1776262145,BOOM600,5899.983,-1,0.007999999999810825,BACKFILL_AUTO
2026-04-15 14:09:06,1776262146,BOOM600,5899.971,-1,0.012000000000625732,BACKFILL_AUTO
2026-04-15 14:09:07,1776262147,BOOM600,5899.958,-1,0.012999999999919964,BACKFILL_AUTO
2026-04-15 14:09:08,1776262148,BOOM600,5899.945,-1,0.012999999999919964,BACKFILL_AUTO
2026-04-15 14:09:09,1776262149,BOOM600,5899.941,-1,0.0039999999999054126,BACKFILL_AUTO
2026-04-15 14:09:10,1776262150,BOOM600,5899.936,-1,0.005000000000109139,BACKFILL_AUTO
2026-04-15 14:09:11,1776262151,BOOM600,5899.924,-1,0.011999999999716238,BACKFILL_AUTO
2026-04-15 14:09:12,1776262152,BOOM600,5899.909,-1,0.015000000000327418,BACKFILL_AUTO
2026-04-15 14:09:13,1776262153,BOOM600,5899.904,-1,0.004999999999199645,BACKFILL_AUTO
2026-04-15 14:09:14,1776262154,BOOM600,5899.9,-1,0.004000000000814907,BACKFILL_AUTO
2026-04-15 14:09:15,1776262155,BOOM600,5899.882,-1,0.018000000000029104,BACKFILL_AUTO
2026-04-15 14:09:16,1776262156,BOOM600,5899.869,-1,0.012999999999919964,BACKFILL_AUTO
2026-04-15 14:09:17,1776262157,BOOM600,5899.868,-1,0.0009999999992942321,BACKFILL_AUTO
2026-04-15 14:09:18,1776262158,BOOM600,5899.862,-1,0.006000000000312866,BACKFILL_AUTO
2026-04-15 14:09:19,1776262159,BOOM600,5899.847,-1,0.015000000000327418,BACKFILL_AUTO
2026-04-15 14:09:20,1776262160,BOOM600,5899.835,-1,0.011999999999716238,BACKFILL_AUTO
2026-04-15 14:09:21,1776262161,BOOM600,5899.825,-1,0.010000000000218279,BACKFILL_AUTO
2026-04-15 14:09:22,1776262162,BOOM600,5899.823,-1,0.001999999999497959,BACKFILL_AUTO
2026-04-15 14:09:23,1776262163,BOOM600,5899.806,-1,0.01700000000073487,BACKFILL_AUTO
2026-04-15 14:09:24,1776262164,BOOM600,5899.794,-1,0.011999999999716238,BACKFILL_AUTO
2026-04-15 14:09:25,1776262165,BOOM600,5899.781,-1,0.012999999999919964,BACKFILL_AUTO
2026-04-15 14:09:26,1776262166,BOOM600,5899.78,-1,0.0010000000002037268,BACKFILL_AUTO
2026-04-15 14:09:27,1776262167,BOOM600,5899.765,-1,0.014999999999417923,BACKFILL_AUTO
2026-04-15 14:09:28,1776262168,BOOM600,5899.76,-1,0.005000000000109139,BACKFILL_AUTO
2026-04-15 14:09:29,1776262169,BOOM600,5899.748,-1,0.012000000000625732,BACKFILL_AUTO
2026-04-15 14:09:30,1776262170,BOOM600,5899.734,-1,0.013999999999214197,BACKFILL_AUTO
2026-04-15 14:09:31,1776262171,BOOM600,5899.728,-1,0.006000000000312866,BACKFILL_AUTO
2026-04-15 14:09:32,1776262172,BOOM600,5899.708,-1,0.020000000000436557,BACKFILL_AUTO
2026-04-15 14:09:33,1776262173,BOOM600,5899.703,-1,0.004999999999199645,BACKFILL_AUTO
2026-04-15 14:09:34,1776262174,BOOM600,5899.697,-1,0.006000000000312866,BACKFILL_AUTO
2026-04-15 14:09:35,1776262175,BOOM600,5899.684,-1,0.012999999999919964,BACKFILL_AUTO
2026-04-15 14:09:36,1776262176,BOOM600,5899.672,-1,0.012000000000625732,BACKFILL_AUTO
2026-04-15 14:09:37,1776262177,BOOM600,5899.659,-1,0.012999999999919964,BACKFILL_AUTO
2026-04-15 14:09:38,1776262178,BOOM600,5899.642,-1,0.016999999999825377,BACKFILL_AUTO
2026-04-15 14:09:39,1776262179,BOOM600,5899.638,-1,0.0039999999999054126,BACKFILL_AUTO
2026-04-15 14:09:40,1776262180,BOOM600,5899.63,-1,0.007999999999810825,BACKFILL_AUTO
2026-04-15 14:09:41,1776262181,BOOM600,5899.622,-1,0.007999999999810825,BACKFILL_AUTO
2026-04-15 14:09:42,1776262182,BOOM600,5899.609,-1,0.012999999999919964,BACKFILL_AUTO
2026-04-15 14:09:43,1776262183,BOOM600,5899.595,-1,0.014000000000123691,BACKFILL_AUTO
2026-04-15 14:09:44,1776262184,BOOM600,5899.594,-1,0.0010000000002037268,BACKFILL_AUTO
2026-04-15 14:09:45,1776262185,BOOM600,5899.578,-1,0.01599999999962165,BACKFILL_AUTO
2026-04-15 14:09:46,1776262186,BOOM600,5899.574,-1,0.004000000000814907,BACKFILL_AUTO
2026-04-15 14:09:47,1776262187,BOOM600,5899.568,-1,0.0059999999994033715,BACKFILL_AUTO
2026-04-15 14:09:48,1776262188,BOOM600,5899.557,-1,0.011000000000422006,BACKFILL_AUTO
2026-04-15 14:09:49,1776262189,BOOM600,5899.545,-1,0.011999999999716238,BACKFILL_AUTO
2026-04-15 14:09:50,1776262190,BOOM600,5899.543,-1,0.0020000000004074536,BACKFILL_AUTO
2026-04-15 14:09:51,1776262191,BOOM600,5899.526,-1,0.016999999999825377,BACKFILL_AUTO
2026-04-15 14:09:52,1776262192,BOOM600,5899.519,-1,0.006999999999607098,BACKFILL_AUTO
2026-04-15 14:09:53,1776262193,BOOM600,5899.516,-1,0.0030000000006111804,BACKFILL_AUTO
2026-04-15 14:09:54,1776262194,BOOM600,5899.514,-1,0.001999999999497959,BACKFILL_AUTO
2026-04-15 14:09:55,1776262195,BOOM600,5899.506,-1,0.007999999999810825,BACKFILL_AUTO
2026-04-15 14:09:56,1776262196,BOOM600,5899.504,-1,0.0020000000004074536,BACKFILL_AUTO
2026-04-15 14:09:57,1776262197,BOOM600,5899.487,-1,0.016999999999825377,BACKFILL_AUTO
2026-04-15 14:09:58,1776262198,BOOM600,5899.478,-1,0.009000000000014552,BACKFILL_AUTO
2026-04-15 14:09:59,1776262199,BOOM600,5899.476,-1,0.0020000000004074536,BACKFILL_AUTO
2026-04-15 14:10:00,1776262200,BOOM600,5899.47,-1,0.0059999999994033715,BACKFILL_AUTO
2026-04-15 14:10:01,1776262201,BOOM600,5899.466,-1,0.0039999999999054126,BACKFILL_AUTO
2026-04-15 14:10:02,1776262202,BOOM600,5899.464,-1,0.0020000000004074536,BACKFILL_AUTO
2026-04-15 14:10:03,1776262203,BOOM600,5899.444,-1,0.019999999999527063,BACKFILL_AUTO
2026-04-15 14:10:04,1776262204,BOOM600,5899.434,-1,0.010000000000218279,BACKFILL_AUTO
2026-04-15 14:10:05,1776262205,BOOM600,5899.421,-1,0.012999999999919964,BACKFILL_AUTO
2026-04-15 14:10:06,1776262206,BOOM600,5899.41,-1,0.011000000000422006,BACKFILL_AUTO
2026-04-15 14:10:07,1776262207,BOOM600,5899.395,-1,0.014999999999417923,BACKFILL_AUTO
2026-04-15 14:10:08,1776262208,BOOM600,5899.377,-1,0.018000000000029104,BACKFILL_AUTO
2026-04-15 14:10:09,1776262209,BOOM600,5899.367,-1,0.010000000000218279,BACKFILL_AUTO
2026-04-15 14:10:10,1776262210,BOOM600,5899.36,-1,0.007000000000516593,BACKFILL_AUTO
2026-04-15 14:10:11,1776262211,BOOM600,5899.351,-1,0.009000000000014552,BACKFILL_AUTO
2026-04-15 14:10:12,1776262212,BOOM600,5899.331,-1,0.019999999999527063,BACKFILL_AUTO
2026-04-15 14:10:13,1776262213,BOOM600,5899.317,-1,0.014000000000123691,BACKFILL_AUTO
2026-04-15 14:10:14,1776262214,BOOM600,5899.306,-1,0.011000000000422006,BACKFILL_AUTO
2026-04-15 14:10:15,1776262215,BOOM600,5899.297,-1,0.009000000000014552,BACKFILL_AUTO
2026-04-15 14:10:16,1776262216,BOOM600,5899.286,-1,0.01099999999951251,BACKFILL_AUTO
2026-04-15 14:10:17,1776262217,BOOM600,5899.267,-1,0.01900000000023283,BACKFILL_AUTO
2026-04-15 14:10:18,1776262218,BOOM600,5899.25,-1,0.016999999999825377,BACKFILL_AUTO
2026-04-15 14:10:19,1776262219,BOOM600,5899.231,-1,0.01900000000023283,BACKFILL_AUTO
2026-04-15 14:10:20,1776262220,BOOM600,5899.229,-1,0.001999999999497959,BACKFILL_AUTO
2026-04-15 14:10:21,1776262221,BOOM600,5899.229,0,0.0,BACKFILL_AUTO
2026-04-15 14:10:22,1776262222,BOOM600,5899.206,-1,0.023000000000138243,BACKFILL_AUTO
2026-04-15 14:10:23,1776262223,BOOM600,5899.204,-1,0.0020000000004074536,BACKFILL_AUTO
2026-04-15 14:10:24,1776262224,BOOM600,5899.195,-1,0.009000000000014552,BACKFILL_AUTO
2026-04-15 14:10:25,1776262225,BOOM600,5899.186,-1,0.009000000000014552,BACKFILL_AUTO
2026-04-15 14:10:26,1776262226,BOOM600,5899.169,-1,0.016999999999825377,BACKFILL_AUTO
2026-04-15 14:10:27,1776262227,BOOM600,5899.166,-1,0.0029999999997016857,BACKFILL_AUTO
2026-04-15 14:10:28,1776262228,BOOM600,5899.165,-1,0.0010000000002037268,BACKFILL_AUTO
2026-04-15 14:10:29,1776262229,BOOM600,5899.147,-1,0.018000000000029104,BACKFILL_AUTO
2026-04-15 14:10:30,1776262230,BOOM600,5899.135,-1,0.011999999999716238,BACKFILL_AUTO
2026-04-15 14:10:31,1776262231,BOOM600,5899.134,-1,0.0010000000002037268,BACKFILL_AUTO
2026-04-15 14:10:32,1776262232,BOOM600,5899.125,-1,0.009000000000014552,BACKFILL_AUTO
2026-04-15 14:10:33,1776262233,BOOM600,5899.124,-1,0.0010000000002037268,BACKFILL_AUTO
2026-04-15 14:10:34,1776262234,BOOM600,5899.111,-1,0.012999999999919964,BACKFILL_AUTO
2026-04-15 14:10:35,1776262235,BOOM600,5899.1,-1,0.01099999999951251,BACKFILL_AUTO
2026-04-15 14:10:36,1776262236,BOOM600,5899.091,-1,0.009000000000014552,BACKFILL_AUTO
2026-04-15 14:10:37,1776262237,BOOM600,5899.073,-1,0.018000000000029104,BACKFILL_AUTO
2026-04-15 14:10:38,1776262238,BOOM600,5899.071,-1,0.0020000000004074536,BACKFILL_AUTO
2026-04-15 14:10:39,1776262239,BOOM600,5899.07,-1,0.0010000000002037268,BACKFILL_AUTO
2026-04-15 14:10:40,1776262240,BOOM600,5899.045,-1,0.024999999999636202,BACKFILL_AUTO
2026-04-15 14:10:41,1776262241,BOOM600,5899.045,0,0.0,BACKFILL_AUTO
2026-04-15 14:10:42,1776262242,BOOM600,5899.04,-1,0.005000000000109139,BACKFILL_AUTO
2026-04-15 14:10:43,1776262243,BOOM600,5899.038,-1,0.0020000000004074536,BACKFILL_AUTO
2026-04-15 14:10:44,1776262244,BOOM600,5899.034,-1,0.0039999999999054126,BACKFILL_AUTO
2026-04-15 14:10:45,1776262245,BOOM600,5899.024,-1,0.009999999999308784,BACKFILL_AUTO
2026-04-15 14:10:46,1776262246,BOOM600,5899.014,-1,0.010000000000218279,BACKFILL_AUTO
2026-04-15 14:10:47,1776262247,BOOM600,5899.013,-1,0.0010000000002037268,BACKFILL_AUTO
2026-04-15 14:10:48,1776262248,BOOM600,5899.012,-1,0.0010000000002037268,BACKFILL_AUTO
2026-04-15 14:10:49,1776262249,BOOM600,5899.011,-1,0.0009999999992942321,BACKFILL_AUTO
2026-04-15 14:10:50,1776262250,BOOM600,5899.01,-1,0.0010000000002037268,BACKFILL_AUTO
2026-04-15 14:10:51,1776262251,BOOM600,5899.009,-1,0.0010000000002037268,BACKFILL_AUTO
2026-04-15 14:10:52,1776262252,BOOM600,5899.004,-1,0.005000000000109139,BACKFILL_AUTO
2026-04-15 14:10:53,1776262253,BOOM600,5898.984,-1,0.019999999999527063,BACKFILL_AUTO
2026-04-15 14:10:54,1776262254,BOOM600,5898.973,-1,0.011000000000422006,BACKFILL_AUTO
2026-04-15 14:10:55,1776262255,BOOM600,5898.962,-1,0.01099999999951251,BACKFILL_AUTO
2026-04-15 14:10:56,1776262256,BOOM600,5898.962,0,0.0,BACKFILL_AUTO
2026-04-15 14:10:57,1776262257,BOOM600,5898.944,-1,0.018000000000029104,BACKFILL_AUTO
2026-04-15 14:10:58,1776262258,BOOM600,5898.935,-1,0.009000000000014552,BACKFILL_AUTO
2026-04-15 14:10:59,1776262259,BOOM600,5898.928,-1,0.007000000000516593,BACKFILL_AUTO
2026-04-15 14:11:00,1776262260,BOOM600,5898.913,-1,0.015000000000327418,BACKFILL_AUTO
2026-04-15 14:11:01,1776262261,BOOM600,5898.912,-1,0.0009999999992942321,BACKFILL_AUTO
2026-04-15 14:11:02,1776262262,BOOM600,5898.902,-1,0.010000000000218279,BACKFILL_AUTO
2026-04-15 14:11:03,1776262263,BOOM600,5898.884,-1,0.018000000000029104,BACKFILL_AUTO
2026-04-15 14:11:04,1776262264,BOOM600,5898.875,-1,0.009000000000014552,BACKFILL_AUTO
2026-04-15 14:11:05,1776262265,BOOM600,5898.858,-1,0.016999999999825377,BACKFILL_AUTO
2026-04-15 14:11:06,1776262266,BOOM600,5898.858,0,0.0,BACKFILL_AUTO
2026-04-15 14:11:07,1776262267,BOOM600,5898.857,-1,0.0010000000002037268,BACKFILL_AUTO
2026-04-15 14:11:08,1776262268,BOOM600,5898.857,0,0.0,BACKFILL_AUTO
2026-04-15 14:11:09,1776262269,BOOM600,5898.842,-1,0.015000000000327418,BACKFILL_AUTO
2026-04-15 14:11:10,1776262270,BOOM600,5898.831,-1,0.01099999999951251,BACKFILL_AUTO
2026-04-15 14:11:11,1776262271,BOOM600,5898.824,-1,0.007000000000516593,BACKFILL_AUTO
2026-04-15 14:11:12,1776262272,BOOM600,5898.802,-1,0.021999999999934516,BACKFILL_AUTO
2026-04-15 14:11:13,1776262273,BOOM600,5898.789,-1,0.012999999999919964,BACKFILL_AUTO
2026-04-15 14:11:14,1776262274,BOOM600,5898.78,-1,0.009000000000014552,BACKFILL_AUTO
2026-04-15 14:11:15,1776262275,BOOM600,5898.764,-1,0.01599999999962165,BACKFILL_AUTO
2026-04-15 14:11:16,1776262276,BOOM600,5898.76,-1,0.0039999999999054126,BACKFILL_AUTO
2026-04-15 14:11:17,1776262277,BOOM600,5898.746,-1,0.014000000000123691,BACKFILL_AUTO
2026-04-15 14:11:18,1776262278,BOOM600,5898.724,-1,0.021999999999934516,BACKFILL_AUTO
2026-04-15 14:11:19,1776262279,BOOM600,5898.717,-1,0.007000000000516593,BACKFILL_AUTO
2026-04-15 14:11:20,1776262280,BOOM600,5898.711,-1,0.0059999999994033715,BACKFILL_AUTO
2026-04-15 14:11:21,1776262281,BOOM600,5898.708,-1,0.0030000000006111804,BACKFILL_AUTO
2026-04-15 14:11:22,1776262282,BOOM600,5898.698,-1,0.009999999999308784,BACKFILL_AUTO
2026-04-15 14:11:23,1776262283,BOOM600,5898.696,-1,0.0020000000004074536,BACKFILL_AUTO
2026-04-15 14:11:24,1776262284,BOOM600,5898.687,-1,0.009000000000014552,BACKFILL_AUTO
2026-04-15 14:11:25,1776262285,BOOM600,5898.681,-1,0.006000000000312866,BACKFILL_AUTO
2026-04-15 14:11:26,1776262286,BOOM600,5898.68,-1,0.0009999999992942321,BACKFILL_AUTO
2026-04-15 14:11:27,1776262287,BOOM600,5898.676,-1,0.0039999999999054126,BACKFILL_AUTO
2026-04-15 14:11:28,1776262288,BOOM600,5898.668,-1,0.00800000000072032,BACKFILL_AUTO
2026-04-15 14:11:29,1776262289,BOOM600,5898.663,-1,0.005000000000109139,BACKFILL_AUTO
2026-04-15 14:11:30,1776262290,BOOM600,5898.645,-1,0.01799999999911961,BACKFILL_AUTO
2026-04-15 14:11:31,1776262291,BOOM600,5898.626,-1,0.01900000000023283,BACKFILL_AUTO
2026-04-15 14:11:32,1776262292,BOOM600,5898.619,-1,0.007000000000516593,BACKFILL_AUTO
2026-04-15 14:11:33,1776262293,BOOM600,5898.618,-1,0.0009999999992942321,BACKFILL_AUTO
2026-04-15 14:11:34,1776262294,BOOM600,5898.595,-1,0.023000000000138243,BACKFILL_AUTO
2026-04-15 14:11:35,1776262295,BOOM600,5898.582,-1,0.012999999999919964,BACKFILL_AUTO
2026-04-15 14:11:36,1776262296,BOOM600,5898.569,-1,0.012999999999919964,BACKFILL_AUTO
2026-04-15 14:11:37,1776262297,BOOM600,5898.563,-1,0.006000000000312866,BACKFILL_AUTO
2026-04-15 14:11:38,1776262298,BOOM600,5898.554,-1,0.009000000000014552,BACKFILL_AUTO
2026-04-15 14:11:39,1776262299,BOOM600,5898.541,-1,0.012999999999919964,BACKFILL_AUTO
2026-04-15 14:11:40,1776262300,BOOM600,5898.54,-1,0.0010000000002037268,BACKFILL_AUTO
2026-04-15 14:11:41,1776262301,BOOM600,5898.529,-1,0.01099999999951251,BACKFILL_AUTO
2026-04-15 14:11:42,1776262302,BOOM600,5898.505,-1,0.02400000000034197,BACKFILL_AUTO
2026-04-15 14:11:43,1776262303,BOOM600,5898.489,-1,0.016000000000531145,BACKFILL_AUTO
2026-04-15 14:11:44,1776262304,BOOM600,5898.488,-1,0.0009999999992942321,BACKFILL_AUTO
2026-04-15 14:11:45,1776262305,BOOM600,5898.465,-1,0.023000000000138243,BACKFILL_AUTO
2026-04-15 14:11:46,1776262306,BOOM600,5898.462,-1,0.0029999999997016857,BACKFILL_AUTO
2026-04-15 14:11:47,1776262307,BOOM600,5898.46,-1,0.0020000000004074536,BACKFILL_AUTO
2026-04-15 14:11:48,1776262308,BOOM600,5898.447,-1,0.012999999999919964,BACKFILL_AUTO
2026-04-15 14:11:49,1776262309,BOOM600,5898.445,-1,0.0020000000004074536,BACKFILL_AUTO
2026-04-15 14:11:50,1776262310,BOOM600,5898.435,-1,0.009999999999308784,BACKFILL_AUTO
2026-04-15 14:11:51,1776262311,BOOM600,5898.423,-1,0.012000000000625732,BACKFILL_AUTO
2026-04-15 14:11:52,1776262312,BOOM600,5898.41,-1,0.012999999999919964,BACKFILL_AUTO
2026-04-15 14:11:53,1776262313,BOOM600,5898.385,-1,0.024999999999636202,BACKFILL_AUTO
2026-04-15 14:11:54,1776262314,BOOM600,5898.372,-1,0.012999999999919964,BACKFILL_AUTO
2026-04-15 14:11:55,1776262315,BOOM600,5898.369,-1,0.0030000000006111804,BACKFILL_AUTO
2026-04-15 14:11:56,1776262316,BOOM600,5898.362,-1,0.006999999999607098,BACKFILL_AUTO
2026-04-15 14:11:57,1776262317,BOOM600,5898.347,-1,0.015000000000327418,BACKFILL_AUTO
2026-04-15 14:11:58,1776262318,BOOM600,5898.34,-1,0.006999999999607098,BACKFILL_AUTO
2026-04-15 14:11:59,1776262319,BOOM600,5898.322,-1,0.018000000000029104,BACKFILL_AUTO
2026-04-15 14:12:00,1776262320,BOOM600,5898.304,-1,0.018000000000029104,BACKFILL_AUTO
2026-04-15 14:12:01,1776262321,BOOM600,5898.29,-1,0.014000000000123691,BACKFILL_AUTO
2026-04-15 14:12:02,1776262322,BOOM600,5898.272,-1,0.018000000000029104,BACKFILL_AUTO
2026-04-15 14:12:03,1776262323,BOOM600,5898.252,-1,0.019999999999527063,BACKFILL_AUTO
2026-04-15 14:12:04,1776262324,BOOM600,5898.247,-1,0.005000000000109139,BACKFILL_AUTO
2026-04-15 14:12:05,1776262325,BOOM600,5898.233,-1,0.014000000000123691,BACKFILL_AUTO
2026-04-15 14:12:06,1776262326,BOOM600,5898.222,-1,0.011000000000422006,BACKFILL_AUTO
2026-04-15 14:12:07,1776262327,BOOM600,5898.218,-1,0.0039999999999054126,BACKFILL_AUTO
2026-04-15 14:12:08,1776262328,BOOM600,5898.197,-1,0.02099999999973079,BACKFILL_AUTO
2026-04-15 14:12:09,1776262329,BOOM600,5898.19,-1,0.007000000000516593,BACKFILL_AUTO
2026-04-15 14:12:10,1776262330,BOOM600,5898.172,-1,0.018000000000029104,BACKFILL_AUTO
2026-04-15 14:12:11,1776262331,BOOM600,5898.155,-1,0.016999999999825377,BACKFILL_AUTO
2026-04-15 14:12:12,1776262332,BOOM600,5898.135,-1,0.019999999999527063,BACKFILL_AUTO
2026-04-15 14:12:13,1776262333,BOOM600,5898.124,-1,0.011000000000422006,BACKFILL_AUTO
2026-04-15 14:12:14,1776262334,BOOM600,5898.119,-1,0.005000000000109139,BACKFILL_AUTO
2026-04-15 14:12:15,1776262335,BOOM600,5898.115,-1,0.0039999999999054126,BACKFILL_AUTO
2026-04-15 14:12:16,1776262336,BOOM600,5898.094,-1,0.02099999999973079,BACKFILL_AUTO
2026-04-15 14:12:17,1776262337,BOOM600,5898.071,-1,0.023000000000138243,BACKFILL_AUTO
2026-04-15 14:12:18,1776262338,BOOM600,5898.057,-1,0.014000000000123691,BACKFILL_AUTO
2026-04-15 14:12:19,1776262339,BOOM600,5898.038,-1,0.01900000000023283,BACKFILL_AUTO
2026-04-15 14:12:20,1776262340,BOOM600,5898.022,-1,0.01599999999962165,BACKFILL_AUTO
2026-04-15 14:12:21,1776262341,BOOM600,5898.013,-1,0.009000000000014552,BACKFILL_AUTO
2026-04-15 14:12:22,1776262342,BOOM600,5897.992,-1,0.02099999999973079,BACKFILL_AUTO
2026-04-15 14:12:23,1776262343,BOOM600,5897.989,-1,0.0030000000006111804,BACKFILL_AUTO
2026-04-15 14:12:24,1776262344,BOOM600,5897.979,-1,0.009999999999308784,BACKFILL_AUTO
2026-04-15 14:12:25,1776262345,BOOM600,5897.974,-1,0.005000000000109139,BACKFILL_AUTO
2026-04-15 14:12:26,1776262346,BOOM600,5897.959,-1,0.015000000000327418,BACKFILL_AUTO
2026-04-15 14:12:27,1776262347,BOOM600,5897.93,-1,0.028999999999541615,BACKFILL_AUTO
2026-04-15 14:12:28,1776262348,BOOM600,5897.927,-1,0.0030000000006111804,BACKFILL_AUTO
2026-04-15 14:12:29,1776262349,BOOM600,5897.923,-1,0.0039999999999054126,BACKFILL_AUTO
2026-04-15 14:12:30,1776262350,BOOM600,5897.919,-1,0.0039999999999054126,BACKFILL_AUTO
2026-04-15 14:12:31,1776262351,BOOM600,5897.909,-1,0.010000000000218279,BACKFILL_AUTO
2026-04-15 14:12:32,1776262352,BOOM600,5897.896,-1,0.012999999999919964,BACKFILL_AUTO
2026-04-15 14:12:33,1776262353,BOOM600,5897.896,0,0.0,BACKFILL_AUTO
2026-04-15 14:12:34,1776262354,BOOM600,5897.88,-1,0.01599999999962165,BACKFILL_AUTO
2026-04-15 14:12:35,1776262355,BOOM600,5897.88,0,0.0,BACKFILL_AUTO
2026-04-15 14:12:36,1776262356,BOOM600,5897.86,-1,0.020000000000436557,BACKFILL_AUTO
2026-04-15 14:12:37,1776262357,BOOM600,5897.844,-1,0.01599999999962165,BACKFILL_AUTO
2026-04-15 14:12:38,1776262358,BOOM600,5897.838,-1,0.006000000000312866,BACKFILL_AUTO
2026-04-15 14:12:39,1776262359,BOOM600,5897.837,-1,0.0009999999992942321,BACKFILL_AUTO
2026-04-15 14:12:40,1776262360,BOOM600,5897.833,-1,0.004000000000814907,BACKFILL_AUTO
2026-04-15 14:12:41,1776262361,BOOM600,5897.824,-1,0.009000000000014552,BACKFILL_AUTO
2026-04-15 14:12:42,1776262362,BOOM600,5897.806,-1,0.018000000000029104,BACKFILL_AUTO
2026-04-15 14:12:43,1776262363,BOOM600,5897.798,-1,0.007999999999810825,BACKFILL_AUTO
2026-04-15 14:12:44,1776262364,BOOM600,5897.792,-1,0.0059999999994033715,BACKFILL_AUTO
2026-04-15 14:12:45,1776262365,BOOM600,5897.785,-1,0.007000000000516593,BACKFILL_AUTO
2026-04-15 14:12:46,1776262366,BOOM600,5897.779,-1,0.0059999999994033715,BACKFILL_AUTO
2026-04-15 14:12:47,1776262367,BOOM600,5897.775,-1,0.004000000000814907,BACKFILL_AUTO
2026-04-15 14:12:48,1776262368,BOOM600,5897.761,-1,0.013999999999214197,BACKFILL_AUTO
2026-04-15 14:12:49,1776262369,BOOM600,5897.743,-1,0.018000000000029104,BACKFILL_AUTO
2026-04-15 14:12:50,1776262370,BOOM600,5897.728,-1,0.015000000000327418,BACKFILL_AUTO
2026-04-15 14:12:51,1776262371,BOOM600,5897.715,-1,0.012999999999919964,BACKFILL_AUTO
2026-04-15 14:12:52,1776262372,BOOM600,5897.71,-1,0.005000000000109139,BACKFILL_AUTO
2026-04-15 14:12:53,1776262373,BOOM600,5897.707,-1,0.0029999999997016857,BACKFILL_AUTO
2026-04-15 14:12:54,1776262374,BOOM600,5897.705,-1,0.0020000000004074536,BACKFILL_AUTO
2026-04-15 14:12:55,1776262375,BOOM600,5897.684,-1,0.02099999999973079,BACKFILL_AUTO
2026-04-15 14:12:56,1776262376,BOOM600,5897.658,-1,0.02599999999983993,BACKFILL_AUTO
2026-04-15 14:12:57,1776262377,BOOM600,5897.65,-1,0.00800000000072032,BACKFILL_AUTO
2026-04-15 14:12:58,1776262378,BOOM600,5897.64,-1,0.009999999999308784,BACKFILL_AUTO
2026-04-15 14:12:59,1776262379,BOOM600,5897.633,-1,0.007000000000516593,BACKFILL_AUTO
2026-04-15 14:13:00,1776262380,BOOM600,5897.633,0,0.0,BACKFILL_AUTO
2026-04-15 14:13:01,1776262381,BOOM600,5897.612,-1,0.02099999999973079,BACKFILL_AUTO
2026-04-15 14:13:02,1776262382,BOOM600,5897.593,-1,0.01900000000023283,BACKFILL_AUTO
2026-04-15 14:13:03,1776262383,BOOM600,5897.576,-1,0.016999999999825377,BACKFILL_AUTO
2026-04-15 14:13:04,1776262384,BOOM600,5897.565,-1,0.011000000000422006,BACKFILL_AUTO
2026-04-15 14:13:05,1776262385,BOOM600,5897.555,-1,0.009999999999308784,BACKFILL_AUTO
2026-04-15 14:13:06,1776262386,BOOM600,5897.55,-1,0.005000000000109139,BACKFILL_AUTO
2026-04-15 14:13:07,1776262387,BOOM600,5897.537,-1,0.012999999999919964,BACKFILL_AUTO
2026-04-15 14:13:08,1776262388,BOOM600,5897.528,-1,0.009000000000014552,BACKFILL_AUTO
2026-04-15 14:13:09,1776262389,BOOM600,5897.516,-1,0.012000000000625732,BACKFILL_AUTO
2026-04-15 14:13:10,1776262390,BOOM600,5897.51,-1,0.0059999999994033715,BACKFILL_AUTO
2026-04-15 14:13:11,1776262391,BOOM600,5897.501,-1,0.009000000000014552,BACKFILL_AUTO
2026-04-15 14:13:12,1776262392,BOOM600,5897.497,-1,0.0039999999999054126,BACKFILL_AUTO
2026-04-15 14:13:13,1776262393,BOOM600,5897.497,0,0.0,BACKFILL_AUTO
2026-04-15 14:13:14,1776262394,BOOM600,5897.493,-1,0.0039999999999054126,BACKFILL_AUTO
2026-04-15 14:13:15,1776262395,BOOM600,5897.482,-1,0.011000000000422006,BACKFILL_AUTO
2026-04-15 14:13:16,1776262396,BOOM600,5897.465,-1,0.016999999999825377,BACKFILL_AUTO
2026-04-15 14:13:17,1776262397,BOOM600,5897.456,-1,0.009000000000014552,BACKFILL_AUTO
2026-04-15 14:13:18,1776262398,BOOM600,5897.449,-1,0.007000000000516593,BACKFILL_AUTO
2026-04-15 14:13:19,1776262399,BOOM600,5897.447,-1,0.001999999999497959,BACKFILL_AUTO
2026-04-15 14:13:20,1776262400,BOOM600,5897.443,-1,0.0039999999999054126,BACKFILL_AUTO
2026-04-15 14:13:21,1776262401,BOOM600,5897.422,-1,0.021000000000640284,BACKFILL_AUTO
2026-04-15 14:13:22,1776262402,BOOM600,5897.417,-1,0.004999999999199645,BACKFILL_AUTO
2026-04-15 14:13:23,1776262403,BOOM600,5897.401,-1,0.016000000000531145,BACKFILL_AUTO
2026-04-15 14:13:24,1776262404,BOOM600,5897.401,0,0.0,BACKFILL_AUTO
2026-04-15 14:13:25,1776262405,BOOM600,5897.395,-1,0.0059999999994033715,BACKFILL_AUTO
2026-04-15 14:13:26,1776262406,BOOM600,5897.391,-1,0.004000000000814907,BACKFILL_AUTO
2026-04-15 14:13:27,1776262407,BOOM600,5897.383,-1,0.007999999999810825,BACKFILL_AUTO
2026-04-15 14:13:28,1776262408,BOOM600,5897.36,-1,0.023000000000138243,BACKFILL_AUTO
2026-04-15 14:13:29,1776262409,BOOM600,5897.355,-1,0.005000000000109139,BACKFILL_AUTO
2026-04-15 14:13:30,1776262410,BOOM600,5897.347,-1,0.007999999999810825,BACKFILL_AUTO
2026-04-15 14:13:31,1776262411,BOOM600,5897.333,-1,0.014000000000123691,BACKFILL_AUTO
2026-04-15 14:13:32,1776262412,BOOM600,5897.315,-1,0.018000000000029104,BACKFILL_AUTO
2026-04-15 14:13:33,1776262413,BOOM600,5897.298,-1,0.016999999999825377,BACKFILL_AUTO
2026-04-15 14:13:34,1776262414,BOOM600,5897.282,-1,0.01599999999962165,BACKFILL_AUTO
2026-04-15 14:13:35,1776262415,BOOM600,5897.278,-1,0.0039999999999054126,BACKFILL_AUTO
2026-04-15 14:13:36,1776262416,BOOM600,5897.264,-1,0.014000000000123691,BACKFILL_AUTO
2026-04-15 14:13:37,1776262417,BOOM600,5897.257,-1,0.007000000000516593,BACKFILL_AUTO
2026-04-15 14:13:38,1776262418,BOOM600,5897.252,-1,0.004999999999199645,BACKFILL_AUTO
2026-04-15 14:13:39,1776262419,BOOM600,5897.239,-1,0.01300000000082946,BACKFILL_AUTO
2026-04-15 14:13:40,1776262420,BOOM600,5897.233,-1,0.0059999999994033715,BACKFILL_AUTO
2026-04-15 14:13:41,1776262421,BOOM600,5897.217,-1,0.016000000000531145,BACKFILL_AUTO
2026-04-15 14:13:42,1776262422,BOOM600,5897.203,-1,0.013999999999214197,BACKFILL_AUTO
2026-04-15 14:13:43,1776262423,BOOM600,5897.202,-1,0.0010000000002037268,BACKFILL_AUTO
2026-04-15 14:13:44,1776262424,BOOM600,5897.201,-1,0.0010000000002037268,BACKFILL_AUTO
2026-04-15 14:13:45,1776262425,BOOM600,5897.192,-1,0.009000000000014552,BACKFILL_AUTO
2026-04-15 14:13:46,1776262426,BOOM600,5897.186,-1,0.006000000000312866,BACKFILL_AUTO
2026-04-15 14:13:47,1776262427,BOOM600,5897.172,-1,0.014000000000123691,BACKFILL_AUTO
2026-04-15 14:13:48,1776262428,BOOM600,5897.168,-1,0.0039999999999054126,BACKFILL_AUTO
2026-04-15 14:13:49,1776262429,BOOM600,5897.16,-1,0.007999999999810825,BACKFILL_AUTO
2026-04-15 14:13:50,1776262430,BOOM600,5897.154,-1,0.0059999999994033715,BACKFILL_AUTO
2026-04-15 14:13:51,1776262431,BOOM600,5897.141,-1,0.01300000000082946,BACKFILL_AUTO
2026-04-15 14:13:52,1776262432,BOOM600,5897.121,-1,0.019999999999527063,BACKFILL_AUTO
2026-04-15 14:13:53,1776262433,BOOM600,5897.111,-1,0.010000000000218279,BACKFILL_AUTO
2026-04-15 14:13:54,1776262434,BOOM600,5897.111,0,0.0,BACKFILL_AUTO
2026-04-15 14:13:55,1776262435,BOOM600,5897.108,-1,0.0029999999997016857,BACKFILL_AUTO
2026-04-15 14:13:56,1776262436,BOOM600,5897.104,-1,0.0039999999999054126,BACKFILL_AUTO
2026-04-15 14:13:57,1776262437,BOOM600,5897.085,-1,0.01900000000023283,BACKFILL_AUTO
2026-04-15 14:13:58,1776262438,BOOM600,5897.08,-1,0.005000000000109139,BACKFILL_AUTO
2026-04-15 14:13:59,1776262439,BOOM600,5897.076,-1,0.0039999999999054126,BACKFILL_AUTO
2026-04-15 14:14:00,1776262440,BOOM600,5897.073,-1,0.0029999999997016857,BACKFILL_AUTO
2026-04-15 14:14:01,1776262441,BOOM600,5905.043,1,7.969999999999345,BACKFILL_AUTO
2026-04-15 14:14:02,1776262442,BOOM600,5905.027,-1,0.01599999999962165,BACKFILL_AUTO
2026-04-15 14:14:03,1776262443,BOOM600,5905.021,-1,0.006000000000312866,BACKFILL_AUTO
2026-04-15 14:14:04,1776262444,BOOM600,5905.0,-1,0.02099999999973079,BACKFILL_AUTO
2026-04-15 14:14:05,1776262445,BOOM600,5904.993,-1,0.006999999999607098,BACKFILL_AUTO
2026-04-15 14:14:06,1776262446,BOOM600,5904.981,-1,0.012000000000625732,BACKFILL_AUTO
2026-04-15 14:14:07,1776262447,BOOM600,5904.972,-1,0.009000000000014552,BACKFILL_AUTO
2026-04-15 14:14:08,1776262448,BOOM600,5904.945,-1,0.027000000000043656,BACKFILL_AUTO
2026-04-15 14:14:09,1776262449,BOOM600,5904.94,-1,0.005000000000109139,BACKFILL_AUTO
2026-04-15 14:14:10,1776262450,BOOM600,5904.918,-1,0.021999999999934516,BACKFILL_AUTO
2026-04-15 14:14:11,1776262451,BOOM600,5904.913,-1,0.005000000000109139,BACKFILL_AUTO
2026-04-15 14:14:12,1776262452,BOOM600,5904.909,-1,0.0039999999999054126,BACKFILL_AUTO
2026-04-15 14:14:13,1776262453,BOOM600,5904.894,-1,0.014999999999417923,BACKFILL_AUTO
2026-04-15 14:14:14,1776262454,BOOM600,5904.883,-1,0.011000000000422006,BACKFILL_AUTO
2026-04-15 14:14:15,1776262455,BOOM600,5904.866,-1,0.016999999999825377,BACKFILL_AUTO
2026-04-15 14:14:16,1776262456,BOOM600,5904.849,-1,0.016999999999825377,BACKFILL_AUTO
2026-04-15 14:14:17,1776262457,BOOM600,5904.834,-1,0.015000000000327418,BACKFILL_AUTO
2026-04-15 14:14:18,1776262458,BOOM600,5904.828,-1,0.0059999999994033715,BACKFILL_AUTO
2026-04-15 14:14:19,1776262459,BOOM600,5904.818,-1,0.010000000000218279,BACKFILL_AUTO
2026-04-15 14:14:20,1776262460,BOOM600,5904.806,-1,0.012000000000625732,BACKFILL_AUTO
2026-04-15 14:14:21,1776262461,BOOM600,5904.803,-1,0.0029999999997016857,BACKFILL_AUTO
2026-04-15 14:14:22,1776262462,BOOM600,5904.795,-1,0.007999999999810825,BACKFILL_AUTO
2026-04-15 14:14:23,1776262463,BOOM600,5904.78,-1,0.015000000000327418,BACKFILL_AUTO
2026-04-15 14:14:24,1776262464,BOOM600,5904.776,-1,0.0039999999999054126,BACKFILL_AUTO
2026-04-15 14:14:25,1776262465,BOOM600,5904.768,-1,0.007999999999810825,BACKFILL_AUTO
2026-04-15 14:14:26,1776262466,BOOM600,5904.76,-1,0.007999999999810825,BACKFILL_AUTO
2026-04-15 14:14:27,1776262467,BOOM600,5904.734,-1,0.02599999999983993,BACKFILL_AUTO
2026-04-15 14:14:28,1776262468,BOOM600,5904.732,-1,0.0020000000004074536,BACKFILL_AUTO
2026-04-15 14:14:29,1776262469,BOOM600,5904.729,-1,0.0029999999997016857,BACKFILL_AUTO
2026-04-15 14:14:30,1776262470,BOOM600,5904.729,0,0.0,BACKFILL_AUTO
2026-04-15 14:14:31,1776262471,BOOM600,5904.722,-1,0.007000000000516593,BACKFILL_AUTO
2026-04-15 14:14:32,1776262472,BOOM600,5904.712,-1,0.009999999999308784,BACKFILL_AUTO
2026-04-15 14:14:33,1776262473,BOOM600,5904.707,-1,0.005000000000109139,BACKFILL_AUTO
2026-04-15 14:14:34,1776262474,BOOM600,5904.696,-1,0.011000000000422006,BACKFILL_AUTO
2026-04-15 14:14:35,1776262475,BOOM600,5904.695,-1,0.0010000000002037268,BACKFILL_AUTO
2026-04-15 14:14:36,1776262476,BOOM600,5904.683,-1,0.011999999999716238,BACKFILL_AUTO
2026-04-15 14:14:37,1776262477,BOOM600,5904.683,0,0.0,BACKFILL_AUTO
2026-04-15 14:14:38,1776262478,BOOM600,5904.666,-1,0.016999999999825377,BACKFILL_AUTO
2026-04-15 14:14:39,1776262479,BOOM600,5904.658,-1,0.007999999999810825,BACKFILL_AUTO
2026-04-15 14:14:40,1776262480,BOOM600,5904.642,-1,0.016000000000531145,BACKFILL_AUTO
2026-04-15 14:14:41,1776262481,BOOM600,5904.638,-1,0.0039999999999054126,BACKFILL_AUTO
2026-04-15 14:14:42,1776262482,BOOM600,5904.62,-1,0.018000000000029104,BACKFILL_AUTO
2026-04-15 14:14:43,1776262483,BOOM600,5904.605,-1,0.015000000000327418,BACKFILL_AUTO
2026-04-15 14:14:44,1776262484,BOOM600,5904.602,-1,0.0029999999997016857,BACKFILL_AUTO
2026-04-15 14:14:45,1776262485,BOOM600,5904.601,-1,0.0010000000002037268,BACKFILL_AUTO
2026-04-15 14:14:46,1776262486,BOOM600,5904.58,-1,0.02099999999973079,BACKFILL_AUTO
2026-04-15 14:14:47,1776262487,BOOM600,5904.554,-1,0.02599999999983993,BACKFILL_AUTO
2026-04-15 14:14:48,1776262488,BOOM600,5904.542,-1,0.011999999999716238,BACKFILL_AUTO
2026-04-15 14:14:49,1776262489,BOOM600,5904.536,-1,0.006000000000312866,BACKFILL_AUTO
2026-04-15 14:14:50,1776262490,BOOM600,5904.534,-1,0.0020000000004074536,BACKFILL_AUTO
2026-04-15 14:14:51,1776262491,BOOM600,5904.529,-1,0.004999999999199645,BACKFILL_AUTO
2026-04-15 14:14:52,1776262492,BOOM600,5904.526,-1,0.0030000000006111804,BACKFILL_AUTO
2026-04-15 14:14:53,1776262493,BOOM600,5904.516,-1,0.010000000000218279,BACKFILL_AUTO
2026-04-15 14:14:54,1776262494,BOOM600,5904.504,-1,0.011999999999716238,BACKFILL_AUTO
2026-04-15 14:14:55,1776262495,BOOM600,5904.499,-1,0.005000000000109139,BACKFILL_AUTO
2026-04-15 14:14:56,1776262496,BOOM600,5904.489,-1,0.010000000000218279,BACKFILL_AUTO
2026-04-15 14:14:57,1776262497,BOOM600,5904.486,-1,0.0029999999997016857,BACKFILL_AUTO
2026-04-15 14:14:58,1776262498,BOOM600,5904.47,-1,0.01599999999962165,BACKFILL_AUTO
2026-04-15 14:14:59,1776262499,BOOM600,5904.45,-1,0.020000000000436557,BACKFILL_AUTO
2026-04-15 14:15:00,1776262500,BOOM600,5904.449,-1,0.0010000000002037268,BACKFILL_AUTO
2026-04-15 14:15:01,1776262501,BOOM600,5904.443,-1,0.0059999999994033715,BACKFILL_AUTO
2026-04-15 14:15:02,1776262502,BOOM600,5904.422,-1,0.021000000000640284,BACKFILL_AUTO
2026-04-15 14:15:03,1776262503,BOOM600,5904.406,-1,0.01599999999962165,BACKFILL_AUTO
2026-04-15 14:15:04,1776262504,BOOM600,5904.396,-1,0.010000000000218279,BACKFILL_AUTO
2026-04-15 14:15:05,1776262505,BOOM600,5904.385,-1,0.01099999999951251,BACKFILL_AUTO
2026-04-15 14:15:06,1776262506,BOOM600,5904.363,-1,0.021999999999934516,BACKFILL_AUTO
2026-04-15 14:15:07,1776262507,BOOM600,5904.352,-1,0.011000000000422006,BACKFILL_AUTO
2026-04-15 14:15:08,1776262508,BOOM600,5904.338,-1,0.014000000000123691,BACKFILL_AUTO
2026-04-15 14:15:09,1776262509,BOOM600,5904.329,-1,0.009000000000014552,BACKFILL_AUTO
2026-04-15 14:15:10,1776262510,BOOM600,5904.319,-1,0.009999999999308784,BACKFILL_AUTO
2026-04-15 14:15:11,1776262511,BOOM600,5904.31,-1,0.009000000000014552,BACKFILL_AUTO
2026-04-15 14:15:12,1776262512,BOOM600,5904.307,-1,0.0030000000006111804,BACKFILL_AUTO
2026-04-15 14:15:13,1776262513,BOOM600,5904.306,-1,0.0010000000002037268,BACKFILL_AUTO
2026-04-15 14:15:14,1776262514,BOOM600,5904.296,-1,0.009999999999308784,BACKFILL_AUTO
2026-04-15 14:15:15,1776262515,BOOM600,5904.28,-1,0.016000000000531145,BACKFILL_AUTO
2026-04-15 14:15:16,1776262516,BOOM600,5904.269,-1,0.01099999999951251,BACKFILL_AUTO
2026-04-15 14:15:17,1776262517,BOOM600,5904.265,-1,0.0039999999999054126,BACKFILL_AUTO
2026-04-15 14:15:18,1776262518,BOOM600,5904.25,-1,0.015000000000327418,BACKFILL_AUTO
2026-04-15 14:15:19,1776262519,BOOM600,5904.232,-1,0.018000000000029104,BACKFILL_AUTO
2026-04-15 14:15:20,1776262520,BOOM600,5904.22,-1,0.011999999999716238,BACKFILL_AUTO
2026-04-15 14:15:21,1776262521,BOOM600,5904.205,-1,0.015000000000327418,BACKFILL_AUTO
2026-04-15 14:15:22,1776262522,BOOM600,5904.197,-1,0.007999999999810825,BACKFILL_AUTO
2026-04-15 14:15:23,1776262523,BOOM600,5904.195,-1,0.0020000000004074536,BACKFILL_AUTO
2026-04-15 14:15:24,1776262524,BOOM600,5904.193,-1,0.001999999999497959,BACKFILL_AUTO
2026-04-15 14:15:25,1776262525,BOOM600,5904.186,-1,0.007000000000516593,BACKFILL_AUTO
2026-04-15 14:15:26,1776262526,BOOM600,5904.185,-1,0.0009999999992942321,BACKFILL_AUTO
2026-04-15 14:15:27,1776262527,BOOM600,5904.164,-1,0.021000000000640284,BACKFILL_AUTO
2026-04-15 14:15:28,1776262528,BOOM600,5904.154,-1,0.009999999999308784,BACKFILL_AUTO
2026-04-15 14:15:29,1776262529,BOOM600,5904.145,-1,0.009000000000014552,BACKFILL_AUTO
2026-04-15 14:15:30,1776262530,BOOM600,5904.131,-1,0.014000000000123691,BACKFILL_AUTO
2026-04-15 14:15:31,1776262531,BOOM600,5904.126,-1,0.005000000000109139,BACKFILL_AUTO
2026-04-15 14:15:32,1776262532,BOOM600,5904.125,-1,0.0010000000002037268,BACKFILL_AUTO
2026-04-15 14:15:33,1776262533,BOOM600,5904.122,-1,0.0029999999997016857,BACKFILL_AUTO
2026-04-15 14:15:34,1776262534,BOOM600,5904.113,-1,0.009000000000014552,BACKFILL_AUTO
2026-04-15 14:15:35,1776262535,BOOM600,5904.105,-1,0.00800000000072032,BACKFILL_AUTO
2026-04-15 14:15:36,1776262536,BOOM600,5904.094,-1,0.01099999999951251,BACKFILL_AUTO
2026-04-15 14:15:37,1776262537,BOOM600,5904.073,-1,0.02099999999973079,BACKFILL_AUTO
2026-04-15 14:15:38,1776262538,BOOM600,5904.062,-1,0.011000000000422006,BACKFILL_AUTO
2026-04-15 14:15:39,1776262539,BOOM600,5904.049,-1,0.012999999999919964,BACKFILL_AUTO
2026-04-15 14:15:40,1776262540,BOOM600,5904.044,-1,0.005000000000109139,BACKFILL_AUTO
2026-04-15 14:15:41,1776262541,BOOM600,5904.037,-1,0.006999999999607098,BACKFILL_AUTO
2026-04-15 14:15:42,1776262542,BOOM600,5904.033,-1,0.0039999999999054126,BACKFILL_AUTO
2026-04-15 14:15:43,1776262543,BOOM600,5904.027,-1,0.006000000000312866,BACKFILL_AUTO
2026-04-15 14:15:44,1776262544,BOOM600,5904.017,-1,0.010000000000218279,BACKFILL_AUTO
2026-04-15 14:15:45,1776262545,BOOM600,5904.006,-1,0.01099999999951251,BACKFILL_AUTO
2026-04-15 14:15:46,1776262546,BOOM600,5904.004,-1,0.0020000000004074536,BACKFILL_AUTO
2026-04-15 14:15:47,1776262547,BOOM600,5903.982,-1,0.021999999999934516,BACKFILL_AUTO
2026-04-15 14:15:48,1776262548,BOOM600,5903.964,-1,0.018000000000029104,BACKFILL_AUTO
2026-04-15 14:15:49,1776262549,BOOM600,5903.953,-1,0.01099999999951251,BACKFILL_AUTO
2026-04-15 14:15:50,1776262550,BOOM600,5903.951,-1,0.0020000000004074536,BACKFILL_AUTO
2026-04-15 14:15:51,1776262551,BOOM600,5903.933,-1,0.018000000000029104,BACKFILL_AUTO
2026-04-15 14:15:52,1776262552,BOOM600,5903.914,-1,0.01900000000023283,BACKFILL_AUTO
2026-04-15 14:15:53,1776262553,BOOM600,5903.905,-1,0.009000000000014552,BACKFILL_AUTO
2026-04-15 14:15:54,1776262554,BOOM600,5903.886,-1,0.018999999999323336,BACKFILL_AUTO
2026-04-15 14:15:55,1776262555,BOOM600,5903.874,-1,0.012000000000625732,BACKFILL_AUTO
2026-04-15 14:15:56,1776262556,BOOM600,5903.868,-1,0.0059999999994033715,BACKFILL_AUTO
2026-04-15 14:15:57,1776262557,BOOM600,5903.863,-1,0.005000000000109139,BACKFILL_AUTO
2026-04-15 14:15:58,1776262558,BOOM600,5903.856,-1,0.007000000000516593,BACKFILL_AUTO
2026-04-15 14:15:59,1776262559,BOOM600,5903.852,-1,0.0039999999999054126,BACKFILL_AUTO
2026-04-15 14:16:00,1776262560,BOOM600,5903.848,-1,0.0039999999999054126,BACKFILL_AUTO
2026-04-15 14:16:01,1776262561,BOOM600,5903.847,-1,0.0010000000002037268,BACKFILL_AUTO
2026-04-15 14:16:02,1776262562,BOOM600,5903.846,-1,0.0010000000002037268,BACKFILL_AUTO
2026-04-15 14:16:03,1776262563,BOOM600,5903.835,-1,0.01099999999951251,BACKFILL_AUTO
2026-04-15 14:16:04,1776262564,BOOM600,5903.827,-1,0.007999999999810825,BACKFILL_AUTO
2026-04-15 14:16:05,1776262565,BOOM600,5903.811,-1,0.016000000000531145,BACKFILL_AUTO
2026-04-15 14:16:06,1776262566,BOOM600,5903.803,-1,0.007999999999810825,BACKFILL_AUTO
2026-04-15 14:16:07,1776262567,BOOM600,5903.803,0,0.0,BACKFILL_AUTO
2026-04-15 14:16:08,1776262568,BOOM600,5903.802,-1,0.0010000000002037268,BACKFILL_AUTO
2026-04-15 14:16:09,1776262569,BOOM600,5903.794,-1,0.007999999999810825,BACKFILL_AUTO
2026-04-15 14:16:10,1776262570,BOOM600,5903.771,-1,0.023000000000138243,BACKFILL_AUTO
2026-04-15 14:16:11,1776262571,BOOM600,5903.766,-1,0.005000000000109139,BACKFILL_AUTO
2026-04-15 14:16:12,1776262572,BOOM600,5903.758,-1,0.007999999999810825,BACKFILL_AUTO
2026-04-15 14:16:13,1776262573,BOOM600,5903.748,-1,0.010000000000218279,BACKFILL_AUTO
2026-04-15 14:16:14,1776262574,BOOM600,5903.743,-1,0.004999999999199645,BACKFILL_AUTO
2026-04-15 14:16:15,1776262575,BOOM600,5903.724,-1,0.01900000000023283,BACKFILL_AUTO
2026-04-15 14:16:16,1776262576,BOOM600,5903.715,-1,0.009000000000014552,BACKFILL_AUTO
2026-04-15 14:16:17,1776262577,BOOM600,5903.715,0,0.0,BACKFILL_AUTO
2026-04-15 14:16:18,1776262578,BOOM600,5903.686,-1,0.02900000000045111,BACKFILL_AUTO
2026-04-15 14:16:19,1776262579,BOOM600,5903.667,-1,0.018999999999323336,BACKFILL_AUTO
2026-04-15 14:16:20,1776262580,BOOM600,5903.653,-1,0.014000000000123691,BACKFILL_AUTO
2026-04-15 14:16:21,1776262581,BOOM600,5903.64,-1,0.012999999999919964,BACKFILL_AUTO
2026-04-15 14:16:22,1776262582,BOOM600,5903.622,-1,0.018000000000029104,BACKFILL_AUTO
2026-04-15 14:16:23,1776262583,BOOM600,5903.608,-1,0.014000000000123691,BACKFILL_AUTO
2026-04-15 14:16:24,1776262584,BOOM600,5903.594,-1,0.014000000000123691,BACKFILL_AUTO
2026-04-15 14:16:25,1776262585,BOOM600,5903.581,-1,0.012999999999919964,BACKFILL_AUTO
2026-04-15 14:16:26,1776262586,BOOM600,5903.555,-1,0.02599999999983993,BACKFILL_AUTO
2026-04-15 14:16:27,1776262587,BOOM600,5903.531,-1,0.02400000000034197,BACKFILL_AUTO
2026-04-15 14:16:28,1776262588,BOOM600,5903.527,-1,0.0039999999999054126,BACKFILL_AUTO
2026-04-15 14:16:29,1776262589,BOOM600,5903.512,-1,0.015000000000327418,BACKFILL_AUTO
2026-04-15 14:16:30,1776262590,BOOM600,5903.501,-1,0.01099999999951251,BACKFILL_AUTO
2026-04-15 14:16:31,1776262591,BOOM600,5903.494,-1,0.007000000000516593,BACKFILL_AUTO
2026-04-15 14:16:32,1776262592,BOOM600,5903.48,-1,0.014000000000123691,BACKFILL_AUTO
2026-04-15 14:16:33,1776262593,BOOM600,5903.471,-1,0.009000000000014552,BACKFILL_AUTO
2026-04-15 14:16:34,1776262594,BOOM600,5903.458,-1,0.012999999999919964,BACKFILL_AUTO
2026-04-15 14:16:35,1776262595,BOOM600,5903.442,-1,0.01599999999962165,BACKFILL_AUTO
2026-04-15 14:16:36,1776262596,BOOM600,5903.415,-1,0.027000000000043656,BACKFILL_AUTO
2026-04-15 14:16:37,1776262597,BOOM600,5903.401,-1,0.014000000000123691,BACKFILL_AUTO
2026-04-15 14:16:38,1776262598,BOOM600,5903.4,-1,0.0010000000002037268,BACKFILL_AUTO
2026-04-15 14:16:39,1776262599,BOOM600,5903.383,-1,0.016999999999825377,BACKFILL_AUTO
2026-04-15 14:16:40,1776262600,BOOM600,5903.382,-1,0.0010000000002037268,BACKFILL_AUTO
2026-04-15 14:16:41,1776262601,BOOM600,5903.371,-1,0.01099999999951251,BACKFILL_AUTO
2026-04-15 14:16:42,1776262602,BOOM600,5903.34,-1,0.03099999999994907,BACKFILL_AUTO
2026-04-15 14:16:43,1776262603,BOOM600,5903.327,-1,0.012999999999919964,BACKFILL_AUTO
2026-04-15 14:16:44,1776262604,BOOM600,5903.316,-1,0.011000000000422006,BACKFILL_AUTO
2026-04-15 14:16:45,1776262605,BOOM600,5903.305,-1,0.01099999999951251,BACKFILL_AUTO
2026-04-15 14:16:46,1776262606,BOOM600,5903.287,-1,0.018000000000029104,BACKFILL_AUTO
2026-04-15 14:16:47,1776262607,BOOM600,5903.273,-1,0.014000000000123691,BACKFILL_AUTO
2026-04-15 14:16:48,1776262608,BOOM600,5903.269,-1,0.0039999999999054126,BACKFILL_AUTO
2026-04-15 14:16:49,1776262609,BOOM600,5903.257,-1,0.012000000000625732,BACKFILL_AUTO
2026-04-15 14:16:50,1776262610,BOOM600,5903.249,-1,0.007999999999810825,BACKFILL_AUTO
2026-04-15 14:16:51,1776262611,BOOM600,5903.248,-1,0.0010000000002037268,BACKFILL_AUTO
2026-04-15 14:16:52,1776262612,BOOM600,5903.235,-1,0.012999999999919964,BACKFILL_AUTO
2026-04-15 14:16:53,1776262613,BOOM600,5903.218,-1,0.016999999999825377,BACKFILL_AUTO
2026-04-15 14:16:54,1776262614,BOOM600,5903.208,-1,0.010000000000218279,BACKFILL_AUTO
2026-04-15 14:16:55,1776262615,BOOM600,5903.186,-1,0.021999999999934516,BACKFILL_AUTO
2026-04-15 14:16:56,1776262616,BOOM600,5903.176,-1,0.009999999999308784,BACKFILL_AUTO
2026-04-15 14:16:57,1776262617,BOOM600,5903.17,-1,0.006000000000312866,BACKFILL_AUTO
2026-04-15 14:16:58,1776262618,BOOM600,5903.167,-1,0.0029999999997016857,BACKFILL_AUTO
2026-04-15 14:16:59,1776262619,BOOM600,5903.163,-1,0.004000000000814907,BACKFILL_AUTO
2026-04-15 14:17:00,1776262620,BOOM600,5903.146,-1,0.016999999999825377,BACKFILL_AUTO
2026-04-15 14:17:01,1776262621,BOOM600,5903.146,0,0.0,BACKFILL_AUTO
2026-04-15 14:17:02,1776262622,BOOM600,5903.139,-1,0.006999999999607098,BACKFILL_AUTO
2026-04-15 14:17:03,1776262623,BOOM600,5903.137,-1,0.0020000000004074536,BACKFILL_AUTO
2026-04-15 14:17:04,1776262624,BOOM600,5903.124,-1,0.012999999999919964,BACKFILL_AUTO
2026-04-15 14:17:05,1776262625,BOOM600,5903.116,-1,0.007999999999810825,BACKFILL_AUTO
2026-04-15 14:17:06,1776262626,BOOM600,5903.101,-1,0.015000000000327418,BACKFILL_AUTO
2026-04-15 14:17:07,1776262627,BOOM600,5903.1,-1,0.0009999999992942321,BACKFILL_AUTO
2026-04-15 14:17:08,1776262628,BOOM600,5903.075,-1,0.025000000000545697,BACKFILL_AUTO
2026-04-15 14:17:09,1776262629,BOOM600,5903.065,-1,0.010000000000218279,BACKFILL_AUTO
2026-04-15 14:17:10,1776262630,BOOM600,5903.059,-1,0.0059999999994033715,BACKFILL_AUTO
2026-04-15 14:17:11,1776262631,BOOM600,5903.036,-1,0.023000000000138243,BACKFILL_AUTO
2026-04-15 14:17:12,1776262632,BOOM600,5903.034,-1,0.0020000000004074536,BACKFILL_AUTO
2026-04-15 14:17:13,1776262633,BOOM600,5903.016,-1,0.018000000000029104,BACKFILL_AUTO
2026-04-15 14:17:14,1776262634,BOOM600,5902.995,-1,0.02099999999973079,BACKFILL_AUTO
2026-04-15 14:17:15,1776262635,BOOM600,5902.988,-1,0.006999999999607098,BACKFILL_AUTO
2026-04-15 14:17:16,1776262636,BOOM600,5902.98,-1,0.00800000000072032,BACKFILL_AUTO
2026-04-15 14:17:17,1776262637,BOOM600,5902.958,-1,0.021999999999934516,BACKFILL_AUTO
2026-04-15 14:17:18,1776262638,BOOM600,5902.937,-1,0.02099999999973079,BACKFILL_AUTO
2026-04-15 14:17:19,1776262639,BOOM600,5902.923,-1,0.014000000000123691,BACKFILL_AUTO
2026-04-15 14:17:20,1776262640,BOOM600,5902.918,-1,0.005000000000109139,BACKFILL_AUTO
2026-04-15 14:17:21,1776262641,BOOM600,5902.9,-1,0.018000000000029104,BACKFILL_AUTO
2026-04-15 14:17:22,1776262642,BOOM600,5902.896,-1,0.0039999999999054126,BACKFILL_AUTO
2026-04-15 14:17:23,1776262643,BOOM600,5902.885,-1,0.01099999999951251,BACKFILL_AUTO
2026-04-15 14:17:24,1776262644,BOOM600,5902.884,-1,0.0010000000002037268,BACKFILL_AUTO
2026-04-15 14:17:25,1776262645,BOOM600,5902.878,-1,0.006000000000312866,BACKFILL_AUTO
2026-04-15 14:17:26,1776262646,BOOM600,5902.853,-1,0.024999999999636202,BACKFILL_AUTO
2026-04-15 14:17:27,1776262647,BOOM600,5902.838,-1,0.015000000000327418,BACKFILL_AUTO
2026-04-15 14:17:28,1776262648,BOOM600,5902.836,-1,0.001999999999497959,BACKFILL_AUTO
2026-04-15 14:17:29,1776262649,BOOM600,5902.825,-1,0.011000000000422006,BACKFILL_AUTO
2026-04-15 14:17:30,1776262650,BOOM600,5902.811,-1,0.014000000000123691,BACKFILL_AUTO
2026-04-15 14:17:31,1776262651,BOOM600,5902.801,-1,0.009999999999308784,BACKFILL_AUTO
2026-04-15 14:17:32,1776262652,BOOM600,5902.8,-1,0.0010000000002037268,BACKFILL_AUTO
2026-04-15 14:17:33,1776262653,BOOM600,5902.796,-1,0.0039999999999054126,BACKFILL_AUTO
2026-04-15 14:17:34,1776262654,BOOM600,5902.782,-1,0.014000000000123691,BACKFILL_AUTO
2026-04-15 14:17:35,1776262655,BOOM600,5902.765,-1,0.016999999999825377,BACKFILL_AUTO
2026-04-15 14:17:36,1776262656,BOOM600,5902.756,-1,0.009000000000014552,BACKFILL_AUTO
2026-04-15 14:17:37,1776262657,BOOM600,5902.754,-1,0.0020000000004074536,BACKFILL_AUTO
2026-04-15 14:17:38,1776262658,BOOM600,5902.753,-1,0.0010000000002037268,BACKFILL_AUTO
2026-04-15 14:17:39,1776262659,BOOM600,5902.746,-1,0.006999999999607098,BACKFILL_AUTO
2026-04-15 14:17:40,1776262660,BOOM600,5902.726,-1,0.020000000000436557,BACKFILL_AUTO
2026-04-15 14:17:41,1776262661,BOOM600,5902.717,-1,0.009000000000014552,BACKFILL_AUTO
2026-04-15 14:17:42,1776262662,BOOM600,5902.689,-1,0.027999999999337888,BACKFILL_AUTO
2026-04-15 14:17:43,1776262663,BOOM600,5902.68,-1,0.009000000000014552,BACKFILL_AUTO
2026-04-15 14:17:44,1776262664,BOOM600,5902.655,-1,0.025000000000545697,BACKFILL_AUTO
2026-04-15 14:17:45,1776262665,BOOM600,5902.641,-1,0.014000000000123691,BACKFILL_AUTO
2026-04-15 14:17:46,1776262666,BOOM600,5902.64,-1,0.0009999999992942321,BACKFILL_AUTO
2026-04-15 14:17:47,1776262667,BOOM600,5902.628,-1,0.012000000000625732,BACKFILL_AUTO
2026-04-15 14:17:48,1776262668,BOOM600,5902.627,-1,0.0009999999992942321,BACKFILL_AUTO
2026-04-15 14:17:49,1776262669,BOOM600,5902.617,-1,0.010000000000218279,BACKFILL_AUTO
2026-04-15 14:17:50,1776262670,BOOM600,5902.612,-1,0.005000000000109139,BACKFILL_AUTO
2026-04-15 14:17:51,1776262671,BOOM600,5902.593,-1,0.01900000000023283,BACKFILL_AUTO
2026-04-15 14:17:52,1776262672,BOOM600,5902.575,-1,0.018000000000029104,BACKFILL_AUTO
2026-04-15 14:17:53,1776262673,BOOM600,5902.575,0,0.0,BACKFILL_AUTO
2026-04-15 14:17:54,1776262674,BOOM600,5902.558,-1,0.016999999999825377,BACKFILL_AUTO
2026-04-15 14:17:55,1776262675,BOOM600,5902.536,-1,0.021999999999934516,BACKFILL_AUTO
2026-04-15 14:17:56,1776262676,BOOM600,5902.528,-1,0.007999999999810825,BACKFILL_AUTO
2026-04-15 14:17:57,1776262677,BOOM600,5902.514,-1,0.014000000000123691,BACKFILL_AUTO
2026-04-15 14:17:58,1776262678,BOOM600,5902.509,-1,0.005000000000109139,BACKFILL_AUTO
2026-04-15 14:17:59,1776262679,BOOM600,5902.491,-1,0.018000000000029104,BACKFILL_AUTO
2026-04-15 14:18:00,1776262680,BOOM600,5902.473,-1,0.018000000000029104,BACKFILL_AUTO
2026-04-15 14:18:01,1776262681,BOOM600,5902.469,-1,0.0039999999999054126,BACKFILL_AUTO
2026-04-15 14:18:02,1776262682,BOOM600,5902.464,-1,0.005000000000109139,BACKFILL_AUTO
2026-04-15 14:18:03,1776262683,BOOM600,5902.454,-1,0.010000000000218279,BACKFILL_AUTO
2026-04-15 14:18:04,1776262684,BOOM600,5902.451,-1,0.0029999999997016857,BACKFILL_AUTO
2026-04-15 14:18:05,1776262685,BOOM600,5902.44,-1,0.011000000000422006,BACKFILL_AUTO
2026-04-15 14:18:06,1776262686,BOOM600,5902.439,-1,0.0009999999992942321,BACKFILL_AUTO
2026-04-15 14:18:07,1776262687,BOOM600,5902.42,-1,0.01900000000023283,BACKFILL_AUTO
2026-04-15 14:18:08,1776262688,BOOM600,5902.409,-1,0.011000000000422006,BACKFILL_AUTO
2026-04-15 14:18:09,1776262689,BOOM600,5902.403,-1,0.0059999999994033715,BACKFILL_AUTO
2026-04-15 14:18:10,1776262690,BOOM600,5902.384,-1,0.01900000000023283,BACKFILL_AUTO
2026-04-15 14:18:11,1776262691,BOOM600,5902.354,-1,0.02999999999974534,BACKFILL_AUTO
2026-04-15 14:18:12,1776262692,BOOM600,5902.341,-1,0.012999999999919964,BACKFILL_AUTO
2026-04-15 14:18:13,1776262693,BOOM600,5902.332,-1,0.009000000000014552,BACKFILL_AUTO
2026-04-15 14:18:14,1776262694,BOOM600,5902.328,-1,0.0039999999999054126,BACKFILL_AUTO
2026-04-15 14:18:15,1776262695,BOOM600,5902.305,-1,0.023000000000138243,BACKFILL_AUTO
2026-04-15 14:18:16,1776262696,BOOM600,5902.284,-1,0.021000000000640284,BACKFILL_AUTO
2026-04-15 14:18:17,1776262697,BOOM600,5902.275,-1,0.009000000000014552,BACKFILL_AUTO
2026-04-15 14:18:18,1776262698,BOOM600,5902.26,-1,0.014999999999417923,BACKFILL_AUTO
2026-04-15 14:18:19,1776262699,BOOM600,5902.247,-1,0.012999999999919964,BACKFILL_AUTO
2026-04-15 14:18:20,1776262700,BOOM600,5902.236,-1,0.011000000000422006,BACKFILL_AUTO
2026-04-15 14:18:21,1776262701,BOOM600,5902.228,-1,0.007999999999810825,BACKFILL_AUTO
2026-04-15 14:18:22,1776262702,BOOM600,5902.206,-1,0.021999999999934516,BACKFILL_AUTO
2026-04-15 14:18:23,1776262703,BOOM600,5902.201,-1,0.005000000000109139,BACKFILL_AUTO
2026-04-15 14:18:24,1776262704,BOOM600,5902.183,-1,0.018000000000029104,BACKFILL_AUTO
2026-04-15 14:18:25,1776262705,BOOM600,5902.183,0,0.0,BACKFILL_AUTO
2026-04-15 14:18:26,1776262706,BOOM600,5902.175,-1,0.007999999999810825,BACKFILL_AUTO
2026-04-15 14:18:27,1776262707,BOOM600,5902.168,-1,0.007000000000516593,BACKFILL_AUTO
2026-04-15 14:18:28,1776262708,BOOM600,5902.163,-1,0.005000000000109139,BACKFILL_AUTO
2026-04-15 14:18:29,1776262709,BOOM600,5902.142,-1,0.02099999999973079,BACKFILL_AUTO
2026-04-15 14:18:30,1776262710,BOOM600,5902.133,-1,0.009000000000014552,BACKFILL_AUTO
2026-04-15 14:18:31,1776262711,BOOM600,5902.129,-1,0.0039999999999054126,BACKFILL_AUTO
2026-04-15 14:18:32,1776262712,BOOM600,5902.114,-1,0.015000000000327418,BACKFILL_AUTO
2026-04-15 14:18:33,1776262713,BOOM600,5902.112,-1,0.001999999999497959,BACKFILL_AUTO
2026-04-15 14:18:34,1776262714,BOOM600,5902.111,-1,0.0010000000002037268,BACKFILL_AUTO
2026-04-15 14:18:35,1776262715,BOOM600,5902.1,-1,0.01099999999951251,BACKFILL_AUTO
2026-04-15 14:18:36,1776262716,BOOM600,5902.093,-1,0.007000000000516593,BACKFILL_AUTO
2026-04-15 14:18:37,1776262717,BOOM600,5902.085,-1,0.007999999999810825,BACKFILL_AUTO
2026-04-15 14:18:38,1776262718,BOOM600,5902.079,-1,0.006000000000312866,BACKFILL_AUTO
2026-04-15 14:18:39,1776262719,BOOM600,5902.067,-1,0.011999999999716238,BACKFILL_AUTO
2026-04-15 14:18:40,1776262720,BOOM600,5902.066,-1,0.0010000000002037268,BACKFILL_AUTO
2026-04-15 14:18:41,1776262721,BOOM600,5902.064,-1,0.001999999999497959,BACKFILL_AUTO
2026-04-15 14:18:42,1776262722,BOOM600,5902.058,-1,0.006000000000312866,BACKFILL_AUTO
2026-04-15 14:18:43,1776262723,BOOM600,5902.051,-1,0.006999999999607098,BACKFILL_AUTO
2026-04-15 14:18:44,1776262724,BOOM600,5902.051,0,0.0,BACKFILL_AUTO
2026-04-15 14:18:45,1776262725,BOOM600,5902.035,-1,0.016000000000531145,BACKFILL_AUTO
2026-04-15 14:18:46,1776262726,BOOM600,5902.015,-1,0.019999999999527063,BACKFILL_AUTO
2026-04-15 14:18:47,1776262727,BOOM600,5902.003,-1,0.012000000000625732,BACKFILL_AUTO
2026-04-15 14:18:48,1776262728,BOOM600,5901.999,-1,0.0039999999999054126,BACKFILL_AUTO
2026-04-15 14:18:49,1776262729,BOOM600,5901.994,-1,0.005000000000109139,BACKFILL_AUTO
2026-04-15 14:18:50,1776262730,BOOM600,5901.973,-1,0.02099999999973079,BACKFILL_AUTO
2026-04-15 14:18:51,1776262731,BOOM600,5901.972,-1,0.0010000000002037268,BACKFILL_AUTO
2026-04-15 14:18:52,1776262732,BOOM600,5901.966,-1,0.0059999999994033715,BACKFILL_AUTO
2026-04-15 14:18:53,1776262733,BOOM600,5901.96,-1,0.006000000000312866,BACKFILL_AUTO
2026-04-15 14:18:54,1776262734,BOOM600,5901.948,-1,0.011999999999716238,BACKFILL_AUTO
2026-04-15 14:18:55,1776262735,BOOM600,5901.944,-1,0.0039999999999054126,BACKFILL_AUTO
2026-04-15 14:18:56,1776262736,BOOM600,5901.928,-1,0.016000000000531145,BACKFILL_AUTO
2026-04-15 14:18:57,1776262737,BOOM600,5901.921,-1,0.006999999999607098,BACKFILL_AUTO
2026-04-15 14:18:58,1776262738,BOOM600,5901.91,-1,0.011000000000422006,BACKFILL_AUTO
2026-04-15 14:18:59,1776262739,BOOM600,5901.906,-1,0.0039999999999054126,BACKFILL_AUTO
2026-04-15 14:19:00,1776262740,BOOM600,5901.899,-1,0.006999999999607098,BACKFILL_AUTO
2026-04-15 14:19:01,1776262741,BOOM600,5901.883,-1,0.016000000000531145,BACKFILL_AUTO
2026-04-15 14:19:02,1776262742,BOOM600,5901.876,-1,0.006999999999607098,BACKFILL_AUTO
2026-04-15 14:19:03,1776262743,BOOM600,5901.846,-1,0.030000000000654836,BACKFILL_AUTO
2026-04-15 14:19:04,1776262744,BOOM600,5901.833,-1,0.012999999999919964,BACKFILL_AUTO
2026-04-15 14:19:05,1776262745,BOOM600,5901.818,-1,0.014999999999417923,BACKFILL_AUTO
2026-04-15 14:19:06,1776262746,BOOM600,5901.815,-1,0.0030000000006111804,BACKFILL_AUTO
2026-04-15 14:19:07,1776262747,BOOM600,5901.81,-1,0.004999999999199645,BACKFILL_AUTO
2026-04-15 14:19:08,1776262748,BOOM600,5901.804,-1,0.006000000000312866,BACKFILL_AUTO
2026-04-15 14:19:09,1776262749,BOOM600,5901.798,-1,0.006000000000312866,BACKFILL_AUTO
2026-04-15 14:19:10,1776262750,BOOM600,5901.774,-1,0.023999999999432475,BACKFILL_AUTO
2026-04-15 14:19:11,1776262751,BOOM600,5901.772,-1,0.0020000000004074536,BACKFILL_AUTO
2026-04-15 14:19:12,1776262752,BOOM600,5901.756,-1,0.01599999999962165,BACKFILL_AUTO
2026-04-15 14:19:13,1776262753,BOOM600,5901.751,-1,0.005000000000109139,BACKFILL_AUTO
2026-04-15 14:19:14,1776262754,BOOM600,5901.74,-1,0.011000000000422006,BACKFILL_AUTO
2026-04-15 14:19:15,1776262755,BOOM600,5901.731,-1,0.009000000000014552,BACKFILL_AUTO
2026-04-15 14:19:16,1776262756,BOOM600,5901.719,-1,0.011999999999716238,BACKFILL_AUTO
2026-04-15 14:19:17,1776262757,BOOM600,5901.709,-1,0.010000000000218279,BACKFILL_AUTO
2026-04-15 14:19:18,1776262758,BOOM600,5901.707,-1,0.001999999999497959,BACKFILL_AUTO
2026-04-15 14:19:19,1776262759,BOOM600,5901.702,-1,0.005000000000109139,BACKFILL_AUTO
2026-04-15 14:19:20,1776262760,BOOM600,5901.696,-1,0.006000000000312866,BACKFILL_AUTO
2026-04-15 14:19:21,1776262761,BOOM600,5901.689,-1,0.006999999999607098,BACKFILL_AUTO
2026-04-15 14:19:22,1776262762,BOOM600,5901.683,-1,0.006000000000312866,BACKFILL_AUTO
2026-04-15 14:19:23,1776262763,BOOM600,5901.681,-1,0.0020000000004074536,BACKFILL_AUTO
2026-04-15 14:19:24,1776262764,BOOM600,5901.657,-1,0.023999999999432475,BACKFILL_AUTO
2026-04-15 14:19:25,1776262765,BOOM600,5901.654,-1,0.0029999999997016857,BACKFILL_AUTO
2026-04-15 14:19:26,1776262766,BOOM600,5901.643,-1,0.011000000000422006,BACKFILL_AUTO
2026-04-15 14:19:27,1776262767,BOOM600,5901.628,-1,0.015000000000327418,BACKFILL_AUTO
2026-04-15 14:19:28,1776262768,BOOM600,5901.612,-1,0.01599999999962165,BACKFILL_AUTO
2026-04-15 14:19:29,1776262769,BOOM600,5901.611,-1,0.0010000000002037268,BACKFILL_AUTO
2026-04-15 14:19:30,1776262770,BOOM600,5901.609,-1,0.001999999999497959,BACKFILL_AUTO
2026-04-15 14:19:31,1776262771,BOOM600,5901.607,-1,0.0020000000004074536,BACKFILL_AUTO
2026-04-15 14:19:32,1776262772,BOOM600,5901.592,-1,0.015000000000327418,BACKFILL_AUTO
2026-04-15 14:19:33,1776262773,BOOM600,5901.59,-1,0.001999999999497959,BACKFILL_AUTO
2026-04-15 14:19:34,1776262774,BOOM600,5901.568,-1,0.021999999999934516,BACKFILL_AUTO
2026-04-15 14:19:35,1776262775,BOOM600,5901.559,-1,0.009000000000014552,BACKFILL_AUTO
2026-04-15 14:19:36,1776262776,BOOM600,5901.54,-1,0.01900000000023283,BACKFILL_AUTO
2026-04-15 14:19:37,1776262777,BOOM600,5901.537,-1,0.0029999999997016857,BACKFILL_AUTO
2026-04-15 14:19:38,1776262778,BOOM600,5901.521,-1,0.016000000000531145,BACKFILL_AUTO
2026-04-15 14:19:39,1776262779,BOOM600,5901.518,-1,0.0029999999997016857,BACKFILL_AUTO
2026-04-15 14:19:40,1776262780,BOOM600,5901.506,-1,0.011999999999716238,BACKFILL_AUTO
2026-04-15 14:19:41,1776262781,BOOM600,5901.488,-1,0.018000000000029104,BACKFILL_AUTO
2026-04-15 14:19:42,1776262782,BOOM600,5901.469,-1,0.01900000000023283,BACKFILL_AUTO
2026-04-15 14:19:43,1776262783,BOOM600,5901.46,-1,0.009000000000014552,BACKFILL_AUTO
2026-04-15 14:19:44,1776262784,BOOM600,5901.454,-1,0.006000000000312866,BACKFILL_AUTO
2026-04-15 14:19:45,1776262785,BOOM600,5901.439,-1,0.014999999999417923,BACKFILL_AUTO
2026-04-15 14:19:46,1776262786,BOOM600,5901.433,-1,0.006000000000312866,BACKFILL_AUTO
2026-04-15 14:19:47,1776262787,BOOM600,5901.423,-1,0.010000000000218279,BACKFILL_AUTO
2026-04-15 14:19:48,1776262788,BOOM600,5901.413,-1,0.010000000000218279,BACKFILL_AUTO
2026-04-15 14:19:49,1776262789,BOOM600,5901.398,-1,0.014999999999417923,BACKFILL_AUTO
2026-04-15 14:19:50,1776262790,BOOM600,5901.394,-1,0.0039999999999054126,BACKFILL_AUTO
2026-04-15 14:19:51,1776262791,BOOM600,5901.379,-1,0.015000000000327418,BACKFILL_AUTO
2026-04-15 14:19:52,1776262792,BOOM600,5901.367,-1,0.011999999999716238,BACKFILL_AUTO
2026-04-15 14:19:53,1776262793,BOOM600,5901.366,-1,0.0010000000002037268,BACKFILL_AUTO
2026-04-15 14:19:54,1776262794,BOOM600,5901.354,-1,0.011999999999716238,BACKFILL_AUTO
2026-04-15 14:19:55,1776262795,BOOM600,5901.341,-1,0.012999999999919964,BACKFILL_AUTO
2026-04-15 14:19:56,1776262796,BOOM600,5901.329,-1,0.012000000000625732,BACKFILL_AUTO
2026-04-15 14:19:57,1776262797,BOOM600,5901.322,-1,0.006999999999607098,BACKFILL_AUTO
2026-04-15 14:19:58,1776262798,BOOM600,5901.309,-1,0.012999999999919964,BACKFILL_AUTO
2026-04-15 14:19:59,1776262799,BOOM600,5901.29,-1,0.01900000000023283,BACKFILL_AUTO
2026-04-15 14:20:00,1776262800,BOOM600,5901.281,-1,0.009000000000014552,BACKFILL_AUTO
2026-04-15 14:20:01,1776262801,BOOM600,5901.275,-1,0.006000000000312866,BACKFILL_AUTO
2026-04-15 14:20:02,1776262802,BOOM600,5901.27,-1,0.004999999999199645,BACKFILL_AUTO
2026-04-15 14:20:03,1776262803,BOOM600,5901.262,-1,0.00800000000072032,BACKFILL_AUTO
2026-04-15 14:20:04,1776262804,BOOM600,5901.253,-1,0.009000000000014552,BACKFILL_AUTO
2026-04-15 14:20:05,1776262805,BOOM600,5901.242,-1,0.01099999999951251,BACKFILL_AUTO
2026-04-15 14:20:06,1776262806,BOOM600,5901.235,-1,0.007000000000516593,BACKFILL_AUTO
2026-04-15 14:20:07,1776262807,BOOM600,5901.234,-1,0.0009999999992942321,BACKFILL_AUTO
2026-04-15 14:20:08,1776262808,BOOM600,5901.211,-1,0.023000000000138243,BACKFILL_AUTO
2026-04-15 14:20:09,1776262809,BOOM600,5901.191,-1,0.020000000000436557,BACKFILL_AUTO
2026-04-15 14:20:10,1776262810,BOOM600,5901.179,-1,0.011999999999716238,BACKFILL_AUTO
2026-04-15 14:20:11,1776262811,BOOM600,5901.166,-1,0.012999999999919964,BACKFILL_AUTO
2026-04-15 14:20:12,1776262812,BOOM600,5901.15,-1,0.016000000000531145,BACKFILL_AUTO
2026-04-15 14:20:13,1776262813,BOOM600,5901.132,-1,0.018000000000029104,BACKFILL_AUTO
2026-04-15 14:20:14,1776262814,BOOM600,5901.114,-1,0.018000000000029104,BACKFILL_AUTO
2026-04-15 14:20:15,1776262815,BOOM600,5901.099,-1,0.014999999999417923,BACKFILL_AUTO
2026-04-15 14:20:16,1776262816,BOOM600,5901.084,-1,0.015000000000327418,BACKFILL_AUTO
2026-04-15 14:20:17,1776262817,BOOM600,5901.079,-1,0.005000000000109139,BACKFILL_AUTO
2026-04-15 14:20:18,1776262818,BOOM600,5901.064,-1,0.014999999999417923,BACKFILL_AUTO
2026-04-15 14:20:19,1776262819,BOOM600,5901.056,-1,0.00800000000072032,BACKFILL_AUTO
2026-04-15 14:20:20,1776262820,BOOM600,5901.053,-1,0.0029999999997016857,BACKFILL_AUTO
2026-04-15 14:20:21,1776262821,BOOM600,5901.041,-1,0.011999999999716238,BACKFILL_AUTO
2026-04-15 14:20:22,1776262822,BOOM600,5901.02,-1,0.02099999999973079,BACKFILL_AUTO
2026-04-15 14:20:23,1776262823,BOOM600,5901.015,-1,0.005000000000109139,BACKFILL_AUTO
2026-04-15 14:20:24,1776262824,BOOM600,5901.006,-1,0.009000000000014552,BACKFILL_AUTO
2026-04-15 14:20:25,1776262825,BOOM600,5901.002,-1,0.0039999999999054126,BACKFILL_AUTO
2026-04-15 14:20:26,1776262826,BOOM600,5900.999,-1,0.0030000000006111804,BACKFILL_AUTO
2026-04-15 14:20:27,1776262827,BOOM600,5900.999,0,0.0,BACKFILL_AUTO
2026-04-15 14:20:28,1776262828,BOOM600,5900.988,-1,0.01099999999951251,BACKFILL_AUTO
2026-04-15 14:20:29,1776262829,BOOM600,5900.979,-1,0.009000000000014552,BACKFILL_AUTO
2026-04-15 14:20:30,1776262830,BOOM600,5900.968,-1,0.011000000000422006,BACKFILL_AUTO
2026-04-15 14:20:31,1776262831,BOOM600,5900.957,-1,0.01099999999951251,BACKFILL_AUTO
2026-04-15 14:20:32,1776262832,BOOM600,5900.932,-1,0.025000000000545697,BACKFILL_AUTO
2026-04-15 14:20:33,1776262833,BOOM600,5900.921,-1,0.01099999999951251,BACKFILL_AUTO
2026-04-15 14:20:34,1776262834,BOOM600,5900.917,-1,0.0039999999999054126,BACKFILL_AUTO
2026-04-15 14:20:35,1776262835,BOOM600,5900.908,-1,0.009000000000014552,BACKFILL_AUTO
2026-04-15 14:20:36,1776262836,BOOM600,5900.893,-1,0.015000000000327418,BACKFILL_AUTO
2026-04-15 14:20:37,1776262837,BOOM600,5900.884,-1,0.009000000000014552,BACKFILL_AUTO
2026-04-15 14:20:38,1776262838,BOOM600,5900.874,-1,0.010000000000218279,BACKFILL_AUTO
2026-04-15 14:20:39,1776262839,BOOM600,5900.868,-1,0.0059999999994033715,BACKFILL_AUTO
2026-04-15 14:20:40,1776262840,BOOM600,5900.864,-1,0.004000000000814907,BACKFILL_AUTO
2026-04-15 14:20:41,1776262841,BOOM600,5900.857,-1,0.006999999999607098,BACKFILL_AUTO
2026-04-15 14:20:42,1776262842,BOOM600,5900.848,-1,0.009000000000014552,BACKFILL_AUTO
2026-04-15 14:20:43,1776262843,BOOM600,5900.829,-1,0.01900000000023283,BACKFILL_AUTO
2026-04-15 14:20:44,1776262844,BOOM600,5900.828,-1,0.0009999999992942321,BACKFILL_AUTO
2026-04-15 14:20:45,1776262845,BOOM600,5900.811,-1,0.01700000000073487,BACKFILL_AUTO
2026-04-15 14:20:46,1776262846,BOOM600,5900.798,-1,0.012999999999919964,BACKFILL_AUTO
2026-04-15 14:20:47,1776262847,BOOM600,5900.782,-1,0.01599999999962165,BACKFILL_AUTO
2026-04-15 14:20:48,1776262848,BOOM600,5900.765,-1,0.016999999999825377,BACKFILL_AUTO
2026-04-15 14:20:49,1776262849,BOOM600,5900.757,-1,0.00800000000072032,BACKFILL_AUTO
2026-04-15 14:20:50,1776262850,BOOM600,5900.754,-1,0.0029999999997016857,BACKFILL_AUTO
2026-04-15 14:20:51,1776262851,BOOM600,5900.75,-1,0.0039999999999054126,BACKFILL_AUTO
2026-04-15 14:20:52,1776262852,BOOM600,5900.748,-1,0.0020000000004074536,BACKFILL_AUTO
2026-04-15 14:20:53,1776262853,BOOM600,5900.734,-1,0.013999999999214197,BACKFILL_AUTO
2026-04-15 14:20:54,1776262854,BOOM600,5900.73,-1,0.004000000000814907,BACKFILL_AUTO
2026-04-15 14:20:55,1776262855,BOOM600,5900.724,-1,0.0059999999994033715,BACKFILL_AUTO
2026-04-15 14:20:56,1776262856,BOOM600,5900.702,-1,0.021999999999934516,BACKFILL_AUTO
2026-04-15 14:20:57,1776262857,BOOM600,5900.697,-1,0.005000000000109139,BACKFILL_AUTO
2026-04-15 14:20:58,1776262858,BOOM600,5900.676,-1,0.02099999999973079,BACKFILL_AUTO
2026-04-15 14:20:59,1776262859,BOOM600,5900.661,-1,0.015000000000327418,BACKFILL_AUTO
2026-04-15 14:21:00,1776262860,BOOM600,5900.658,-1,0.0029999999997016857,BACKFILL_AUTO
2026-04-15 14:21:01,1776262861,BOOM600,5900.635,-1,0.023000000000138243,BACKFILL_AUTO
2026-04-15 14:21:02,1776262862,BOOM600,5900.619,-1,0.016000000000531145,BACKFILL_AUTO
2026-04-15 14:21:03,1776262863,BOOM600,5900.61,-1,0.009000000000014552,BACKFILL_AUTO
2026-04-15 14:21:04,1776262864,BOOM600,5900.598,-1,0.011999999999716238,BACKFILL_AUTO
2026-04-15 14:21:05,1776262865,BOOM600,5900.587,-1,0.01099999999951251,BACKFILL_AUTO
2026-04-15 14:21:06,1776262866,BOOM600,5900.571,-1,0.016000000000531145,BACKFILL_AUTO
2026-04-15 14:21:07,1776262867,BOOM600,5900.569,-1,0.001999999999497959,BACKFILL_AUTO
2026-04-15 14:21:08,1776262868,BOOM600,5900.554,-1,0.015000000000327418,BACKFILL_AUTO
2026-04-15 14:21:09,1776262869,BOOM600,5900.542,-1,0.011999999999716238,BACKFILL_AUTO
2026-04-15 14:21:10,1776262870,BOOM600,5900.532,-1,0.010000000000218279,BACKFILL_AUTO
2026-04-15 14:21:11,1776262871,BOOM600,5900.524,-1,0.007999999999810825,BACKFILL_AUTO
2026-04-15 14:21:12,1776262872,BOOM600,5900.511,-1,0.012999999999919964,BACKFILL_AUTO
2026-04-15 14:21:13,1776262873,BOOM600,5900.505,-1,0.006000000000312866,BACKFILL_AUTO
2026-04-15 14:21:14,1776262874,BOOM600,5900.499,-1,0.006000000000312866,BACKFILL_AUTO
2026-04-15 14:21:15,1776262875,BOOM600,5900.49,-1,0.009000000000014552,BACKFILL_AUTO
2026-04-15 14:21:16,1776262876,BOOM600,5900.477,-1,0.012999999999919964,BACKFILL_AUTO
2026-04-15 14:21:17,1776262877,BOOM600,5900.463,-1,0.014000000000123691,BACKFILL_AUTO
2026-04-15 14:21:18,1776262878,BOOM600,5900.448,-1,0.014999999999417923,BACKFILL_AUTO
2026-04-15 14:21:19,1776262879,BOOM600,5900.427,-1,0.021000000000640284,BACKFILL_AUTO
2026-04-15 14:21:20,1776262880,BOOM600,5900.424,-1,0.0029999999997016857,BACKFILL_AUTO
2026-04-15 14:21:21,1776262881,BOOM600,5900.416,-1,0.007999999999810825,BACKFILL_AUTO
2026-04-15 14:21:22,1776262882,BOOM600,5900.407,-1,0.009000000000014552,BACKFILL_AUTO
2026-04-15 14:21:23,1776262883,BOOM600,5900.403,-1,0.0039999999999054126,BACKFILL_AUTO
2026-04-15 14:21:24,1776262884,BOOM600,5900.383,-1,0.020000000000436557,BACKFILL_AUTO
2026-04-15 14:21:25,1776262885,BOOM600,5900.375,-1,0.007999999999810825,BACKFILL_AUTO
2026-04-15 14:21:26,1776262886,BOOM600,5900.364,-1,0.011000000000422006,BACKFILL_AUTO
2026-04-15 14:21:27,1776262887,BOOM600,5900.339,-1,0.024999999999636202,BACKFILL_AUTO
2026-04-15 14:21:28,1776262888,BOOM600,5900.337,-1,0.001999999999497959,BACKFILL_AUTO
2026-04-15 14:21:29,1776262889,BOOM600,5900.334,-1,0.0030000000006111804,BACKFILL_AUTO
2026-04-15 14:21:30,1776262890,BOOM600,5900.331,-1,0.0029999999997016857,BACKFILL_AUTO
2026-04-15 14:21:31,1776262891,BOOM600,5900.309,-1,0.021999999999934516,BACKFILL_AUTO
2026-04-15 14:21:32,1776262892,BOOM600,5900.298,-1,0.011000000000422006,BACKFILL_AUTO
2026-04-15 14:21:33,1776262893,BOOM600,5900.284,-1,0.014000000000123691,BACKFILL_AUTO
2026-04-15 14:21:34,1776262894,BOOM600,5900.276,-1,0.007999999999810825,BACKFILL_AUTO
2026-04-15 14:21:35,1776262895,BOOM600,5900.258,-1,0.018000000000029104,BACKFILL_AUTO
2026-04-15 14:21:36,1776262896,BOOM600,5900.244,-1,0.014000000000123691,BACKFILL_AUTO
2026-04-15 14:21:37,1776262897,BOOM600,5900.229,-1,0.014999999999417923,BACKFILL_AUTO
2026-04-15 14:21:38,1776262898,BOOM600,5900.222,-1,0.007000000000516593,BACKFILL_AUTO
2026-04-15 14:21:39,1776262899,BOOM600,5900.206,-1,0.01599999999962165,BACKFILL_AUTO
2026-04-15 14:21:40,1776262900,BOOM600,5900.202,-1,0.0039999999999054126,BACKFILL_AUTO
2026-04-15 14:21:41,1776262901,BOOM600,5900.199,-1,0.0030000000006111804,BACKFILL_AUTO
2026-04-15 14:21:42,1776262902,BOOM600,5900.181,-1,0.018000000000029104,BACKFILL_AUTO
2026-04-15 14:21:43,1776262903,BOOM600,5900.168,-1,0.012999999999919964,BACKFILL_AUTO
2026-04-15 14:21:44,1776262904,BOOM600,5900.167,-1,0.0009999999992942321,BACKFILL_AUTO
2026-04-15 14:21:45,1776262905,BOOM600,5900.16,-1,0.007000000000516593,BACKFILL_AUTO
2026-04-15 14:21:46,1776262906,BOOM600,5900.151,-1,0.009000000000014552,BACKFILL_AUTO
2026-04-15 14:21:47,1776262907,BOOM600,5900.132,-1,0.01900000000023283,BACKFILL_AUTO
2026-04-15 14:21:48,1776262908,BOOM600,5900.112,-1,0.019999999999527063,BACKFILL_AUTO
2026-04-15 14:21:49,1776262909,BOOM600,5900.111,-1,0.0010000000002037268,BACKFILL_AUTO
2026-04-15 14:21:50,1776262910,BOOM600,5900.11,-1,0.0010000000002037268,BACKFILL_AUTO
2026-04-15 14:21:51,1776262911,BOOM600,5900.1,-1,0.009999999999308784,BACKFILL_AUTO
2026-04-15 14:21:52,1776262912,BOOM600,5900.082,-1,0.018000000000029104,BACKFILL_AUTO
2026-04-15 14:21:53,1776262913,BOOM600,5900.07,-1,0.012000000000625732,BACKFILL_AUTO
2026-04-15 14:21:54,1776262914,BOOM600,5900.061,-1,0.009000000000014552,BACKFILL_AUTO
2026-04-15 14:21:55,1776262915,BOOM600,5900.043,-1,0.018000000000029104,BACKFILL_AUTO
2026-04-15 14:21:56,1776262916,BOOM600,5900.038,-1,0.005000000000109139,BACKFILL_AUTO
2026-04-15 14:21:57,1776262917,BOOM600,5900.033,-1,0.004999999999199645,BACKFILL_AUTO
2026-04-15 14:21:58,1776262918,BOOM600,5900.021,-1,0.012000000000625732,BACKFILL_AUTO
2026-04-15 14:21:59,1776262919,BOOM600,5900.007,-1,0.014000000000123691,BACKFILL_AUTO
2026-04-15 14:22:00,1776262920,BOOM600,5900.004,-1,0.0029999999997016857,BACKFILL_AUTO
2026-04-15 14:22:01,1776262921,BOOM600,5900.002,-1,0.001999999999497959,BACKFILL_AUTO
2026-04-15 14:22:02,1776262922,BOOM600,5899.984,-1,0.018000000000029104,BACKFILL_AUTO
2026-04-15 14:22:03,1776262923,BOOM600,5899.965,-1,0.01900000000023283,BACKFILL_AUTO
2026-04-15 14:22:04,1776262924,BOOM600,5899.951,-1,0.014000000000123691,BACKFILL_AUTO
2026-04-15 14:22:05,1776262925,BOOM600,5899.923,-1,0.028000000000247383,BACKFILL_AUTO
2026-04-15 14:22:06,1776262926,BOOM600,5899.919,-1,0.0039999999999054126,BACKFILL_AUTO
2026-04-15 14:22:07,1776262927,BOOM600,5899.907,-1,0.011999999999716238,BACKFILL_AUTO
2026-04-15 14:22:08,1776262928,BOOM600,5899.89,-1,0.016999999999825377,BACKFILL_AUTO
2026-04-15 14:22:09,1776262929,BOOM600,5899.886,-1,0.0039999999999054126,BACKFILL_AUTO
2026-04-15 14:22:10,1776262930,BOOM600,5899.877,-1,0.009000000000014552,BACKFILL_AUTO
2026-04-15 14:22:11,1776262931,BOOM600,5899.877,0,0.0,BACKFILL_AUTO
2026-04-15 14:22:12,1776262932,BOOM600,5899.876,-1,0.0010000000002037268,BACKFILL_AUTO
2026-04-15 14:22:13,1776262933,BOOM600,5899.869,-1,0.007000000000516593,BACKFILL_AUTO
2026-04-15 14:22:14,1776262934,BOOM600,5899.853,-1,0.01599999999962165,BACKFILL_AUTO
2026-04-15 14:22:15,1776262935,BOOM600,5899.851,-1,0.0020000000004074536,BACKFILL_AUTO
2026-04-15 14:22:16,1776262936,BOOM600,5899.826,-1,0.024999999999636202,BACKFILL_AUTO
2026-04-15 14:22:17,1776262937,BOOM600,5899.819,-1,0.006999999999607098,BACKFILL_AUTO
2026-04-15 14:22:18,1776262938,BOOM600,5899.804,-1,0.015000000000327418,BACKFILL_AUTO
2026-04-15 14:22:19,1776262939,BOOM600,5899.798,-1,0.006000000000312866,BACKFILL_AUTO
2026-04-15 14:22:20,1776262940,BOOM600,5899.784,-1,0.014000000000123691,BACKFILL_AUTO
2026-04-15 14:22:21,1776262941,BOOM600,5899.777,-1,0.006999999999607098,BACKFILL_AUTO
2026-04-15 14:22:22,1776262942,BOOM600,5899.751,-1,0.02599999999983993,BACKFILL_AUTO
2026-04-15 14:22:23,1776262943,BOOM600,5899.745,-1,0.006000000000312866,BACKFILL_AUTO
2026-04-15 14:22:24,1776262944,BOOM600,5899.735,-1,0.010000000000218279,BACKFILL_AUTO
2026-04-15 14:22:25,1776262945,BOOM600,5899.73,-1,0.005000000000109139,BACKFILL_AUTO
2026-04-15 14:22:26,1776262946,BOOM600,5899.724,-1,0.0059999999994033715,BACKFILL_AUTO
2026-04-15 14:22:27,1776262947,BOOM600,5899.704,-1,0.020000000000436557,BACKFILL_AUTO
2026-04-15 14:22:28,1776262948,BOOM600,5899.694,-1,0.009999999999308784,BACKFILL_AUTO
2026-04-15 14:22:29,1776262949,BOOM600,5899.687,-1,0.007000000000516593,BACKFILL_AUTO
2026-04-15 14:22:30,1776262950,BOOM600,5899.669,-1,0.018000000000029104,BACKFILL_AUTO
2026-04-15 14:22:31,1776262951,BOOM600,5899.665,-1,0.0039999999999054126,BACKFILL_AUTO
2026-04-15 14:22:32,1776262952,BOOM600,5899.663,-1,0.0020000000004074536,BACKFILL_AUTO
2026-04-15 14:22:33,1776262953,BOOM600,5899.658,-1,0.004999999999199645,BACKFILL_AUTO
2026-04-15 14:22:34,1776262954,BOOM600,5899.658,0,0.0,BACKFILL_AUTO
2026-04-15 14:22:35,1776262955,BOOM600,5899.649,-1,0.009000000000014552,BACKFILL_AUTO
2026-04-15 14:22:36,1776262956,BOOM600,5899.631,-1,0.018000000000029104,BACKFILL_AUTO
2026-04-15 14:22:37,1776262957,BOOM600,5899.621,-1,0.010000000000218279,BACKFILL_AUTO
2026-04-15 14:22:38,1776262958,BOOM600,5899.62,-1,0.0010000000002037268,BACKFILL_AUTO
2026-04-15 14:22:39,1776262959,BOOM600,5899.619,-1,0.0010000000002037268,BACKFILL_AUTO
2026-04-15 14:22:40,1776262960,BOOM600,5899.603,-1,0.01599999999962165,BACKFILL_AUTO
2026-04-15 14:22:41,1776262961,BOOM600,5899.587,-1,0.01599999999962165,BACKFILL_AUTO
2026-04-15 14:22:42,1776262962,BOOM600,5899.574,-1,0.01300000000082946,BACKFILL_AUTO
2026-04-15 14:22:43,1776262963,BOOM600,5899.566,-1,0.007999999999810825,BACKFILL_AUTO
2026-04-15 14:22:44,1776262964,BOOM600,5899.55,-1,0.01599999999962165,BACKFILL_AUTO
2026-04-15 14:22:45,1776262965,BOOM600,5899.536,-1,0.014000000000123691,BACKFILL_AUTO
2026-04-15 14:22:46,1776262966,BOOM600,5899.528,-1,0.007999999999810825,BACKFILL_AUTO
2026-04-15 14:22:47,1776262967,BOOM600,5899.514,-1,0.014000000000123691,BACKFILL_AUTO
2026-04-15 14:22:48,1776262968,BOOM600,5899.504,-1,0.010000000000218279,BACKFILL_AUTO
2026-04-15 14:22:49,1776262969,BOOM600,5899.486,-1,0.018000000000029104,BACKFILL_AUTO
2026-04-15 14:22:50,1776262970,BOOM600,5899.478,-1,0.007999999999810825,BACKFILL_AUTO
2026-04-15 14:22:51,1776262971,BOOM600,5899.45,-1,0.028000000000247383,BACKFILL_AUTO
2026-04-15 14:22:52,1776262972,BOOM600,5899.441,-1,0.009000000000014552,BACKFILL_AUTO
2026-04-15 14:22:53,1776262973,BOOM600,5899.428,-1,0.012999999999919964,BACKFILL_AUTO
2026-04-15 14:22:54,1776262974,BOOM600,5899.426,-1,0.001999999999497959,BACKFILL_AUTO
2026-04-15 14:22:55,1776262975,BOOM600,5899.39,-1,0.03600000000005821,BACKFILL_AUTO
2026-04-15 14:22:56,1776262976,BOOM600,5899.372,-1,0.018000000000029104,BACKFILL_AUTO
2026-04-15 14:22:57,1776262977,BOOM600,5899.368,-1,0.0039999999999054126,BACKFILL_AUTO
2026-04-15 14:22:58,1776262978,BOOM600,5899.351,-1,0.01700000000073487,BACKFILL_AUTO
2026-04-15 14:22:59,1776262979,BOOM600,5899.35,-1,0.0009999999992942321,BACKFILL_AUTO
2026-04-15 14:23:00,1776262980,BOOM600,5899.331,-1,0.01900000000023283,BACKFILL_AUTO
2026-04-15 14:23:01,1776262981,BOOM600,5899.32,-1,0.011000000000422006,BACKFILL_AUTO
2026-04-15 14:23:02,1776262982,BOOM600,5899.311,-1,0.009000000000014552,BACKFILL_AUTO
2026-04-15 14:23:03,1776262983,BOOM600,5899.308,-1,0.0029999999997016857,BACKFILL_AUTO
2026-04-15 14:23:04,1776262984,BOOM600,5899.298,-1,0.010000000000218279,BACKFILL_AUTO
2026-04-15 14:23:05,1776262985,BOOM600,5899.28,-1,0.018000000000029104,BACKFILL_AUTO
2026-04-15 14:23:06,1776262986,BOOM600,5899.274,-1,0.0059999999994033715,BACKFILL_AUTO
2026-04-15 14:23:07,1776262987,BOOM600,5899.263,-1,0.011000000000422006,BACKFILL_AUTO
2026-04-15 14:23:08,1776262988,BOOM600,5899.249,-1,0.014000000000123691,BACKFILL_AUTO
2026-04-15 14:23:09,1776262989,BOOM600,5899.22,-1,0.028999999999541615,BACKFILL_AUTO
2026-04-15 14:23:10,1776262990,BOOM600,5899.215,-1,0.005000000000109139,BACKFILL_AUTO
2026-04-15 14:23:11,1776262991,BOOM600,5899.196,-1,0.01900000000023283,BACKFILL_AUTO
2026-04-15 14:23:12,1776262992,BOOM600,5899.188,-1,0.007999999999810825,BACKFILL_AUTO
2026-04-15 14:23:13,1776262993,BOOM600,5899.171,-1,0.016999999999825377,BACKFILL_AUTO
2026-04-15 14:23:14,1776262994,BOOM600,5899.155,-1,0.016000000000531145,BACKFILL_AUTO
2026-04-15 14:23:15,1776262995,BOOM600,5899.148,-1,0.006999999999607098,BACKFILL_AUTO
2026-04-15 14:23:16,1776262996,BOOM600,5899.136,-1,0.011999999999716238,BACKFILL_AUTO
2026-04-15 14:23:17,1776262997,BOOM600,5899.126,-1,0.010000000000218279,BACKFILL_AUTO
2026-04-15 14:23:18,1776262998,BOOM600,5899.116,-1,0.010000000000218279,BACKFILL_AUTO
2026-04-15 14:23:19,1776262999,BOOM600,5899.093,-1,0.023000000000138243,BACKFILL_AUTO
2026-04-15 14:23:20,1776263000,BOOM600,5899.086,-1,0.006999999999607098,BACKFILL_AUTO
2026-04-15 14:23:21,1776263001,BOOM600,5899.071,-1,0.015000000000327418,BACKFILL_AUTO
2026-04-15 14:23:22,1776263002,BOOM600,5899.065,-1,0.006000000000312866,BACKFILL_AUTO
2026-04-15 14:23:23,1776263003,BOOM600,5899.058,-1,0.006999999999607098,BACKFILL_AUTO
2026-04-15 14:23:24,1776263004,BOOM600,5899.047,-1,0.011000000000422006,BACKFILL_AUTO
2026-04-15 14:23:25,1776263005,BOOM600,5899.026,-1,0.02099999999973079,BACKFILL_AUTO
2026-04-15 14:23:26,1776263006,BOOM600,5899.019,-1,0.006999999999607098,BACKFILL_AUTO
2026-04-15 14:23:27,1776263007,BOOM600,5899.013,-1,0.006000000000312866,BACKFILL_AUTO
2026-04-15 14:23:28,1776263008,BOOM600,5899.011,-1,0.001999999999497959,BACKFILL_AUTO
2026-04-15 14:23:29,1776263009,BOOM600,5898.984,-1,0.027000000000043656,BACKFILL_AUTO
2026-04-15 14:23:30,1776263010,BOOM600,5898.963,-1,0.021000000000640284,BACKFILL_AUTO
2026-04-15 14:23:31,1776263011,BOOM600,5898.953,-1,0.009999999999308784,BACKFILL_AUTO
2026-04-15 14:23:32,1776263012,BOOM600,5898.94,-1,0.01300000000082946,BACKFILL_AUTO
2026-04-15 14:23:33,1776263013,BOOM600,5898.929,-1,0.01099999999951251,BACKFILL_AUTO
2026-04-15 14:23:34,1776263014,BOOM600,5898.929,0,0.0,BACKFILL_AUTO
2026-04-15 14:23:35,1776263015,BOOM600,5898.923,-1,0.006000000000312866,BACKFILL_AUTO
2026-04-15 14:23:36,1776263016,BOOM600,5898.903,-1,0.019999999999527063,BACKFILL_AUTO
2026-04-15 14:23:37,1776263017,BOOM600,5898.865,-1,0.03800000000046566,BACKFILL_AUTO
2026-04-15 14:23:38,1776263018,BOOM600,5898.861,-1,0.0039999999999054126,BACKFILL_AUTO
2026-04-15 14:23:39,1776263019,BOOM600,5898.856,-1,0.005000000000109139,BACKFILL_AUTO
2026-04-15 14:23:40,1776263020,BOOM600,5898.846,-1,0.010000000000218279,BACKFILL_AUTO
2026-04-15 14:23:41,1776263021,BOOM600,5898.845,-1,0.0009999999992942321,BACKFILL_AUTO
2026-04-15 14:23:42,1776263022,BOOM600,5898.829,-1,0.016000000000531145,BACKFILL_AUTO
2026-04-15 14:23:43,1776263023,BOOM600,5898.808,-1,0.02099999999973079,BACKFILL_AUTO
2026-04-15 14:23:44,1776263024,BOOM600,5898.799,-1,0.009000000000014552,BACKFILL_AUTO
2026-04-15 14:23:45,1776263025,BOOM600,5898.786,-1,0.012999999999919964,BACKFILL_AUTO
2026-04-15 14:23:46,1776263026,BOOM600,5898.771,-1,0.015000000000327418,BACKFILL_AUTO
2026-04-15 14:23:47,1776263027,BOOM600,5898.763,-1,0.007999999999810825,BACKFILL_AUTO
2026-04-15 14:23:48,1776263028,BOOM600,5898.76,-1,0.0029999999997016857,BACKFILL_AUTO
2026-04-15 14:23:49,1776263029,BOOM600,5898.748,-1,0.012000000000625732,BACKFILL_AUTO
2026-04-15 14:23:50,1776263030,BOOM600,5898.744,-1,0.0039999999999054126,BACKFILL_AUTO
2026-04-15 14:23:51,1776263031,BOOM600,5898.739,-1,0.005000000000109139,BACKFILL_AUTO
2026-04-15 14:23:52,1776263032,BOOM600,5898.717,-1,0.021999999999934516,BACKFILL_AUTO
2026-04-15 14:23:53,1776263033,BOOM600,5898.717,0,0.0,BACKFILL_AUTO
2026-04-15 14:23:54,1776263034,BOOM600,5898.705,-1,0.011999999999716238,BACKFILL_AUTO
2026-04-15 14:23:55,1776263035,BOOM600,5898.692,-1,0.012999999999919964,BACKFILL_AUTO
2026-04-15 14:23:56,1776263036,BOOM600,5898.666,-1,0.02599999999983993,BACKFILL_AUTO
2026-04-15 14:23:57,1776263037,BOOM600,5898.664,-1,0.0020000000004074536,BACKFILL_AUTO
2026-04-15 14:23:58,1776263038,BOOM600,5898.646,-1,0.018000000000029104,BACKFILL_AUTO
2026-04-15 14:23:59,1776263039,BOOM600,5898.638,-1,0.007999999999810825,BACKFILL_AUTO
2026-04-15 14:24:00,1776263040,BOOM600,5898.627,-1,0.01099999999951251,BACKFILL_AUTO
2026-04-15 14:24:01,1776263041,BOOM600,5898.612,-1,0.015000000000327418,BACKFILL_AUTO
2026-04-15 14:24:02,1776263042,BOOM600,5898.607,-1,0.005000000000109139,BACKFILL_AUTO
2026-04-15 14:24:03,1776263043,BOOM600,5898.598,-1,0.009000000000014552,BACKFILL_AUTO
2026-04-15 14:24:04,1776263044,BOOM600,5898.594,-1,0.0039999999999054126,BACKFILL_AUTO
2026-04-15 14:24:05,1776263045,BOOM600,5898.593,-1,0.0010000000002037268,BACKFILL_AUTO
2026-04-15 14:24:06,1776263046,BOOM600,5898.589,-1,0.0039999999999054126,BACKFILL_AUTO
2026-04-15 14:24:07,1776263047,BOOM600,5898.575,-1,0.014000000000123691,BACKFILL_AUTO
2026-04-15 14:24:08,1776263048,BOOM600,5898.563,-1,0.011999999999716238,BACKFILL_AUTO
2026-04-15 14:24:09,1776263049,BOOM600,5898.551,-1,0.011999999999716238,BACKFILL_AUTO
2026-04-15 14:24:10,1776263050,BOOM600,5898.536,-1,0.015000000000327418,BACKFILL_AUTO
2026-04-15 14:24:11,1776263051,BOOM600,5898.524,-1,0.011999999999716238,BACKFILL_AUTO
2026-04-15 14:24:12,1776263052,BOOM600,5898.52,-1,0.0039999999999054126,BACKFILL_AUTO
2026-04-15 14:24:13,1776263053,BOOM600,5898.517,-1,0.0030000000006111804,BACKFILL_AUTO
2026-04-15 14:24:14,1776263054,BOOM600,5898.509,-1,0.007999999999810825,BACKFILL_AUTO
2026-04-15 14:24:15,1776263055,BOOM600,5898.507,-1,0.0020000000004074536,BACKFILL_AUTO
2026-04-15 14:24:16,1776263056,BOOM600,5898.501,-1,0.0059999999994033715,BACKFILL_AUTO
2026-04-15 14:24:17,1776263057,BOOM600,5898.495,-1,0.006000000000312866,BACKFILL_AUTO
2026-04-15 14:24:18,1776263058,BOOM600,5898.494,-1,0.0010000000002037268,BACKFILL_AUTO
2026-04-15 14:24:19,1776263059,BOOM600,5898.472,-1,0.021999999999934516,BACKFILL_AUTO
2026-04-15 14:24:20,1776263060,BOOM600,5898.471,-1,0.0010000000002037268,BACKFILL_AUTO
2026-04-15 14:24:21,1776263061,BOOM600,5898.471,0,0.0,BACKFILL_AUTO
2026-04-15 14:24:22,1776263062,BOOM600,5898.468,-1,0.0029999999997016857,BACKFILL_AUTO
2026-04-15 14:24:23,1776263063,BOOM600,5898.46,-1,0.007999999999810825,BACKFILL_AUTO
2026-04-15 14:24:24,1776263064,BOOM600,5898.448,-1,0.011999999999716238,BACKFILL_AUTO
2026-04-15 14:24:25,1776263065,BOOM600,5898.429,-1,0.01900000000023283,BACKFILL_AUTO
2026-04-15 14:24:26,1776263066,BOOM600,5898.416,-1,0.012999999999919964,BACKFILL_AUTO
2026-04-15 14:24:27,1776263067,BOOM600,5898.416,0,0.0,BACKFILL_AUTO
2026-04-15 14:24:28,1776263068,BOOM600,5898.412,-1,0.0039999999999054126,BACKFILL_AUTO
2026-04-15 14:24:29,1776263069,BOOM600,5898.398,-1,0.014000000000123691,BACKFILL_AUTO
2026-04-15 14:24:30,1776263070,BOOM600,5898.379,-1,0.01900000000023283,BACKFILL_AUTO
2026-04-15 14:24:31,1776263071,BOOM600,5898.367,-1,0.011999999999716238,BACKFILL_AUTO
2026-04-15 14:24:32,1776263072,BOOM600,5898.351,-1,0.016000000000531145,BACKFILL_AUTO
2026-04-15 14:24:33,1776263073,BOOM600,5898.335,-1,0.01599999999962165,BACKFILL_AUTO
2026-04-15 14:24:34,1776263074,BOOM600,5898.317,-1,0.018000000000029104,BACKFILL_AUTO
2026-04-15 14:24:35,1776263075,BOOM600,5898.311,-1,0.006000000000312866,BACKFILL_AUTO
2026-04-15 14:24:36,1776263076,BOOM600,5898.29,-1,0.02099999999973079,BACKFILL_AUTO
2026-04-15 14:24:37,1776263077,BOOM600,5898.283,-1,0.006999999999607098,BACKFILL_AUTO
2026-04-15 14:24:38,1776263078,BOOM600,5898.266,-1,0.01700000000073487,BACKFILL_AUTO
2026-04-15 14:24:39,1776263079,BOOM600,5898.245,-1,0.02099999999973079,BACKFILL_AUTO
2026-04-15 14:24:40,1776263080,BOOM600,5898.238,-1,0.006999999999607098,BACKFILL_AUTO
2026-04-15 14:24:41,1776263081,BOOM600,5898.235,-1,0.0030000000006111804,BACKFILL_AUTO
2026-04-15 14:24:42,1776263082,BOOM600,5898.216,-1,0.018999999999323336,BACKFILL_AUTO
2026-04-15 14:24:43,1776263083,BOOM600,5898.202,-1,0.014000000000123691,BACKFILL_AUTO
2026-04-15 14:24:44,1776263084,BOOM600,5898.188,-1,0.014000000000123691,BACKFILL_AUTO
2026-04-15 14:24:45,1776263085,BOOM600,5898.183,-1,0.005000000000109139,BACKFILL_AUTO
2026-04-15 14:24:46,1776263086,BOOM600,5898.179,-1,0.0039999999999054126,BACKFILL_AUTO
2026-04-15 14:24:47,1776263087,BOOM600,5898.162,-1,0.016999999999825377,BACKFILL_AUTO
2026-04-15 14:24:48,1776263088,BOOM600,5898.145,-1,0.016999999999825377,BACKFILL_AUTO
2026-04-15 14:24:49,1776263089,BOOM600,5898.145,0,0.0,BACKFILL_AUTO
2026-04-15 14:24:50,1776263090,BOOM600,5898.144,-1,0.0010000000002037268,BACKFILL_AUTO
2026-04-15 14:24:51,1776263091,BOOM600,5898.14,-1,0.0039999999999054126,BACKFILL_AUTO
2026-04-15 14:24:52,1776263092,BOOM600,5898.127,-1,0.012999999999919964,BACKFILL_AUTO
2026-04-15 14:24:53,1776263093,BOOM600,5898.107,-1,0.020000000000436557,BACKFILL_AUTO
2026-04-15 14:24:54,1776263094,BOOM600,5898.094,-1,0.012999999999919964,BACKFILL_AUTO
2026-04-15 14:24:55,1776263095,BOOM600,5898.09,-1,0.0039999999999054126,BACKFILL_AUTO
2026-04-15 14:24:56,1776263096,BOOM600,5913.386,1,15.296000000000276,BACKFILL_AUTO
2026-04-15 14:24:57,1776263097,BOOM600,5913.381,-1,0.005000000000109139,BACKFILL_AUTO
2026-04-15 14:24:58,1776263098,BOOM600,5913.363,-1,0.018000000000029104,BACKFILL_AUTO
2026-04-15 14:24:59,1776263099,BOOM600,5913.351,-1,0.012000000000625732,BACKFILL_AUTO
2026-04-15 14:25:00,1776263100,BOOM600,5913.345,-1,0.0059999999994033715,BACKFILL_AUTO
2026-04-15 14:25:01,1776263101,BOOM600,5913.34,-1,0.005000000000109139,BACKFILL_AUTO
2026-04-15 14:25:02,1776263102,BOOM600,5913.338,-1,0.0020000000004074536,BACKFILL_AUTO
2026-04-15 14:25:03,1776263103,BOOM600,5913.334,-1,0.0039999999999054126,BACKFILL_AUTO
2026-04-15 14:25:04,1776263104,BOOM600,5913.33,-1,0.0039999999999054126,BACKFILL_AUTO
2026-04-15 14:25:05,1776263105,BOOM600,5913.325,-1,0.005000000000109139,BACKFILL_AUTO
2026-04-15 14:25:06,1776263106,BOOM600,5913.32,-1,0.005000000000109139,BACKFILL_AUTO
2026-04-15 14:25:07,1776263107,BOOM600,5913.302,-1,0.018000000000029104,BACKFILL_AUTO
2026-04-15 14:25:08,1776263108,BOOM600,5913.302,0,0.0,BACKFILL_AUTO
2026-04-15 14:25:09,1776263109,BOOM600,5913.296,-1,0.0059999999994033715,BACKFILL_AUTO
2026-04-15 14:25:10,1776263110,BOOM600,5913.287,-1,0.009000000000014552,BACKFILL_AUTO
2026-04-15 14:25:11,1776263111,BOOM600,5913.277,-1,0.010000000000218279,BACKFILL_AUTO
2026-04-15 14:25:12,1776263112,BOOM600,5913.264,-1,0.012999999999919964,BACKFILL_AUTO
2026-04-15 14:25:13,1776263113,BOOM600,5913.262,-1,0.0020000000004074536,BACKFILL_AUTO
2026-04-15 14:25:14,1776263114,BOOM600,5913.259,-1,0.0029999999997016857,BACKFILL_AUTO
2026-04-15 14:25:15,1776263115,BOOM600,5913.253,-1,0.006000000000312866,BACKFILL_AUTO
2026-04-15 14:25:16,1776263116,BOOM600,5913.249,-1,0.0039999999999054126,BACKFILL_AUTO
2026-04-15 14:25:17,1776263117,BOOM600,5913.244,-1,0.005000000000109139,BACKFILL_AUTO
2026-04-15 14:25:18,1776263118,BOOM600,5913.232,-1,0.011999999999716238,BACKFILL_AUTO
2026-04-15 14:25:19,1776263119,BOOM600,5913.214,-1,0.018000000000029104,BACKFILL_AUTO
2026-04-15 14:25:20,1776263120,BOOM600,5913.198,-1,0.01599999999962165,BACKFILL_AUTO
2026-04-15 14:25:21,1776263121,BOOM600,5913.183,-1,0.015000000000327418,BACKFILL_AUTO
2026-04-15 14:25:22,1776263122,BOOM600,5913.166,-1,0.016999999999825377,BACKFILL_AUTO
2026-04-15 14:25:23,1776263123,BOOM600,5913.16,-1,0.006000000000312866,BACKFILL_AUTO
2026-04-15 14:25:24,1776263124,BOOM600,5913.145,-1,0.014999999999417923,BACKFILL_AUTO
2026-04-15 14:25:25,1776263125,BOOM600,5913.124,-1,0.021000000000640284,BACKFILL_AUTO
2026-04-15 14:25:26,1776263126,BOOM600,5913.113,-1,0.01099999999951251,BACKFILL_AUTO
2026-04-15 14:25:27,1776263127,BOOM600,5913.1,-1,0.012999999999919964,BACKFILL_AUTO
2026-04-15 14:25:28,1776263128,BOOM600,5913.094,-1,0.006000000000312866,BACKFILL_AUTO
2026-04-15 14:25:29,1776263129,BOOM600,5913.068,-1,0.02599999999983993,BACKFILL_AUTO
2026-04-15 14:25:30,1776263130,BOOM600,5913.056,-1,0.012000000000625732,BACKFILL_AUTO
2026-04-15 14:25:31,1776263131,BOOM600,5913.056,0,0.0,BACKFILL_AUTO
2026-04-15 14:25:32,1776263132,BOOM600,5913.053,-1,0.0029999999997016857,BACKFILL_AUTO
2026-04-15 14:25:33,1776263133,BOOM600,5913.047,-1,0.006000000000312866,BACKFILL_AUTO
2026-04-15 14:25:34,1776263134,BOOM600,5913.04,-1,0.006999999999607098,BACKFILL_AUTO
2026-04-15 14:25:35,1776263135,BOOM600,5913.038,-1,0.0020000000004074536,BACKFILL_AUTO
2026-04-15 14:25:36,1776263136,BOOM600,5913.035,-1,0.0029999999997016857,BACKFILL_AUTO
2026-04-15 14:25:37,1776263137,BOOM600,5913.033,-1,0.001999999999497959,BACKFILL_AUTO
2026-04-15 14:25:38,1776263138,BOOM600,5913.013,-1,0.020000000000436557,BACKFILL_AUTO
2026-04-15 14:25:39,1776263139,BOOM600,5913.011,-1,0.001999999999497959,BACKFILL_AUTO
2026-04-15 14:25:40,1776263140,BOOM600,5913.008,-1,0.0030000000006111804,BACKFILL_AUTO
2026-04-15 14:25:41,1776263141,BOOM600,5912.984,-1,0.023999999999432475,BACKFILL_AUTO
2026-04-15 14:25:42,1776263142,BOOM600,5912.973,-1,0.011000000000422006,BACKFILL_AUTO
2026-04-15 14:25:43,1776263143,BOOM600,5912.963,-1,0.010000000000218279,BACKFILL_AUTO
2026-04-15 14:25:44,1776263144,BOOM600,5912.946,-1,0.016999999999825377,BACKFILL_AUTO
2026-04-15 14:25:45,1776263145,BOOM600,5912.93,-1,0.01599999999962165,BACKFILL_AUTO
2026-04-15 14:25:46,1776263146,BOOM600,5912.923,-1,0.007000000000516593,BACKFILL_AUTO
2026-04-15 14:25:47,1776263147,BOOM600,5912.92,-1,0.0029999999997016857,BACKFILL_AUTO
2026-04-15 14:25:48,1776263148,BOOM600,5912.901,-1,0.01900000000023283,BACKFILL_AUTO
2026-04-15 14:25:49,1776263149,BOOM600,5912.898,-1,0.0029999999997016857,BACKFILL_AUTO
2026-04-15 14:25:50,1776263150,BOOM600,5912.892,-1,0.006000000000312866,BACKFILL_AUTO
2026-04-15 14:25:51,1776263151,BOOM600,5912.881,-1,0.01099999999951251,BACKFILL_AUTO
2026-04-15 14:25:52,1776263152,BOOM600,5912.87,-1,0.011000000000422006,BACKFILL_AUTO
2026-04-15 14:25:53,1776263153,BOOM600,5912.857,-1,0.012999999999919964,BACKFILL_AUTO
2026-04-15 14:25:54,1776263154,BOOM600,5912.843,-1,0.014000000000123691,BACKFILL_AUTO
2026-04-15 14:25:55,1776263155,BOOM600,5912.839,-1,0.0039999999999054126,BACKFILL_AUTO
2026-04-15 14:25:56,1776263156,BOOM600,5912.808,-1,0.03099999999994907,BACKFILL_AUTO
2026-04-15 14:25:57,1776263157,BOOM600,5912.791,-1,0.016999999999825377,BACKFILL_AUTO
2026-04-15 14:25:58,1776263158,BOOM600,5912.788,-1,0.0030000000006111804,BACKFILL_AUTO
2026-04-15 14:25:59,1776263159,BOOM600,5912.765,-1,0.02299999999922875,BACKFILL_AUTO
2026-04-15 14:26:00,1776263160,BOOM600,5912.765,0,0.0,BACKFILL_AUTO
2026-04-15 14:26:01,1776263161,BOOM600,5912.758,-1,0.007000000000516593,BACKFILL_AUTO
2026-04-15 14:26:02,1776263162,BOOM600,5912.745,-1,0.012999999999919964,BACKFILL_AUTO
2026-04-15 14:26:03,1776263163,BOOM600,5912.732,-1,0.012999999999919964,BACKFILL_AUTO
2026-04-15 14:26:04,1776263164,BOOM600,5912.712,-1,0.019999999999527063,BACKFILL_AUTO
2026-04-15 14:26:05,1776263165,BOOM600,5912.697,-1,0.015000000000327418,BACKFILL_AUTO
2026-04-15 14:26:06,1776263166,BOOM600,5912.685,-1,0.011999999999716238,BACKFILL_AUTO
2026-04-15 14:26:07,1776263167,BOOM600,5912.681,-1,0.004000000000814907,BACKFILL_AUTO
2026-04-15 14:26:08,1776263168,BOOM600,5912.669,-1,0.011999999999716238,BACKFILL_AUTO
2026-04-15 14:26:09,1776263169,BOOM600,5912.667,-1,0.001999999999497959,BACKFILL_AUTO
2026-04-15 14:26:10,1776263170,BOOM600,5912.657,-1,0.010000000000218279,BACKFILL_AUTO
2026-04-15 14:26:11,1776263171,BOOM600,5912.652,-1,0.005000000000109139,BACKFILL_AUTO
2026-04-15 14:26:12,1776263172,BOOM600,5912.649,-1,0.0029999999997016857,BACKFILL_AUTO
2026-04-15 14:26:13,1776263173,BOOM600,5912.635,-1,0.014000000000123691,BACKFILL_AUTO
2026-04-15 14:26:14,1776263174,BOOM600,5912.623,-1,0.012000000000625732,BACKFILL_AUTO
2026-04-15 14:26:15,1776263175,BOOM600,5912.607,-1,0.01599999999962165,BACKFILL_AUTO
2026-04-15 14:26:16,1776263176,BOOM600,5912.6,-1,0.006999999999607098,BACKFILL_AUTO
2026-04-15 14:26:17,1776263177,BOOM600,5912.576,-1,0.02400000000034197,BACKFILL_AUTO
2026-04-15 14:26:18,1776263178,BOOM600,5912.572,-1,0.0039999999999054126,BACKFILL_AUTO
2026-04-15 14:26:19,1776263179,BOOM600,5912.571,-1,0.0010000000002037268,BACKFILL_AUTO
2026-04-15 14:26:20,1776263180,BOOM600,5912.568,-1,0.0029999999997016857,BACKFILL_AUTO
2026-04-15 14:26:21,1776263181,BOOM600,5912.567,-1,0.0010000000002037268,BACKFILL_AUTO
2026-04-15 14:26:22,1776263182,BOOM600,5912.559,-1,0.007999999999810825,BACKFILL_AUTO
2026-04-15 14:26:23,1776263183,BOOM600,5912.558,-1,0.0010000000002037268,BACKFILL_AUTO
2026-04-15 14:26:24,1776263184,BOOM600,5912.552,-1,0.006000000000312866,BACKFILL_AUTO
2026-04-15 14:26:25,1776263185,BOOM600,5912.541,-1,0.01099999999951251,BACKFILL_AUTO
2026-04-15 14:26:26,1776263186,BOOM600,5912.524,-1,0.016999999999825377,BACKFILL_AUTO
2026-04-15 14:26:27,1776263187,BOOM600,5912.503,-1,0.021000000000640284,BACKFILL_AUTO
2026-04-15 14:26:28,1776263188,BOOM600,5912.491,-1,0.011999999999716238,BACKFILL_AUTO
2026-04-15 14:26:29,1776263189,BOOM600,5912.472,-1,0.01900000000023283,BACKFILL_AUTO
2026-04-15 14:26:30,1776263190,BOOM600,5912.464,-1,0.007999999999810825,BACKFILL_AUTO
2026-04-15 14:26:31,1776263191,BOOM600,5912.462,-1,0.001999999999497959,BACKFILL_AUTO
2026-04-15 14:26:32,1776263192,BOOM600,5912.453,-1,0.009000000000014552,BACKFILL_AUTO
2026-04-15 14:26:33,1776263193,BOOM600,5912.442,-1,0.011000000000422006,BACKFILL_AUTO
2026-04-15 14:26:34,1776263194,BOOM600,5912.432,-1,0.010000000000218279,BACKFILL_AUTO
2026-04-15 14:26:35,1776263195,BOOM600,5912.418,-1,0.014000000000123691,BACKFILL_AUTO
2026-04-15 14:26:36,1776263196,BOOM600,5912.409,-1,0.009000000000014552,BACKFILL_AUTO
2026-04-15 14:26:37,1776263197,BOOM600,5912.396,-1,0.012999999999919964,BACKFILL_AUTO
2026-04-15 14:26:38,1776263198,BOOM600,5912.381,-1,0.014999999999417923,BACKFILL_AUTO
2026-04-15 14:26:39,1776263199,BOOM600,5912.373,-1,0.00800000000072032,BACKFILL_AUTO
2026-04-15 14:26:40,1776263200,BOOM600,5912.37,-1,0.0029999999997016857,BACKFILL_AUTO
2026-04-15 14:26:41,1776263201,BOOM600,5912.367,-1,0.0029999999997016857,BACKFILL_AUTO
2026-04-15 14:26:42,1776263202,BOOM600,5912.36,-1,0.007000000000516593,BACKFILL_AUTO
2026-04-15 14:26:43,1776263203,BOOM600,5912.35,-1,0.009999999999308784,BACKFILL_AUTO
2026-04-15 14:26:44,1776263204,BOOM600,5912.335,-1,0.015000000000327418,BACKFILL_AUTO
2026-04-15 14:26:45,1776263205,BOOM600,5912.334,-1,0.0010000000002037268,BACKFILL_AUTO
2026-04-15 14:26:46,1776263206,BOOM600,5912.332,-1,0.001999999999497959,BACKFILL_AUTO
2026-04-15 14:26:47,1776263207,BOOM600,5912.326,-1,0.006000000000312866,BACKFILL_AUTO
2026-04-15 14:26:48,1776263208,BOOM600,5912.298,-1,0.028000000000247383,BACKFILL_AUTO
2026-04-15 14:26:49,1776263209,BOOM600,5912.285,-1,0.012999999999919964,BACKFILL_AUTO
2026-04-15 14:26:50,1776263210,BOOM600,5912.267,-1,0.018000000000029104,BACKFILL_AUTO
2026-04-15 14:26:51,1776263211,BOOM600,5912.264,-1,0.0029999999997016857,BACKFILL_AUTO
2026-04-15 14:26:52,1776263212,BOOM600,5912.254,-1,0.010000000000218279,BACKFILL_AUTO
2026-04-15 14:26:53,1776263213,BOOM600,5912.242,-1,0.011999999999716238,BACKFILL_AUTO
2026-04-15 14:26:54,1776263214,BOOM600,5912.218,-1,0.02400000000034197,BACKFILL_AUTO
2026-04-15 14:26:55,1776263215,BOOM600,5912.206,-1,0.011999999999716238,BACKFILL_AUTO
2026-04-15 14:26:56,1776263216,BOOM600,5912.201,-1,0.005000000000109139,BACKFILL_AUTO
2026-04-15 14:26:57,1776263217,BOOM600,5912.192,-1,0.009000000000014552,BACKFILL_AUTO
2026-04-15 14:26:58,1776263218,BOOM600,5912.181,-1,0.011000000000422006,BACKFILL_AUTO
2026-04-15 14:26:59,1776263219,BOOM600,5912.178,-1,0.0029999999997016857,BACKFILL_AUTO
2026-04-15 14:27:00,1776263220,BOOM600,5912.174,-1,0.0039999999999054126,BACKFILL_AUTO
2026-04-15 14:27:01,1776263221,BOOM600,5912.168,-1,0.006000000000312866,BACKFILL_AUTO
2026-04-15 14:27:02,1776263222,BOOM600,5912.157,-1,0.01099999999951251,BACKFILL_AUTO
2026-04-15 14:27:03,1776263223,BOOM600,5912.141,-1,0.016000000000531145,BACKFILL_AUTO
2026-04-15 14:27:04,1776263224,BOOM600,5912.125,-1,0.01599999999962165,BACKFILL_AUTO
2026-04-15 14:27:05,1776263225,BOOM600,5912.103,-1,0.021999999999934516,BACKFILL_AUTO
2026-04-15 14:27:06,1776263226,BOOM600,5912.093,-1,0.010000000000218279,BACKFILL_AUTO
2026-04-15 14:27:07,1776263227,BOOM600,5912.091,-1,0.001999999999497959,BACKFILL_AUTO
2026-04-15 14:27:08,1776263228,BOOM600,5912.084,-1,0.007000000000516593,BACKFILL_AUTO
2026-04-15 14:27:09,1776263229,BOOM600,5912.056,-1,0.028000000000247383,BACKFILL_AUTO
2026-04-15 14:27:10,1776263230,BOOM600,5912.035,-1,0.02099999999973079,BACKFILL_AUTO
2026-04-15 14:27:11,1776263231,BOOM600,5912.023,-1,0.011999999999716238,BACKFILL_AUTO
2026-04-15 14:27:12,1776263232,BOOM600,5912.012,-1,0.011000000000422006,BACKFILL_AUTO
2026-04-15 14:27:13,1776263233,BOOM600,5911.998,-1,0.014000000000123691,BACKFILL_AUTO
2026-04-15 14:27:14,1776263234,BOOM600,5911.975,-1,0.02299999999922875,BACKFILL_AUTO
2026-04-15 14:27:15,1776263235,BOOM600,5911.954,-1,0.021000000000640284,BACKFILL_AUTO
2026-04-15 14:27:16,1776263236,BOOM600,5911.936,-1,0.018000000000029104,BACKFILL_AUTO
2026-04-15 14:27:17,1776263237,BOOM600,5911.919,-1,0.016999999999825377,BACKFILL_AUTO
2026-04-15 14:27:18,1776263238,BOOM600,5911.908,-1,0.01099999999951251,BACKFILL_AUTO
2026-04-15 14:27:19,1776263239,BOOM600,5911.899,-1,0.009000000000014552,BACKFILL_AUTO
2026-04-15 14:27:20,1776263240,BOOM600,5911.899,0,0.0,BACKFILL_AUTO
2026-04-15 14:27:21,1776263241,BOOM600,5911.875,-1,0.02400000000034197,BACKFILL_AUTO
2026-04-15 14:27:22,1776263242,BOOM600,5911.864,-1,0.011000000000422006,BACKFILL_AUTO
2026-04-15 14:27:23,1776263243,BOOM600,5911.86,-1,0.0039999999999054126,BACKFILL_AUTO
2026-04-15 14:27:24,1776263244,BOOM600,5911.857,-1,0.0029999999997016857,BACKFILL_AUTO
2026-04-15 14:27:25,1776263245,BOOM600,5911.835,-1,0.021999999999934516,BACKFILL_AUTO
2026-04-15 14:27:26,1776263246,BOOM600,5911.828,-1,0.006999999999607098,BACKFILL_AUTO
2026-04-15 14:27:27,1776263247,BOOM600,5911.824,-1,0.004000000000814907,BACKFILL_AUTO
2026-04-15 14:27:28,1776263248,BOOM600,5911.821,-1,0.0029999999997016857,BACKFILL_AUTO
2026-04-15 14:27:29,1776263249,BOOM600,5911.81,-1,0.01099999999951251,BACKFILL_AUTO
2026-04-15 14:27:30,1776263250,BOOM600,5911.781,-1,0.02900000000045111,BACKFILL_AUTO
2026-04-15 14:27:31,1776263251,BOOM600,5911.772,-1,0.009000000000014552,BACKFILL_AUTO
2026-04-15 14:27:32,1776263252,BOOM600,5911.761,-1,0.01099999999951251,BACKFILL_AUTO
2026-04-15 14:27:33,1776263253,BOOM600,5911.744,-1,0.01700000000073487,BACKFILL_AUTO
2026-04-15 14:27:34,1776263254,BOOM600,5911.73,-1,0.014000000000123691,BACKFILL_AUTO
2026-04-15 14:27:35,1776263255,BOOM600,5911.729,-1,0.0009999999992942321,BACKFILL_AUTO
2026-04-15 14:27:36,1776263256,BOOM600,5911.726,-1,0.0030000000006111804,BACKFILL_AUTO
2026-04-15 14:27:37,1776263257,BOOM600,5911.721,-1,0.005000000000109139,BACKFILL_AUTO
2026-04-15 14:27:38,1776263258,BOOM600,5911.706,-1,0.014999999999417923,BACKFILL_AUTO
2026-04-15 14:27:39,1776263259,BOOM600,5911.693,-1,0.012999999999919964,BACKFILL_AUTO
2026-04-15 14:27:40,1776263260,BOOM600,5911.692,-1,0.0010000000002037268,BACKFILL_AUTO
2026-04-15 14:27:41,1776263261,BOOM600,5911.69,-1,0.0020000000004074536,BACKFILL_AUTO
2026-04-15 14:27:42,1776263262,BOOM600,5911.682,-1,0.007999999999810825,BACKFILL_AUTO
2026-04-15 14:27:43,1776263263,BOOM600,5911.657,-1,0.024999999999636202,BACKFILL_AUTO
2026-04-15 14:27:44,1776263264,BOOM600,5911.646,-1,0.011000000000422006,BACKFILL_AUTO
2026-04-15 14:27:45,1776263265,BOOM600,5911.641,-1,0.005000000000109139,BACKFILL_AUTO
2026-04-15 14:27:46,1776263266,BOOM600,5911.637,-1,0.0039999999999054126,BACKFILL_AUTO
2026-04-15 14:27:47,1776263267,BOOM600,5911.617,-1,0.019999999999527063,BACKFILL_AUTO
2026-04-15 14:27:48,1776263268,BOOM600,5911.615,-1,0.0020000000004074536,BACKFILL_AUTO
2026-04-15 14:27:49,1776263269,BOOM600,5911.594,-1,0.02099999999973079,BACKFILL_AUTO
2026-04-15 14:27:50,1776263270,BOOM600,5911.58,-1,0.014000000000123691,BACKFILL_AUTO
2026-04-15 14:27:51,1776263271,BOOM600,5911.576,-1,0.0039999999999054126,BACKFILL_AUTO
2026-04-15 14:27:52,1776263272,BOOM600,5911.564,-1,0.011999999999716238,BACKFILL_AUTO
2026-04-15 14:27:53,1776263273,BOOM600,5911.557,-1,0.007000000000516593,BACKFILL_AUTO
2026-04-15 14:27:54,1776263274,BOOM600,5911.535,-1,0.021999999999934516,BACKFILL_AUTO
2026-04-15 14:27:55,1776263275,BOOM600,5911.533,-1,0.001999999999497959,BACKFILL_AUTO
2026-04-15 14:27:56,1776263276,BOOM600,5911.53,-1,0.0030000000006111804,BACKFILL_AUTO
2026-04-15 14:27:57,1776263277,BOOM600,5911.517,-1,0.012999999999919964,BACKFILL_AUTO
2026-04-15 14:27:58,1776263278,BOOM600,5911.501,-1,0.01599999999962165,BACKFILL_AUTO
2026-04-15 14:27:59,1776263279,BOOM600,5911.5,-1,0.0010000000002037268,BACKFILL_AUTO
2026-04-15 14:28:00,1776263280,BOOM600,5911.498,-1,0.0020000000004074536,BACKFILL_AUTO
2026-04-15 14:28:01,1776263281,BOOM600,5911.48,-1,0.018000000000029104,BACKFILL_AUTO
2026-04-15 14:28:02,1776263282,BOOM600,5911.473,-1,0.006999999999607098,BACKFILL_AUTO
2026-04-15 14:28:03,1776263283,BOOM600,5911.467,-1,0.006000000000312866,BACKFILL_AUTO
2026-04-15 14:28:04,1776263284,BOOM600,5911.446,-1,0.02099999999973079,BACKFILL_AUTO
2026-04-15 14:28:05,1776263285,BOOM600,5911.441,-1,0.005000000000109139,BACKFILL_AUTO
2026-04-15 14:28:06,1776263286,BOOM600,5911.412,-1,0.028999999999541615,BACKFILL_AUTO
2026-04-15 14:28:07,1776263287,BOOM600,5911.389,-1,0.023000000000138243,BACKFILL_AUTO
2026-04-15 14:28:08,1776263288,BOOM600,5911.378,-1,0.011000000000422006,BACKFILL_AUTO
2026-04-15 14:28:09,1776263289,BOOM600,5911.378,0,0.0,BACKFILL_AUTO
2026-04-15 14:28:10,1776263290,BOOM600,5911.364,-1,0.014000000000123691,BACKFILL_AUTO
2026-04-15 14:28:11,1776263291,BOOM600,5911.362,-1,0.001999999999497959,BACKFILL_AUTO
2026-04-15 14:28:12,1776263292,BOOM600,5911.355,-1,0.007000000000516593,BACKFILL_AUTO
2026-04-15 14:28:13,1776263293,BOOM600,5911.343,-1,0.011999999999716238,BACKFILL_AUTO
2026-04-15 14:28:14,1776263294,BOOM600,5911.337,-1,0.0059999999994033715,BACKFILL_AUTO
2026-04-15 14:28:15,1776263295,BOOM600,5911.336,-1,0.0010000000002037268,BACKFILL_AUTO
2026-04-15 14:28:16,1776263296,BOOM600,5911.33,-1,0.006000000000312866,BACKFILL_AUTO
2026-04-15 14:28:17,1776263297,BOOM600,5911.321,-1,0.009000000000014552,BACKFILL_AUTO
2026-04-15 14:28:18,1776263298,BOOM600,5911.312,-1,0.009000000000014552,BACKFILL_AUTO
2026-04-15 14:28:19,1776263299,BOOM600,5911.297,-1,0.015000000000327418,BACKFILL_AUTO
2026-04-15 14:28:20,1776263300,BOOM600,5911.288,-1,0.009000000000014552,BACKFILL_AUTO
2026-04-15 14:28:21,1776263301,BOOM600,5911.283,-1,0.004999999999199645,BACKFILL_AUTO
2026-04-15 14:28:22,1776263302,BOOM600,5911.279,-1,0.0039999999999054126,BACKFILL_AUTO
2026-04-15 14:28:23,1776263303,BOOM600,5911.274,-1,0.005000000000109139,BACKFILL_AUTO
2026-04-15 14:28:24,1776263304,BOOM600,5911.261,-1,0.012999999999919964,BACKFILL_AUTO
2026-04-15 14:28:25,1776263305,BOOM600,5911.258,-1,0.0030000000006111804,BACKFILL_AUTO
2026-04-15 14:28:26,1776263306,BOOM600,5911.249,-1,0.009000000000014552,BACKFILL_AUTO
2026-04-15 14:28:27,1776263307,BOOM600,5911.248,-1,0.0010000000002037268,BACKFILL_AUTO
2026-04-15 14:28:28,1776263308,BOOM600,5911.228,-1,0.019999999999527063,BACKFILL_AUTO
2026-04-15 14:28:29,1776263309,BOOM600,5911.223,-1,0.005000000000109139,BACKFILL_AUTO
2026-04-15 14:28:30,1776263310,BOOM600,5911.203,-1,0.019999999999527063,BACKFILL_AUTO
2026-04-15 14:28:31,1776263311,BOOM600,5911.193,-1,0.010000000000218279,BACKFILL_AUTO
2026-04-15 14:28:32,1776263312,BOOM600,5911.161,-1,0.032000000000152795,BACKFILL_AUTO
2026-04-15 14:28:33,1776263313,BOOM600,5911.144,-1,0.016999999999825377,BACKFILL_AUTO
2026-04-15 14:28:34,1776263314,BOOM600,5911.138,-1,0.006000000000312866,BACKFILL_AUTO
2026-04-15 14:28:35,1776263315,BOOM600,5911.127,-1,0.01099999999951251,BACKFILL_AUTO
2026-04-15 14:28:36,1776263316,BOOM600,5911.121,-1,0.006000000000312866,BACKFILL_AUTO
2026-04-15 14:28:37,1776263317,BOOM600,5911.113,-1,0.007999999999810825,BACKFILL_AUTO
2026-04-15 14:28:38,1776263318,BOOM600,5911.104,-1,0.009000000000014552,BACKFILL_AUTO
2026-04-15 14:28:39,1776263319,BOOM600,5911.092,-1,0.012000000000625732,BACKFILL_AUTO
2026-04-15 14:28:40,1776263320,BOOM600,5911.077,-1,0.014999999999417923,BACKFILL_AUTO
2026-04-15 14:28:41,1776263321,BOOM600,5911.077,0,0.0,BACKFILL_AUTO
2026-04-15 14:28:42,1776263322,BOOM600,5911.076,-1,0.0010000000002037268,BACKFILL_AUTO
2026-04-15 14:28:43,1776263323,BOOM600,5911.064,-1,0.011999999999716238,BACKFILL_AUTO
2026-04-15 14:28:44,1776263324,BOOM600,5911.055,-1,0.009000000000014552,BACKFILL_AUTO
2026-04-15 14:28:45,1776263325,BOOM600,5911.054,-1,0.0010000000002037268,BACKFILL_AUTO
2026-04-15 14:28:46,1776263326,BOOM600,5911.049,-1,0.005000000000109139,BACKFILL_AUTO
2026-04-15 14:28:47,1776263327,BOOM600,5911.04,-1,0.009000000000014552,BACKFILL_AUTO
2026-04-15 14:28:48,1776263328,BOOM600,5911.039,-1,0.0010000000002037268,BACKFILL_AUTO
2026-04-15 14:28:49,1776263329,BOOM600,5911.031,-1,0.007999999999810825,BACKFILL_AUTO
2026-04-15 14:28:50,1776263330,BOOM600,5911.025,-1,0.006000000000312866,BACKFILL_AUTO
2026-04-15 14:28:51,1776263331,BOOM600,5911.003,-1,0.021999999999934516,BACKFILL_AUTO
2026-04-15 14:28:52,1776263332,BOOM600,5910.988,-1,0.014999999999417923,BACKFILL_AUTO
2026-04-15 14:28:53,1776263333,BOOM600,5910.981,-1,0.007000000000516593,BACKFILL_AUTO
2026-04-15 14:28:54,1776263334,BOOM600,5910.971,-1,0.010000000000218279,BACKFILL_AUTO
2026-04-15 14:28:55,1776263335,BOOM600,5910.956,-1,0.014999999999417923,BACKFILL_AUTO
2026-04-15 14:28:56,1776263336,BOOM600,5910.944,-1,0.011999999999716238,BACKFILL_AUTO
2026-04-15 14:28:57,1776263337,BOOM600,5910.935,-1,0.009000000000014552,BACKFILL_AUTO
2026-04-15 14:28:58,1776263338,BOOM600,5910.932,-1,0.0030000000006111804,BACKFILL_AUTO
2026-04-15 14:28:59,1776263339,BOOM600,5910.923,-1,0.009000000000014552,BACKFILL_AUTO
2026-04-15 14:29:00,1776263340,BOOM600,5910.922,-1,0.0010000000002037268,BACKFILL_AUTO
2026-04-15 14:29:01,1776263341,BOOM600,5910.921,-1,0.0009999999992942321,BACKFILL_AUTO
2026-04-15 14:29:02,1776263342,BOOM600,5910.914,-1,0.007000000000516593,BACKFILL_AUTO
2026-04-15 14:29:03,1776263343,BOOM600,5910.904,-1,0.009999999999308784,BACKFILL_AUTO
2026-04-15 14:29:04,1776263344,BOOM600,5910.878,-1,0.026000000000749424,BACKFILL_AUTO
2026-04-15 14:29:05,1776263345,BOOM600,5910.87,-1,0.007999999999810825,BACKFILL_AUTO
2026-04-15 14:29:06,1776263346,BOOM600,5910.859,-1,0.01099999999951251,BACKFILL_AUTO
2026-04-15 14:29:07,1776263347,BOOM600,5910.845,-1,0.014000000000123691,BACKFILL_AUTO
2026-04-15 14:29:08,1776263348,BOOM600,5910.841,-1,0.0039999999999054126,BACKFILL_AUTO
2026-04-15 14:29:09,1776263349,BOOM600,5910.834,-1,0.007000000000516593,BACKFILL_AUTO
2026-04-15 14:29:10,1776263350,BOOM600,5910.825,-1,0.009000000000014552,BACKFILL_AUTO
2026-04-15 14:29:11,1776263351,BOOM600,5910.807,-1,0.018000000000029104,BACKFILL_AUTO
2026-04-15 14:29:12,1776263352,BOOM600,5910.8,-1,0.006999999999607098,BACKFILL_AUTO
2026-04-15 14:29:13,1776263353,BOOM600,5910.783,-1,0.016999999999825377,BACKFILL_AUTO
2026-04-15 14:29:14,1776263354,BOOM600,5910.782,-1,0.0010000000002037268,BACKFILL_AUTO
2026-04-15 14:29:15,1776263355,BOOM600,5910.772,-1,0.010000000000218279,BACKFILL_AUTO
2026-04-15 14:29:16,1776263356,BOOM600,5910.767,-1,0.005000000000109139,BACKFILL_AUTO
2026-04-15 14:29:17,1776263357,BOOM600,5910.762,-1,0.005000000000109139,BACKFILL_AUTO
2026-04-15 14:29:18,1776263358,BOOM600,5910.759,-1,0.0029999999997016857,BACKFILL_AUTO
2026-04-15 14:29:19,1776263359,BOOM600,5910.756,-1,0.0029999999997016857,BACKFILL_AUTO
2026-04-15 14:29:20,1776263360,BOOM600,5910.748,-1,0.00800000000072032,BACKFILL_AUTO
2026-04-15 14:29:21,1776263361,BOOM600,5910.723,-1,0.024999999999636202,BACKFILL_AUTO
2026-04-15 14:29:22,1776263362,BOOM600,5910.718,-1,0.005000000000109139,BACKFILL_AUTO
2026-04-15 14:29:23,1776263363,BOOM600,5910.703,-1,0.014999999999417923,BACKFILL_AUTO
2026-04-15 14:29:24,1776263364,BOOM600,5910.696,-1,0.007000000000516593,BACKFILL_AUTO
2026-04-15 14:29:25,1776263365,BOOM600,5910.69,-1,0.006000000000312866,BACKFILL_AUTO
2026-04-15 14:29:26,1776263366,BOOM600,5910.688,-1,0.001999999999497959,BACKFILL_AUTO
2026-04-15 14:29:27,1776263367,BOOM600,5910.679,-1,0.009000000000014552,BACKFILL_AUTO
2026-04-15 14:29:28,1776263368,BOOM600,5910.677,-1,0.0020000000004074536,BACKFILL_AUTO
2026-04-15 14:29:29,1776263369,BOOM600,5910.653,-1,0.023999999999432475,BACKFILL_AUTO
2026-04-15 14:29:30,1776263370,BOOM600,5910.643,-1,0.010000000000218279,BACKFILL_AUTO
2026-04-15 14:29:31,1776263371,BOOM600,5910.634,-1,0.009000000000014552,BACKFILL_AUTO
2026-04-15 14:29:32,1776263372,BOOM600,5910.63,-1,0.0039999999999054126,BACKFILL_AUTO
2026-04-15 14:29:33,1776263373,BOOM600,5910.626,-1,0.0039999999999054126,BACKFILL_AUTO
2026-04-15 14:29:34,1776263374,BOOM600,5910.612,-1,0.014000000000123691,BACKFILL_AUTO
2026-04-15 14:29:35,1776263375,BOOM600,5910.599,-1,0.012999999999919964,BACKFILL_AUTO
2026-04-15 14:29:36,1776263376,BOOM600,5910.581,-1,0.018000000000029104,BACKFILL_AUTO
2026-04-15 14:29:37,1776263377,BOOM600,5910.573,-1,0.007999999999810825,BACKFILL_AUTO
2026-04-15 14:29:38,1776263378,BOOM600,5910.556,-1,0.01700000000073487,BACKFILL_AUTO
2026-04-15 14:29:39,1776263379,BOOM600,5910.551,-1,0.004999999999199645,BACKFILL_AUTO
2026-04-15 14:29:40,1776263380,BOOM600,5910.542,-1,0.009000000000014552,BACKFILL_AUTO
2026-04-15 14:29:41,1776263381,BOOM600,5910.535,-1,0.007000000000516593,BACKFILL_AUTO
2026-04-15 14:29:42,1776263382,BOOM600,5910.534,-1,0.0010000000002037268,BACKFILL_AUTO
2026-04-15 14:29:43,1776263383,BOOM600,5910.517,-1,0.016999999999825377,BACKFILL_AUTO
2026-04-15 14:29:44,1776263384,BOOM600,5910.513,-1,0.0039999999999054126,BACKFILL_AUTO
2026-04-15 14:29:45,1776263385,BOOM600,5910.496,-1,0.016999999999825377,BACKFILL_AUTO
2026-04-15 14:29:46,1776263386,BOOM600,5910.481,-1,0.015000000000327418,BACKFILL_AUTO
2026-04-15 14:29:47,1776263387,BOOM600,5910.466,-1,0.014999999999417923,BACKFILL_AUTO
2026-04-15 14:29:48,1776263388,BOOM600,5910.463,-1,0.0030000000006111804,BACKFILL_AUTO
2026-04-15 14:29:49,1776263389,BOOM600,5910.458,-1,0.005000000000109139,BACKFILL_AUTO
2026-04-15 14:29:50,1776263390,BOOM600,5910.454,-1,0.0039999999999054126,BACKFILL_AUTO
2026-04-15 14:29:51,1776263391,BOOM600,5910.427,-1,0.027000000000043656,BACKFILL_AUTO
2026-04-15 14:29:52,1776263392,BOOM600,5910.415,-1,0.011999999999716238,BACKFILL_AUTO
2026-04-15 14:29:53,1776263393,BOOM600,5910.41,-1,0.005000000000109139,BACKFILL_AUTO
2026-04-15 14:29:54,1776263394,BOOM600,5910.391,-1,0.01900000000023283,BACKFILL_AUTO
2026-04-15 14:29:55,1776263395,BOOM600,5910.383,-1,0.007999999999810825,BACKFILL_AUTO
2026-04-15 14:29:56,1776263396,BOOM600,5910.377,-1,0.0059999999994033715,BACKFILL_AUTO
2026-04-15 14:29:57,1776263397,BOOM600,5910.366,-1,0.011000000000422006,BACKFILL_AUTO
2026-04-15 14:29:58,1776263398,BOOM600,5910.361,-1,0.005000000000109139,BACKFILL_AUTO
2026-04-15 14:29:59,1776263399,BOOM600,5910.359,-1,0.001999999999497959,BACKFILL_AUTO
2026-04-15 14:30:00,1776263400,BOOM600,5910.359,0,0.0,BACKFILL_AUTO
2026-04-15 14:30:01,1776263401,BOOM600,5910.356,-1,0.0030000000006111804,BACKFILL_AUTO
2026-04-15 14:30:02,1776263402,BOOM600,5910.341,-1,0.014999999999417923,BACKFILL_AUTO
2026-04-15 14:30:03,1776263403,BOOM600,5910.324,-1,0.01700000000073487,BACKFILL_AUTO
2026-04-15 14:30:04,1776263404,BOOM600,5910.32,-1,0.0039999999999054126,BACKFILL_AUTO
2026-04-15 14:30:05,1776263405,BOOM600,5910.315,-1,0.005000000000109139,BACKFILL_AUTO
2026-04-15 14:30:06,1776263406,BOOM600,5910.299,-1,0.01599999999962165,BACKFILL_AUTO
2026-04-15 14:30:07,1776263407,BOOM600,5910.287,-1,0.011999999999716238,BACKFILL_AUTO
2026-04-15 14:30:08,1776263408,BOOM600,5910.281,-1,0.006000000000312866,BACKFILL_AUTO
2026-04-15 14:30:09,1776263409,BOOM600,5910.272,-1,0.009000000000014552,BACKFILL_AUTO
2026-04-15 14:30:10,1776263410,BOOM600,5910.256,-1,0.01599999999962165,BACKFILL_AUTO
2026-04-15 14:30:11,1776263411,BOOM600,5910.247,-1,0.009000000000014552,BACKFILL_AUTO
2026-04-15 14:30:12,1776263412,BOOM600,5910.24,-1,0.007000000000516593,BACKFILL_AUTO
2026-04-15 14:30:13,1776263413,BOOM600,5910.232,-1,0.007999999999810825,BACKFILL_AUTO
2026-04-15 14:30:14,1776263414,BOOM600,5910.217,-1,0.015000000000327418,BACKFILL_AUTO
2026-04-15 14:30:15,1776263415,BOOM600,5910.216,-1,0.0009999999992942321,BACKFILL_AUTO
2026-04-15 14:30:16,1776263416,BOOM600,5910.204,-1,0.012000000000625732,BACKFILL_AUTO
2026-04-15 14:30:17,1776263417,BOOM600,5910.184,-1,0.019999999999527063,BACKFILL_AUTO
2026-04-15 14:30:18,1776263418,BOOM600,5910.171,-1,0.012999999999919964,BACKFILL_AUTO
2026-04-15 14:30:19,1776263419,BOOM600,5910.165,-1,0.006000000000312866,BACKFILL_AUTO
2026-04-15 14:30:20,1776263420,BOOM600,5910.158,-1,0.006999999999607098,BACKFILL_AUTO
2026-04-15 14:30:21,1776263421,BOOM600,5910.145,-1,0.012999999999919964,BACKFILL_AUTO
2026-04-15 14:30:22,1776263422,BOOM600,5910.135,-1,0.010000000000218279,BACKFILL_AUTO
2026-04-15 14:30:23,1776263423,BOOM600,5910.118,-1,0.016999999999825377,BACKFILL_AUTO
2026-04-15 14:30:24,1776263424,BOOM600,5910.104,-1,0.014000000000123691,BACKFILL_AUTO
2026-04-15 14:30:25,1776263425,BOOM600,5910.099,-1,0.005000000000109139,BACKFILL_AUTO
2026-04-15 14:30:26,1776263426,BOOM600,5910.081,-1,0.018000000000029104,BACKFILL_AUTO
2026-04-15 14:30:27,1776263427,BOOM600,5910.073,-1,0.007999999999810825,BACKFILL_AUTO
2026-04-15 14:30:28,1776263428,BOOM600,5910.054,-1,0.01900000000023283,BACKFILL_AUTO
2026-04-15 14:30:29,1776263429,BOOM600,5910.036,-1,0.018000000000029104,BACKFILL_AUTO
2026-04-15 14:30:30,1776263430,BOOM600,5910.023,-1,0.012999999999919964,BACKFILL_AUTO
2026-04-15 14:30:31,1776263431,BOOM600,5910.017,-1,0.006000000000312866,BACKFILL_AUTO
2026-04-15 14:30:32,1776263432,BOOM600,5910.0,-1,0.016999999999825377,BACKFILL_AUTO
2026-04-15 14:30:33,1776263433,BOOM600,5909.997,-1,0.0029999999997016857,BACKFILL_AUTO
2026-04-15 14:30:34,1776263434,BOOM600,5909.983,-1,0.014000000000123691,BACKFILL_AUTO
2026-04-15 14:30:35,1776263435,BOOM600,5909.98,-1,0.0030000000006111804,BACKFILL_AUTO
2026-04-15 14:30:36,1776263436,BOOM600,5909.973,-1,0.006999999999607098,BACKFILL_AUTO
2026-04-15 14:30:37,1776263437,BOOM600,5909.96,-1,0.012999999999919964,BACKFILL_AUTO
2026-04-15 14:30:38,1776263438,BOOM600,5909.951,-1,0.009000000000014552,BACKFILL_AUTO
2026-04-15 14:30:39,1776263439,BOOM600,5909.937,-1,0.014000000000123691,BACKFILL_AUTO
2026-04-15 14:30:40,1776263440,BOOM600,5909.937,0,0.0,BACKFILL_AUTO
2026-04-15 14:30:41,1776263441,BOOM600,5909.937,0,0.0,BACKFILL_AUTO
2026-04-15 14:30:42,1776263442,BOOM600,5909.927,-1,0.010000000000218279,BACKFILL_AUTO
2026-04-15 14:30:43,1776263443,BOOM600,5909.922,-1,0.005000000000109139,BACKFILL_AUTO
2026-04-15 14:30:44,1776263444,BOOM600,5909.918,-1,0.0039999999999054126,BACKFILL_AUTO
2026-04-15 14:30:45,1776263445,BOOM600,5909.896,-1,0.021999999999934516,BACKFILL_AUTO
2026-04-15 14:30:46,1776263446,BOOM600,5909.887,-1,0.009000000000014552,BACKFILL_AUTO
2026-04-15 14:30:47,1776263447,BOOM600,5909.861,-1,0.02599999999983993,BACKFILL_AUTO
2026-04-15 14:30:48,1776263448,BOOM600,5909.852,-1,0.009000000000014552,BACKFILL_AUTO
2026-04-15 14:30:49,1776263449,BOOM600,5909.85,-1,0.001999999999497959,BACKFILL_AUTO
2026-04-15 14:30:50,1776263450,BOOM600,5909.848,-1,0.0020000000004074536,BACKFILL_AUTO
2026-04-15 14:30:51,1776263451,BOOM600,5909.831,-1,0.016999999999825377,BACKFILL_AUTO
2026-04-15 14:30:52,1776263452,BOOM600,5909.824,-1,0.007000000000516593,BACKFILL_AUTO
2026-04-15 14:30:53,1776263453,BOOM600,5909.815,-1,0.009000000000014552,BACKFILL_AUTO
2026-04-15 14:30:54,1776263454,BOOM600,5909.801,-1,0.013999999999214197,BACKFILL_AUTO
2026-04-15 14:30:55,1776263455,BOOM600,5909.8,-1,0.0010000000002037268,BACKFILL_AUTO
2026-04-15 14:30:56,1776263456,BOOM600,5909.797,-1,0.0030000000006111804,BACKFILL_AUTO
2026-04-15 14:30:57,1776263457,BOOM600,5909.778,-1,0.018999999999323336,BACKFILL_AUTO
2026-04-15 14:30:58,1776263458,BOOM600,5909.773,-1,0.005000000000109139,BACKFILL_AUTO
2026-04-15 14:30:59,1776263459,BOOM600,5909.765,-1,0.007999999999810825,BACKFILL_AUTO
2026-04-15 14:31:00,1776263460,BOOM600,5909.752,-1,0.012999999999919964,BACKFILL_AUTO
2026-04-15 14:31:01,1776263461,BOOM600,5909.732,-1,0.020000000000436557,BACKFILL_AUTO
2026-04-15 14:31:02,1776263462,BOOM600,5909.709,-1,0.023000000000138243,BACKFILL_AUTO
2026-04-15 14:31:03,1776263463,BOOM600,5909.7,-1,0.009000000000014552,BACKFILL_AUTO
2026-04-15 14:31:04,1776263464,BOOM600,5909.693,-1,0.006999999999607098,BACKFILL_AUTO
2026-04-15 14:31:05,1776263465,BOOM600,5909.679,-1,0.014000000000123691,BACKFILL_AUTO
2026-04-15 14:31:06,1776263466,BOOM600,5909.67,-1,0.009000000000014552,BACKFILL_AUTO
2026-04-15 14:31:07,1776263467,BOOM600,5909.649,-1,0.02099999999973079,BACKFILL_AUTO
2026-04-15 14:31:08,1776263468,BOOM600,5909.634,-1,0.015000000000327418,BACKFILL_AUTO
2026-04-15 14:31:09,1776263469,BOOM600,5909.629,-1,0.005000000000109139,BACKFILL_AUTO
2026-04-15 14:31:10,1776263470,BOOM600,5909.619,-1,0.010000000000218279,BACKFILL_AUTO
2026-04-15 14:31:11,1776263471,BOOM600,5909.618,-1,0.0009999999992942321,BACKFILL_AUTO
2026-04-15 14:31:12,1776263472,BOOM600,5909.617,-1,0.0010000000002037268,BACKFILL_AUTO
2026-04-15 14:31:13,1776263473,BOOM600,5909.615,-1,0.0020000000004074536,BACKFILL_AUTO
2026-04-15 14:31:14,1776263474,BOOM600,5909.591,-1,0.023999999999432475,BACKFILL_AUTO
2026-04-15 14:31:15,1776263475,BOOM600,5909.571,-1,0.020000000000436557,BACKFILL_AUTO
2026-04-15 14:31:16,1776263476,BOOM600,5909.559,-1,0.011999999999716238,BACKFILL_AUTO
2026-04-15 14:31:17,1776263477,BOOM600,5909.547,-1,0.012000000000625732,BACKFILL_AUTO
2026-04-15 14:31:18,1776263478,BOOM600,5909.545,-1,0.001999999999497959,BACKFILL_AUTO
2026-04-15 14:31:19,1776263479,BOOM600,5909.529,-1,0.01599999999962165,BACKFILL_AUTO
2026-04-15 14:31:20,1776263480,BOOM600,5909.524,-1,0.005000000000109139,BACKFILL_AUTO
2026-04-15 14:31:21,1776263481,BOOM600,5909.51,-1,0.014000000000123691,BACKFILL_AUTO
2026-04-15 14:31:22,1776263482,BOOM600,5909.506,-1,0.0039999999999054126,BACKFILL_AUTO
2026-04-15 14:31:23,1776263483,BOOM600,5909.487,-1,0.01900000000023283,BACKFILL_AUTO
2026-04-15 14:31:24,1776263484,BOOM600,5909.458,-1,0.02900000000045111,BACKFILL_AUTO
2026-04-15 14:31:25,1776263485,BOOM600,5909.455,-1,0.0029999999997016857,BACKFILL_AUTO
2026-04-15 14:31:26,1776263486,BOOM600,5909.45,-1,0.005000000000109139,BACKFILL_AUTO
2026-04-15 14:31:27,1776263487,BOOM600,5909.441,-1,0.009000000000014552,BACKFILL_AUTO
2026-04-15 14:31:28,1776263488,BOOM600,5909.428,-1,0.012999999999919964,BACKFILL_AUTO
2026-04-15 14:31:29,1776263489,BOOM600,5909.416,-1,0.011999999999716238,BACKFILL_AUTO
2026-04-15 14:31:30,1776263490,BOOM600,5909.41,-1,0.006000000000312866,BACKFILL_AUTO
2026-04-15 14:31:31,1776263491,BOOM600,5909.39,-1,0.019999999999527063,BACKFILL_AUTO
2026-04-15 14:31:32,1776263492,BOOM600,5909.388,-1,0.0020000000004074536,BACKFILL_AUTO
2026-04-15 14:31:33,1776263493,BOOM600,5909.385,-1,0.0029999999997016857,BACKFILL_AUTO
2026-04-15 14:31:34,1776263494,BOOM600,5909.366,-1,0.01900000000023283,BACKFILL_AUTO
2026-04-15 14:31:35,1776263495,BOOM600,5909.365,-1,0.0010000000002037268,BACKFILL_AUTO
2026-04-15 14:31:36,1776263496,BOOM600,5909.359,-1,0.0059999999994033715,BACKFILL_AUTO
2026-04-15 14:31:37,1776263497,BOOM600,5909.35,-1,0.009000000000014552,BACKFILL_AUTO
2026-04-15 14:31:38,1776263498,BOOM600,5909.345,-1,0.005000000000109139,BACKFILL_AUTO
2026-04-15 14:31:39,1776263499,BOOM600,5909.344,-1,0.0010000000002037268,BACKFILL_AUTO
2026-04-15 14:31:40,1776263500,BOOM600,5909.326,-1,0.018000000000029104,BACKFILL_AUTO
2026-04-15 14:31:41,1776263501,BOOM600,5909.321,-1,0.005000000000109139,BACKFILL_AUTO
2026-04-15 14:31:42,1776263502,BOOM600,5909.321,0,0.0,BACKFILL_AUTO
2026-04-15 14:31:43,1776263503,BOOM600,5909.313,-1,0.007999999999810825,BACKFILL_AUTO
2026-04-15 14:31:44,1776263504,BOOM600,5909.295,-1,0.018000000000029104,BACKFILL_AUTO
2026-04-15 14:31:45,1776263505,BOOM600,5909.29,-1,0.005000000000109139,BACKFILL_AUTO
2026-04-15 14:31:46,1776263506,BOOM600,5909.268,-1,0.021999999999934516,BACKFILL_AUTO
2026-04-15 14:31:47,1776263507,BOOM600,5909.257,-1,0.011000000000422006,BACKFILL_AUTO
2026-04-15 14:31:48,1776263508,BOOM600,5909.234,-1,0.02299999999922875,BACKFILL_AUTO
2026-04-15 14:31:49,1776263509,BOOM600,5909.215,-1,0.01900000000023283,BACKFILL_AUTO
2026-04-15 14:31:50,1776263510,BOOM600,5909.215,0,0.0,BACKFILL_AUTO
2026-04-15 14:31:51,1776263511,BOOM600,5909.205,-1,0.010000000000218279,BACKFILL_AUTO
2026-04-15 14:31:52,1776263512,BOOM600,5909.197,-1,0.007999999999810825,BACKFILL_AUTO
2026-04-15 14:31:53,1776263513,BOOM600,5909.185,-1,0.011999999999716238,BACKFILL_AUTO
2026-04-15 14:31:54,1776263514,BOOM600,5909.184,-1,0.0010000000002037268,BACKFILL_AUTO
2026-04-15 14:31:55,1776263515,BOOM600,5909.18,-1,0.0039999999999054126,BACKFILL_AUTO
2026-04-15 14:31:56,1776263516,BOOM600,5909.167,-1,0.012999999999919964,BACKFILL_AUTO
2026-04-15 14:31:57,1776263517,BOOM600,5909.157,-1,0.010000000000218279,BACKFILL_AUTO
2026-04-15 14:31:58,1776263518,BOOM600,5909.154,-1,0.0029999999997016857,BACKFILL_AUTO
2026-04-15 14:31:59,1776263519,BOOM600,5909.151,-1,0.0030000000006111804,BACKFILL_AUTO
2026-04-15 14:32:00,1776263520,BOOM600,5909.148,-1,0.0029999999997016857,BACKFILL_AUTO
2026-04-15 14:32:01,1776263521,BOOM600,5909.145,-1,0.0029999999997016857,BACKFILL_AUTO
2026-04-15 14:32:02,1776263522,BOOM600,5909.125,-1,0.020000000000436557,BACKFILL_AUTO
2026-04-15 14:32:03,1776263523,BOOM600,5909.121,-1,0.0039999999999054126,BACKFILL_AUTO
2026-04-15 14:32:04,1776263524,BOOM600,5909.121,0,0.0,BACKFILL_AUTO
2026-04-15 14:32:05,1776263525,BOOM600,5909.105,-1,0.016000000000531145,BACKFILL_AUTO
2026-04-15 14:32:06,1776263526,BOOM600,5909.096,-1,0.009000000000014552,BACKFILL_AUTO
2026-04-15 14:32:07,1776263527,BOOM600,5909.088,-1,0.007999999999810825,BACKFILL_AUTO
2026-04-15 14:32:08,1776263528,BOOM600,5909.08,-1,0.007999999999810825,BACKFILL_AUTO
2026-04-15 14:32:09,1776263529,BOOM600,5909.074,-1,0.006000000000312866,BACKFILL_AUTO
2026-04-15 14:32:10,1776263530,BOOM600,5909.073,-1,0.0009999999992942321,BACKFILL_AUTO
2026-04-15 14:32:11,1776263531,BOOM600,5909.068,-1,0.005000000000109139,BACKFILL_AUTO
2026-04-15 14:32:12,1776263532,BOOM600,5909.064,-1,0.0039999999999054126,BACKFILL_AUTO
2026-04-15 14:32:13,1776263533,BOOM600,5909.056,-1,0.00800000000072032,BACKFILL_AUTO
2026-04-15 14:32:14,1776263534,BOOM600,5909.049,-1,0.006999999999607098,BACKFILL_AUTO
2026-04-15 14:32:15,1776263535,BOOM600,5909.049,0,0.0,BACKFILL_AUTO
2026-04-15 14:32:16,1776263536,BOOM600,5909.032,-1,0.016999999999825377,BACKFILL_AUTO
2026-04-15 14:32:17,1776263537,BOOM600,5909.032,0,0.0,BACKFILL_AUTO
2026-04-15 14:32:18,1776263538,BOOM600,5909.015,-1,0.016999999999825377,BACKFILL_AUTO
2026-04-15 14:32:19,1776263539,BOOM600,5908.998,-1,0.01700000000073487,BACKFILL_AUTO
2026-04-15 14:32:20,1776263540,BOOM600,5908.982,-1,0.01599999999962165,BACKFILL_AUTO
2026-04-15 14:32:21,1776263541,BOOM600,5908.97,-1,0.011999999999716238,BACKFILL_AUTO
2026-04-15 14:32:22,1776263542,BOOM600,5908.962,-1,0.007999999999810825,BACKFILL_AUTO
2026-04-15 14:32:23,1776263543,BOOM600,5908.955,-1,0.007000000000516593,BACKFILL_AUTO
2026-04-15 14:32:24,1776263544,BOOM600,5908.948,-1,0.006999999999607098,BACKFILL_AUTO
2026-04-15 14:32:25,1776263545,BOOM600,5908.935,-1,0.012999999999919964,BACKFILL_AUTO
2026-04-15 14:32:26,1776263546,BOOM600,5908.922,-1,0.01300000000082946,BACKFILL_AUTO
2026-04-15 14:32:27,1776263547,BOOM600,5908.921,-1,0.0009999999992942321,BACKFILL_AUTO
2026-04-15 14:32:28,1776263548,BOOM600,5908.915,-1,0.006000000000312866,BACKFILL_AUTO
2026-04-15 14:32:29,1776263549,BOOM600,5908.9,-1,0.015000000000327418,BACKFILL_AUTO
2026-04-15 14:32:30,1776263550,BOOM600,5908.891,-1,0.009000000000014552,BACKFILL_AUTO
2026-04-15 14:32:31,1776263551,BOOM600,5908.862,-1,0.028999999999541615,BACKFILL_AUTO
2026-04-15 14:32:32,1776263552,BOOM600,5908.861,-1,0.0010000000002037268,BACKFILL_AUTO
2026-04-15 14:32:33,1776263553,BOOM600,5908.86,-1,0.0010000000002037268,BACKFILL_AUTO
2026-04-15 14:32:34,1776263554,BOOM600,5908.86,0,0.0,BACKFILL_AUTO
2026-04-15 14:32:35,1776263555,BOOM600,5908.854,-1,0.0059999999994033715,BACKFILL_AUTO
2026-04-15 14:32:36,1776263556,BOOM600,5908.843,-1,0.011000000000422006,BACKFILL_AUTO
2026-04-15 14:32:37,1776263557,BOOM600,5908.828,-1,0.014999999999417923,BACKFILL_AUTO
2026-04-15 14:32:38,1776263558,BOOM600,5908.819,-1,0.009000000000014552,BACKFILL_AUTO
2026-04-15 14:32:39,1776263559,BOOM600,5908.8,-1,0.01900000000023283,BACKFILL_AUTO
2026-04-15 14:32:40,1776263560,BOOM600,5908.794,-1,0.006000000000312866,BACKFILL_AUTO
2026-04-15 14:32:41,1776263561,BOOM600,5908.768,-1,0.02599999999983993,BACKFILL_AUTO
2026-04-15 14:32:42,1776263562,BOOM600,5908.737,-1,0.03099999999994907,BACKFILL_AUTO
2026-04-15 14:32:43,1776263563,BOOM600,5908.723,-1,0.014000000000123691,BACKFILL_AUTO
2026-04-15 14:32:44,1776263564,BOOM600,5908.72,-1,0.0029999999997016857,BACKFILL_AUTO
2026-04-15 14:32:45,1776263565,BOOM600,5908.705,-1,0.015000000000327418,BACKFILL_AUTO
2026-04-15 14:32:46,1776263566,BOOM600,5908.694,-1,0.01099999999951251,BACKFILL_AUTO
2026-04-15 14:32:47,1776263567,BOOM600,5908.685,-1,0.009000000000014552,BACKFILL_AUTO
2026-04-15 14:32:48,1776263568,BOOM600,5908.669,-1,0.016000000000531145,BACKFILL_AUTO
2026-04-15 14:32:49,1776263569,BOOM600,5908.666,-1,0.0029999999997016857,BACKFILL_AUTO
2026-04-15 14:32:50,1776263570,BOOM600,5908.661,-1,0.005000000000109139,BACKFILL_AUTO
2026-04-15 14:32:51,1776263571,BOOM600,5908.654,-1,0.006999999999607098,BACKFILL_AUTO
2026-04-15 14:32:52,1776263572,BOOM600,5908.648,-1,0.006000000000312866,BACKFILL_AUTO
2026-04-15 14:32:53,1776263573,BOOM600,5908.641,-1,0.007000000000516593,BACKFILL_AUTO
2026-04-15 14:32:54,1776263574,BOOM600,5908.639,-1,0.001999999999497959,BACKFILL_AUTO
2026-04-15 14:32:55,1776263575,BOOM600,5908.618,-1,0.02099999999973079,BACKFILL_AUTO
2026-04-15 14:32:56,1776263576,BOOM600,5908.614,-1,0.004000000000814907,BACKFILL_AUTO
2026-04-15 14:32:57,1776263577,BOOM600,5908.592,-1,0.021999999999934516,BACKFILL_AUTO
2026-04-15 14:32:58,1776263578,BOOM600,5908.586,-1,0.0059999999994033715,BACKFILL_AUTO
2026-04-15 14:32:59,1776263579,BOOM600,5908.578,-1,0.007999999999810825,BACKFILL_AUTO
2026-04-15 14:33:00,1776263580,BOOM600,5908.57,-1,0.00800000000072032,BACKFILL_AUTO
2026-04-15 14:33:01,1776263581,BOOM600,5908.561,-1,0.009000000000014552,BACKFILL_AUTO
2026-04-15 14:33:02,1776263582,BOOM600,5908.555,-1,0.0059999999994033715,BACKFILL_AUTO
2026-04-15 14:33:03,1776263583,BOOM600,5908.546,-1,0.009000000000014552,BACKFILL_AUTO
2026-04-15 14:33:04,1776263584,BOOM600,5908.533,-1,0.012999999999919964,BACKFILL_AUTO
2026-04-15 14:33:05,1776263585,BOOM600,5908.52,-1,0.012999999999919964,BACKFILL_AUTO
2026-04-15 14:33:06,1776263586,BOOM600,5908.504,-1,0.016000000000531145,BACKFILL_AUTO
2026-04-15 14:33:07,1776263587,BOOM600,5908.493,-1,0.01099999999951251,BACKFILL_AUTO
2026-04-15 14:33:08,1776263588,BOOM600,5908.486,-1,0.007000000000516593,BACKFILL_AUTO
2026-04-15 14:33:09,1776263589,BOOM600,5908.479,-1,0.006999999999607098,BACKFILL_AUTO
2026-04-15 14:33:10,1776263590,BOOM600,5908.465,-1,0.014000000000123691,BACKFILL_AUTO
2026-04-15 14:33:11,1776263591,BOOM600,5908.455,-1,0.010000000000218279,BACKFILL_AUTO
2026-04-15 14:33:12,1776263592,BOOM600,5908.441,-1,0.014000000000123691,BACKFILL_AUTO
2026-04-15 14:33:13,1776263593,BOOM600,5908.42,-1,0.02099999999973079,BACKFILL_AUTO
2026-04-15 14:33:14,1776263594,BOOM600,5908.417,-1,0.0029999999997016857,BACKFILL_AUTO
2026-04-15 14:33:15,1776263595,BOOM600,5908.386,-1,0.03099999999994907,BACKFILL_AUTO
2026-04-15 14:33:16,1776263596,BOOM600,5908.374,-1,0.012000000000625732,BACKFILL_AUTO
2026-04-15 14:33:17,1776263597,BOOM600,5908.371,-1,0.0029999999997016857,BACKFILL_AUTO
2026-04-15 14:33:18,1776263598,BOOM600,5908.369,-1,0.0020000000004074536,BACKFILL_AUTO
2026-04-15 14:33:19,1776263599,BOOM600,5908.359,-1,0.009999999999308784,BACKFILL_AUTO
2026-04-15 14:33:20,1776263600,BOOM600,5908.349,-1,0.010000000000218279,BACKFILL_AUTO
2026-04-15 14:33:21,1776263601,BOOM600,5908.336,-1,0.012999999999919964,BACKFILL_AUTO
2026-04-15 14:33:22,1776263602,BOOM600,5908.324,-1,0.012000000000625732,BACKFILL_AUTO
2026-04-15 14:33:23,1776263603,BOOM600,5908.307,-1,0.016999999999825377,BACKFILL_AUTO
2026-04-15 14:33:24,1776263604,BOOM600,5908.299,-1,0.007999999999810825,BACKFILL_AUTO
2026-04-15 14:33:25,1776263605,BOOM600,5908.293,-1,0.006000000000312866,BACKFILL_AUTO
2026-04-15 14:33:26,1776263606,BOOM600,5908.275,-1,0.018000000000029104,BACKFILL_AUTO
2026-04-15 14:33:27,1776263607,BOOM600,5908.253,-1,0.021999999999934516,BACKFILL_AUTO
2026-04-15 14:33:28,1776263608,BOOM600,5908.244,-1,0.009000000000014552,BACKFILL_AUTO
2026-04-15 14:33:29,1776263609,BOOM600,5908.231,-1,0.012999999999919964,BACKFILL_AUTO
2026-04-15 14:33:30,1776263610,BOOM600,5908.227,-1,0.0039999999999054126,BACKFILL_AUTO
2026-04-15 14:33:31,1776263611,BOOM600,5908.215,-1,0.011999999999716238,BACKFILL_AUTO
2026-04-15 14:33:32,1776263612,BOOM600,5908.196,-1,0.01900000000023283,BACKFILL_AUTO
2026-04-15 14:33:33,1776263613,BOOM600,5908.185,-1,0.01099999999951251,BACKFILL_AUTO
2026-04-15 14:33:34,1776263614,BOOM600,5908.166,-1,0.01900000000023283,BACKFILL_AUTO
2026-04-15 14:33:35,1776263615,BOOM600,5908.151,-1,0.015000000000327418,BACKFILL_AUTO
2026-04-15 14:33:36,1776263616,BOOM600,5908.141,-1,0.010000000000218279,BACKFILL_AUTO
2026-04-15 14:33:37,1776263617,BOOM600,5908.14,-1,0.0009999999992942321,BACKFILL_AUTO
2026-04-15 14:33:38,1776263618,BOOM600,5908.136,-1,0.0039999999999054126,BACKFILL_AUTO
2026-04-15 14:33:39,1776263619,BOOM600,5908.132,-1,0.004000000000814907,BACKFILL_AUTO
2026-04-15 14:33:40,1776263620,BOOM600,5908.124,-1,0.007999999999810825,BACKFILL_AUTO
2026-04-15 14:33:41,1776263621,BOOM600,5908.116,-1,0.007999999999810825,BACKFILL_AUTO
2026-04-15 14:33:42,1776263622,BOOM600,5908.11,-1,0.006000000000312866,BACKFILL_AUTO
2026-04-15 14:33:43,1776263623,BOOM600,5908.1,-1,0.009999999999308784,BACKFILL_AUTO
2026-04-15 14:33:44,1776263624,BOOM600,5908.089,-1,0.011000000000422006,BACKFILL_AUTO
2026-04-15 14:33:45,1776263625,BOOM600,5908.087,-1,0.001999999999497959,BACKFILL_AUTO
2026-04-15 14:33:46,1776263626,BOOM600,5908.074,-1,0.01300000000082946,BACKFILL_AUTO
2026-04-15 14:33:47,1776263627,BOOM600,5908.071,-1,0.0029999999997016857,BACKFILL_AUTO
2026-04-15 14:33:48,1776263628,BOOM600,5908.059,-1,0.011999999999716238,BACKFILL_AUTO
2026-04-15 14:33:49,1776263629,BOOM600,5908.039,-1,0.020000000000436557,BACKFILL_AUTO
2026-04-15 14:33:50,1776263630,BOOM600,5908.026,-1,0.012999999999919964,BACKFILL_AUTO
2026-04-15 14:33:51,1776263631,BOOM600,5908.01,-1,0.01599999999962165,BACKFILL_AUTO
2026-04-15 14:33:52,1776263632,BOOM600,5908.007,-1,0.0030000000006111804,BACKFILL_AUTO
2026-04-15 14:33:53,1776263633,BOOM600,5907.999,-1,0.007999999999810825,BACKFILL_AUTO
2026-04-15 14:33:54,1776263634,BOOM600,5907.988,-1,0.01099999999951251,BACKFILL_AUTO
2026-04-15 14:33:55,1776263635,BOOM600,5907.984,-1,0.0039999999999054126,BACKFILL_AUTO
2026-04-15 14:33:56,1776263636,BOOM600,5907.981,-1,0.0030000000006111804,BACKFILL_AUTO
2026-04-15 14:33:57,1776263637,BOOM600,5907.96,-1,0.02099999999973079,BACKFILL_AUTO
2026-04-15 14:33:58,1776263638,BOOM600,5907.958,-1,0.0020000000004074536,BACKFILL_AUTO
2026-04-15 14:33:59,1776263639,BOOM600,5907.952,-1,0.0059999999994033715,BACKFILL_AUTO
2026-04-15 14:34:00,1776263640,BOOM600,5907.946,-1,0.006000000000312866,BACKFILL_AUTO
2026-04-15 14:34:01,1776263641,BOOM600,5907.944,-1,0.001999999999497959,BACKFILL_AUTO
2026-04-15 14:34:02,1776263642,BOOM600,5907.938,-1,0.006000000000312866,BACKFILL_AUTO
2026-04-15 14:34:03,1776263643,BOOM600,5907.924,-1,0.014000000000123691,BACKFILL_AUTO
2026-04-15 14:34:04,1776263644,BOOM600,5907.919,-1,0.005000000000109139,BACKFILL_AUTO
2026-04-15 14:34:05,1776263645,BOOM600,5907.919,0,0.0,BACKFILL_AUTO
2026-04-15 14:34:06,1776263646,BOOM600,5907.916,-1,0.0029999999997016857,BACKFILL_AUTO
2026-04-15 14:34:07,1776263647,BOOM600,5907.907,-1,0.009000000000014552,BACKFILL_AUTO
2026-04-15 14:34:08,1776263648,BOOM600,5907.906,-1,0.0010000000002037268,BACKFILL_AUTO
2026-04-15 14:34:09,1776263649,BOOM600,5907.903,-1,0.0029999999997016857,BACKFILL_AUTO
2026-04-15 14:34:10,1776263650,BOOM600,5907.882,-1,0.021000000000640284,BACKFILL_AUTO
2026-04-15 14:34:11,1776263651,BOOM600,5907.878,-1,0.0039999999999054126,BACKFILL_AUTO
2026-04-15 14:34:12,1776263652,BOOM600,5907.874,-1,0.0039999999999054126,BACKFILL_AUTO
2026-04-15 14:34:13,1776263653,BOOM600,5907.848,-1,0.02599999999983993,BACKFILL_AUTO
2026-04-15 14:34:14,1776263654,BOOM600,5907.84,-1,0.007999999999810825,BACKFILL_AUTO
2026-04-15 14:34:15,1776263655,BOOM600,5907.826,-1,0.014000000000123691,BACKFILL_AUTO
2026-04-15 14:34:16,1776263656,BOOM600,5907.819,-1,0.006999999999607098,BACKFILL_AUTO
2026-04-15 14:34:17,1776263657,BOOM600,5907.791,-1,0.028000000000247383,BACKFILL_AUTO
2026-04-15 14:34:18,1776263658,BOOM600,5907.782,-1,0.009000000000014552,BACKFILL_AUTO
2026-04-15 14:34:19,1776263659,BOOM600,5907.77,-1,0.011999999999716238,BACKFILL_AUTO
2026-04-15 14:34:20,1776263660,BOOM600,5907.752,-1,0.018000000000029104,BACKFILL_AUTO
2026-04-15 14:34:21,1776263661,BOOM600,5907.743,-1,0.009000000000014552,BACKFILL_AUTO
2026-04-15 14:34:22,1776263662,BOOM600,5907.736,-1,0.007000000000516593,BACKFILL_AUTO
2026-04-15 14:34:23,1776263663,BOOM600,5907.716,-1,0.019999999999527063,BACKFILL_AUTO
2026-04-15 14:34:24,1776263664,BOOM600,5907.705,-1,0.011000000000422006,BACKFILL_AUTO
2026-04-15 14:34:25,1776263665,BOOM600,5907.691,-1,0.014000000000123691,BACKFILL_AUTO
2026-04-15 14:34:26,1776263666,BOOM600,5907.691,0,0.0,BACKFILL_AUTO
2026-04-15 14:34:27,1776263667,BOOM600,5907.684,-1,0.006999999999607098,BACKFILL_AUTO
2026-04-15 14:34:28,1776263668,BOOM600,5907.679,-1,0.005000000000109139,BACKFILL_AUTO
2026-04-15 14:34:29,1776263669,BOOM600,5907.673,-1,0.006000000000312866,BACKFILL_AUTO
2026-04-15 14:34:30,1776263670,BOOM600,5907.658,-1,0.014999999999417923,BACKFILL_AUTO
2026-04-15 14:34:31,1776263671,BOOM600,5907.637,-1,0.021000000000640284,BACKFILL_AUTO
2026-04-15 14:34:32,1776263672,BOOM600,5907.63,-1,0.006999999999607098,BACKFILL_AUTO
2026-04-15 14:34:33,1776263673,BOOM600,5907.62,-1,0.010000000000218279,BACKFILL_AUTO
2026-04-15 14:34:34,1776263674,BOOM600,5907.618,-1,0.001999999999497959,BACKFILL_AUTO
2026-04-15 14:34:35,1776263675,BOOM600,5907.603,-1,0.015000000000327418,BACKFILL_AUTO
2026-04-15 14:34:36,1776263676,BOOM600,5907.591,-1,0.011999999999716238,BACKFILL_AUTO
2026-04-15 14:34:37,1776263677,BOOM600,5907.574,-1,0.01700000000073487,BACKFILL_AUTO
2026-04-15 14:34:38,1776263678,BOOM600,5907.562,-1,0.011999999999716238,BACKFILL_AUTO
2026-04-15 14:34:39,1776263679,BOOM600,5907.557,-1,0.005000000000109139,BACKFILL_AUTO
2026-04-15 14:34:40,1776263680,BOOM600,5907.551,-1,0.0059999999994033715,BACKFILL_AUTO
2026-04-15 14:34:41,1776263681,BOOM600,5907.548,-1,0.0030000000006111804,BACKFILL_AUTO
2026-04-15 14:34:42,1776263682,BOOM600,5907.539,-1,0.009000000000014552,BACKFILL_AUTO
2026-04-15 14:34:43,1776263683,BOOM600,5907.529,-1,0.009999999999308784,BACKFILL_AUTO
2026-04-15 14:34:44,1776263684,BOOM600,5907.518,-1,0.011000000000422006,BACKFILL_AUTO
2026-04-15 14:34:45,1776263685,BOOM600,5907.5,-1,0.018000000000029104,BACKFILL_AUTO
2026-04-15 14:34:46,1776263686,BOOM600,5907.484,-1,0.01599999999962165,BACKFILL_AUTO
2026-04-15 14:34:47,1776263687,BOOM600,5907.463,-1,0.021000000000640284,BACKFILL_AUTO
2026-04-15 14:34:48,1776263688,BOOM600,5907.447,-1,0.01599999999962165,BACKFILL_AUTO
2026-04-15 14:34:49,1776263689,BOOM600,5907.447,0,0.0,BACKFILL_AUTO
2026-04-15 14:34:50,1776263690,BOOM600,5907.432,-1,0.015000000000327418,BACKFILL_AUTO
2026-04-15 14:34:51,1776263691,BOOM600,5907.411,-1,0.02099999999973079,BACKFILL_AUTO
2026-04-15 14:34:52,1776263692,BOOM600,5907.403,-1,0.007999999999810825,BACKFILL_AUTO
2026-04-15 14:34:53,1776263693,BOOM600,5907.394,-1,0.009000000000014552,BACKFILL_AUTO
2026-04-15 14:34:54,1776263694,BOOM600,5907.386,-1,0.007999999999810825,BACKFILL_AUTO
2026-04-15 14:34:55,1776263695,BOOM600,5907.378,-1,0.00800000000072032,BACKFILL_AUTO
2026-04-15 14:34:56,1776263696,BOOM600,5907.368,-1,0.009999999999308784,BACKFILL_AUTO
2026-04-15 14:34:57,1776263697,BOOM600,5907.353,-1,0.015000000000327418,BACKFILL_AUTO
2026-04-15 14:34:58,1776263698,BOOM600,5907.34,-1,0.012999999999919964,BACKFILL_AUTO
2026-04-15 14:34:59,1776263699,BOOM600,5907.311,-1,0.02900000000045111,BACKFILL_AUTO
2026-04-15 14:35:00,1776263700,BOOM600,5907.295,-1,0.01599999999962165,BACKFILL_AUTO
2026-04-15 14:35:01,1776263701,BOOM600,5907.277,-1,0.018000000000029104,BACKFILL_AUTO
2026-04-15 14:35:02,1776263702,BOOM600,5907.264,-1,0.012999999999919964,BACKFILL_AUTO
2026-04-15 14:35:03,1776263703,BOOM600,5907.25,-1,0.014000000000123691,BACKFILL_AUTO
2026-04-15 14:35:04,1776263704,BOOM600,5907.249,-1,0.0010000000002037268,BACKFILL_AUTO
2026-04-15 14:35:05,1776263705,BOOM600,5907.242,-1,0.006999999999607098,BACKFILL_AUTO
2026-04-15 14:35:06,1776263706,BOOM600,5907.232,-1,0.010000000000218279,BACKFILL_AUTO
2026-04-15 14:35:07,1776263707,BOOM600,5907.205,-1,0.027000000000043656,BACKFILL_AUTO
2026-04-15 14:35:08,1776263708,BOOM600,5907.19,-1,0.015000000000327418,BACKFILL_AUTO
2026-04-15 14:35:09,1776263709,BOOM600,5907.181,-1,0.009000000000014552,BACKFILL_AUTO
2026-04-15 14:35:10,1776263710,BOOM600,5907.176,-1,0.004999999999199645,BACKFILL_AUTO
2026-04-15 14:35:11,1776263711,BOOM600,5907.174,-1,0.0020000000004074536,BACKFILL_AUTO
2026-04-15 14:35:12,1776263712,BOOM600,5907.157,-1,0.016999999999825377,BACKFILL_AUTO
2026-04-15 14:35:13,1776263713,BOOM600,5907.142,-1,0.015000000000327418,BACKFILL_AUTO
2026-04-15 14:35:14,1776263714,BOOM600,5907.136,-1,0.0059999999994033715,BACKFILL_AUTO
2026-04-15 14:35:15,1776263715,BOOM600,5907.127,-1,0.009000000000014552,BACKFILL_AUTO
2026-04-15 14:35:16,1776263716,BOOM600,5907.122,-1,0.005000000000109139,BACKFILL_AUTO
2026-04-15 14:35:17,1776263717,BOOM600,5907.11,-1,0.012000000000625732,BACKFILL_AUTO
2026-04-15 14:35:18,1776263718,BOOM600,5907.096,-1,0.014000000000123691,BACKFILL_AUTO
2026-04-15 14:35:19,1776263719,BOOM600,5907.086,-1,0.009999999999308784,BACKFILL_AUTO
2026-04-15 14:35:20,1776263720,BOOM600,5907.067,-1,0.01900000000023283,BACKFILL_AUTO
2026-04-15 14:35:21,1776263721,BOOM600,5907.057,-1,0.010000000000218279,BACKFILL_AUTO
2026-04-15 14:35:22,1776263722,BOOM600,5907.057,0,0.0,BACKFILL_AUTO
2026-04-15 14:35:23,1776263723,BOOM600,5907.036,-1,0.02099999999973079,BACKFILL_AUTO
2026-04-15 14:35:24,1776263724,BOOM600,5907.013,-1,0.023000000000138243,BACKFILL_AUTO
2026-04-15 14:35:25,1776263725,BOOM600,5906.989,-1,0.02400000000034197,BACKFILL_AUTO
2026-04-15 14:35:26,1776263726,BOOM600,5906.985,-1,0.0039999999999054126,BACKFILL_AUTO
2026-04-15 14:35:27,1776263727,BOOM600,5906.983,-1,0.001999999999497959,BACKFILL_AUTO
2026-04-15 14:35:28,1776263728,BOOM600,5906.968,-1,0.015000000000327418,BACKFILL_AUTO
2026-04-15 14:35:29,1776263729,BOOM600,5906.965,-1,0.0029999999997016857,BACKFILL_AUTO
2026-04-15 14:35:30,1776263730,BOOM600,5906.956,-1,0.009000000000014552,BACKFILL_AUTO
2026-04-15 14:35:31,1776263731,BOOM600,5906.945,-1,0.011000000000422006,BACKFILL_AUTO
2026-04-15 14:35:32,1776263732,BOOM600,5906.937,-1,0.007999999999810825,BACKFILL_AUTO
2026-04-15 14:35:33,1776263733,BOOM600,5906.924,-1,0.012999999999919964,BACKFILL_AUTO
2026-04-15 14:35:34,1776263734,BOOM600,5906.916,-1,0.007999999999810825,BACKFILL_AUTO
2026-04-15 14:35:35,1776263735,BOOM600,5906.907,-1,0.009000000000014552,BACKFILL_AUTO
2026-04-15 14:35:36,1776263736,BOOM600,5906.901,-1,0.006000000000312866,BACKFILL_AUTO
2026-04-15 14:35:37,1776263737,BOOM600,5906.891,-1,0.010000000000218279,BACKFILL_AUTO
2026-04-15 14:35:38,1776263738,BOOM600,5906.886,-1,0.004999999999199645,BACKFILL_AUTO
2026-04-15 14:35:39,1776263739,BOOM600,5906.881,-1,0.005000000000109139,BACKFILL_AUTO
2026-04-15 14:35:40,1776263740,BOOM600,5906.874,-1,0.007000000000516593,BACKFILL_AUTO
2026-04-15 14:35:41,1776263741,BOOM600,5906.87,-1,0.0039999999999054126,BACKFILL_AUTO
2026-04-15 14:35:42,1776263742,BOOM600,5906.865,-1,0.005000000000109139,BACKFILL_AUTO
2026-04-15 14:35:43,1776263743,BOOM600,5906.86,-1,0.005000000000109139,BACKFILL_AUTO
2026-04-15 14:35:44,1776263744,BOOM600,5906.848,-1,0.011999999999716238,BACKFILL_AUTO
2026-04-15 14:35:45,1776263745,BOOM600,5906.827,-1,0.02099999999973079,BACKFILL_AUTO
2026-04-15 14:35:46,1776263746,BOOM600,5906.813,-1,0.014000000000123691,BACKFILL_AUTO
2026-04-15 14:35:47,1776263747,BOOM600,5906.808,-1,0.005000000000109139,BACKFILL_AUTO
2026-04-15 14:35:48,1776263748,BOOM600,5906.797,-1,0.011000000000422006,BACKFILL_AUTO
2026-04-15 14:35:49,1776263749,BOOM600,5906.784,-1,0.012999999999919964,BACKFILL_AUTO
2026-04-15 14:35:50,1776263750,BOOM600,5906.776,-1,0.007999999999810825,BACKFILL_AUTO
2026-04-15 14:35:51,1776263751,BOOM600,5906.763,-1,0.012999999999919964,BACKFILL_AUTO
2026-04-15 14:35:52,1776263752,BOOM600,5906.746,-1,0.016999999999825377,BACKFILL_AUTO
2026-04-15 14:35:53,1776263753,BOOM600,5906.732,-1,0.014000000000123691,BACKFILL_AUTO
2026-04-15 14:35:54,1776263754,BOOM600,5906.724,-1,0.007999999999810825,BACKFILL_AUTO
2026-04-15 14:35:55,1776263755,BOOM600,5906.718,-1,0.006000000000312866,BACKFILL_AUTO
2026-04-15 14:35:56,1776263756,BOOM600,5906.711,-1,0.006999999999607098,BACKFILL_AUTO
2026-04-15 14:35:57,1776263757,BOOM600,5906.7,-1,0.011000000000422006,BACKFILL_AUTO
2026-04-15 14:35:58,1776263758,BOOM600,5906.7,0,0.0,BACKFILL_AUTO
2026-04-15 14:35:59,1776263759,BOOM600,5906.694,-1,0.0059999999994033715,BACKFILL_AUTO
2026-04-15 14:36:00,1776263760,BOOM600,5906.685,-1,0.009000000000014552,BACKFILL_AUTO
2026-04-15 14:36:01,1776263761,BOOM600,5906.677,-1,0.00800000000072032,BACKFILL_AUTO
2026-04-15 14:36:02,1776263762,BOOM600,5906.675,-1,0.001999999999497959,BACKFILL_AUTO
2026-04-15 14:36:03,1776263763,BOOM600,5906.654,-1,0.02099999999973079,BACKFILL_AUTO
2026-04-15 14:36:04,1776263764,BOOM600,5906.638,-1,0.016000000000531145,BACKFILL_AUTO
2026-04-15 14:36:05,1776263765,BOOM600,5906.637,-1,0.0010000000002037268,BACKFILL_AUTO
2026-04-15 14:36:06,1776263766,BOOM600,5906.617,-1,0.019999999999527063,BACKFILL_AUTO
2026-04-15 14:36:07,1776263767,BOOM600,5906.607,-1,0.010000000000218279,BACKFILL_AUTO
2026-04-15 14:36:08,1776263768,BOOM600,5906.595,-1,0.011999999999716238,BACKFILL_AUTO
2026-04-15 14:36:09,1776263769,BOOM600,5906.592,-1,0.0030000000006111804,BACKFILL_AUTO
2026-04-15 14:36:10,1776263770,BOOM600,5906.581,-1,0.01099999999951251,BACKFILL_AUTO
2026-04-15 14:36:11,1776263771,BOOM600,5906.581,0,0.0,BACKFILL_AUTO
2026-04-15 14:36:12,1776263772,BOOM600,5906.558,-1,0.023000000000138243,BACKFILL_AUTO
2026-04-15 14:36:13,1776263773,BOOM600,5906.546,-1,0.011999999999716238,BACKFILL_AUTO
2026-04-15 14:36:14,1776263774,BOOM600,5906.535,-1,0.011000000000422006,BACKFILL_AUTO
2026-04-15 14:36:15,1776263775,BOOM600,5906.524,-1,0.01099999999951251,BACKFILL_AUTO
2026-04-15 14:36:16,1776263776,BOOM600,5906.515,-1,0.009000000000014552,BACKFILL_AUTO
2026-04-15 14:36:17,1776263777,BOOM600,5906.513,-1,0.0020000000004074536,BACKFILL_AUTO
2026-04-15 14:36:18,1776263778,BOOM600,5906.512,-1,0.0010000000002037268,BACKFILL_AUTO
2026-04-15 14:36:19,1776263779,BOOM600,5906.499,-1,0.012999999999919964,BACKFILL_AUTO
2026-04-15 14:36:20,1776263780,BOOM600,5906.49,-1,0.009000000000014552,BACKFILL_AUTO
2026-04-15 14:36:21,1776263781,BOOM600,5906.479,-1,0.01099999999951251,BACKFILL_AUTO
2026-04-15 14:36:22,1776263782,BOOM600,5906.479,0,0.0,BACKFILL_AUTO
2026-04-15 14:36:23,1776263783,BOOM600,5906.466,-1,0.012999999999919964,BACKFILL_AUTO
2026-04-15 14:36:24,1776263784,BOOM600,5906.457,-1,0.009000000000014552,BACKFILL_AUTO
2026-04-15 14:36:25,1776263785,BOOM600,5906.445,-1,0.012000000000625732,BACKFILL_AUTO
2026-04-15 14:36:26,1776263786,BOOM600,5906.443,-1,0.001999999999497959,BACKFILL_AUTO
2026-04-15 14:36:27,1776263787,BOOM600,5906.426,-1,0.016999999999825377,BACKFILL_AUTO
2026-04-15 14:36:28,1776263788,BOOM600,5906.416,-1,0.010000000000218279,BACKFILL_AUTO
2026-04-15 14:36:29,1776263789,BOOM600,5906.401,-1,0.015000000000327418,BACKFILL_AUTO
2026-04-15 14:36:30,1776263790,BOOM600,5906.388,-1,0.012999999999919964,BACKFILL_AUTO
2026-04-15 14:36:31,1776263791,BOOM600,5906.364,-1,0.02400000000034197,BACKFILL_AUTO
2026-04-15 14:36:32,1776263792,BOOM600,5906.353,-1,0.01099999999951251,BACKFILL_AUTO
2026-04-15 14:36:33,1776263793,BOOM600,5906.342,-1,0.011000000000422006,BACKFILL_AUTO
2026-04-15 14:36:34,1776263794,BOOM600,5906.333,-1,0.009000000000014552,BACKFILL_AUTO
2026-04-15 14:36:35,1776263795,BOOM600,5906.33,-1,0.0029999999997016857,BACKFILL_AUTO
2026-04-15 14:36:36,1776263796,BOOM600,5906.32,-1,0.010000000000218279,BACKFILL_AUTO
2026-04-15 14:36:37,1776263797,BOOM600,5906.315,-1,0.005000000000109139,BACKFILL_AUTO
2026-04-15 14:36:38,1776263798,BOOM600,5906.308,-1,0.006999999999607098,BACKFILL_AUTO
2026-04-15 14:36:39,1776263799,BOOM600,5906.301,-1,0.006999999999607098,BACKFILL_AUTO
2026-04-15 14:36:40,1776263800,BOOM600,5906.289,-1,0.012000000000625732,BACKFILL_AUTO
2026-04-15 14:36:41,1776263801,BOOM600,5906.284,-1,0.005000000000109139,BACKFILL_AUTO
2026-04-15 14:36:42,1776263802,BOOM600,5906.277,-1,0.006999999999607098,BACKFILL_AUTO
2026-04-15 14:36:43,1776263803,BOOM600,5906.274,-1,0.0029999999997016857,BACKFILL_AUTO
2026-04-15 14:36:44,1776263804,BOOM600,5906.263,-1,0.011000000000422006,BACKFILL_AUTO
2026-04-15 14:36:45,1776263805,BOOM600,5906.254,-1,0.009000000000014552,BACKFILL_AUTO
2026-04-15 14:36:46,1776263806,BOOM600,5906.239,-1,0.015000000000327418,BACKFILL_AUTO
2026-04-15 14:36:47,1776263807,BOOM600,5906.232,-1,0.006999999999607098,BACKFILL_AUTO
2026-04-15 14:36:48,1776263808,BOOM600,5906.228,-1,0.0039999999999054126,BACKFILL_AUTO
2026-04-15 14:36:49,1776263809,BOOM600,5906.215,-1,0.012999999999919964,BACKFILL_AUTO
2026-04-15 14:36:50,1776263810,BOOM600,5906.206,-1,0.009000000000014552,BACKFILL_AUTO
2026-04-15 14:36:51,1776263811,BOOM600,5906.199,-1,0.007000000000516593,BACKFILL_AUTO
2026-04-15 14:36:52,1776263812,BOOM600,5906.193,-1,0.0059999999994033715,BACKFILL_AUTO
2026-04-15 14:36:53,1776263813,BOOM600,5906.191,-1,0.0020000000004074536,BACKFILL_AUTO
2026-04-15 14:36:54,1776263814,BOOM600,5906.179,-1,0.011999999999716238,BACKFILL_AUTO
2026-04-15 14:36:55,1776263815,BOOM600,5906.169,-1,0.010000000000218279,BACKFILL_AUTO
2026-04-15 14:36:56,1776263816,BOOM600,5906.15,-1,0.01900000000023283,BACKFILL_AUTO
2026-04-15 14:36:57,1776263817,BOOM600,5906.14,-1,0.009999999999308784,BACKFILL_AUTO
2026-04-15 14:36:58,1776263818,BOOM600,5906.126,-1,0.014000000000123691,BACKFILL_AUTO
2026-04-15 14:36:59,1776263819,BOOM600,5906.118,-1,0.007999999999810825,BACKFILL_AUTO
2026-04-15 14:37:00,1776263820,BOOM600,5906.112,-1,0.006000000000312866,BACKFILL_AUTO
2026-04-15 14:37:01,1776263821,BOOM600,5906.108,-1,0.0039999999999054126,BACKFILL_AUTO
2026-04-15 14:37:02,1776263822,BOOM600,5906.105,-1,0.0030000000006111804,BACKFILL_AUTO
2026-04-15 14:37:03,1776263823,BOOM600,5906.096,-1,0.009000000000014552,BACKFILL_AUTO
2026-04-15 14:37:04,1776263824,BOOM600,5906.095,-1,0.0009999999992942321,BACKFILL_AUTO
2026-04-15 14:37:05,1776263825,BOOM600,5906.085,-1,0.010000000000218279,BACKFILL_AUTO
2026-04-15 14:37:06,1776263826,BOOM600,5906.071,-1,0.014000000000123691,BACKFILL_AUTO
2026-04-15 14:37:07,1776263827,BOOM600,5906.063,-1,0.007999999999810825,BACKFILL_AUTO
2026-04-15 14:37:08,1776263828,BOOM600,5906.049,-1,0.014000000000123691,BACKFILL_AUTO
2026-04-15 14:37:09,1776263829,BOOM600,5906.042,-1,0.006999999999607098,BACKFILL_AUTO
2026-04-15 14:37:10,1776263830,BOOM600,5906.025,-1,0.01700000000073487,BACKFILL_AUTO
2026-04-15 14:37:11,1776263831,BOOM600,5906.019,-1,0.0059999999994033715,BACKFILL_AUTO
2026-04-15 14:37:12,1776263832,BOOM600,5906.017,-1,0.0020000000004074536,BACKFILL_AUTO
2026-04-15 14:37:13,1776263833,BOOM600,5906.016,-1,0.0010000000002037268,BACKFILL_AUTO
2026-04-15 14:37:14,1776263834,BOOM600,5906.007,-1,0.009000000000014552,BACKFILL_AUTO
2026-04-15 14:37:15,1776263835,BOOM600,5905.993,-1,0.013999999999214197,BACKFILL_AUTO
2026-04-15 14:37:16,1776263836,BOOM600,5905.985,-1,0.00800000000072032,BACKFILL_AUTO
2026-04-15 14:37:17,1776263837,BOOM600,5905.978,-1,0.006999999999607098,BACKFILL_AUTO
2026-04-15 14:37:18,1776263838,BOOM600,5905.968,-1,0.010000000000218279,BACKFILL_AUTO
2026-04-15 14:37:19,1776263839,BOOM600,5905.96,-1,0.007999999999810825,BACKFILL_AUTO
2026-04-15 14:37:20,1776263840,BOOM600,5905.935,-1,0.024999999999636202,BACKFILL_AUTO
2026-04-15 14:37:21,1776263841,BOOM600,5905.916,-1,0.01900000000023283,BACKFILL_AUTO
2026-04-15 14:37:22,1776263842,BOOM600,5905.9,-1,0.016000000000531145,BACKFILL_AUTO
2026-04-15 14:37:23,1776263843,BOOM600,5905.894,-1,0.0059999999994033715,BACKFILL_AUTO
2026-04-15 14:37:24,1776263844,BOOM600,5905.89,-1,0.0039999999999054126,BACKFILL_AUTO
2026-04-15 14:37:25,1776263845,BOOM600,5905.872,-1,0.018000000000029104,BACKFILL_AUTO
2026-04-15 14:37:26,1776263846,BOOM600,5905.857,-1,0.015000000000327418,BACKFILL_AUTO
2026-04-15 14:37:27,1776263847,BOOM600,5905.846,-1,0.011000000000422006,BACKFILL_AUTO
2026-04-15 14:37:28,1776263848,BOOM600,5905.84,-1,0.0059999999994033715,BACKFILL_AUTO
2026-04-15 14:37:29,1776263849,BOOM600,5905.834,-1,0.006000000000312866,BACKFILL_AUTO
2026-04-15 14:37:30,1776263850,BOOM600,5905.821,-1,0.012999999999919964,BACKFILL_AUTO
2026-04-15 14:37:31,1776263851,BOOM600,5905.808,-1,0.012999999999919964,BACKFILL_AUTO
2026-04-15 14:37:32,1776263852,BOOM600,5905.793,-1,0.015000000000327418,BACKFILL_AUTO
2026-04-15 14:37:33,1776263853,BOOM600,5905.788,-1,0.005000000000109139,BACKFILL_AUTO
2026-04-15 14:37:34,1776263854,BOOM600,5905.769,-1,0.018999999999323336,BACKFILL_AUTO
2026-04-15 14:37:35,1776263855,BOOM600,5905.763,-1,0.006000000000312866,BACKFILL_AUTO
2026-04-15 14:37:36,1776263856,BOOM600,5905.76,-1,0.0029999999997016857,BACKFILL_AUTO
2026-04-15 14:37:37,1776263857,BOOM600,5905.752,-1,0.007999999999810825,BACKFILL_AUTO
2026-04-15 14:37:38,1776263858,BOOM600,5905.75,-1,0.0020000000004074536,BACKFILL_AUTO
2026-04-15 14:37:39,1776263859,BOOM600,5905.744,-1,0.006000000000312866,BACKFILL_AUTO
2026-04-15 14:37:40,1776263860,BOOM600,5905.716,-1,0.027999999999337888,BACKFILL_AUTO
2026-04-15 14:37:41,1776263861,BOOM600,5905.711,-1,0.005000000000109139,BACKFILL_AUTO
2026-04-15 14:37:42,1776263862,BOOM600,5905.702,-1,0.009000000000014552,BACKFILL_AUTO
2026-04-15 14:37:43,1776263863,BOOM600,5905.7,-1,0.0020000000004074536,BACKFILL_AUTO
2026-04-15 14:37:44,1776263864,BOOM600,5905.68,-1,0.019999999999527063,BACKFILL_AUTO
2026-04-15 14:37:45,1776263865,BOOM600,5905.675,-1,0.005000000000109139,BACKFILL_AUTO
2026-04-15 14:37:46,1776263866,BOOM600,5905.658,-1,0.016999999999825377,BACKFILL_AUTO
2026-04-15 14:37:47,1776263867,BOOM600,5905.641,-1,0.01700000000073487,BACKFILL_AUTO
2026-04-15 14:37:48,1776263868,BOOM600,5905.625,-1,0.01599999999962165,BACKFILL_AUTO
2026-04-15 14:37:49,1776263869,BOOM600,5905.623,-1,0.0020000000004074536,BACKFILL_AUTO
2026-04-15 14:37:50,1776263870,BOOM600,5905.62,-1,0.0029999999997016857,BACKFILL_AUTO
2026-04-15 14:37:51,1776263871,BOOM600,5905.62,0,0.0,BACKFILL_AUTO
2026-04-15 14:37:52,1776263872,BOOM600,5905.606,-1,0.014000000000123691,BACKFILL_AUTO
2026-04-15 14:37:53,1776263873,BOOM600,5905.594,-1,0.011999999999716238,BACKFILL_AUTO
2026-04-15 14:37:54,1776263874,BOOM600,5905.585,-1,0.009000000000014552,BACKFILL_AUTO
2026-04-15 14:37:55,1776263875,BOOM600,5905.567,-1,0.018000000000029104,BACKFILL_AUTO
2026-04-15 14:37:56,1776263876,BOOM600,5905.548,-1,0.01900000000023283,BACKFILL_AUTO
2026-04-15 14:37:57,1776263877,BOOM600,5905.537,-1,0.01099999999951251,BACKFILL_AUTO
2026-04-15 14:37:58,1776263878,BOOM600,5905.521,-1,0.016000000000531145,BACKFILL_AUTO
2026-04-15 14:37:59,1776263879,BOOM600,5905.505,-1,0.01599999999962165,BACKFILL_AUTO
2026-04-15 14:38:00,1776263880,BOOM600,5905.5,-1,0.005000000000109139,BACKFILL_AUTO
2026-04-15 14:38:01,1776263881,BOOM600,5905.498,-1,0.0020000000004074536,BACKFILL_AUTO
2026-04-15 14:38:02,1776263882,BOOM600,5905.488,-1,0.009999999999308784,BACKFILL_AUTO
2026-04-15 14:38:03,1776263883,BOOM600,5905.476,-1,0.012000000000625732,BACKFILL_AUTO
2026-04-15 14:38:04,1776263884,BOOM600,5905.466,-1,0.009999999999308784,BACKFILL_AUTO
2026-04-15 14:38:05,1776263885,BOOM600,5905.441,-1,0.025000000000545697,BACKFILL_AUTO
2026-04-15 14:38:06,1776263886,BOOM600,5905.435,-1,0.0059999999994033715,BACKFILL_AUTO
2026-04-15 14:38:07,1776263887,BOOM600,5905.419,-1,0.016000000000531145,BACKFILL_AUTO
2026-04-15 14:38:08,1776263888,BOOM600,5905.413,-1,0.006000000000312866,BACKFILL_AUTO
2026-04-15 14:38:09,1776263889,BOOM600,5905.388,-1,0.024999999999636202,BACKFILL_AUTO
2026-04-15 14:38:10,1776263890,BOOM600,5905.385,-1,0.0029999999997016857,BACKFILL_AUTO
2026-04-15 14:38:11,1776263891,BOOM600,5905.376,-1,0.009000000000014552,BACKFILL_AUTO
2026-04-15 14:38:12,1776263892,BOOM600,5905.376,0,0.0,BACKFILL_AUTO
2026-04-15 14:38:13,1776263893,BOOM600,5905.345,-1,0.03099999999994907,BACKFILL_AUTO
2026-04-15 14:38:14,1776263894,BOOM600,5905.34,-1,0.005000000000109139,BACKFILL_AUTO
2026-04-15 14:38:15,1776263895,BOOM600,5905.318,-1,0.021999999999934516,BACKFILL_AUTO
2026-04-15 14:38:16,1776263896,BOOM600,5905.292,-1,0.02599999999983993,BACKFILL_AUTO
2026-04-15 14:38:17,1776263897,BOOM600,5905.282,-1,0.010000000000218279,BACKFILL_AUTO
2026-04-15 14:38:18,1776263898,BOOM600,5905.255,-1,0.027000000000043656,BACKFILL_AUTO
2026-04-15 14:38:19,1776263899,BOOM600,5905.25,-1,0.005000000000109139,BACKFILL_AUTO
2026-04-15 14:38:20,1776263900,BOOM600,5905.23,-1,0.020000000000436557,BACKFILL_AUTO
2026-04-15 14:38:21,1776263901,BOOM600,5905.228,-1,0.001999999999497959,BACKFILL_AUTO
2026-04-15 14:38:22,1776263902,BOOM600,5905.222,-1,0.006000000000312866,BACKFILL_AUTO
2026-04-15 14:38:23,1776263903,BOOM600,5905.217,-1,0.005000000000109139,BACKFILL_AUTO
2026-04-15 14:38:24,1776263904,BOOM600,5905.193,-1,0.023999999999432475,BACKFILL_AUTO
2026-04-15 14:38:25,1776263905,BOOM600,5905.189,-1,0.0039999999999054126,BACKFILL_AUTO
2026-04-15 14:38:26,1776263906,BOOM600,5905.176,-1,0.012999999999919964,BACKFILL_AUTO
2026-04-15 14:38:27,1776263907,BOOM600,5905.167,-1,0.009000000000014552,BACKFILL_AUTO
2026-04-15 14:38:28,1776263908,BOOM600,5905.162,-1,0.005000000000109139,BACKFILL_AUTO
2026-04-15 14:38:29,1776263909,BOOM600,5905.161,-1,0.0010000000002037268,BACKFILL_AUTO
2026-04-15 14:38:30,1776263910,BOOM600,5905.156,-1,0.005000000000109139,BACKFILL_AUTO
2026-04-15 14:38:31,1776263911,BOOM600,5905.136,-1,0.019999999999527063,BACKFILL_AUTO
2026-04-15 14:38:32,1776263912,BOOM600,5905.128,-1,0.00800000000072032,BACKFILL_AUTO
2026-04-15 14:38:33,1776263913,BOOM600,5905.12,-1,0.007999999999810825,BACKFILL_AUTO
2026-04-15 14:38:34,1776263914,BOOM600,5905.117,-1,0.0029999999997016857,BACKFILL_AUTO
2026-04-15 14:38:35,1776263915,BOOM600,5905.11,-1,0.007000000000516593,BACKFILL_AUTO
2026-04-15 14:38:36,1776263916,BOOM600,5905.098,-1,0.011999999999716238,BACKFILL_AUTO
2026-04-15 14:38:37,1776263917,BOOM600,5905.085,-1,0.012999999999919964,BACKFILL_AUTO
2026-04-15 14:38:38,1776263918,BOOM600,5905.081,-1,0.0039999999999054126,BACKFILL_AUTO
2026-04-15 14:38:39,1776263919,BOOM600,5905.057,-1,0.02400000000034197,BACKFILL_AUTO
2026-04-15 14:38:40,1776263920,BOOM600,5905.047,-1,0.010000000000218279,BACKFILL_AUTO
2026-04-15 14:38:41,1776263921,BOOM600,5905.038,-1,0.009000000000014552,BACKFILL_AUTO
2026-04-15 14:38:42,1776263922,BOOM600,5905.028,-1,0.009999999999308784,BACKFILL_AUTO
2026-04-15 14:38:43,1776263923,BOOM600,5905.025,-1,0.0030000000006111804,BACKFILL_AUTO
2026-04-15 14:38:44,1776263924,BOOM600,5905.02,-1,0.004999999999199645,BACKFILL_AUTO
2026-04-15 14:38:45,1776263925,BOOM600,5905.013,-1,0.007000000000516593,BACKFILL_AUTO
2026-04-15 14:38:46,1776263926,BOOM600,5905.009,-1,0.0039999999999054126,BACKFILL_AUTO
2026-04-15 14:38:47,1776263927,BOOM600,5904.994,-1,0.015000000000327418,BACKFILL_AUTO
2026-04-15 14:38:48,1776263928,BOOM600,5904.99,-1,0.0039999999999054126,BACKFILL_AUTO
2026-04-15 14:38:49,1776263929,BOOM600,5904.981,-1,0.009000000000014552,BACKFILL_AUTO
2026-04-15 14:38:50,1776263930,BOOM600,5904.967,-1,0.014000000000123691,BACKFILL_AUTO
2026-04-15 14:38:51,1776263931,BOOM600,5904.963,-1,0.0039999999999054126,BACKFILL_AUTO
2026-04-15 14:38:52,1776263932,BOOM600,5904.96,-1,0.0029999999997016857,BACKFILL_AUTO
2026-04-15 14:38:53,1776263933,BOOM600,5904.957,-1,0.0029999999997016857,BACKFILL_AUTO
2026-04-15 14:38:54,1776263934,BOOM600,5904.934,-1,0.023000000000138243,BACKFILL_AUTO
2026-04-15 14:38:55,1776263935,BOOM600,5904.927,-1,0.007000000000516593,BACKFILL_AUTO
2026-04-15 14:38:56,1776263936,BOOM600,5904.923,-1,0.0039999999999054126,BACKFILL_AUTO
2026-04-15 14:38:57,1776263937,BOOM600,5904.911,-1,0.011999999999716238,BACKFILL_AUTO
2026-04-15 14:38:58,1776263938,BOOM600,5904.908,-1,0.0029999999997016857,BACKFILL_AUTO
2026-04-15 14:38:59,1776263939,BOOM600,5904.905,-1,0.0030000000006111804,BACKFILL_AUTO
2026-04-15 14:39:00,1776263940,BOOM600,5904.897,-1,0.007999999999810825,BACKFILL_AUTO
2026-04-15 14:39:01,1776263941,BOOM600,5904.886,-1,0.01099999999951251,BACKFILL_AUTO
2026-04-15 14:39:02,1776263942,BOOM600,5904.877,-1,0.009000000000014552,BACKFILL_AUTO
2026-04-15 14:39:03,1776263943,BOOM600,5904.871,-1,0.006000000000312866,BACKFILL_AUTO
2026-04-15 14:39:04,1776263944,BOOM600,5904.866,-1,0.005000000000109139,BACKFILL_AUTO
2026-04-15 14:39:05,1776263945,BOOM600,5904.842,-1,0.02400000000034197,BACKFILL_AUTO
2026-04-15 14:39:06,1776263946,BOOM600,5904.832,-1,0.009999999999308784,BACKFILL_AUTO
2026-04-15 14:39:07,1776263947,BOOM600,5904.815,-1,0.01700000000073487,BACKFILL_AUTO
2026-04-15 14:39:08,1776263948,BOOM600,5904.797,-1,0.018000000000029104,BACKFILL_AUTO
2026-04-15 14:39:09,1776263949,BOOM600,5904.797,0,0.0,BACKFILL_AUTO
2026-04-15 14:39:10,1776263950,BOOM600,5904.795,-1,0.001999999999497959,BACKFILL_AUTO
2026-04-15 14:39:11,1776263951,BOOM600,5904.784,-1,0.011000000000422006,BACKFILL_AUTO
2026-04-15 14:39:12,1776263952,BOOM600,5904.777,-1,0.006999999999607098,BACKFILL_AUTO
2026-04-15 14:39:13,1776263953,BOOM600,5904.774,-1,0.0029999999997016857,BACKFILL_AUTO
2026-04-15 14:39:14,1776263954,BOOM600,5904.773,-1,0.0010000000002037268,BACKFILL_AUTO
2026-04-15 14:39:15,1776263955,BOOM600,5904.772,-1,0.0010000000002037268,BACKFILL_AUTO
2026-04-15 14:39:16,1776263956,BOOM600,5904.771,-1,0.0010000000002037268,BACKFILL_AUTO
2026-04-15 14:39:17,1776263957,BOOM600,5904.74,-1,0.03099999999994907,BACKFILL_AUTO
2026-04-15 14:39:18,1776263958,BOOM600,5904.725,-1,0.014999999999417923,BACKFILL_AUTO
2026-04-15 14:39:19,1776263959,BOOM600,5904.705,-1,0.020000000000436557,BACKFILL_AUTO
2026-04-15 14:39:20,1776263960,BOOM600,5904.695,-1,0.010000000000218279,BACKFILL_AUTO
2026-04-15 14:39:21,1776263961,BOOM600,5904.687,-1,0.007999999999810825,BACKFILL_AUTO
2026-04-15 14:39:22,1776263962,BOOM600,5904.675,-1,0.011999999999716238,BACKFILL_AUTO
2026-04-15 14:39:23,1776263963,BOOM600,5904.67,-1,0.005000000000109139,BACKFILL_AUTO
2026-04-15 14:39:24,1776263964,BOOM600,5904.666,-1,0.0039999999999054126,BACKFILL_AUTO
2026-04-15 14:39:25,1776263965,BOOM600,5904.66,-1,0.006000000000312866,BACKFILL_AUTO
2026-04-15 14:39:26,1776263966,BOOM600,5904.654,-1,0.0059999999994033715,BACKFILL_AUTO
2026-04-15 14:39:27,1776263967,BOOM600,5904.65,-1,0.004000000000814907,BACKFILL_AUTO
2026-04-15 14:39:28,1776263968,BOOM600,5904.64,-1,0.009999999999308784,BACKFILL_AUTO
2026-04-15 14:39:29,1776263969,BOOM600,5904.625,-1,0.015000000000327418,BACKFILL_AUTO
2026-04-15 14:39:30,1776263970,BOOM600,5904.617,-1,0.007999999999810825,BACKFILL_AUTO
2026-04-15 14:39:31,1776263971,BOOM600,5904.596,-1,0.021000000000640284,BACKFILL_AUTO
2026-04-15 14:39:32,1776263972,BOOM600,5904.569,-1,0.02699999999913416,BACKFILL_AUTO
2026-04-15 14:39:33,1776263973,BOOM600,5904.568,-1,0.0010000000002037268,BACKFILL_AUTO
2026-04-15 14:39:34,1776263974,BOOM600,5904.555,-1,0.012999999999919964,BACKFILL_AUTO
2026-04-15 14:39:35,1776263975,BOOM600,5904.539,-1,0.016000000000531145,BACKFILL_AUTO
2026-04-15 14:39:36,1776263976,BOOM600,5904.529,-1,0.009999999999308784,BACKFILL_AUTO
2026-04-15 14:39:37,1776263977,BOOM600,5904.529,0,0.0,BACKFILL_AUTO
2026-04-15 14:39:38,1776263978,BOOM600,5904.515,-1,0.014000000000123691,BACKFILL_AUTO
2026-04-15 14:39:39,1776263979,BOOM600,5904.513,-1,0.0020000000004074536,BACKFILL_AUTO
2026-04-15 14:39:40,1776263980,BOOM600,5904.507,-1,0.006000000000312866,BACKFILL_AUTO
2026-04-15 14:39:41,1776263981,BOOM600,5904.506,-1,0.0009999999992942321,BACKFILL_AUTO
2026-04-15 14:39:42,1776263982,BOOM600,5904.498,-1,0.00800000000072032,BACKFILL_AUTO
2026-04-15 14:39:43,1776263983,BOOM600,5904.487,-1,0.01099999999951251,BACKFILL_AUTO
2026-04-15 14:39:44,1776263984,BOOM600,5904.469,-1,0.018000000000029104,BACKFILL_AUTO
2026-04-15 14:39:45,1776263985,BOOM600,5904.461,-1,0.007999999999810825,BACKFILL_AUTO
2026-04-15 14:39:46,1776263986,BOOM600,5904.439,-1,0.021999999999934516,BACKFILL_AUTO
2026-04-15 14:39:47,1776263987,BOOM600,5904.414,-1,0.025000000000545697,BACKFILL_AUTO
2026-04-15 14:39:48,1776263988,BOOM600,5904.404,-1,0.009999999999308784,BACKFILL_AUTO
2026-04-15 14:39:49,1776263989,BOOM600,5904.39,-1,0.014000000000123691,BACKFILL_AUTO
2026-04-15 14:39:50,1776263990,BOOM600,5904.368,-1,0.021999999999934516,BACKFILL_AUTO
2026-04-15 14:39:51,1776263991,BOOM600,5904.364,-1,0.004000000000814907,BACKFILL_AUTO
2026-04-15 14:39:52,1776263992,BOOM600,5904.357,-1,0.006999999999607098,BACKFILL_AUTO
2026-04-15 14:39:53,1776263993,BOOM600,5904.352,-1,0.005000000000109139,BACKFILL_AUTO
2026-04-15 14:39:54,1776263994,BOOM600,5904.351,-1,0.0010000000002037268,BACKFILL_AUTO
2026-04-15 14:39:55,1776263995,BOOM600,5904.341,-1,0.009999999999308784,BACKFILL_AUTO
2026-04-15 14:39:56,1776263996,BOOM600,5904.34,-1,0.0010000000002037268,BACKFILL_AUTO
2026-04-15 14:39:57,1776263997,BOOM600,5904.34,0,0.0,BACKFILL_AUTO
2026-04-15 14:39:58,1776263998,BOOM600,5904.339,-1,0.0010000000002037268,BACKFILL_AUTO
2026-04-15 14:39:59,1776263999,BOOM600,5904.323,-1,0.01599999999962165,BACKFILL_AUTO
2026-04-15 14:40:00,1776264000,BOOM600,5904.31,-1,0.012999999999919964,BACKFILL_AUTO
2026-04-15 14:40:01,1776264001,BOOM600,5904.293,-1,0.01700000000073487,BACKFILL_AUTO
2026-04-15 14:40:02,1776264002,BOOM600,5904.278,-1,0.014999999999417923,BACKFILL_AUTO
2026-04-15 14:40:03,1776264003,BOOM600,5904.274,-1,0.0039999999999054126,BACKFILL_AUTO
2026-04-15 14:40:04,1776264004,BOOM600,5904.272,-1,0.0020000000004074536,BACKFILL_AUTO
2026-04-15 14:40:05,1776264005,BOOM600,5904.266,-1,0.006000000000312866,BACKFILL_AUTO
2026-04-15 14:40:06,1776264006,BOOM600,5904.257,-1,0.009000000000014552,BACKFILL_AUTO
2026-04-15 14:40:07,1776264007,BOOM600,5904.241,-1,0.01599999999962165,BACKFILL_AUTO
2026-04-15 14:40:08,1776264008,BOOM600,5904.233,-1,0.007999999999810825,BACKFILL_AUTO
2026-04-15 14:40:09,1776264009,BOOM600,5904.227,-1,0.006000000000312866,BACKFILL_AUTO
2026-04-15 14:40:10,1776264010,BOOM600,5904.227,0,0.0,BACKFILL_AUTO
2026-04-15 14:40:11,1776264011,BOOM600,5904.224,-1,0.0029999999997016857,BACKFILL_AUTO
2026-04-15 14:40:12,1776264012,BOOM600,5904.219,-1,0.005000000000109139,BACKFILL_AUTO
2026-04-15 14:40:13,1776264013,BOOM600,5904.213,-1,0.006000000000312866,BACKFILL_AUTO
2026-04-15 14:40:14,1776264014,BOOM600,5904.194,-1,0.018999999999323336,BACKFILL_AUTO
2026-04-15 14:40:15,1776264015,BOOM600,5904.193,-1,0.0010000000002037268,BACKFILL_AUTO
2026-04-15 14:40:16,1776264016,BOOM600,5904.189,-1,0.0039999999999054126,BACKFILL_AUTO
2026-04-15 14:40:17,1776264017,BOOM600,5904.184,-1,0.005000000000109139,BACKFILL_AUTO
2026-04-15 14:40:18,1776264018,BOOM600,5904.177,-1,0.007000000000516593,BACKFILL_AUTO
2026-04-15 14:40:19,1776264019,BOOM600,5904.16,-1,0.016999999999825377,BACKFILL_AUTO
2026-04-15 14:40:20,1776264020,BOOM600,5904.146,-1,0.014000000000123691,BACKFILL_AUTO
2026-04-15 14:40:21,1776264021,BOOM600,5904.145,-1,0.0009999999992942321,BACKFILL_AUTO
2026-04-15 14:40:22,1776264022,BOOM600,5904.135,-1,0.010000000000218279,BACKFILL_AUTO
2026-04-15 14:40:23,1776264023,BOOM600,5904.13,-1,0.005000000000109139,BACKFILL_AUTO
2026-04-15 14:40:24,1776264024,BOOM600,5904.129,-1,0.0010000000002037268,BACKFILL_AUTO
2026-04-15 14:40:25,1776264025,BOOM600,5904.127,-1,0.001999999999497959,BACKFILL_AUTO
2026-04-15 14:40:26,1776264026,BOOM600,5904.104,-1,0.023000000000138243,BACKFILL_AUTO
2026-04-15 14:40:27,1776264027,BOOM600,5904.092,-1,0.012000000000625732,BACKFILL_AUTO
2026-04-15 14:40:28,1776264028,BOOM600,5904.084,-1,0.007999999999810825,BACKFILL_AUTO
2026-04-15 14:40:29,1776264029,BOOM600,5904.058,-1,0.02599999999983993,BACKFILL_AUTO
2026-04-15 14:40:30,1776264030,BOOM600,5904.05,-1,0.007999999999810825,BACKFILL_AUTO
2026-04-15 14:40:31,1776264031,BOOM600,5904.045,-1,0.005000000000109139,BACKFILL_AUTO
2026-04-15 14:40:32,1776264032,BOOM600,5904.029,-1,0.01599999999962165,BACKFILL_AUTO
2026-04-15 14:40:33,1776264033,BOOM600,5904.025,-1,0.004000000000814907,BACKFILL_AUTO
2026-04-15 14:40:34,1776264034,BOOM600,5904.005,-1,0.019999999999527063,BACKFILL_AUTO
2026-04-15 14:40:35,1776264035,BOOM600,5903.996,-1,0.009000000000014552,BACKFILL_AUTO
2026-04-15 14:40:36,1776264036,BOOM600,5903.995,-1,0.0010000000002037268,BACKFILL_AUTO
2026-04-15 14:40:37,1776264037,BOOM600,5903.986,-1,0.009000000000014552,BACKFILL_AUTO
2026-04-15 14:40:38,1776264038,BOOM600,5903.981,-1,0.005000000000109139,BACKFILL_AUTO
2026-04-15 14:40:39,1776264039,BOOM600,5903.976,-1,0.005000000000109139,BACKFILL_AUTO
2026-04-15 14:40:40,1776264040,BOOM600,5903.974,-1,0.001999999999497959,BACKFILL_AUTO
2026-04-15 14:40:41,1776264041,BOOM600,5903.967,-1,0.007000000000516593,BACKFILL_AUTO
2026-04-15 14:40:42,1776264042,BOOM600,5903.96,-1,0.006999999999607098,BACKFILL_AUTO
2026-04-15 14:40:43,1776264043,BOOM600,5903.938,-1,0.021999999999934516,BACKFILL_AUTO
2026-04-15 14:40:44,1776264044,BOOM600,5903.927,-1,0.011000000000422006,BACKFILL_AUTO
2026-04-15 14:40:45,1776264045,BOOM600,5903.918,-1,0.009000000000014552,BACKFILL_AUTO
2026-04-15 14:40:46,1776264046,BOOM600,5903.91,-1,0.007999999999810825,BACKFILL_AUTO
2026-04-15 14:40:47,1776264047,BOOM600,5903.906,-1,0.0039999999999054126,BACKFILL_AUTO
2026-04-15 14:40:48,1776264048,BOOM600,5903.898,-1,0.007999999999810825,BACKFILL_AUTO
2026-04-15 14:40:49,1776264049,BOOM600,5903.89,-1,0.007999999999810825,BACKFILL_AUTO
2026-04-15 14:40:50,1776264050,BOOM600,5903.876,-1,0.014000000000123691,BACKFILL_AUTO
2026-04-15 14:40:51,1776264051,BOOM600,5903.86,-1,0.016000000000531145,BACKFILL_AUTO
2026-04-15 14:40:52,1776264052,BOOM600,5903.854,-1,0.0059999999994033715,BACKFILL_AUTO
2026-04-15 14:40:53,1776264053,BOOM600,5903.838,-1,0.016000000000531145,BACKFILL_AUTO
2026-04-15 14:40:54,1776264054,BOOM600,5903.836,-1,0.001999999999497959,BACKFILL_AUTO
2026-04-15 14:40:55,1776264055,BOOM600,5903.813,-1,0.023000000000138243,BACKFILL_AUTO
2026-04-15 14:40:56,1776264056,BOOM600,5903.788,-1,0.025000000000545697,BACKFILL_AUTO
2026-04-15 14:40:57,1776264057,BOOM600,5903.775,-1,0.012999999999919964,BACKFILL_AUTO
2026-04-15 14:40:58,1776264058,BOOM600,5903.763,-1,0.011999999999716238,BACKFILL_AUTO
2026-04-15 14:40:59,1776264059,BOOM600,5903.761,-1,0.001999999999497959,BACKFILL_AUTO
2026-04-15 14:41:00,1776264060,BOOM600,5903.747,-1,0.014000000000123691,BACKFILL_AUTO
2026-04-15 14:41:01,1776264061,BOOM600,5903.746,-1,0.0010000000002037268,BACKFILL_AUTO
2026-04-15 14:41:02,1776264062,BOOM600,5903.728,-1,0.018000000000029104,BACKFILL_AUTO
2026-04-15 14:41:03,1776264063,BOOM600,5903.725,-1,0.0029999999997016857,BACKFILL_AUTO
2026-04-15 14:41:04,1776264064,BOOM600,5903.724,-1,0.0010000000002037268,BACKFILL_AUTO
2026-04-15 14:41:05,1776264065,BOOM600,5903.715,-1,0.009000000000014552,BACKFILL_AUTO
2026-04-15 14:41:06,1776264066,BOOM600,5903.703,-1,0.011999999999716238,BACKFILL_AUTO
2026-04-15 14:41:07,1776264067,BOOM600,5903.681,-1,0.02200000000084401,BACKFILL_AUTO
2026-04-15 14:41:08,1776264068,BOOM600,5903.679,-1,0.001999999999497959,BACKFILL_AUTO
2026-04-15 14:41:09,1776264069,BOOM600,5903.677,-1,0.0020000000004074536,BACKFILL_AUTO
2026-04-15 14:41:10,1776264070,BOOM600,5903.665,-1,0.011999999999716238,BACKFILL_AUTO
2026-04-15 14:41:11,1776264071,BOOM600,5903.655,-1,0.010000000000218279,BACKFILL_AUTO
2026-04-15 14:41:12,1776264072,BOOM600,5903.627,-1,0.027999999999337888,BACKFILL_AUTO
2026-04-15 14:41:13,1776264073,BOOM600,5903.62,-1,0.007000000000516593,BACKFILL_AUTO
2026-04-15 14:41:14,1776264074,BOOM600,5903.617,-1,0.0029999999997016857,BACKFILL_AUTO
2026-04-15 14:41:15,1776264075,BOOM600,5903.597,-1,0.020000000000436557,BACKFILL_AUTO
2026-04-15 14:41:16,1776264076,BOOM600,5903.596,-1,0.0010000000002037268,BACKFILL_AUTO
2026-04-15 14:41:17,1776264077,BOOM600,5903.587,-1,0.008999999999105057,BACKFILL_AUTO
2026-04-15 14:41:18,1776264078,BOOM600,5903.56,-1,0.027000000000043656,BACKFILL_AUTO
2026-04-15 14:41:19,1776264079,BOOM600,5903.543,-1,0.01700000000073487,BACKFILL_AUTO
2026-04-15 14:41:20,1776264080,BOOM600,5903.532,-1,0.01099999999951251,BACKFILL_AUTO
2026-04-15 14:41:21,1776264081,BOOM600,5903.521,-1,0.011000000000422006,BACKFILL_AUTO
2026-04-15 14:41:22,1776264082,BOOM600,5903.513,-1,0.007999999999810825,BACKFILL_AUTO
2026-04-15 14:41:23,1776264083,BOOM600,5903.5,-1,0.012999999999919964,BACKFILL_AUTO
2026-04-15 14:41:24,1776264084,BOOM600,5903.494,-1,0.006000000000312866,BACKFILL_AUTO
2026-04-15 14:41:25,1776264085,BOOM600,5903.481,-1,0.012999999999919964,BACKFILL_AUTO
2026-04-15 14:41:26,1776264086,BOOM600,5903.477,-1,0.0039999999999054126,BACKFILL_AUTO
2026-04-15 14:41:27,1776264087,BOOM600,5903.477,0,0.0,BACKFILL_AUTO
2026-04-15 14:41:28,1776264088,BOOM600,5903.463,-1,0.014000000000123691,BACKFILL_AUTO
2026-04-15 14:41:29,1776264089,BOOM600,5903.459,-1,0.0039999999999054126,BACKFILL_AUTO
2026-04-15 14:41:30,1776264090,BOOM600,5903.444,-1,0.014999999999417923,BACKFILL_AUTO
2026-04-15 14:41:31,1776264091,BOOM600,5903.42,-1,0.02400000000034197,BACKFILL_AUTO
2026-04-15 14:41:32,1776264092,BOOM600,5903.412,-1,0.007999999999810825,BACKFILL_AUTO
2026-04-15 14:41:33,1776264093,BOOM600,5903.385,-1,0.027000000000043656,BACKFILL_AUTO
2026-04-15 14:41:34,1776264094,BOOM600,5903.384,-1,0.0010000000002037268,BACKFILL_AUTO
2026-04-15 14:41:35,1776264095,BOOM600,5903.383,-1,0.0010000000002037268,BACKFILL_AUTO
2026-04-15 14:41:36,1776264096,BOOM600,5903.372,-1,0.01099999999951251,BACKFILL_AUTO
2026-04-15 14:41:37,1776264097,BOOM600,5903.371,-1,0.0010000000002037268,BACKFILL_AUTO
2026-04-15 14:41:38,1776264098,BOOM600,5903.343,-1,0.028000000000247383,BACKFILL_AUTO
2026-04-15 14:41:39,1776264099,BOOM600,5903.331,-1,0.011999999999716238,BACKFILL_AUTO
2026-04-15 14:41:40,1776264100,BOOM600,5903.328,-1,0.0029999999997016857,BACKFILL_AUTO
2026-04-15 14:41:41,1776264101,BOOM600,5903.321,-1,0.007000000000516593,BACKFILL_AUTO
2026-04-15 14:41:42,1776264102,BOOM600,5903.311,-1,0.010000000000218279,BACKFILL_AUTO
2026-04-15 14:41:43,1776264103,BOOM600,5903.31,-1,0.0009999999992942321,BACKFILL_AUTO
2026-04-15 14:41:44,1776264104,BOOM600,5903.295,-1,0.015000000000327418,BACKFILL_AUTO
2026-04-15 14:41:45,1776264105,BOOM600,5903.292,-1,0.0029999999997016857,BACKFILL_AUTO
2026-04-15 14:41:46,1776264106,BOOM600,5903.291,-1,0.0010000000002037268,BACKFILL_AUTO
2026-04-15 14:41:47,1776264107,BOOM600,5903.283,-1,0.007999999999810825,BACKFILL_AUTO
2026-04-15 14:41:48,1776264108,BOOM600,5903.272,-1,0.011000000000422006,BACKFILL_AUTO
2026-04-15 14:41:49,1776264109,BOOM600,5903.268,-1,0.0039999999999054126,BACKFILL_AUTO
2026-04-15 14:41:50,1776264110,BOOM600,5903.259,-1,0.009000000000014552,BACKFILL_AUTO
2026-04-15 14:41:51,1776264111,BOOM600,5903.245,-1,0.014000000000123691,BACKFILL_AUTO
2026-04-15 14:41:52,1776264112,BOOM600,5903.241,-1,0.0039999999999054126,BACKFILL_AUTO
2026-04-15 14:41:53,1776264113,BOOM600,5903.235,-1,0.006000000000312866,BACKFILL_AUTO
2026-04-15 14:41:54,1776264114,BOOM600,5903.229,-1,0.0059999999994033715,BACKFILL_AUTO
2026-04-15 14:41:55,1776264115,BOOM600,5903.207,-1,0.021999999999934516,BACKFILL_AUTO
2026-04-15 14:41:56,1776264116,BOOM600,5903.196,-1,0.011000000000422006,BACKFILL_AUTO
2026-04-15 14:41:57,1776264117,BOOM600,5903.188,-1,0.007999999999810825,BACKFILL_AUTO
2026-04-15 14:41:58,1776264118,BOOM600,5903.167,-1,0.02099999999973079,BACKFILL_AUTO
2026-04-15 14:41:59,1776264119,BOOM600,5903.163,-1,0.004000000000814907,BACKFILL_AUTO
2026-04-15 14:42:00,1776264120,BOOM600,5903.138,-1,0.024999999999636202,BACKFILL_AUTO
2026-04-15 14:42:01,1776264121,BOOM600,5903.135,-1,0.0029999999997016857,BACKFILL_AUTO
2026-04-15 14:42:02,1776264122,BOOM600,5903.113,-1,0.021999999999934516,BACKFILL_AUTO
2026-04-15 14:42:03,1776264123,BOOM600,5903.102,-1,0.011000000000422006,BACKFILL_AUTO
2026-04-15 14:42:04,1776264124,BOOM600,5903.096,-1,0.006000000000312866,BACKFILL_AUTO
2026-04-15 14:42:05,1776264125,BOOM600,5903.075,-1,0.02099999999973079,BACKFILL_AUTO
2026-04-15 14:42:06,1776264126,BOOM600,5903.058,-1,0.016999999999825377,BACKFILL_AUTO
2026-04-15 14:42:07,1776264127,BOOM600,5903.036,-1,0.021999999999934516,BACKFILL_AUTO
2026-04-15 14:42:08,1776264128,BOOM600,5903.02,-1,0.01599999999962165,BACKFILL_AUTO
2026-04-15 14:42:09,1776264129,BOOM600,5903.011,-1,0.009000000000014552,BACKFILL_AUTO
2026-04-15 14:42:10,1776264130,BOOM600,5902.991,-1,0.020000000000436557,BACKFILL_AUTO
2026-04-15 14:42:11,1776264131,BOOM600,5902.99,-1,0.0010000000002037268,BACKFILL_AUTO
2026-04-15 14:42:12,1776264132,BOOM600,5902.987,-1,0.0029999999997016857,BACKFILL_AUTO
2026-04-15 14:42:13,1776264133,BOOM600,5902.985,-1,0.0020000000004074536,BACKFILL_AUTO
2026-04-15 14:42:14,1776264134,BOOM600,5902.967,-1,0.018000000000029104,BACKFILL_AUTO
2026-04-15 14:42:15,1776264135,BOOM600,5902.955,-1,0.011999999999716238,BACKFILL_AUTO
2026-04-15 14:42:16,1776264136,BOOM600,5902.951,-1,0.0039999999999054126,BACKFILL_AUTO
2026-04-15 14:42:17,1776264137,BOOM600,5902.946,-1,0.005000000000109139,BACKFILL_AUTO
2026-04-15 14:42:18,1776264138,BOOM600,5902.943,-1,0.0029999999997016857,BACKFILL_AUTO
2026-04-15 14:42:19,1776264139,BOOM600,5902.932,-1,0.011000000000422006,BACKFILL_AUTO
2026-04-15 14:42:20,1776264140,BOOM600,5902.931,-1,0.0010000000002037268,BACKFILL_AUTO
2026-04-15 14:42:21,1776264141,BOOM600,5902.924,-1,0.006999999999607098,BACKFILL_AUTO
2026-04-15 14:42:22,1776264142,BOOM600,5902.903,-1,0.02099999999973079,BACKFILL_AUTO
2026-04-15 14:42:23,1776264143,BOOM600,5902.886,-1,0.016999999999825377,BACKFILL_AUTO
2026-04-15 14:42:24,1776264144,BOOM600,5902.87,-1,0.016000000000531145,BACKFILL_AUTO
2026-04-15 14:42:25,1776264145,BOOM600,5902.866,-1,0.0039999999999054126,BACKFILL_AUTO
2026-04-15 14:42:26,1776264146,BOOM600,5902.857,-1,0.009000000000014552,BACKFILL_AUTO
2026-04-15 14:42:27,1776264147,BOOM600,5902.857,0,0.0,BACKFILL_AUTO
2026-04-15 14:42:28,1776264148,BOOM600,5902.849,-1,0.007999999999810825,BACKFILL_AUTO
2026-04-15 14:42:29,1776264149,BOOM600,5902.848,-1,0.0010000000002037268,BACKFILL_AUTO
2026-04-15 14:42:30,1776264150,BOOM600,5902.842,-1,0.006000000000312866,BACKFILL_AUTO
2026-04-15 14:42:31,1776264151,BOOM600,5902.828,-1,0.013999999999214197,BACKFILL_AUTO
2026-04-15 14:42:32,1776264152,BOOM600,5902.821,-1,0.007000000000516593,BACKFILL_AUTO
2026-04-15 14:42:33,1776264153,BOOM600,5902.798,-1,0.023000000000138243,BACKFILL_AUTO
2026-04-15 14:42:34,1776264154,BOOM600,5902.79,-1,0.007999999999810825,BACKFILL_AUTO
2026-04-15 14:42:35,1776264155,BOOM600,5902.79,0,0.0,BACKFILL_AUTO
2026-04-15 14:42:36,1776264156,BOOM600,5902.772,-1,0.018000000000029104,BACKFILL_AUTO
2026-04-15 14:42:37,1776264157,BOOM600,5902.768,-1,0.0039999999999054126,BACKFILL_AUTO
2026-04-15 14:42:38,1776264158,BOOM600,5902.753,-1,0.015000000000327418,BACKFILL_AUTO
2026-04-15 14:42:39,1776264159,BOOM600,5902.745,-1,0.007999999999810825,BACKFILL_AUTO
2026-04-15 14:42:40,1776264160,BOOM600,5902.741,-1,0.0039999999999054126,BACKFILL_AUTO
2026-04-15 14:42:41,1776264161,BOOM600,5902.727,-1,0.014000000000123691,BACKFILL_AUTO
2026-04-15 14:42:42,1776264162,BOOM600,5902.724,-1,0.0029999999997016857,BACKFILL_AUTO
2026-04-15 14:42:43,1776264163,BOOM600,5902.718,-1,0.006000000000312866,BACKFILL_AUTO
2026-04-15 14:42:44,1776264164,BOOM600,5902.702,-1,0.01599999999962165,BACKFILL_AUTO
2026-04-15 14:42:45,1776264165,BOOM600,5902.699,-1,0.0030000000006111804,BACKFILL_AUTO
2026-04-15 14:42:46,1776264166,BOOM600,5902.696,-1,0.0029999999997016857,BACKFILL_AUTO
2026-04-15 14:42:47,1776264167,BOOM600,5902.675,-1,0.02099999999973079,BACKFILL_AUTO
2026-04-15 14:42:48,1776264168,BOOM600,5902.656,-1,0.01900000000023283,BACKFILL_AUTO
2026-04-15 14:42:49,1776264169,BOOM600,5902.643,-1,0.012999999999919964,BACKFILL_AUTO
2026-04-15 14:42:50,1776264170,BOOM600,5902.615,-1,0.028000000000247383,BACKFILL_AUTO
2026-04-15 14:42:51,1776264171,BOOM600,5902.603,-1,0.011999999999716238,BACKFILL_AUTO
2026-04-15 14:42:52,1776264172,BOOM600,5902.594,-1,0.009000000000014552,BACKFILL_AUTO
2026-04-15 14:42:53,1776264173,BOOM600,5902.568,-1,0.02599999999983993,BACKFILL_AUTO
2026-04-15 14:42:54,1776264174,BOOM600,5902.564,-1,0.0039999999999054126,BACKFILL_AUTO
2026-04-15 14:42:55,1776264175,BOOM600,5902.562,-1,0.0020000000004074536,BACKFILL_AUTO
2026-04-15 14:42:56,1776264176,BOOM600,5902.561,-1,0.0010000000002037268,BACKFILL_AUTO
2026-04-15 14:42:57,1776264177,BOOM600,5902.543,-1,0.018000000000029104,BACKFILL_AUTO
2026-04-15 14:42:58,1776264178,BOOM600,5902.541,-1,0.001999999999497959,BACKFILL_AUTO
2026-04-15 14:42:59,1776264179,BOOM600,5902.526,-1,0.015000000000327418,BACKFILL_AUTO
2026-04-15 14:43:00,1776264180,BOOM600,5902.519,-1,0.006999999999607098,BACKFILL_AUTO
2026-04-15 14:43:01,1776264181,BOOM600,5902.49,-1,0.02900000000045111,BACKFILL_AUTO
2026-04-15 14:43:02,1776264182,BOOM600,5902.48,-1,0.010000000000218279,BACKFILL_AUTO
2026-04-15 14:43:03,1776264183,BOOM600,5902.476,-1,0.0039999999999054126,BACKFILL_AUTO
2026-04-15 14:43:04,1776264184,BOOM600,5902.476,0,0.0,BACKFILL_AUTO
2026-04-15 14:43:05,1776264185,BOOM600,5902.475,-1,0.0009999999992942321,BACKFILL_AUTO
2026-04-15 14:43:06,1776264186,BOOM600,5902.468,-1,0.007000000000516593,BACKFILL_AUTO
2026-04-15 14:43:07,1776264187,BOOM600,5902.456,-1,0.011999999999716238,BACKFILL_AUTO
2026-04-15 14:43:08,1776264188,BOOM600,5902.442,-1,0.014000000000123691,BACKFILL_AUTO
2026-04-15 14:43:09,1776264189,BOOM600,5902.437,-1,0.005000000000109139,BACKFILL_AUTO
2026-04-15 14:43:10,1776264190,BOOM600,5902.422,-1,0.015000000000327418,BACKFILL_AUTO
2026-04-15 14:43:11,1776264191,BOOM600,5902.418,-1,0.0039999999999054126,BACKFILL_AUTO
2026-04-15 14:43:12,1776264192,BOOM600,5902.406,-1,0.011999999999716238,BACKFILL_AUTO
2026-04-15 14:43:13,1776264193,BOOM600,5902.399,-1,0.006999999999607098,BACKFILL_AUTO
2026-04-15 14:43:14,1776264194,BOOM600,5902.384,-1,0.015000000000327418,BACKFILL_AUTO
2026-04-15 14:43:15,1776264195,BOOM600,5902.374,-1,0.010000000000218279,BACKFILL_AUTO
2026-04-15 14:43:16,1776264196,BOOM600,5902.369,-1,0.005000000000109139,BACKFILL_AUTO
2026-04-15 14:43:17,1776264197,BOOM600,5902.351,-1,0.018000000000029104,BACKFILL_AUTO
2026-04-15 14:43:18,1776264198,BOOM600,5902.333,-1,0.018000000000029104,BACKFILL_AUTO
2026-04-15 14:43:19,1776264199,BOOM600,5902.33,-1,0.0029999999997016857,BACKFILL_AUTO
2026-04-15 14:43:20,1776264200,BOOM600,5902.329,-1,0.0010000000002037268,BACKFILL_AUTO
2026-04-15 14:43:21,1776264201,BOOM600,5902.324,-1,0.005000000000109139,BACKFILL_AUTO
2026-04-15 14:43:22,1776264202,BOOM600,5902.316,-1,0.007999999999810825,BACKFILL_AUTO
2026-04-15 14:43:23,1776264203,BOOM600,5902.312,-1,0.0039999999999054126,BACKFILL_AUTO
2026-04-15 14:43:24,1776264204,BOOM600,5902.3,-1,0.011999999999716238,BACKFILL_AUTO
2026-04-15 14:43:25,1776264205,BOOM600,5902.285,-1,0.015000000000327418,BACKFILL_AUTO
2026-04-15 14:43:26,1776264206,BOOM600,5902.281,-1,0.0039999999999054126,BACKFILL_AUTO
2026-04-15 14:43:27,1776264207,BOOM600,5902.264,-1,0.016999999999825377,BACKFILL_AUTO
2026-04-15 14:43:28,1776264208,BOOM600,5902.256,-1,0.007999999999810825,BACKFILL_AUTO
2026-04-15 14:43:29,1776264209,BOOM600,5902.244,-1,0.012000000000625732,BACKFILL_AUTO
2026-04-15 14:43:30,1776264210,BOOM600,5902.235,-1,0.009000000000014552,BACKFILL_AUTO
2026-04-15 14:43:31,1776264211,BOOM600,5902.226,-1,0.009000000000014552,BACKFILL_AUTO
2026-04-15 14:43:32,1776264212,BOOM600,5902.219,-1,0.006999999999607098,BACKFILL_AUTO
2026-04-15 14:43:33,1776264213,BOOM600,5902.211,-1,0.007999999999810825,BACKFILL_AUTO
2026-04-15 14:43:34,1776264214,BOOM600,5902.195,-1,0.016000000000531145,BACKFILL_AUTO
2026-04-15 14:43:35,1776264215,BOOM600,5902.193,-1,0.001999999999497959,BACKFILL_AUTO
2026-04-15 14:43:36,1776264216,BOOM600,5902.187,-1,0.006000000000312866,BACKFILL_AUTO
2026-04-15 14:43:37,1776264217,BOOM600,5902.18,-1,0.006999999999607098,BACKFILL_AUTO
2026-04-15 14:43:38,1776264218,BOOM600,5902.17,-1,0.010000000000218279,BACKFILL_AUTO
2026-04-15 14:43:39,1776264219,BOOM600,5902.155,-1,0.015000000000327418,BACKFILL_AUTO
2026-04-15 14:43:40,1776264220,BOOM600,5902.154,-1,0.0009999999992942321,BACKFILL_AUTO
2026-04-15 14:43:41,1776264221,BOOM600,5902.137,-1,0.01700000000073487,BACKFILL_AUTO
2026-04-15 14:43:42,1776264222,BOOM600,5902.118,-1,0.018999999999323336,BACKFILL_AUTO
2026-04-15 14:43:43,1776264223,BOOM600,5902.107,-1,0.011000000000422006,BACKFILL_AUTO
2026-04-15 14:43:44,1776264224,BOOM600,5902.102,-1,0.005000000000109139,BACKFILL_AUTO
2026-04-15 14:43:45,1776264225,BOOM600,5902.082,-1,0.019999999999527063,BACKFILL_AUTO
2026-04-15 14:43:46,1776264226,BOOM600,5902.072,-1,0.010000000000218279,BACKFILL_AUTO
2026-04-15 14:43:47,1776264227,BOOM600,5902.071,-1,0.0010000000002037268,BACKFILL_AUTO
2026-04-15 14:43:48,1776264228,BOOM600,5902.061,-1,0.010000000000218279,BACKFILL_AUTO
2026-04-15 14:43:49,1776264229,BOOM600,5902.049,-1,0.011999999999716238,BACKFILL_AUTO
2026-04-15 14:43:50,1776264230,BOOM600,5902.042,-1,0.006999999999607098,BACKFILL_AUTO
2026-04-15 14:43:51,1776264231,BOOM600,5902.029,-1,0.012999999999919964,BACKFILL_AUTO
2026-04-15 14:43:52,1776264232,BOOM600,5902.023,-1,0.006000000000312866,BACKFILL_AUTO
2026-04-15 14:43:53,1776264233,BOOM600,5902.023,0,0.0,BACKFILL_AUTO
2026-04-15 14:43:54,1776264234,BOOM600,5902.02,-1,0.0029999999997016857,BACKFILL_AUTO
2026-04-15 14:43:55,1776264235,BOOM600,5902.018,-1,0.0020000000004074536,BACKFILL_AUTO
2026-04-15 14:43:56,1776264236,BOOM600,5902.006,-1,0.011999999999716238,BACKFILL_AUTO
2026-04-15 14:43:57,1776264237,BOOM600,5902.002,-1,0.0039999999999054126,BACKFILL_AUTO
2026-04-15 14:43:58,1776264238,BOOM600,5901.984,-1,0.018000000000029104,BACKFILL_AUTO
2026-04-15 14:43:59,1776264239,BOOM600,5901.974,-1,0.010000000000218279,BACKFILL_AUTO
2026-04-15 14:44:00,1776264240,BOOM600,5901.968,-1,0.006000000000312866,BACKFILL_AUTO
2026-04-15 14:44:01,1776264241,BOOM600,5901.954,-1,0.014000000000123691,BACKFILL_AUTO
2026-04-15 14:44:02,1776264242,BOOM600,5901.949,-1,0.005000000000109139,BACKFILL_AUTO
2026-04-15 14:44:03,1776264243,BOOM600,5901.938,-1,0.01099999999951251,BACKFILL_AUTO
2026-04-15 14:44:04,1776264244,BOOM600,5901.933,-1,0.005000000000109139,BACKFILL_AUTO
2026-04-15 14:44:05,1776264245,BOOM600,5901.91,-1,0.023000000000138243,BACKFILL_AUTO
2026-04-15 14:44:06,1776264246,BOOM600,5901.902,-1,0.007999999999810825,BACKFILL_AUTO
2026-04-15 14:44:07,1776264247,BOOM600,5901.882,-1,0.020000000000436557,BACKFILL_AUTO
2026-04-15 14:44:08,1776264248,BOOM600,5901.867,-1,0.014999999999417923,BACKFILL_AUTO
2026-04-15 14:44:09,1776264249,BOOM600,5901.857,-1,0.010000000000218279,BACKFILL_AUTO
2026-04-15 14:44:10,1776264250,BOOM600,5901.855,-1,0.0020000000004074536,BACKFILL_AUTO
2026-04-15 14:44:11,1776264251,BOOM600,5901.849,-1,0.0059999999994033715,BACKFILL_AUTO
2026-04-15 14:44:12,1776264252,BOOM600,5901.833,-1,0.016000000000531145,BACKFILL_AUTO
2026-04-15 14:44:13,1776264253,BOOM600,5901.829,-1,0.0039999999999054126,BACKFILL_AUTO
2026-04-15 14:44:14,1776264254,BOOM600,5901.823,-1,0.0059999999994033715,BACKFILL_AUTO
2026-04-15 14:44:15,1776264255,BOOM600,5901.82,-1,0.0030000000006111804,BACKFILL_AUTO
2026-04-15 14:44:16,1776264256,BOOM600,5901.819,-1,0.0009999999992942321,BACKFILL_AUTO
2026-04-15 14:44:17,1776264257,BOOM600,5901.814,-1,0.005000000000109139,BACKFILL_AUTO
2026-04-15 14:44:18,1776264258,BOOM600,5901.802,-1,0.012000000000625732,BACKFILL_AUTO
2026-04-15 14:44:19,1776264259,BOOM600,5901.789,-1,0.012999999999919964,BACKFILL_AUTO
2026-04-15 14:44:20,1776264260,BOOM600,5901.786,-1,0.0029999999997016857,BACKFILL_AUTO
2026-04-15 14:44:21,1776264261,BOOM600,5901.766,-1,0.020000000000436557,BACKFILL_AUTO
2026-04-15 14:44:22,1776264262,BOOM600,5901.753,-1,0.012999999999919964,BACKFILL_AUTO
2026-04-15 14:44:23,1776264263,BOOM600,5901.74,-1,0.012999999999919964,BACKFILL_AUTO
2026-04-15 14:44:24,1776264264,BOOM600,5901.74,0,0.0,BACKFILL_AUTO
2026-04-15 14:44:25,1776264265,BOOM600,5901.732,-1,0.007999999999810825,BACKFILL_AUTO
2026-04-15 14:44:26,1776264266,BOOM600,5901.727,-1,0.005000000000109139,BACKFILL_AUTO
2026-04-15 14:44:27,1776264267,BOOM600,5901.714,-1,0.012999999999919964,BACKFILL_AUTO
2026-04-15 14:44:28,1776264268,BOOM600,5901.71,-1,0.0039999999999054126,BACKFILL_AUTO
2026-04-15 14:44:29,1776264269,BOOM600,5901.7,-1,0.010000000000218279,BACKFILL_AUTO
2026-04-15 14:44:30,1776264270,BOOM600,5901.691,-1,0.009000000000014552,BACKFILL_AUTO
2026-04-15 14:44:31,1776264271,BOOM600,5901.686,-1,0.005000000000109139,BACKFILL_AUTO
2026-04-15 14:44:32,1776264272,BOOM600,5901.663,-1,0.023000000000138243,BACKFILL_AUTO
2026-04-15 14:44:33,1776264273,BOOM600,5901.663,0,0.0,BACKFILL_AUTO
2026-04-15 14:44:34,1776264274,BOOM600,5901.65,-1,0.012999999999919964,BACKFILL_AUTO
2026-04-15 14:44:35,1776264275,BOOM600,5901.64,-1,0.009999999999308784,BACKFILL_AUTO
2026-04-15 14:44:36,1776264276,BOOM600,5901.635,-1,0.005000000000109139,BACKFILL_AUTO
2026-04-15 14:44:37,1776264277,BOOM600,5901.626,-1,0.009000000000014552,BACKFILL_AUTO
2026-04-15 14:44:38,1776264278,BOOM600,5901.621,-1,0.005000000000109139,BACKFILL_AUTO
2026-04-15 14:44:39,1776264279,BOOM600,5901.604,-1,0.016999999999825377,BACKFILL_AUTO
2026-04-15 14:44:40,1776264280,BOOM600,5901.599,-1,0.005000000000109139,BACKFILL_AUTO
2026-04-15 14:44:41,1776264281,BOOM600,5901.587,-1,0.011999999999716238,BACKFILL_AUTO
2026-04-15 14:44:42,1776264282,BOOM600,5901.568,-1,0.01900000000023283,BACKFILL_AUTO
2026-04-15 14:44:43,1776264283,BOOM600,5901.565,-1,0.0030000000006111804,BACKFILL_AUTO
2026-04-15 14:44:44,1776264284,BOOM600,5901.563,-1,0.001999999999497959,BACKFILL_AUTO
2026-04-15 14:44:45,1776264285,BOOM600,5901.558,-1,0.005000000000109139,BACKFILL_AUTO
2026-04-15 14:44:46,1776264286,BOOM600,5901.538,-1,0.020000000000436557,BACKFILL_AUTO
2026-04-15 14:44:47,1776264287,BOOM600,5901.537,-1,0.0009999999992942321,BACKFILL_AUTO
2026-04-15 14:44:48,1776264288,BOOM600,5901.526,-1,0.011000000000422006,BACKFILL_AUTO
2026-04-15 14:44:49,1776264289,BOOM600,5901.508,-1,0.018000000000029104,BACKFILL_AUTO
2026-04-15 14:44:50,1776264290,BOOM600,5901.492,-1,0.01599999999962165,BACKFILL_AUTO
2026-04-15 14:44:51,1776264291,BOOM600,5901.489,-1,0.0030000000006111804,BACKFILL_AUTO
2026-04-15 14:44:52,1776264292,BOOM600,5901.481,-1,0.007999999999810825,BACKFILL_AUTO
2026-04-15 14:44:53,1776264293,BOOM600,5901.472,-1,0.009000000000014552,BACKFILL_AUTO
2026-04-15 14:44:54,1776264294,BOOM600,5901.467,-1,0.005000000000109139,BACKFILL_AUTO
2026-04-15 14:44:55,1776264295,BOOM600,5901.462,-1,0.004999999999199645,BACKFILL_AUTO
2026-04-15 14:44:56,1776264296,BOOM600,5901.459,-1,0.0030000000006111804,BACKFILL_AUTO
2026-04-15 14:44:57,1776264297,BOOM600,5901.442,-1,0.016999999999825377,BACKFILL_AUTO
2026-04-15 14:44:58,1776264298,BOOM600,5901.432,-1,0.010000000000218279,BACKFILL_AUTO
2026-04-15 14:44:59,1776264299,BOOM600,5901.432,0,0.0,BACKFILL_AUTO
2026-04-15 14:45:00,1776264300,BOOM600,5901.424,-1,0.007999999999810825,BACKFILL_AUTO
2026-04-15 14:45:01,1776264301,BOOM600,5901.418,-1,0.006000000000312866,BACKFILL_AUTO
2026-04-15 14:45:02,1776264302,BOOM600,5901.416,-1,0.001999999999497959,BACKFILL_AUTO
2026-04-15 14:45:03,1776264303,BOOM600,5901.41,-1,0.006000000000312866,BACKFILL_AUTO
2026-04-15 14:45:04,1776264304,BOOM600,5901.399,-1,0.01099999999951251,BACKFILL_AUTO
2026-04-15 14:45:05,1776264305,BOOM600,5901.383,-1,0.016000000000531145,BACKFILL_AUTO
2026-04-15 14:45:06,1776264306,BOOM600,5901.369,-1,0.014000000000123691,BACKFILL_AUTO
2026-04-15 14:45:07,1776264307,BOOM600,5901.356,-1,0.012999999999919964,BACKFILL_AUTO
2026-04-15 14:45:08,1776264308,BOOM600,5901.346,-1,0.010000000000218279,BACKFILL_AUTO
2026-04-15 14:45:09,1776264309,BOOM600,5901.341,-1,0.004999999999199645,BACKFILL_AUTO
2026-04-15 14:45:10,1776264310,BOOM600,5901.326,-1,0.015000000000327418,BACKFILL_AUTO
2026-04-15 14:45:11,1776264311,BOOM600,5901.307,-1,0.01900000000023283,BACKFILL_AUTO
2026-04-15 14:45:12,1776264312,BOOM600,5901.299,-1,0.007999999999810825,BACKFILL_AUTO
2026-04-15 14:45:13,1776264313,BOOM600,5901.299,0,0.0,BACKFILL_AUTO
2026-04-15 14:45:14,1776264314,BOOM600,5901.286,-1,0.012999999999919964,BACKFILL_AUTO
2026-04-15 14:45:15,1776264315,BOOM600,5901.274,-1,0.011999999999716238,BACKFILL_AUTO
2026-04-15 14:45:16,1776264316,BOOM600,5901.269,-1,0.005000000000109139,BACKFILL_AUTO
2026-04-15 14:45:17,1776264317,BOOM600,5901.247,-1,0.021999999999934516,BACKFILL_AUTO
2026-04-15 14:45:18,1776264318,BOOM600,5901.246,-1,0.0010000000002037268,BACKFILL_AUTO
2026-04-15 14:45:19,1776264319,BOOM600,5901.24,-1,0.006000000000312866,BACKFILL_AUTO
2026-04-15 14:45:20,1776264320,BOOM600,5901.237,-1,0.0029999999997016857,BACKFILL_AUTO
2026-04-15 14:45:21,1776264321,BOOM600,5901.228,-1,0.009000000000014552,BACKFILL_AUTO
2026-04-15 14:45:22,1776264322,BOOM600,5901.213,-1,0.015000000000327418,BACKFILL_AUTO
2026-04-15 14:45:23,1776264323,BOOM600,5901.205,-1,0.007999999999810825,BACKFILL_AUTO
2026-04-15 14:45:24,1776264324,BOOM600,5901.192,-1,0.012999999999919964,BACKFILL_AUTO
2026-04-15 14:45:25,1776264325,BOOM600,5901.18,-1,0.011999999999716238,BACKFILL_AUTO
2026-04-15 14:45:26,1776264326,BOOM600,5901.162,-1,0.018000000000029104,BACKFILL_AUTO
2026-04-15 14:45:27,1776264327,BOOM600,5901.151,-1,0.011000000000422006,BACKFILL_AUTO
2026-04-15 14:45:28,1776264328,BOOM600,5901.136,-1,0.014999999999417923,BACKFILL_AUTO
2026-04-15 14:45:29,1776264329,BOOM600,5901.126,-1,0.010000000000218279,BACKFILL_AUTO
2026-04-15 14:45:30,1776264330,BOOM600,5901.126,0,0.0,BACKFILL_AUTO
2026-04-15 14:45:31,1776264331,BOOM600,5901.12,-1,0.006000000000312866,BACKFILL_AUTO
2026-04-15 14:45:32,1776264332,BOOM600,5901.097,-1,0.023000000000138243,BACKFILL_AUTO
2026-04-15 14:45:33,1776264333,BOOM600,5901.081,-1,0.01599999999962165,BACKFILL_AUTO
2026-04-15 14:45:34,1776264334,BOOM600,5901.081,0,0.0,BACKFILL_AUTO
2026-04-15 14:45:35,1776264335,BOOM600,5901.075,-1,0.006000000000312866,BACKFILL_AUTO
2026-04-15 14:45:36,1776264336,BOOM600,5901.054,-1,0.02099999999973079,BACKFILL_AUTO
2026-04-15 14:45:37,1776264337,BOOM600,5901.049,-1,0.005000000000109139,BACKFILL_AUTO
2026-04-15 14:45:38,1776264338,BOOM600,5901.042,-1,0.006999999999607098,BACKFILL_AUTO
2026-04-15 14:45:39,1776264339,BOOM600,5901.033,-1,0.009000000000014552,BACKFILL_AUTO
2026-04-15 14:45:40,1776264340,BOOM600,5901.027,-1,0.006000000000312866,BACKFILL_AUTO
2026-04-15 14:45:41,1776264341,BOOM600,5901.007,-1,0.020000000000436557,BACKFILL_AUTO
2026-04-15 14:45:42,1776264342,BOOM600,5901.002,-1,0.004999999999199645,BACKFILL_AUTO
2026-04-15 14:45:43,1776264343,BOOM600,5900.994,-1,0.00800000000072032,BACKFILL_AUTO
2026-04-15 14:45:44,1776264344,BOOM600,5900.986,-1,0.007999999999810825,BACKFILL_AUTO
2026-04-15 14:45:45,1776264345,BOOM600,5900.969,-1,0.016999999999825377,BACKFILL_AUTO
2026-04-15 14:45:46,1776264346,BOOM600,5900.959,-1,0.010000000000218279,BACKFILL_AUTO
2026-04-15 14:45:47,1776264347,BOOM600,5900.956,-1,0.0029999999997016857,BACKFILL_AUTO
2026-04-15 14:45:48,1776264348,BOOM600,5900.953,-1,0.0029999999997016857,BACKFILL_AUTO
2026-04-15 14:45:49,1776264349,BOOM600,5900.947,-1,0.006000000000312866,BACKFILL_AUTO
2026-04-15 14:45:50,1776264350,BOOM600,5900.937,-1,0.010000000000218279,BACKFILL_AUTO
2026-04-15 14:45:51,1776264351,BOOM600,5900.933,-1,0.0039999999999054126,BACKFILL_AUTO
2026-04-15 14:45:52,1776264352,BOOM600,5900.933,0,0.0,BACKFILL_AUTO
2026-04-15 14:45:53,1776264353,BOOM600,5900.925,-1,0.007999999999810825,BACKFILL_AUTO
2026-04-15 14:45:54,1776264354,BOOM600,5900.915,-1,0.010000000000218279,BACKFILL_AUTO
2026-04-15 14:45:55,1776264355,BOOM600,5900.913,-1,0.0020000000004074536,BACKFILL_AUTO
2026-04-15 14:45:56,1776264356,BOOM600,5900.912,-1,0.0009999999992942321,BACKFILL_AUTO
2026-04-15 14:45:57,1776264357,BOOM600,5900.9,-1,0.012000000000625732,BACKFILL_AUTO
2026-04-15 14:45:58,1776264358,BOOM600,5900.88,-1,0.019999999999527063,BACKFILL_AUTO
2026-04-15 14:45:59,1776264359,BOOM600,5900.857,-1,0.023000000000138243,BACKFILL_AUTO
2026-04-15 14:46:00,1776264360,BOOM600,5900.843,-1,0.014000000000123691,BACKFILL_AUTO
2026-04-15 14:46:01,1776264361,BOOM600,5900.825,-1,0.018000000000029104,BACKFILL_AUTO
2026-04-15 14:46:02,1776264362,BOOM600,5900.823,-1,0.001999999999497959,BACKFILL_AUTO
2026-04-15 14:46:03,1776264363,BOOM600,5900.819,-1,0.0039999999999054126,BACKFILL_AUTO
2026-04-15 14:46:04,1776264364,BOOM600,5900.81,-1,0.009000000000014552,BACKFILL_AUTO
2026-04-15 14:46:05,1776264365,BOOM600,5900.806,-1,0.004000000000814907,BACKFILL_AUTO
2026-04-15 14:46:06,1776264366,BOOM600,5900.803,-1,0.0029999999997016857,BACKFILL_AUTO
2026-04-15 14:46:07,1776264367,BOOM600,5900.798,-1,0.005000000000109139,BACKFILL_AUTO
2026-04-15 14:46:08,1776264368,BOOM600,5900.78,-1,0.018000000000029104,BACKFILL_AUTO
2026-04-15 14:46:09,1776264369,BOOM600,5900.769,-1,0.01099999999951251,BACKFILL_AUTO
2026-04-15 14:46:10,1776264370,BOOM600,5900.762,-1,0.007000000000516593,BACKFILL_AUTO
2026-04-15 14:46:11,1776264371,BOOM600,5900.744,-1,0.018000000000029104,BACKFILL_AUTO
2026-04-15 14:46:12,1776264372,BOOM600,5900.741,-1,0.0029999999997016857,BACKFILL_AUTO
2026-04-15 14:46:13,1776264373,BOOM600,5900.726,-1,0.015000000000327418,BACKFILL_AUTO
2026-04-15 14:46:14,1776264374,BOOM600,5900.703,-1,0.02299999999922875,BACKFILL_AUTO
2026-04-15 14:46:15,1776264375,BOOM600,5900.7,-1,0.0030000000006111804,BACKFILL_AUTO
2026-04-15 14:46:16,1776264376,BOOM600,5900.695,-1,0.005000000000109139,BACKFILL_AUTO
2026-04-15 14:46:17,1776264377,BOOM600,5900.682,-1,0.012999999999919964,BACKFILL_AUTO
2026-04-15 14:46:18,1776264378,BOOM600,5900.681,-1,0.0010000000002037268,BACKFILL_AUTO
2026-04-15 14:46:19,1776264379,BOOM600,5900.68,-1,0.0009999999992942321,BACKFILL_AUTO
2026-04-15 14:46:20,1776264380,BOOM600,5900.672,-1,0.00800000000072032,BACKFILL_AUTO
2026-04-15 14:46:21,1776264381,BOOM600,5900.665,-1,0.006999999999607098,BACKFILL_AUTO
2026-04-15 14:46:22,1776264382,BOOM600,5900.656,-1,0.009000000000014552,BACKFILL_AUTO
2026-04-15 14:46:23,1776264383,BOOM600,5900.655,-1,0.0010000000002037268,BACKFILL_AUTO
2026-04-15 14:46:24,1776264384,BOOM600,5900.653,-1,0.001999999999497959,BACKFILL_AUTO
2026-04-15 14:46:25,1776264385,BOOM600,5900.644,-1,0.009000000000014552,BACKFILL_AUTO
2026-04-15 14:46:26,1776264386,BOOM600,5900.63,-1,0.014000000000123691,BACKFILL_AUTO
2026-04-15 14:46:27,1776264387,BOOM600,5900.628,-1,0.0020000000004074536,BACKFILL_AUTO
2026-04-15 14:46:28,1776264388,BOOM600,5900.598,-1,0.02999999999974534,BACKFILL_AUTO
2026-04-15 14:46:29,1776264389,BOOM600,5900.592,-1,0.006000000000312866,BACKFILL_AUTO
2026-04-15 14:46:30,1776264390,BOOM600,5900.586,-1,0.0059999999994033715,BACKFILL_AUTO
2026-04-15 14:46:31,1776264391,BOOM600,5900.578,-1,0.007999999999810825,BACKFILL_AUTO
2026-04-15 14:46:32,1776264392,BOOM600,5900.566,-1,0.012000000000625732,BACKFILL_AUTO
2026-04-15 14:46:33,1776264393,BOOM600,5900.553,-1,0.012999999999919964,BACKFILL_AUTO
2026-04-15 14:46:34,1776264394,BOOM600,5900.548,-1,0.005000000000109139,BACKFILL_AUTO
2026-04-15 14:46:35,1776264395,BOOM600,5900.546,-1,0.001999999999497959,BACKFILL_AUTO
2026-04-15 14:46:36,1776264396,BOOM600,5900.536,-1,0.010000000000218279,BACKFILL_AUTO
2026-04-15 14:46:37,1776264397,BOOM600,5900.523,-1,0.012999999999919964,BACKFILL_AUTO
2026-04-15 14:46:38,1776264398,BOOM600,5900.509,-1,0.014000000000123691,BACKFILL_AUTO
2026-04-15 14:46:39,1776264399,BOOM600,5900.498,-1,0.011000000000422006,BACKFILL_AUTO
2026-04-15 14:46:40,1776264400,BOOM600,5900.483,-1,0.014999999999417923,BACKFILL_AUTO
2026-04-15 14:46:41,1776264401,BOOM600,5900.475,-1,0.007999999999810825,BACKFILL_AUTO
2026-04-15 14:46:42,1776264402,BOOM600,5900.471,-1,0.004000000000814907,BACKFILL_AUTO
2026-04-15 14:46:43,1776264403,BOOM600,5900.469,-1,0.001999999999497959,BACKFILL_AUTO
2026-04-15 14:46:44,1776264404,BOOM600,5900.466,-1,0.0029999999997016857,BACKFILL_AUTO
2026-04-15 14:46:45,1776264405,BOOM600,5900.461,-1,0.005000000000109139,BACKFILL_AUTO
2026-04-15 14:46:46,1776264406,BOOM600,5900.461,0,0.0,BACKFILL_AUTO
2026-04-15 14:46:47,1776264407,BOOM600,5900.451,-1,0.010000000000218279,BACKFILL_AUTO
2026-04-15 14:46:48,1776264408,BOOM600,5900.431,-1,0.020000000000436557,BACKFILL_AUTO
2026-04-15 14:46:49,1776264409,BOOM600,5900.425,-1,0.0059999999994033715,BACKFILL_AUTO
2026-04-15 14:46:50,1776264410,BOOM600,5900.421,-1,0.0039999999999054126,BACKFILL_AUTO
2026-04-15 14:46:51,1776264411,BOOM600,5900.402,-1,0.01900000000023283,BACKFILL_AUTO
2026-04-15 14:46:52,1776264412,BOOM600,5900.399,-1,0.0029999999997016857,BACKFILL_AUTO
2026-04-15 14:46:53,1776264413,BOOM600,5900.38,-1,0.01900000000023283,BACKFILL_AUTO
2026-04-15 14:46:54,1776264414,BOOM600,5900.37,-1,0.010000000000218279,BACKFILL_AUTO
2026-04-15 14:46:55,1776264415,BOOM600,5900.365,-1,0.005000000000109139,BACKFILL_AUTO
2026-04-15 14:46:56,1776264416,BOOM600,5900.36,-1,0.005000000000109139,BACKFILL_AUTO
2026-04-15 14:46:57,1776264417,BOOM600,5900.352,-1,0.007999999999810825,BACKFILL_AUTO
2026-04-15 14:46:58,1776264418,BOOM600,5900.345,-1,0.006999999999607098,BACKFILL_AUTO
2026-04-15 14:46:59,1776264419,BOOM600,5900.336,-1,0.009000000000014552,BACKFILL_AUTO
2026-04-15 14:47:00,1776264420,BOOM600,5900.325,-1,0.011000000000422006,BACKFILL_AUTO
2026-04-15 14:47:01,1776264421,BOOM600,5900.31,-1,0.014999999999417923,BACKFILL_AUTO
2026-04-15 14:47:02,1776264422,BOOM600,5900.3,-1,0.010000000000218279,BACKFILL_AUTO
2026-04-15 14:47:03,1776264423,BOOM600,5900.299,-1,0.0010000000002037268,BACKFILL_AUTO
2026-04-15 14:47:04,1776264424,BOOM600,5900.291,-1,0.007999999999810825,BACKFILL_AUTO
2026-04-15 14:47:05,1776264425,BOOM600,5900.282,-1,0.009000000000014552,BACKFILL_AUTO
2026-04-15 14:47:06,1776264426,BOOM600,5900.281,-1,0.0010000000002037268,BACKFILL_AUTO
2026-04-15 14:47:07,1776264427,BOOM600,5900.278,-1,0.0029999999997016857,BACKFILL_AUTO
2026-04-15 14:47:08,1776264428,BOOM600,5900.267,-1,0.011000000000422006,BACKFILL_AUTO
2026-04-15 14:47:09,1776264429,BOOM600,5900.258,-1,0.009000000000014552,BACKFILL_AUTO
2026-04-15 14:47:10,1776264430,BOOM600,5900.227,-1,0.03099999999994907,BACKFILL_AUTO
2026-04-15 14:47:11,1776264431,BOOM600,5900.216,-1,0.01099999999951251,BACKFILL_AUTO
2026-04-15 14:47:12,1776264432,BOOM600,5900.205,-1,0.011000000000422006,BACKFILL_AUTO
2026-04-15 14:47:13,1776264433,BOOM600,5900.197,-1,0.007999999999810825,BACKFILL_AUTO
2026-04-15 14:47:14,1776264434,BOOM600,5900.191,-1,0.006000000000312866,BACKFILL_AUTO
2026-04-15 14:47:15,1776264435,BOOM600,5900.189,-1,0.001999999999497959,BACKFILL_AUTO
2026-04-15 14:47:16,1776264436,BOOM600,5900.173,-1,0.016000000000531145,BACKFILL_AUTO
2026-04-15 14:47:17,1776264437,BOOM600,5900.165,-1,0.007999999999810825,BACKFILL_AUTO
2026-04-15 14:47:18,1776264438,BOOM600,5900.159,-1,0.006000000000312866,BACKFILL_AUTO
2026-04-15 14:47:19,1776264439,BOOM600,5900.158,-1,0.0009999999992942321,BACKFILL_AUTO
2026-04-15 14:47:20,1776264440,BOOM600,5900.156,-1,0.0020000000004074536,BACKFILL_AUTO
2026-04-15 14:47:21,1776264441,BOOM600,5900.138,-1,0.018000000000029104,BACKFILL_AUTO
2026-04-15 14:47:22,1776264442,BOOM600,5900.131,-1,0.006999999999607098,BACKFILL_AUTO
2026-04-15 14:47:23,1776264443,BOOM600,5900.13,-1,0.0010000000002037268,BACKFILL_AUTO
2026-04-15 14:47:24,1776264444,BOOM600,5900.123,-1,0.007000000000516593,BACKFILL_AUTO
2026-04-15 14:47:25,1776264445,BOOM600,5900.117,-1,0.0059999999994033715,BACKFILL_AUTO
2026-04-15 14:47:26,1776264446,BOOM600,5900.108,-1,0.009000000000014552,BACKFILL_AUTO
2026-04-15 14:47:27,1776264447,BOOM600,5900.094,-1,0.014000000000123691,BACKFILL_AUTO
2026-04-15 14:47:28,1776264448,BOOM600,5900.086,-1,0.007999999999810825,BACKFILL_AUTO
2026-04-15 14:47:29,1776264449,BOOM600,5900.062,-1,0.02400000000034197,BACKFILL_AUTO
2026-04-15 14:47:30,1776264450,BOOM600,5900.051,-1,0.01099999999951251,BACKFILL_AUTO
2026-04-15 14:47:31,1776264451,BOOM600,5900.045,-1,0.006000000000312866,BACKFILL_AUTO
2026-04-15 14:47:32,1776264452,BOOM600,5900.038,-1,0.007000000000516593,BACKFILL_AUTO
2026-04-15 14:47:33,1776264453,BOOM600,5900.022,-1,0.01599999999962165,BACKFILL_AUTO
2026-04-15 14:47:34,1776264454,BOOM600,5900.019,-1,0.0029999999997016857,BACKFILL_AUTO
2026-04-15 14:47:35,1776264455,BOOM600,5900.002,-1,0.016999999999825377,BACKFILL_AUTO
2026-04-15 14:47:36,1776264456,BOOM600,5899.986,-1,0.016000000000531145,BACKFILL_AUTO
2026-04-15 14:47:37,1776264457,BOOM600,5899.977,-1,0.009000000000014552,BACKFILL_AUTO
2026-04-15 14:47:38,1776264458,BOOM600,5899.963,-1,0.014000000000123691,BACKFILL_AUTO
2026-04-15 14:47:39,1776264459,BOOM600,5899.961,-1,0.001999999999497959,BACKFILL_AUTO
2026-04-15 14:47:40,1776264460,BOOM600,5899.953,-1,0.007999999999810825,BACKFILL_AUTO
2026-04-15 14:47:41,1776264461,BOOM600,5899.946,-1,0.007000000000516593,BACKFILL_AUTO
2026-04-15 14:47:42,1776264462,BOOM600,5899.945,-1,0.0010000000002037268,BACKFILL_AUTO
2026-04-15 14:47:43,1776264463,BOOM600,5899.94,-1,0.005000000000109139,BACKFILL_AUTO
2026-04-15 14:47:44,1776264464,BOOM600,5899.93,-1,0.009999999999308784,BACKFILL_AUTO
2026-04-15 14:47:45,1776264465,BOOM600,5899.918,-1,0.012000000000625732,BACKFILL_AUTO
2026-04-15 14:47:46,1776264466,BOOM600,5899.895,-1,0.02299999999922875,BACKFILL_AUTO
2026-04-15 14:47:47,1776264467,BOOM600,5899.877,-1,0.018000000000029104,BACKFILL_AUTO
2026-04-15 14:47:48,1776264468,BOOM600,5899.865,-1,0.012000000000625732,BACKFILL_AUTO
2026-04-15 14:47:49,1776264469,BOOM600,5899.861,-1,0.0039999999999054126,BACKFILL_AUTO
2026-04-15 14:47:50,1776264470,BOOM600,5899.856,-1,0.005000000000109139,BACKFILL_AUTO
2026-04-15 14:47:51,1776264471,BOOM600,5899.844,-1,0.011999999999716238,BACKFILL_AUTO
2026-04-15 14:47:52,1776264472,BOOM600,5899.831,-1,0.012999999999919964,BACKFILL_AUTO
2026-04-15 14:47:53,1776264473,BOOM600,5899.819,-1,0.011999999999716238,BACKFILL_AUTO
2026-04-15 14:47:54,1776264474,BOOM600,5899.809,-1,0.010000000000218279,BACKFILL_AUTO
2026-04-15 14:47:55,1776264475,BOOM600,5899.804,-1,0.005000000000109139,BACKFILL_AUTO
2026-04-15 14:47:56,1776264476,BOOM600,5899.799,-1,0.005000000000109139,BACKFILL_AUTO
2026-04-15 14:47:57,1776264477,BOOM600,5899.784,-1,0.015000000000327418,BACKFILL_AUTO
2026-04-15 14:47:58,1776264478,BOOM600,5899.779,-1,0.004999999999199645,BACKFILL_AUTO
2026-04-15 14:47:59,1776264479,BOOM600,5899.77,-1,0.009000000000014552,BACKFILL_AUTO
2026-04-15 14:48:00,1776264480,BOOM600,5899.762,-1,0.00800000000072032,BACKFILL_AUTO
2026-04-15 14:48:01,1776264481,BOOM600,5899.745,-1,0.016999999999825377,BACKFILL_AUTO
2026-04-15 14:48:02,1776264482,BOOM600,5899.739,-1,0.006000000000312866,BACKFILL_AUTO
2026-04-15 14:48:03,1776264483,BOOM600,5899.733,-1,0.0059999999994033715,BACKFILL_AUTO
2026-04-15 14:48:04,1776264484,BOOM600,5899.718,-1,0.015000000000327418,BACKFILL_AUTO
2026-04-15 14:48:05,1776264485,BOOM600,5899.711,-1,0.006999999999607098,BACKFILL_AUTO
2026-04-15 14:48:06,1776264486,BOOM600,5899.694,-1,0.016999999999825377,BACKFILL_AUTO
2026-04-15 14:48:07,1776264487,BOOM600,5899.679,-1,0.015000000000327418,BACKFILL_AUTO
2026-04-15 14:48:08,1776264488,BOOM600,5910.3,1,10.621000000000095,BACKFILL_AUTO
2026-04-15 14:48:09,1776264489,BOOM600,5910.297,-1,0.0030000000006111804,BACKFILL_AUTO
2026-04-15 14:48:10,1776264490,BOOM600,5910.284,-1,0.012999999999919964,BACKFILL_AUTO
2026-04-15 14:48:11,1776264491,BOOM600,5910.274,-1,0.009999999999308784,BACKFILL_AUTO
2026-04-15 14:48:12,1776264492,BOOM600,5910.272,-1,0.0020000000004074536,BACKFILL_AUTO
2026-04-15 14:48:13,1776264493,BOOM600,5910.258,-1,0.014000000000123691,BACKFILL_AUTO
2026-04-15 14:48:14,1776264494,BOOM600,5910.257,-1,0.0010000000002037268,BACKFILL_AUTO
2026-04-15 14:48:15,1776264495,BOOM600,5910.252,-1,0.004999999999199645,BACKFILL_AUTO
2026-04-15 14:48:16,1776264496,BOOM600,5910.241,-1,0.011000000000422006,BACKFILL_AUTO
2026-04-15 14:48:17,1776264497,BOOM600,5910.235,-1,0.006000000000312866,BACKFILL_AUTO
2026-04-15 14:48:18,1776264498,BOOM600,5910.211,-1,0.023999999999432475,BACKFILL_AUTO
2026-04-15 14:48:19,1776264499,BOOM600,5910.201,-1,0.010000000000218279,BACKFILL_AUTO
2026-04-15 14:48:20,1776264500,BOOM600,5910.192,-1,0.009000000000014552,BACKFILL_AUTO
2026-04-15 14:48:21,1776264501,BOOM600,5910.173,-1,0.01900000000023283,BACKFILL_AUTO
2026-04-15 14:48:22,1776264502,BOOM600,5910.159,-1,0.014000000000123691,BACKFILL_AUTO
2026-04-15 14:48:23,1776264503,BOOM600,5910.156,-1,0.0029999999997016857,BACKFILL_AUTO
2026-04-15 14:48:24,1776264504,BOOM600,5910.135,-1,0.02099999999973079,BACKFILL_AUTO
2026-04-15 14:48:25,1776264505,BOOM600,5910.118,-1,0.016999999999825377,BACKFILL_AUTO
2026-04-15 14:48:26,1776264506,BOOM600,5910.092,-1,0.026000000000749424,BACKFILL_AUTO
2026-04-15 14:48:27,1776264507,BOOM600,5910.079,-1,0.012999999999919964,BACKFILL_AUTO
2026-04-15 14:48:28,1776264508,BOOM600,5910.057,-1,0.021999999999934516,BACKFILL_AUTO
2026-04-15 14:48:29,1776264509,BOOM600,5910.055,-1,0.001999999999497959,BACKFILL_AUTO
2026-04-15 14:48:30,1776264510,BOOM600,5910.049,-1,0.006000000000312866,BACKFILL_AUTO
2026-04-15 14:48:31,1776264511,BOOM600,5910.045,-1,0.0039999999999054126,BACKFILL_AUTO
2026-04-15 14:48:32,1776264512,BOOM600,5910.043,-1,0.0020000000004074536,BACKFILL_AUTO
2026-04-15 14:48:33,1776264513,BOOM600,5910.032,-1,0.01099999999951251,BACKFILL_AUTO
2026-04-15 14:48:34,1776264514,BOOM600,5910.017,-1,0.015000000000327418,BACKFILL_AUTO
2026-04-15 14:48:35,1776264515,BOOM600,5910.016,-1,0.0010000000002037268,BACKFILL_AUTO
2026-04-15 14:48:36,1776264516,BOOM600,5910.005,-1,0.01099999999951251,BACKFILL_AUTO
2026-04-15 14:48:37,1776264517,BOOM600,5909.983,-1,0.021999999999934516,BACKFILL_AUTO
2026-04-15 14:48:38,1776264518,BOOM600,5909.981,-1,0.0020000000004074536,BACKFILL_AUTO
2026-04-15 14:48:39,1776264519,BOOM600,5909.975,-1,0.0059999999994033715,BACKFILL_AUTO
2026-04-15 14:48:40,1776264520,BOOM600,5909.969,-1,0.006000000000312866,BACKFILL_AUTO
2026-04-15 14:48:41,1776264521,BOOM600,5909.961,-1,0.007999999999810825,BACKFILL_AUTO
2026-04-15 14:48:42,1776264522,BOOM600,5909.96,-1,0.0010000000002037268,BACKFILL_AUTO
2026-04-15 14:48:43,1776264523,BOOM600,5909.944,-1,0.01599999999962165,BACKFILL_AUTO
2026-04-15 14:48:44,1776264524,BOOM600,5909.943,-1,0.0010000000002037268,BACKFILL_AUTO
2026-04-15 14:48:45,1776264525,BOOM600,5909.931,-1,0.012000000000625732,BACKFILL_AUTO
2026-04-15 14:48:46,1776264526,BOOM600,5909.916,-1,0.014999999999417923,BACKFILL_AUTO
2026-04-15 14:48:47,1776264527,BOOM600,5909.9,-1,0.016000000000531145,BACKFILL_AUTO
2026-04-15 14:48:48,1776264528,BOOM600,5909.896,-1,0.0039999999999054126,BACKFILL_AUTO
2026-04-15 14:48:49,1776264529,BOOM600,5909.875,-1,0.02099999999973079,BACKFILL_AUTO
2026-04-15 14:48:50,1776264530,BOOM600,5909.866,-1,0.009000000000014552,BACKFILL_AUTO
2026-04-15 14:48:51,1776264531,BOOM600,5909.859,-1,0.006999999999607098,BACKFILL_AUTO
2026-04-15 14:48:52,1776264532,BOOM600,5909.855,-1,0.004000000000814907,BACKFILL_AUTO
2026-04-15 14:48:53,1776264533,BOOM600,5909.843,-1,0.011999999999716238,BACKFILL_AUTO
2026-04-15 14:48:54,1776264534,BOOM600,5909.827,-1,0.01599999999962165,BACKFILL_AUTO
2026-04-15 14:48:55,1776264535,BOOM600,5909.818,-1,0.009000000000014552,BACKFILL_AUTO
2026-04-15 14:48:56,1776264536,BOOM600,5909.817,-1,0.0010000000002037268,BACKFILL_AUTO
2026-04-15 14:48:57,1776264537,BOOM600,5909.81,-1,0.006999999999607098,BACKFILL_AUTO
2026-04-15 14:48:58,1776264538,BOOM600,5909.804,-1,0.006000000000312866,BACKFILL_AUTO
2026-04-15 14:48:59,1776264539,BOOM600,5909.794,-1,0.010000000000218279,BACKFILL_AUTO
2026-04-15 14:49:00,1776264540,BOOM600,5909.774,-1,0.019999999999527063,BACKFILL_AUTO
2026-04-15 14:49:01,1776264541,BOOM600,5909.768,-1,0.006000000000312866,BACKFILL_AUTO
2026-04-15 14:49:02,1776264542,BOOM600,5909.768,0,0.0,BACKFILL_AUTO
2026-04-15 14:49:03,1776264543,BOOM600,5909.764,-1,0.0039999999999054126,BACKFILL_AUTO
2026-04-15 14:49:04,1776264544,BOOM600,5909.762,-1,0.0020000000004074536,BACKFILL_AUTO
2026-04-15 14:49:05,1776264545,BOOM600,5909.76,-1,0.001999999999497959,BACKFILL_AUTO
2026-04-15 14:49:06,1776264546,BOOM600,5909.744,-1,0.016000000000531145,BACKFILL_AUTO
2026-04-15 14:49:07,1776264547,BOOM600,5909.737,-1,0.006999999999607098,BACKFILL_AUTO
2026-04-15 14:49:08,1776264548,BOOM600,5909.718,-1,0.01900000000023283,BACKFILL_AUTO
2026-04-15 14:49:09,1776264549,BOOM600,5909.718,0,0.0,BACKFILL_AUTO
2026-04-15 14:49:10,1776264550,BOOM600,5909.707,-1,0.01099999999951251,BACKFILL_AUTO
2026-04-15 14:49:11,1776264551,BOOM600,5909.694,-1,0.012999999999919964,BACKFILL_AUTO
2026-04-15 14:49:12,1776264552,BOOM600,5909.684,-1,0.010000000000218279,BACKFILL_AUTO
2026-04-15 14:49:13,1776264553,BOOM600,5909.673,-1,0.011000000000422006,BACKFILL_AUTO
2026-04-15 14:49:14,1776264554,BOOM600,5909.659,-1,0.014000000000123691,BACKFILL_AUTO
2026-04-15 14:49:15,1776264555,BOOM600,5909.655,-1,0.0039999999999054126,BACKFILL_AUTO
2026-04-15 14:49:16,1776264556,BOOM600,5909.628,-1,0.027000000000043656,BACKFILL_AUTO
2026-04-15 14:49:17,1776264557,BOOM600,5909.614,-1,0.014000000000123691,BACKFILL_AUTO
2026-04-15 14:49:18,1776264558,BOOM600,5909.611,-1,0.0029999999997016857,BACKFILL_AUTO
2026-04-15 14:49:19,1776264559,BOOM600,5909.605,-1,0.006000000000312866,BACKFILL_AUTO
2026-04-15 14:49:20,1776264560,BOOM600,5909.592,-1,0.012999999999919964,BACKFILL_AUTO
2026-04-15 14:49:21,1776264561,BOOM600,5909.584,-1,0.007999999999810825,BACKFILL_AUTO
2026-04-15 14:49:22,1776264562,BOOM600,5909.576,-1,0.007999999999810825,BACKFILL_AUTO
2026-04-15 14:49:23,1776264563,BOOM600,5909.575,-1,0.0010000000002037268,BACKFILL_AUTO
2026-04-15 14:49:24,1776264564,BOOM600,5909.546,-1,0.028999999999541615,BACKFILL_AUTO
2026-04-15 14:49:25,1776264565,BOOM600,5909.539,-1,0.007000000000516593,BACKFILL_AUTO
2026-04-15 14:49:26,1776264566,BOOM600,5909.535,-1,0.0039999999999054126,BACKFILL_AUTO
2026-04-15 14:49:27,1776264567,BOOM600,5909.532,-1,0.0029999999997016857,BACKFILL_AUTO
2026-04-15 14:49:28,1776264568,BOOM600,5909.51,-1,0.021999999999934516,BACKFILL_AUTO
2026-04-15 14:49:29,1776264569,BOOM600,5909.495,-1,0.015000000000327418,BACKFILL_AUTO
2026-04-15 14:49:30,1776264570,BOOM600,5909.48,-1,0.015000000000327418,BACKFILL_AUTO
2026-04-15 14:49:31,1776264571,BOOM600,5909.474,-1,0.0059999999994033715,BACKFILL_AUTO
2026-04-15 14:49:32,1776264572,BOOM600,5909.458,-1,0.016000000000531145,BACKFILL_AUTO
2026-04-15 14:49:33,1776264573,BOOM600,5909.457,-1,0.0009999999992942321,BACKFILL_AUTO
2026-04-15 14:49:34,1776264574,BOOM600,5909.45,-1,0.007000000000516593,BACKFILL_AUTO
2026-04-15 14:49:35,1776264575,BOOM600,5909.441,-1,0.009000000000014552,BACKFILL_AUTO
2026-04-15 14:49:36,1776264576,BOOM600,5909.435,-1,0.0059999999994033715,BACKFILL_AUTO
2026-04-15 14:49:37,1776264577,BOOM600,5909.428,-1,0.007000000000516593,BACKFILL_AUTO
2026-04-15 14:49:38,1776264578,BOOM600,5909.422,-1,0.006000000000312866,BACKFILL_AUTO
2026-04-15 14:49:39,1776264579,BOOM600,5909.4,-1,0.021999999999934516,BACKFILL_AUTO
2026-04-15 14:49:40,1776264580,BOOM600,5909.382,-1,0.018000000000029104,BACKFILL_AUTO
2026-04-15 14:49:41,1776264581,BOOM600,5909.365,-1,0.016999999999825377,BACKFILL_AUTO
2026-04-15 14:49:42,1776264582,BOOM600,5909.353,-1,0.011999999999716238,BACKFILL_AUTO
2026-04-15 14:49:43,1776264583,BOOM600,5909.335,-1,0.018000000000029104,BACKFILL_AUTO
2026-04-15 14:49:44,1776264584,BOOM600,5909.331,-1,0.0039999999999054126,BACKFILL_AUTO
2026-04-15 14:49:45,1776264585,BOOM600,5909.33,-1,0.0010000000002037268,BACKFILL_AUTO
2026-04-15 14:49:46,1776264586,BOOM600,5909.317,-1,0.012999999999919964,BACKFILL_AUTO
2026-04-15 14:49:47,1776264587,BOOM600,5909.311,-1,0.006000000000312866,BACKFILL_AUTO
2026-04-15 14:49:48,1776264588,BOOM600,5909.304,-1,0.006999999999607098,BACKFILL_AUTO
2026-04-15 14:49:49,1776264589,BOOM600,5909.293,-1,0.011000000000422006,BACKFILL_AUTO
2026-04-15 14:49:50,1776264590,BOOM600,5909.285,-1,0.007999999999810825,BACKFILL_AUTO
2026-04-15 14:49:51,1776264591,BOOM600,5909.262,-1,0.023000000000138243,BACKFILL_AUTO
2026-04-15 14:49:52,1776264592,BOOM600,5909.25,-1,0.011999999999716238,BACKFILL_AUTO
2026-04-15 14:49:53,1776264593,BOOM600,5909.229,-1,0.02099999999973079,BACKFILL_AUTO
2026-04-15 14:49:54,1776264594,BOOM600,5909.21,-1,0.01900000000023283,BACKFILL_AUTO
2026-04-15 14:49:55,1776264595,BOOM600,5909.194,-1,0.01599999999962165,BACKFILL_AUTO
2026-04-15 14:49:56,1776264596,BOOM600,5909.193,-1,0.0010000000002037268,BACKFILL_AUTO
2026-04-15 14:49:57,1776264597,BOOM600,5909.169,-1,0.02400000000034197,BACKFILL_AUTO
2026-04-15 14:49:58,1776264598,BOOM600,5909.157,-1,0.011999999999716238,BACKFILL_AUTO
2026-04-15 14:49:59,1776264599,BOOM600,5909.138,-1,0.01900000000023283,BACKFILL_AUTO
2026-04-15 14:50:00,1776264600,BOOM600,5909.131,-1,0.006999999999607098,BACKFILL_AUTO
2026-04-15 14:50:01,1776264601,BOOM600,5909.122,-1,0.009000000000014552,BACKFILL_AUTO
2026-04-15 14:50:02,1776264602,BOOM600,5909.093,-1,0.02900000000045111,BACKFILL_AUTO
2026-04-15 14:50:03,1776264603,BOOM600,5909.081,-1,0.011999999999716238,BACKFILL_AUTO
2026-04-15 14:50:04,1776264604,BOOM600,5909.075,-1,0.006000000000312866,BACKFILL_AUTO
2026-04-15 14:50:05,1776264605,BOOM600,5909.065,-1,0.010000000000218279,BACKFILL_AUTO
2026-04-15 14:50:06,1776264606,BOOM600,5909.059,-1,0.0059999999994033715,BACKFILL_AUTO
2026-04-15 14:50:07,1776264607,BOOM600,5909.054,-1,0.005000000000109139,BACKFILL_AUTO
2026-04-15 14:50:08,1776264608,BOOM600,5909.05,-1,0.0039999999999054126,BACKFILL_AUTO
2026-04-15 14:50:09,1776264609,BOOM600,5909.033,-1,0.016999999999825377,BACKFILL_AUTO
2026-04-15 14:50:10,1776264610,BOOM600,5909.025,-1,0.00800000000072032,BACKFILL_AUTO
2026-04-15 14:50:11,1776264611,BOOM600,5909.019,-1,0.0059999999994033715,BACKFILL_AUTO
2026-04-15 14:50:12,1776264612,BOOM600,5909.016,-1,0.0030000000006111804,BACKFILL_AUTO
2026-04-15 14:50:13,1776264613,BOOM600,5909.007,-1,0.009000000000014552,BACKFILL_AUTO
2026-04-15 14:50:14,1776264614,BOOM600,5908.994,-1,0.012999999999919964,BACKFILL_AUTO
2026-04-15 14:50:15,1776264615,BOOM600,5908.985,-1,0.009000000000014552,BACKFILL_AUTO
2026-04-15 14:50:16,1776264616,BOOM600,5908.971,-1,0.014000000000123691,BACKFILL_AUTO
2026-04-15 14:50:17,1776264617,BOOM600,5908.967,-1,0.0039999999999054126,BACKFILL_AUTO
2026-04-15 14:50:18,1776264618,BOOM600,5908.965,-1,0.001999999999497959,BACKFILL_AUTO
2026-04-15 14:50:19,1776264619,BOOM600,5908.953,-1,0.011999999999716238,BACKFILL_AUTO
2026-04-15 14:50:20,1776264620,BOOM600,5908.949,-1,0.004000000000814907,BACKFILL_AUTO
2026-04-15 14:50:21,1776264621,BOOM600,5908.936,-1,0.012999999999919964,BACKFILL_AUTO
2026-04-15 14:50:22,1776264622,BOOM600,5908.935,-1,0.0009999999992942321,BACKFILL_AUTO
2026-04-15 14:50:23,1776264623,BOOM600,5908.933,-1,0.0020000000004074536,BACKFILL_AUTO
2026-04-15 14:50:24,1776264624,BOOM600,5908.92,-1,0.012999999999919964,BACKFILL_AUTO
2026-04-15 14:50:25,1776264625,BOOM600,5908.917,-1,0.0029999999997016857,BACKFILL_AUTO
2026-04-15 14:50:26,1776264626,BOOM600,5908.909,-1,0.00800000000072032,BACKFILL_AUTO
2026-04-15 14:50:27,1776264627,BOOM600,5908.902,-1,0.006999999999607098,BACKFILL_AUTO
2026-04-15 14:50:28,1776264628,BOOM600,5908.885,-1,0.016999999999825377,BACKFILL_AUTO
2026-04-15 14:50:29,1776264629,BOOM600,5908.883,-1,0.0020000000004074536,BACKFILL_AUTO
2026-04-15 14:50:30,1776264630,BOOM600,5908.874,-1,0.009000000000014552,BACKFILL_AUTO
2026-04-15 14:50:31,1776264631,BOOM600,5908.864,-1,0.010000000000218279,BACKFILL_AUTO
2026-04-15 14:50:32,1776264632,BOOM600,5908.853,-1,0.01099999999951251,BACKFILL_AUTO
2026-04-15 14:50:33,1776264633,BOOM600,5908.834,-1,0.01900000000023283,BACKFILL_AUTO
2026-04-15 14:50:34,1776264634,BOOM600,5908.83,-1,0.0039999999999054126,BACKFILL_AUTO
2026-04-15 14:50:35,1776264635,BOOM600,5908.817,-1,0.012999999999919964,BACKFILL_AUTO
2026-04-15 14:50:36,1776264636,BOOM600,5908.789,-1,0.028000000000247383,BACKFILL_AUTO
2026-04-15 14:50:37,1776264637,BOOM600,5908.789,0,0.0,BACKFILL_AUTO
2026-04-15 14:50:38,1776264638,BOOM600,5908.779,-1,0.009999999999308784,BACKFILL_AUTO
2026-04-15 14:50:39,1776264639,BOOM600,5908.762,-1,0.01700000000073487,BACKFILL_AUTO
2026-04-15 14:50:40,1776264640,BOOM600,5908.75,-1,0.011999999999716238,BACKFILL_AUTO
2026-04-15 14:50:41,1776264641,BOOM600,5908.741,-1,0.009000000000014552,BACKFILL_AUTO
2026-04-15 14:50:42,1776264642,BOOM600,5908.732,-1,0.009000000000014552,BACKFILL_AUTO
2026-04-15 14:50:43,1776264643,BOOM600,5908.728,-1,0.0039999999999054126,BACKFILL_AUTO
2026-04-15 14:50:44,1776264644,BOOM600,5908.713,-1,0.015000000000327418,BACKFILL_AUTO
2026-04-15 14:50:45,1776264645,BOOM600,5908.713,0,0.0,BACKFILL_AUTO
2026-04-15 14:50:46,1776264646,BOOM600,5908.694,-1,0.018999999999323336,BACKFILL_AUTO
2026-04-15 14:50:47,1776264647,BOOM600,5908.689,-1,0.005000000000109139,BACKFILL_AUTO
2026-04-15 14:50:48,1776264648,BOOM600,5908.673,-1,0.016000000000531145,BACKFILL_AUTO
2026-04-15 14:50:49,1776264649,BOOM600,5908.668,-1,0.005000000000109139,BACKFILL_AUTO
2026-04-15 14:50:50,1776264650,BOOM600,5908.656,-1,0.011999999999716238,BACKFILL_AUTO
2026-04-15 14:50:51,1776264651,BOOM600,5908.655,-1,0.0010000000002037268,BACKFILL_AUTO
2026-04-15 14:50:52,1776264652,BOOM600,5908.654,-1,0.0009999999992942321,BACKFILL_AUTO
2026-04-15 14:50:53,1776264653,BOOM600,5908.653,-1,0.0010000000002037268,BACKFILL_AUTO
2026-04-15 14:50:54,1776264654,BOOM600,5908.633,-1,0.020000000000436557,BACKFILL_AUTO
2026-04-15 14:50:55,1776264655,BOOM600,5908.626,-1,0.006999999999607098,BACKFILL_AUTO
2026-04-15 14:50:56,1776264656,BOOM600,5908.607,-1,0.01900000000023283,BACKFILL_AUTO
2026-04-15 14:50:57,1776264657,BOOM600,5908.604,-1,0.0029999999997016857,BACKFILL_AUTO
2026-04-15 14:50:58,1776264658,BOOM600,5908.598,-1,0.006000000000312866,BACKFILL_AUTO
2026-04-15 14:50:59,1776264659,BOOM600,5908.591,-1,0.006999999999607098,BACKFILL_AUTO
2026-04-15 14:51:00,1776264660,BOOM600,5908.589,-1,0.0020000000004074536,BACKFILL_AUTO
2026-04-15 14:51:01,1776264661,BOOM600,5908.573,-1,0.01599999999962165,BACKFILL_AUTO
2026-04-15 14:51:02,1776264662,BOOM600,5908.566,-1,0.007000000000516593,BACKFILL_AUTO
2026-04-15 14:51:03,1776264663,BOOM600,5908.56,-1,0.0059999999994033715,BACKFILL_AUTO
2026-04-15 14:51:04,1776264664,BOOM600,5908.555,-1,0.005000000000109139,BACKFILL_AUTO
2026-04-15 14:51:05,1776264665,BOOM600,5908.551,-1,0.0039999999999054126,BACKFILL_AUTO
2026-04-15 14:51:06,1776264666,BOOM600,5908.55,-1,0.0010000000002037268,BACKFILL_AUTO
2026-04-15 14:51:07,1776264667,BOOM600,5908.536,-1,0.014000000000123691,BACKFILL_AUTO
2026-04-15 14:51:08,1776264668,BOOM600,5908.533,-1,0.0029999999997016857,BACKFILL_AUTO
2026-04-15 14:51:09,1776264669,BOOM600,5908.532,-1,0.0010000000002037268,BACKFILL_AUTO
2026-04-15 14:51:10,1776264670,BOOM600,5908.524,-1,0.007999999999810825,BACKFILL_AUTO
2026-04-15 14:51:11,1776264671,BOOM600,5908.521,-1,0.0030000000006111804,BACKFILL_AUTO
2026-04-15 14:51:12,1776264672,BOOM600,5908.514,-1,0.006999999999607098,BACKFILL_AUTO
2026-04-15 14:51:13,1776264673,BOOM600,5908.509,-1,0.005000000000109139,BACKFILL_AUTO
2026-04-15 14:51:14,1776264674,BOOM600,5908.494,-1,0.015000000000327418,BACKFILL_AUTO
2026-04-15 14:51:15,1776264675,BOOM600,5908.488,-1,0.0059999999994033715,BACKFILL_AUTO
2026-04-15 14:51:16,1776264676,BOOM600,5908.476,-1,0.012000000000625732,BACKFILL_AUTO
2026-04-15 14:51:17,1776264677,BOOM600,5908.476,0,0.0,BACKFILL_AUTO
2026-04-15 14:51:18,1776264678,BOOM600,5908.47,-1,0.0059999999994033715,BACKFILL_AUTO
2026-04-15 14:51:19,1776264679,BOOM600,5908.464,-1,0.006000000000312866,BACKFILL_AUTO
2026-04-15 14:51:20,1776264680,BOOM600,5908.454,-1,0.010000000000218279,BACKFILL_AUTO
2026-04-15 14:51:21,1776264681,BOOM600,5908.452,-1,0.001999999999497959,BACKFILL_AUTO
2026-04-15 14:51:22,1776264682,BOOM600,5908.44,-1,0.012000000000625732,BACKFILL_AUTO
2026-04-15 14:51:23,1776264683,BOOM600,5908.422,-1,0.018000000000029104,BACKFILL_AUTO
2026-04-15 14:51:24,1776264684,BOOM600,5908.421,-1,0.0009999999992942321,BACKFILL_AUTO
2026-04-15 14:51:25,1776264685,BOOM600,5908.411,-1,0.010000000000218279,BACKFILL_AUTO
2026-04-15 14:51:26,1776264686,BOOM600,5908.388,-1,0.023000000000138243,BACKFILL_AUTO
2026-04-15 14:51:27,1776264687,BOOM600,5908.375,-1,0.012999999999919964,BACKFILL_AUTO
2026-04-15 14:51:28,1776264688,BOOM600,5908.365,-1,0.010000000000218279,BACKFILL_AUTO
2026-04-15 14:51:29,1776264689,BOOM600,5908.362,-1,0.0029999999997016857,BACKFILL_AUTO
2026-04-15 14:51:30,1776264690,BOOM600,5908.354,-1,0.007999999999810825,BACKFILL_AUTO
2026-04-15 14:51:31,1776264691,BOOM600,5908.349,-1,0.005000000000109139,BACKFILL_AUTO
2026-04-15 14:51:32,1776264692,BOOM600,5908.344,-1,0.005000000000109139,BACKFILL_AUTO
2026-04-15 14:51:33,1776264693,BOOM600,5908.325,-1,0.01900000000023283,BACKFILL_AUTO
2026-04-15 14:51:34,1776264694,BOOM600,5908.311,-1,0.014000000000123691,BACKFILL_AUTO
2026-04-15 14:51:35,1776264695,BOOM600,5908.305,-1,0.0059999999994033715,BACKFILL_AUTO
2026-04-15 14:51:36,1776264696,BOOM600,5908.304,-1,0.0010000000002037268,BACKFILL_AUTO
2026-04-15 14:51:37,1776264697,BOOM600,5908.3,-1,0.0039999999999054126,BACKFILL_AUTO
2026-04-15 14:51:38,1776264698,BOOM600,5908.299,-1,0.0010000000002037268,BACKFILL_AUTO
2026-04-15 14:51:39,1776264699,BOOM600,5908.297,-1,0.0020000000004074536,BACKFILL_AUTO
2026-04-15 14:51:40,1776264700,BOOM600,5908.291,-1,0.0059999999994033715,BACKFILL_AUTO
2026-04-15 14:51:41,1776264701,BOOM600,5908.281,-1,0.010000000000218279,BACKFILL_AUTO
2026-04-15 14:51:42,1776264702,BOOM600,5908.272,-1,0.009000000000014552,BACKFILL_AUTO
2026-04-15 14:51:43,1776264703,BOOM600,5908.264,-1,0.007999999999810825,BACKFILL_AUTO
2026-04-15 14:51:44,1776264704,BOOM600,5908.248,-1,0.016000000000531145,BACKFILL_AUTO
2026-04-15 14:51:45,1776264705,BOOM600,5908.239,-1,0.009000000000014552,BACKFILL_AUTO
2026-04-15 14:51:46,1776264706,BOOM600,5908.232,-1,0.006999999999607098,BACKFILL_AUTO
2026-04-15 14:51:47,1776264707,BOOM600,5908.212,-1,0.019999999999527063,BACKFILL_AUTO
2026-04-15 14:51:48,1776264708,BOOM600,5908.199,-1,0.01300000000082946,BACKFILL_AUTO
2026-04-15 14:51:49,1776264709,BOOM600,5908.185,-1,0.013999999999214197,BACKFILL_AUTO
2026-04-15 14:51:50,1776264710,BOOM600,5908.169,-1,0.016000000000531145,BACKFILL_AUTO
2026-04-15 14:51:51,1776264711,BOOM600,5908.16,-1,0.009000000000014552,BACKFILL_AUTO
2026-04-15 14:51:52,1776264712,BOOM600,5908.14,-1,0.019999999999527063,BACKFILL_AUTO
2026-04-15 14:51:53,1776264713,BOOM600,5908.128,-1,0.012000000000625732,BACKFILL_AUTO
2026-04-15 14:51:54,1776264714,BOOM600,5908.125,-1,0.0029999999997016857,BACKFILL_AUTO
2026-04-15 14:51:55,1776264715,BOOM600,5908.112,-1,0.012999999999919964,BACKFILL_AUTO
2026-04-15 14:51:56,1776264716,BOOM600,5908.105,-1,0.007000000000516593,BACKFILL_AUTO
2026-04-15 14:51:57,1776264717,BOOM600,5908.101,-1,0.0039999999999054126,BACKFILL_AUTO
2026-04-15 14:51:58,1776264718,BOOM600,5908.086,-1,0.014999999999417923,BACKFILL_AUTO
2026-04-15 14:51:59,1776264719,BOOM600,5908.071,-1,0.015000000000327418,BACKFILL_AUTO
2026-04-15 14:52:00,1776264720,BOOM600,5908.064,-1,0.006999999999607098,BACKFILL_AUTO
2026-04-15 14:52:01,1776264721,BOOM600,5908.054,-1,0.010000000000218279,BACKFILL_AUTO
2026-04-15 14:52:02,1776264722,BOOM600,5908.051,-1,0.0029999999997016857,BACKFILL_AUTO
2026-04-15 14:52:03,1776264723,BOOM600,5908.044,-1,0.007000000000516593,BACKFILL_AUTO
2026-04-15 14:52:04,1776264724,BOOM600,5908.03,-1,0.014000000000123691,BACKFILL_AUTO
2026-04-15 14:52:05,1776264725,BOOM600,5908.015,-1,0.014999999999417923,BACKFILL_AUTO
2026-04-15 14:52:06,1776264726,BOOM600,5908.012,-1,0.0030000000006111804,BACKFILL_AUTO
2026-04-15 14:52:07,1776264727,BOOM600,5908.001,-1,0.01099999999951251,BACKFILL_AUTO
2026-04-15 14:52:08,1776264728,BOOM600,5907.997,-1,0.0039999999999054126,BACKFILL_AUTO
2026-04-15 14:52:09,1776264729,BOOM600,5907.979,-1,0.018000000000029104,BACKFILL_AUTO
2026-04-15 14:52:10,1776264730,BOOM600,5907.963,-1,0.016000000000531145,BACKFILL_AUTO
2026-04-15 14:52:11,1776264731,BOOM600,5907.959,-1,0.0039999999999054126,BACKFILL_AUTO
2026-04-15 14:52:12,1776264732,BOOM600,5907.955,-1,0.0039999999999054126,BACKFILL_AUTO
2026-04-15 14:52:13,1776264733,BOOM600,5907.936,-1,0.01900000000023283,BACKFILL_AUTO
2026-04-15 14:52:14,1776264734,BOOM600,5907.929,-1,0.006999999999607098,BACKFILL_AUTO
2026-04-15 14:52:15,1776264735,BOOM600,5907.915,-1,0.014000000000123691,BACKFILL_AUTO
2026-04-15 14:52:16,1776264736,BOOM600,5907.906,-1,0.009000000000014552,BACKFILL_AUTO
2026-04-15 14:52:17,1776264737,BOOM600,5907.891,-1,0.015000000000327418,BACKFILL_AUTO
2026-04-15 14:52:18,1776264738,BOOM600,5918.044,1,10.153000000000247,BACKFILL_AUTO
2026-04-15 14:52:19,1776264739,BOOM600,5918.039,-1,0.005000000000109139,BACKFILL_AUTO
2026-04-15 14:52:20,1776264740,BOOM600,5918.037,-1,0.001999999999497959,BACKFILL_AUTO
2026-04-15 14:52:21,1776264741,BOOM600,5918.014,-1,0.023000000000138243,BACKFILL_AUTO
2026-04-15 14:52:22,1776264742,BOOM600,5918.002,-1,0.011999999999716238,BACKFILL_AUTO
2026-04-15 14:52:23,1776264743,BOOM600,5917.995,-1,0.007000000000516593,BACKFILL_AUTO
2026-04-15 14:52:24,1776264744,BOOM600,5917.99,-1,0.005000000000109139,BACKFILL_AUTO
2026-04-15 14:52:25,1776264745,BOOM600,5917.976,-1,0.014000000000123691,BACKFILL_AUTO
2026-04-15 14:52:26,1776264746,BOOM600,5917.96,-1,0.01599999999962165,BACKFILL_AUTO
2026-04-15 14:52:27,1776264747,BOOM600,5917.945,-1,0.015000000000327418,BACKFILL_AUTO
2026-04-15 14:52:28,1776264748,BOOM600,5917.932,-1,0.012999999999919964,BACKFILL_AUTO
2026-04-15 14:52:29,1776264749,BOOM600,5917.922,-1,0.010000000000218279,BACKFILL_AUTO
2026-04-15 14:52:30,1776264750,BOOM600,5917.902,-1,0.019999999999527063,BACKFILL_AUTO
2026-04-15 14:52:31,1776264751,BOOM600,5917.9,-1,0.0020000000004074536,BACKFILL_AUTO
2026-04-15 14:52:32,1776264752,BOOM600,5917.869,-1,0.03099999999994907,BACKFILL_AUTO
2026-04-15 14:52:33,1776264753,BOOM600,5917.838,-1,0.03099999999994907,BACKFILL_AUTO
2026-04-15 14:52:34,1776264754,BOOM600,5917.832,-1,0.0059999999994033715,BACKFILL_AUTO
2026-04-15 14:52:35,1776264755,BOOM600,5917.818,-1,0.014000000000123691,BACKFILL_AUTO
2026-04-15 14:52:36,1776264756,BOOM600,5917.813,-1,0.005000000000109139,BACKFILL_AUTO
2026-04-15 14:52:37,1776264757,BOOM600,5917.784,-1,0.02900000000045111,BACKFILL_AUTO
2026-04-15 14:52:38,1776264758,BOOM600,5917.774,-1,0.009999999999308784,BACKFILL_AUTO
2026-04-15 14:52:39,1776264759,BOOM600,5917.761,-1,0.012999999999919964,BACKFILL_AUTO
2026-04-15 14:52:40,1776264760,BOOM600,5917.741,-1,0.020000000000436557,BACKFILL_AUTO
2026-04-15 14:52:41,1776264761,BOOM600,5917.737,-1,0.0039999999999054126,BACKFILL_AUTO
2026-04-15 14:52:42,1776264762,BOOM600,5917.713,-1,0.02400000000034197,BACKFILL_AUTO
2026-04-15 14:52:43,1776264763,BOOM600,5917.712,-1,0.0009999999992942321,BACKFILL_AUTO
2026-04-15 14:52:44,1776264764,BOOM600,5917.706,-1,0.006000000000312866,BACKFILL_AUTO
2026-04-15 14:52:45,1776264765,BOOM600,5917.704,-1,0.0020000000004074536,BACKFILL_AUTO
2026-04-15 14:52:46,1776264766,BOOM600,5917.695,-1,0.009000000000014552,BACKFILL_AUTO
2026-04-15 14:52:47,1776264767,BOOM600,5917.693,-1,0.001999999999497959,BACKFILL_AUTO
2026-04-15 14:52:48,1776264768,BOOM600,5917.69,-1,0.0030000000006111804,BACKFILL_AUTO
2026-04-15 14:52:49,1776264769,BOOM600,5917.683,-1,0.006999999999607098,BACKFILL_AUTO
2026-04-15 14:52:50,1776264770,BOOM600,5917.673,-1,0.010000000000218279,BACKFILL_AUTO
2026-04-15 14:52:51,1776264771,BOOM600,5917.664,-1,0.009000000000014552,BACKFILL_AUTO
2026-04-15 14:52:52,1776264772,BOOM600,5917.643,-1,0.02099999999973079,BACKFILL_AUTO
2026-04-15 14:52:53,1776264773,BOOM600,5917.635,-1,0.007999999999810825,BACKFILL_AUTO
2026-04-15 14:52:54,1776264774,BOOM600,5917.632,-1,0.0030000000006111804,BACKFILL_AUTO
2026-04-15 14:52:55,1776264775,BOOM600,5917.629,-1,0.0029999999997016857,BACKFILL_AUTO
2026-04-15 14:52:56,1776264776,BOOM600,5917.626,-1,0.0029999999997016857,BACKFILL_AUTO
2026-04-15 14:52:57,1776264777,BOOM600,5917.615,-1,0.011000000000422006,BACKFILL_AUTO
2026-04-15 14:52:58,1776264778,BOOM600,5917.61,-1,0.005000000000109139,BACKFILL_AUTO
2026-04-15 14:52:59,1776264779,BOOM600,5917.604,-1,0.0059999999994033715,BACKFILL_AUTO
2026-04-15 14:53:00,1776264780,BOOM600,5917.591,-1,0.012999999999919964,BACKFILL_AUTO
2026-04-15 14:53:01,1776264781,BOOM600,5917.572,-1,0.01900000000023283,BACKFILL_AUTO
2026-04-15 14:53:02,1776264782,BOOM600,5917.568,-1,0.0039999999999054126,BACKFILL_AUTO
2026-04-15 14:53:03,1776264783,BOOM600,5917.55,-1,0.018000000000029104,BACKFILL_AUTO
2026-04-15 14:53:04,1776264784,BOOM600,5917.537,-1,0.012999999999919964,BACKFILL_AUTO
2026-04-15 14:53:05,1776264785,BOOM600,5917.527,-1,0.010000000000218279,BACKFILL_AUTO
2026-04-15 14:53:06,1776264786,BOOM600,5917.52,-1,0.006999999999607098,BACKFILL_AUTO
2026-04-15 14:53:07,1776264787,BOOM600,5917.507,-1,0.01300000000082946,BACKFILL_AUTO
2026-04-15 14:53:08,1776264788,BOOM600,5917.505,-1,0.001999999999497959,BACKFILL_AUTO
2026-04-15 14:53:09,1776264789,BOOM600,5917.493,-1,0.011999999999716238,BACKFILL_AUTO
2026-04-15 14:53:10,1776264790,BOOM600,5917.491,-1,0.0020000000004074536,BACKFILL_AUTO
2026-04-15 14:53:11,1776264791,BOOM600,5917.489,-1,0.0020000000004074536,BACKFILL_AUTO
2026-04-15 14:53:12,1776264792,BOOM600,5917.48,-1,0.009000000000014552,BACKFILL_AUTO
2026-04-15 14:53:13,1776264793,BOOM600,5917.467,-1,0.012999999999919964,BACKFILL_AUTO
2026-04-15 14:53:14,1776264794,BOOM600,5917.463,-1,0.0039999999999054126,BACKFILL_AUTO
2026-04-15 14:53:15,1776264795,BOOM600,5917.452,-1,0.01099999999951251,BACKFILL_AUTO
2026-04-15 14:53:16,1776264796,BOOM600,5917.449,-1,0.0030000000006111804,BACKFILL_AUTO
2026-04-15 14:53:17,1776264797,BOOM600,5917.43,-1,0.018999999999323336,BACKFILL_AUTO
2026-04-15 14:53:18,1776264798,BOOM600,5917.422,-1,0.00800000000072032,BACKFILL_AUTO
2026-04-15 14:53:19,1776264799,BOOM600,5917.4,-1,0.021999999999934516,BACKFILL_AUTO
2026-04-15 14:53:20,1776264800,BOOM600,5917.385,-1,0.014999999999417923,BACKFILL_AUTO
2026-04-15 14:53:21,1776264801,BOOM600,5917.372,-1,0.012999999999919964,BACKFILL_AUTO
2026-04-15 14:53:22,1776264802,BOOM600,5917.367,-1,0.005000000000109139,BACKFILL_AUTO
2026-04-15 14:53:23,1776264803,BOOM600,5917.363,-1,0.0039999999999054126,BACKFILL_AUTO
2026-04-15 14:53:24,1776264804,BOOM600,5917.356,-1,0.007000000000516593,BACKFILL_AUTO
2026-04-15 14:53:25,1776264805,BOOM600,5917.346,-1,0.010000000000218279,BACKFILL_AUTO
2026-04-15 14:53:26,1776264806,BOOM600,5917.343,-1,0.0029999999997016857,BACKFILL_AUTO
2026-04-15 14:53:27,1776264807,BOOM600,5917.333,-1,0.010000000000218279,BACKFILL_AUTO
2026-04-15 14:53:28,1776264808,BOOM600,5917.331,-1,0.001999999999497959,BACKFILL_AUTO
2026-04-15 14:53:29,1776264809,BOOM600,5917.322,-1,0.009000000000014552,BACKFILL_AUTO
2026-04-15 14:53:30,1776264810,BOOM600,5917.307,-1,0.015000000000327418,BACKFILL_AUTO
2026-04-15 14:53:31,1776264811,BOOM600,5917.295,-1,0.011999999999716238,BACKFILL_AUTO
2026-04-15 14:53:32,1776264812,BOOM600,5917.292,-1,0.0029999999997016857,BACKFILL_AUTO
2026-04-15 14:53:33,1776264813,BOOM600,5917.286,-1,0.006000000000312866,BACKFILL_AUTO
2026-04-15 14:53:34,1776264814,BOOM600,5917.267,-1,0.01900000000023283,BACKFILL_AUTO
2026-04-15 14:53:35,1776264815,BOOM600,5917.235,-1,0.032000000000152795,BACKFILL_AUTO
2026-04-15 14:53:36,1776264816,BOOM600,5917.234,-1,0.0009999999992942321,BACKFILL_AUTO
2026-04-15 14:53:37,1776264817,BOOM600,5917.219,-1,0.015000000000327418,BACKFILL_AUTO
2026-04-15 14:53:38,1776264818,BOOM600,5917.209,-1,0.010000000000218279,BACKFILL_AUTO
2026-04-15 14:53:39,1776264819,BOOM600,5917.206,-1,0.0029999999997016857,BACKFILL_AUTO
2026-04-15 14:53:40,1776264820,BOOM600,5917.202,-1,0.0039999999999054126,BACKFILL_AUTO
2026-04-15 14:53:41,1776264821,BOOM600,5917.19,-1,0.012000000000625732,BACKFILL_AUTO
2026-04-15 14:53:42,1776264822,BOOM600,5917.183,-1,0.006999999999607098,BACKFILL_AUTO
2026-04-15 14:53:43,1776264823,BOOM600,5917.166,-1,0.016999999999825377,BACKFILL_AUTO
2026-04-15 14:53:44,1776264824,BOOM600,5917.15,-1,0.016000000000531145,BACKFILL_AUTO
2026-04-15 14:53:45,1776264825,BOOM600,5917.142,-1,0.007999999999810825,BACKFILL_AUTO
2026-04-15 14:53:46,1776264826,BOOM600,5917.141,-1,0.0010000000002037268,BACKFILL_AUTO
2026-04-15 14:53:47,1776264827,BOOM600,5917.129,-1,0.011999999999716238,BACKFILL_AUTO
2026-04-15 14:53:48,1776264828,BOOM600,5917.128,-1,0.0010000000002037268,BACKFILL_AUTO
2026-04-15 14:53:49,1776264829,BOOM600,5917.126,-1,0.001999999999497959,BACKFILL_AUTO
2026-04-15 14:53:50,1776264830,BOOM600,5917.12,-1,0.006000000000312866,BACKFILL_AUTO
2026-04-15 14:53:51,1776264831,BOOM600,5917.116,-1,0.0039999999999054126,BACKFILL_AUTO
2026-04-15 14:53:52,1776264832,BOOM600,5917.101,-1,0.015000000000327418,BACKFILL_AUTO
2026-04-15 14:53:53,1776264833,BOOM600,5917.097,-1,0.0039999999999054126,BACKFILL_AUTO
2026-04-15 14:53:54,1776264834,BOOM600,5917.087,-1,0.009999999999308784,BACKFILL_AUTO
2026-04-15 14:53:55,1776264835,BOOM600,5917.074,-1,0.01300000000082946,BACKFILL_AUTO
2026-04-15 14:53:56,1776264836,BOOM600,5917.07,-1,0.0039999999999054126,BACKFILL_AUTO
2026-04-15 14:53:57,1776264837,BOOM600,5917.062,-1,0.007999999999810825,BACKFILL_AUTO
2026-04-15 14:53:58,1776264838,BOOM600,5917.058,-1,0.0039999999999054126,BACKFILL_AUTO
2026-04-15 14:53:59,1776264839,BOOM600,5917.033,-1,0.024999999999636202,BACKFILL_AUTO
2026-04-15 14:54:00,1776264840,BOOM600,5917.031,-1,0.0020000000004074536,BACKFILL_AUTO
2026-04-15 14:54:01,1776264841,BOOM600,5917.026,-1,0.005000000000109139,BACKFILL_AUTO
2026-04-15 14:54:02,1776264842,BOOM600,5917.015,-1,0.01099999999951251,BACKFILL_AUTO
2026-04-15 14:54:03,1776264843,BOOM600,5917.011,-1,0.0039999999999054126,BACKFILL_AUTO
2026-04-15 14:54:04,1776264844,BOOM600,5917.004,-1,0.007000000000516593,BACKFILL_AUTO
2026-04-15 14:54:05,1776264845,BOOM600,5916.997,-1,0.006999999999607098,BACKFILL_AUTO
2026-04-15 14:54:06,1776264846,BOOM600,5916.993,-1,0.0039999999999054126,BACKFILL_AUTO
2026-04-15 14:54:07,1776264847,BOOM600,5916.974,-1,0.01900000000023283,BACKFILL_AUTO
2026-04-15 14:54:08,1776264848,BOOM600,5916.97,-1,0.0039999999999054126,BACKFILL_AUTO
2026-04-15 14:54:09,1776264849,BOOM600,5916.964,-1,0.006000000000312866,BACKFILL_AUTO
2026-04-15 14:54:10,1776264850,BOOM600,5916.955,-1,0.009000000000014552,BACKFILL_AUTO
2026-04-15 14:54:11,1776264851,BOOM600,5916.949,-1,0.006000000000312866,BACKFILL_AUTO
2026-04-15 14:54:12,1776264852,BOOM600,5916.939,-1,0.009999999999308784,BACKFILL_AUTO
2026-04-15 14:54:13,1776264853,BOOM600,5916.913,-1,0.026000000000749424,BACKFILL_AUTO
2026-04-15 14:54:14,1776264854,BOOM600,5916.903,-1,0.009999999999308784,BACKFILL_AUTO
2026-04-15 14:54:15,1776264855,BOOM600,5916.893,-1,0.010000000000218279,BACKFILL_AUTO
2026-04-15 14:54:16,1776264856,BOOM600,5916.891,-1,0.0020000000004074536,BACKFILL_AUTO
2026-04-15 14:54:17,1776264857,BOOM600,5916.873,-1,0.018000000000029104,BACKFILL_AUTO
2026-04-15 14:54:18,1776264858,BOOM600,5916.864,-1,0.009000000000014552,BACKFILL_AUTO
2026-04-15 14:54:19,1776264859,BOOM600,5916.858,-1,0.0059999999994033715,BACKFILL_AUTO
2026-04-15 14:54:20,1776264860,BOOM600,5916.849,-1,0.009000000000014552,BACKFILL_AUTO
2026-04-15 14:54:21,1776264861,BOOM600,5916.839,-1,0.010000000000218279,BACKFILL_AUTO
2026-04-15 14:54:22,1776264862,BOOM600,5916.82,-1,0.01900000000023283,BACKFILL_AUTO
2026-04-15 14:54:23,1776264863,BOOM600,5916.819,-1,0.0009999999992942321,BACKFILL_AUTO
2026-04-15 14:54:24,1776264864,BOOM600,5916.818,-1,0.0010000000002037268,BACKFILL_AUTO
2026-04-15 14:54:25,1776264865,BOOM600,5916.816,-1,0.0020000000004074536,BACKFILL_AUTO
2026-04-15 14:54:26,1776264866,BOOM600,5916.812,-1,0.0039999999999054126,BACKFILL_AUTO
2026-04-15 14:54:27,1776264867,BOOM600,5916.799,-1,0.012999999999919964,BACKFILL_AUTO
2026-04-15 14:54:28,1776264868,BOOM600,5916.782,-1,0.016999999999825377,BACKFILL_AUTO
2026-04-15 14:54:29,1776264869,BOOM600,5916.774,-1,0.007999999999810825,BACKFILL_AUTO
2026-04-15 14:54:30,1776264870,BOOM600,5916.747,-1,0.027000000000043656,BACKFILL_AUTO
2026-04-15 14:54:31,1776264871,BOOM600,5916.742,-1,0.005000000000109139,BACKFILL_AUTO
2026-04-15 14:54:32,1776264872,BOOM600,5916.742,0,0.0,BACKFILL_AUTO
2026-04-15 14:54:33,1776264873,BOOM600,5916.729,-1,0.012999999999919964,BACKFILL_AUTO
2026-04-15 14:54:34,1776264874,BOOM600,5916.72,-1,0.009000000000014552,BACKFILL_AUTO
2026-04-15 14:54:35,1776264875,BOOM600,5916.713,-1,0.007000000000516593,BACKFILL_AUTO
2026-04-15 14:54:36,1776264876,BOOM600,5916.698,-1,0.014999999999417923,BACKFILL_AUTO
2026-04-15 14:54:37,1776264877,BOOM600,5916.694,-1,0.0039999999999054126,BACKFILL_AUTO
2026-04-15 14:54:38,1776264878,BOOM600,5916.688,-1,0.006000000000312866,BACKFILL_AUTO
2026-04-15 14:54:39,1776264879,BOOM600,5916.683,-1,0.005000000000109139,BACKFILL_AUTO
2026-04-15 14:54:40,1776264880,BOOM600,5916.683,0,0.0,BACKFILL_AUTO
2026-04-15 14:54:41,1776264881,BOOM600,5916.662,-1,0.02099999999973079,BACKFILL_AUTO
2026-04-15 14:54:42,1776264882,BOOM600,5916.638,-1,0.02400000000034197,BACKFILL_AUTO
2026-04-15 14:54:43,1776264883,BOOM600,5916.637,-1,0.0010000000002037268,BACKFILL_AUTO
2026-04-15 14:54:44,1776264884,BOOM600,5916.632,-1,0.005000000000109139,BACKFILL_AUTO
2026-04-15 14:54:45,1776264885,BOOM600,5916.627,-1,0.004999999999199645,BACKFILL_AUTO
2026-04-15 14:54:46,1776264886,BOOM600,5916.625,-1,0.0020000000004074536,BACKFILL_AUTO
2026-04-15 14:54:47,1776264887,BOOM600,5916.602,-1,0.023000000000138243,BACKFILL_AUTO
2026-04-15 14:54:48,1776264888,BOOM600,5916.592,-1,0.010000000000218279,BACKFILL_AUTO
2026-04-15 14:54:49,1776264889,BOOM600,5916.585,-1,0.006999999999607098,BACKFILL_AUTO
2026-04-15 14:54:50,1776264890,BOOM600,5916.581,-1,0.0039999999999054126,BACKFILL_AUTO
2026-04-15 14:54:51,1776264891,BOOM600,5916.58,-1,0.0010000000002037268,BACKFILL_AUTO
2026-04-15 14:54:52,1776264892,BOOM600,5916.563,-1,0.016999999999825377,BACKFILL_AUTO
2026-04-15 14:54:53,1776264893,BOOM600,5931.652,1,15.088999999999942,BACKFILL_AUTO
2026-04-15 14:54:54,1776264894,BOOM600,5931.648,-1,0.0039999999999054126,BACKFILL_AUTO
2026-04-15 14:54:55,1776264895,BOOM600,5931.637,-1,0.011000000000422006,BACKFILL_AUTO
2026-04-15 14:54:56,1776264896,BOOM600,5931.619,-1,0.018000000000029104,BACKFILL_AUTO
2026-04-15 14:54:57,1776264897,BOOM600,5931.606,-1,0.012999999999919964,BACKFILL_AUTO
2026-04-15 14:54:58,1776264898,BOOM600,5931.591,-1,0.014999999999417923,BACKFILL_AUTO
2026-04-15 14:54:59,1776264899,BOOM600,5931.582,-1,0.009000000000014552,BACKFILL_AUTO
2026-04-15 14:55:00,1776264900,BOOM600,5931.558,-1,0.02400000000034197,BACKFILL_AUTO
2026-04-15 14:55:01,1776264901,BOOM600,5931.552,-1,0.006000000000312866,BACKFILL_AUTO
2026-04-15 14:55:02,1776264902,BOOM600,5931.541,-1,0.01099999999951251,BACKFILL_AUTO
2026-04-15 14:55:03,1776264903,BOOM600,5931.539,-1,0.0020000000004074536,BACKFILL_AUTO
2026-04-15 14:55:04,1776264904,BOOM600,5931.539,0,0.0,BACKFILL_AUTO
2026-04-15 14:55:05,1776264905,BOOM600,5931.536,-1,0.0029999999997016857,BACKFILL_AUTO
2026-04-15 14:55:06,1776264906,BOOM600,5931.522,-1,0.014000000000123691,BACKFILL_AUTO
2026-04-15 14:55:07,1776264907,BOOM600,5931.511,-1,0.01099999999951251,BACKFILL_AUTO
2026-04-15 14:55:08,1776264908,BOOM600,5931.51,-1,0.0010000000002037268,BACKFILL_AUTO
2026-04-15 14:55:09,1776264909,BOOM600,5931.496,-1,0.014000000000123691,BACKFILL_AUTO
2026-04-15 14:55:10,1776264910,BOOM600,5931.485,-1,0.011000000000422006,BACKFILL_AUTO
2026-04-15 14:55:11,1776264911,BOOM600,5931.481,-1,0.0039999999999054126,BACKFILL_AUTO
2026-04-15 14:55:12,1776264912,BOOM600,5931.464,-1,0.016999999999825377,BACKFILL_AUTO
2026-04-15 14:55:13,1776264913,BOOM600,5931.451,-1,0.012999999999919964,BACKFILL_AUTO
2026-04-15 14:55:14,1776264914,BOOM600,5931.443,-1,0.007999999999810825,BACKFILL_AUTO
2026-04-15 14:55:15,1776264915,BOOM600,5931.428,-1,0.015000000000327418,BACKFILL_AUTO
2026-04-15 14:55:16,1776264916,BOOM600,5931.422,-1,0.006000000000312866,BACKFILL_AUTO
2026-04-15 14:55:17,1776264917,BOOM600,5931.402,-1,0.019999999999527063,BACKFILL_AUTO
2026-04-15 14:55:18,1776264918,BOOM600,5931.397,-1,0.005000000000109139,BACKFILL_AUTO
2026-04-15 14:55:19,1776264919,BOOM600,5931.389,-1,0.007999999999810825,BACKFILL_AUTO
2026-04-15 14:55:20,1776264920,BOOM600,5931.382,-1,0.007000000000516593,BACKFILL_AUTO
2026-04-15 14:55:21,1776264921,BOOM600,5931.379,-1,0.0029999999997016857,BACKFILL_AUTO
2026-04-15 14:55:22,1776264922,BOOM600,5931.375,-1,0.0039999999999054126,BACKFILL_AUTO
2026-04-15 14:55:23,1776264923,BOOM600,5931.373,-1,0.0020000000004074536,BACKFILL_AUTO
2026-04-15 14:55:24,1776264924,BOOM600,5931.364,-1,0.009000000000014552,BACKFILL_AUTO
2026-04-15 14:55:25,1776264925,BOOM600,5931.339,-1,0.024999999999636202,BACKFILL_AUTO
2026-04-15 14:55:26,1776264926,BOOM600,5931.322,-1,0.016999999999825377,BACKFILL_AUTO
2026-04-15 14:55:27,1776264927,BOOM600,5931.321,-1,0.0010000000002037268,BACKFILL_AUTO
2026-04-15 14:55:28,1776264928,BOOM600,5931.318,-1,0.0029999999997016857,BACKFILL_AUTO
2026-04-15 14:55:29,1776264929,BOOM600,5931.311,-1,0.007000000000516593,BACKFILL_AUTO
2026-04-15 14:55:30,1776264930,BOOM600,5931.294,-1,0.016999999999825377,BACKFILL_AUTO
2026-04-15 14:55:31,1776264931,BOOM600,5931.291,-1,0.0029999999997016857,BACKFILL_AUTO
2026-04-15 14:55:32,1776264932,BOOM600,5931.276,-1,0.015000000000327418,BACKFILL_AUTO
2026-04-15 14:55:33,1776264933,BOOM600,5931.249,-1,0.027000000000043656,BACKFILL_AUTO
2026-04-15 14:55:34,1776264934,BOOM600,5931.246,-1,0.0029999999997016857,BACKFILL_AUTO
2026-04-15 14:55:35,1776264935,BOOM600,5931.241,-1,0.005000000000109139,BACKFILL_AUTO
2026-04-15 14:55:36,1776264936,BOOM600,5931.241,0,0.0,BACKFILL_AUTO
2026-04-15 14:55:37,1776264937,BOOM600,5931.237,-1,0.0039999999999054126,BACKFILL_AUTO
2026-04-15 14:55:38,1776264938,BOOM600,5931.235,-1,0.0020000000004074536,BACKFILL_AUTO
2026-04-15 14:55:39,1776264939,BOOM600,5931.218,-1,0.016999999999825377,BACKFILL_AUTO
2026-04-15 14:55:40,1776264940,BOOM600,5931.212,-1,0.0059999999994033715,BACKFILL_AUTO
2026-04-15 14:55:41,1776264941,BOOM600,5931.197,-1,0.015000000000327418,BACKFILL_AUTO
2026-04-15 14:55:42,1776264942,BOOM600,5931.184,-1,0.012999999999919964,BACKFILL_AUTO
2026-04-15 14:55:43,1776264943,BOOM600,5931.179,-1,0.005000000000109139,BACKFILL_AUTO
2026-04-15 14:55:44,1776264944,BOOM600,5931.164,-1,0.015000000000327418,BACKFILL_AUTO
2026-04-15 14:55:45,1776264945,BOOM600,5931.162,-1,0.001999999999497959,BACKFILL_AUTO
2026-04-15 14:55:46,1776264946,BOOM600,5931.16,-1,0.0020000000004074536,BACKFILL_AUTO
2026-04-15 14:55:47,1776264947,BOOM600,5931.153,-1,0.006999999999607098,BACKFILL_AUTO
2026-04-15 14:55:48,1776264948,BOOM600,5931.138,-1,0.015000000000327418,BACKFILL_AUTO
2026-04-15 14:55:49,1776264949,BOOM600,5931.131,-1,0.006999999999607098,BACKFILL_AUTO
2026-04-15 14:55:50,1776264950,BOOM600,5931.13,-1,0.0010000000002037268,BACKFILL_AUTO
2026-04-15 14:55:51,1776264951,BOOM600,5931.129,-1,0.0010000000002037268,BACKFILL_AUTO
2026-04-15 14:55:52,1776264952,BOOM600,5931.112,-1,0.016999999999825377,BACKFILL_AUTO
2026-04-15 14:55:53,1776264953,BOOM600,5931.104,-1,0.007999999999810825,BACKFILL_AUTO
2026-04-15 14:55:54,1776264954,BOOM600,5931.091,-1,0.012999999999919964,BACKFILL_AUTO
2026-04-15 14:55:55,1776264955,BOOM600,5931.086,-1,0.005000000000109139,BACKFILL_AUTO
2026-04-15 14:55:56,1776264956,BOOM600,5931.062,-1,0.02400000000034197,BACKFILL_AUTO
2026-04-15 14:55:57,1776264957,BOOM600,5931.055,-1,0.006999999999607098,BACKFILL_AUTO
2026-04-15 14:55:58,1776264958,BOOM600,5931.044,-1,0.011000000000422006,BACKFILL_AUTO
2026-04-15 14:55:59,1776264959,BOOM600,5931.042,-1,0.001999999999497959,BACKFILL_AUTO
2026-04-15 14:56:00,1776264960,BOOM600,5931.036,-1,0.006000000000312866,BACKFILL_AUTO
2026-04-15 14:56:01,1776264961,BOOM600,5931.014,-1,0.021999999999934516,BACKFILL_AUTO
2026-04-15 14:56:02,1776264962,BOOM600,5931.006,-1,0.007999999999810825,BACKFILL_AUTO
2026-04-15 14:56:03,1776264963,BOOM600,5931.0,-1,0.006000000000312866,BACKFILL_AUTO
2026-04-15 14:56:04,1776264964,BOOM600,5930.989,-1,0.011000000000422006,BACKFILL_AUTO
2026-04-15 14:56:05,1776264965,BOOM600,5930.98,-1,0.009000000000014552,BACKFILL_AUTO
2026-04-15 14:56:06,1776264966,BOOM600,5930.966,-1,0.013999999999214197,BACKFILL_AUTO
2026-04-15 14:56:07,1776264967,BOOM600,5930.959,-1,0.007000000000516593,BACKFILL_AUTO
2026-04-15 14:56:08,1776264968,BOOM600,5930.948,-1,0.01099999999951251,BACKFILL_AUTO
2026-04-15 14:56:09,1776264969,BOOM600,5930.939,-1,0.009000000000014552,BACKFILL_AUTO
2026-04-15 14:56:10,1776264970,BOOM600,5930.935,-1,0.0039999999999054126,BACKFILL_AUTO
2026-04-15 14:56:11,1776264971,BOOM600,5930.932,-1,0.0030000000006111804,BACKFILL_AUTO
2026-04-15 14:56:12,1776264972,BOOM600,5930.93,-1,0.001999999999497959,BACKFILL_AUTO
2026-04-15 14:56:13,1776264973,BOOM600,5930.928,-1,0.0020000000004074536,BACKFILL_AUTO
2026-04-15 14:56:14,1776264974,BOOM600,5930.902,-1,0.02599999999983993,BACKFILL_AUTO
2026-04-15 14:56:15,1776264975,BOOM600,5930.901,-1,0.0010000000002037268,BACKFILL_AUTO
2026-04-15 14:56:16,1776264976,BOOM600,5930.901,0,0.0,BACKFILL_AUTO
2026-04-15 14:56:17,1776264977,BOOM600,5930.898,-1,0.0029999999997016857,BACKFILL_AUTO
2026-04-15 14:56:18,1776264978,BOOM600,5930.887,-1,0.011000000000422006,BACKFILL_AUTO
2026-04-15 14:56:19,1776264979,BOOM600,5930.88,-1,0.006999999999607098,BACKFILL_AUTO
2026-04-15 14:56:20,1776264980,BOOM600,5930.877,-1,0.0029999999997016857,BACKFILL_AUTO
2026-04-15 14:56:21,1776264981,BOOM600,5930.867,-1,0.010000000000218279,BACKFILL_AUTO
2026-04-15 14:56:22,1776264982,BOOM600,5930.865,-1,0.0020000000004074536,BACKFILL_AUTO
2026-04-15 14:56:23,1776264983,BOOM600,5930.856,-1,0.009000000000014552,BACKFILL_AUTO
2026-04-15 14:56:24,1776264984,BOOM600,5930.842,-1,0.014000000000123691,BACKFILL_AUTO
2026-04-15 14:56:25,1776264985,BOOM600,5930.823,-1,0.018999999999323336,BACKFILL_AUTO
2026-04-15 14:56:26,1776264986,BOOM600,5930.816,-1,0.007000000000516593,BACKFILL_AUTO
2026-04-15 14:56:27,1776264987,BOOM600,5930.806,-1,0.010000000000218279,BACKFILL_AUTO
2026-04-15 14:56:28,1776264988,BOOM600,5930.792,-1,0.013999999999214197,BACKFILL_AUTO
2026-04-15 14:56:29,1776264989,BOOM600,5930.784,-1,0.00800000000072032,BACKFILL_AUTO
2026-04-15 14:56:30,1776264990,BOOM600,5930.783,-1,0.0009999999992942321,BACKFILL_AUTO
2026-04-15 14:56:31,1776264991,BOOM600,5930.777,-1,0.006000000000312866,BACKFILL_AUTO
2026-04-15 14:56:32,1776264992,BOOM600,5930.767,-1,0.010000000000218279,BACKFILL_AUTO
2026-04-15 14:56:33,1776264993,BOOM600,5930.755,-1,0.011999999999716238,BACKFILL_AUTO
2026-04-15 14:56:34,1776264994,BOOM600,5930.741,-1,0.014000000000123691,BACKFILL_AUTO
2026-04-15 14:56:35,1776264995,BOOM600,5930.736,-1,0.005000000000109139,BACKFILL_AUTO
2026-04-15 14:56:36,1776264996,BOOM600,5930.719,-1,0.016999999999825377,BACKFILL_AUTO
2026-04-15 14:56:37,1776264997,BOOM600,5930.717,-1,0.0020000000004074536,BACKFILL_AUTO
2026-04-15 14:56:38,1776264998,BOOM600,5930.714,-1,0.0029999999997016857,BACKFILL_AUTO
2026-04-15 14:56:39,1776264999,BOOM600,5930.688,-1,0.02599999999983993,BACKFILL_AUTO
2026-04-15 14:56:40,1776265000,BOOM600,5930.672,-1,0.016000000000531145,BACKFILL_AUTO
2026-04-15 14:56:41,1776265001,BOOM600,5930.664,-1,0.007999999999810825,BACKFILL_AUTO
2026-04-15 14:56:42,1776265002,BOOM600,5930.655,-1,0.009000000000014552,BACKFILL_AUTO
2026-04-15 14:56:43,1776265003,BOOM600,5930.635,-1,0.019999999999527063,BACKFILL_AUTO
2026-04-15 14:56:44,1776265004,BOOM600,5930.633,-1,0.0020000000004074536,BACKFILL_AUTO
2026-04-15 14:56:45,1776265005,BOOM600,5930.63,-1,0.0029999999997016857,BACKFILL_AUTO
2026-04-15 14:56:46,1776265006,BOOM600,5930.623,-1,0.007000000000516593,BACKFILL_AUTO
2026-04-15 14:56:47,1776265007,BOOM600,5930.62,-1,0.0029999999997016857,BACKFILL_AUTO
2026-04-15 14:56:48,1776265008,BOOM600,5930.609,-1,0.01099999999951251,BACKFILL_AUTO
2026-04-15 14:56:49,1776265009,BOOM600,5930.596,-1,0.01300000000082946,BACKFILL_AUTO
2026-04-15 14:56:50,1776265010,BOOM600,5930.594,-1,0.001999999999497959,BACKFILL_AUTO
2026-04-15 14:56:51,1776265011,BOOM600,5930.59,-1,0.0039999999999054126,BACKFILL_AUTO
2026-04-15 14:56:52,1776265012,BOOM600,5930.569,-1,0.02099999999973079,BACKFILL_AUTO
2026-04-15 14:56:53,1776265013,BOOM600,5930.565,-1,0.004000000000814907,BACKFILL_AUTO
2026-04-15 14:56:54,1776265014,BOOM600,5930.554,-1,0.01099999999951251,BACKFILL_AUTO
2026-04-15 14:56:55,1776265015,BOOM600,5930.532,-1,0.021999999999934516,BACKFILL_AUTO
2026-04-15 14:56:56,1776265016,BOOM600,5930.512,-1,0.020000000000436557,BACKFILL_AUTO
2026-04-15 14:56:57,1776265017,BOOM600,5930.508,-1,0.0039999999999054126,BACKFILL_AUTO
2026-04-15 14:56:58,1776265018,BOOM600,5930.506,-1,0.001999999999497959,BACKFILL_AUTO
2026-04-15 14:56:59,1776265019,BOOM600,5930.504,-1,0.0020000000004074536,BACKFILL_AUTO
2026-04-15 14:57:00,1776265020,BOOM600,5930.491,-1,0.012999999999919964,BACKFILL_AUTO
2026-04-15 14:57:01,1776265021,BOOM600,5930.488,-1,0.0029999999997016857,BACKFILL_AUTO
2026-04-15 14:57:02,1776265022,BOOM600,5930.47,-1,0.018000000000029104,BACKFILL_AUTO
2026-04-15 14:57:03,1776265023,BOOM600,5930.464,-1,0.006000000000312866,BACKFILL_AUTO
2026-04-15 14:57:04,1776265024,BOOM600,5930.464,0,0.0,BACKFILL_AUTO
2026-04-15 14:57:05,1776265025,BOOM600,5930.458,-1,0.006000000000312866,BACKFILL_AUTO
2026-04-15 14:57:06,1776265026,BOOM600,5930.44,-1,0.018000000000029104,BACKFILL_AUTO
2026-04-15 14:57:07,1776265027,BOOM600,5930.436,-1,0.0039999999999054126,BACKFILL_AUTO
2026-04-15 14:57:08,1776265028,BOOM600,5930.433,-1,0.0029999999997016857,BACKFILL_AUTO
2026-04-15 14:57:09,1776265029,BOOM600,5930.408,-1,0.024999999999636202,BACKFILL_AUTO
2026-04-15 14:57:10,1776265030,BOOM600,5930.401,-1,0.007000000000516593,BACKFILL_AUTO
2026-04-15 14:57:11,1776265031,BOOM600,5930.38,-1,0.02099999999973079,BACKFILL_AUTO
2026-04-15 14:57:12,1776265032,BOOM600,5930.368,-1,0.011999999999716238,BACKFILL_AUTO
2026-04-15 14:57:13,1776265033,BOOM600,5930.363,-1,0.005000000000109139,BACKFILL_AUTO
2026-04-15 14:57:14,1776265034,BOOM600,5930.359,-1,0.0039999999999054126,BACKFILL_AUTO
2026-04-15 14:57:15,1776265035,BOOM600,5930.358,-1,0.0010000000002037268,BACKFILL_AUTO
2026-04-15 14:57:16,1776265036,BOOM600,5930.348,-1,0.010000000000218279,BACKFILL_AUTO
2026-04-15 14:57:17,1776265037,BOOM600,5930.338,-1,0.010000000000218279,BACKFILL_AUTO
2026-04-15 14:57:18,1776265038,BOOM600,5930.325,-1,0.012999999999919964,BACKFILL_AUTO
2026-04-15 14:57:19,1776265039,BOOM600,5930.321,-1,0.0039999999999054126,BACKFILL_AUTO
2026-04-15 14:57:20,1776265040,BOOM600,5930.306,-1,0.015000000000327418,BACKFILL_AUTO
2026-04-15 14:57:21,1776265041,BOOM600,5930.303,-1,0.0029999999997016857,BACKFILL_AUTO
2026-04-15 14:57:22,1776265042,BOOM600,5930.29,-1,0.012999999999919964,BACKFILL_AUTO
2026-04-15 14:57:23,1776265043,BOOM600,5930.284,-1,0.006000000000312866,BACKFILL_AUTO
2026-04-15 14:57:24,1776265044,BOOM600,5930.261,-1,0.02299999999922875,BACKFILL_AUTO
2026-04-15 14:57:25,1776265045,BOOM600,5930.251,-1,0.010000000000218279,BACKFILL_AUTO
2026-04-15 14:57:26,1776265046,BOOM600,5930.232,-1,0.01900000000023283,BACKFILL_AUTO
2026-04-15 14:57:27,1776265047,BOOM600,5930.224,-1,0.007999999999810825,BACKFILL_AUTO
2026-04-15 14:57:28,1776265048,BOOM600,5930.216,-1,0.007999999999810825,BACKFILL_AUTO
2026-04-15 14:57:29,1776265049,BOOM600,5930.202,-1,0.014000000000123691,BACKFILL_AUTO
2026-04-15 14:57:30,1776265050,BOOM600,5930.192,-1,0.010000000000218279,BACKFILL_AUTO
2026-04-15 14:57:31,1776265051,BOOM600,5930.182,-1,0.010000000000218279,BACKFILL_AUTO
2026-04-15 14:57:32,1776265052,BOOM600,5930.18,-1,0.001999999999497959,BACKFILL_AUTO
2026-04-15 14:57:33,1776265053,BOOM600,5930.158,-1,0.021999999999934516,BACKFILL_AUTO
2026-04-15 14:57:34,1776265054,BOOM600,5930.148,-1,0.010000000000218279,BACKFILL_AUTO
2026-04-15 14:57:35,1776265055,BOOM600,5930.147,-1,0.0010000000002037268,BACKFILL_AUTO
2026-04-15 14:57:36,1776265056,BOOM600,5930.13,-1,0.016999999999825377,BACKFILL_AUTO
2026-04-15 14:57:37,1776265057,BOOM600,5930.127,-1,0.0029999999997016857,BACKFILL_AUTO
2026-04-15 14:57:38,1776265058,BOOM600,5930.111,-1,0.016000000000531145,BACKFILL_AUTO
2026-04-15 14:57:39,1776265059,BOOM600,5930.096,-1,0.015000000000327418,BACKFILL_AUTO
2026-04-15 14:57:40,1776265060,BOOM600,5930.073,-1,0.02299999999922875,BACKFILL_AUTO
2026-04-15 14:57:41,1776265061,BOOM600,5930.054,-1,0.01900000000023283,BACKFILL_AUTO
2026-04-15 14:57:42,1776265062,BOOM600,5930.025,-1,0.02900000000045111,BACKFILL_AUTO
2026-04-15 14:57:43,1776265063,BOOM600,5930.015,-1,0.009999999999308784,BACKFILL_AUTO
2026-04-15 14:57:44,1776265064,BOOM600,5930.013,-1,0.0020000000004074536,BACKFILL_AUTO
2026-04-15 14:57:45,1776265065,BOOM600,5930.002,-1,0.01099999999951251,BACKFILL_AUTO
2026-04-15 14:57:46,1776265066,BOOM600,5929.993,-1,0.009000000000014552,BACKFILL_AUTO
2026-04-15 14:57:47,1776265067,BOOM600,5929.962,-1,0.03099999999994907,BACKFILL_AUTO
2026-04-15 14:57:48,1776265068,BOOM600,5929.961,-1,0.0010000000002037268,BACKFILL_AUTO
2026-04-15 14:57:49,1776265069,BOOM600,5929.954,-1,0.007000000000516593,BACKFILL_AUTO
2026-04-15 14:57:50,1776265070,BOOM600,5929.938,-1,0.01599999999962165,BACKFILL_AUTO
2026-04-15 14:57:51,1776265071,BOOM600,5929.911,-1,0.027000000000043656,BACKFILL_AUTO
2026-04-15 14:57:52,1776265072,BOOM600,5929.907,-1,0.0039999999999054126,BACKFILL_AUTO
2026-04-15 14:57:53,1776265073,BOOM600,5929.893,-1,0.014000000000123691,BACKFILL_AUTO
2026-04-15 14:57:54,1776265074,BOOM600,5929.881,-1,0.011999999999716238,BACKFILL_AUTO
2026-04-15 14:57:55,1776265075,BOOM600,5929.868,-1,0.012999999999919964,BACKFILL_AUTO
2026-04-15 14:57:56,1776265076,BOOM600,5929.866,-1,0.0020000000004074536,BACKFILL_AUTO
2026-04-15 14:57:57,1776265077,BOOM600,5929.861,-1,0.005000000000109139,BACKFILL_AUTO
2026-04-15 14:57:58,1776265078,BOOM600,5929.843,-1,0.018000000000029104,BACKFILL_AUTO
2026-04-15 14:57:59,1776265079,BOOM600,5929.843,0,0.0,BACKFILL_AUTO
2026-04-15 14:58:00,1776265080,BOOM600,5929.835,-1,0.007999999999810825,BACKFILL_AUTO
2026-04-15 14:58:01,1776265081,BOOM600,5929.834,-1,0.0010000000002037268,BACKFILL_AUTO
2026-04-15 14:58:02,1776265082,BOOM600,5929.816,-1,0.018000000000029104,BACKFILL_AUTO
2026-04-15 14:58:03,1776265083,BOOM600,5929.807,-1,0.009000000000014552,BACKFILL_AUTO
2026-04-15 14:58:04,1776265084,BOOM600,5929.795,-1,0.011999999999716238,BACKFILL_AUTO
2026-04-15 14:58:05,1776265085,BOOM600,5929.793,-1,0.0020000000004074536,BACKFILL_AUTO
2026-04-15 14:58:06,1776265086,BOOM600,5929.788,-1,0.005000000000109139,BACKFILL_AUTO
2026-04-15 14:58:07,1776265087,BOOM600,5929.771,-1,0.016999999999825377,BACKFILL_AUTO
2026-04-15 14:58:08,1776265088,BOOM600,5929.759,-1,0.011999999999716238,BACKFILL_AUTO
2026-04-15 14:58:09,1776265089,BOOM600,5929.742,-1,0.016999999999825377,BACKFILL_AUTO
2026-04-15 14:58:10,1776265090,BOOM600,5929.734,-1,0.007999999999810825,BACKFILL_AUTO
2026-04-15 14:58:11,1776265091,BOOM600,5929.732,-1,0.0020000000004074536,BACKFILL_AUTO
2026-04-15 14:58:12,1776265092,BOOM600,5929.716,-1,0.01599999999962165,BACKFILL_AUTO
2026-04-15 14:58:13,1776265093,BOOM600,5929.714,-1,0.0020000000004074536,BACKFILL_AUTO
2026-04-15 14:58:14,1776265094,BOOM600,5929.701,-1,0.012999999999919964,BACKFILL_AUTO
2026-04-15 14:58:15,1776265095,BOOM600,5929.693,-1,0.007999999999810825,BACKFILL_AUTO
2026-04-15 14:58:16,1776265096,BOOM600,5929.692,-1,0.0010000000002037268,BACKFILL_AUTO
2026-04-15 14:58:17,1776265097,BOOM600,5929.678,-1,0.014000000000123691,BACKFILL_AUTO
2026-04-15 14:58:18,1776265098,BOOM600,5929.668,-1,0.010000000000218279,BACKFILL_AUTO
2026-04-15 14:58:19,1776265099,BOOM600,5929.65,-1,0.018000000000029104,BACKFILL_AUTO
2026-04-15 14:58:20,1776265100,BOOM600,5929.638,-1,0.011999999999716238,BACKFILL_AUTO
2026-04-15 14:58:21,1776265101,BOOM600,5929.634,-1,0.0039999999999054126,BACKFILL_AUTO
2026-04-15 14:58:22,1776265102,BOOM600,5929.625,-1,0.009000000000014552,BACKFILL_AUTO
2026-04-15 14:58:23,1776265103,BOOM600,5929.605,-1,0.020000000000436557,BACKFILL_AUTO
2026-04-15 14:58:24,1776265104,BOOM600,5929.59,-1,0.014999999999417923,BACKFILL_AUTO
2026-04-15 14:58:25,1776265105,BOOM600,5929.579,-1,0.011000000000422006,BACKFILL_AUTO
2026-04-15 14:58:26,1776265106,BOOM600,5929.567,-1,0.011999999999716238,BACKFILL_AUTO
2026-04-15 14:58:27,1776265107,BOOM600,5929.551,-1,0.01599999999962165,BACKFILL_AUTO
2026-04-15 14:58:28,1776265108,BOOM600,5929.527,-1,0.02400000000034197,BACKFILL_AUTO
2026-04-15 14:58:29,1776265109,BOOM600,5929.505,-1,0.021999999999934516,BACKFILL_AUTO
2026-04-15 14:58:30,1776265110,BOOM600,5929.493,-1,0.011999999999716238,BACKFILL_AUTO
2026-04-15 14:58:31,1776265111,BOOM600,5929.484,-1,0.009000000000014552,BACKFILL_AUTO
2026-04-15 14:58:32,1776265112,BOOM600,5929.466,-1,0.018000000000029104,BACKFILL_AUTO
2026-04-15 14:58:33,1776265113,BOOM600,5929.438,-1,0.028000000000247383,BACKFILL_AUTO
2026-04-15 14:58:34,1776265114,BOOM600,5929.429,-1,0.009000000000014552,BACKFILL_AUTO
2026-04-15 14:58:35,1776265115,BOOM600,5929.416,-1,0.012999999999919964,BACKFILL_AUTO
2026-04-15 14:58:36,1776265116,BOOM600,5929.411,-1,0.005000000000109139,BACKFILL_AUTO
2026-04-15 14:58:37,1776265117,BOOM600,5929.404,-1,0.006999999999607098,BACKFILL_AUTO
2026-04-15 14:58:38,1776265118,BOOM600,5929.4,-1,0.004000000000814907,BACKFILL_AUTO
2026-04-15 14:58:39,1776265119,BOOM600,5929.398,-1,0.001999999999497959,BACKFILL_AUTO
2026-04-15 14:58:40,1776265120,BOOM600,5929.38,-1,0.018000000000029104,BACKFILL_AUTO
2026-04-15 14:58:41,1776265121,BOOM600,5929.364,-1,0.016000000000531145,BACKFILL_AUTO
2026-04-15 14:58:42,1776265122,BOOM600,5929.354,-1,0.009999999999308784,BACKFILL_AUTO
2026-04-15 14:58:43,1776265123,BOOM600,5929.35,-1,0.0039999999999054126,BACKFILL_AUTO
2026-04-15 14:58:44,1776265124,BOOM600,5929.337,-1,0.012999999999919964,BACKFILL_AUTO
2026-04-15 14:58:45,1776265125,BOOM600,5929.333,-1,0.004000000000814907,BACKFILL_AUTO
2026-04-15 14:58:46,1776265126,BOOM600,5929.332,-1,0.0009999999992942321,BACKFILL_AUTO
2026-04-15 14:58:47,1776265127,BOOM600,5929.33,-1,0.0020000000004074536,BACKFILL_AUTO
2026-04-15 14:58:48,1776265128,BOOM600,5929.328,-1,0.001999999999497959,BACKFILL_AUTO
2026-04-15 14:58:49,1776265129,BOOM600,5929.314,-1,0.014000000000123691,BACKFILL_AUTO
2026-04-15 14:58:50,1776265130,BOOM600,5929.306,-1,0.00800000000072032,BACKFILL_AUTO
2026-04-15 14:58:51,1776265131,BOOM600,5929.284,-1,0.021999999999934516,BACKFILL_AUTO
2026-04-15 14:58:52,1776265132,BOOM600,5929.274,-1,0.009999999999308784,BACKFILL_AUTO
2026-04-15 14:58:53,1776265133,BOOM600,5929.268,-1,0.006000000000312866,BACKFILL_AUTO
2026-04-15 14:58:54,1776265134,BOOM600,5929.261,-1,0.006999999999607098,BACKFILL_AUTO
2026-04-15 14:58:55,1776265135,BOOM600,5929.251,-1,0.010000000000218279,BACKFILL_AUTO
2026-04-15 14:58:56,1776265136,BOOM600,5929.243,-1,0.007999999999810825,BACKFILL_AUTO
2026-04-15 14:58:57,1776265137,BOOM600,5929.235,-1,0.00800000000072032,BACKFILL_AUTO
2026-04-15 14:58:58,1776265138,BOOM600,5929.233,-1,0.001999999999497959,BACKFILL_AUTO
2026-04-15 14:58:59,1776265139,BOOM600,5929.232,-1,0.0010000000002037268,BACKFILL_AUTO
2026-04-15 14:59:00,1776265140,BOOM600,5929.224,-1,0.007999999999810825,BACKFILL_AUTO
2026-04-15 14:59:01,1776265141,BOOM600,5929.219,-1,0.005000000000109139,BACKFILL_AUTO
2026-04-15 14:59:02,1776265142,BOOM600,5929.202,-1,0.016999999999825377,BACKFILL_AUTO
2026-04-15 14:59:03,1776265143,BOOM600,5929.195,-1,0.007000000000516593,BACKFILL_AUTO
2026-04-15 14:59:04,1776265144,BOOM600,5929.191,-1,0.0039999999999054126,BACKFILL_AUTO
2026-04-15 14:59:05,1776265145,BOOM600,5929.163,-1,0.028000000000247383,BACKFILL_AUTO
2026-04-15 14:59:06,1776265146,BOOM600,5929.161,-1,0.001999999999497959,BACKFILL_AUTO
2026-04-15 14:59:07,1776265147,BOOM600,5929.157,-1,0.0039999999999054126,BACKFILL_AUTO
2026-04-15 14:59:08,1776265148,BOOM600,5929.147,-1,0.010000000000218279,BACKFILL_AUTO
2026-04-15 14:59:09,1776265149,BOOM600,5929.133,-1,0.014000000000123691,BACKFILL_AUTO
2026-04-15 14:59:10,1776265150,BOOM600,5929.124,-1,0.009000000000014552,BACKFILL_AUTO
2026-04-15 14:59:11,1776265151,BOOM600,5929.1,-1,0.023999999999432475,BACKFILL_AUTO
2026-04-15 14:59:12,1776265152,BOOM600,5929.09,-1,0.010000000000218279,BACKFILL_AUTO
2026-04-15 14:59:13,1776265153,BOOM600,5929.082,-1,0.007999999999810825,BACKFILL_AUTO
2026-04-15 14:59:14,1776265154,BOOM600,5929.081,-1,0.0010000000002037268,BACKFILL_AUTO
2026-04-15 14:59:15,1776265155,BOOM600,5929.065,-1,0.016000000000531145,BACKFILL_AUTO
2026-04-15 14:59:16,1776265156,BOOM600,5929.056,-1,0.009000000000014552,BACKFILL_AUTO
2026-04-15 14:59:17,1776265157,BOOM600,5929.041,-1,0.014999999999417923,BACKFILL_AUTO
2026-04-15 14:59:18,1776265158,BOOM600,5929.037,-1,0.0039999999999054126,BACKFILL_AUTO
2026-04-15 14:59:19,1776265159,BOOM600,5929.035,-1,0.0020000000004074536,BACKFILL_AUTO
2026-04-15 14:59:20,1776265160,BOOM600,5929.01,-1,0.024999999999636202,BACKFILL_AUTO
2026-04-15 14:59:21,1776265161,BOOM600,5929.005,-1,0.005000000000109139,BACKFILL_AUTO
2026-04-15 14:59:22,1776265162,BOOM600,5928.991,-1,0.014000000000123691,BACKFILL_AUTO
2026-04-15 14:59:23,1776265163,BOOM600,5928.971,-1,0.020000000000436557,BACKFILL_AUTO
2026-04-15 14:59:24,1776265164,BOOM600,5928.949,-1,0.021999999999934516,BACKFILL_AUTO
2026-04-15 14:59:25,1776265165,BOOM600,5928.943,-1,0.0059999999994033715,BACKFILL_AUTO
2026-04-15 14:59:26,1776265166,BOOM600,5928.936,-1,0.007000000000516593,BACKFILL_AUTO
2026-04-15 14:59:27,1776265167,BOOM600,5928.926,-1,0.009999999999308784,BACKFILL_AUTO
2026-04-15 14:59:28,1776265168,BOOM600,5928.911,-1,0.015000000000327418,BACKFILL_AUTO
2026-04-15 14:59:29,1776265169,BOOM600,5928.888,-1,0.023000000000138243,BACKFILL_AUTO
2026-04-15 14:59:30,1776265170,BOOM600,5928.869,-1,0.01900000000023283,BACKFILL_AUTO
2026-04-15 14:59:31,1776265171,BOOM600,5928.861,-1,0.007999999999810825,BACKFILL_AUTO
2026-04-15 14:59:32,1776265172,BOOM600,5928.85,-1,0.01099999999951251,BACKFILL_AUTO
2026-04-15 14:59:33,1776265173,BOOM600,5928.846,-1,0.004000000000814907,BACKFILL_AUTO
2026-04-15 14:59:34,1776265174,BOOM600,5928.833,-1,0.012999999999919964,BACKFILL_AUTO
2026-04-15 14:59:35,1776265175,BOOM600,5928.812,-1,0.02099999999973079,BACKFILL_AUTO
2026-04-15 14:59:36,1776265176,BOOM600,5928.81,-1,0.001999999999497959,BACKFILL_AUTO
2026-04-15 14:59:37,1776265177,BOOM600,5928.783,-1,0.027000000000043656,BACKFILL_AUTO
2026-04-15 14:59:38,1776265178,BOOM600,5928.762,-1,0.021000000000640284,BACKFILL_AUTO
2026-04-15 14:59:39,1776265179,BOOM600,5928.752,-1,0.009999999999308784,BACKFILL_AUTO
2026-04-15 14:59:40,1776265180,BOOM600,5928.744,-1,0.00800000000072032,BACKFILL_AUTO
2026-04-15 14:59:41,1776265181,BOOM600,5928.733,-1,0.01099999999951251,BACKFILL_AUTO
2026-04-15 14:59:42,1776265182,BOOM600,5928.72,-1,0.012999999999919964,BACKFILL_AUTO
2026-04-15 14:59:43,1776265183,BOOM600,5928.705,-1,0.015000000000327418,BACKFILL_AUTO
2026-04-15 14:59:44,1776265184,BOOM600,5928.704,-1,0.0010000000002037268,BACKFILL_AUTO
2026-04-15 14:59:45,1776265185,BOOM600,5928.692,-1,0.011999999999716238,BACKFILL_AUTO
2026-04-15 14:59:46,1776265186,BOOM600,5928.68,-1,0.011999999999716238,BACKFILL_AUTO
2026-04-15 14:59:47,1776265187,BOOM600,5928.68,0,0.0,BACKFILL_AUTO
2026-04-15 14:59:48,1776265188,BOOM600,5928.673,-1,0.007000000000516593,BACKFILL_AUTO
2026-04-15 14:59:49,1776265189,BOOM600,5928.658,-1,0.014999999999417923,BACKFILL_AUTO
2026-04-15 14:59:50,1776265190,BOOM600,5928.655,-1,0.0030000000006111804,BACKFILL_AUTO
2026-04-15 14:59:51,1776265191,BOOM600,5928.646,-1,0.009000000000014552,BACKFILL_AUTO
2026-04-15 14:59:52,1776265192,BOOM600,5928.638,-1,0.007999999999810825,BACKFILL_AUTO
2026-04-15 14:59:53,1776265193,BOOM600,5928.624,-1,0.014000000000123691,BACKFILL_AUTO
2026-04-15 14:59:54,1776265194,BOOM600,5928.609,-1,0.014999999999417923,BACKFILL_AUTO
2026-04-15 14:59:55,1776265195,BOOM600,5928.595,-1,0.014000000000123691,BACKFILL_AUTO
2026-04-15 14:59:56,1776265196,BOOM600,5928.585,-1,0.010000000000218279,BACKFILL_AUTO
2026-04-15 14:59:57,1776265197,BOOM600,5928.579,-1,0.006000000000312866,BACKFILL_AUTO
2026-04-15 14:59:58,1776265198,BOOM600,5928.567,-1,0.011999999999716238,BACKFILL_AUTO
2026-04-15 14:59:59,1776265199,BOOM600,5928.552,-1,0.015000000000327418,BACKFILL_AUTO
2026-04-15 15:00:00,1776265200,BOOM600,5928.541,-1,0.01099999999951251,BACKFILL_AUTO
2026-04-15 15:00:01,1776265201,BOOM600,5928.532,-1,0.009000000000014552,BACKFILL_AUTO
2026-04-15 15:00:02,1776265202,BOOM600,5928.523,-1,0.009000000000014552,BACKFILL_AUTO
2026-04-15 15:00:03,1776265203,BOOM600,5928.522,-1,0.0010000000002037268,BACKFILL_AUTO
2026-04-15 15:00:04,1776265204,BOOM600,5928.514,-1,0.007999999999810825,BACKFILL_AUTO
2026-04-15 15:00:05,1776265205,BOOM600,5928.504,-1,0.010000000000218279,BACKFILL_AUTO
2026-04-15 15:00:06,1776265206,BOOM600,5928.483,-1,0.02099999999973079,BACKFILL_AUTO
2026-04-15 15:00:07,1776265207,BOOM600,5928.481,-1,0.0020000000004074536,BACKFILL_AUTO
2026-04-15 15:00:08,1776265208,BOOM600,5928.469,-1,0.011999999999716238,BACKFILL_AUTO
2026-04-15 15:00:09,1776265209,BOOM600,5928.45,-1,0.01900000000023283,BACKFILL_AUTO
2026-04-15 15:00:10,1776265210,BOOM600,5928.435,-1,0.014999999999417923,BACKFILL_AUTO
2026-04-15 15:00:11,1776265211,BOOM600,5928.425,-1,0.010000000000218279,BACKFILL_AUTO
2026-04-15 15:00:12,1776265212,BOOM600,5928.418,-1,0.007000000000516593,BACKFILL_AUTO
2026-04-15 15:00:13,1776265213,BOOM600,5928.416,-1,0.001999999999497959,BACKFILL_AUTO
2026-04-15 15:00:14,1776265214,BOOM600,5928.414,-1,0.0020000000004074536,BACKFILL_AUTO
2026-04-15 15:00:15,1776265215,BOOM600,5928.41,-1,0.0039999999999054126,BACKFILL_AUTO
2026-04-15 15:00:16,1776265216,BOOM600,5928.405,-1,0.005000000000109139,BACKFILL_AUTO
2026-04-15 15:00:17,1776265217,BOOM600,5928.399,-1,0.0059999999994033715,BACKFILL_AUTO
2026-04-15 15:00:18,1776265218,BOOM600,5928.394,-1,0.005000000000109139,BACKFILL_AUTO
2026-04-15 15:00:19,1776265219,BOOM600,5928.377,-1,0.016999999999825377,BACKFILL_AUTO
2026-04-15 15:00:20,1776265220,BOOM600,5928.365,-1,0.012000000000625732,BACKFILL_AUTO
2026-04-15 15:00:21,1776265221,BOOM600,5928.356,-1,0.009000000000014552,BACKFILL_AUTO
2026-04-15 15:00:22,1776265222,BOOM600,5928.337,-1,0.018999999999323336,BACKFILL_AUTO
2026-04-15 15:00:23,1776265223,BOOM600,5928.331,-1,0.006000000000312866,BACKFILL_AUTO
2026-04-15 15:00:24,1776265224,BOOM600,5928.305,-1,0.02599999999983993,BACKFILL_AUTO
2026-04-15 15:00:25,1776265225,BOOM600,5928.302,-1,0.0030000000006111804,BACKFILL_AUTO
2026-04-15 15:00:26,1776265226,BOOM600,5928.282,-1,0.019999999999527063,BACKFILL_AUTO
2026-04-15 15:00:27,1776265227,BOOM600,5928.255,-1,0.027000000000043656,BACKFILL_AUTO
2026-04-15 15:00:28,1776265228,BOOM600,5928.253,-1,0.0020000000004074536,BACKFILL_AUTO
2026-04-15 15:00:29,1776265229,BOOM600,5928.242,-1,0.01099999999951251,BACKFILL_AUTO
2026-04-15 15:00:30,1776265230,BOOM600,5928.234,-1,0.007999999999810825,BACKFILL_AUTO
2026-04-15 15:00:31,1776265231,BOOM600,5928.213,-1,0.021000000000640284,BACKFILL_AUTO
2026-04-15 15:00:32,1776265232,BOOM600,5928.203,-1,0.009999999999308784,BACKFILL_AUTO
2026-04-15 15:00:33,1776265233,BOOM600,5928.197,-1,0.006000000000312866,BACKFILL_AUTO
2026-04-15 15:00:34,1776265234,BOOM600,5928.196,-1,0.0010000000002037268,BACKFILL_AUTO
2026-04-15 15:00:35,1776265235,BOOM600,5928.196,0,0.0,BACKFILL_AUTO
2026-04-15 15:00:36,1776265236,BOOM600,5928.188,-1,0.007999999999810825,BACKFILL_AUTO
2026-04-15 15:00:37,1776265237,BOOM600,5928.167,-1,0.02099999999973079,BACKFILL_AUTO
2026-04-15 15:00:38,1776265238,BOOM600,5928.154,-1,0.012999999999919964,BACKFILL_AUTO
2026-04-15 15:00:39,1776265239,BOOM600,5928.136,-1,0.018000000000029104,BACKFILL_AUTO
2026-04-15 15:00:40,1776265240,BOOM600,5928.126,-1,0.010000000000218279,BACKFILL_AUTO
2026-04-15 15:00:41,1776265241,BOOM600,5928.113,-1,0.012999999999919964,BACKFILL_AUTO
2026-04-15 15:00:42,1776265242,BOOM600,5928.095,-1,0.018000000000029104,BACKFILL_AUTO
2026-04-15 15:00:43,1776265243,BOOM600,5928.084,-1,0.011000000000422006,BACKFILL_AUTO
2026-04-15 15:00:44,1776265244,BOOM600,5928.068,-1,0.01599999999962165,BACKFILL_AUTO
2026-04-15 15:00:45,1776265245,BOOM600,5928.053,-1,0.015000000000327418,BACKFILL_AUTO
2026-04-15 15:00:46,1776265246,BOOM600,5928.034,-1,0.01900000000023283,BACKFILL_AUTO
2026-04-15 15:00:47,1776265247,BOOM600,5928.012,-1,0.021999999999934516,BACKFILL_AUTO
2026-04-15 15:00:48,1776265248,BOOM600,5928.007,-1,0.005000000000109139,BACKFILL_AUTO
2026-04-15 15:00:49,1776265249,BOOM600,5928.003,-1,0.0039999999999054126,BACKFILL_AUTO
2026-04-15 15:00:50,1776265250,BOOM600,5928.001,-1,0.001999999999497959,BACKFILL_AUTO
2026-04-15 15:00:51,1776265251,BOOM600,5927.99,-1,0.011000000000422006,BACKFILL_AUTO
2026-04-15 15:00:52,1776265252,BOOM600,5927.983,-1,0.006999999999607098,BACKFILL_AUTO
2026-04-15 15:00:53,1776265253,BOOM600,5927.98,-1,0.0030000000006111804,BACKFILL_AUTO
2026-04-15 15:00:54,1776265254,BOOM600,5927.969,-1,0.01099999999951251,BACKFILL_AUTO
2026-04-15 15:00:55,1776265255,BOOM600,5927.96,-1,0.009000000000014552,BACKFILL_AUTO
2026-04-15 15:00:56,1776265256,BOOM600,5927.947,-1,0.012999999999919964,BACKFILL_AUTO
2026-04-15 15:00:57,1776265257,BOOM600,5927.941,-1,0.006000000000312866,BACKFILL_AUTO
2026-04-15 15:00:58,1776265258,BOOM600,5927.936,-1,0.005000000000109139,BACKFILL_AUTO
2026-04-15 15:00:59,1776265259,BOOM600,5927.932,-1,0.0039999999999054126,BACKFILL_AUTO
2026-04-15 15:01:00,1776265260,BOOM600,5927.93,-1,0.001999999999497959,BACKFILL_AUTO
2026-04-15 15:01:01,1776265261,BOOM600,5927.916,-1,0.014000000000123691,BACKFILL_AUTO
2026-04-15 15:01:02,1776265262,BOOM600,5927.913,-1,0.0030000000006111804,BACKFILL_AUTO
2026-04-15 15:01:03,1776265263,BOOM600,5927.894,-1,0.018999999999323336,BACKFILL_AUTO
2026-04-15 15:01:04,1776265264,BOOM600,5927.872,-1,0.021999999999934516,BACKFILL_AUTO
2026-04-15 15:01:05,1776265265,BOOM600,5927.857,-1,0.015000000000327418,BACKFILL_AUTO
2026-04-15 15:01:06,1776265266,BOOM600,5927.854,-1,0.0029999999997016857,BACKFILL_AUTO
2026-04-15 15:01:07,1776265267,BOOM600,5927.825,-1,0.02900000000045111,BACKFILL_AUTO
2026-04-15 15:01:08,1776265268,BOOM600,5927.808,-1,0.016999999999825377,BACKFILL_AUTO
2026-04-15 15:01:09,1776265269,BOOM600,5927.802,-1,0.006000000000312866,BACKFILL_AUTO
2026-04-15 15:01:10,1776265270,BOOM600,5927.79,-1,0.011999999999716238,BACKFILL_AUTO
2026-04-15 15:01:11,1776265271,BOOM600,5927.785,-1,0.005000000000109139,BACKFILL_AUTO
2026-04-15 15:01:12,1776265272,BOOM600,5927.779,-1,0.0059999999994033715,BACKFILL_AUTO
2026-04-15 15:01:13,1776265273,BOOM600,5927.761,-1,0.018000000000029104,BACKFILL_AUTO
2026-04-15 15:01:14,1776265274,BOOM600,5927.74,-1,0.021000000000640284,BACKFILL_AUTO
2026-04-15 15:01:15,1776265275,BOOM600,5927.729,-1,0.01099999999951251,BACKFILL_AUTO
2026-04-15 15:01:16,1776265276,BOOM600,5927.724,-1,0.005000000000109139,BACKFILL_AUTO
2026-04-15 15:01:17,1776265277,BOOM600,5927.719,-1,0.005000000000109139,BACKFILL_AUTO
2026-04-15 15:01:18,1776265278,BOOM600,5927.705,-1,0.014000000000123691,BACKFILL_AUTO
2026-04-15 15:01:19,1776265279,BOOM600,5927.705,0,0.0,BACKFILL_AUTO
2026-04-15 15:01:20,1776265280,BOOM600,5927.679,-1,0.02599999999983993,BACKFILL_AUTO
2026-04-15 15:01:21,1776265281,BOOM600,5927.663,-1,0.016000000000531145,BACKFILL_AUTO
2026-04-15 15:01:22,1776265282,BOOM600,5927.645,-1,0.01799999999911961,BACKFILL_AUTO
2026-04-15 15:01:23,1776265283,BOOM600,5927.628,-1,0.01700000000073487,BACKFILL_AUTO
2026-04-15 15:01:24,1776265284,BOOM600,5927.622,-1,0.0059999999994033715,BACKFILL_AUTO
2026-04-15 15:01:25,1776265285,BOOM600,5927.615,-1,0.007000000000516593,BACKFILL_AUTO
2026-04-15 15:01:26,1776265286,BOOM600,5927.611,-1,0.0039999999999054126,BACKFILL_AUTO
2026-04-15 15:01:27,1776265287,BOOM600,5927.592,-1,0.01900000000023283,BACKFILL_AUTO
2026-04-15 15:01:28,1776265288,BOOM600,5927.59,-1,0.001999999999497959,BACKFILL_AUTO
2026-04-15 15:01:29,1776265289,BOOM600,5927.586,-1,0.0039999999999054126,BACKFILL_AUTO
2026-04-15 15:01:30,1776265290,BOOM600,5927.578,-1,0.007999999999810825,BACKFILL_AUTO
2026-04-15 15:01:31,1776265291,BOOM600,5927.576,-1,0.0020000000004074536,BACKFILL_AUTO
2026-04-15 15:01:32,1776265292,BOOM600,5927.567,-1,0.009000000000014552,BACKFILL_AUTO
2026-04-15 15:01:33,1776265293,BOOM600,5927.54,-1,0.027000000000043656,BACKFILL_AUTO
2026-04-15 15:01:34,1776265294,BOOM600,5927.528,-1,0.011999999999716238,BACKFILL_AUTO
2026-04-15 15:01:35,1776265295,BOOM600,5927.513,-1,0.015000000000327418,BACKFILL_AUTO
2026-04-15 15:01:36,1776265296,BOOM600,5927.506,-1,0.006999999999607098,BACKFILL_AUTO
2026-04-15 15:01:37,1776265297,BOOM600,5927.499,-1,0.007000000000516593,BACKFILL_AUTO
2026-04-15 15:01:38,1776265298,BOOM600,5927.491,-1,0.007999999999810825,BACKFILL_AUTO
2026-04-15 15:01:39,1776265299,BOOM600,5927.489,-1,0.0020000000004074536,BACKFILL_AUTO
2026-04-15 15:01:40,1776265300,BOOM600,5927.474,-1,0.014999999999417923,BACKFILL_AUTO
2026-04-15 15:01:41,1776265301,BOOM600,5927.469,-1,0.005000000000109139,BACKFILL_AUTO
2026-04-15 15:01:42,1776265302,BOOM600,5927.462,-1,0.006999999999607098,BACKFILL_AUTO
2026-04-15 15:01:43,1776265303,BOOM600,5927.439,-1,0.023000000000138243,BACKFILL_AUTO
2026-04-15 15:01:44,1776265304,BOOM600,5927.421,-1,0.018000000000029104,BACKFILL_AUTO
2026-04-15 15:01:45,1776265305,BOOM600,5927.418,-1,0.0030000000006111804,BACKFILL_AUTO
2026-04-15 15:01:46,1776265306,BOOM600,5927.416,-1,0.001999999999497959,BACKFILL_AUTO
2026-04-15 15:01:47,1776265307,BOOM600,5927.406,-1,0.010000000000218279,BACKFILL_AUTO
2026-04-15 15:01:48,1776265308,BOOM600,5927.401,-1,0.005000000000109139,BACKFILL_AUTO
2026-04-15 15:01:49,1776265309,BOOM600,5927.397,-1,0.0039999999999054126,BACKFILL_AUTO
2026-04-15 15:01:50,1776265310,BOOM600,5927.388,-1,0.009000000000014552,BACKFILL_AUTO
2026-04-15 15:01:51,1776265311,BOOM600,5927.379,-1,0.009000000000014552,BACKFILL_AUTO
2026-04-15 15:01:52,1776265312,BOOM600,5927.361,-1,0.018000000000029104,BACKFILL_AUTO
2026-04-15 15:01:53,1776265313,BOOM600,5927.359,-1,0.001999999999497959,BACKFILL_AUTO
2026-04-15 15:01:54,1776265314,BOOM600,5927.357,-1,0.0020000000004074536,BACKFILL_AUTO
2026-04-15 15:01:55,1776265315,BOOM600,5927.353,-1,0.0039999999999054126,BACKFILL_AUTO
2026-04-15 15:01:56,1776265316,BOOM600,5927.345,-1,0.007999999999810825,BACKFILL_AUTO
2026-04-15 15:01:57,1776265317,BOOM600,5927.321,-1,0.02400000000034197,BACKFILL_AUTO
2026-04-15 15:01:58,1776265318,BOOM600,5927.316,-1,0.005000000000109139,BACKFILL_AUTO
2026-04-15 15:01:59,1776265319,BOOM600,5927.29,-1,0.02599999999983993,BACKFILL_AUTO
2026-04-15 15:02:00,1776265320,BOOM600,5927.287,-1,0.0029999999997016857,BACKFILL_AUTO
2026-04-15 15:02:01,1776265321,BOOM600,5927.284,-1,0.0030000000006111804,BACKFILL_AUTO
2026-04-15 15:02:02,1776265322,BOOM600,5927.277,-1,0.006999999999607098,BACKFILL_AUTO
2026-04-15 15:02:03,1776265323,BOOM600,5927.265,-1,0.011999999999716238,BACKFILL_AUTO
2026-04-15 15:02:04,1776265324,BOOM600,5927.259,-1,0.006000000000312866,BACKFILL_AUTO
2026-04-15 15:02:05,1776265325,BOOM600,5927.238,-1,0.02099999999973079,BACKFILL_AUTO
2026-04-15 15:02:06,1776265326,BOOM600,5927.232,-1,0.006000000000312866,BACKFILL_AUTO
2026-04-15 15:02:07,1776265327,BOOM600,5927.221,-1,0.011000000000422006,BACKFILL_AUTO
2026-04-15 15:02:08,1776265328,BOOM600,5927.215,-1,0.0059999999994033715,BACKFILL_AUTO
2026-04-15 15:02:09,1776265329,BOOM600,5927.212,-1,0.0029999999997016857,BACKFILL_AUTO
2026-04-15 15:02:10,1776265330,BOOM600,5927.187,-1,0.025000000000545697,BACKFILL_AUTO
2026-04-15 15:02:11,1776265331,BOOM600,5927.183,-1,0.0039999999999054126,BACKFILL_AUTO
2026-04-15 15:02:12,1776265332,BOOM600,5927.179,-1,0.0039999999999054126,BACKFILL_AUTO
2026-04-15 15:02:13,1776265333,BOOM600,5927.177,-1,0.0020000000004074536,BACKFILL_AUTO
2026-04-15 15:02:14,1776265334,BOOM600,5927.176,-1,0.0009999999992942321,BACKFILL_AUTO
2026-04-15 15:02:15,1776265335,BOOM600,5927.171,-1,0.005000000000109139,BACKFILL_AUTO
2026-04-15 15:02:16,1776265336,BOOM600,5927.154,-1,0.016999999999825377,BACKFILL_AUTO
2026-04-15 15:02:17,1776265337,BOOM600,5927.146,-1,0.00800000000072032,BACKFILL_AUTO
2026-04-15 15:02:18,1776265338,BOOM600,5927.134,-1,0.011999999999716238,BACKFILL_AUTO
2026-04-15 15:02:19,1776265339,BOOM600,5927.128,-1,0.006000000000312866,BACKFILL_AUTO
2026-04-15 15:02:20,1776265340,BOOM600,5927.11,-1,0.018000000000029104,BACKFILL_AUTO
2026-04-15 15:02:21,1776265341,BOOM600,5927.103,-1,0.006999999999607098,BACKFILL_AUTO
2026-04-15 15:02:22,1776265342,BOOM600,5927.098,-1,0.005000000000109139,BACKFILL_AUTO
2026-04-15 15:02:23,1776265343,BOOM600,5927.089,-1,0.009000000000014552,BACKFILL_AUTO
2026-04-15 15:02:24,1776265344,BOOM600,5927.072,-1,0.016999999999825377,BACKFILL_AUTO
2026-04-15 15:02:25,1776265345,BOOM600,5927.07,-1,0.0020000000004074536,BACKFILL_AUTO
2026-04-15 15:02:26,1776265346,BOOM600,5927.052,-1,0.018000000000029104,BACKFILL_AUTO
2026-04-15 15:02:27,1776265347,BOOM600,5927.047,-1,0.005000000000109139,BACKFILL_AUTO
2026-04-15 15:02:28,1776265348,BOOM600,5927.039,-1,0.007999999999810825,BACKFILL_AUTO
2026-04-15 15:02:29,1776265349,BOOM600,5927.03,-1,0.009000000000014552,BACKFILL_AUTO
2026-04-15 15:02:30,1776265350,BOOM600,5927.01,-1,0.019999999999527063,BACKFILL_AUTO
2026-04-15 15:02:31,1776265351,BOOM600,5926.985,-1,0.025000000000545697,BACKFILL_AUTO
2026-04-15 15:02:32,1776265352,BOOM600,5926.98,-1,0.005000000000109139,BACKFILL_AUTO
2026-04-15 15:02:33,1776265353,BOOM600,5926.965,-1,0.014999999999417923,BACKFILL_AUTO
2026-04-15 15:02:34,1776265354,BOOM600,5926.962,-1,0.0029999999997016857,BACKFILL_AUTO
2026-04-15 15:02:35,1776265355,BOOM600,5926.957,-1,0.005000000000109139,BACKFILL_AUTO
2026-04-15 15:02:36,1776265356,BOOM600,5926.952,-1,0.005000000000109139,BACKFILL_AUTO
2026-04-15 15:02:37,1776265357,BOOM600,5926.944,-1,0.007999999999810825,BACKFILL_AUTO
2026-04-15 15:02:38,1776265358,BOOM600,5926.93,-1,0.014000000000123691,BACKFILL_AUTO
2026-04-15 15:02:39,1776265359,BOOM600,5926.913,-1,0.01700000000073487,BACKFILL_AUTO
2026-04-15 15:02:40,1776265360,BOOM600,5926.897,-1,0.01599999999962165,BACKFILL_AUTO
2026-04-15 15:02:41,1776265361,BOOM600,5926.893,-1,0.0039999999999054126,BACKFILL_AUTO
2026-04-15 15:02:42,1776265362,BOOM600,5926.872,-1,0.02099999999973079,BACKFILL_AUTO
2026-04-15 15:02:43,1776265363,BOOM600,5926.856,-1,0.016000000000531145,BACKFILL_AUTO
2026-04-15 15:02:44,1776265364,BOOM600,5926.847,-1,0.009000000000014552,BACKFILL_AUTO
2026-04-15 15:02:45,1776265365,BOOM600,5926.835,-1,0.011999999999716238,BACKFILL_AUTO
2026-04-15 15:02:46,1776265366,BOOM600,5926.823,-1,0.011999999999716238,BACKFILL_AUTO
2026-04-15 15:02:47,1776265367,BOOM600,5926.819,-1,0.0039999999999054126,BACKFILL_AUTO
2026-04-15 15:02:48,1776265368,BOOM600,5926.812,-1,0.007000000000516593,BACKFILL_AUTO
2026-04-15 15:02:49,1776265369,BOOM600,5926.799,-1,0.012999999999919964,BACKFILL_AUTO
2026-04-15 15:02:50,1776265370,BOOM600,5926.792,-1,0.006999999999607098,BACKFILL_AUTO
2026-04-15 15:02:51,1776265371,BOOM600,5926.775,-1,0.01700000000073487,BACKFILL_AUTO
2026-04-15 15:02:52,1776265372,BOOM600,5926.771,-1,0.0039999999999054126,BACKFILL_AUTO
2026-04-15 15:02:53,1776265373,BOOM600,5926.769,-1,0.001999999999497959,BACKFILL_AUTO
2026-04-15 15:02:54,1776265374,BOOM600,5926.762,-1,0.007000000000516593,BACKFILL_AUTO
2026-04-15 15:02:55,1776265375,BOOM600,5926.747,-1,0.014999999999417923,BACKFILL_AUTO
2026-04-15 15:02:56,1776265376,BOOM600,5926.744,-1,0.0030000000006111804,BACKFILL_AUTO
2026-04-15 15:02:57,1776265377,BOOM600,5926.735,-1,0.009000000000014552,BACKFILL_AUTO
2026-04-15 15:02:58,1776265378,BOOM600,5926.734,-1,0.0009999999992942321,BACKFILL_AUTO
2026-04-15 15:02:59,1776265379,BOOM600,5926.723,-1,0.011000000000422006,BACKFILL_AUTO
2026-04-15 15:03:00,1776265380,BOOM600,5926.718,-1,0.005000000000109139,BACKFILL_AUTO
2026-04-15 15:03:01,1776265381,BOOM600,5926.717,-1,0.0010000000002037268,BACKFILL_AUTO
2026-04-15 15:03:02,1776265382,BOOM600,5926.708,-1,0.009000000000014552,BACKFILL_AUTO
2026-04-15 15:03:03,1776265383,BOOM600,5926.7,-1,0.007999999999810825,BACKFILL_AUTO
2026-04-15 15:03:04,1776265384,BOOM600,5926.681,-1,0.01900000000023283,BACKFILL_AUTO
2026-04-15 15:03:05,1776265385,BOOM600,5926.676,-1,0.004999999999199645,BACKFILL_AUTO
2026-04-15 15:03:06,1776265386,BOOM600,5926.666,-1,0.010000000000218279,BACKFILL_AUTO
2026-04-15 15:03:07,1776265387,BOOM600,5926.665,-1,0.0010000000002037268,BACKFILL_AUTO
2026-04-15 15:03:08,1776265388,BOOM600,5926.645,-1,0.019999999999527063,BACKFILL_AUTO
2026-04-15 15:03:09,1776265389,BOOM600,5926.635,-1,0.010000000000218279,BACKFILL_AUTO
2026-04-15 15:03:10,1776265390,BOOM600,5926.63,-1,0.005000000000109139,BACKFILL_AUTO
2026-04-15 15:03:11,1776265391,BOOM600,5926.627,-1,0.0029999999997016857,BACKFILL_AUTO
2026-04-15 15:03:12,1776265392,BOOM600,5926.619,-1,0.00800000000072032,BACKFILL_AUTO
2026-04-15 15:03:13,1776265393,BOOM600,5926.611,-1,0.007999999999810825,BACKFILL_AUTO
2026-04-15 15:03:14,1776265394,BOOM600,5926.601,-1,0.010000000000218279,BACKFILL_AUTO
2026-04-15 15:03:15,1776265395,BOOM600,5926.595,-1,0.0059999999994033715,BACKFILL_AUTO
2026-04-15 15:03:16,1776265396,BOOM600,5926.59,-1,0.005000000000109139,BACKFILL_AUTO
2026-04-15 15:03:17,1776265397,BOOM600,5926.586,-1,0.0039999999999054126,BACKFILL_AUTO
2026-04-15 15:03:18,1776265398,BOOM600,5926.582,-1,0.0039999999999054126,BACKFILL_AUTO
2026-04-15 15:03:19,1776265399,BOOM600,5926.572,-1,0.010000000000218279,BACKFILL_AUTO
2026-04-15 15:03:20,1776265400,BOOM600,5926.565,-1,0.007000000000516593,BACKFILL_AUTO
2026-04-15 15:03:21,1776265401,BOOM600,5926.554,-1,0.01099999999951251,BACKFILL_AUTO
2026-04-15 15:03:22,1776265402,BOOM600,5926.546,-1,0.007999999999810825,BACKFILL_AUTO
2026-04-15 15:03:23,1776265403,BOOM600,5926.543,-1,0.0030000000006111804,BACKFILL_AUTO
2026-04-15 15:03:24,1776265404,BOOM600,5926.525,-1,0.018000000000029104,BACKFILL_AUTO
2026-04-15 15:03:25,1776265405,BOOM600,5926.524,-1,0.0009999999992942321,BACKFILL_AUTO
2026-04-15 15:03:26,1776265406,BOOM600,5926.519,-1,0.005000000000109139,BACKFILL_AUTO
2026-04-15 15:03:27,1776265407,BOOM600,5926.506,-1,0.012999999999919964,BACKFILL_AUTO
2026-04-15 15:03:28,1776265408,BOOM600,5926.485,-1,0.021000000000640284,BACKFILL_AUTO
2026-04-15 15:03:29,1776265409,BOOM600,5926.482,-1,0.0029999999997016857,BACKFILL_AUTO
2026-04-15 15:03:30,1776265410,BOOM600,5926.469,-1,0.012999999999919964,BACKFILL_AUTO
2026-04-15 15:03:31,1776265411,BOOM600,5926.448,-1,0.02099999999973079,BACKFILL_AUTO
2026-04-15 15:03:32,1776265412,BOOM600,5926.425,-1,0.023000000000138243,BACKFILL_AUTO
2026-04-15 15:03:33,1776265413,BOOM600,5926.421,-1,0.0039999999999054126,BACKFILL_AUTO
2026-04-15 15:03:34,1776265414,BOOM600,5926.391,-1,0.030000000000654836,BACKFILL_AUTO
2026-04-15 15:03:35,1776265415,BOOM600,5926.389,-1,0.001999999999497959,BACKFILL_AUTO
2026-04-15 15:03:36,1776265416,BOOM600,5926.386,-1,0.0029999999997016857,BACKFILL_AUTO
2026-04-15 15:03:37,1776265417,BOOM600,5926.366,-1,0.020000000000436557,BACKFILL_AUTO
2026-04-15 15:03:38,1776265418,BOOM600,5926.361,-1,0.005000000000109139,BACKFILL_AUTO
2026-04-15 15:03:39,1776265419,BOOM600,5926.349,-1,0.011999999999716238,BACKFILL_AUTO
2026-04-15 15:03:40,1776265420,BOOM600,5926.334,-1,0.015000000000327418,BACKFILL_AUTO
2026-04-15 15:03:41,1776265421,BOOM600,5926.324,-1,0.010000000000218279,BACKFILL_AUTO
2026-04-15 15:03:42,1776265422,BOOM600,5926.315,-1,0.009000000000014552,BACKFILL_AUTO
2026-04-15 15:03:43,1776265423,BOOM600,5926.31,-1,0.004999999999199645,BACKFILL_AUTO
2026-04-15 15:03:44,1776265424,BOOM600,5926.298,-1,0.012000000000625732,BACKFILL_AUTO
2026-04-15 15:03:45,1776265425,BOOM600,5926.281,-1,0.016999999999825377,BACKFILL_AUTO
2026-04-15 15:03:46,1776265426,BOOM600,5926.262,-1,0.01900000000023283,BACKFILL_AUTO
2026-04-15 15:03:47,1776265427,BOOM600,5926.244,-1,0.018000000000029104,BACKFILL_AUTO
2026-04-15 15:03:48,1776265428,BOOM600,5926.238,-1,0.0059999999994033715,BACKFILL_AUTO
2026-04-15 15:03:49,1776265429,BOOM600,5926.211,-1,0.027000000000043656,BACKFILL_AUTO
2026-04-15 15:03:50,1776265430,BOOM600,5926.202,-1,0.009000000000014552,BACKFILL_AUTO
2026-04-15 15:03:51,1776265431,BOOM600,5926.183,-1,0.01900000000023283,BACKFILL_AUTO
2026-04-15 15:03:52,1776265432,BOOM600,5926.166,-1,0.016999999999825377,BACKFILL_AUTO
2026-04-15 15:03:53,1776265433,BOOM600,5926.155,-1,0.011000000000422006,BACKFILL_AUTO
2026-04-15 15:03:54,1776265434,BOOM600,5926.151,-1,0.0039999999999054126,BACKFILL_AUTO
2026-04-15 15:03:55,1776265435,BOOM600,5926.134,-1,0.016999999999825377,BACKFILL_AUTO
2026-04-15 15:03:56,1776265436,BOOM600,5926.117,-1,0.016999999999825377,BACKFILL_AUTO
2026-04-15 15:03:57,1776265437,BOOM600,5926.108,-1,0.009000000000014552,BACKFILL_AUTO
2026-04-15 15:03:58,1776265438,BOOM600,5926.096,-1,0.012000000000625732,BACKFILL_AUTO
2026-04-15 15:03:59,1776265439,BOOM600,5926.085,-1,0.01099999999951251,BACKFILL_AUTO
2026-04-15 15:04:00,1776265440,BOOM600,5926.073,-1,0.011999999999716238,BACKFILL_AUTO
2026-04-15 15:04:01,1776265441,BOOM600,5926.073,0,0.0,BACKFILL_AUTO
2026-04-15 15:04:02,1776265442,BOOM600,5926.056,-1,0.01700000000073487,BACKFILL_AUTO
2026-04-15 15:04:03,1776265443,BOOM600,5926.036,-1,0.019999999999527063,BACKFILL_AUTO
2026-04-15 15:04:04,1776265444,BOOM600,5926.021,-1,0.015000000000327418,BACKFILL_AUTO
2026-04-15 15:04:05,1776265445,BOOM600,5926.011,-1,0.009999999999308784,BACKFILL_AUTO
2026-04-15 15:04:06,1776265446,BOOM600,5926.01,-1,0.0010000000002037268,BACKFILL_AUTO
2026-04-15 15:04:07,1776265447,BOOM600,5926.005,-1,0.005000000000109139,BACKFILL_AUTO
2026-04-15 15:04:08,1776265448,BOOM600,5926.004,-1,0.0010000000002037268,BACKFILL_AUTO
2026-04-15 15:04:09,1776265449,BOOM600,5925.999,-1,0.005000000000109139,BACKFILL_AUTO
2026-04-15 15:04:10,1776265450,BOOM600,5925.986,-1,0.012999999999919964,BACKFILL_AUTO
2026-04-15 15:04:11,1776265451,BOOM600,5925.983,-1,0.0029999999997016857,BACKFILL_AUTO
2026-04-15 15:04:12,1776265452,BOOM600,5925.972,-1,0.011000000000422006,BACKFILL_AUTO
2026-04-15 15:04:13,1776265453,BOOM600,5925.967,-1,0.005000000000109139,BACKFILL_AUTO
2026-04-15 15:04:14,1776265454,BOOM600,5925.956,-1,0.01099999999951251,BACKFILL_AUTO
2026-04-15 15:04:15,1776265455,BOOM600,5925.953,-1,0.0029999999997016857,BACKFILL_AUTO
2026-04-15 15:04:16,1776265456,BOOM600,5925.942,-1,0.011000000000422006,BACKFILL_AUTO
2026-04-15 15:04:17,1776265457,BOOM600,5925.929,-1,0.012999999999919964,BACKFILL_AUTO
2026-04-15 15:04:18,1776265458,BOOM600,5925.912,-1,0.016999999999825377,BACKFILL_AUTO
2026-04-15 15:04:19,1776265459,BOOM600,5925.903,-1,0.009000000000014552,BACKFILL_AUTO
2026-04-15 15:04:20,1776265460,BOOM600,5925.887,-1,0.016000000000531145,BACKFILL_AUTO
2026-04-15 15:04:21,1776265461,BOOM600,5925.884,-1,0.0029999999997016857,BACKFILL_AUTO
2026-04-15 15:04:22,1776265462,BOOM600,5925.879,-1,0.005000000000109139,BACKFILL_AUTO
2026-04-15 15:04:23,1776265463,BOOM600,5925.878,-1,0.0010000000002037268,BACKFILL_AUTO
2026-04-15 15:04:24,1776265464,BOOM600,5925.862,-1,0.01599999999962165,BACKFILL_AUTO
2026-04-15 15:04:25,1776265465,BOOM600,5925.857,-1,0.005000000000109139,BACKFILL_AUTO
2026-04-15 15:04:26,1776265466,BOOM600,5925.854,-1,0.0029999999997016857,BACKFILL_AUTO
2026-04-15 15:04:27,1776265467,BOOM600,5925.848,-1,0.006000000000312866,BACKFILL_AUTO
2026-04-15 15:04:28,1776265468,BOOM600,5925.828,-1,0.019999999999527063,BACKFILL_AUTO
2026-04-15 15:04:29,1776265469,BOOM600,5925.82,-1,0.00800000000072032,BACKFILL_AUTO
2026-04-15 15:04:30,1776265470,BOOM600,5925.817,-1,0.0029999999997016857,BACKFILL_AUTO
2026-04-15 15:04:31,1776265471,BOOM600,5925.807,-1,0.010000000000218279,BACKFILL_AUTO
2026-04-15 15:04:32,1776265472,BOOM600,5925.79,-1,0.016999999999825377,BACKFILL_AUTO
2026-04-15 15:04:33,1776265473,BOOM600,5925.784,-1,0.006000000000312866,BACKFILL_AUTO
2026-04-15 15:04:34,1776265474,BOOM600,5925.775,-1,0.009000000000014552,BACKFILL_AUTO
2026-04-15 15:04:35,1776265475,BOOM600,5925.765,-1,0.009999999999308784,BACKFILL_AUTO
2026-04-15 15:04:36,1776265476,BOOM600,5925.74,-1,0.025000000000545697,BACKFILL_AUTO
2026-04-15 15:04:37,1776265477,BOOM600,5925.733,-1,0.006999999999607098,BACKFILL_AUTO
2026-04-15 15:04:38,1776265478,BOOM600,5925.731,-1,0.0020000000004074536,BACKFILL_AUTO
2026-04-15 15:04:39,1776265479,BOOM600,5925.712,-1,0.018999999999323336,BACKFILL_AUTO
2026-04-15 15:04:40,1776265480,BOOM600,5925.706,-1,0.006000000000312866,BACKFILL_AUTO
2026-04-15 15:04:41,1776265481,BOOM600,5925.701,-1,0.005000000000109139,BACKFILL_AUTO
2026-04-15 15:04:42,1776265482,BOOM600,5925.7,-1,0.0010000000002037268,BACKFILL_AUTO
2026-04-15 15:04:43,1776265483,BOOM600,5925.684,-1,0.01599999999962165,BACKFILL_AUTO
2026-04-15 15:04:44,1776265484,BOOM600,5925.667,-1,0.016999999999825377,BACKFILL_AUTO
2026-04-15 15:04:45,1776265485,BOOM600,5925.66,-1,0.007000000000516593,BACKFILL_AUTO
2026-04-15 15:04:46,1776265486,BOOM600,5925.66,0,0.0,BACKFILL_AUTO
2026-04-15 15:04:47,1776265487,BOOM600,5925.651,-1,0.009000000000014552,BACKFILL_AUTO
2026-04-15 15:04:48,1776265488,BOOM600,5925.649,-1,0.001999999999497959,BACKFILL_AUTO
2026-04-15 15:04:49,1776265489,BOOM600,5925.636,-1,0.012999999999919964,BACKFILL_AUTO
2026-04-15 15:04:50,1776265490,BOOM600,5925.621,-1,0.015000000000327418,BACKFILL_AUTO
2026-04-15 15:04:51,1776265491,BOOM600,5925.613,-1,0.007999999999810825,BACKFILL_AUTO
2026-04-15 15:04:52,1776265492,BOOM600,5925.595,-1,0.018000000000029104,BACKFILL_AUTO
2026-04-15 15:04:53,1776265493,BOOM600,5925.585,-1,0.010000000000218279,BACKFILL_AUTO
2026-04-15 15:04:54,1776265494,BOOM600,5925.574,-1,0.011000000000422006,BACKFILL_AUTO
2026-04-15 15:04:55,1776265495,BOOM600,5925.564,-1,0.009999999999308784,BACKFILL_AUTO
2026-04-15 15:04:56,1776265496,BOOM600,5925.54,-1,0.02400000000034197,BACKFILL_AUTO
2026-04-15 15:04:57,1776265497,BOOM600,5925.534,-1,0.006000000000312866,BACKFILL_AUTO
2026-04-15 15:04:58,1776265498,BOOM600,5925.521,-1,0.012999999999919964,BACKFILL_AUTO
2026-04-15 15:04:59,1776265499,BOOM600,5925.516,-1,0.005000000000109139,BACKFILL_AUTO
2026-04-15 15:05:00,1776265500,BOOM600,5925.513,-1,0.0029999999997016857,BACKFILL_AUTO
2026-04-15 15:05:01,1776265501,BOOM600,5925.513,0,0.0,BACKFILL_AUTO
2026-04-15 15:05:02,1776265502,BOOM600,5925.513,0,0.0,BACKFILL_AUTO
2026-04-15 15:05:03,1776265503,BOOM600,5925.51,-1,0.0029999999997016857,BACKFILL_AUTO
2026-04-15 15:05:04,1776265504,BOOM600,5925.506,-1,0.0039999999999054126,BACKFILL_AUTO
2026-04-15 15:05:05,1776265505,BOOM600,5925.488,-1,0.018000000000029104,BACKFILL_AUTO
2026-04-15 15:05:06,1776265506,BOOM600,5925.473,-1,0.015000000000327418,BACKFILL_AUTO
2026-04-15 15:05:07,1776265507,BOOM600,5925.469,-1,0.0039999999999054126,BACKFILL_AUTO
2026-04-15 15:05:08,1776265508,BOOM600,5925.461,-1,0.007999999999810825,BACKFILL_AUTO
2026-04-15 15:05:09,1776265509,BOOM600,5925.44,-1,0.021000000000640284,BACKFILL_AUTO
2026-04-15 15:05:10,1776265510,BOOM600,5925.437,-1,0.0029999999997016857,BACKFILL_AUTO
2026-04-15 15:05:11,1776265511,BOOM600,5925.416,-1,0.02099999999973079,BACKFILL_AUTO
2026-04-15 15:05:12,1776265512,BOOM600,5925.401,-1,0.015000000000327418,BACKFILL_AUTO
2026-04-15 15:05:13,1776265513,BOOM600,5925.399,-1,0.001999999999497959,BACKFILL_AUTO
2026-04-15 15:05:14,1776265514,BOOM600,5925.393,-1,0.006000000000312866,BACKFILL_AUTO
2026-04-15 15:05:15,1776265515,BOOM600,5925.381,-1,0.011999999999716238,BACKFILL_AUTO
2026-04-15 15:05:16,1776265516,BOOM600,5925.366,-1,0.015000000000327418,BACKFILL_AUTO
2026-04-15 15:05:17,1776265517,BOOM600,5925.353,-1,0.012999999999919964,BACKFILL_AUTO
2026-04-15 15:05:18,1776265518,BOOM600,5925.349,-1,0.0039999999999054126,BACKFILL_AUTO
2026-04-15 15:05:19,1776265519,BOOM600,5925.347,-1,0.0020000000004074536,BACKFILL_AUTO
2026-04-15 15:05:20,1776265520,BOOM600,5925.33,-1,0.016999999999825377,BACKFILL_AUTO
2026-04-15 15:05:21,1776265521,BOOM600,5925.326,-1,0.0039999999999054126,BACKFILL_AUTO
2026-04-15 15:05:22,1776265522,BOOM600,5925.312,-1,0.014000000000123691,BACKFILL_AUTO
2026-04-15 15:05:23,1776265523,BOOM600,5925.305,-1,0.006999999999607098,BACKFILL_AUTO
2026-04-15 15:05:24,1776265524,BOOM600,5925.293,-1,0.012000000000625732,BACKFILL_AUTO
2026-04-15 15:05:25,1776265525,BOOM600,5925.288,-1,0.005000000000109139,BACKFILL_AUTO
2026-04-15 15:05:26,1776265526,BOOM600,5925.272,-1,0.01599999999962165,BACKFILL_AUTO
2026-04-15 15:05:27,1776265527,BOOM600,5925.242,-1,0.02999999999974534,BACKFILL_AUTO
2026-04-15 15:05:28,1776265528,BOOM600,5925.23,-1,0.012000000000625732,BACKFILL_AUTO
2026-04-15 15:05:29,1776265529,BOOM600,5925.214,-1,0.01599999999962165,BACKFILL_AUTO
2026-04-15 15:05:30,1776265530,BOOM600,5925.204,-1,0.010000000000218279,BACKFILL_AUTO
2026-04-15 15:05:31,1776265531,BOOM600,5925.2,-1,0.0039999999999054126,BACKFILL_AUTO
2026-04-15 15:05:32,1776265532,BOOM600,5925.183,-1,0.016999999999825377,BACKFILL_AUTO
2026-04-15 15:05:33,1776265533,BOOM600,5925.168,-1,0.015000000000327418,BACKFILL_AUTO
2026-04-15 15:05:34,1776265534,BOOM600,5925.161,-1,0.006999999999607098,BACKFILL_AUTO
2026-04-15 15:05:35,1776265535,BOOM600,5925.15,-1,0.011000000000422006,BACKFILL_AUTO
2026-04-15 15:05:36,1776265536,BOOM600,5925.129,-1,0.02099999999973079,BACKFILL_AUTO
2026-04-15 15:05:37,1776265537,BOOM600,5925.122,-1,0.006999999999607098,BACKFILL_AUTO
2026-04-15 15:05:38,1776265538,BOOM600,5925.116,-1,0.006000000000312866,BACKFILL_AUTO
2026-04-15 15:05:39,1776265539,BOOM600,5925.108,-1,0.007999999999810825,BACKFILL_AUTO
2026-04-15 15:05:40,1776265540,BOOM600,5925.098,-1,0.010000000000218279,BACKFILL_AUTO
2026-04-15 15:05:41,1776265541,BOOM600,5925.086,-1,0.011999999999716238,BACKFILL_AUTO
2026-04-15 15:05:42,1776265542,BOOM600,5925.079,-1,0.007000000000516593,BACKFILL_AUTO
2026-04-15 15:05:43,1776265543,BOOM600,5925.074,-1,0.005000000000109139,BACKFILL_AUTO
2026-04-15 15:05:44,1776265544,BOOM600,5925.069,-1,0.004999999999199645,BACKFILL_AUTO
2026-04-15 15:05:45,1776265545,BOOM600,5925.049,-1,0.020000000000436557,BACKFILL_AUTO
2026-04-15 15:05:46,1776265546,BOOM600,5925.044,-1,0.005000000000109139,BACKFILL_AUTO
2026-04-15 15:05:47,1776265547,BOOM600,5925.041,-1,0.0029999999997016857,BACKFILL_AUTO
2026-04-15 15:05:48,1776265548,BOOM600,5925.018,-1,0.023000000000138243,BACKFILL_AUTO
2026-04-15 15:05:49,1776265549,BOOM600,5924.997,-1,0.02099999999973079,BACKFILL_AUTO
2026-04-15 15:05:50,1776265550,BOOM600,5924.993,-1,0.0039999999999054126,BACKFILL_AUTO
2026-04-15 15:05:51,1776265551,BOOM600,5924.988,-1,0.005000000000109139,BACKFILL_AUTO
2026-04-15 15:05:52,1776265552,BOOM600,5924.982,-1,0.006000000000312866,BACKFILL_AUTO
2026-04-15 15:05:53,1776265553,BOOM600,5924.976,-1,0.006000000000312866,BACKFILL_AUTO
2026-04-15 15:05:54,1776265554,BOOM600,5924.963,-1,0.012999999999919964,BACKFILL_AUTO
2026-04-15 15:05:55,1776265555,BOOM600,5924.945,-1,0.018000000000029104,BACKFILL_AUTO
2026-04-15 15:05:56,1776265556,BOOM600,5924.941,-1,0.0039999999999054126,BACKFILL_AUTO
2026-04-15 15:05:57,1776265557,BOOM600,5924.933,-1,0.007999999999810825,BACKFILL_AUTO
2026-04-15 15:05:58,1776265558,BOOM600,5924.931,-1,0.0020000000004074536,BACKFILL_AUTO
2026-04-15 15:05:59,1776265559,BOOM600,5924.929,-1,0.001999999999497959,BACKFILL_AUTO
2026-04-15 15:06:00,1776265560,BOOM600,5924.928,-1,0.0010000000002037268,BACKFILL_AUTO
2026-04-15 15:06:01,1776265561,BOOM600,5924.927,-1,0.0010000000002037268,BACKFILL_AUTO
2026-04-15 15:06:02,1776265562,BOOM600,5924.916,-1,0.01099999999951251,BACKFILL_AUTO
2026-04-15 15:06:03,1776265563,BOOM600,5924.91,-1,0.006000000000312866,BACKFILL_AUTO
2026-04-15 15:06:04,1776265564,BOOM600,5924.899,-1,0.01099999999951251,BACKFILL_AUTO
2026-04-15 15:06:05,1776265565,BOOM600,5924.89,-1,0.009000000000014552,BACKFILL_AUTO
2026-04-15 15:06:06,1776265566,BOOM600,5924.872,-1,0.018000000000029104,BACKFILL_AUTO
2026-04-15 15:06:07,1776265567,BOOM600,5924.861,-1,0.011000000000422006,BACKFILL_AUTO
2026-04-15 15:06:08,1776265568,BOOM600,5924.855,-1,0.006000000000312866,BACKFILL_AUTO
2026-04-15 15:06:09,1776265569,BOOM600,5924.833,-1,0.021999999999934516,BACKFILL_AUTO
2026-04-15 15:06:10,1776265570,BOOM600,5924.822,-1,0.01099999999951251,BACKFILL_AUTO
2026-04-15 15:06:11,1776265571,BOOM600,5924.812,-1,0.010000000000218279,BACKFILL_AUTO
2026-04-15 15:06:12,1776265572,BOOM600,5924.8,-1,0.011999999999716238,BACKFILL_AUTO
2026-04-15 15:06:13,1776265573,BOOM600,5924.785,-1,0.015000000000327418,BACKFILL_AUTO
2026-04-15 15:06:14,1776265574,BOOM600,5924.77,-1,0.014999999999417923,BACKFILL_AUTO
2026-04-15 15:06:15,1776265575,BOOM600,5924.755,-1,0.015000000000327418,BACKFILL_AUTO
