timestamp,unix_time,instrument,price,direction,tick_size,session_id
2026-05-23 09:48:58,1779529738,BOOM900,9483.079,0,,BACKFILL_AUTO
2026-05-23 09:48:59,1779529739,BOOM900,9483.069,-1,0.010000000000218279,BACKFILL_AUTO
2026-05-23 09:49:00,1779529740,BOOM900,9483.061,-1,0.007999999999810825,BACKFILL_AUTO
2026-05-23 09:49:01,1779529741,BOOM900,9483.054,-1,0.006999999999607098,BACKFILL_AUTO
2026-05-23 09:49:02,1779529742,BOOM900,9483.038,-1,0.01599999999962165,BACKFILL_AUTO
2026-05-23 09:49:03,1779529743,BOOM900,9483.028,-1,0.010000000000218279,BACKFILL_AUTO
2026-05-23 09:49:04,1779529744,BOOM900,9483.027,-1,0.0010000000002037268,BACKFILL_AUTO
2026-05-23 09:49:05,1779529745,BOOM900,9483.024,-1,0.0030000000006111804,BACKFILL_AUTO
2026-05-23 09:49:06,1779529746,BOOM900,9483.02,-1,0.003999999998995918,BACKFILL_AUTO
2026-05-23 09:49:07,1779529747,BOOM900,9483.002,-1,0.018000000000029104,BACKFILL_AUTO
2026-05-23 09:49:08,1779529748,BOOM900,9483.001,-1,0.0010000000002037268,BACKFILL_AUTO
2026-05-23 09:49:09,1779529749,BOOM900,9482.985,-1,0.01599999999962165,BACKFILL_AUTO
2026-05-23 09:49:10,1779529750,BOOM900,9482.965,-1,0.020000000000436557,BACKFILL_AUTO
2026-05-23 09:49:11,1779529751,BOOM900,9482.948,-1,0.016999999999825377,BACKFILL_AUTO
2026-05-23 09:49:12,1779529752,BOOM900,9482.924,-1,0.023999999999432475,BACKFILL_AUTO
2026-05-23 09:49:13,1779529753,BOOM900,9482.921,-1,0.0030000000006111804,BACKFILL_AUTO
2026-05-23 09:49:14,1779529754,BOOM900,9482.918,-1,0.0030000000006111804,BACKFILL_AUTO
2026-05-23 09:49:15,1779529755,BOOM900,9482.911,-1,0.006999999999607098,BACKFILL_AUTO
2026-05-23 09:49:16,1779529756,BOOM900,9482.899,-1,0.012000000000625732,BACKFILL_AUTO
2026-05-23 09:49:17,1779529757,BOOM900,9482.892,-1,0.006999999999607098,BACKFILL_AUTO
2026-05-23 09:49:18,1779529758,BOOM900,9482.882,-1,0.010000000000218279,BACKFILL_AUTO
2026-05-23 09:49:19,1779529759,BOOM900,9482.872,-1,0.010000000000218279,BACKFILL_AUTO
2026-05-23 09:49:20,1779529760,BOOM900,9482.87,-1,0.0019999999985884642,BACKFILL_AUTO
2026-05-23 09:49:21,1779529761,BOOM900,9482.865,-1,0.005000000001018634,BACKFILL_AUTO
2026-05-23 09:49:22,1779529762,BOOM900,9482.865,0,0.0,BACKFILL_AUTO
2026-05-23 09:49:23,1779529763,BOOM900,9482.86,-1,0.004999999999199645,BACKFILL_AUTO
2026-05-23 09:49:24,1779529764,BOOM900,9482.851,-1,0.009000000000014552,BACKFILL_AUTO
2026-05-23 09:49:25,1779529765,BOOM900,9482.844,-1,0.007000000001426088,BACKFILL_AUTO
2026-05-23 09:49:26,1779529766,BOOM900,9482.842,-1,0.0019999999985884642,BACKFILL_AUTO
2026-05-23 09:49:27,1779529767,BOOM900,9482.835,-1,0.007000000001426088,BACKFILL_AUTO
2026-05-23 09:49:28,1779529768,BOOM900,9482.831,-1,0.003999999998995918,BACKFILL_AUTO
2026-05-23 09:49:29,1779529769,BOOM900,9482.808,-1,0.02299999999922875,BACKFILL_AUTO
2026-05-23 09:49:30,1779529770,BOOM900,9482.8,-1,0.008000000001629815,BACKFILL_AUTO
2026-05-23 09:49:31,1779529771,BOOM900,9482.787,-1,0.01299999999901047,BACKFILL_AUTO
2026-05-23 09:49:32,1779529772,BOOM900,9482.78,-1,0.006999999999607098,BACKFILL_AUTO
2026-05-23 09:49:33,1779529773,BOOM900,9482.77,-1,0.010000000000218279,BACKFILL_AUTO
2026-05-23 09:49:34,1779529774,BOOM900,9482.758,-1,0.012000000000625732,BACKFILL_AUTO
2026-05-23 09:49:35,1779529775,BOOM900,9482.757,-1,0.0010000000002037268,BACKFILL_AUTO
2026-05-23 09:49:36,1779529776,BOOM900,9482.743,-1,0.013999999999214197,BACKFILL_AUTO
2026-05-23 09:49:37,1779529777,BOOM900,9482.726,-1,0.016999999999825377,BACKFILL_AUTO
2026-05-23 09:49:38,1779529778,BOOM900,9482.702,-1,0.024000000001251465,BACKFILL_AUTO
2026-05-23 09:49:39,1779529779,BOOM900,9482.686,-1,0.01599999999962165,BACKFILL_AUTO
2026-05-23 09:49:40,1779529780,BOOM900,9482.68,-1,0.0059999999994033715,BACKFILL_AUTO
2026-05-23 09:49:41,1779529781,BOOM900,9482.677,-1,0.0030000000006111804,BACKFILL_AUTO
2026-05-23 09:49:42,1779529782,BOOM900,9482.674,-1,0.002999999998792191,BACKFILL_AUTO
2026-05-23 09:49:43,1779529783,BOOM900,9482.67,-1,0.004000000000814907,BACKFILL_AUTO
2026-05-23 09:49:44,1779529784,BOOM900,9482.661,-1,0.009000000000014552,BACKFILL_AUTO
2026-05-23 09:49:45,1779529785,BOOM900,9482.655,-1,0.0059999999994033715,BACKFILL_AUTO
2026-05-23 09:49:46,1779529786,BOOM900,9482.643,-1,0.012000000000625732,BACKFILL_AUTO
2026-05-23 09:49:47,1779529787,BOOM900,9482.636,-1,0.006999999999607098,BACKFILL_AUTO
2026-05-23 09:49:48,1779529788,BOOM900,9482.619,-1,0.016999999999825377,BACKFILL_AUTO
2026-05-23 09:49:49,1779529789,BOOM900,9482.619,0,0.0,BACKFILL_AUTO
2026-05-23 09:49:50,1779529790,BOOM900,9482.604,-1,0.015000000001236913,BACKFILL_AUTO
2026-05-23 09:49:51,1779529791,BOOM900,9482.59,-1,0.013999999999214197,BACKFILL_AUTO
2026-05-23 09:49:52,1779529792,BOOM900,9482.583,-1,0.006999999999607098,BACKFILL_AUTO
2026-05-23 09:49:53,1779529793,BOOM900,9482.578,-1,0.005000000001018634,BACKFILL_AUTO
2026-05-23 09:49:54,1779529794,BOOM900,9482.576,-1,0.0020000000004074536,BACKFILL_AUTO
2026-05-23 09:49:55,1779529795,BOOM900,9482.566,-1,0.00999999999839929,BACKFILL_AUTO
2026-05-23 09:49:56,1779529796,BOOM900,9482.563,-1,0.0030000000006111804,BACKFILL_AUTO
2026-05-23 09:49:57,1779529797,BOOM900,9482.549,-1,0.013999999999214197,BACKFILL_AUTO
2026-05-23 09:49:58,1779529798,BOOM900,9482.547,-1,0.0020000000004074536,BACKFILL_AUTO
2026-05-23 09:49:59,1779529799,BOOM900,9482.537,-1,0.010000000000218279,BACKFILL_AUTO
2026-05-23 09:50:00,1779529800,BOOM900,9482.515,-1,0.02200000000084401,BACKFILL_AUTO
2026-05-23 09:50:01,1779529801,BOOM900,9482.506,-1,0.009000000000014552,BACKFILL_AUTO
2026-05-23 09:50:02,1779529802,BOOM900,9482.502,-1,0.003999999998995918,BACKFILL_AUTO
2026-05-23 09:50:03,1779529803,BOOM900,9482.501,-1,0.0010000000002037268,BACKFILL_AUTO
2026-05-23 09:50:04,1779529804,BOOM900,9482.487,-1,0.014000000001033186,BACKFILL_AUTO
2026-05-23 09:50:05,1779529805,BOOM900,9482.474,-1,0.01299999999901047,BACKFILL_AUTO
2026-05-23 09:50:06,1779529806,BOOM900,9482.46,-1,0.014000000001033186,BACKFILL_AUTO
2026-05-23 09:50:07,1779529807,BOOM900,9482.455,-1,0.004999999999199645,BACKFILL_AUTO
2026-05-23 09:50:08,1779529808,BOOM900,9482.441,-1,0.013999999999214197,BACKFILL_AUTO
2026-05-23 09:50:09,1779529809,BOOM900,9482.423,-1,0.018000000000029104,BACKFILL_AUTO
2026-05-23 09:50:10,1779529810,BOOM900,9482.418,-1,0.005000000001018634,BACKFILL_AUTO
2026-05-23 09:50:11,1779529811,BOOM900,9482.405,-1,0.01299999999901047,BACKFILL_AUTO
2026-05-23 09:50:12,1779529812,BOOM900,9482.395,-1,0.010000000000218279,BACKFILL_AUTO
2026-05-23 09:50:13,1779529813,BOOM900,9482.394,-1,0.0010000000002037268,BACKFILL_AUTO
2026-05-23 09:50:14,1779529814,BOOM900,9482.378,-1,0.01599999999962165,BACKFILL_AUTO
2026-05-23 09:50:15,1779529815,BOOM900,9482.368,-1,0.010000000000218279,BACKFILL_AUTO
2026-05-23 09:50:16,1779529816,BOOM900,9482.366,-1,0.0020000000004074536,BACKFILL_AUTO
2026-05-23 09:50:17,1779529817,BOOM900,9482.365,-1,0.0010000000002037268,BACKFILL_AUTO
2026-05-23 09:50:18,1779529818,BOOM900,9482.357,-1,0.007999999999810825,BACKFILL_AUTO
2026-05-23 09:50:19,1779529819,BOOM900,9482.354,-1,0.0030000000006111804,BACKFILL_AUTO
2026-05-23 09:50:20,1779529820,BOOM900,9482.334,-1,0.019999999998617568,BACKFILL_AUTO
2026-05-23 09:50:21,1779529821,BOOM900,9482.33,-1,0.004000000000814907,BACKFILL_AUTO
2026-05-23 09:50:22,1779529822,BOOM900,9482.31,-1,0.020000000000436557,BACKFILL_AUTO
2026-05-23 09:50:23,1779529823,BOOM900,9482.309,-1,0.0010000000002037268,BACKFILL_AUTO
2026-05-23 09:50:24,1779529824,BOOM900,9482.295,-1,0.013999999999214197,BACKFILL_AUTO
2026-05-23 09:50:25,1779529825,BOOM900,9482.284,-1,0.011000000000422006,BACKFILL_AUTO
2026-05-23 09:50:26,1779529826,BOOM900,9482.274,-1,0.010000000000218279,BACKFILL_AUTO
2026-05-23 09:50:27,1779529827,BOOM900,9482.271,-1,0.002999999998792191,BACKFILL_AUTO
2026-05-23 09:50:28,1779529828,BOOM900,9482.256,-1,0.015000000001236913,BACKFILL_AUTO
2026-05-23 09:50:29,1779529829,BOOM900,9482.238,-1,0.018000000000029104,BACKFILL_AUTO
2026-05-23 09:50:30,1779529830,BOOM900,9482.216,-1,0.02199999999902502,BACKFILL_AUTO
2026-05-23 09:50:31,1779529831,BOOM900,9482.199,-1,0.016999999999825377,BACKFILL_AUTO
2026-05-23 09:50:32,1779529832,BOOM900,9482.177,-1,0.02200000000084401,BACKFILL_AUTO
2026-05-23 09:50:33,1779529833,BOOM900,9482.155,-1,0.02199999999902502,BACKFILL_AUTO
2026-05-23 09:50:34,1779529834,BOOM900,9482.153,-1,0.0020000000004074536,BACKFILL_AUTO
2026-05-23 09:50:35,1779529835,BOOM900,9482.148,-1,0.005000000001018634,BACKFILL_AUTO
2026-05-23 09:50:36,1779529836,BOOM900,9482.122,-1,0.02599999999983993,BACKFILL_AUTO
2026-05-23 09:50:37,1779529837,BOOM900,9482.115,-1,0.006999999999607098,BACKFILL_AUTO
2026-05-23 09:50:38,1779529838,BOOM900,9482.104,-1,0.011000000000422006,BACKFILL_AUTO
2026-05-23 09:50:39,1779529839,BOOM900,9482.1,-1,0.003999999998995918,BACKFILL_AUTO
2026-05-23 09:50:40,1779529840,BOOM900,9482.085,-1,0.015000000001236913,BACKFILL_AUTO
2026-05-23 09:50:41,1779529841,BOOM900,9482.059,-1,0.02599999999983993,BACKFILL_AUTO
2026-05-23 09:50:42,1779529842,BOOM900,9482.044,-1,0.014999999999417923,BACKFILL_AUTO
2026-05-23 09:50:43,1779529843,BOOM900,9482.035,-1,0.009000000000014552,BACKFILL_AUTO
2026-05-23 09:50:44,1779529844,BOOM900,9482.033,-1,0.0020000000004074536,BACKFILL_AUTO
2026-05-23 09:50:45,1779529845,BOOM900,9482.033,0,0.0,BACKFILL_AUTO
2026-05-23 09:50:46,1779529846,BOOM900,9482.026,-1,0.006999999999607098,BACKFILL_AUTO
2026-05-23 09:50:47,1779529847,BOOM900,9482.024,-1,0.0020000000004074536,BACKFILL_AUTO
2026-05-23 09:50:48,1779529848,BOOM900,9482.015,-1,0.009000000000014552,BACKFILL_AUTO
2026-05-23 09:50:49,1779529849,BOOM900,9482.011,-1,0.003999999998995918,BACKFILL_AUTO
2026-05-23 09:50:50,1779529850,BOOM900,9482.003,-1,0.007999999999810825,BACKFILL_AUTO
2026-05-23 09:50:51,1779529851,BOOM900,9482.002,-1,0.0010000000002037268,BACKFILL_AUTO
2026-05-23 09:50:52,1779529852,BOOM900,9481.987,-1,0.015000000001236913,BACKFILL_AUTO
2026-05-23 09:50:53,1779529853,BOOM900,9481.98,-1,0.006999999999607098,BACKFILL_AUTO
2026-05-23 09:50:54,1779529854,BOOM900,9481.979,-1,0.0010000000002037268,BACKFILL_AUTO
2026-05-23 09:50:55,1779529855,BOOM900,9481.97,-1,0.009000000000014552,BACKFILL_AUTO
2026-05-23 09:50:56,1779529856,BOOM900,9481.958,-1,0.011999999998806743,BACKFILL_AUTO
2026-05-23 09:50:57,1779529857,BOOM900,9481.944,-1,0.014000000001033186,BACKFILL_AUTO
2026-05-23 09:50:58,1779529858,BOOM900,9481.94,-1,0.003999999998995918,BACKFILL_AUTO
2026-05-23 09:50:59,1779529859,BOOM900,9481.923,-1,0.016999999999825377,BACKFILL_AUTO
2026-05-23 09:51:00,1779529860,BOOM900,9481.916,-1,0.007000000001426088,BACKFILL_AUTO
2026-05-23 09:51:01,1779529861,BOOM900,9481.897,-1,0.01899999999841384,BACKFILL_AUTO
2026-05-23 09:51:02,1779529862,BOOM900,9481.879,-1,0.018000000000029104,BACKFILL_AUTO
2026-05-23 09:51:03,1779529863,BOOM900,9481.864,-1,0.015000000001236913,BACKFILL_AUTO
2026-05-23 09:51:04,1779529864,BOOM900,9481.853,-1,0.011000000000422006,BACKFILL_AUTO
2026-05-23 09:51:05,1779529865,BOOM900,9481.834,-1,0.01899999999841384,BACKFILL_AUTO
2026-05-23 09:51:06,1779529866,BOOM900,9481.834,0,0.0,BACKFILL_AUTO
2026-05-23 09:51:07,1779529867,BOOM900,9481.832,-1,0.0020000000004074536,BACKFILL_AUTO
2026-05-23 09:51:08,1779529868,BOOM900,9481.807,-1,0.024999999999636202,BACKFILL_AUTO
2026-05-23 09:51:09,1779529869,BOOM900,9481.784,-1,0.023000000001047738,BACKFILL_AUTO
2026-05-23 09:51:10,1779529870,BOOM900,9481.778,-1,0.0059999999994033715,BACKFILL_AUTO
2026-05-23 09:51:11,1779529871,BOOM900,9481.769,-1,0.009000000000014552,BACKFILL_AUTO
2026-05-23 09:51:12,1779529872,BOOM900,9481.755,-1,0.014000000001033186,BACKFILL_AUTO
2026-05-23 09:51:13,1779529873,BOOM900,9481.738,-1,0.016999999999825377,BACKFILL_AUTO
2026-05-23 09:51:14,1779529874,BOOM900,9481.722,-1,0.01599999999962165,BACKFILL_AUTO
2026-05-23 09:51:15,1779529875,BOOM900,9481.71,-1,0.012000000000625732,BACKFILL_AUTO
2026-05-23 09:51:16,1779529876,BOOM900,9481.689,-1,0.020999999998821295,BACKFILL_AUTO
2026-05-23 09:51:17,1779529877,BOOM900,9481.673,-1,0.01599999999962165,BACKFILL_AUTO
2026-05-23 09:51:18,1779529878,BOOM900,9481.665,-1,0.007999999999810825,BACKFILL_AUTO
2026-05-23 09:51:19,1779529879,BOOM900,9481.642,-1,0.023000000001047738,BACKFILL_AUTO
2026-05-23 09:51:20,1779529880,BOOM900,9481.641,-1,0.0010000000002037268,BACKFILL_AUTO
2026-05-23 09:51:21,1779529881,BOOM900,9481.635,-1,0.0059999999994033715,BACKFILL_AUTO
2026-05-23 09:51:22,1779529882,BOOM900,9481.617,-1,0.018000000000029104,BACKFILL_AUTO
2026-05-23 09:51:23,1779529883,BOOM900,9481.597,-1,0.020000000000436557,BACKFILL_AUTO
2026-05-23 09:51:24,1779529884,BOOM900,9481.582,-1,0.014999999999417923,BACKFILL_AUTO
2026-05-23 09:51:25,1779529885,BOOM900,9481.558,-1,0.023999999999432475,BACKFILL_AUTO
2026-05-23 09:51:26,1779529886,BOOM900,9481.532,-1,0.02600000000165892,BACKFILL_AUTO
2026-05-23 09:51:27,1779529887,BOOM900,9481.521,-1,0.010999999998603016,BACKFILL_AUTO
2026-05-23 09:51:28,1779529888,BOOM900,9481.519,-1,0.0020000000004074536,BACKFILL_AUTO
2026-05-23 09:51:29,1779529889,BOOM900,9481.514,-1,0.005000000001018634,BACKFILL_AUTO
2026-05-23 09:51:30,1779529890,BOOM900,9481.499,-1,0.014999999999417923,BACKFILL_AUTO
2026-05-23 09:51:31,1779529891,BOOM900,9481.485,-1,0.013999999999214197,BACKFILL_AUTO
2026-05-23 09:51:32,1779529892,BOOM900,9481.482,-1,0.0030000000006111804,BACKFILL_AUTO
2026-05-23 09:51:33,1779529893,BOOM900,9481.462,-1,0.020000000000436557,BACKFILL_AUTO
2026-05-23 09:51:34,1779529894,BOOM900,9481.451,-1,0.011000000000422006,BACKFILL_AUTO
2026-05-23 09:51:35,1779529895,BOOM900,9481.44,-1,0.010999999998603016,BACKFILL_AUTO
2026-05-23 09:51:36,1779529896,BOOM900,9481.418,-1,0.02200000000084401,BACKFILL_AUTO
2026-05-23 09:51:37,1779529897,BOOM900,9481.405,-1,0.01299999999901047,BACKFILL_AUTO
2026-05-23 09:51:38,1779529898,BOOM900,9481.397,-1,0.007999999999810825,BACKFILL_AUTO
2026-05-23 09:51:39,1779529899,BOOM900,9481.375,-1,0.02200000000084401,BACKFILL_AUTO
2026-05-23 09:51:40,1779529900,BOOM900,9481.359,-1,0.01599999999962165,BACKFILL_AUTO
2026-05-23 09:51:41,1779529901,BOOM900,9481.334,-1,0.024999999999636202,BACKFILL_AUTO
2026-05-23 09:51:42,1779529902,BOOM900,9481.311,-1,0.023000000001047738,BACKFILL_AUTO
2026-05-23 09:51:43,1779529903,BOOM900,9481.306,-1,0.004999999999199645,BACKFILL_AUTO
2026-05-23 09:51:44,1779529904,BOOM900,9481.299,-1,0.006999999999607098,BACKFILL_AUTO
2026-05-23 09:51:45,1779529905,BOOM900,9481.292,-1,0.007000000001426088,BACKFILL_AUTO
2026-05-23 09:51:46,1779529906,BOOM900,9481.291,-1,0.0010000000002037268,BACKFILL_AUTO
2026-05-23 09:51:47,1779529907,BOOM900,9481.274,-1,0.016999999999825377,BACKFILL_AUTO
2026-05-23 09:51:48,1779529908,BOOM900,9481.263,-1,0.010999999998603016,BACKFILL_AUTO
2026-05-23 09:51:49,1779529909,BOOM900,9481.262,-1,0.0010000000002037268,BACKFILL_AUTO
2026-05-23 09:51:50,1779529910,BOOM900,9481.258,-1,0.004000000000814907,BACKFILL_AUTO
2026-05-23 09:51:51,1779529911,BOOM900,9481.243,-1,0.014999999999417923,BACKFILL_AUTO
2026-05-23 09:51:52,1779529912,BOOM900,9481.241,-1,0.0020000000004074536,BACKFILL_AUTO
2026-05-23 09:51:53,1779529913,BOOM900,9481.213,-1,0.028000000000247383,BACKFILL_AUTO
2026-05-23 09:51:54,1779529914,BOOM900,9481.205,-1,0.007999999999810825,BACKFILL_AUTO
2026-05-23 09:51:55,1779529915,BOOM900,9481.186,-1,0.01900000000023283,BACKFILL_AUTO
2026-05-23 09:51:56,1779529916,BOOM900,9481.161,-1,0.024999999999636202,BACKFILL_AUTO
2026-05-23 09:51:57,1779529917,BOOM900,9481.157,-1,0.004000000000814907,BACKFILL_AUTO
2026-05-23 09:51:58,1779529918,BOOM900,9481.152,-1,0.004999999999199645,BACKFILL_AUTO
2026-05-23 09:51:59,1779529919,BOOM900,9481.137,-1,0.014999999999417923,BACKFILL_AUTO
2026-05-23 09:52:00,1779529920,BOOM900,9481.125,-1,0.012000000000625732,BACKFILL_AUTO
2026-05-23 09:52:01,1779529921,BOOM900,9481.118,-1,0.006999999999607098,BACKFILL_AUTO
2026-05-23 09:52:02,1779529922,BOOM900,9481.105,-1,0.01300000000082946,BACKFILL_AUTO
2026-05-23 09:52:03,1779529923,BOOM900,9481.103,-1,0.0020000000004074536,BACKFILL_AUTO
2026-05-23 09:52:04,1779529924,BOOM900,9481.09,-1,0.01299999999901047,BACKFILL_AUTO
2026-05-23 09:52:05,1779529925,BOOM900,9481.082,-1,0.007999999999810825,BACKFILL_AUTO
2026-05-23 09:52:06,1779529926,BOOM900,9481.067,-1,0.015000000001236913,BACKFILL_AUTO
2026-05-23 09:52:07,1779529927,BOOM900,9481.066,-1,0.0009999999983847374,BACKFILL_AUTO
2026-05-23 09:52:08,1779529928,BOOM900,9481.05,-1,0.01600000000144064,BACKFILL_AUTO
2026-05-23 09:52:09,1779529929,BOOM900,9481.042,-1,0.007999999999810825,BACKFILL_AUTO
2026-05-23 09:52:10,1779529930,BOOM900,9481.036,-1,0.0059999999994033715,BACKFILL_AUTO
2026-05-23 09:52:11,1779529931,BOOM900,9481.034,-1,0.0020000000004074536,BACKFILL_AUTO
2026-05-23 09:52:12,1779529932,BOOM900,9481.015,-1,0.01900000000023283,BACKFILL_AUTO
2026-05-23 09:52:13,1779529933,BOOM900,9480.993,-1,0.02199999999902502,BACKFILL_AUTO
2026-05-23 09:52:14,1779529934,BOOM900,9480.989,-1,0.004000000000814907,BACKFILL_AUTO
2026-05-23 09:52:15,1779529935,BOOM900,9480.969,-1,0.020000000000436557,BACKFILL_AUTO
2026-05-23 09:52:16,1779529936,BOOM900,9480.958,-1,0.010999999998603016,BACKFILL_AUTO
2026-05-23 09:52:17,1779529937,BOOM900,9480.938,-1,0.020000000000436557,BACKFILL_AUTO
2026-05-23 09:52:18,1779529938,BOOM900,9480.927,-1,0.011000000000422006,BACKFILL_AUTO
2026-05-23 09:52:19,1779529939,BOOM900,9480.918,-1,0.009000000000014552,BACKFILL_AUTO
2026-05-23 09:52:20,1779529940,BOOM900,9480.905,-1,0.01299999999901047,BACKFILL_AUTO
2026-05-23 09:52:21,1779529941,BOOM900,9480.897,-1,0.007999999999810825,BACKFILL_AUTO
2026-05-23 09:52:22,1779529942,BOOM900,9480.886,-1,0.011000000000422006,BACKFILL_AUTO
2026-05-23 09:52:23,1779529943,BOOM900,9480.874,-1,0.012000000000625732,BACKFILL_AUTO
2026-05-23 09:52:24,1779529944,BOOM900,9480.854,-1,0.020000000000436557,BACKFILL_AUTO
2026-05-23 09:52:25,1779529945,BOOM900,9480.835,-1,0.01900000000023283,BACKFILL_AUTO
2026-05-23 09:52:26,1779529946,BOOM900,9480.808,-1,0.026999999998224666,BACKFILL_AUTO
2026-05-23 09:52:27,1779529947,BOOM900,9480.795,-1,0.01300000000082946,BACKFILL_AUTO
2026-05-23 09:52:28,1779529948,BOOM900,9480.786,-1,0.009000000000014552,BACKFILL_AUTO
2026-05-23 09:52:29,1779529949,BOOM900,9480.774,-1,0.012000000000625732,BACKFILL_AUTO
2026-05-23 09:52:30,1779529950,BOOM900,9480.762,-1,0.011999999998806743,BACKFILL_AUTO
2026-05-23 09:52:31,1779529951,BOOM900,9480.755,-1,0.007000000001426088,BACKFILL_AUTO
2026-05-23 09:52:32,1779529952,BOOM900,9480.741,-1,0.013999999999214197,BACKFILL_AUTO
2026-05-23 09:52:33,1779529953,BOOM900,9480.718,-1,0.02299999999922875,BACKFILL_AUTO
2026-05-23 09:52:34,1779529954,BOOM900,9480.712,-1,0.006000000001222361,BACKFILL_AUTO
2026-05-23 09:52:35,1779529955,BOOM900,9480.705,-1,0.006999999999607098,BACKFILL_AUTO
2026-05-23 09:52:36,1779529956,BOOM900,9480.701,-1,0.004000000000814907,BACKFILL_AUTO
2026-05-23 09:52:37,1779529957,BOOM900,9480.695,-1,0.0059999999994033715,BACKFILL_AUTO
2026-05-23 09:52:38,1779529958,BOOM900,9480.684,-1,0.011000000000422006,BACKFILL_AUTO
2026-05-23 09:52:39,1779529959,BOOM900,9480.681,-1,0.002999999998792191,BACKFILL_AUTO
2026-05-23 09:52:40,1779529960,BOOM900,9480.678,-1,0.0030000000006111804,BACKFILL_AUTO
2026-05-23 09:52:41,1779529961,BOOM900,9480.662,-1,0.01599999999962165,BACKFILL_AUTO
2026-05-23 09:52:42,1779529962,BOOM900,9480.654,-1,0.007999999999810825,BACKFILL_AUTO
2026-05-23 09:52:43,1779529963,BOOM900,9480.651,-1,0.0030000000006111804,BACKFILL_AUTO
2026-05-23 09:52:44,1779529964,BOOM900,9480.647,-1,0.003999999998995918,BACKFILL_AUTO
2026-05-23 09:52:45,1779529965,BOOM900,9480.636,-1,0.011000000000422006,BACKFILL_AUTO
2026-05-23 09:52:46,1779529966,BOOM900,9480.615,-1,0.021000000000640284,BACKFILL_AUTO
2026-05-23 09:52:47,1779529967,BOOM900,9480.606,-1,0.009000000000014552,BACKFILL_AUTO
2026-05-23 09:52:48,1779529968,BOOM900,9480.584,-1,0.02199999999902502,BACKFILL_AUTO
2026-05-23 09:52:49,1779529969,BOOM900,9480.582,-1,0.0020000000004074536,BACKFILL_AUTO
2026-05-23 09:52:50,1779529970,BOOM900,9480.579,-1,0.0030000000006111804,BACKFILL_AUTO
2026-05-23 09:52:51,1779529971,BOOM900,9480.553,-1,0.02599999999983993,BACKFILL_AUTO
2026-05-23 09:52:52,1779529972,BOOM900,9480.544,-1,0.009000000000014552,BACKFILL_AUTO
2026-05-23 09:52:53,1779529973,BOOM900,9480.538,-1,0.0059999999994033715,BACKFILL_AUTO
2026-05-23 09:52:54,1779529974,BOOM900,9480.51,-1,0.028000000000247383,BACKFILL_AUTO
2026-05-23 09:52:55,1779529975,BOOM900,9480.501,-1,0.009000000000014552,BACKFILL_AUTO
2026-05-23 09:52:56,1779529976,BOOM900,9480.489,-1,0.012000000000625732,BACKFILL_AUTO
2026-05-23 09:52:57,1779529977,BOOM900,9480.48,-1,0.009000000000014552,BACKFILL_AUTO
2026-05-23 09:52:58,1779529978,BOOM900,9480.471,-1,0.009000000000014552,BACKFILL_AUTO
2026-05-23 09:52:59,1779529979,BOOM900,9480.469,-1,0.0020000000004074536,BACKFILL_AUTO
2026-05-23 09:53:00,1779529980,BOOM900,9480.464,-1,0.004999999999199645,BACKFILL_AUTO
2026-05-23 09:53:01,1779529981,BOOM900,9480.461,-1,0.0030000000006111804,BACKFILL_AUTO
2026-05-23 09:53:02,1779529982,BOOM900,9480.439,-1,0.02199999999902502,BACKFILL_AUTO
2026-05-23 09:53:03,1779529983,BOOM900,9480.416,-1,0.023000000001047738,BACKFILL_AUTO
2026-05-23 09:53:04,1779529984,BOOM900,9480.408,-1,0.007999999999810825,BACKFILL_AUTO
2026-05-23 09:53:05,1779529985,BOOM900,9480.391,-1,0.016999999999825377,BACKFILL_AUTO
2026-05-23 09:53:06,1779529986,BOOM900,9480.372,-1,0.01900000000023283,BACKFILL_AUTO
2026-05-23 09:53:07,1779529987,BOOM900,9480.367,-1,0.004999999999199645,BACKFILL_AUTO
2026-05-23 09:53:08,1779529988,BOOM900,9480.361,-1,0.0059999999994033715,BACKFILL_AUTO
2026-05-23 09:53:09,1779529989,BOOM900,9480.354,-1,0.007000000001426088,BACKFILL_AUTO
2026-05-23 09:53:10,1779529990,BOOM900,9480.351,-1,0.002999999998792191,BACKFILL_AUTO
2026-05-23 09:53:11,1779529991,BOOM900,9480.343,-1,0.007999999999810825,BACKFILL_AUTO
2026-05-23 09:53:12,1779529992,BOOM900,9480.336,-1,0.007000000001426088,BACKFILL_AUTO
2026-05-23 09:53:13,1779529993,BOOM900,9480.335,-1,0.0010000000002037268,BACKFILL_AUTO
2026-05-23 09:53:14,1779529994,BOOM900,9480.313,-1,0.02199999999902502,BACKFILL_AUTO
2026-05-23 09:53:15,1779529995,BOOM900,9480.305,-1,0.007999999999810825,BACKFILL_AUTO
2026-05-23 09:53:16,1779529996,BOOM900,9480.3,-1,0.005000000001018634,BACKFILL_AUTO
2026-05-23 09:53:17,1779529997,BOOM900,9480.283,-1,0.016999999999825377,BACKFILL_AUTO
2026-05-23 09:53:18,1779529998,BOOM900,9480.274,-1,0.009000000000014552,BACKFILL_AUTO
2026-05-23 09:53:19,1779529999,BOOM900,9480.257,-1,0.016999999999825377,BACKFILL_AUTO
2026-05-23 09:53:20,1779530000,BOOM900,9480.247,-1,0.010000000000218279,BACKFILL_AUTO
2026-05-23 09:53:21,1779530001,BOOM900,9480.239,-1,0.007999999999810825,BACKFILL_AUTO
2026-05-23 09:53:22,1779530002,BOOM900,9480.214,-1,0.024999999999636202,BACKFILL_AUTO
2026-05-23 09:53:23,1779530003,BOOM900,9480.2,-1,0.013999999999214197,BACKFILL_AUTO
2026-05-23 09:53:24,1779530004,BOOM900,9480.188,-1,0.012000000000625732,BACKFILL_AUTO
2026-05-23 09:53:25,1779530005,BOOM900,9480.187,-1,0.0010000000002037268,BACKFILL_AUTO
2026-05-23 09:53:26,1779530006,BOOM900,9480.182,-1,0.004999999999199645,BACKFILL_AUTO
2026-05-23 09:53:27,1779530007,BOOM900,9480.178,-1,0.004000000000814907,BACKFILL_AUTO
2026-05-23 09:53:28,1779530008,BOOM900,9480.163,-1,0.014999999999417923,BACKFILL_AUTO
2026-05-23 09:53:29,1779530009,BOOM900,9480.148,-1,0.015000000001236913,BACKFILL_AUTO
2026-05-23 09:53:30,1779530010,BOOM900,9480.128,-1,0.019999999998617568,BACKFILL_AUTO
2026-05-23 09:53:31,1779530011,BOOM900,9480.128,0,0.0,BACKFILL_AUTO
2026-05-23 09:53:32,1779530012,BOOM900,9480.122,-1,0.006000000001222361,BACKFILL_AUTO
2026-05-23 09:53:33,1779530013,BOOM900,9480.099,-1,0.02299999999922875,BACKFILL_AUTO
2026-05-23 09:53:34,1779530014,BOOM900,9480.097,-1,0.0020000000004074536,BACKFILL_AUTO
2026-05-23 09:53:35,1779530015,BOOM900,9480.086,-1,0.011000000000422006,BACKFILL_AUTO
2026-05-23 09:53:36,1779530016,BOOM900,9480.073,-1,0.01299999999901047,BACKFILL_AUTO
2026-05-23 09:53:37,1779530017,BOOM900,9480.056,-1,0.016999999999825377,BACKFILL_AUTO
2026-05-23 09:53:38,1779530018,BOOM900,9480.043,-1,0.01300000000082946,BACKFILL_AUTO
2026-05-23 09:53:39,1779530019,BOOM900,9480.042,-1,0.0010000000002037268,BACKFILL_AUTO
2026-05-23 09:53:40,1779530020,BOOM900,9480.032,-1,0.010000000000218279,BACKFILL_AUTO
2026-05-23 09:53:41,1779530021,BOOM900,9480.021,-1,0.010999999998603016,BACKFILL_AUTO
2026-05-23 09:53:42,1779530022,BOOM900,9480.012,-1,0.009000000000014552,BACKFILL_AUTO
2026-05-23 09:53:43,1779530023,BOOM900,9480.004,-1,0.007999999999810825,BACKFILL_AUTO
2026-05-23 09:53:44,1779530024,BOOM900,9479.997,-1,0.007000000001426088,BACKFILL_AUTO
2026-05-23 09:53:45,1779530025,BOOM900,9479.994,-1,0.002999999998792191,BACKFILL_AUTO
2026-05-23 09:53:46,1779530026,BOOM900,9479.976,-1,0.018000000000029104,BACKFILL_AUTO
2026-05-23 09:53:47,1779530027,BOOM900,9479.967,-1,0.009000000000014552,BACKFILL_AUTO
2026-05-23 09:53:48,1779530028,BOOM900,9479.946,-1,0.021000000000640284,BACKFILL_AUTO
2026-05-23 09:53:49,1779530029,BOOM900,9479.935,-1,0.011000000000422006,BACKFILL_AUTO
2026-05-23 09:53:50,1779530030,BOOM900,9479.924,-1,0.010999999998603016,BACKFILL_AUTO
2026-05-23 09:53:51,1779530031,BOOM900,9479.92,-1,0.004000000000814907,BACKFILL_AUTO
2026-05-23 09:53:52,1779530032,BOOM900,9479.896,-1,0.023999999999432475,BACKFILL_AUTO
2026-05-23 09:53:53,1779530033,BOOM900,9479.876,-1,0.020000000000436557,BACKFILL_AUTO
2026-05-23 09:53:54,1779530034,BOOM900,9479.863,-1,0.01300000000082946,BACKFILL_AUTO
2026-05-23 09:53:55,1779530035,BOOM900,9479.855,-1,0.007999999999810825,BACKFILL_AUTO
2026-05-23 09:53:56,1779530036,BOOM900,9479.85,-1,0.004999999999199645,BACKFILL_AUTO
2026-05-23 09:53:57,1779530037,BOOM900,9479.83,-1,0.020000000000436557,BACKFILL_AUTO
2026-05-23 09:53:58,1779530038,BOOM900,9479.817,-1,0.01300000000082946,BACKFILL_AUTO
2026-05-23 09:53:59,1779530039,BOOM900,9479.8,-1,0.016999999999825377,BACKFILL_AUTO
2026-05-23 09:54:00,1779530040,BOOM900,9479.79,-1,0.00999999999839929,BACKFILL_AUTO
2026-05-23 09:54:01,1779530041,BOOM900,9479.779,-1,0.011000000000422006,BACKFILL_AUTO
2026-05-23 09:54:02,1779530042,BOOM900,9479.772,-1,0.006999999999607098,BACKFILL_AUTO
2026-05-23 09:54:03,1779530043,BOOM900,9479.763,-1,0.009000000000014552,BACKFILL_AUTO
2026-05-23 09:54:04,1779530044,BOOM900,9479.745,-1,0.018000000000029104,BACKFILL_AUTO
2026-05-23 09:54:05,1779530045,BOOM900,9479.738,-1,0.007000000001426088,BACKFILL_AUTO
2026-05-23 09:54:06,1779530046,BOOM900,9479.735,-1,0.002999999998792191,BACKFILL_AUTO
2026-05-23 09:54:07,1779530047,BOOM900,9479.716,-1,0.01900000000023283,BACKFILL_AUTO
2026-05-23 09:54:08,1779530048,BOOM900,9479.701,-1,0.015000000001236913,BACKFILL_AUTO
2026-05-23 09:54:09,1779530049,BOOM900,9479.693,-1,0.007999999999810825,BACKFILL_AUTO
2026-05-23 09:54:10,1779530050,BOOM900,9479.676,-1,0.016999999999825377,BACKFILL_AUTO
2026-05-23 09:54:11,1779530051,BOOM900,9479.652,-1,0.023999999999432475,BACKFILL_AUTO
2026-05-23 09:54:12,1779530052,BOOM900,9479.632,-1,0.020000000000436557,BACKFILL_AUTO
2026-05-23 09:54:13,1779530053,BOOM900,9479.631,-1,0.0010000000002037268,BACKFILL_AUTO
2026-05-23 09:54:14,1779530054,BOOM900,9479.615,-1,0.01599999999962165,BACKFILL_AUTO
2026-05-23 09:54:15,1779530055,BOOM900,9479.591,-1,0.023999999999432475,BACKFILL_AUTO
2026-05-23 09:54:16,1779530056,BOOM900,9479.573,-1,0.018000000000029104,BACKFILL_AUTO
2026-05-23 09:54:17,1779530057,BOOM900,9479.557,-1,0.01599999999962165,BACKFILL_AUTO
2026-05-23 09:54:18,1779530058,BOOM900,9479.551,-1,0.006000000001222361,BACKFILL_AUTO
2026-05-23 09:54:19,1779530059,BOOM900,9479.532,-1,0.01900000000023283,BACKFILL_AUTO
2026-05-23 09:54:20,1779530060,BOOM900,9479.522,-1,0.00999999999839929,BACKFILL_AUTO
2026-05-23 09:54:21,1779530061,BOOM900,9479.511,-1,0.011000000000422006,BACKFILL_AUTO
2026-05-23 09:54:22,1779530062,BOOM900,9479.501,-1,0.010000000000218279,BACKFILL_AUTO
2026-05-23 09:54:23,1779530063,BOOM900,9479.492,-1,0.009000000000014552,BACKFILL_AUTO
2026-05-23 09:54:24,1779530064,BOOM900,9479.491,-1,0.0010000000002037268,BACKFILL_AUTO
2026-05-23 09:54:25,1779530065,BOOM900,9479.479,-1,0.012000000000625732,BACKFILL_AUTO
2026-05-23 09:54:26,1779530066,BOOM900,9479.472,-1,0.006999999999607098,BACKFILL_AUTO
2026-05-23 09:54:27,1779530067,BOOM900,9479.468,-1,0.003999999998995918,BACKFILL_AUTO
2026-05-23 09:54:28,1779530068,BOOM900,9479.451,-1,0.017000000001644366,BACKFILL_AUTO
2026-05-23 09:54:29,1779530069,BOOM900,9479.442,-1,0.009000000000014552,BACKFILL_AUTO
2026-05-23 09:54:30,1779530070,BOOM900,9479.434,-1,0.007999999999810825,BACKFILL_AUTO
2026-05-23 09:54:31,1779530071,BOOM900,9479.429,-1,0.004999999999199645,BACKFILL_AUTO
2026-05-23 09:54:32,1779530072,BOOM900,9479.425,-1,0.004000000000814907,BACKFILL_AUTO
2026-05-23 09:54:33,1779530073,BOOM900,9479.418,-1,0.006999999999607098,BACKFILL_AUTO
2026-05-23 09:54:34,1779530074,BOOM900,9479.413,-1,0.004999999999199645,BACKFILL_AUTO
2026-05-23 09:54:35,1779530075,BOOM900,9479.39,-1,0.023000000001047738,BACKFILL_AUTO
2026-05-23 09:54:36,1779530076,BOOM900,9479.371,-1,0.01900000000023283,BACKFILL_AUTO
2026-05-23 09:54:37,1779530077,BOOM900,9479.367,-1,0.003999999998995918,BACKFILL_AUTO
2026-05-23 09:54:38,1779530078,BOOM900,9479.349,-1,0.018000000000029104,BACKFILL_AUTO
2026-05-23 09:54:39,1779530079,BOOM900,9479.342,-1,0.006999999999607098,BACKFILL_AUTO
2026-05-23 09:54:40,1779530080,BOOM900,9479.342,0,0.0,BACKFILL_AUTO
2026-05-23 09:54:41,1779530081,BOOM900,9479.336,-1,0.006000000001222361,BACKFILL_AUTO
2026-05-23 09:54:42,1779530082,BOOM900,9479.318,-1,0.018000000000029104,BACKFILL_AUTO
2026-05-23 09:54:43,1779530083,BOOM900,9479.308,-1,0.00999999999839929,BACKFILL_AUTO
2026-05-23 09:54:44,1779530084,BOOM900,9479.288,-1,0.020000000000436557,BACKFILL_AUTO
2026-05-23 09:54:45,1779530085,BOOM900,9479.285,-1,0.0030000000006111804,BACKFILL_AUTO
2026-05-23 09:54:46,1779530086,BOOM900,9479.281,-1,0.003999999998995918,BACKFILL_AUTO
2026-05-23 09:54:47,1779530087,BOOM900,9479.27,-1,0.011000000000422006,BACKFILL_AUTO
2026-05-23 09:54:48,1779530088,BOOM900,9479.265,-1,0.005000000001018634,BACKFILL_AUTO
2026-05-23 09:54:49,1779530089,BOOM900,9479.26,-1,0.004999999999199645,BACKFILL_AUTO
2026-05-23 09:54:50,1779530090,BOOM900,9479.254,-1,0.0059999999994033715,BACKFILL_AUTO
2026-05-23 09:54:51,1779530091,BOOM900,9479.233,-1,0.021000000000640284,BACKFILL_AUTO
2026-05-23 09:54:52,1779530092,BOOM900,9479.232,-1,0.0010000000002037268,BACKFILL_AUTO
2026-05-23 09:54:53,1779530093,BOOM900,9479.217,-1,0.014999999999417923,BACKFILL_AUTO
2026-05-23 09:54:54,1779530094,BOOM900,9479.21,-1,0.007000000001426088,BACKFILL_AUTO
2026-05-23 09:54:55,1779530095,BOOM900,9479.197,-1,0.01299999999901047,BACKFILL_AUTO
2026-05-23 09:54:56,1779530096,BOOM900,9479.188,-1,0.009000000000014552,BACKFILL_AUTO
2026-05-23 09:54:57,1779530097,BOOM900,9479.168,-1,0.020000000000436557,BACKFILL_AUTO
2026-05-23 09:54:58,1779530098,BOOM900,9479.163,-1,0.004999999999199645,BACKFILL_AUTO
2026-05-23 09:54:59,1779530099,BOOM900,9479.14,-1,0.023000000001047738,BACKFILL_AUTO
2026-05-23 09:55:00,1779530100,BOOM900,9479.138,-1,0.0019999999985884642,BACKFILL_AUTO
2026-05-23 09:55:01,1779530101,BOOM900,9479.129,-1,0.009000000000014552,BACKFILL_AUTO
2026-05-23 09:55:02,1779530102,BOOM900,9479.113,-1,0.01600000000144064,BACKFILL_AUTO
2026-05-23 09:55:03,1779530103,BOOM900,9479.103,-1,0.010000000000218279,BACKFILL_AUTO
2026-05-23 09:55:04,1779530104,BOOM900,9479.096,-1,0.006999999999607098,BACKFILL_AUTO
2026-05-23 09:55:05,1779530105,BOOM900,9479.096,0,0.0,BACKFILL_AUTO
2026-05-23 09:55:06,1779530106,BOOM900,9479.084,-1,0.011999999998806743,BACKFILL_AUTO
2026-05-23 09:55:07,1779530107,BOOM900,9479.076,-1,0.008000000001629815,BACKFILL_AUTO
2026-05-23 09:55:08,1779530108,BOOM900,9479.072,-1,0.003999999998995918,BACKFILL_AUTO
2026-05-23 09:55:09,1779530109,BOOM900,9479.051,-1,0.021000000000640284,BACKFILL_AUTO
2026-05-23 09:55:10,1779530110,BOOM900,9479.046,-1,0.004999999999199645,BACKFILL_AUTO
2026-05-23 09:55:11,1779530111,BOOM900,9479.024,-1,0.02200000000084401,BACKFILL_AUTO
2026-05-23 09:55:12,1779530112,BOOM900,9479.009,-1,0.014999999999417923,BACKFILL_AUTO
2026-05-23 09:55:13,1779530113,BOOM900,9478.998,-1,0.011000000000422006,BACKFILL_AUTO
2026-05-23 09:55:14,1779530114,BOOM900,9478.992,-1,0.0059999999994033715,BACKFILL_AUTO
2026-05-23 09:55:15,1779530115,BOOM900,9478.979,-1,0.01300000000082946,BACKFILL_AUTO
2026-05-23 09:55:16,1779530116,BOOM900,9478.956,-1,0.02299999999922875,BACKFILL_AUTO
2026-05-23 09:55:17,1779530117,BOOM900,9478.948,-1,0.007999999999810825,BACKFILL_AUTO
2026-05-23 09:55:18,1779530118,BOOM900,9478.933,-1,0.014999999999417923,BACKFILL_AUTO
2026-05-23 09:55:19,1779530119,BOOM900,9478.927,-1,0.006000000001222361,BACKFILL_AUTO
2026-05-23 09:55:20,1779530120,BOOM900,9478.915,-1,0.011999999998806743,BACKFILL_AUTO
2026-05-23 09:55:21,1779530121,BOOM900,9478.91,-1,0.005000000001018634,BACKFILL_AUTO
2026-05-23 09:55:22,1779530122,BOOM900,9478.898,-1,0.012000000000625732,BACKFILL_AUTO
2026-05-23 09:55:23,1779530123,BOOM900,9478.897,-1,0.0009999999983847374,BACKFILL_AUTO
2026-05-23 09:55:24,1779530124,BOOM900,9478.879,-1,0.018000000000029104,BACKFILL_AUTO
2026-05-23 09:55:25,1779530125,BOOM900,9478.864,-1,0.015000000001236913,BACKFILL_AUTO
2026-05-23 09:55:26,1779530126,BOOM900,9478.843,-1,0.020999999998821295,BACKFILL_AUTO
2026-05-23 09:55:27,1779530127,BOOM900,9478.841,-1,0.0020000000004074536,BACKFILL_AUTO
2026-05-23 09:55:28,1779530128,BOOM900,9478.826,-1,0.015000000001236913,BACKFILL_AUTO
2026-05-23 09:55:29,1779530129,BOOM900,9478.815,-1,0.010999999998603016,BACKFILL_AUTO
2026-05-23 09:55:30,1779530130,BOOM900,9478.813,-1,0.0020000000004074536,BACKFILL_AUTO
2026-05-23 09:55:31,1779530131,BOOM900,9478.795,-1,0.018000000000029104,BACKFILL_AUTO
2026-05-23 09:55:32,1779530132,BOOM900,9478.78,-1,0.014999999999417923,BACKFILL_AUTO
2026-05-23 09:55:33,1779530133,BOOM900,9478.776,-1,0.004000000000814907,BACKFILL_AUTO
2026-05-23 09:55:34,1779530134,BOOM900,9478.776,0,0.0,BACKFILL_AUTO
2026-05-23 09:55:35,1779530135,BOOM900,9478.762,-1,0.013999999999214197,BACKFILL_AUTO
2026-05-23 09:55:36,1779530136,BOOM900,9478.736,-1,0.02599999999983993,BACKFILL_AUTO
2026-05-23 09:55:37,1779530137,BOOM900,9478.716,-1,0.020000000000436557,BACKFILL_AUTO
2026-05-23 09:55:38,1779530138,BOOM900,9478.712,-1,0.004000000000814907,BACKFILL_AUTO
2026-05-23 09:55:39,1779530139,BOOM900,9478.708,-1,0.003999999998995918,BACKFILL_AUTO
2026-05-23 09:55:40,1779530140,BOOM900,9478.692,-1,0.01600000000144064,BACKFILL_AUTO
2026-05-23 09:55:41,1779530141,BOOM900,9478.676,-1,0.01599999999962165,BACKFILL_AUTO
2026-05-23 09:55:42,1779530142,BOOM900,9478.667,-1,0.009000000000014552,BACKFILL_AUTO
2026-05-23 09:55:43,1779530143,BOOM900,9478.645,-1,0.02199999999902502,BACKFILL_AUTO
2026-05-23 09:55:44,1779530144,BOOM900,9478.643,-1,0.0020000000004074536,BACKFILL_AUTO
2026-05-23 09:55:45,1779530145,BOOM900,9478.633,-1,0.010000000000218279,BACKFILL_AUTO
2026-05-23 09:55:46,1779530146,BOOM900,9478.617,-1,0.01599999999962165,BACKFILL_AUTO
2026-05-23 09:55:47,1779530147,BOOM900,9478.616,-1,0.0010000000002037268,BACKFILL_AUTO
2026-05-23 09:55:48,1779530148,BOOM900,9478.597,-1,0.01900000000023283,BACKFILL_AUTO
2026-05-23 09:55:49,1779530149,BOOM900,9478.582,-1,0.014999999999417923,BACKFILL_AUTO
2026-05-23 09:55:50,1779530150,BOOM900,9478.575,-1,0.006999999999607098,BACKFILL_AUTO
2026-05-23 09:55:51,1779530151,BOOM900,9478.569,-1,0.006000000001222361,BACKFILL_AUTO
2026-05-23 09:55:52,1779530152,BOOM900,9478.549,-1,0.019999999998617568,BACKFILL_AUTO
2026-05-23 09:55:53,1779530153,BOOM900,9478.542,-1,0.007000000001426088,BACKFILL_AUTO
2026-05-23 09:55:54,1779530154,BOOM900,9483.235,1,4.6930000000011205,BACKFILL_AUTO
2026-05-23 09:55:55,1779530155,BOOM900,9483.213,-1,0.02200000000084401,BACKFILL_AUTO
2026-05-23 09:55:56,1779530156,BOOM900,9483.194,-1,0.01900000000023283,BACKFILL_AUTO
2026-05-23 09:55:57,1779530157,BOOM900,9483.18,-1,0.013999999999214197,BACKFILL_AUTO
2026-05-23 09:55:58,1779530158,BOOM900,9483.178,-1,0.0020000000004074536,BACKFILL_AUTO
2026-05-23 09:55:59,1779530159,BOOM900,9483.167,-1,0.011000000000422006,BACKFILL_AUTO
2026-05-23 09:56:00,1779530160,BOOM900,9483.167,0,0.0,BACKFILL_AUTO
2026-05-23 09:56:01,1779530161,BOOM900,9483.158,-1,0.009000000000014552,BACKFILL_AUTO
2026-05-23 09:56:02,1779530162,BOOM900,9483.155,-1,0.002999999998792191,BACKFILL_AUTO
2026-05-23 09:56:03,1779530163,BOOM900,9483.147,-1,0.007999999999810825,BACKFILL_AUTO
2026-05-23 09:56:04,1779530164,BOOM900,9483.134,-1,0.01300000000082946,BACKFILL_AUTO
2026-05-23 09:56:05,1779530165,BOOM900,9483.13,-1,0.004000000000814907,BACKFILL_AUTO
2026-05-23 09:56:06,1779530166,BOOM900,9483.121,-1,0.009000000000014552,BACKFILL_AUTO
2026-05-23 09:56:07,1779530167,BOOM900,9483.086,-1,0.03499999999985448,BACKFILL_AUTO
2026-05-23 09:56:08,1779530168,BOOM900,9483.08,-1,0.0059999999994033715,BACKFILL_AUTO
2026-05-23 09:56:09,1779530169,BOOM900,9483.076,-1,0.004000000000814907,BACKFILL_AUTO
2026-05-23 09:56:10,1779530170,BOOM900,9483.072,-1,0.003999999998995918,BACKFILL_AUTO
2026-05-23 09:56:11,1779530171,BOOM900,9483.059,-1,0.01300000000082946,BACKFILL_AUTO
2026-05-23 09:56:12,1779530172,BOOM900,9483.043,-1,0.01599999999962165,BACKFILL_AUTO
2026-05-23 09:56:13,1779530173,BOOM900,9483.027,-1,0.01599999999962165,BACKFILL_AUTO
2026-05-23 09:56:14,1779530174,BOOM900,9483.026,-1,0.0010000000002037268,BACKFILL_AUTO
2026-05-23 09:56:15,1779530175,BOOM900,9483.01,-1,0.01599999999962165,BACKFILL_AUTO
2026-05-23 09:56:16,1779530176,BOOM900,9482.994,-1,0.01599999999962165,BACKFILL_AUTO
2026-05-23 09:56:17,1779530177,BOOM900,9482.989,-1,0.005000000001018634,BACKFILL_AUTO
2026-05-23 09:56:18,1779530178,BOOM900,9482.97,-1,0.01900000000023283,BACKFILL_AUTO
2026-05-23 09:56:19,1779530179,BOOM900,9482.963,-1,0.006999999999607098,BACKFILL_AUTO
2026-05-23 09:56:20,1779530180,BOOM900,9482.958,-1,0.004999999999199645,BACKFILL_AUTO
2026-05-23 09:56:21,1779530181,BOOM900,9482.952,-1,0.006000000001222361,BACKFILL_AUTO
2026-05-23 09:56:22,1779530182,BOOM900,9482.93,-1,0.02199999999902502,BACKFILL_AUTO
2026-05-23 09:56:23,1779530183,BOOM900,9482.918,-1,0.012000000000625732,BACKFILL_AUTO
2026-05-23 09:56:24,1779530184,BOOM900,9482.904,-1,0.013999999999214197,BACKFILL_AUTO
2026-05-23 09:56:25,1779530185,BOOM900,9482.888,-1,0.01599999999962165,BACKFILL_AUTO
2026-05-23 09:56:26,1779530186,BOOM900,9482.872,-1,0.01600000000144064,BACKFILL_AUTO
2026-05-23 09:56:27,1779530187,BOOM900,9482.871,-1,0.0010000000002037268,BACKFILL_AUTO
2026-05-23 09:56:28,1779530188,BOOM900,9482.846,-1,0.024999999999636202,BACKFILL_AUTO
2026-05-23 09:56:29,1779530189,BOOM900,9482.836,-1,0.010000000000218279,BACKFILL_AUTO
2026-05-23 09:56:30,1779530190,BOOM900,9482.829,-1,0.006999999999607098,BACKFILL_AUTO
2026-05-23 09:56:31,1779530191,BOOM900,9482.822,-1,0.006999999999607098,BACKFILL_AUTO
2026-05-23 09:56:32,1779530192,BOOM900,9482.809,-1,0.01300000000082946,BACKFILL_AUTO
2026-05-23 09:56:33,1779530193,BOOM900,9482.807,-1,0.0019999999985884642,BACKFILL_AUTO
2026-05-23 09:56:34,1779530194,BOOM900,9482.796,-1,0.011000000000422006,BACKFILL_AUTO
2026-05-23 09:56:35,1779530195,BOOM900,9482.791,-1,0.005000000001018634,BACKFILL_AUTO
2026-05-23 09:56:36,1779530196,BOOM900,9482.78,-1,0.010999999998603016,BACKFILL_AUTO
2026-05-23 09:56:37,1779530197,BOOM900,9482.77,-1,0.010000000000218279,BACKFILL_AUTO
2026-05-23 09:56:38,1779530198,BOOM900,9482.765,-1,0.005000000001018634,BACKFILL_AUTO
2026-05-23 09:56:39,1779530199,BOOM900,9482.757,-1,0.007999999999810825,BACKFILL_AUTO
2026-05-23 09:56:40,1779530200,BOOM900,9482.754,-1,0.002999999998792191,BACKFILL_AUTO
2026-05-23 09:56:41,1779530201,BOOM900,9482.738,-1,0.01600000000144064,BACKFILL_AUTO
2026-05-23 09:56:42,1779530202,BOOM900,9482.72,-1,0.018000000000029104,BACKFILL_AUTO
2026-05-23 09:56:43,1779530203,BOOM900,9482.72,0,0.0,BACKFILL_AUTO
2026-05-23 09:56:44,1779530204,BOOM900,9482.711,-1,0.009000000000014552,BACKFILL_AUTO
2026-05-23 09:56:45,1779530205,BOOM900,9482.707,-1,0.003999999998995918,BACKFILL_AUTO
2026-05-23 09:56:46,1779530206,BOOM900,9482.696,-1,0.011000000000422006,BACKFILL_AUTO
2026-05-23 09:56:47,1779530207,BOOM900,9482.685,-1,0.011000000000422006,BACKFILL_AUTO
2026-05-23 09:56:48,1779530208,BOOM900,9482.68,-1,0.004999999999199645,BACKFILL_AUTO
2026-05-23 09:56:49,1779530209,BOOM900,9482.664,-1,0.01599999999962165,BACKFILL_AUTO
2026-05-23 09:56:50,1779530210,BOOM900,9482.654,-1,0.010000000000218279,BACKFILL_AUTO
2026-05-23 09:56:51,1779530211,BOOM900,9482.652,-1,0.0020000000004074536,BACKFILL_AUTO
2026-05-23 09:56:52,1779530212,BOOM900,9482.635,-1,0.016999999999825377,BACKFILL_AUTO
2026-05-23 09:56:53,1779530213,BOOM900,9482.633,-1,0.0020000000004074536,BACKFILL_AUTO
2026-05-23 09:56:54,1779530214,BOOM900,9482.621,-1,0.012000000000625732,BACKFILL_AUTO
2026-05-23 09:56:55,1779530215,BOOM900,9482.616,-1,0.004999999999199645,BACKFILL_AUTO
2026-05-23 09:56:56,1779530216,BOOM900,9482.589,-1,0.027000000000043656,BACKFILL_AUTO
2026-05-23 09:56:57,1779530217,BOOM900,9482.585,-1,0.004000000000814907,BACKFILL_AUTO
2026-05-23 09:56:58,1779530218,BOOM900,9482.567,-1,0.018000000000029104,BACKFILL_AUTO
2026-05-23 09:56:59,1779530219,BOOM900,9482.55,-1,0.016999999999825377,BACKFILL_AUTO
2026-05-23 09:57:00,1779530220,BOOM900,9482.533,-1,0.016999999999825377,BACKFILL_AUTO
2026-05-23 09:57:01,1779530221,BOOM900,9482.522,-1,0.010999999998603016,BACKFILL_AUTO
2026-05-23 09:57:02,1779530222,BOOM900,9482.505,-1,0.017000000001644366,BACKFILL_AUTO
2026-05-23 09:57:03,1779530223,BOOM900,9482.493,-1,0.011999999998806743,BACKFILL_AUTO
2026-05-23 09:57:04,1779530224,BOOM900,9482.487,-1,0.006000000001222361,BACKFILL_AUTO
2026-05-23 09:57:05,1779530225,BOOM900,9482.483,-1,0.003999999998995918,BACKFILL_AUTO
2026-05-23 09:57:06,1779530226,BOOM900,9482.464,-1,0.01900000000023283,BACKFILL_AUTO
2026-05-23 09:57:07,1779530227,BOOM900,9482.45,-1,0.013999999999214197,BACKFILL_AUTO
2026-05-23 09:57:08,1779530228,BOOM900,9482.441,-1,0.009000000000014552,BACKFILL_AUTO
2026-05-23 09:57:09,1779530229,BOOM900,9482.43,-1,0.011000000000422006,BACKFILL_AUTO
2026-05-23 09:57:10,1779530230,BOOM900,9482.412,-1,0.018000000000029104,BACKFILL_AUTO
2026-05-23 09:57:11,1779530231,BOOM900,9482.398,-1,0.014000000001033186,BACKFILL_AUTO
2026-05-23 09:57:12,1779530232,BOOM900,9482.383,-1,0.014999999999417923,BACKFILL_AUTO
2026-05-23 09:57:13,1779530233,BOOM900,9482.379,-1,0.003999999998995918,BACKFILL_AUTO
2026-05-23 09:57:14,1779530234,BOOM900,9482.364,-1,0.015000000001236913,BACKFILL_AUTO
2026-05-23 09:57:15,1779530235,BOOM900,9482.349,-1,0.014999999999417923,BACKFILL_AUTO
2026-05-23 09:57:16,1779530236,BOOM900,9482.337,-1,0.012000000000625732,BACKFILL_AUTO
2026-05-23 09:57:17,1779530237,BOOM900,9482.327,-1,0.010000000000218279,BACKFILL_AUTO
2026-05-23 09:57:18,1779530238,BOOM900,9482.311,-1,0.01599999999962165,BACKFILL_AUTO
2026-05-23 09:57:19,1779530239,BOOM900,9482.301,-1,0.010000000000218279,BACKFILL_AUTO
2026-05-23 09:57:20,1779530240,BOOM900,9482.295,-1,0.0059999999994033715,BACKFILL_AUTO
2026-05-23 09:57:21,1779530241,BOOM900,9482.263,-1,0.0319999999992433,BACKFILL_AUTO
2026-05-23 09:57:22,1779530242,BOOM900,9482.241,-1,0.02200000000084401,BACKFILL_AUTO
2026-05-23 09:57:23,1779530243,BOOM900,9482.228,-1,0.01300000000082946,BACKFILL_AUTO
2026-05-23 09:57:24,1779530244,BOOM900,9482.226,-1,0.0019999999985884642,BACKFILL_AUTO
2026-05-23 09:57:25,1779530245,BOOM900,9482.221,-1,0.005000000001018634,BACKFILL_AUTO
2026-05-23 09:57:26,1779530246,BOOM900,9482.21,-1,0.011000000000422006,BACKFILL_AUTO
2026-05-23 09:57:27,1779530247,BOOM900,9482.206,-1,0.003999999998995918,BACKFILL_AUTO
2026-05-23 09:57:28,1779530248,BOOM900,9482.194,-1,0.012000000000625732,BACKFILL_AUTO
2026-05-23 09:57:29,1779530249,BOOM900,9482.181,-1,0.01299999999901047,BACKFILL_AUTO
2026-05-23 09:57:30,1779530250,BOOM900,9482.16,-1,0.021000000000640284,BACKFILL_AUTO
2026-05-23 09:57:31,1779530251,BOOM900,9482.136,-1,0.023999999999432475,BACKFILL_AUTO
2026-05-23 09:57:32,1779530252,BOOM900,9482.112,-1,0.024000000001251465,BACKFILL_AUTO
2026-05-23 09:57:33,1779530253,BOOM900,9482.102,-1,0.00999999999839929,BACKFILL_AUTO
2026-05-23 09:57:34,1779530254,BOOM900,9482.082,-1,0.020000000000436557,BACKFILL_AUTO
2026-05-23 09:57:35,1779530255,BOOM900,9482.071,-1,0.011000000000422006,BACKFILL_AUTO
2026-05-23 09:57:36,1779530256,BOOM900,9482.07,-1,0.0010000000002037268,BACKFILL_AUTO
2026-05-23 09:57:37,1779530257,BOOM900,9482.064,-1,0.0059999999994033715,BACKFILL_AUTO
2026-05-23 09:57:38,1779530258,BOOM900,9482.059,-1,0.005000000001018634,BACKFILL_AUTO
2026-05-23 09:57:39,1779530259,BOOM900,9482.052,-1,0.006999999999607098,BACKFILL_AUTO
2026-05-23 09:57:40,1779530260,BOOM900,9482.039,-1,0.01299999999901047,BACKFILL_AUTO
2026-05-23 09:57:41,1779530261,BOOM900,9482.027,-1,0.012000000000625732,BACKFILL_AUTO
2026-05-23 09:57:42,1779530262,BOOM900,9482.018,-1,0.009000000000014552,BACKFILL_AUTO
2026-05-23 09:57:43,1779530263,BOOM900,9482.006,-1,0.012000000000625732,BACKFILL_AUTO
2026-05-23 09:57:44,1779530264,BOOM900,9481.996,-1,0.010000000000218279,BACKFILL_AUTO
2026-05-23 09:57:45,1779530265,BOOM900,9481.983,-1,0.01299999999901047,BACKFILL_AUTO
2026-05-23 09:57:46,1779530266,BOOM900,9481.972,-1,0.011000000000422006,BACKFILL_AUTO
2026-05-23 09:57:47,1779530267,BOOM900,9481.965,-1,0.006999999999607098,BACKFILL_AUTO
2026-05-23 09:57:48,1779530268,BOOM900,9481.961,-1,0.004000000000814907,BACKFILL_AUTO
2026-05-23 09:57:49,1779530269,BOOM900,9481.959,-1,0.0019999999985884642,BACKFILL_AUTO
2026-05-23 09:57:50,1779530270,BOOM900,9481.94,-1,0.01900000000023283,BACKFILL_AUTO
2026-05-23 09:57:51,1779530271,BOOM900,9481.923,-1,0.016999999999825377,BACKFILL_AUTO
2026-05-23 09:57:52,1779530272,BOOM900,9496.429,1,14.505999999999403,BACKFILL_AUTO
2026-05-23 09:57:53,1779530273,BOOM900,9496.426,-1,0.0030000000006111804,BACKFILL_AUTO
2026-05-23 09:57:54,1779530274,BOOM900,9496.411,-1,0.014999999999417923,BACKFILL_AUTO
2026-05-23 09:57:55,1779530275,BOOM900,9496.383,-1,0.028000000000247383,BACKFILL_AUTO
2026-05-23 09:57:56,1779530276,BOOM900,9496.365,-1,0.018000000000029104,BACKFILL_AUTO
2026-05-23 09:57:57,1779530277,BOOM900,9496.354,-1,0.011000000000422006,BACKFILL_AUTO
2026-05-23 09:57:58,1779530278,BOOM900,9496.348,-1,0.0059999999994033715,BACKFILL_AUTO
2026-05-23 09:57:59,1779530279,BOOM900,9496.322,-1,0.02599999999983993,BACKFILL_AUTO
2026-05-23 09:58:00,1779530280,BOOM900,9496.313,-1,0.009000000000014552,BACKFILL_AUTO
2026-05-23 09:58:01,1779530281,BOOM900,9496.305,-1,0.007999999999810825,BACKFILL_AUTO
2026-05-23 09:58:02,1779530282,BOOM900,9496.301,-1,0.004000000000814907,BACKFILL_AUTO
2026-05-23 09:58:03,1779530283,BOOM900,9496.299,-1,0.0019999999985884642,BACKFILL_AUTO
2026-05-23 09:58:04,1779530284,BOOM900,9496.275,-1,0.024000000001251465,BACKFILL_AUTO
2026-05-23 09:58:05,1779530285,BOOM900,9496.273,-1,0.0020000000004074536,BACKFILL_AUTO
2026-05-23 09:58:06,1779530286,BOOM900,9496.245,-1,0.027999999998428393,BACKFILL_AUTO
2026-05-23 09:58:07,1779530287,BOOM900,9496.221,-1,0.024000000001251465,BACKFILL_AUTO
2026-05-23 09:58:08,1779530288,BOOM900,9496.211,-1,0.010000000000218279,BACKFILL_AUTO
2026-05-23 09:58:09,1779530289,BOOM900,9496.208,-1,0.002999999998792191,BACKFILL_AUTO
2026-05-23 09:58:10,1779530290,BOOM900,9496.207,-1,0.0010000000002037268,BACKFILL_AUTO
2026-05-23 09:58:11,1779530291,BOOM900,9496.202,-1,0.005000000001018634,BACKFILL_AUTO
2026-05-23 09:58:12,1779530292,BOOM900,9496.191,-1,0.010999999998603016,BACKFILL_AUTO
2026-05-23 09:58:13,1779530293,BOOM900,9496.167,-1,0.024000000001251465,BACKFILL_AUTO
2026-05-23 09:58:14,1779530294,BOOM900,9496.151,-1,0.01599999999962165,BACKFILL_AUTO
2026-05-23 09:58:15,1779530295,BOOM900,9496.145,-1,0.0059999999994033715,BACKFILL_AUTO
2026-05-23 09:58:16,1779530296,BOOM900,9496.139,-1,0.006000000001222361,BACKFILL_AUTO
2026-05-23 09:58:17,1779530297,BOOM900,9496.134,-1,0.004999999999199645,BACKFILL_AUTO
2026-05-23 09:58:18,1779530298,BOOM900,9496.131,-1,0.0030000000006111804,BACKFILL_AUTO
2026-05-23 09:58:19,1779530299,BOOM900,9496.125,-1,0.0059999999994033715,BACKFILL_AUTO
2026-05-23 09:58:20,1779530300,BOOM900,9496.123,-1,0.0020000000004074536,BACKFILL_AUTO
2026-05-23 09:58:21,1779530301,BOOM900,9496.123,0,0.0,BACKFILL_AUTO
2026-05-23 09:58:22,1779530302,BOOM900,9496.119,-1,0.003999999998995918,BACKFILL_AUTO
2026-05-23 09:58:23,1779530303,BOOM900,9496.107,-1,0.012000000000625732,BACKFILL_AUTO
2026-05-23 09:58:24,1779530304,BOOM900,9496.096,-1,0.011000000000422006,BACKFILL_AUTO
2026-05-23 09:58:25,1779530305,BOOM900,9496.084,-1,0.011999999998806743,BACKFILL_AUTO
2026-05-23 09:58:26,1779530306,BOOM900,9496.065,-1,0.01900000000023283,BACKFILL_AUTO
2026-05-23 09:58:27,1779530307,BOOM900,9496.063,-1,0.0020000000004074536,BACKFILL_AUTO
2026-05-23 09:58:28,1779530308,BOOM900,9496.05,-1,0.01300000000082946,BACKFILL_AUTO
2026-05-23 09:58:29,1779530309,BOOM900,9496.044,-1,0.0059999999994033715,BACKFILL_AUTO
2026-05-23 09:58:30,1779530310,BOOM900,9496.04,-1,0.003999999998995918,BACKFILL_AUTO
2026-05-23 09:58:31,1779530311,BOOM900,9496.031,-1,0.009000000000014552,BACKFILL_AUTO
2026-05-23 09:58:32,1779530312,BOOM900,9496.026,-1,0.005000000001018634,BACKFILL_AUTO
2026-05-23 09:58:33,1779530313,BOOM900,9496.019,-1,0.006999999999607098,BACKFILL_AUTO
2026-05-23 09:58:34,1779530314,BOOM900,9496.011,-1,0.007999999999810825,BACKFILL_AUTO
2026-05-23 09:58:35,1779530315,BOOM900,9495.981,-1,0.030000000000654836,BACKFILL_AUTO
2026-05-23 09:58:36,1779530316,BOOM900,9495.977,-1,0.003999999998995918,BACKFILL_AUTO
2026-05-23 09:58:37,1779530317,BOOM900,9495.962,-1,0.015000000001236913,BACKFILL_AUTO
2026-05-23 09:58:38,1779530318,BOOM900,9495.951,-1,0.011000000000422006,BACKFILL_AUTO
2026-05-23 09:58:39,1779530319,BOOM900,9495.948,-1,0.002999999998792191,BACKFILL_AUTO
2026-05-23 09:58:40,1779530320,BOOM900,9495.948,0,0.0,BACKFILL_AUTO
2026-05-23 09:58:41,1779530321,BOOM900,9495.94,-1,0.007999999999810825,BACKFILL_AUTO
2026-05-23 09:58:42,1779530322,BOOM900,9495.935,-1,0.005000000001018634,BACKFILL_AUTO
2026-05-23 09:58:43,1779530323,BOOM900,9495.918,-1,0.016999999999825377,BACKFILL_AUTO
2026-05-23 09:58:44,1779530324,BOOM900,9495.897,-1,0.020999999998821295,BACKFILL_AUTO
2026-05-23 09:58:45,1779530325,BOOM900,9495.886,-1,0.011000000000422006,BACKFILL_AUTO
2026-05-23 09:58:46,1779530326,BOOM900,9495.885,-1,0.0010000000002037268,BACKFILL_AUTO
2026-05-23 09:58:47,1779530327,BOOM900,9495.858,-1,0.027000000000043656,BACKFILL_AUTO
2026-05-23 09:58:48,1779530328,BOOM900,9495.854,-1,0.004000000000814907,BACKFILL_AUTO
2026-05-23 09:58:49,1779530329,BOOM900,9495.846,-1,0.007999999999810825,BACKFILL_AUTO
2026-05-23 09:58:50,1779530330,BOOM900,9495.823,-1,0.02299999999922875,BACKFILL_AUTO
2026-05-23 09:58:51,1779530331,BOOM900,9495.811,-1,0.012000000000625732,BACKFILL_AUTO
2026-05-23 09:58:52,1779530332,BOOM900,9495.796,-1,0.014999999999417923,BACKFILL_AUTO
2026-05-23 09:58:53,1779530333,BOOM900,9495.782,-1,0.014000000001033186,BACKFILL_AUTO
2026-05-23 09:58:54,1779530334,BOOM900,9495.773,-1,0.009000000000014552,BACKFILL_AUTO
2026-05-23 09:58:55,1779530335,BOOM900,9495.748,-1,0.024999999999636202,BACKFILL_AUTO
2026-05-23 09:58:56,1779530336,BOOM900,9495.738,-1,0.010000000000218279,BACKFILL_AUTO
2026-05-23 09:58:57,1779530337,BOOM900,9495.73,-1,0.007999999999810825,BACKFILL_AUTO
2026-05-23 09:58:58,1779530338,BOOM900,9495.695,-1,0.03499999999985448,BACKFILL_AUTO
2026-05-23 09:58:59,1779530339,BOOM900,9495.689,-1,0.0059999999994033715,BACKFILL_AUTO
2026-05-23 09:59:00,1779530340,BOOM900,9495.676,-1,0.01300000000082946,BACKFILL_AUTO
2026-05-23 09:59:01,1779530341,BOOM900,9495.671,-1,0.004999999999199645,BACKFILL_AUTO
2026-05-23 09:59:02,1779530342,BOOM900,9495.663,-1,0.007999999999810825,BACKFILL_AUTO
2026-05-23 09:59:03,1779530343,BOOM900,9495.645,-1,0.018000000000029104,BACKFILL_AUTO
2026-05-23 09:59:04,1779530344,BOOM900,9495.624,-1,0.021000000000640284,BACKFILL_AUTO
2026-05-23 09:59:05,1779530345,BOOM900,9495.616,-1,0.007999999999810825,BACKFILL_AUTO
2026-05-23 09:59:06,1779530346,BOOM900,9495.594,-1,0.02200000000084401,BACKFILL_AUTO
2026-05-23 09:59:07,1779530347,BOOM900,9495.585,-1,0.009000000000014552,BACKFILL_AUTO
2026-05-23 09:59:08,1779530348,BOOM900,9495.581,-1,0.003999999998995918,BACKFILL_AUTO
2026-05-23 09:59:09,1779530349,BOOM900,9495.556,-1,0.024999999999636202,BACKFILL_AUTO
2026-05-23 09:59:10,1779530350,BOOM900,9495.539,-1,0.016999999999825377,BACKFILL_AUTO
2026-05-23 09:59:11,1779530351,BOOM900,9495.535,-1,0.004000000000814907,BACKFILL_AUTO
2026-05-23 09:59:12,1779530352,BOOM900,9495.522,-1,0.01299999999901047,BACKFILL_AUTO
2026-05-23 09:59:13,1779530353,BOOM900,9495.509,-1,0.01300000000082946,BACKFILL_AUTO
2026-05-23 09:59:14,1779530354,BOOM900,9495.493,-1,0.01599999999962165,BACKFILL_AUTO
2026-05-23 09:59:15,1779530355,BOOM900,9495.483,-1,0.010000000000218279,BACKFILL_AUTO
2026-05-23 09:59:16,1779530356,BOOM900,9495.479,-1,0.004000000000814907,BACKFILL_AUTO
2026-05-23 09:59:17,1779530357,BOOM900,9495.469,-1,0.010000000000218279,BACKFILL_AUTO
2026-05-23 09:59:18,1779530358,BOOM900,9495.465,-1,0.003999999998995918,BACKFILL_AUTO
2026-05-23 09:59:19,1779530359,BOOM900,9495.452,-1,0.01300000000082946,BACKFILL_AUTO
2026-05-23 09:59:20,1779530360,BOOM900,9495.446,-1,0.0059999999994033715,BACKFILL_AUTO
2026-05-23 09:59:21,1779530361,BOOM900,9495.42,-1,0.02599999999983993,BACKFILL_AUTO
2026-05-23 09:59:22,1779530362,BOOM900,9495.41,-1,0.010000000000218279,BACKFILL_AUTO
2026-05-23 09:59:23,1779530363,BOOM900,9495.399,-1,0.011000000000422006,BACKFILL_AUTO
2026-05-23 09:59:24,1779530364,BOOM900,9495.382,-1,0.016999999999825377,BACKFILL_AUTO
2026-05-23 09:59:25,1779530365,BOOM900,9495.376,-1,0.0059999999994033715,BACKFILL_AUTO
2026-05-23 09:59:26,1779530366,BOOM900,9495.372,-1,0.004000000000814907,BACKFILL_AUTO
2026-05-23 09:59:27,1779530367,BOOM900,9495.356,-1,0.01599999999962165,BACKFILL_AUTO
2026-05-23 09:59:28,1779530368,BOOM900,9495.35,-1,0.0059999999994033715,BACKFILL_AUTO
2026-05-23 09:59:29,1779530369,BOOM900,9495.335,-1,0.015000000001236913,BACKFILL_AUTO
2026-05-23 09:59:30,1779530370,BOOM900,9495.333,-1,0.0019999999985884642,BACKFILL_AUTO
2026-05-23 09:59:31,1779530371,BOOM900,9495.326,-1,0.007000000001426088,BACKFILL_AUTO
2026-05-23 09:59:32,1779530372,BOOM900,9495.303,-1,0.02299999999922875,BACKFILL_AUTO
2026-05-23 09:59:33,1779530373,BOOM900,9495.299,-1,0.003999999998995918,BACKFILL_AUTO
2026-05-23 09:59:34,1779530374,BOOM900,9495.298,-1,0.0010000000002037268,BACKFILL_AUTO
2026-05-23 09:59:35,1779530375,BOOM900,9495.278,-1,0.020000000000436557,BACKFILL_AUTO
2026-05-23 09:59:36,1779530376,BOOM900,9495.264,-1,0.014000000001033186,BACKFILL_AUTO
2026-05-23 09:59:37,1779530377,BOOM900,9495.256,-1,0.007999999999810825,BACKFILL_AUTO
2026-05-23 09:59:38,1779530378,BOOM900,9495.214,-1,0.04199999999946158,BACKFILL_AUTO
2026-05-23 09:59:39,1779530379,BOOM900,9495.211,-1,0.0030000000006111804,BACKFILL_AUTO
2026-05-23 09:59:40,1779530380,BOOM900,9495.206,-1,0.004999999999199645,BACKFILL_AUTO
2026-05-23 09:59:41,1779530381,BOOM900,9495.203,-1,0.0030000000006111804,BACKFILL_AUTO
2026-05-23 09:59:42,1779530382,BOOM900,9495.188,-1,0.014999999999417923,BACKFILL_AUTO
2026-05-23 09:59:43,1779530383,BOOM900,9495.172,-1,0.01599999999962165,BACKFILL_AUTO
2026-05-23 09:59:44,1779530384,BOOM900,9495.164,-1,0.007999999999810825,BACKFILL_AUTO
2026-05-23 09:59:45,1779530385,BOOM900,9495.148,-1,0.01600000000144064,BACKFILL_AUTO
2026-05-23 09:59:46,1779530386,BOOM900,9495.131,-1,0.016999999999825377,BACKFILL_AUTO
2026-05-23 09:59:47,1779530387,BOOM900,9495.126,-1,0.004999999999199645,BACKFILL_AUTO
2026-05-23 09:59:48,1779530388,BOOM900,9495.121,-1,0.005000000001018634,BACKFILL_AUTO
2026-05-23 09:59:49,1779530389,BOOM900,9495.115,-1,0.0059999999994033715,BACKFILL_AUTO
2026-05-23 09:59:50,1779530390,BOOM900,9495.106,-1,0.009000000000014552,BACKFILL_AUTO
2026-05-23 09:59:51,1779530391,BOOM900,9495.103,-1,0.0030000000006111804,BACKFILL_AUTO
2026-05-23 09:59:52,1779530392,BOOM900,9495.089,-1,0.013999999999214197,BACKFILL_AUTO
2026-05-23 09:59:53,1779530393,BOOM900,9495.086,-1,0.0030000000006111804,BACKFILL_AUTO
2026-05-23 09:59:54,1779530394,BOOM900,9495.085,-1,0.0010000000002037268,BACKFILL_AUTO
2026-05-23 09:59:55,1779530395,BOOM900,9495.084,-1,0.0009999999983847374,BACKFILL_AUTO
2026-05-23 09:59:56,1779530396,BOOM900,9495.055,-1,0.02900000000045111,BACKFILL_AUTO
2026-05-23 09:59:57,1779530397,BOOM900,9495.045,-1,0.010000000000218279,BACKFILL_AUTO
2026-05-23 09:59:58,1779530398,BOOM900,9495.03,-1,0.014999999999417923,BACKFILL_AUTO
2026-05-23 09:59:59,1779530399,BOOM900,9495.026,-1,0.004000000000814907,BACKFILL_AUTO
2026-05-23 10:00:00,1779530400,BOOM900,9495.021,-1,0.004999999999199645,BACKFILL_AUTO
2026-05-23 10:00:01,1779530401,BOOM900,9495.003,-1,0.018000000000029104,BACKFILL_AUTO
2026-05-23 10:00:02,1779530402,BOOM900,9494.989,-1,0.014000000001033186,BACKFILL_AUTO
2026-05-23 10:00:03,1779530403,BOOM900,9494.976,-1,0.01299999999901047,BACKFILL_AUTO
2026-05-23 10:00:04,1779530404,BOOM900,9494.953,-1,0.023000000001047738,BACKFILL_AUTO
2026-05-23 10:00:05,1779530405,BOOM900,9494.94,-1,0.01299999999901047,BACKFILL_AUTO
2026-05-23 10:00:06,1779530406,BOOM900,9494.927,-1,0.01300000000082946,BACKFILL_AUTO
2026-05-23 10:00:07,1779530407,BOOM900,9494.91,-1,0.016999999999825377,BACKFILL_AUTO
2026-05-23 10:00:08,1779530408,BOOM900,9494.907,-1,0.0030000000006111804,BACKFILL_AUTO
2026-05-23 10:00:09,1779530409,BOOM900,9494.897,-1,0.00999999999839929,BACKFILL_AUTO
2026-05-23 10:00:10,1779530410,BOOM900,9494.868,-1,0.02900000000045111,BACKFILL_AUTO
2026-05-23 10:00:11,1779530411,BOOM900,9494.842,-1,0.02599999999983993,BACKFILL_AUTO
2026-05-23 10:00:12,1779530412,BOOM900,9494.833,-1,0.009000000000014552,BACKFILL_AUTO
2026-05-23 10:00:13,1779530413,BOOM900,9494.829,-1,0.004000000000814907,BACKFILL_AUTO
2026-05-23 10:00:14,1779530414,BOOM900,9494.802,-1,0.027000000000043656,BACKFILL_AUTO
2026-05-23 10:00:15,1779530415,BOOM900,9494.797,-1,0.004999999999199645,BACKFILL_AUTO
2026-05-23 10:00:16,1779530416,BOOM900,9494.795,-1,0.0020000000004074536,BACKFILL_AUTO
2026-05-23 10:00:17,1779530417,BOOM900,9494.789,-1,0.0059999999994033715,BACKFILL_AUTO
2026-05-23 10:00:18,1779530418,BOOM900,9494.771,-1,0.018000000000029104,BACKFILL_AUTO
2026-05-23 10:00:19,1779530419,BOOM900,9494.743,-1,0.028000000000247383,BACKFILL_AUTO
2026-05-23 10:00:20,1779530420,BOOM900,9494.739,-1,0.004000000000814907,BACKFILL_AUTO
2026-05-23 10:00:21,1779530421,BOOM900,9494.721,-1,0.018000000000029104,BACKFILL_AUTO
2026-05-23 10:00:22,1779530422,BOOM900,9494.716,-1,0.004999999999199645,BACKFILL_AUTO
2026-05-23 10:00:23,1779530423,BOOM900,9494.691,-1,0.024999999999636202,BACKFILL_AUTO
2026-05-23 10:00:24,1779530424,BOOM900,9494.683,-1,0.007999999999810825,BACKFILL_AUTO
2026-05-23 10:00:25,1779530425,BOOM900,9494.673,-1,0.010000000000218279,BACKFILL_AUTO
2026-05-23 10:00:26,1779530426,BOOM900,9494.671,-1,0.0020000000004074536,BACKFILL_AUTO
2026-05-23 10:00:27,1779530427,BOOM900,9494.669,-1,0.0020000000004074536,BACKFILL_AUTO
2026-05-23 10:00:28,1779530428,BOOM900,9494.659,-1,0.010000000000218279,BACKFILL_AUTO
2026-05-23 10:00:29,1779530429,BOOM900,9494.64,-1,0.01900000000023283,BACKFILL_AUTO
2026-05-23 10:00:30,1779530430,BOOM900,9494.617,-1,0.02299999999922875,BACKFILL_AUTO
2026-05-23 10:00:31,1779530431,BOOM900,9494.585,-1,0.03200000000106229,BACKFILL_AUTO
2026-05-23 10:00:32,1779530432,BOOM900,9494.577,-1,0.007999999999810825,BACKFILL_AUTO
2026-05-23 10:00:33,1779530433,BOOM900,9494.572,-1,0.004999999999199645,BACKFILL_AUTO
2026-05-23 10:00:34,1779530434,BOOM900,9494.558,-1,0.013999999999214197,BACKFILL_AUTO
2026-05-23 10:00:35,1779530435,BOOM900,9494.546,-1,0.012000000000625732,BACKFILL_AUTO
2026-05-23 10:00:36,1779530436,BOOM900,9494.533,-1,0.01300000000082946,BACKFILL_AUTO
2026-05-23 10:00:37,1779530437,BOOM900,9494.508,-1,0.024999999999636202,BACKFILL_AUTO
2026-05-23 10:00:38,1779530438,BOOM900,9494.494,-1,0.013999999999214197,BACKFILL_AUTO
2026-05-23 10:00:39,1779530439,BOOM900,9494.48,-1,0.014000000001033186,BACKFILL_AUTO
2026-05-23 10:00:40,1779530440,BOOM900,9494.471,-1,0.009000000000014552,BACKFILL_AUTO
2026-05-23 10:00:41,1779530441,BOOM900,9494.465,-1,0.0059999999994033715,BACKFILL_AUTO
2026-05-23 10:00:42,1779530442,BOOM900,9494.464,-1,0.0010000000002037268,BACKFILL_AUTO
2026-05-23 10:00:43,1779530443,BOOM900,9494.462,-1,0.0020000000004074536,BACKFILL_AUTO
2026-05-23 10:00:44,1779530444,BOOM900,9494.441,-1,0.020999999998821295,BACKFILL_AUTO
2026-05-23 10:00:45,1779530445,BOOM900,9494.436,-1,0.005000000001018634,BACKFILL_AUTO
2026-05-23 10:00:46,1779530446,BOOM900,9494.422,-1,0.013999999999214197,BACKFILL_AUTO
2026-05-23 10:00:47,1779530447,BOOM900,9494.405,-1,0.016999999999825377,BACKFILL_AUTO
2026-05-23 10:00:48,1779530448,BOOM900,9494.396,-1,0.009000000000014552,BACKFILL_AUTO
2026-05-23 10:00:49,1779530449,BOOM900,9494.391,-1,0.005000000001018634,BACKFILL_AUTO
2026-05-23 10:00:50,1779530450,BOOM900,9494.39,-1,0.0010000000002037268,BACKFILL_AUTO
2026-05-23 10:00:51,1779530451,BOOM900,9494.374,-1,0.01599999999962165,BACKFILL_AUTO
2026-05-23 10:00:52,1779530452,BOOM900,9494.37,-1,0.003999999998995918,BACKFILL_AUTO
2026-05-23 10:00:53,1779530453,BOOM900,9494.37,0,0.0,BACKFILL_AUTO
2026-05-23 10:00:54,1779530454,BOOM900,9494.367,-1,0.0030000000006111804,BACKFILL_AUTO
2026-05-23 10:00:55,1779530455,BOOM900,9494.362,-1,0.005000000001018634,BACKFILL_AUTO
2026-05-23 10:00:56,1779530456,BOOM900,9494.351,-1,0.010999999998603016,BACKFILL_AUTO
2026-05-23 10:00:57,1779530457,BOOM900,9494.327,-1,0.024000000001251465,BACKFILL_AUTO
2026-05-23 10:00:58,1779530458,BOOM900,9494.303,-1,0.023999999999432475,BACKFILL_AUTO
2026-05-23 10:00:59,1779530459,BOOM900,9494.28,-1,0.02299999999922875,BACKFILL_AUTO
2026-05-23 10:01:00,1779530460,BOOM900,9494.276,-1,0.004000000000814907,BACKFILL_AUTO
2026-05-23 10:01:01,1779530461,BOOM900,9494.27,-1,0.0059999999994033715,BACKFILL_AUTO
2026-05-23 10:01:02,1779530462,BOOM900,9494.258,-1,0.012000000000625732,BACKFILL_AUTO
2026-05-23 10:01:03,1779530463,BOOM900,9494.24,-1,0.018000000000029104,BACKFILL_AUTO
2026-05-23 10:01:04,1779530464,BOOM900,9494.227,-1,0.01299999999901047,BACKFILL_AUTO
2026-05-23 10:01:05,1779530465,BOOM900,9494.227,0,0.0,BACKFILL_AUTO
2026-05-23 10:01:06,1779530466,BOOM900,9494.214,-1,0.01300000000082946,BACKFILL_AUTO
2026-05-23 10:01:07,1779530467,BOOM900,9494.191,-1,0.02299999999922875,BACKFILL_AUTO
2026-05-23 10:01:08,1779530468,BOOM900,9494.169,-1,0.02200000000084401,BACKFILL_AUTO
2026-05-23 10:01:09,1779530469,BOOM900,9494.163,-1,0.0059999999994033715,BACKFILL_AUTO
2026-05-23 10:01:10,1779530470,BOOM900,9494.16,-1,0.0030000000006111804,BACKFILL_AUTO
2026-05-23 10:01:11,1779530471,BOOM900,9494.15,-1,0.010000000000218279,BACKFILL_AUTO
2026-05-23 10:01:12,1779530472,BOOM900,9494.132,-1,0.018000000000029104,BACKFILL_AUTO
2026-05-23 10:01:13,1779530473,BOOM900,9494.098,-1,0.033999999999650754,BACKFILL_AUTO
2026-05-23 10:01:14,1779530474,BOOM900,9494.096,-1,0.0020000000004074536,BACKFILL_AUTO
2026-05-23 10:01:15,1779530475,BOOM900,9494.091,-1,0.004999999999199645,BACKFILL_AUTO
2026-05-23 10:01:16,1779530476,BOOM900,9494.089,-1,0.0020000000004074536,BACKFILL_AUTO
2026-05-23 10:01:17,1779530477,BOOM900,9494.087,-1,0.0020000000004074536,BACKFILL_AUTO
2026-05-23 10:01:18,1779530478,BOOM900,9494.085,-1,0.0020000000004074536,BACKFILL_AUTO
2026-05-23 10:01:19,1779530479,BOOM900,9494.067,-1,0.018000000000029104,BACKFILL_AUTO
2026-05-23 10:01:20,1779530480,BOOM900,9494.057,-1,0.00999999999839929,BACKFILL_AUTO
2026-05-23 10:01:21,1779530481,BOOM900,9494.045,-1,0.012000000000625732,BACKFILL_AUTO
2026-05-23 10:01:22,1779530482,BOOM900,9494.036,-1,0.009000000000014552,BACKFILL_AUTO
2026-05-23 10:01:23,1779530483,BOOM900,9494.025,-1,0.011000000000422006,BACKFILL_AUTO
2026-05-23 10:01:24,1779530484,BOOM900,9494.017,-1,0.007999999999810825,BACKFILL_AUTO
2026-05-23 10:01:25,1779530485,BOOM900,9494.008,-1,0.009000000000014552,BACKFILL_AUTO
2026-05-23 10:01:26,1779530486,BOOM900,9493.999,-1,0.009000000000014552,BACKFILL_AUTO
2026-05-23 10:01:27,1779530487,BOOM900,9493.991,-1,0.007999999999810825,BACKFILL_AUTO
2026-05-23 10:01:28,1779530488,BOOM900,9493.987,-1,0.004000000000814907,BACKFILL_AUTO
2026-05-23 10:01:29,1779530489,BOOM900,9493.986,-1,0.0009999999983847374,BACKFILL_AUTO
2026-05-23 10:01:30,1779530490,BOOM900,9493.97,-1,0.01600000000144064,BACKFILL_AUTO
2026-05-23 10:01:31,1779530491,BOOM900,9493.959,-1,0.010999999998603016,BACKFILL_AUTO
2026-05-23 10:01:32,1779530492,BOOM900,9493.954,-1,0.005000000001018634,BACKFILL_AUTO
2026-05-23 10:01:33,1779530493,BOOM900,9493.951,-1,0.0030000000006111804,BACKFILL_AUTO
2026-05-23 10:01:34,1779530494,BOOM900,9493.948,-1,0.002999999998792191,BACKFILL_AUTO
2026-05-23 10:01:35,1779530495,BOOM900,9493.948,0,0.0,BACKFILL_AUTO
2026-05-23 10:01:36,1779530496,BOOM900,9493.932,-1,0.01599999999962165,BACKFILL_AUTO
2026-05-23 10:01:37,1779530497,BOOM900,9493.924,-1,0.007999999999810825,BACKFILL_AUTO
2026-05-23 10:01:38,1779530498,BOOM900,9493.914,-1,0.010000000000218279,BACKFILL_AUTO
2026-05-23 10:01:39,1779530499,BOOM900,9493.91,-1,0.004000000000814907,BACKFILL_AUTO
2026-05-23 10:01:40,1779530500,BOOM900,9493.907,-1,0.0030000000006111804,BACKFILL_AUTO
2026-05-23 10:01:41,1779530501,BOOM900,9493.903,-1,0.003999999998995918,BACKFILL_AUTO
2026-05-23 10:01:42,1779530502,BOOM900,9493.879,-1,0.023999999999432475,BACKFILL_AUTO
2026-05-23 10:01:43,1779530503,BOOM900,9493.875,-1,0.004000000000814907,BACKFILL_AUTO
2026-05-23 10:01:44,1779530504,BOOM900,9493.863,-1,0.012000000000625732,BACKFILL_AUTO
2026-05-23 10:01:45,1779530505,BOOM900,9493.852,-1,0.010999999998603016,BACKFILL_AUTO
2026-05-23 10:01:46,1779530506,BOOM900,9493.84,-1,0.012000000000625732,BACKFILL_AUTO
2026-05-23 10:01:47,1779530507,BOOM900,9493.831,-1,0.009000000000014552,BACKFILL_AUTO
2026-05-23 10:01:48,1779530508,BOOM900,9493.816,-1,0.014999999999417923,BACKFILL_AUTO
2026-05-23 10:01:49,1779530509,BOOM900,9493.812,-1,0.004000000000814907,BACKFILL_AUTO
2026-05-23 10:01:50,1779530510,BOOM900,9493.782,-1,0.030000000000654836,BACKFILL_AUTO
2026-05-23 10:01:51,1779530511,BOOM900,9493.781,-1,0.0009999999983847374,BACKFILL_AUTO
2026-05-23 10:01:52,1779530512,BOOM900,9493.774,-1,0.007000000001426088,BACKFILL_AUTO
2026-05-23 10:01:53,1779530513,BOOM900,9493.765,-1,0.009000000000014552,BACKFILL_AUTO
2026-05-23 10:01:54,1779530514,BOOM900,9493.76,-1,0.004999999999199645,BACKFILL_AUTO
2026-05-23 10:01:55,1779530515,BOOM900,9493.748,-1,0.012000000000625732,BACKFILL_AUTO
2026-05-23 10:01:56,1779530516,BOOM900,9493.729,-1,0.01900000000023283,BACKFILL_AUTO
2026-05-23 10:01:57,1779530517,BOOM900,9493.711,-1,0.018000000000029104,BACKFILL_AUTO
2026-05-23 10:01:58,1779530518,BOOM900,9493.707,-1,0.003999999998995918,BACKFILL_AUTO
2026-05-23 10:01:59,1779530519,BOOM900,9493.692,-1,0.015000000001236913,BACKFILL_AUTO
2026-05-23 10:02:00,1779530520,BOOM900,9493.681,-1,0.010999999998603016,BACKFILL_AUTO
2026-05-23 10:02:01,1779530521,BOOM900,9493.664,-1,0.016999999999825377,BACKFILL_AUTO
2026-05-23 10:02:02,1779530522,BOOM900,9493.649,-1,0.015000000001236913,BACKFILL_AUTO
2026-05-23 10:02:03,1779530523,BOOM900,9493.641,-1,0.007999999999810825,BACKFILL_AUTO
2026-05-23 10:02:04,1779530524,BOOM900,9493.633,-1,0.007999999999810825,BACKFILL_AUTO
2026-05-23 10:02:05,1779530525,BOOM900,9493.622,-1,0.011000000000422006,BACKFILL_AUTO
2026-05-23 10:02:06,1779530526,BOOM900,9493.621,-1,0.0010000000002037268,BACKFILL_AUTO
2026-05-23 10:02:07,1779530527,BOOM900,9493.602,-1,0.01899999999841384,BACKFILL_AUTO
2026-05-23 10:02:08,1779530528,BOOM900,9493.6,-1,0.0020000000004074536,BACKFILL_AUTO
2026-05-23 10:02:09,1779530529,BOOM900,9493.582,-1,0.018000000000029104,BACKFILL_AUTO
2026-05-23 10:02:10,1779530530,BOOM900,9493.581,-1,0.0010000000002037268,BACKFILL_AUTO
2026-05-23 10:02:11,1779530531,BOOM900,9493.566,-1,0.014999999999417923,BACKFILL_AUTO
2026-05-23 10:02:12,1779530532,BOOM900,9493.554,-1,0.012000000000625732,BACKFILL_AUTO
2026-05-23 10:02:13,1779530533,BOOM900,9493.547,-1,0.006999999999607098,BACKFILL_AUTO
2026-05-23 10:02:14,1779530534,BOOM900,9493.529,-1,0.018000000000029104,BACKFILL_AUTO
2026-05-23 10:02:15,1779530535,BOOM900,9493.52,-1,0.009000000000014552,BACKFILL_AUTO
2026-05-23 10:02:16,1779530536,BOOM900,9493.509,-1,0.011000000000422006,BACKFILL_AUTO
2026-05-23 10:02:17,1779530537,BOOM900,9493.504,-1,0.004999999999199645,BACKFILL_AUTO
2026-05-23 10:02:18,1779530538,BOOM900,9493.494,-1,0.010000000000218279,BACKFILL_AUTO
2026-05-23 10:02:19,1779530539,BOOM900,9493.484,-1,0.010000000000218279,BACKFILL_AUTO
2026-05-23 10:02:20,1779530540,BOOM900,9493.48,-1,0.004000000000814907,BACKFILL_AUTO
2026-05-23 10:02:21,1779530541,BOOM900,9493.468,-1,0.011999999998806743,BACKFILL_AUTO
2026-05-23 10:02:22,1779530542,BOOM900,9493.454,-1,0.014000000001033186,BACKFILL_AUTO
2026-05-23 10:02:23,1779530543,BOOM900,9493.452,-1,0.0020000000004074536,BACKFILL_AUTO
2026-05-23 10:02:24,1779530544,BOOM900,9493.433,-1,0.01899999999841384,BACKFILL_AUTO
2026-05-23 10:02:25,1779530545,BOOM900,9493.42,-1,0.01300000000082946,BACKFILL_AUTO
2026-05-23 10:02:26,1779530546,BOOM900,9493.412,-1,0.007999999999810825,BACKFILL_AUTO
2026-05-23 10:02:27,1779530547,BOOM900,9493.397,-1,0.014999999999417923,BACKFILL_AUTO
2026-05-23 10:02:28,1779530548,BOOM900,9493.377,-1,0.020000000000436557,BACKFILL_AUTO
2026-05-23 10:02:29,1779530549,BOOM900,9493.354,-1,0.023000000001047738,BACKFILL_AUTO
2026-05-23 10:02:30,1779530550,BOOM900,9493.351,-1,0.002999999998792191,BACKFILL_AUTO
2026-05-23 10:02:31,1779530551,BOOM900,9493.346,-1,0.005000000001018634,BACKFILL_AUTO
2026-05-23 10:02:32,1779530552,BOOM900,9493.33,-1,0.01599999999962165,BACKFILL_AUTO
2026-05-23 10:02:33,1779530553,BOOM900,9493.329,-1,0.0010000000002037268,BACKFILL_AUTO
2026-05-23 10:02:34,1779530554,BOOM900,9493.329,0,0.0,BACKFILL_AUTO
2026-05-23 10:02:35,1779530555,BOOM900,9493.316,-1,0.01299999999901047,BACKFILL_AUTO
2026-05-23 10:02:36,1779530556,BOOM900,9493.29,-1,0.02599999999983993,BACKFILL_AUTO
2026-05-23 10:02:37,1779530557,BOOM900,9493.286,-1,0.004000000000814907,BACKFILL_AUTO
2026-05-23 10:02:38,1779530558,BOOM900,9493.275,-1,0.011000000000422006,BACKFILL_AUTO
2026-05-23 10:02:39,1779530559,BOOM900,9493.253,-1,0.02199999999902502,BACKFILL_AUTO
2026-05-23 10:02:40,1779530560,BOOM900,9493.25,-1,0.0030000000006111804,BACKFILL_AUTO
2026-05-23 10:02:41,1779530561,BOOM900,9493.239,-1,0.011000000000422006,BACKFILL_AUTO
2026-05-23 10:02:42,1779530562,BOOM900,9493.232,-1,0.006999999999607098,BACKFILL_AUTO
2026-05-23 10:02:43,1779530563,BOOM900,9493.229,-1,0.0030000000006111804,BACKFILL_AUTO
2026-05-23 10:02:44,1779530564,BOOM900,9493.204,-1,0.024999999999636202,BACKFILL_AUTO
2026-05-23 10:02:45,1779530565,BOOM900,9493.196,-1,0.007999999999810825,BACKFILL_AUTO
2026-05-23 10:02:46,1779530566,BOOM900,9493.176,-1,0.020000000000436557,BACKFILL_AUTO
2026-05-23 10:02:47,1779530567,BOOM900,9493.165,-1,0.010999999998603016,BACKFILL_AUTO
2026-05-23 10:02:48,1779530568,BOOM900,9493.147,-1,0.018000000000029104,BACKFILL_AUTO
2026-05-23 10:02:49,1779530569,BOOM900,9493.14,-1,0.007000000001426088,BACKFILL_AUTO
2026-05-23 10:02:50,1779530570,BOOM900,9493.137,-1,0.002999999998792191,BACKFILL_AUTO
2026-05-23 10:02:51,1779530571,BOOM900,9493.121,-1,0.01600000000144064,BACKFILL_AUTO
2026-05-23 10:02:52,1779530572,BOOM900,9493.116,-1,0.004999999999199645,BACKFILL_AUTO
2026-05-23 10:02:53,1779530573,BOOM900,9493.109,-1,0.006999999999607098,BACKFILL_AUTO
2026-05-23 10:02:54,1779530574,BOOM900,9493.108,-1,0.0010000000002037268,BACKFILL_AUTO
2026-05-23 10:02:55,1779530575,BOOM900,9493.103,-1,0.005000000001018634,BACKFILL_AUTO
2026-05-23 10:02:56,1779530576,BOOM900,9493.088,-1,0.014999999999417923,BACKFILL_AUTO
2026-05-23 10:02:57,1779530577,BOOM900,9493.073,-1,0.014999999999417923,BACKFILL_AUTO
2026-05-23 10:02:58,1779530578,BOOM900,9493.063,-1,0.010000000000218279,BACKFILL_AUTO
2026-05-23 10:02:59,1779530579,BOOM900,9493.042,-1,0.021000000000640284,BACKFILL_AUTO
2026-05-23 10:03:00,1779530580,BOOM900,9493.04,-1,0.0019999999985884642,BACKFILL_AUTO
2026-05-23 10:03:01,1779530581,BOOM900,9493.035,-1,0.005000000001018634,BACKFILL_AUTO
2026-05-23 10:03:02,1779530582,BOOM900,9493.019,-1,0.01599999999962165,BACKFILL_AUTO
2026-05-23 10:03:03,1779530583,BOOM900,9493.019,0,0.0,BACKFILL_AUTO
2026-05-23 10:03:04,1779530584,BOOM900,9493.001,-1,0.018000000000029104,BACKFILL_AUTO
2026-05-23 10:03:05,1779530585,BOOM900,9492.994,-1,0.006999999999607098,BACKFILL_AUTO
2026-05-23 10:03:06,1779530586,BOOM900,9492.991,-1,0.0030000000006111804,BACKFILL_AUTO
2026-05-23 10:03:07,1779530587,BOOM900,9492.98,-1,0.011000000000422006,BACKFILL_AUTO
2026-05-23 10:03:08,1779530588,BOOM900,9492.979,-1,0.0010000000002037268,BACKFILL_AUTO
2026-05-23 10:03:09,1779530589,BOOM900,9492.96,-1,0.01900000000023283,BACKFILL_AUTO
2026-05-23 10:03:10,1779530590,BOOM900,9492.959,-1,0.0009999999983847374,BACKFILL_AUTO
2026-05-23 10:03:11,1779530591,BOOM900,9492.946,-1,0.01300000000082946,BACKFILL_AUTO
2026-05-23 10:03:12,1779530592,BOOM900,9492.936,-1,0.010000000000218279,BACKFILL_AUTO
2026-05-23 10:03:13,1779530593,BOOM900,9492.92,-1,0.01599999999962165,BACKFILL_AUTO
2026-05-23 10:03:14,1779530594,BOOM900,9492.902,-1,0.018000000000029104,BACKFILL_AUTO
2026-05-23 10:03:15,1779530595,BOOM900,9492.882,-1,0.020000000000436557,BACKFILL_AUTO
2026-05-23 10:03:16,1779530596,BOOM900,9492.873,-1,0.009000000000014552,BACKFILL_AUTO
2026-05-23 10:03:17,1779530597,BOOM900,9492.873,0,0.0,BACKFILL_AUTO
2026-05-23 10:03:18,1779530598,BOOM900,9492.85,-1,0.02299999999922875,BACKFILL_AUTO
2026-05-23 10:03:19,1779530599,BOOM900,9492.839,-1,0.011000000000422006,BACKFILL_AUTO
2026-05-23 10:03:20,1779530600,BOOM900,9492.813,-1,0.02599999999983993,BACKFILL_AUTO
2026-05-23 10:03:21,1779530601,BOOM900,9492.791,-1,0.02200000000084401,BACKFILL_AUTO
2026-05-23 10:03:22,1779530602,BOOM900,9492.774,-1,0.016999999999825377,BACKFILL_AUTO
2026-05-23 10:03:23,1779530603,BOOM900,9492.754,-1,0.019999999998617568,BACKFILL_AUTO
2026-05-23 10:03:24,1779530604,BOOM900,9492.734,-1,0.020000000000436557,BACKFILL_AUTO
2026-05-23 10:03:25,1779530605,BOOM900,9492.706,-1,0.028000000000247383,BACKFILL_AUTO
2026-05-23 10:03:26,1779530606,BOOM900,9492.7,-1,0.0059999999994033715,BACKFILL_AUTO
2026-05-23 10:03:27,1779530607,BOOM900,9492.699,-1,0.0010000000002037268,BACKFILL_AUTO
2026-05-23 10:03:28,1779530608,BOOM900,9492.678,-1,0.021000000000640284,BACKFILL_AUTO
2026-05-23 10:03:29,1779530609,BOOM900,9492.674,-1,0.003999999998995918,BACKFILL_AUTO
2026-05-23 10:03:30,1779530610,BOOM900,9492.672,-1,0.0020000000004074536,BACKFILL_AUTO
2026-05-23 10:03:31,1779530611,BOOM900,9492.67,-1,0.0020000000004074536,BACKFILL_AUTO
2026-05-23 10:03:32,1779530612,BOOM900,9492.655,-1,0.014999999999417923,BACKFILL_AUTO
2026-05-23 10:03:33,1779530613,BOOM900,9492.645,-1,0.010000000000218279,BACKFILL_AUTO
2026-05-23 10:03:34,1779530614,BOOM900,9492.627,-1,0.018000000000029104,BACKFILL_AUTO
2026-05-23 10:03:35,1779530615,BOOM900,9492.609,-1,0.018000000000029104,BACKFILL_AUTO
2026-05-23 10:03:36,1779530616,BOOM900,9492.602,-1,0.006999999999607098,BACKFILL_AUTO
2026-05-23 10:03:37,1779530617,BOOM900,9492.584,-1,0.018000000000029104,BACKFILL_AUTO
2026-05-23 10:03:38,1779530618,BOOM900,9492.577,-1,0.007000000001426088,BACKFILL_AUTO
2026-05-23 10:03:39,1779530619,BOOM900,9492.568,-1,0.009000000000014552,BACKFILL_AUTO
2026-05-23 10:03:40,1779530620,BOOM900,9492.559,-1,0.009000000000014552,BACKFILL_AUTO
2026-05-23 10:03:41,1779530621,BOOM900,9492.545,-1,0.013999999999214197,BACKFILL_AUTO
2026-05-23 10:03:42,1779530622,BOOM900,9492.532,-1,0.01300000000082946,BACKFILL_AUTO
2026-05-23 10:03:43,1779530623,BOOM900,9492.52,-1,0.011999999998806743,BACKFILL_AUTO
2026-05-23 10:03:44,1779530624,BOOM900,9492.512,-1,0.007999999999810825,BACKFILL_AUTO
2026-05-23 10:03:45,1779530625,BOOM900,9492.505,-1,0.007000000001426088,BACKFILL_AUTO
2026-05-23 10:03:46,1779530626,BOOM900,9492.488,-1,0.016999999999825377,BACKFILL_AUTO
2026-05-23 10:03:47,1779530627,BOOM900,9492.472,-1,0.01599999999962165,BACKFILL_AUTO
2026-05-23 10:03:48,1779530628,BOOM900,9492.472,0,0.0,BACKFILL_AUTO
2026-05-23 10:03:49,1779530629,BOOM900,9492.458,-1,0.013999999999214197,BACKFILL_AUTO
2026-05-23 10:03:50,1779530630,BOOM900,9492.447,-1,0.011000000000422006,BACKFILL_AUTO
2026-05-23 10:03:51,1779530631,BOOM900,9492.439,-1,0.007999999999810825,BACKFILL_AUTO
2026-05-23 10:03:52,1779530632,BOOM900,9492.428,-1,0.011000000000422006,BACKFILL_AUTO
2026-05-23 10:03:53,1779530633,BOOM900,9492.417,-1,0.011000000000422006,BACKFILL_AUTO
2026-05-23 10:03:54,1779530634,BOOM900,9492.415,-1,0.0019999999985884642,BACKFILL_AUTO
2026-05-23 10:03:55,1779530635,BOOM900,9492.397,-1,0.018000000000029104,BACKFILL_AUTO
2026-05-23 10:03:56,1779530636,BOOM900,9492.376,-1,0.021000000000640284,BACKFILL_AUTO
2026-05-23 10:03:57,1779530637,BOOM900,9492.365,-1,0.011000000000422006,BACKFILL_AUTO
2026-05-23 10:03:58,1779530638,BOOM900,9492.364,-1,0.0010000000002037268,BACKFILL_AUTO
2026-05-23 10:03:59,1779530639,BOOM900,9492.362,-1,0.0020000000004074536,BACKFILL_AUTO
2026-05-23 10:04:00,1779530640,BOOM900,9492.356,-1,0.0059999999994033715,BACKFILL_AUTO
2026-05-23 10:04:01,1779530641,BOOM900,9492.344,-1,0.012000000000625732,BACKFILL_AUTO
2026-05-23 10:04:02,1779530642,BOOM900,9492.327,-1,0.016999999999825377,BACKFILL_AUTO
2026-05-23 10:04:03,1779530643,BOOM900,9492.319,-1,0.007999999999810825,BACKFILL_AUTO
2026-05-23 10:04:04,1779530644,BOOM900,9492.317,-1,0.0020000000004074536,BACKFILL_AUTO
2026-05-23 10:04:05,1779530645,BOOM900,9492.306,-1,0.010999999998603016,BACKFILL_AUTO
2026-05-23 10:04:06,1779530646,BOOM900,9492.295,-1,0.011000000000422006,BACKFILL_AUTO
2026-05-23 10:04:07,1779530647,BOOM900,9492.287,-1,0.007999999999810825,BACKFILL_AUTO
2026-05-23 10:04:08,1779530648,BOOM900,9492.281,-1,0.0059999999994033715,BACKFILL_AUTO
2026-05-23 10:04:09,1779530649,BOOM900,9492.277,-1,0.004000000000814907,BACKFILL_AUTO
2026-05-23 10:04:10,1779530650,BOOM900,9492.271,-1,0.0059999999994033715,BACKFILL_AUTO
2026-05-23 10:04:11,1779530651,BOOM900,9492.267,-1,0.004000000000814907,BACKFILL_AUTO
2026-05-23 10:04:12,1779530652,BOOM900,9492.259,-1,0.007999999999810825,BACKFILL_AUTO
2026-05-23 10:04:13,1779530653,BOOM900,9492.258,-1,0.0010000000002037268,BACKFILL_AUTO
2026-05-23 10:04:14,1779530654,BOOM900,9492.249,-1,0.009000000000014552,BACKFILL_AUTO
2026-05-23 10:04:15,1779530655,BOOM900,9492.239,-1,0.010000000000218279,BACKFILL_AUTO
2026-05-23 10:04:16,1779530656,BOOM900,9492.221,-1,0.018000000000029104,BACKFILL_AUTO
2026-05-23 10:04:17,1779530657,BOOM900,9492.216,-1,0.004999999999199645,BACKFILL_AUTO
2026-05-23 10:04:18,1779530658,BOOM900,9492.213,-1,0.0030000000006111804,BACKFILL_AUTO
2026-05-23 10:04:19,1779530659,BOOM900,9492.202,-1,0.011000000000422006,BACKFILL_AUTO
2026-05-23 10:04:20,1779530660,BOOM900,9492.198,-1,0.003999999998995918,BACKFILL_AUTO
2026-05-23 10:04:21,1779530661,BOOM900,9492.176,-1,0.02200000000084401,BACKFILL_AUTO
2026-05-23 10:04:22,1779530662,BOOM900,9492.155,-1,0.020999999998821295,BACKFILL_AUTO
2026-05-23 10:04:23,1779530663,BOOM900,9492.134,-1,0.021000000000640284,BACKFILL_AUTO
2026-05-23 10:04:24,1779530664,BOOM900,9492.122,-1,0.012000000000625732,BACKFILL_AUTO
2026-05-23 10:04:25,1779530665,BOOM900,9492.115,-1,0.006999999999607098,BACKFILL_AUTO
2026-05-23 10:04:26,1779530666,BOOM900,9492.111,-1,0.003999999998995918,BACKFILL_AUTO
2026-05-23 10:04:27,1779530667,BOOM900,9492.107,-1,0.004000000000814907,BACKFILL_AUTO
2026-05-23 10:04:28,1779530668,BOOM900,9492.104,-1,0.0030000000006111804,BACKFILL_AUTO
2026-05-23 10:04:29,1779530669,BOOM900,9492.102,-1,0.0019999999985884642,BACKFILL_AUTO
2026-05-23 10:04:30,1779530670,BOOM900,9492.096,-1,0.006000000001222361,BACKFILL_AUTO
2026-05-23 10:04:31,1779530671,BOOM900,9492.095,-1,0.0010000000002037268,BACKFILL_AUTO
2026-05-23 10:04:32,1779530672,BOOM900,9492.091,-1,0.003999999998995918,BACKFILL_AUTO
2026-05-23 10:04:33,1779530673,BOOM900,9492.081,-1,0.010000000000218279,BACKFILL_AUTO
2026-05-23 10:04:34,1779530674,BOOM900,9492.062,-1,0.01900000000023283,BACKFILL_AUTO
2026-05-23 10:04:35,1779530675,BOOM900,9492.051,-1,0.011000000000422006,BACKFILL_AUTO
2026-05-23 10:04:36,1779530676,BOOM900,9492.051,0,0.0,BACKFILL_AUTO
2026-05-23 10:04:37,1779530677,BOOM900,9492.05,-1,0.0010000000002037268,BACKFILL_AUTO
2026-05-23 10:04:38,1779530678,BOOM900,9492.031,-1,0.01899999999841384,BACKFILL_AUTO
2026-05-23 10:04:39,1779530679,BOOM900,9492.017,-1,0.014000000001033186,BACKFILL_AUTO
2026-05-23 10:04:40,1779530680,BOOM900,9492.01,-1,0.006999999999607098,BACKFILL_AUTO
2026-05-23 10:04:41,1779530681,BOOM900,9491.994,-1,0.01599999999962165,BACKFILL_AUTO
2026-05-23 10:04:42,1779530682,BOOM900,9491.98,-1,0.014000000001033186,BACKFILL_AUTO
2026-05-23 10:04:43,1779530683,BOOM900,9491.973,-1,0.006999999999607098,BACKFILL_AUTO
2026-05-23 10:04:44,1779530684,BOOM900,9491.972,-1,0.0010000000002037268,BACKFILL_AUTO
2026-05-23 10:04:45,1779530685,BOOM900,9491.964,-1,0.007999999999810825,BACKFILL_AUTO
2026-05-23 10:04:46,1779530686,BOOM900,9491.951,-1,0.01300000000082946,BACKFILL_AUTO
2026-05-23 10:04:47,1779530687,BOOM900,9491.926,-1,0.024999999999636202,BACKFILL_AUTO
2026-05-23 10:04:48,1779530688,BOOM900,9491.917,-1,0.009000000000014552,BACKFILL_AUTO
2026-05-23 10:04:49,1779530689,BOOM900,9491.903,-1,0.013999999999214197,BACKFILL_AUTO
2026-05-23 10:04:50,1779530690,BOOM900,9491.89,-1,0.01300000000082946,BACKFILL_AUTO
2026-05-23 10:04:51,1779530691,BOOM900,9491.886,-1,0.003999999998995918,BACKFILL_AUTO
2026-05-23 10:04:52,1779530692,BOOM900,9491.875,-1,0.011000000000422006,BACKFILL_AUTO
2026-05-23 10:04:53,1779530693,BOOM900,9491.859,-1,0.01599999999962165,BACKFILL_AUTO
2026-05-23 10:04:54,1779530694,BOOM900,9491.847,-1,0.012000000000625732,BACKFILL_AUTO
2026-05-23 10:04:55,1779530695,BOOM900,9491.825,-1,0.02199999999902502,BACKFILL_AUTO
2026-05-23 10:04:56,1779530696,BOOM900,9491.804,-1,0.021000000000640284,BACKFILL_AUTO
2026-05-23 10:04:57,1779530697,BOOM900,9491.799,-1,0.004999999999199645,BACKFILL_AUTO
2026-05-23 10:04:58,1779530698,BOOM900,9491.77,-1,0.02900000000045111,BACKFILL_AUTO
2026-05-23 10:04:59,1779530699,BOOM900,9491.769,-1,0.0010000000002037268,BACKFILL_AUTO
2026-05-23 10:05:00,1779530700,BOOM900,9491.759,-1,0.010000000000218279,BACKFILL_AUTO
2026-05-23 10:05:01,1779530701,BOOM900,9491.74,-1,0.01900000000023283,BACKFILL_AUTO
2026-05-23 10:05:02,1779530702,BOOM900,9491.731,-1,0.009000000000014552,BACKFILL_AUTO
2026-05-23 10:05:03,1779530703,BOOM900,9491.718,-1,0.01299999999901047,BACKFILL_AUTO
2026-05-23 10:05:04,1779530704,BOOM900,9491.71,-1,0.008000000001629815,BACKFILL_AUTO
2026-05-23 10:05:05,1779530705,BOOM900,9491.697,-1,0.01299999999901047,BACKFILL_AUTO
2026-05-23 10:05:06,1779530706,BOOM900,9491.695,-1,0.0020000000004074536,BACKFILL_AUTO
2026-05-23 10:05:07,1779530707,BOOM900,9491.691,-1,0.003999999998995918,BACKFILL_AUTO
2026-05-23 10:05:08,1779530708,BOOM900,9491.681,-1,0.010000000000218279,BACKFILL_AUTO
2026-05-23 10:05:09,1779530709,BOOM900,9491.679,-1,0.0020000000004074536,BACKFILL_AUTO
2026-05-23 10:05:10,1779530710,BOOM900,9491.674,-1,0.004999999999199645,BACKFILL_AUTO
2026-05-23 10:05:11,1779530711,BOOM900,9491.656,-1,0.018000000000029104,BACKFILL_AUTO
2026-05-23 10:05:12,1779530712,BOOM900,9491.64,-1,0.01600000000144064,BACKFILL_AUTO
2026-05-23 10:05:13,1779530713,BOOM900,9491.627,-1,0.01299999999901047,BACKFILL_AUTO
2026-05-23 10:05:14,1779530714,BOOM900,9491.619,-1,0.007999999999810825,BACKFILL_AUTO
2026-05-23 10:05:15,1779530715,BOOM900,9491.609,-1,0.010000000000218279,BACKFILL_AUTO
2026-05-23 10:05:16,1779530716,BOOM900,9491.586,-1,0.023000000001047738,BACKFILL_AUTO
2026-05-23 10:05:17,1779530717,BOOM900,9491.571,-1,0.014999999999417923,BACKFILL_AUTO
2026-05-23 10:05:18,1779530718,BOOM900,9491.556,-1,0.014999999999417923,BACKFILL_AUTO
2026-05-23 10:05:19,1779530719,BOOM900,9491.548,-1,0.007999999999810825,BACKFILL_AUTO
2026-05-23 10:05:20,1779530720,BOOM900,9491.53,-1,0.018000000000029104,BACKFILL_AUTO
2026-05-23 10:05:21,1779530721,BOOM900,9491.517,-1,0.01300000000082946,BACKFILL_AUTO
2026-05-23 10:05:22,1779530722,BOOM900,9491.512,-1,0.004999999999199645,BACKFILL_AUTO
2026-05-23 10:05:23,1779530723,BOOM900,9491.508,-1,0.004000000000814907,BACKFILL_AUTO
2026-05-23 10:05:24,1779530724,BOOM900,9491.504,-1,0.003999999998995918,BACKFILL_AUTO
2026-05-23 10:05:25,1779530725,BOOM900,9491.503,-1,0.0010000000002037268,BACKFILL_AUTO
2026-05-23 10:05:26,1779530726,BOOM900,9491.483,-1,0.020000000000436557,BACKFILL_AUTO
2026-05-23 10:05:27,1779530727,BOOM900,9491.476,-1,0.006999999999607098,BACKFILL_AUTO
2026-05-23 10:05:28,1779530728,BOOM900,9491.47,-1,0.006000000001222361,BACKFILL_AUTO
2026-05-23 10:05:29,1779530729,BOOM900,9491.464,-1,0.0059999999994033715,BACKFILL_AUTO
2026-05-23 10:05:30,1779530730,BOOM900,9491.441,-1,0.02299999999922875,BACKFILL_AUTO
2026-05-23 10:05:31,1779530731,BOOM900,9491.426,-1,0.015000000001236913,BACKFILL_AUTO
2026-05-23 10:05:32,1779530732,BOOM900,9491.412,-1,0.013999999999214197,BACKFILL_AUTO
2026-05-23 10:05:33,1779530733,BOOM900,9491.395,-1,0.016999999999825377,BACKFILL_AUTO
2026-05-23 10:05:34,1779530734,BOOM900,9491.385,-1,0.010000000000218279,BACKFILL_AUTO
2026-05-23 10:05:35,1779530735,BOOM900,9491.364,-1,0.021000000000640284,BACKFILL_AUTO
2026-05-23 10:05:36,1779530736,BOOM900,9491.356,-1,0.007999999999810825,BACKFILL_AUTO
2026-05-23 10:05:37,1779530737,BOOM900,9491.346,-1,0.010000000000218279,BACKFILL_AUTO
2026-05-23 10:05:38,1779530738,BOOM900,9491.338,-1,0.007999999999810825,BACKFILL_AUTO
2026-05-23 10:05:39,1779530739,BOOM900,9491.328,-1,0.010000000000218279,BACKFILL_AUTO
2026-05-23 10:05:40,1779530740,BOOM900,9491.32,-1,0.007999999999810825,BACKFILL_AUTO
2026-05-23 10:05:41,1779530741,BOOM900,9491.297,-1,0.02299999999922875,BACKFILL_AUTO
2026-05-23 10:05:42,1779530742,BOOM900,9491.273,-1,0.024000000001251465,BACKFILL_AUTO
2026-05-23 10:05:43,1779530743,BOOM900,9491.264,-1,0.009000000000014552,BACKFILL_AUTO
2026-05-23 10:05:44,1779530744,BOOM900,9491.255,-1,0.009000000000014552,BACKFILL_AUTO
2026-05-23 10:05:45,1779530745,BOOM900,9491.247,-1,0.007999999999810825,BACKFILL_AUTO
2026-05-23 10:05:46,1779530746,BOOM900,9491.246,-1,0.0010000000002037268,BACKFILL_AUTO
2026-05-23 10:05:47,1779530747,BOOM900,9491.244,-1,0.0019999999985884642,BACKFILL_AUTO
2026-05-23 10:05:48,1779530748,BOOM900,9491.236,-1,0.007999999999810825,BACKFILL_AUTO
2026-05-23 10:05:49,1779530749,BOOM900,9491.233,-1,0.0030000000006111804,BACKFILL_AUTO
2026-05-23 10:05:50,1779530750,BOOM900,9491.23,-1,0.0030000000006111804,BACKFILL_AUTO
2026-05-23 10:05:51,1779530751,BOOM900,9491.215,-1,0.014999999999417923,BACKFILL_AUTO
2026-05-23 10:05:52,1779530752,BOOM900,9491.195,-1,0.020000000000436557,BACKFILL_AUTO
2026-05-23 10:05:53,1779530753,BOOM900,9491.193,-1,0.0020000000004074536,BACKFILL_AUTO
2026-05-23 10:05:54,1779530754,BOOM900,9491.191,-1,0.0019999999985884642,BACKFILL_AUTO
2026-05-23 10:05:55,1779530755,BOOM900,9491.177,-1,0.014000000001033186,BACKFILL_AUTO
2026-05-23 10:05:56,1779530756,BOOM900,9491.171,-1,0.0059999999994033715,BACKFILL_AUTO
2026-05-23 10:05:57,1779530757,BOOM900,9491.169,-1,0.0020000000004074536,BACKFILL_AUTO
2026-05-23 10:05:58,1779530758,BOOM900,9491.153,-1,0.01599999999962165,BACKFILL_AUTO
2026-05-23 10:05:59,1779530759,BOOM900,9491.145,-1,0.007999999999810825,BACKFILL_AUTO
2026-05-23 10:06:00,1779530760,BOOM900,9491.126,-1,0.01900000000023283,BACKFILL_AUTO
2026-05-23 10:06:01,1779530761,BOOM900,9491.109,-1,0.016999999999825377,BACKFILL_AUTO
2026-05-23 10:06:02,1779530762,BOOM900,9491.099,-1,0.010000000000218279,BACKFILL_AUTO
2026-05-23 10:06:03,1779530763,BOOM900,9491.099,0,0.0,BACKFILL_AUTO
2026-05-23 10:06:04,1779530764,BOOM900,9491.075,-1,0.023999999999432475,BACKFILL_AUTO
2026-05-23 10:06:05,1779530765,BOOM900,9491.069,-1,0.006000000001222361,BACKFILL_AUTO
2026-05-23 10:06:06,1779530766,BOOM900,9491.065,-1,0.003999999998995918,BACKFILL_AUTO
2026-05-23 10:06:07,1779530767,BOOM900,9491.06,-1,0.005000000001018634,BACKFILL_AUTO
2026-05-23 10:06:08,1779530768,BOOM900,9491.042,-1,0.018000000000029104,BACKFILL_AUTO
2026-05-23 10:06:09,1779530769,BOOM900,9491.04,-1,0.0019999999985884642,BACKFILL_AUTO
2026-05-23 10:06:10,1779530770,BOOM900,9491.02,-1,0.020000000000436557,BACKFILL_AUTO
2026-05-23 10:06:11,1779530771,BOOM900,9491.007,-1,0.01300000000082946,BACKFILL_AUTO
2026-05-23 10:06:12,1779530772,BOOM900,9490.999,-1,0.007999999999810825,BACKFILL_AUTO
2026-05-23 10:06:13,1779530773,BOOM900,9490.997,-1,0.0020000000004074536,BACKFILL_AUTO
2026-05-23 10:06:14,1779530774,BOOM900,9490.986,-1,0.010999999998603016,BACKFILL_AUTO
2026-05-23 10:06:15,1779530775,BOOM900,9490.981,-1,0.005000000001018634,BACKFILL_AUTO
2026-05-23 10:06:16,1779530776,BOOM900,9490.965,-1,0.01599999999962165,BACKFILL_AUTO
2026-05-23 10:06:17,1779530777,BOOM900,9490.945,-1,0.020000000000436557,BACKFILL_AUTO
2026-05-23 10:06:18,1779530778,BOOM900,9490.927,-1,0.018000000000029104,BACKFILL_AUTO
2026-05-23 10:06:19,1779530779,BOOM900,9490.905,-1,0.02199999999902502,BACKFILL_AUTO
2026-05-23 10:06:20,1779530780,BOOM900,9490.891,-1,0.014000000001033186,BACKFILL_AUTO
2026-05-23 10:06:21,1779530781,BOOM900,9490.891,0,0.0,BACKFILL_AUTO
2026-05-23 10:06:22,1779530782,BOOM900,9490.886,-1,0.004999999999199645,BACKFILL_AUTO
2026-05-23 10:06:23,1779530783,BOOM900,9490.882,-1,0.004000000000814907,BACKFILL_AUTO
2026-05-23 10:06:24,1779530784,BOOM900,9490.871,-1,0.011000000000422006,BACKFILL_AUTO
2026-05-23 10:06:25,1779530785,BOOM900,9490.864,-1,0.006999999999607098,BACKFILL_AUTO
2026-05-23 10:06:26,1779530786,BOOM900,9490.852,-1,0.011999999998806743,BACKFILL_AUTO
2026-05-23 10:06:27,1779530787,BOOM900,9490.845,-1,0.007000000001426088,BACKFILL_AUTO
2026-05-23 10:06:28,1779530788,BOOM900,9490.819,-1,0.02599999999983993,BACKFILL_AUTO
2026-05-23 10:06:29,1779530789,BOOM900,9490.81,-1,0.009000000000014552,BACKFILL_AUTO
2026-05-23 10:06:30,1779530790,BOOM900,9490.799,-1,0.010999999998603016,BACKFILL_AUTO
2026-05-23 10:06:31,1779530791,BOOM900,9490.79,-1,0.009000000000014552,BACKFILL_AUTO
2026-05-23 10:06:32,1779530792,BOOM900,9490.784,-1,0.006000000001222361,BACKFILL_AUTO
2026-05-23 10:06:33,1779530793,BOOM900,9490.774,-1,0.010000000000218279,BACKFILL_AUTO
2026-05-23 10:06:34,1779530794,BOOM900,9490.762,-1,0.011999999998806743,BACKFILL_AUTO
2026-05-23 10:06:35,1779530795,BOOM900,9490.758,-1,0.004000000000814907,BACKFILL_AUTO
2026-05-23 10:06:36,1779530796,BOOM900,9490.758,0,0.0,BACKFILL_AUTO
2026-05-23 10:06:37,1779530797,BOOM900,9490.751,-1,0.006999999999607098,BACKFILL_AUTO
2026-05-23 10:06:38,1779530798,BOOM900,9490.74,-1,0.011000000000422006,BACKFILL_AUTO
2026-05-23 10:06:39,1779530799,BOOM900,9490.725,-1,0.014999999999417923,BACKFILL_AUTO
2026-05-23 10:06:40,1779530800,BOOM900,9490.704,-1,0.021000000000640284,BACKFILL_AUTO
2026-05-23 10:06:41,1779530801,BOOM900,9490.699,-1,0.004999999999199645,BACKFILL_AUTO
2026-05-23 10:06:42,1779530802,BOOM900,9490.686,-1,0.01300000000082946,BACKFILL_AUTO
2026-05-23 10:06:43,1779530803,BOOM900,9490.669,-1,0.016999999999825377,BACKFILL_AUTO
2026-05-23 10:06:44,1779530804,BOOM900,9490.655,-1,0.013999999999214197,BACKFILL_AUTO
2026-05-23 10:06:45,1779530805,BOOM900,9490.63,-1,0.02500000000145519,BACKFILL_AUTO
2026-05-23 10:06:46,1779530806,BOOM900,9490.61,-1,0.019999999998617568,BACKFILL_AUTO
2026-05-23 10:06:47,1779530807,BOOM900,9490.6,-1,0.010000000000218279,BACKFILL_AUTO
2026-05-23 10:06:48,1779530808,BOOM900,9490.586,-1,0.014000000001033186,BACKFILL_AUTO
2026-05-23 10:06:49,1779530809,BOOM900,9490.562,-1,0.023999999999432475,BACKFILL_AUTO
2026-05-23 10:06:50,1779530810,BOOM900,9490.559,-1,0.0030000000006111804,BACKFILL_AUTO
2026-05-23 10:06:51,1779530811,BOOM900,9490.553,-1,0.0059999999994033715,BACKFILL_AUTO
2026-05-23 10:06:52,1779530812,BOOM900,9490.535,-1,0.018000000000029104,BACKFILL_AUTO
2026-05-23 10:06:53,1779530813,BOOM900,9490.531,-1,0.003999999998995918,BACKFILL_AUTO
2026-05-23 10:06:54,1779530814,BOOM900,9490.52,-1,0.011000000000422006,BACKFILL_AUTO
2026-05-23 10:06:55,1779530815,BOOM900,9490.507,-1,0.01300000000082946,BACKFILL_AUTO
2026-05-23 10:06:56,1779530816,BOOM900,9490.506,-1,0.0010000000002037268,BACKFILL_AUTO
2026-05-23 10:06:57,1779530817,BOOM900,9490.495,-1,0.010999999998603016,BACKFILL_AUTO
2026-05-23 10:06:58,1779530818,BOOM900,9490.491,-1,0.004000000000814907,BACKFILL_AUTO
2026-05-23 10:06:59,1779530819,BOOM900,9490.486,-1,0.004999999999199645,BACKFILL_AUTO
2026-05-23 10:07:00,1779530820,BOOM900,9490.472,-1,0.014000000001033186,BACKFILL_AUTO
2026-05-23 10:07:01,1779530821,BOOM900,9490.465,-1,0.006999999999607098,BACKFILL_AUTO
2026-05-23 10:07:02,1779530822,BOOM900,9490.455,-1,0.010000000000218279,BACKFILL_AUTO
2026-05-23 10:07:03,1779530823,BOOM900,9490.451,-1,0.004000000000814907,BACKFILL_AUTO
2026-05-23 10:07:04,1779530824,BOOM900,9490.45,-1,0.0009999999983847374,BACKFILL_AUTO
2026-05-23 10:07:05,1779530825,BOOM900,9490.434,-1,0.01600000000144064,BACKFILL_AUTO
2026-05-23 10:07:06,1779530826,BOOM900,9490.427,-1,0.006999999999607098,BACKFILL_AUTO
2026-05-23 10:07:07,1779530827,BOOM900,9490.407,-1,0.020000000000436557,BACKFILL_AUTO
2026-05-23 10:07:08,1779530828,BOOM900,9490.401,-1,0.0059999999994033715,BACKFILL_AUTO
2026-05-23 10:07:09,1779530829,BOOM900,9490.392,-1,0.009000000000014552,BACKFILL_AUTO
2026-05-23 10:07:10,1779530830,BOOM900,9490.39,-1,0.0020000000004074536,BACKFILL_AUTO
2026-05-23 10:07:11,1779530831,BOOM900,9490.372,-1,0.018000000000029104,BACKFILL_AUTO
2026-05-23 10:07:12,1779530832,BOOM900,9490.34,-1,0.0319999999992433,BACKFILL_AUTO
2026-05-23 10:07:13,1779530833,BOOM900,9490.333,-1,0.006999999999607098,BACKFILL_AUTO
2026-05-23 10:07:14,1779530834,BOOM900,9490.332,-1,0.0010000000002037268,BACKFILL_AUTO
2026-05-23 10:07:15,1779530835,BOOM900,9490.327,-1,0.005000000001018634,BACKFILL_AUTO
2026-05-23 10:07:16,1779530836,BOOM900,9490.32,-1,0.006999999999607098,BACKFILL_AUTO
2026-05-23 10:07:17,1779530837,BOOM900,9490.302,-1,0.018000000000029104,BACKFILL_AUTO
2026-05-23 10:07:18,1779530838,BOOM900,9490.289,-1,0.01299999999901047,BACKFILL_AUTO
2026-05-23 10:07:19,1779530839,BOOM900,9490.279,-1,0.010000000000218279,BACKFILL_AUTO
2026-05-23 10:07:20,1779530840,BOOM900,9490.269,-1,0.010000000000218279,BACKFILL_AUTO
2026-05-23 10:07:21,1779530841,BOOM900,9490.26,-1,0.009000000000014552,BACKFILL_AUTO
2026-05-23 10:07:22,1779530842,BOOM900,9490.245,-1,0.014999999999417923,BACKFILL_AUTO
2026-05-23 10:07:23,1779530843,BOOM900,9490.244,-1,0.0010000000002037268,BACKFILL_AUTO
2026-05-23 10:07:24,1779530844,BOOM900,9490.239,-1,0.005000000001018634,BACKFILL_AUTO
2026-05-23 10:07:25,1779530845,BOOM900,9490.23,-1,0.009000000000014552,BACKFILL_AUTO
2026-05-23 10:07:26,1779530846,BOOM900,9490.202,-1,0.028000000000247383,BACKFILL_AUTO
2026-05-23 10:07:27,1779530847,BOOM900,9490.2,-1,0.0019999999985884642,BACKFILL_AUTO
2026-05-23 10:07:28,1779530848,BOOM900,9490.195,-1,0.005000000001018634,BACKFILL_AUTO
2026-05-23 10:07:29,1779530849,BOOM900,9490.178,-1,0.016999999999825377,BACKFILL_AUTO
2026-05-23 10:07:30,1779530850,BOOM900,9490.176,-1,0.0020000000004074536,BACKFILL_AUTO
2026-05-23 10:07:31,1779530851,BOOM900,9490.167,-1,0.009000000000014552,BACKFILL_AUTO
2026-05-23 10:07:32,1779530852,BOOM900,9490.16,-1,0.006999999999607098,BACKFILL_AUTO
2026-05-23 10:07:33,1779530853,BOOM900,9490.159,-1,0.0010000000002037268,BACKFILL_AUTO
2026-05-23 10:07:34,1779530854,BOOM900,9490.146,-1,0.01299999999901047,BACKFILL_AUTO
2026-05-23 10:07:35,1779530855,BOOM900,9490.133,-1,0.01300000000082946,BACKFILL_AUTO
2026-05-23 10:07:36,1779530856,BOOM900,9490.124,-1,0.009000000000014552,BACKFILL_AUTO
2026-05-23 10:07:37,1779530857,BOOM900,9490.1,-1,0.023999999999432475,BACKFILL_AUTO
2026-05-23 10:07:38,1779530858,BOOM900,9490.082,-1,0.018000000000029104,BACKFILL_AUTO
2026-05-23 10:07:39,1779530859,BOOM900,9490.076,-1,0.006000000001222361,BACKFILL_AUTO
2026-05-23 10:07:40,1779530860,BOOM900,9490.069,-1,0.006999999999607098,BACKFILL_AUTO
2026-05-23 10:07:41,1779530861,BOOM900,9490.065,-1,0.003999999998995918,BACKFILL_AUTO
2026-05-23 10:07:42,1779530862,BOOM900,9490.047,-1,0.018000000000029104,BACKFILL_AUTO
2026-05-23 10:07:43,1779530863,BOOM900,9490.03,-1,0.016999999999825377,BACKFILL_AUTO
2026-05-23 10:07:44,1779530864,BOOM900,9490.018,-1,0.012000000000625732,BACKFILL_AUTO
2026-05-23 10:07:45,1779530865,BOOM900,9489.995,-1,0.02299999999922875,BACKFILL_AUTO
2026-05-23 10:07:46,1779530866,BOOM900,9489.981,-1,0.014000000001033186,BACKFILL_AUTO
2026-05-23 10:07:47,1779530867,BOOM900,9489.98,-1,0.0010000000002037268,BACKFILL_AUTO
2026-05-23 10:07:48,1779530868,BOOM900,9489.972,-1,0.007999999999810825,BACKFILL_AUTO
2026-05-23 10:07:49,1779530869,BOOM900,9489.955,-1,0.016999999999825377,BACKFILL_AUTO
2026-05-23 10:07:50,1779530870,BOOM900,9489.942,-1,0.01300000000082946,BACKFILL_AUTO
2026-05-23 10:07:51,1779530871,BOOM900,9489.932,-1,0.00999999999839929,BACKFILL_AUTO
2026-05-23 10:07:52,1779530872,BOOM900,9489.927,-1,0.005000000001018634,BACKFILL_AUTO
2026-05-23 10:07:53,1779530873,BOOM900,9489.921,-1,0.0059999999994033715,BACKFILL_AUTO
2026-05-23 10:07:54,1779530874,BOOM900,9489.919,-1,0.0020000000004074536,BACKFILL_AUTO
2026-05-23 10:07:55,1779530875,BOOM900,9489.913,-1,0.0059999999994033715,BACKFILL_AUTO
2026-05-23 10:07:56,1779530876,BOOM900,9489.911,-1,0.0020000000004074536,BACKFILL_AUTO
2026-05-23 10:07:57,1779530877,BOOM900,9489.904,-1,0.006999999999607098,BACKFILL_AUTO
2026-05-23 10:07:58,1779530878,BOOM900,9489.899,-1,0.005000000001018634,BACKFILL_AUTO
2026-05-23 10:07:59,1779530879,BOOM900,9489.891,-1,0.007999999999810825,BACKFILL_AUTO
2026-05-23 10:08:00,1779530880,BOOM900,9489.885,-1,0.0059999999994033715,BACKFILL_AUTO
2026-05-23 10:08:01,1779530881,BOOM900,9489.879,-1,0.0059999999994033715,BACKFILL_AUTO
2026-05-23 10:08:02,1779530882,BOOM900,9489.877,-1,0.0020000000004074536,BACKFILL_AUTO
2026-05-23 10:08:03,1779530883,BOOM900,9489.87,-1,0.006999999999607098,BACKFILL_AUTO
2026-05-23 10:08:04,1779530884,BOOM900,9489.849,-1,0.021000000000640284,BACKFILL_AUTO
2026-05-23 10:08:05,1779530885,BOOM900,9489.819,-1,0.030000000000654836,BACKFILL_AUTO
2026-05-23 10:08:06,1779530886,BOOM900,9489.816,-1,0.002999999998792191,BACKFILL_AUTO
2026-05-23 10:08:07,1779530887,BOOM900,9489.806,-1,0.010000000000218279,BACKFILL_AUTO
2026-05-23 10:08:08,1779530888,BOOM900,9489.799,-1,0.006999999999607098,BACKFILL_AUTO
2026-05-23 10:08:09,1779530889,BOOM900,9489.784,-1,0.015000000001236913,BACKFILL_AUTO
2026-05-23 10:08:10,1779530890,BOOM900,9489.757,-1,0.027000000000043656,BACKFILL_AUTO
2026-05-23 10:08:11,1779530891,BOOM900,9489.744,-1,0.01299999999901047,BACKFILL_AUTO
2026-05-23 10:08:12,1779530892,BOOM900,9489.721,-1,0.023000000001047738,BACKFILL_AUTO
2026-05-23 10:08:13,1779530893,BOOM900,9489.711,-1,0.010000000000218279,BACKFILL_AUTO
2026-05-23 10:08:14,1779530894,BOOM900,9489.697,-1,0.013999999999214197,BACKFILL_AUTO
2026-05-23 10:08:15,1779530895,BOOM900,9489.692,-1,0.005000000001018634,BACKFILL_AUTO
2026-05-23 10:08:16,1779530896,BOOM900,9489.691,-1,0.0009999999983847374,BACKFILL_AUTO
2026-05-23 10:08:17,1779530897,BOOM900,9489.679,-1,0.012000000000625732,BACKFILL_AUTO
2026-05-23 10:08:18,1779530898,BOOM900,9489.672,-1,0.006999999999607098,BACKFILL_AUTO
2026-05-23 10:08:19,1779530899,BOOM900,9489.66,-1,0.012000000000625732,BACKFILL_AUTO
2026-05-23 10:08:20,1779530900,BOOM900,9489.65,-1,0.010000000000218279,BACKFILL_AUTO
2026-05-23 10:08:21,1779530901,BOOM900,9489.632,-1,0.018000000000029104,BACKFILL_AUTO
2026-05-23 10:08:22,1779530902,BOOM900,9489.608,-1,0.023999999999432475,BACKFILL_AUTO
2026-05-23 10:08:23,1779530903,BOOM900,9489.608,0,0.0,BACKFILL_AUTO
2026-05-23 10:08:24,1779530904,BOOM900,9489.602,-1,0.0059999999994033715,BACKFILL_AUTO
2026-05-23 10:08:25,1779530905,BOOM900,9489.588,-1,0.014000000001033186,BACKFILL_AUTO
2026-05-23 10:08:26,1779530906,BOOM900,9489.571,-1,0.016999999999825377,BACKFILL_AUTO
2026-05-23 10:08:27,1779530907,BOOM900,9489.551,-1,0.020000000000436557,BACKFILL_AUTO
2026-05-23 10:08:28,1779530908,BOOM900,9489.544,-1,0.006999999999607098,BACKFILL_AUTO
2026-05-23 10:08:29,1779530909,BOOM900,9489.54,-1,0.003999999998995918,BACKFILL_AUTO
2026-05-23 10:08:30,1779530910,BOOM900,9489.536,-1,0.004000000000814907,BACKFILL_AUTO
2026-05-23 10:08:31,1779530911,BOOM900,9489.534,-1,0.0020000000004074536,BACKFILL_AUTO
2026-05-23 10:08:32,1779530912,BOOM900,9489.534,0,0.0,BACKFILL_AUTO
2026-05-23 10:08:33,1779530913,BOOM900,9489.532,-1,0.0020000000004074536,BACKFILL_AUTO
2026-05-23 10:08:34,1779530914,BOOM900,9489.497,-1,0.03499999999985448,BACKFILL_AUTO
2026-05-23 10:08:35,1779530915,BOOM900,9489.489,-1,0.007999999999810825,BACKFILL_AUTO
2026-05-23 10:08:36,1779530916,BOOM900,9489.476,-1,0.01299999999901047,BACKFILL_AUTO
2026-05-23 10:08:37,1779530917,BOOM900,9489.469,-1,0.007000000001426088,BACKFILL_AUTO
2026-05-23 10:08:38,1779530918,BOOM900,9489.454,-1,0.014999999999417923,BACKFILL_AUTO
2026-05-23 10:08:39,1779530919,BOOM900,9489.435,-1,0.01900000000023283,BACKFILL_AUTO
2026-05-23 10:08:40,1779530920,BOOM900,9489.435,0,0.0,BACKFILL_AUTO
2026-05-23 10:08:41,1779530921,BOOM900,9489.429,-1,0.0059999999994033715,BACKFILL_AUTO
2026-05-23 10:08:42,1779530922,BOOM900,9489.416,-1,0.01300000000082946,BACKFILL_AUTO
2026-05-23 10:08:43,1779530923,BOOM900,9489.407,-1,0.009000000000014552,BACKFILL_AUTO
2026-05-23 10:08:44,1779530924,BOOM900,9489.386,-1,0.020999999998821295,BACKFILL_AUTO
2026-05-23 10:08:45,1779530925,BOOM900,9489.379,-1,0.006999999999607098,BACKFILL_AUTO
2026-05-23 10:08:46,1779530926,BOOM900,9489.373,-1,0.006000000001222361,BACKFILL_AUTO
2026-05-23 10:08:47,1779530927,BOOM900,9489.369,-1,0.003999999998995918,BACKFILL_AUTO
2026-05-23 10:08:48,1779530928,BOOM900,9489.337,-1,0.03200000000106229,BACKFILL_AUTO
2026-05-23 10:08:49,1779530929,BOOM900,9489.331,-1,0.0059999999994033715,BACKFILL_AUTO
2026-05-23 10:08:50,1779530930,BOOM900,9489.318,-1,0.01300000000082946,BACKFILL_AUTO
2026-05-23 10:08:51,1779530931,BOOM900,9489.295,-1,0.02299999999922875,BACKFILL_AUTO
2026-05-23 10:08:52,1779530932,BOOM900,9489.274,-1,0.021000000000640284,BACKFILL_AUTO
2026-05-23 10:08:53,1779530933,BOOM900,9489.258,-1,0.01599999999962165,BACKFILL_AUTO
2026-05-23 10:08:54,1779530934,BOOM900,9489.242,-1,0.01599999999962165,BACKFILL_AUTO
2026-05-23 10:08:55,1779530935,BOOM900,9489.235,-1,0.006999999999607098,BACKFILL_AUTO
2026-05-23 10:08:56,1779530936,BOOM900,9489.232,-1,0.0030000000006111804,BACKFILL_AUTO
2026-05-23 10:08:57,1779530937,BOOM900,9489.201,-1,0.031000000000858563,BACKFILL_AUTO
2026-05-23 10:08:58,1779530938,BOOM900,9489.193,-1,0.007999999999810825,BACKFILL_AUTO
2026-05-23 10:08:59,1779530939,BOOM900,9489.173,-1,0.019999999998617568,BACKFILL_AUTO
2026-05-23 10:09:00,1779530940,BOOM900,9489.149,-1,0.024000000001251465,BACKFILL_AUTO
2026-05-23 10:09:01,1779530941,BOOM900,9489.147,-1,0.0019999999985884642,BACKFILL_AUTO
2026-05-23 10:09:02,1779530942,BOOM900,9489.138,-1,0.009000000000014552,BACKFILL_AUTO
2026-05-23 10:09:03,1779530943,BOOM900,9489.133,-1,0.005000000001018634,BACKFILL_AUTO
2026-05-23 10:09:04,1779530944,BOOM900,9489.128,-1,0.004999999999199645,BACKFILL_AUTO
2026-05-23 10:09:05,1779530945,BOOM900,9489.118,-1,0.010000000000218279,BACKFILL_AUTO
2026-05-23 10:09:06,1779530946,BOOM900,9489.116,-1,0.0020000000004074536,BACKFILL_AUTO
2026-05-23 10:09:07,1779530947,BOOM900,9489.115,-1,0.0010000000002037268,BACKFILL_AUTO
2026-05-23 10:09:08,1779530948,BOOM900,9489.108,-1,0.006999999999607098,BACKFILL_AUTO
2026-05-23 10:09:09,1779530949,BOOM900,9489.106,-1,0.0020000000004074536,BACKFILL_AUTO
2026-05-23 10:09:10,1779530950,BOOM900,9489.106,0,0.0,BACKFILL_AUTO
2026-05-23 10:09:11,1779530951,BOOM900,9489.094,-1,0.012000000000625732,BACKFILL_AUTO
2026-05-23 10:09:12,1779530952,BOOM900,9489.094,0,0.0,BACKFILL_AUTO
2026-05-23 10:09:13,1779530953,BOOM900,9489.09,-1,0.003999999998995918,BACKFILL_AUTO
2026-05-23 10:09:14,1779530954,BOOM900,9489.072,-1,0.018000000000029104,BACKFILL_AUTO
2026-05-23 10:09:15,1779530955,BOOM900,9489.06,-1,0.012000000000625732,BACKFILL_AUTO
2026-05-23 10:09:16,1779530956,BOOM900,9489.052,-1,0.007999999999810825,BACKFILL_AUTO
2026-05-23 10:09:17,1779530957,BOOM900,9489.04,-1,0.011999999998806743,BACKFILL_AUTO
2026-05-23 10:09:18,1779530958,BOOM900,9489.017,-1,0.023000000001047738,BACKFILL_AUTO
2026-05-23 10:09:19,1779530959,BOOM900,9489.004,-1,0.01299999999901047,BACKFILL_AUTO
2026-05-23 10:09:20,1779530960,BOOM900,9488.999,-1,0.005000000001018634,BACKFILL_AUTO
2026-05-23 10:09:21,1779530961,BOOM900,9488.992,-1,0.006999999999607098,BACKFILL_AUTO
2026-05-23 10:09:22,1779530962,BOOM900,9488.986,-1,0.0059999999994033715,BACKFILL_AUTO
2026-05-23 10:09:23,1779530963,BOOM900,9488.97,-1,0.01600000000144064,BACKFILL_AUTO
2026-05-23 10:09:24,1779530964,BOOM900,9488.951,-1,0.01900000000023283,BACKFILL_AUTO
2026-05-23 10:09:25,1779530965,BOOM900,9488.949,-1,0.0019999999985884642,BACKFILL_AUTO
2026-05-23 10:09:26,1779530966,BOOM900,9488.941,-1,0.007999999999810825,BACKFILL_AUTO
2026-05-23 10:09:27,1779530967,BOOM900,9488.94,-1,0.0010000000002037268,BACKFILL_AUTO
2026-05-23 10:09:28,1779530968,BOOM900,9488.939,-1,0.0010000000002037268,BACKFILL_AUTO
2026-05-23 10:09:29,1779530969,BOOM900,9488.931,-1,0.007999999999810825,BACKFILL_AUTO
2026-05-23 10:09:30,1779530970,BOOM900,9488.916,-1,0.015000000001236913,BACKFILL_AUTO
2026-05-23 10:09:31,1779530971,BOOM900,9488.915,-1,0.0009999999983847374,BACKFILL_AUTO
2026-05-23 10:09:32,1779530972,BOOM900,9488.907,-1,0.008000000001629815,BACKFILL_AUTO
2026-05-23 10:09:33,1779530973,BOOM900,9488.897,-1,0.00999999999839929,BACKFILL_AUTO
2026-05-23 10:09:34,1779530974,BOOM900,9488.893,-1,0.004000000000814907,BACKFILL_AUTO
2026-05-23 10:09:35,1779530975,BOOM900,9488.866,-1,0.027000000000043656,BACKFILL_AUTO
2026-05-23 10:09:36,1779530976,BOOM900,9488.842,-1,0.023999999999432475,BACKFILL_AUTO
2026-05-23 10:09:37,1779530977,BOOM900,9488.83,-1,0.012000000000625732,BACKFILL_AUTO
2026-05-23 10:09:38,1779530978,BOOM900,9488.822,-1,0.007999999999810825,BACKFILL_AUTO
2026-05-23 10:09:39,1779530979,BOOM900,9488.813,-1,0.009000000000014552,BACKFILL_AUTO
2026-05-23 10:09:40,1779530980,BOOM900,9488.812,-1,0.0010000000002037268,BACKFILL_AUTO
2026-05-23 10:09:41,1779530981,BOOM900,9488.799,-1,0.01299999999901047,BACKFILL_AUTO
2026-05-23 10:09:42,1779530982,BOOM900,9488.771,-1,0.028000000000247383,BACKFILL_AUTO
2026-05-23 10:09:43,1779530983,BOOM900,9488.763,-1,0.007999999999810825,BACKFILL_AUTO
2026-05-23 10:09:44,1779530984,BOOM900,9488.745,-1,0.018000000000029104,BACKFILL_AUTO
2026-05-23 10:09:45,1779530985,BOOM900,9488.739,-1,0.006000000001222361,BACKFILL_AUTO
2026-05-23 10:09:46,1779530986,BOOM900,9488.728,-1,0.011000000000422006,BACKFILL_AUTO
2026-05-23 10:09:47,1779530987,BOOM900,9488.719,-1,0.009000000000014552,BACKFILL_AUTO
2026-05-23 10:09:48,1779530988,BOOM900,9488.716,-1,0.002999999998792191,BACKFILL_AUTO
2026-05-23 10:09:49,1779530989,BOOM900,9488.714,-1,0.0020000000004074536,BACKFILL_AUTO
2026-05-23 10:09:50,1779530990,BOOM900,9488.707,-1,0.006999999999607098,BACKFILL_AUTO
2026-05-23 10:09:51,1779530991,BOOM900,9488.688,-1,0.01900000000023283,BACKFILL_AUTO
2026-05-23 10:09:52,1779530992,BOOM900,9488.667,-1,0.021000000000640284,BACKFILL_AUTO
2026-05-23 10:09:53,1779530993,BOOM900,9488.662,-1,0.004999999999199645,BACKFILL_AUTO
2026-05-23 10:09:54,1779530994,BOOM900,9488.654,-1,0.007999999999810825,BACKFILL_AUTO
2026-05-23 10:09:55,1779530995,BOOM900,9488.636,-1,0.018000000000029104,BACKFILL_AUTO
2026-05-23 10:09:56,1779530996,BOOM900,9488.627,-1,0.009000000000014552,BACKFILL_AUTO
2026-05-23 10:09:57,1779530997,BOOM900,9488.627,0,0.0,BACKFILL_AUTO
2026-05-23 10:09:58,1779530998,BOOM900,9488.621,-1,0.006000000001222361,BACKFILL_AUTO
2026-05-23 10:09:59,1779530999,BOOM900,9488.619,-1,0.0019999999985884642,BACKFILL_AUTO
2026-05-23 10:10:00,1779531000,BOOM900,9488.61,-1,0.009000000000014552,BACKFILL_AUTO
2026-05-23 10:10:01,1779531001,BOOM900,9488.593,-1,0.016999999999825377,BACKFILL_AUTO
2026-05-23 10:10:02,1779531002,BOOM900,9488.59,-1,0.0030000000006111804,BACKFILL_AUTO
2026-05-23 10:10:03,1779531003,BOOM900,9488.584,-1,0.0059999999994033715,BACKFILL_AUTO
2026-05-23 10:10:04,1779531004,BOOM900,9488.576,-1,0.008000000001629815,BACKFILL_AUTO
2026-05-23 10:10:05,1779531005,BOOM900,9488.572,-1,0.003999999998995918,BACKFILL_AUTO
2026-05-23 10:10:06,1779531006,BOOM900,9488.565,-1,0.006999999999607098,BACKFILL_AUTO
2026-05-23 10:10:07,1779531007,BOOM900,9488.539,-1,0.02599999999983993,BACKFILL_AUTO
2026-05-23 10:10:08,1779531008,BOOM900,9488.528,-1,0.011000000000422006,BACKFILL_AUTO
2026-05-23 10:10:09,1779531009,BOOM900,9488.509,-1,0.01900000000023283,BACKFILL_AUTO
2026-05-23 10:10:10,1779531010,BOOM900,9488.506,-1,0.0030000000006111804,BACKFILL_AUTO
2026-05-23 10:10:11,1779531011,BOOM900,9488.491,-1,0.014999999999417923,BACKFILL_AUTO
2026-05-23 10:10:12,1779531012,BOOM900,9488.49,-1,0.0010000000002037268,BACKFILL_AUTO
2026-05-23 10:10:13,1779531013,BOOM900,9488.472,-1,0.018000000000029104,BACKFILL_AUTO
2026-05-23 10:10:14,1779531014,BOOM900,9488.471,-1,0.0010000000002037268,BACKFILL_AUTO
2026-05-23 10:10:15,1779531015,BOOM900,9488.459,-1,0.011999999998806743,BACKFILL_AUTO
2026-05-23 10:10:16,1779531016,BOOM900,9488.444,-1,0.015000000001236913,BACKFILL_AUTO
2026-05-23 10:10:17,1779531017,BOOM900,9488.442,-1,0.0020000000004074536,BACKFILL_AUTO
2026-05-23 10:10:18,1779531018,BOOM900,9488.42,-1,0.02199999999902502,BACKFILL_AUTO
2026-05-23 10:10:19,1779531019,BOOM900,9488.418,-1,0.0020000000004074536,BACKFILL_AUTO
2026-05-23 10:10:20,1779531020,BOOM900,9488.396,-1,0.02199999999902502,BACKFILL_AUTO
2026-05-23 10:10:21,1779531021,BOOM900,9488.385,-1,0.011000000000422006,BACKFILL_AUTO
2026-05-23 10:10:22,1779531022,BOOM900,9488.368,-1,0.016999999999825377,BACKFILL_AUTO
2026-05-23 10:10:23,1779531023,BOOM900,9488.362,-1,0.006000000001222361,BACKFILL_AUTO
2026-05-23 10:10:24,1779531024,BOOM900,9488.349,-1,0.01299999999901047,BACKFILL_AUTO
2026-05-23 10:10:25,1779531025,BOOM900,9488.348,-1,0.0010000000002037268,BACKFILL_AUTO
2026-05-23 10:10:26,1779531026,BOOM900,9488.335,-1,0.01300000000082946,BACKFILL_AUTO
2026-05-23 10:10:27,1779531027,BOOM900,9488.333,-1,0.0019999999985884642,BACKFILL_AUTO
2026-05-23 10:10:28,1779531028,BOOM900,9488.312,-1,0.021000000000640284,BACKFILL_AUTO
2026-05-23 10:10:29,1779531029,BOOM900,9488.311,-1,0.0010000000002037268,BACKFILL_AUTO
2026-05-23 10:10:30,1779531030,BOOM900,9488.298,-1,0.01299999999901047,BACKFILL_AUTO
2026-05-23 10:10:31,1779531031,BOOM900,9488.298,0,0.0,BACKFILL_AUTO
2026-05-23 10:10:32,1779531032,BOOM900,9488.286,-1,0.012000000000625732,BACKFILL_AUTO
2026-05-23 10:10:33,1779531033,BOOM900,9488.269,-1,0.016999999999825377,BACKFILL_AUTO
2026-05-23 10:10:34,1779531034,BOOM900,9488.258,-1,0.011000000000422006,BACKFILL_AUTO
2026-05-23 10:10:35,1779531035,BOOM900,9488.243,-1,0.014999999999417923,BACKFILL_AUTO
2026-05-23 10:10:36,1779531036,BOOM900,9488.221,-1,0.02200000000084401,BACKFILL_AUTO
2026-05-23 10:10:37,1779531037,BOOM900,9488.215,-1,0.0059999999994033715,BACKFILL_AUTO
2026-05-23 10:10:38,1779531038,BOOM900,9488.198,-1,0.016999999999825377,BACKFILL_AUTO
2026-05-23 10:10:39,1779531039,BOOM900,9488.188,-1,0.010000000000218279,BACKFILL_AUTO
2026-05-23 10:10:40,1779531040,BOOM900,9488.184,-1,0.004000000000814907,BACKFILL_AUTO
2026-05-23 10:10:41,1779531041,BOOM900,9488.178,-1,0.0059999999994033715,BACKFILL_AUTO
2026-05-23 10:10:42,1779531042,BOOM900,9488.165,-1,0.01299999999901047,BACKFILL_AUTO
2026-05-23 10:10:43,1779531043,BOOM900,9488.133,-1,0.03200000000106229,BACKFILL_AUTO
2026-05-23 10:10:44,1779531044,BOOM900,9488.122,-1,0.011000000000422006,BACKFILL_AUTO
2026-05-23 10:10:45,1779531045,BOOM900,9488.111,-1,0.010999999998603016,BACKFILL_AUTO
2026-05-23 10:10:46,1779531046,BOOM900,9488.1,-1,0.011000000000422006,BACKFILL_AUTO
2026-05-23 10:10:47,1779531047,BOOM900,9488.094,-1,0.006000000001222361,BACKFILL_AUTO
2026-05-23 10:10:48,1779531048,BOOM900,9488.075,-1,0.01899999999841384,BACKFILL_AUTO
2026-05-23 10:10:49,1779531049,BOOM900,9488.072,-1,0.0030000000006111804,BACKFILL_AUTO
2026-05-23 10:10:50,1779531050,BOOM900,9488.065,-1,0.006999999999607098,BACKFILL_AUTO
2026-05-23 10:10:51,1779531051,BOOM900,9488.052,-1,0.01300000000082946,BACKFILL_AUTO
2026-05-23 10:10:52,1779531052,BOOM900,9488.018,-1,0.033999999999650754,BACKFILL_AUTO
2026-05-23 10:10:53,1779531053,BOOM900,9488.009,-1,0.009000000000014552,BACKFILL_AUTO
2026-05-23 10:10:54,1779531054,BOOM900,9487.993,-1,0.01599999999962165,BACKFILL_AUTO
2026-05-23 10:10:55,1779531055,BOOM900,9487.99,-1,0.0030000000006111804,BACKFILL_AUTO
2026-05-23 10:10:56,1779531056,BOOM900,9487.98,-1,0.010000000000218279,BACKFILL_AUTO
2026-05-23 10:10:57,1779531057,BOOM900,9487.965,-1,0.014999999999417923,BACKFILL_AUTO
2026-05-23 10:10:58,1779531058,BOOM900,9487.962,-1,0.0030000000006111804,BACKFILL_AUTO
2026-05-23 10:10:59,1779531059,BOOM900,9487.96,-1,0.0020000000004074536,BACKFILL_AUTO
2026-05-23 10:11:00,1779531060,BOOM900,9487.943,-1,0.016999999999825377,BACKFILL_AUTO
2026-05-23 10:11:01,1779531061,BOOM900,9487.943,0,0.0,BACKFILL_AUTO
2026-05-23 10:11:02,1779531062,BOOM900,9487.942,-1,0.0010000000002037268,BACKFILL_AUTO
2026-05-23 10:11:03,1779531063,BOOM900,9487.933,-1,0.008999999998195563,BACKFILL_AUTO
2026-05-23 10:11:04,1779531064,BOOM900,9487.905,-1,0.028000000000247383,BACKFILL_AUTO
2026-05-23 10:11:05,1779531065,BOOM900,9487.903,-1,0.0020000000004074536,BACKFILL_AUTO
2026-05-23 10:11:06,1779531066,BOOM900,9487.884,-1,0.01900000000023283,BACKFILL_AUTO
2026-05-23 10:11:07,1779531067,BOOM900,9487.882,-1,0.0020000000004074536,BACKFILL_AUTO
2026-05-23 10:11:08,1779531068,BOOM900,9487.877,-1,0.004999999999199645,BACKFILL_AUTO
2026-05-23 10:11:09,1779531069,BOOM900,9487.864,-1,0.01300000000082946,BACKFILL_AUTO
2026-05-23 10:11:10,1779531070,BOOM900,9487.858,-1,0.0059999999994033715,BACKFILL_AUTO
2026-05-23 10:11:11,1779531071,BOOM900,9487.856,-1,0.0020000000004074536,BACKFILL_AUTO
2026-05-23 10:11:12,1779531072,BOOM900,9487.839,-1,0.016999999999825377,BACKFILL_AUTO
2026-05-23 10:11:13,1779531073,BOOM900,9487.835,-1,0.004000000000814907,BACKFILL_AUTO
2026-05-23 10:11:14,1779531074,BOOM900,9487.819,-1,0.01599999999962165,BACKFILL_AUTO
2026-05-23 10:11:15,1779531075,BOOM900,9487.795,-1,0.023999999999432475,BACKFILL_AUTO
2026-05-23 10:11:16,1779531076,BOOM900,9487.788,-1,0.006999999999607098,BACKFILL_AUTO
2026-05-23 10:11:17,1779531077,BOOM900,9487.769,-1,0.01900000000023283,BACKFILL_AUTO
2026-05-23 10:11:18,1779531078,BOOM900,9487.74,-1,0.02900000000045111,BACKFILL_AUTO
2026-05-23 10:11:19,1779531079,BOOM900,9487.721,-1,0.01900000000023283,BACKFILL_AUTO
2026-05-23 10:11:20,1779531080,BOOM900,9487.703,-1,0.018000000000029104,BACKFILL_AUTO
2026-05-23 10:11:21,1779531081,BOOM900,9487.694,-1,0.009000000000014552,BACKFILL_AUTO
2026-05-23 10:11:22,1779531082,BOOM900,9487.675,-1,0.01900000000023283,BACKFILL_AUTO
2026-05-23 10:11:23,1779531083,BOOM900,9487.649,-1,0.02599999999983993,BACKFILL_AUTO
2026-05-23 10:11:24,1779531084,BOOM900,9487.638,-1,0.010999999998603016,BACKFILL_AUTO
2026-05-23 10:11:25,1779531085,BOOM900,9487.634,-1,0.004000000000814907,BACKFILL_AUTO
2026-05-23 10:11:26,1779531086,BOOM900,9487.63,-1,0.004000000000814907,BACKFILL_AUTO
2026-05-23 10:11:27,1779531087,BOOM900,9487.62,-1,0.00999999999839929,BACKFILL_AUTO
2026-05-23 10:11:28,1779531088,BOOM900,9487.594,-1,0.02600000000165892,BACKFILL_AUTO
2026-05-23 10:11:29,1779531089,BOOM900,9487.582,-1,0.011999999998806743,BACKFILL_AUTO
2026-05-23 10:11:30,1779531090,BOOM900,9487.568,-1,0.014000000001033186,BACKFILL_AUTO
2026-05-23 10:11:31,1779531091,BOOM900,9487.561,-1,0.006999999999607098,BACKFILL_AUTO
2026-05-23 10:11:32,1779531092,BOOM900,9487.548,-1,0.01299999999901047,BACKFILL_AUTO
2026-05-23 10:11:33,1779531093,BOOM900,9487.54,-1,0.007999999999810825,BACKFILL_AUTO
2026-05-23 10:11:34,1779531094,BOOM900,9487.539,-1,0.0010000000002037268,BACKFILL_AUTO
2026-05-23 10:11:35,1779531095,BOOM900,9487.528,-1,0.011000000000422006,BACKFILL_AUTO
2026-05-23 10:11:36,1779531096,BOOM900,9487.518,-1,0.010000000000218279,BACKFILL_AUTO
2026-05-23 10:11:37,1779531097,BOOM900,9487.511,-1,0.006999999999607098,BACKFILL_AUTO
2026-05-23 10:11:38,1779531098,BOOM900,9487.506,-1,0.005000000001018634,BACKFILL_AUTO
2026-05-23 10:11:39,1779531099,BOOM900,9487.496,-1,0.010000000000218279,BACKFILL_AUTO
2026-05-23 10:11:40,1779531100,BOOM900,9487.495,-1,0.0009999999983847374,BACKFILL_AUTO
2026-05-23 10:11:41,1779531101,BOOM900,9487.494,-1,0.0010000000002037268,BACKFILL_AUTO
2026-05-23 10:11:42,1779531102,BOOM900,9487.488,-1,0.006000000001222361,BACKFILL_AUTO
2026-05-23 10:11:43,1779531103,BOOM900,9487.483,-1,0.004999999999199645,BACKFILL_AUTO
2026-05-23 10:11:44,1779531104,BOOM900,9487.482,-1,0.0010000000002037268,BACKFILL_AUTO
2026-05-23 10:11:45,1779531105,BOOM900,9487.479,-1,0.0030000000006111804,BACKFILL_AUTO
2026-05-23 10:11:46,1779531106,BOOM900,9487.464,-1,0.014999999999417923,BACKFILL_AUTO
2026-05-23 10:11:47,1779531107,BOOM900,9487.456,-1,0.007999999999810825,BACKFILL_AUTO
2026-05-23 10:11:48,1779531108,BOOM900,9487.434,-1,0.02200000000084401,BACKFILL_AUTO
2026-05-23 10:11:49,1779531109,BOOM900,9487.425,-1,0.009000000000014552,BACKFILL_AUTO
2026-05-23 10:11:50,1779531110,BOOM900,9487.414,-1,0.010999999998603016,BACKFILL_AUTO
2026-05-23 10:11:51,1779531111,BOOM900,9487.412,-1,0.0020000000004074536,BACKFILL_AUTO
2026-05-23 10:11:52,1779531112,BOOM900,9487.397,-1,0.014999999999417923,BACKFILL_AUTO
2026-05-23 10:11:53,1779531113,BOOM900,9487.389,-1,0.008000000001629815,BACKFILL_AUTO
2026-05-23 10:11:54,1779531114,BOOM900,9487.368,-1,0.020999999998821295,BACKFILL_AUTO
2026-05-23 10:11:55,1779531115,BOOM900,9487.354,-1,0.014000000001033186,BACKFILL_AUTO
2026-05-23 10:11:56,1779531116,BOOM900,9487.336,-1,0.018000000000029104,BACKFILL_AUTO
2026-05-23 10:11:57,1779531117,BOOM900,9487.305,-1,0.030999999999039574,BACKFILL_AUTO
2026-05-23 10:11:58,1779531118,BOOM900,9487.293,-1,0.012000000000625732,BACKFILL_AUTO
2026-05-23 10:11:59,1779531119,BOOM900,9487.285,-1,0.007999999999810825,BACKFILL_AUTO
2026-05-23 10:12:00,1779531120,BOOM900,9487.279,-1,0.0059999999994033715,BACKFILL_AUTO
2026-05-23 10:12:01,1779531121,BOOM900,9487.272,-1,0.006999999999607098,BACKFILL_AUTO
2026-05-23 10:12:02,1779531122,BOOM900,9487.267,-1,0.005000000001018634,BACKFILL_AUTO
2026-05-23 10:12:03,1779531123,BOOM900,9487.264,-1,0.0030000000006111804,BACKFILL_AUTO
2026-05-23 10:12:04,1779531124,BOOM900,9487.261,-1,0.002999999998792191,BACKFILL_AUTO
2026-05-23 10:12:05,1779531125,BOOM900,9487.257,-1,0.004000000000814907,BACKFILL_AUTO
2026-05-23 10:12:06,1779531126,BOOM900,9487.256,-1,0.0010000000002037268,BACKFILL_AUTO
2026-05-23 10:12:07,1779531127,BOOM900,9487.239,-1,0.016999999999825377,BACKFILL_AUTO
2026-05-23 10:12:08,1779531128,BOOM900,9487.239,0,0.0,BACKFILL_AUTO
2026-05-23 10:12:09,1779531129,BOOM900,9487.238,-1,0.0010000000002037268,BACKFILL_AUTO
2026-05-23 10:12:10,1779531130,BOOM900,9487.224,-1,0.013999999999214197,BACKFILL_AUTO
2026-05-23 10:12:11,1779531131,BOOM900,9487.222,-1,0.0020000000004074536,BACKFILL_AUTO
2026-05-23 10:12:12,1779531132,BOOM900,9487.215,-1,0.006999999999607098,BACKFILL_AUTO
2026-05-23 10:12:13,1779531133,BOOM900,9487.208,-1,0.006999999999607098,BACKFILL_AUTO
2026-05-23 10:12:14,1779531134,BOOM900,9487.198,-1,0.010000000000218279,BACKFILL_AUTO
2026-05-23 10:12:15,1779531135,BOOM900,9487.194,-1,0.004000000000814907,BACKFILL_AUTO
2026-05-23 10:12:16,1779531136,BOOM900,9487.187,-1,0.006999999999607098,BACKFILL_AUTO
2026-05-23 10:12:17,1779531137,BOOM900,9487.187,0,0.0,BACKFILL_AUTO
2026-05-23 10:12:18,1779531138,BOOM900,9487.169,-1,0.018000000000029104,BACKFILL_AUTO
2026-05-23 10:12:19,1779531139,BOOM900,9487.162,-1,0.006999999999607098,BACKFILL_AUTO
2026-05-23 10:12:20,1779531140,BOOM900,9487.16,-1,0.0020000000004074536,BACKFILL_AUTO
2026-05-23 10:12:21,1779531141,BOOM900,9487.144,-1,0.01599999999962165,BACKFILL_AUTO
2026-05-23 10:12:22,1779531142,BOOM900,9487.124,-1,0.020000000000436557,BACKFILL_AUTO
2026-05-23 10:12:23,1779531143,BOOM900,9487.117,-1,0.006999999999607098,BACKFILL_AUTO
2026-05-23 10:12:24,1779531144,BOOM900,9487.106,-1,0.011000000000422006,BACKFILL_AUTO
2026-05-23 10:12:25,1779531145,BOOM900,9487.079,-1,0.027000000000043656,BACKFILL_AUTO
2026-05-23 10:12:26,1779531146,BOOM900,9487.07,-1,0.009000000000014552,BACKFILL_AUTO
2026-05-23 10:12:27,1779531147,BOOM900,9487.068,-1,0.0020000000004074536,BACKFILL_AUTO
2026-05-23 10:12:28,1779531148,BOOM900,9487.064,-1,0.003999999998995918,BACKFILL_AUTO
2026-05-23 10:12:29,1779531149,BOOM900,9487.055,-1,0.009000000000014552,BACKFILL_AUTO
2026-05-23 10:12:30,1779531150,BOOM900,9487.035,-1,0.020000000000436557,BACKFILL_AUTO
2026-05-23 10:12:31,1779531151,BOOM900,9487.027,-1,0.007999999999810825,BACKFILL_AUTO
2026-05-23 10:12:32,1779531152,BOOM900,9487.013,-1,0.013999999999214197,BACKFILL_AUTO
2026-05-23 10:12:33,1779531153,BOOM900,9487.01,-1,0.0030000000006111804,BACKFILL_AUTO
2026-05-23 10:12:34,1779531154,BOOM900,9487.006,-1,0.004000000000814907,BACKFILL_AUTO
2026-05-23 10:12:35,1779531155,BOOM900,9487.005,-1,0.0010000000002037268,BACKFILL_AUTO
2026-05-23 10:12:36,1779531156,BOOM900,9486.997,-1,0.007999999999810825,BACKFILL_AUTO
2026-05-23 10:12:37,1779531157,BOOM900,9486.995,-1,0.0019999999985884642,BACKFILL_AUTO
2026-05-23 10:12:38,1779531158,BOOM900,9486.995,0,0.0,BACKFILL_AUTO
2026-05-23 10:12:39,1779531159,BOOM900,9486.985,-1,0.010000000000218279,BACKFILL_AUTO
2026-05-23 10:12:40,1779531160,BOOM900,9486.962,-1,0.023000000001047738,BACKFILL_AUTO
2026-05-23 10:12:41,1779531161,BOOM900,9486.944,-1,0.018000000000029104,BACKFILL_AUTO
2026-05-23 10:12:42,1779531162,BOOM900,9486.925,-1,0.01900000000023283,BACKFILL_AUTO
2026-05-23 10:12:43,1779531163,BOOM900,9486.895,-1,0.029999999998835847,BACKFILL_AUTO
2026-05-23 10:12:44,1779531164,BOOM900,9486.874,-1,0.021000000000640284,BACKFILL_AUTO
2026-05-23 10:12:45,1779531165,BOOM900,9486.866,-1,0.007999999999810825,BACKFILL_AUTO
2026-05-23 10:12:46,1779531166,BOOM900,9486.862,-1,0.004000000000814907,BACKFILL_AUTO
2026-05-23 10:12:47,1779531167,BOOM900,9486.853,-1,0.009000000000014552,BACKFILL_AUTO
2026-05-23 10:12:48,1779531168,BOOM900,9486.841,-1,0.011999999998806743,BACKFILL_AUTO
2026-05-23 10:12:49,1779531169,BOOM900,9486.834,-1,0.006999999999607098,BACKFILL_AUTO
2026-05-23 10:12:50,1779531170,BOOM900,9486.82,-1,0.014000000001033186,BACKFILL_AUTO
2026-05-23 10:12:51,1779531171,BOOM900,9486.806,-1,0.013999999999214197,BACKFILL_AUTO
2026-05-23 10:12:52,1779531172,BOOM900,9486.796,-1,0.010000000000218279,BACKFILL_AUTO
2026-05-23 10:12:53,1779531173,BOOM900,9486.784,-1,0.012000000000625732,BACKFILL_AUTO
2026-05-23 10:12:54,1779531174,BOOM900,9486.779,-1,0.004999999999199645,BACKFILL_AUTO
2026-05-23 10:12:55,1779531175,BOOM900,9486.762,-1,0.016999999999825377,BACKFILL_AUTO
2026-05-23 10:12:56,1779531176,BOOM900,9486.744,-1,0.018000000000029104,BACKFILL_AUTO
2026-05-23 10:12:57,1779531177,BOOM900,9486.743,-1,0.0010000000002037268,BACKFILL_AUTO
2026-05-23 10:12:58,1779531178,BOOM900,9486.726,-1,0.016999999999825377,BACKFILL_AUTO
2026-05-23 10:12:59,1779531179,BOOM900,9486.709,-1,0.016999999999825377,BACKFILL_AUTO
2026-05-23 10:13:00,1779531180,BOOM900,9486.687,-1,0.02200000000084401,BACKFILL_AUTO
2026-05-23 10:13:01,1779531181,BOOM900,9486.677,-1,0.010000000000218279,BACKFILL_AUTO
2026-05-23 10:13:02,1779531182,BOOM900,9486.655,-1,0.02199999999902502,BACKFILL_AUTO
2026-05-23 10:13:03,1779531183,BOOM900,9486.635,-1,0.020000000000436557,BACKFILL_AUTO
2026-05-23 10:13:04,1779531184,BOOM900,9486.627,-1,0.007999999999810825,BACKFILL_AUTO
2026-05-23 10:13:05,1779531185,BOOM900,9486.596,-1,0.031000000000858563,BACKFILL_AUTO
2026-05-23 10:13:06,1779531186,BOOM900,9486.589,-1,0.006999999999607098,BACKFILL_AUTO
2026-05-23 10:13:07,1779531187,BOOM900,9486.589,0,0.0,BACKFILL_AUTO
2026-05-23 10:13:08,1779531188,BOOM900,9486.575,-1,0.013999999999214197,BACKFILL_AUTO
2026-05-23 10:13:09,1779531189,BOOM900,9486.57,-1,0.005000000001018634,BACKFILL_AUTO
2026-05-23 10:13:10,1779531190,BOOM900,9486.566,-1,0.003999999998995918,BACKFILL_AUTO
2026-05-23 10:13:11,1779531191,BOOM900,9486.561,-1,0.005000000001018634,BACKFILL_AUTO
2026-05-23 10:13:12,1779531192,BOOM900,9486.552,-1,0.009000000000014552,BACKFILL_AUTO
2026-05-23 10:13:13,1779531193,BOOM900,9486.546,-1,0.0059999999994033715,BACKFILL_AUTO
2026-05-23 10:13:14,1779531194,BOOM900,9486.54,-1,0.0059999999994033715,BACKFILL_AUTO
2026-05-23 10:13:15,1779531195,BOOM900,9486.523,-1,0.017000000001644366,BACKFILL_AUTO
2026-05-23 10:13:16,1779531196,BOOM900,9486.507,-1,0.01599999999962165,BACKFILL_AUTO
2026-05-23 10:13:17,1779531197,BOOM900,9486.489,-1,0.018000000000029104,BACKFILL_AUTO
2026-05-23 10:13:18,1779531198,BOOM900,9486.486,-1,0.002999999998792191,BACKFILL_AUTO
2026-05-23 10:13:19,1779531199,BOOM900,9486.474,-1,0.012000000000625732,BACKFILL_AUTO
2026-05-23 10:13:20,1779531200,BOOM900,9486.463,-1,0.011000000000422006,BACKFILL_AUTO
2026-05-23 10:13:21,1779531201,BOOM900,9486.454,-1,0.009000000000014552,BACKFILL_AUTO
2026-05-23 10:13:22,1779531202,BOOM900,9486.422,-1,0.0319999999992433,BACKFILL_AUTO
2026-05-23 10:13:23,1779531203,BOOM900,9486.418,-1,0.004000000000814907,BACKFILL_AUTO
2026-05-23 10:13:24,1779531204,BOOM900,9486.412,-1,0.0059999999994033715,BACKFILL_AUTO
2026-05-23 10:13:25,1779531205,BOOM900,9486.409,-1,0.0030000000006111804,BACKFILL_AUTO
2026-05-23 10:13:26,1779531206,BOOM900,9486.386,-1,0.02299999999922875,BACKFILL_AUTO
2026-05-23 10:13:27,1779531207,BOOM900,9486.369,-1,0.016999999999825377,BACKFILL_AUTO
2026-05-23 10:13:28,1779531208,BOOM900,9486.366,-1,0.0030000000006111804,BACKFILL_AUTO
2026-05-23 10:13:29,1779531209,BOOM900,9486.364,-1,0.0020000000004074536,BACKFILL_AUTO
2026-05-23 10:13:30,1779531210,BOOM900,9486.355,-1,0.009000000000014552,BACKFILL_AUTO
2026-05-23 10:13:31,1779531211,BOOM900,9486.347,-1,0.007999999999810825,BACKFILL_AUTO
2026-05-23 10:13:32,1779531212,BOOM900,9486.333,-1,0.013999999999214197,BACKFILL_AUTO
2026-05-23 10:13:33,1779531213,BOOM900,9486.309,-1,0.024000000001251465,BACKFILL_AUTO
2026-05-23 10:13:34,1779531214,BOOM900,9486.3,-1,0.009000000000014552,BACKFILL_AUTO
2026-05-23 10:13:35,1779531215,BOOM900,9486.285,-1,0.014999999999417923,BACKFILL_AUTO
2026-05-23 10:13:36,1779531216,BOOM900,9486.274,-1,0.011000000000422006,BACKFILL_AUTO
2026-05-23 10:13:37,1779531217,BOOM900,9486.253,-1,0.020999999998821295,BACKFILL_AUTO
2026-05-23 10:13:38,1779531218,BOOM900,9486.25,-1,0.0030000000006111804,BACKFILL_AUTO
2026-05-23 10:13:39,1779531219,BOOM900,9486.248,-1,0.0020000000004074536,BACKFILL_AUTO
2026-05-23 10:13:40,1779531220,BOOM900,9486.235,-1,0.01299999999901047,BACKFILL_AUTO
2026-05-23 10:13:41,1779531221,BOOM900,9486.218,-1,0.016999999999825377,BACKFILL_AUTO
2026-05-23 10:13:42,1779531222,BOOM900,9486.211,-1,0.007000000001426088,BACKFILL_AUTO
2026-05-23 10:13:43,1779531223,BOOM900,9486.192,-1,0.01900000000023283,BACKFILL_AUTO
2026-05-23 10:13:44,1779531224,BOOM900,9486.191,-1,0.0009999999983847374,BACKFILL_AUTO
2026-05-23 10:13:45,1779531225,BOOM900,9486.181,-1,0.010000000000218279,BACKFILL_AUTO
2026-05-23 10:13:46,1779531226,BOOM900,9486.158,-1,0.023000000001047738,BACKFILL_AUTO
2026-05-23 10:13:47,1779531227,BOOM900,9486.134,-1,0.023999999999432475,BACKFILL_AUTO
2026-05-23 10:13:48,1779531228,BOOM900,9486.127,-1,0.006999999999607098,BACKFILL_AUTO
2026-05-23 10:13:49,1779531229,BOOM900,9486.108,-1,0.01900000000023283,BACKFILL_AUTO
2026-05-23 10:13:50,1779531230,BOOM900,9486.097,-1,0.011000000000422006,BACKFILL_AUTO
2026-05-23 10:13:51,1779531231,BOOM900,9486.095,-1,0.0020000000004074536,BACKFILL_AUTO
2026-05-23 10:13:52,1779531232,BOOM900,9486.086,-1,0.009000000000014552,BACKFILL_AUTO
2026-05-23 10:13:53,1779531233,BOOM900,9486.07,-1,0.01599999999962165,BACKFILL_AUTO
2026-05-23 10:13:54,1779531234,BOOM900,9486.06,-1,0.010000000000218279,BACKFILL_AUTO
2026-05-23 10:13:55,1779531235,BOOM900,9486.057,-1,0.002999999998792191,BACKFILL_AUTO
2026-05-23 10:13:56,1779531236,BOOM900,9486.032,-1,0.02500000000145519,BACKFILL_AUTO
2026-05-23 10:13:57,1779531237,BOOM900,9486.003,-1,0.02899999999863212,BACKFILL_AUTO
2026-05-23 10:13:58,1779531238,BOOM900,9485.988,-1,0.015000000001236913,BACKFILL_AUTO
2026-05-23 10:13:59,1779531239,BOOM900,9485.982,-1,0.0059999999994033715,BACKFILL_AUTO
2026-05-23 10:14:00,1779531240,BOOM900,9485.978,-1,0.004000000000814907,BACKFILL_AUTO
2026-05-23 10:14:01,1779531241,BOOM900,9485.975,-1,0.002999999998792191,BACKFILL_AUTO
2026-05-23 10:14:02,1779531242,BOOM900,9485.961,-1,0.014000000001033186,BACKFILL_AUTO
2026-05-23 10:14:03,1779531243,BOOM900,9485.931,-1,0.029999999998835847,BACKFILL_AUTO
2026-05-23 10:14:04,1779531244,BOOM900,9485.928,-1,0.0030000000006111804,BACKFILL_AUTO
2026-05-23 10:14:05,1779531245,BOOM900,9485.916,-1,0.012000000000625732,BACKFILL_AUTO
2026-05-23 10:14:06,1779531246,BOOM900,9485.902,-1,0.013999999999214197,BACKFILL_AUTO
2026-05-23 10:14:07,1779531247,BOOM900,9485.889,-1,0.01300000000082946,BACKFILL_AUTO
2026-05-23 10:14:08,1779531248,BOOM900,9485.883,-1,0.0059999999994033715,BACKFILL_AUTO
2026-05-23 10:14:09,1779531249,BOOM900,9485.868,-1,0.014999999999417923,BACKFILL_AUTO
2026-05-23 10:14:10,1779531250,BOOM900,9485.864,-1,0.004000000000814907,BACKFILL_AUTO
2026-05-23 10:14:11,1779531251,BOOM900,9485.851,-1,0.01299999999901047,BACKFILL_AUTO
2026-05-23 10:14:12,1779531252,BOOM900,9485.85,-1,0.0010000000002037268,BACKFILL_AUTO
2026-05-23 10:14:13,1779531253,BOOM900,9485.85,0,0.0,BACKFILL_AUTO
2026-05-23 10:14:14,1779531254,BOOM900,9485.839,-1,0.011000000000422006,BACKFILL_AUTO
2026-05-23 10:14:15,1779531255,BOOM900,9485.832,-1,0.006999999999607098,BACKFILL_AUTO
2026-05-23 10:14:16,1779531256,BOOM900,9485.811,-1,0.021000000000640284,BACKFILL_AUTO
2026-05-23 10:14:17,1779531257,BOOM900,9485.793,-1,0.018000000000029104,BACKFILL_AUTO
2026-05-23 10:14:18,1779531258,BOOM900,9485.785,-1,0.007999999999810825,BACKFILL_AUTO
2026-05-23 10:14:19,1779531259,BOOM900,9485.774,-1,0.011000000000422006,BACKFILL_AUTO
2026-05-23 10:14:20,1779531260,BOOM900,9485.771,-1,0.002999999998792191,BACKFILL_AUTO
2026-05-23 10:14:21,1779531261,BOOM900,9485.761,-1,0.010000000000218279,BACKFILL_AUTO
2026-05-23 10:14:22,1779531262,BOOM900,9485.742,-1,0.01900000000023283,BACKFILL_AUTO
2026-05-23 10:14:23,1779531263,BOOM900,9485.728,-1,0.014000000001033186,BACKFILL_AUTO
2026-05-23 10:14:24,1779531264,BOOM900,9485.725,-1,0.002999999998792191,BACKFILL_AUTO
2026-05-23 10:14:25,1779531265,BOOM900,9485.72,-1,0.005000000001018634,BACKFILL_AUTO
2026-05-23 10:14:26,1779531266,BOOM900,9485.712,-1,0.007999999999810825,BACKFILL_AUTO
2026-05-23 10:14:27,1779531267,BOOM900,9485.708,-1,0.003999999998995918,BACKFILL_AUTO
2026-05-23 10:14:28,1779531268,BOOM900,9485.699,-1,0.009000000000014552,BACKFILL_AUTO
2026-05-23 10:14:29,1779531269,BOOM900,9485.696,-1,0.0030000000006111804,BACKFILL_AUTO
2026-05-23 10:14:30,1779531270,BOOM900,9485.68,-1,0.01599999999962165,BACKFILL_AUTO
2026-05-23 10:14:31,1779531271,BOOM900,9485.653,-1,0.027000000000043656,BACKFILL_AUTO
2026-05-23 10:14:32,1779531272,BOOM900,9485.638,-1,0.014999999999417923,BACKFILL_AUTO
2026-05-23 10:14:33,1779531273,BOOM900,9485.633,-1,0.005000000001018634,BACKFILL_AUTO
2026-05-23 10:14:34,1779531274,BOOM900,9485.615,-1,0.018000000000029104,BACKFILL_AUTO
2026-05-23 10:14:35,1779531275,BOOM900,9485.601,-1,0.013999999999214197,BACKFILL_AUTO
2026-05-23 10:14:36,1779531276,BOOM900,9485.588,-1,0.01300000000082946,BACKFILL_AUTO
2026-05-23 10:14:37,1779531277,BOOM900,9485.577,-1,0.011000000000422006,BACKFILL_AUTO
2026-05-23 10:14:38,1779531278,BOOM900,9485.559,-1,0.018000000000029104,BACKFILL_AUTO
2026-05-23 10:14:39,1779531279,BOOM900,9485.551,-1,0.007999999999810825,BACKFILL_AUTO
2026-05-23 10:14:40,1779531280,BOOM900,9485.53,-1,0.020999999998821295,BACKFILL_AUTO
2026-05-23 10:14:41,1779531281,BOOM900,9485.528,-1,0.0020000000004074536,BACKFILL_AUTO
2026-05-23 10:14:42,1779531282,BOOM900,9485.524,-1,0.004000000000814907,BACKFILL_AUTO
2026-05-23 10:14:43,1779531283,BOOM900,9485.508,-1,0.01599999999962165,BACKFILL_AUTO
2026-05-23 10:14:44,1779531284,BOOM900,9485.502,-1,0.0059999999994033715,BACKFILL_AUTO
2026-05-23 10:14:45,1779531285,BOOM900,9485.5,-1,0.0020000000004074536,BACKFILL_AUTO
2026-05-23 10:14:46,1779531286,BOOM900,9485.499,-1,0.0010000000002037268,BACKFILL_AUTO
2026-05-23 10:14:47,1779531287,BOOM900,9485.492,-1,0.006999999999607098,BACKFILL_AUTO
2026-05-23 10:14:48,1779531288,BOOM900,9485.477,-1,0.014999999999417923,BACKFILL_AUTO
2026-05-23 10:14:49,1779531289,BOOM900,9485.459,-1,0.018000000000029104,BACKFILL_AUTO
2026-05-23 10:14:50,1779531290,BOOM900,9485.458,-1,0.0010000000002037268,BACKFILL_AUTO
2026-05-23 10:14:51,1779531291,BOOM900,9485.453,-1,0.005000000001018634,BACKFILL_AUTO
2026-05-23 10:14:52,1779531292,BOOM900,9485.436,-1,0.016999999999825377,BACKFILL_AUTO
2026-05-23 10:14:53,1779531293,BOOM900,9485.428,-1,0.007999999999810825,BACKFILL_AUTO
2026-05-23 10:14:54,1779531294,BOOM900,9485.423,-1,0.004999999999199645,BACKFILL_AUTO
2026-05-23 10:14:55,1779531295,BOOM900,9485.406,-1,0.016999999999825377,BACKFILL_AUTO
2026-05-23 10:14:56,1779531296,BOOM900,9485.392,-1,0.014000000001033186,BACKFILL_AUTO
2026-05-23 10:14:57,1779531297,BOOM900,9485.383,-1,0.009000000000014552,BACKFILL_AUTO
2026-05-23 10:14:58,1779531298,BOOM900,9485.381,-1,0.0020000000004074536,BACKFILL_AUTO
2026-05-23 10:14:59,1779531299,BOOM900,9485.367,-1,0.013999999999214197,BACKFILL_AUTO
2026-05-23 10:15:00,1779531300,BOOM900,9485.365,-1,0.0020000000004074536,BACKFILL_AUTO
2026-05-23 10:15:01,1779531301,BOOM900,9485.344,-1,0.021000000000640284,BACKFILL_AUTO
2026-05-23 10:15:02,1779531302,BOOM900,9485.326,-1,0.018000000000029104,BACKFILL_AUTO
2026-05-23 10:15:03,1779531303,BOOM900,9485.301,-1,0.024999999999636202,BACKFILL_AUTO
2026-05-23 10:15:04,1779531304,BOOM900,9485.291,-1,0.010000000000218279,BACKFILL_AUTO
2026-05-23 10:15:05,1779531305,BOOM900,9485.289,-1,0.0019999999985884642,BACKFILL_AUTO
2026-05-23 10:15:06,1779531306,BOOM900,9485.279,-1,0.010000000000218279,BACKFILL_AUTO
2026-05-23 10:15:07,1779531307,BOOM900,9485.265,-1,0.014000000001033186,BACKFILL_AUTO
2026-05-23 10:15:08,1779531308,BOOM900,9485.235,-1,0.029999999998835847,BACKFILL_AUTO
2026-05-23 10:15:09,1779531309,BOOM900,9485.234,-1,0.0010000000002037268,BACKFILL_AUTO
2026-05-23 10:15:10,1779531310,BOOM900,9485.223,-1,0.011000000000422006,BACKFILL_AUTO
2026-05-23 10:15:11,1779531311,BOOM900,9485.198,-1,0.024999999999636202,BACKFILL_AUTO
2026-05-23 10:15:12,1779531312,BOOM900,9485.176,-1,0.02200000000084401,BACKFILL_AUTO
2026-05-23 10:15:13,1779531313,BOOM900,9485.169,-1,0.006999999999607098,BACKFILL_AUTO
2026-05-23 10:15:14,1779531314,BOOM900,9485.154,-1,0.014999999999417923,BACKFILL_AUTO
2026-05-23 10:15:15,1779531315,BOOM900,9485.15,-1,0.004000000000814907,BACKFILL_AUTO
2026-05-23 10:15:16,1779531316,BOOM900,9485.149,-1,0.0010000000002037268,BACKFILL_AUTO
2026-05-23 10:15:17,1779531317,BOOM900,9485.146,-1,0.002999999998792191,BACKFILL_AUTO
2026-05-23 10:15:18,1779531318,BOOM900,9485.137,-1,0.009000000000014552,BACKFILL_AUTO
2026-05-23 10:15:19,1779531319,BOOM900,9485.123,-1,0.014000000001033186,BACKFILL_AUTO
2026-05-23 10:15:20,1779531320,BOOM900,9485.097,-1,0.02599999999983993,BACKFILL_AUTO
2026-05-23 10:15:21,1779531321,BOOM900,9485.085,-1,0.012000000000625732,BACKFILL_AUTO
2026-05-23 10:15:22,1779531322,BOOM900,9485.074,-1,0.010999999998603016,BACKFILL_AUTO
2026-05-23 10:15:23,1779531323,BOOM900,9485.062,-1,0.012000000000625732,BACKFILL_AUTO
2026-05-23 10:15:24,1779531324,BOOM900,9485.048,-1,0.013999999999214197,BACKFILL_AUTO
2026-05-23 10:15:25,1779531325,BOOM900,9485.035,-1,0.01300000000082946,BACKFILL_AUTO
2026-05-23 10:15:26,1779531326,BOOM900,9485.035,0,0.0,BACKFILL_AUTO
2026-05-23 10:15:27,1779531327,BOOM900,9485.012,-1,0.02299999999922875,BACKFILL_AUTO
2026-05-23 10:15:28,1779531328,BOOM900,9485.004,-1,0.007999999999810825,BACKFILL_AUTO
2026-05-23 10:15:29,1779531329,BOOM900,9484.997,-1,0.007000000001426088,BACKFILL_AUTO
2026-05-23 10:15:30,1779531330,BOOM900,9484.99,-1,0.006999999999607098,BACKFILL_AUTO
2026-05-23 10:15:31,1779531331,BOOM900,9484.987,-1,0.0030000000006111804,BACKFILL_AUTO
2026-05-23 10:15:32,1779531332,BOOM900,9484.978,-1,0.009000000000014552,BACKFILL_AUTO
2026-05-23 10:15:33,1779531333,BOOM900,9484.972,-1,0.0059999999994033715,BACKFILL_AUTO
2026-05-23 10:15:34,1779531334,BOOM900,9484.968,-1,0.003999999998995918,BACKFILL_AUTO
2026-05-23 10:15:35,1779531335,BOOM900,9484.95,-1,0.018000000000029104,BACKFILL_AUTO
2026-05-23 10:15:36,1779531336,BOOM900,9484.943,-1,0.007000000001426088,BACKFILL_AUTO
2026-05-23 10:15:37,1779531337,BOOM900,9484.935,-1,0.007999999999810825,BACKFILL_AUTO
2026-05-23 10:15:38,1779531338,BOOM900,9484.933,-1,0.0019999999985884642,BACKFILL_AUTO
2026-05-23 10:15:39,1779531339,BOOM900,9484.93,-1,0.0030000000006111804,BACKFILL_AUTO
2026-05-23 10:15:40,1779531340,BOOM900,9484.91,-1,0.020000000000436557,BACKFILL_AUTO
2026-05-23 10:15:41,1779531341,BOOM900,9484.891,-1,0.01900000000023283,BACKFILL_AUTO
2026-05-23 10:15:42,1779531342,BOOM900,9484.87,-1,0.020999999998821295,BACKFILL_AUTO
2026-05-23 10:15:43,1779531343,BOOM900,9484.851,-1,0.01900000000023283,BACKFILL_AUTO
2026-05-23 10:15:44,1779531344,BOOM900,9484.83,-1,0.021000000000640284,BACKFILL_AUTO
2026-05-23 10:15:45,1779531345,BOOM900,9484.822,-1,0.007999999999810825,BACKFILL_AUTO
2026-05-23 10:15:46,1779531346,BOOM900,9484.818,-1,0.004000000000814907,BACKFILL_AUTO
2026-05-23 10:15:47,1779531347,BOOM900,9484.792,-1,0.02599999999983993,BACKFILL_AUTO
2026-05-23 10:15:48,1779531348,BOOM900,9484.78,-1,0.011999999998806743,BACKFILL_AUTO
2026-05-23 10:15:49,1779531349,BOOM900,9484.775,-1,0.005000000001018634,BACKFILL_AUTO
2026-05-23 10:15:50,1779531350,BOOM900,9484.76,-1,0.014999999999417923,BACKFILL_AUTO
2026-05-23 10:15:51,1779531351,BOOM900,9484.744,-1,0.01599999999962165,BACKFILL_AUTO
2026-05-23 10:15:52,1779531352,BOOM900,9484.724,-1,0.020000000000436557,BACKFILL_AUTO
2026-05-23 10:15:53,1779531353,BOOM900,9484.714,-1,0.010000000000218279,BACKFILL_AUTO
2026-05-23 10:15:54,1779531354,BOOM900,9484.713,-1,0.0010000000002037268,BACKFILL_AUTO
2026-05-23 10:15:55,1779531355,BOOM900,9484.708,-1,0.004999999999199645,BACKFILL_AUTO
2026-05-23 10:15:56,1779531356,BOOM900,9484.697,-1,0.011000000000422006,BACKFILL_AUTO
2026-05-23 10:15:57,1779531357,BOOM900,9484.687,-1,0.010000000000218279,BACKFILL_AUTO
2026-05-23 10:15:58,1779531358,BOOM900,9484.676,-1,0.011000000000422006,BACKFILL_AUTO
2026-05-23 10:15:59,1779531359,BOOM900,9484.673,-1,0.002999999998792191,BACKFILL_AUTO
2026-05-23 10:16:00,1779531360,BOOM900,9484.656,-1,0.016999999999825377,BACKFILL_AUTO
2026-05-23 10:16:01,1779531361,BOOM900,9484.652,-1,0.004000000000814907,BACKFILL_AUTO
2026-05-23 10:16:02,1779531362,BOOM900,9484.633,-1,0.01900000000023283,BACKFILL_AUTO
2026-05-23 10:16:03,1779531363,BOOM900,9484.618,-1,0.014999999999417923,BACKFILL_AUTO
2026-05-23 10:16:04,1779531364,BOOM900,9484.6,-1,0.018000000000029104,BACKFILL_AUTO
2026-05-23 10:16:05,1779531365,BOOM900,9484.575,-1,0.024999999999636202,BACKFILL_AUTO
2026-05-23 10:16:06,1779531366,BOOM900,9484.572,-1,0.0030000000006111804,BACKFILL_AUTO
2026-05-23 10:16:07,1779531367,BOOM900,9484.563,-1,0.009000000000014552,BACKFILL_AUTO
2026-05-23 10:16:08,1779531368,BOOM900,9484.562,-1,0.0010000000002037268,BACKFILL_AUTO
2026-05-23 10:16:09,1779531369,BOOM900,9484.553,-1,0.009000000000014552,BACKFILL_AUTO
2026-05-23 10:16:10,1779531370,BOOM900,9484.539,-1,0.013999999999214197,BACKFILL_AUTO
2026-05-23 10:16:11,1779531371,BOOM900,9484.534,-1,0.005000000001018634,BACKFILL_AUTO
2026-05-23 10:16:12,1779531372,BOOM900,9484.519,-1,0.014999999999417923,BACKFILL_AUTO
2026-05-23 10:16:13,1779531373,BOOM900,9484.511,-1,0.007999999999810825,BACKFILL_AUTO
2026-05-23 10:16:14,1779531374,BOOM900,9484.505,-1,0.006000000001222361,BACKFILL_AUTO
2026-05-23 10:16:15,1779531375,BOOM900,9484.496,-1,0.009000000000014552,BACKFILL_AUTO
2026-05-23 10:16:16,1779531376,BOOM900,9484.479,-1,0.016999999999825377,BACKFILL_AUTO
2026-05-23 10:16:17,1779531377,BOOM900,9484.478,-1,0.0010000000002037268,BACKFILL_AUTO
2026-05-23 10:16:18,1779531378,BOOM900,9484.466,-1,0.011999999998806743,BACKFILL_AUTO
2026-05-23 10:16:19,1779531379,BOOM900,9484.436,-1,0.030000000000654836,BACKFILL_AUTO
2026-05-23 10:16:20,1779531380,BOOM900,9484.427,-1,0.009000000000014552,BACKFILL_AUTO
2026-05-23 10:16:21,1779531381,BOOM900,9484.415,-1,0.011999999998806743,BACKFILL_AUTO
2026-05-23 10:16:22,1779531382,BOOM900,9484.412,-1,0.0030000000006111804,BACKFILL_AUTO
2026-05-23 10:16:23,1779531383,BOOM900,9484.397,-1,0.014999999999417923,BACKFILL_AUTO
2026-05-23 10:16:24,1779531384,BOOM900,9484.397,0,0.0,BACKFILL_AUTO
2026-05-23 10:16:25,1779531385,BOOM900,9484.392,-1,0.005000000001018634,BACKFILL_AUTO
2026-05-23 10:16:26,1779531386,BOOM900,9484.381,-1,0.011000000000422006,BACKFILL_AUTO
2026-05-23 10:16:27,1779531387,BOOM900,9484.361,-1,0.019999999998617568,BACKFILL_AUTO
2026-05-23 10:16:28,1779531388,BOOM900,9484.338,-1,0.023000000001047738,BACKFILL_AUTO
2026-05-23 10:16:29,1779531389,BOOM900,9484.337,-1,0.0010000000002037268,BACKFILL_AUTO
2026-05-23 10:16:30,1779531390,BOOM900,9484.336,-1,0.0010000000002037268,BACKFILL_AUTO
2026-05-23 10:16:31,1779531391,BOOM900,9484.314,-1,0.02199999999902502,BACKFILL_AUTO
2026-05-23 10:16:32,1779531392,BOOM900,9484.303,-1,0.011000000000422006,BACKFILL_AUTO
2026-05-23 10:16:33,1779531393,BOOM900,9484.298,-1,0.004999999999199645,BACKFILL_AUTO
2026-05-23 10:16:34,1779531394,BOOM900,9484.286,-1,0.012000000000625732,BACKFILL_AUTO
2026-05-23 10:16:35,1779531395,BOOM900,9484.267,-1,0.01900000000023283,BACKFILL_AUTO
2026-05-23 10:16:36,1779531396,BOOM900,9484.252,-1,0.014999999999417923,BACKFILL_AUTO
2026-05-23 10:16:37,1779531397,BOOM900,9484.242,-1,0.010000000000218279,BACKFILL_AUTO
2026-05-23 10:16:38,1779531398,BOOM900,9484.23,-1,0.012000000000625732,BACKFILL_AUTO
2026-05-23 10:16:39,1779531399,BOOM900,9484.226,-1,0.003999999998995918,BACKFILL_AUTO
2026-05-23 10:16:40,1779531400,BOOM900,9484.214,-1,0.012000000000625732,BACKFILL_AUTO
2026-05-23 10:16:41,1779531401,BOOM900,9484.209,-1,0.004999999999199645,BACKFILL_AUTO
2026-05-23 10:16:42,1779531402,BOOM900,9484.204,-1,0.005000000001018634,BACKFILL_AUTO
2026-05-23 10:16:43,1779531403,BOOM900,9484.198,-1,0.0059999999994033715,BACKFILL_AUTO
2026-05-23 10:16:44,1779531404,BOOM900,9484.185,-1,0.01300000000082946,BACKFILL_AUTO
2026-05-23 10:16:45,1779531405,BOOM900,9484.168,-1,0.016999999999825377,BACKFILL_AUTO
2026-05-23 10:16:46,1779531406,BOOM900,9484.167,-1,0.0010000000002037268,BACKFILL_AUTO
2026-05-23 10:16:47,1779531407,BOOM900,9484.162,-1,0.004999999999199645,BACKFILL_AUTO
2026-05-23 10:16:48,1779531408,BOOM900,9484.159,-1,0.0030000000006111804,BACKFILL_AUTO
2026-05-23 10:16:49,1779531409,BOOM900,9484.145,-1,0.013999999999214197,BACKFILL_AUTO
2026-05-23 10:16:50,1779531410,BOOM900,9484.144,-1,0.0010000000002037268,BACKFILL_AUTO
2026-05-23 10:16:51,1779531411,BOOM900,9484.14,-1,0.004000000000814907,BACKFILL_AUTO
2026-05-23 10:16:52,1779531412,BOOM900,9484.117,-1,0.02299999999922875,BACKFILL_AUTO
2026-05-23 10:16:53,1779531413,BOOM900,9484.082,-1,0.03499999999985448,BACKFILL_AUTO
2026-05-23 10:16:54,1779531414,BOOM900,9484.048,-1,0.033999999999650754,BACKFILL_AUTO
2026-05-23 10:16:55,1779531415,BOOM900,9484.025,-1,0.023000000001047738,BACKFILL_AUTO
2026-05-23 10:16:56,1779531416,BOOM900,9484.014,-1,0.011000000000422006,BACKFILL_AUTO
2026-05-23 10:16:57,1779531417,BOOM900,9484.008,-1,0.0059999999994033715,BACKFILL_AUTO
2026-05-23 10:16:58,1779531418,BOOM900,9483.998,-1,0.010000000000218279,BACKFILL_AUTO
2026-05-23 10:16:59,1779531419,BOOM900,9483.979,-1,0.01900000000023283,BACKFILL_AUTO
2026-05-23 10:17:00,1779531420,BOOM900,9483.957,-1,0.02199999999902502,BACKFILL_AUTO
2026-05-23 10:17:01,1779531421,BOOM900,9483.949,-1,0.007999999999810825,BACKFILL_AUTO
2026-05-23 10:17:02,1779531422,BOOM900,9483.938,-1,0.011000000000422006,BACKFILL_AUTO
2026-05-23 10:17:03,1779531423,BOOM900,9483.927,-1,0.011000000000422006,BACKFILL_AUTO
2026-05-23 10:17:04,1779531424,BOOM900,9483.915,-1,0.011999999998806743,BACKFILL_AUTO
2026-05-23 10:17:05,1779531425,BOOM900,9483.909,-1,0.006000000001222361,BACKFILL_AUTO
2026-05-23 10:17:06,1779531426,BOOM900,9483.901,-1,0.007999999999810825,BACKFILL_AUTO
2026-05-23 10:17:07,1779531427,BOOM900,9483.892,-1,0.009000000000014552,BACKFILL_AUTO
2026-05-23 10:17:08,1779531428,BOOM900,9483.875,-1,0.016999999999825377,BACKFILL_AUTO
2026-05-23 10:17:09,1779531429,BOOM900,9483.865,-1,0.010000000000218279,BACKFILL_AUTO
2026-05-23 10:17:10,1779531430,BOOM900,9483.852,-1,0.01299999999901047,BACKFILL_AUTO
2026-05-23 10:17:11,1779531431,BOOM900,9483.836,-1,0.01600000000144064,BACKFILL_AUTO
2026-05-23 10:17:12,1779531432,BOOM900,9483.822,-1,0.013999999999214197,BACKFILL_AUTO
2026-05-23 10:17:13,1779531433,BOOM900,9483.812,-1,0.010000000000218279,BACKFILL_AUTO
2026-05-23 10:17:14,1779531434,BOOM900,9483.807,-1,0.004999999999199645,BACKFILL_AUTO
2026-05-23 10:17:15,1779531435,BOOM900,9483.805,-1,0.0020000000004074536,BACKFILL_AUTO
2026-05-23 10:17:16,1779531436,BOOM900,9483.798,-1,0.006999999999607098,BACKFILL_AUTO
2026-05-23 10:17:17,1779531437,BOOM900,9483.789,-1,0.009000000000014552,BACKFILL_AUTO
2026-05-23 10:17:18,1779531438,BOOM900,9483.786,-1,0.0030000000006111804,BACKFILL_AUTO
2026-05-23 10:17:19,1779531439,BOOM900,9483.775,-1,0.011000000000422006,BACKFILL_AUTO
2026-05-23 10:17:20,1779531440,BOOM900,9483.758,-1,0.016999999999825377,BACKFILL_AUTO
2026-05-23 10:17:21,1779531441,BOOM900,9483.746,-1,0.012000000000625732,BACKFILL_AUTO
2026-05-23 10:17:22,1779531442,BOOM900,9483.734,-1,0.011999999998806743,BACKFILL_AUTO
2026-05-23 10:17:23,1779531443,BOOM900,9483.722,-1,0.012000000000625732,BACKFILL_AUTO
2026-05-23 10:17:24,1779531444,BOOM900,9483.706,-1,0.01599999999962165,BACKFILL_AUTO
2026-05-23 10:17:25,1779531445,BOOM900,9483.704,-1,0.0020000000004074536,BACKFILL_AUTO
2026-05-23 10:17:26,1779531446,BOOM900,9483.703,-1,0.0010000000002037268,BACKFILL_AUTO
2026-05-23 10:17:27,1779531447,BOOM900,9483.683,-1,0.019999999998617568,BACKFILL_AUTO
2026-05-23 10:17:28,1779531448,BOOM900,9483.661,-1,0.02200000000084401,BACKFILL_AUTO
2026-05-23 10:17:29,1779531449,BOOM900,9483.648,-1,0.01300000000082946,BACKFILL_AUTO
2026-05-23 10:17:30,1779531450,BOOM900,9483.643,-1,0.004999999999199645,BACKFILL_AUTO
2026-05-23 10:17:31,1779531451,BOOM900,9483.619,-1,0.023999999999432475,BACKFILL_AUTO
2026-05-23 10:17:32,1779531452,BOOM900,9483.613,-1,0.006000000001222361,BACKFILL_AUTO
2026-05-23 10:17:33,1779531453,BOOM900,9483.604,-1,0.009000000000014552,BACKFILL_AUTO
2026-05-23 10:17:34,1779531454,BOOM900,9483.599,-1,0.004999999999199645,BACKFILL_AUTO
2026-05-23 10:17:35,1779531455,BOOM900,9483.582,-1,0.016999999999825377,BACKFILL_AUTO
2026-05-23 10:17:36,1779531456,BOOM900,9483.569,-1,0.01300000000082946,BACKFILL_AUTO
2026-05-23 10:17:37,1779531457,BOOM900,9483.559,-1,0.010000000000218279,BACKFILL_AUTO
2026-05-23 10:17:38,1779531458,BOOM900,9483.545,-1,0.013999999999214197,BACKFILL_AUTO
2026-05-23 10:17:39,1779531459,BOOM900,9483.527,-1,0.018000000000029104,BACKFILL_AUTO
2026-05-23 10:17:40,1779531460,BOOM900,9483.52,-1,0.006999999999607098,BACKFILL_AUTO
2026-05-23 10:17:41,1779531461,BOOM900,9483.519,-1,0.0010000000002037268,BACKFILL_AUTO
2026-05-23 10:17:42,1779531462,BOOM900,9483.513,-1,0.0059999999994033715,BACKFILL_AUTO
2026-05-23 10:17:43,1779531463,BOOM900,9483.512,-1,0.0010000000002037268,BACKFILL_AUTO
2026-05-23 10:17:44,1779531464,BOOM900,9483.509,-1,0.0030000000006111804,BACKFILL_AUTO
2026-05-23 10:17:45,1779531465,BOOM900,9483.503,-1,0.0059999999994033715,BACKFILL_AUTO
2026-05-23 10:17:46,1779531466,BOOM900,9483.488,-1,0.015000000001236913,BACKFILL_AUTO
2026-05-23 10:17:47,1779531467,BOOM900,9483.483,-1,0.004999999999199645,BACKFILL_AUTO
2026-05-23 10:17:48,1779531468,BOOM900,9483.463,-1,0.020000000000436557,BACKFILL_AUTO
2026-05-23 10:17:49,1779531469,BOOM900,9483.436,-1,0.027000000000043656,BACKFILL_AUTO
2026-05-23 10:17:50,1779531470,BOOM900,9483.423,-1,0.01299999999901047,BACKFILL_AUTO
2026-05-23 10:17:51,1779531471,BOOM900,9483.415,-1,0.007999999999810825,BACKFILL_AUTO
2026-05-23 10:17:52,1779531472,BOOM900,9483.403,-1,0.012000000000625732,BACKFILL_AUTO
2026-05-23 10:17:53,1779531473,BOOM900,9483.387,-1,0.01599999999962165,BACKFILL_AUTO
2026-05-23 10:17:54,1779531474,BOOM900,9483.374,-1,0.01300000000082946,BACKFILL_AUTO
2026-05-23 10:17:55,1779531475,BOOM900,9483.372,-1,0.0020000000004074536,BACKFILL_AUTO
2026-05-23 10:17:56,1779531476,BOOM900,9483.358,-1,0.013999999999214197,BACKFILL_AUTO
2026-05-23 10:17:57,1779531477,BOOM900,9483.338,-1,0.020000000000436557,BACKFILL_AUTO
2026-05-23 10:17:58,1779531478,BOOM900,9483.337,-1,0.0010000000002037268,BACKFILL_AUTO
2026-05-23 10:17:59,1779531479,BOOM900,9483.328,-1,0.009000000000014552,BACKFILL_AUTO
2026-05-23 10:18:00,1779531480,BOOM900,9483.299,-1,0.02899999999863212,BACKFILL_AUTO
2026-05-23 10:18:01,1779531481,BOOM900,9483.291,-1,0.008000000001629815,BACKFILL_AUTO
2026-05-23 10:18:02,1779531482,BOOM900,9483.289,-1,0.0019999999985884642,BACKFILL_AUTO
2026-05-23 10:18:03,1779531483,BOOM900,9483.288,-1,0.0010000000002037268,BACKFILL_AUTO
2026-05-23 10:18:04,1779531484,BOOM900,9483.275,-1,0.01300000000082946,BACKFILL_AUTO
2026-05-23 10:18:05,1779531485,BOOM900,9483.269,-1,0.0059999999994033715,BACKFILL_AUTO
2026-05-23 10:18:06,1779531486,BOOM900,9483.262,-1,0.006999999999607098,BACKFILL_AUTO
2026-05-23 10:18:07,1779531487,BOOM900,9483.253,-1,0.009000000000014552,BACKFILL_AUTO
2026-05-23 10:18:08,1779531488,BOOM900,9483.252,-1,0.0010000000002037268,BACKFILL_AUTO
2026-05-23 10:18:09,1779531489,BOOM900,9483.244,-1,0.007999999999810825,BACKFILL_AUTO
2026-05-23 10:18:10,1779531490,BOOM900,9483.229,-1,0.015000000001236913,BACKFILL_AUTO
2026-05-23 10:18:11,1779531491,BOOM900,9483.224,-1,0.004999999999199645,BACKFILL_AUTO
2026-05-23 10:18:12,1779531492,BOOM900,9483.222,-1,0.0020000000004074536,BACKFILL_AUTO
2026-05-23 10:18:13,1779531493,BOOM900,9483.216,-1,0.0059999999994033715,BACKFILL_AUTO
2026-05-23 10:18:14,1779531494,BOOM900,9483.212,-1,0.004000000000814907,BACKFILL_AUTO
2026-05-23 10:18:15,1779531495,BOOM900,9483.206,-1,0.0059999999994033715,BACKFILL_AUTO
2026-05-23 10:18:16,1779531496,BOOM900,9483.191,-1,0.014999999999417923,BACKFILL_AUTO
2026-05-23 10:18:17,1779531497,BOOM900,9483.187,-1,0.004000000000814907,BACKFILL_AUTO
2026-05-23 10:18:18,1779531498,BOOM900,9483.175,-1,0.012000000000625732,BACKFILL_AUTO
2026-05-23 10:18:19,1779531499,BOOM900,9483.158,-1,0.016999999999825377,BACKFILL_AUTO
2026-05-23 10:18:20,1779531500,BOOM900,9483.135,-1,0.02299999999922875,BACKFILL_AUTO
2026-05-23 10:18:21,1779531501,BOOM900,9483.124,-1,0.011000000000422006,BACKFILL_AUTO
2026-05-23 10:18:22,1779531502,BOOM900,9483.104,-1,0.020000000000436557,BACKFILL_AUTO
2026-05-23 10:18:23,1779531503,BOOM900,9483.087,-1,0.016999999999825377,BACKFILL_AUTO
2026-05-23 10:18:24,1779531504,BOOM900,9483.066,-1,0.020999999998821295,BACKFILL_AUTO
2026-05-23 10:18:25,1779531505,BOOM900,9483.057,-1,0.009000000000014552,BACKFILL_AUTO
2026-05-23 10:18:26,1779531506,BOOM900,9483.047,-1,0.010000000000218279,BACKFILL_AUTO
2026-05-23 10:18:27,1779531507,BOOM900,9483.035,-1,0.012000000000625732,BACKFILL_AUTO
2026-05-23 10:18:28,1779531508,BOOM900,9483.012,-1,0.02299999999922875,BACKFILL_AUTO
2026-05-23 10:18:29,1779531509,BOOM900,9483.01,-1,0.0020000000004074536,BACKFILL_AUTO
2026-05-23 10:18:30,1779531510,BOOM900,9482.983,-1,0.027000000000043656,BACKFILL_AUTO
2026-05-23 10:18:31,1779531511,BOOM900,9482.982,-1,0.0010000000002037268,BACKFILL_AUTO
2026-05-23 10:18:32,1779531512,BOOM900,9482.977,-1,0.004999999999199645,BACKFILL_AUTO
2026-05-23 10:18:33,1779531513,BOOM900,9482.958,-1,0.01900000000023283,BACKFILL_AUTO
2026-05-23 10:18:34,1779531514,BOOM900,9482.951,-1,0.007000000001426088,BACKFILL_AUTO
2026-05-23 10:18:35,1779531515,BOOM900,9482.948,-1,0.002999999998792191,BACKFILL_AUTO
2026-05-23 10:18:36,1779531516,BOOM900,9482.929,-1,0.01900000000023283,BACKFILL_AUTO
2026-05-23 10:18:37,1779531517,BOOM900,9482.911,-1,0.018000000000029104,BACKFILL_AUTO
2026-05-23 10:18:38,1779531518,BOOM900,9482.889,-1,0.02200000000084401,BACKFILL_AUTO
2026-05-23 10:18:39,1779531519,BOOM900,9482.886,-1,0.002999999998792191,BACKFILL_AUTO
2026-05-23 10:18:40,1779531520,BOOM900,9482.866,-1,0.020000000000436557,BACKFILL_AUTO
2026-05-23 10:18:41,1779531521,BOOM900,9482.857,-1,0.009000000000014552,BACKFILL_AUTO
2026-05-23 10:18:42,1779531522,BOOM900,9482.842,-1,0.014999999999417923,BACKFILL_AUTO
2026-05-23 10:18:43,1779531523,BOOM900,9482.822,-1,0.020000000000436557,BACKFILL_AUTO
2026-05-23 10:18:44,1779531524,BOOM900,9482.798,-1,0.023999999999432475,BACKFILL_AUTO
2026-05-23 10:18:45,1779531525,BOOM900,9482.794,-1,0.004000000000814907,BACKFILL_AUTO
2026-05-23 10:18:46,1779531526,BOOM900,9482.79,-1,0.003999999998995918,BACKFILL_AUTO
2026-05-23 10:18:47,1779531527,BOOM900,9482.772,-1,0.018000000000029104,BACKFILL_AUTO
2026-05-23 10:18:48,1779531528,BOOM900,9482.766,-1,0.006000000001222361,BACKFILL_AUTO
2026-05-23 10:18:49,1779531529,BOOM900,9482.752,-1,0.013999999999214197,BACKFILL_AUTO
2026-05-23 10:18:50,1779531530,BOOM900,9482.745,-1,0.006999999999607098,BACKFILL_AUTO
2026-05-23 10:18:51,1779531531,BOOM900,9482.739,-1,0.006000000001222361,BACKFILL_AUTO
2026-05-23 10:18:52,1779531532,BOOM900,9482.712,-1,0.027000000000043656,BACKFILL_AUTO
2026-05-23 10:18:53,1779531533,BOOM900,9482.707,-1,0.004999999999199645,BACKFILL_AUTO
2026-05-23 10:18:54,1779531534,BOOM900,9482.701,-1,0.006000000001222361,BACKFILL_AUTO
2026-05-23 10:18:55,1779531535,BOOM900,9482.683,-1,0.017999999998210114,BACKFILL_AUTO
2026-05-23 10:18:56,1779531536,BOOM900,9482.678,-1,0.005000000001018634,BACKFILL_AUTO
2026-05-23 10:18:57,1779531537,BOOM900,9482.673,-1,0.004999999999199645,BACKFILL_AUTO
2026-05-23 10:18:58,1779531538,BOOM900,9482.661,-1,0.012000000000625732,BACKFILL_AUTO
2026-05-23 10:18:59,1779531539,BOOM900,9482.645,-1,0.01599999999962165,BACKFILL_AUTO
2026-05-23 10:19:00,1779531540,BOOM900,9482.634,-1,0.011000000000422006,BACKFILL_AUTO
2026-05-23 10:19:01,1779531541,BOOM900,9482.631,-1,0.0030000000006111804,BACKFILL_AUTO
2026-05-23 10:19:02,1779531542,BOOM900,9482.627,-1,0.003999999998995918,BACKFILL_AUTO
2026-05-23 10:19:03,1779531543,BOOM900,9482.623,-1,0.004000000000814907,BACKFILL_AUTO
2026-05-23 10:19:04,1779531544,BOOM900,9482.61,-1,0.01299999999901047,BACKFILL_AUTO
2026-05-23 10:19:05,1779531545,BOOM900,9482.604,-1,0.006000000001222361,BACKFILL_AUTO
2026-05-23 10:19:06,1779531546,BOOM900,9482.591,-1,0.01299999999901047,BACKFILL_AUTO
2026-05-23 10:19:07,1779531547,BOOM900,9482.568,-1,0.023000000001047738,BACKFILL_AUTO
2026-05-23 10:19:08,1779531548,BOOM900,9482.547,-1,0.020999999998821295,BACKFILL_AUTO
2026-05-23 10:19:09,1779531549,BOOM900,9482.545,-1,0.0020000000004074536,BACKFILL_AUTO
2026-05-23 10:19:10,1779531550,BOOM900,9482.541,-1,0.004000000000814907,BACKFILL_AUTO
2026-05-23 10:19:11,1779531551,BOOM900,9482.537,-1,0.003999999998995918,BACKFILL_AUTO
2026-05-23 10:19:12,1779531552,BOOM900,9482.533,-1,0.004000000000814907,BACKFILL_AUTO
2026-05-23 10:19:13,1779531553,BOOM900,9482.526,-1,0.006999999999607098,BACKFILL_AUTO
2026-05-23 10:19:14,1779531554,BOOM900,9482.52,-1,0.0059999999994033715,BACKFILL_AUTO
2026-05-23 10:19:15,1779531555,BOOM900,9482.512,-1,0.007999999999810825,BACKFILL_AUTO
2026-05-23 10:19:16,1779531556,BOOM900,9482.487,-1,0.02500000000145519,BACKFILL_AUTO
2026-05-23 10:19:17,1779531557,BOOM900,9482.487,0,0.0,BACKFILL_AUTO
2026-05-23 10:19:18,1779531558,BOOM900,9482.481,-1,0.0059999999994033715,BACKFILL_AUTO
2026-05-23 10:19:19,1779531559,BOOM900,9482.463,-1,0.018000000000029104,BACKFILL_AUTO
2026-05-23 10:19:20,1779531560,BOOM900,9482.46,-1,0.0030000000006111804,BACKFILL_AUTO
2026-05-23 10:19:21,1779531561,BOOM900,9482.44,-1,0.019999999998617568,BACKFILL_AUTO
2026-05-23 10:19:22,1779531562,BOOM900,9482.432,-1,0.007999999999810825,BACKFILL_AUTO
2026-05-23 10:19:23,1779531563,BOOM900,9482.429,-1,0.0030000000006111804,BACKFILL_AUTO
2026-05-23 10:19:24,1779531564,BOOM900,9482.413,-1,0.01599999999962165,BACKFILL_AUTO
2026-05-23 10:19:25,1779531565,BOOM900,9482.411,-1,0.0020000000004074536,BACKFILL_AUTO
2026-05-23 10:19:26,1779531566,BOOM900,9482.399,-1,0.012000000000625732,BACKFILL_AUTO
2026-05-23 10:19:27,1779531567,BOOM900,9482.375,-1,0.023999999999432475,BACKFILL_AUTO
2026-05-23 10:19:28,1779531568,BOOM900,9482.369,-1,0.0059999999994033715,BACKFILL_AUTO
2026-05-23 10:19:29,1779531569,BOOM900,9482.365,-1,0.004000000000814907,BACKFILL_AUTO
2026-05-23 10:19:30,1779531570,BOOM900,9482.354,-1,0.011000000000422006,BACKFILL_AUTO
2026-05-23 10:19:31,1779531571,BOOM900,9482.342,-1,0.011999999998806743,BACKFILL_AUTO
2026-05-23 10:19:32,1779531572,BOOM900,9482.331,-1,0.011000000000422006,BACKFILL_AUTO
2026-05-23 10:19:33,1779531573,BOOM900,9482.323,-1,0.007999999999810825,BACKFILL_AUTO
2026-05-23 10:19:34,1779531574,BOOM900,9482.317,-1,0.006000000001222361,BACKFILL_AUTO
2026-05-23 10:19:35,1779531575,BOOM900,9482.311,-1,0.0059999999994033715,BACKFILL_AUTO
2026-05-23 10:19:36,1779531576,BOOM900,9482.31,-1,0.0010000000002037268,BACKFILL_AUTO
2026-05-23 10:19:37,1779531577,BOOM900,9482.303,-1,0.006999999999607098,BACKFILL_AUTO
2026-05-23 10:19:38,1779531578,BOOM900,9482.295,-1,0.007999999999810825,BACKFILL_AUTO
2026-05-23 10:19:39,1779531579,BOOM900,9482.291,-1,0.004000000000814907,BACKFILL_AUTO
2026-05-23 10:19:40,1779531580,BOOM900,9482.274,-1,0.016999999999825377,BACKFILL_AUTO
2026-05-23 10:19:41,1779531581,BOOM900,9482.262,-1,0.011999999998806743,BACKFILL_AUTO
2026-05-23 10:19:42,1779531582,BOOM900,9482.261,-1,0.0010000000002037268,BACKFILL_AUTO
2026-05-23 10:19:43,1779531583,BOOM900,9482.256,-1,0.005000000001018634,BACKFILL_AUTO
2026-05-23 10:19:44,1779531584,BOOM900,9482.256,0,0.0,BACKFILL_AUTO
2026-05-23 10:19:45,1779531585,BOOM900,9482.243,-1,0.01299999999901047,BACKFILL_AUTO
2026-05-23 10:19:46,1779531586,BOOM900,9482.24,-1,0.0030000000006111804,BACKFILL_AUTO
2026-05-23 10:19:47,1779531587,BOOM900,9482.236,-1,0.003999999998995918,BACKFILL_AUTO
2026-05-23 10:19:48,1779531588,BOOM900,9482.22,-1,0.01600000000144064,BACKFILL_AUTO
2026-05-23 10:19:49,1779531589,BOOM900,9482.214,-1,0.0059999999994033715,BACKFILL_AUTO
2026-05-23 10:19:50,1779531590,BOOM900,9482.207,-1,0.006999999999607098,BACKFILL_AUTO
2026-05-23 10:19:51,1779531591,BOOM900,9482.194,-1,0.01300000000082946,BACKFILL_AUTO
2026-05-23 10:19:52,1779531592,BOOM900,9482.178,-1,0.01599999999962165,BACKFILL_AUTO
2026-05-23 10:19:53,1779531593,BOOM900,9482.159,-1,0.01900000000023283,BACKFILL_AUTO
2026-05-23 10:19:54,1779531594,BOOM900,9482.155,-1,0.003999999998995918,BACKFILL_AUTO
2026-05-23 10:19:55,1779531595,BOOM900,9482.142,-1,0.01300000000082946,BACKFILL_AUTO
2026-05-23 10:19:56,1779531596,BOOM900,9482.13,-1,0.012000000000625732,BACKFILL_AUTO
2026-05-23 10:19:57,1779531597,BOOM900,9482.129,-1,0.0009999999983847374,BACKFILL_AUTO
2026-05-23 10:19:58,1779531598,BOOM900,9482.126,-1,0.0030000000006111804,BACKFILL_AUTO
2026-05-23 10:19:59,1779531599,BOOM900,9482.122,-1,0.004000000000814907,BACKFILL_AUTO
2026-05-23 10:20:00,1779531600,BOOM900,9482.117,-1,0.004999999999199645,BACKFILL_AUTO
2026-05-23 10:20:01,1779531601,BOOM900,9482.108,-1,0.009000000000014552,BACKFILL_AUTO
2026-05-23 10:20:02,1779531602,BOOM900,9482.101,-1,0.006999999999607098,BACKFILL_AUTO
2026-05-23 10:20:03,1779531603,BOOM900,9482.097,-1,0.004000000000814907,BACKFILL_AUTO
2026-05-23 10:20:04,1779531604,BOOM900,9482.082,-1,0.014999999999417923,BACKFILL_AUTO
2026-05-23 10:20:05,1779531605,BOOM900,9482.073,-1,0.009000000000014552,BACKFILL_AUTO
2026-05-23 10:20:06,1779531606,BOOM900,9482.07,-1,0.0030000000006111804,BACKFILL_AUTO
2026-05-23 10:20:07,1779531607,BOOM900,9482.059,-1,0.011000000000422006,BACKFILL_AUTO
2026-05-23 10:20:08,1779531608,BOOM900,9482.045,-1,0.013999999999214197,BACKFILL_AUTO
2026-05-23 10:20:09,1779531609,BOOM900,9482.045,0,0.0,BACKFILL_AUTO
2026-05-23 10:20:10,1779531610,BOOM900,9482.043,-1,0.0020000000004074536,BACKFILL_AUTO
2026-05-23 10:20:11,1779531611,BOOM900,9482.041,-1,0.0020000000004074536,BACKFILL_AUTO
2026-05-23 10:20:12,1779531612,BOOM900,9482.036,-1,0.004999999999199645,BACKFILL_AUTO
2026-05-23 10:20:13,1779531613,BOOM900,9482.02,-1,0.01599999999962165,BACKFILL_AUTO
2026-05-23 10:20:14,1779531614,BOOM900,9482.011,-1,0.009000000000014552,BACKFILL_AUTO
2026-05-23 10:20:15,1779531615,BOOM900,9482.008,-1,0.0030000000006111804,BACKFILL_AUTO
2026-05-23 10:20:16,1779531616,BOOM900,9481.995,-1,0.01299999999901047,BACKFILL_AUTO
2026-05-23 10:20:17,1779531617,BOOM900,9481.976,-1,0.01900000000023283,BACKFILL_AUTO
2026-05-23 10:20:18,1779531618,BOOM900,9481.97,-1,0.006000000001222361,BACKFILL_AUTO
2026-05-23 10:20:19,1779531619,BOOM900,9481.947,-1,0.02299999999922875,BACKFILL_AUTO
2026-05-23 10:20:20,1779531620,BOOM900,9481.939,-1,0.007999999999810825,BACKFILL_AUTO
2026-05-23 10:20:21,1779531621,BOOM900,9481.929,-1,0.010000000000218279,BACKFILL_AUTO
2026-05-23 10:20:22,1779531622,BOOM900,9481.924,-1,0.004999999999199645,BACKFILL_AUTO
2026-05-23 10:20:23,1779531623,BOOM900,9481.917,-1,0.007000000001426088,BACKFILL_AUTO
2026-05-23 10:20:24,1779531624,BOOM900,9481.915,-1,0.0019999999985884642,BACKFILL_AUTO
2026-05-23 10:20:25,1779531625,BOOM900,9481.902,-1,0.01300000000082946,BACKFILL_AUTO
2026-05-23 10:20:26,1779531626,BOOM900,9481.875,-1,0.027000000000043656,BACKFILL_AUTO
2026-05-23 10:20:27,1779531627,BOOM900,9481.87,-1,0.004999999999199645,BACKFILL_AUTO
2026-05-23 10:20:28,1779531628,BOOM900,9481.85,-1,0.020000000000436557,BACKFILL_AUTO
2026-05-23 10:20:29,1779531629,BOOM900,9481.842,-1,0.007999999999810825,BACKFILL_AUTO
2026-05-23 10:20:30,1779531630,BOOM900,9481.825,-1,0.016999999999825377,BACKFILL_AUTO
2026-05-23 10:20:31,1779531631,BOOM900,9481.82,-1,0.005000000001018634,BACKFILL_AUTO
2026-05-23 10:20:32,1779531632,BOOM900,9481.805,-1,0.014999999999417923,BACKFILL_AUTO
2026-05-23 10:20:33,1779531633,BOOM900,9481.784,-1,0.021000000000640284,BACKFILL_AUTO
2026-05-23 10:20:34,1779531634,BOOM900,9481.784,0,0.0,BACKFILL_AUTO
2026-05-23 10:20:35,1779531635,BOOM900,9481.773,-1,0.011000000000422006,BACKFILL_AUTO
2026-05-23 10:20:36,1779531636,BOOM900,9481.76,-1,0.01299999999901047,BACKFILL_AUTO
2026-05-23 10:20:37,1779531637,BOOM900,9481.748,-1,0.012000000000625732,BACKFILL_AUTO
2026-05-23 10:20:38,1779531638,BOOM900,9481.74,-1,0.007999999999810825,BACKFILL_AUTO
2026-05-23 10:20:39,1779531639,BOOM900,9481.718,-1,0.02199999999902502,BACKFILL_AUTO
2026-05-23 10:20:40,1779531640,BOOM900,9481.711,-1,0.007000000001426088,BACKFILL_AUTO
2026-05-23 10:20:41,1779531641,BOOM900,9481.696,-1,0.014999999999417923,BACKFILL_AUTO
2026-05-23 10:20:42,1779531642,BOOM900,9481.685,-1,0.011000000000422006,BACKFILL_AUTO
2026-05-23 10:20:43,1779531643,BOOM900,9481.664,-1,0.020999999998821295,BACKFILL_AUTO
2026-05-23 10:20:44,1779531644,BOOM900,9481.659,-1,0.005000000001018634,BACKFILL_AUTO
2026-05-23 10:20:45,1779531645,BOOM900,9481.652,-1,0.006999999999607098,BACKFILL_AUTO
2026-05-23 10:20:46,1779531646,BOOM900,9481.652,0,0.0,BACKFILL_AUTO
2026-05-23 10:20:47,1779531647,BOOM900,9481.638,-1,0.013999999999214197,BACKFILL_AUTO
2026-05-23 10:20:48,1779531648,BOOM900,9481.628,-1,0.010000000000218279,BACKFILL_AUTO
2026-05-23 10:20:49,1779531649,BOOM900,9481.623,-1,0.005000000001018634,BACKFILL_AUTO
2026-05-23 10:20:50,1779531650,BOOM900,9481.61,-1,0.01299999999901047,BACKFILL_AUTO
2026-05-23 10:20:51,1779531651,BOOM900,9481.602,-1,0.007999999999810825,BACKFILL_AUTO
2026-05-23 10:20:52,1779531652,BOOM900,9481.589,-1,0.01300000000082946,BACKFILL_AUTO
2026-05-23 10:20:53,1779531653,BOOM900,9481.578,-1,0.011000000000422006,BACKFILL_AUTO
2026-05-23 10:20:54,1779531654,BOOM900,9481.567,-1,0.011000000000422006,BACKFILL_AUTO
2026-05-23 10:20:55,1779531655,BOOM900,9481.567,0,0.0,BACKFILL_AUTO
2026-05-23 10:20:56,1779531656,BOOM900,9481.567,0,0.0,BACKFILL_AUTO
2026-05-23 10:20:57,1779531657,BOOM900,9481.564,-1,0.002999999998792191,BACKFILL_AUTO
2026-05-23 10:20:58,1779531658,BOOM900,9481.544,-1,0.020000000000436557,BACKFILL_AUTO
2026-05-23 10:20:59,1779531659,BOOM900,9481.54,-1,0.003999999998995918,BACKFILL_AUTO
2026-05-23 10:21:00,1779531660,BOOM900,9481.532,-1,0.008000000001629815,BACKFILL_AUTO
2026-05-23 10:21:01,1779531661,BOOM900,9481.529,-1,0.002999999998792191,BACKFILL_AUTO
2026-05-23 10:21:02,1779531662,BOOM900,9481.499,-1,0.030000000000654836,BACKFILL_AUTO
2026-05-23 10:21:03,1779531663,BOOM900,9481.475,-1,0.023999999999432475,BACKFILL_AUTO
2026-05-23 10:21:04,1779531664,BOOM900,9481.464,-1,0.011000000000422006,BACKFILL_AUTO
2026-05-23 10:21:05,1779531665,BOOM900,9481.455,-1,0.009000000000014552,BACKFILL_AUTO
2026-05-23 10:21:06,1779531666,BOOM900,9481.44,-1,0.014999999999417923,BACKFILL_AUTO
2026-05-23 10:21:07,1779531667,BOOM900,9481.416,-1,0.024000000001251465,BACKFILL_AUTO
2026-05-23 10:21:08,1779531668,BOOM900,9481.409,-1,0.006999999999607098,BACKFILL_AUTO
2026-05-23 10:21:09,1779531669,BOOM900,9481.396,-1,0.01299999999901047,BACKFILL_AUTO
2026-05-23 10:21:10,1779531670,BOOM900,9481.379,-1,0.016999999999825377,BACKFILL_AUTO
2026-05-23 10:21:11,1779531671,BOOM900,9481.376,-1,0.0030000000006111804,BACKFILL_AUTO
2026-05-23 10:21:12,1779531672,BOOM900,9481.374,-1,0.0020000000004074536,BACKFILL_AUTO
2026-05-23 10:21:13,1779531673,BOOM900,9481.347,-1,0.027000000000043656,BACKFILL_AUTO
2026-05-23 10:21:14,1779531674,BOOM900,9481.344,-1,0.0030000000006111804,BACKFILL_AUTO
2026-05-23 10:21:15,1779531675,BOOM900,9481.331,-1,0.01299999999901047,BACKFILL_AUTO
2026-05-23 10:21:16,1779531676,BOOM900,9481.327,-1,0.004000000000814907,BACKFILL_AUTO
2026-05-23 10:21:17,1779531677,BOOM900,9481.32,-1,0.006999999999607098,BACKFILL_AUTO
2026-05-23 10:21:18,1779531678,BOOM900,9481.316,-1,0.003999999998995918,BACKFILL_AUTO
2026-05-23 10:21:19,1779531679,BOOM900,9481.313,-1,0.0030000000006111804,BACKFILL_AUTO
2026-05-23 10:21:20,1779531680,BOOM900,9481.295,-1,0.018000000000029104,BACKFILL_AUTO
2026-05-23 10:21:21,1779531681,BOOM900,9481.292,-1,0.0030000000006111804,BACKFILL_AUTO
2026-05-23 10:21:22,1779531682,BOOM900,9481.282,-1,0.010000000000218279,BACKFILL_AUTO
2026-05-23 10:21:23,1779531683,BOOM900,9481.277,-1,0.004999999999199645,BACKFILL_AUTO
2026-05-23 10:21:24,1779531684,BOOM900,9481.268,-1,0.009000000000014552,BACKFILL_AUTO
2026-05-23 10:21:25,1779531685,BOOM900,9481.265,-1,0.0030000000006111804,BACKFILL_AUTO
2026-05-23 10:21:26,1779531686,BOOM900,9481.255,-1,0.010000000000218279,BACKFILL_AUTO
2026-05-23 10:21:27,1779531687,BOOM900,9481.239,-1,0.01599999999962165,BACKFILL_AUTO
2026-05-23 10:21:28,1779531688,BOOM900,9481.22,-1,0.01900000000023283,BACKFILL_AUTO
2026-05-23 10:21:29,1779531689,BOOM900,9481.208,-1,0.011999999998806743,BACKFILL_AUTO
2026-05-23 10:21:30,1779531690,BOOM900,9481.204,-1,0.004000000000814907,BACKFILL_AUTO
2026-05-23 10:21:31,1779531691,BOOM900,9481.199,-1,0.004999999999199645,BACKFILL_AUTO
2026-05-23 10:21:32,1779531692,BOOM900,9481.181,-1,0.018000000000029104,BACKFILL_AUTO
2026-05-23 10:21:33,1779531693,BOOM900,9481.169,-1,0.012000000000625732,BACKFILL_AUTO
2026-05-23 10:21:34,1779531694,BOOM900,9481.161,-1,0.007999999999810825,BACKFILL_AUTO
2026-05-23 10:21:35,1779531695,BOOM900,9481.138,-1,0.02299999999922875,BACKFILL_AUTO
2026-05-23 10:21:36,1779531696,BOOM900,9481.112,-1,0.02600000000165892,BACKFILL_AUTO
2026-05-23 10:21:37,1779531697,BOOM900,9481.103,-1,0.009000000000014552,BACKFILL_AUTO
2026-05-23 10:21:38,1779531698,BOOM900,9481.099,-1,0.003999999998995918,BACKFILL_AUTO
2026-05-23 10:21:39,1779531699,BOOM900,9481.09,-1,0.009000000000014552,BACKFILL_AUTO
2026-05-23 10:21:40,1779531700,BOOM900,9481.085,-1,0.005000000001018634,BACKFILL_AUTO
2026-05-23 10:21:41,1779531701,BOOM900,9481.08,-1,0.004999999999199645,BACKFILL_AUTO
2026-05-23 10:21:42,1779531702,BOOM900,9481.071,-1,0.009000000000014552,BACKFILL_AUTO
2026-05-23 10:21:43,1779531703,BOOM900,9481.057,-1,0.013999999999214197,BACKFILL_AUTO
2026-05-23 10:21:44,1779531704,BOOM900,9481.047,-1,0.010000000000218279,BACKFILL_AUTO
2026-05-23 10:21:45,1779531705,BOOM900,9481.036,-1,0.011000000000422006,BACKFILL_AUTO
2026-05-23 10:21:46,1779531706,BOOM900,9481.024,-1,0.012000000000625732,BACKFILL_AUTO
2026-05-23 10:21:47,1779531707,BOOM900,9481.013,-1,0.010999999998603016,BACKFILL_AUTO
2026-05-23 10:21:48,1779531708,BOOM900,9481.011,-1,0.0020000000004074536,BACKFILL_AUTO
2026-05-23 10:21:49,1779531709,BOOM900,9480.998,-1,0.01300000000082946,BACKFILL_AUTO
2026-05-23 10:21:50,1779531710,BOOM900,9480.975,-1,0.02299999999922875,BACKFILL_AUTO
2026-05-23 10:21:51,1779531711,BOOM900,9480.972,-1,0.0030000000006111804,BACKFILL_AUTO
2026-05-23 10:21:52,1779531712,BOOM900,9480.963,-1,0.009000000000014552,BACKFILL_AUTO
2026-05-23 10:21:53,1779531713,BOOM900,9480.952,-1,0.011000000000422006,BACKFILL_AUTO
2026-05-23 10:21:54,1779531714,BOOM900,9480.95,-1,0.0019999999985884642,BACKFILL_AUTO
2026-05-23 10:21:55,1779531715,BOOM900,9480.926,-1,0.024000000001251465,BACKFILL_AUTO
2026-05-23 10:21:56,1779531716,BOOM900,9480.926,0,0.0,BACKFILL_AUTO
2026-05-23 10:21:57,1779531717,BOOM900,9480.925,-1,0.0010000000002037268,BACKFILL_AUTO
2026-05-23 10:21:58,1779531718,BOOM900,9480.919,-1,0.0059999999994033715,BACKFILL_AUTO
2026-05-23 10:21:59,1779531719,BOOM900,9480.901,-1,0.018000000000029104,BACKFILL_AUTO
2026-05-23 10:22:00,1779531720,BOOM900,9480.876,-1,0.024999999999636202,BACKFILL_AUTO
2026-05-23 10:22:01,1779531721,BOOM900,9480.873,-1,0.0030000000006111804,BACKFILL_AUTO
2026-05-23 10:22:02,1779531722,BOOM900,9480.855,-1,0.018000000000029104,BACKFILL_AUTO
2026-05-23 10:22:03,1779531723,BOOM900,9480.847,-1,0.007999999999810825,BACKFILL_AUTO
2026-05-23 10:22:04,1779531724,BOOM900,9480.844,-1,0.0030000000006111804,BACKFILL_AUTO
2026-05-23 10:22:05,1779531725,BOOM900,9480.835,-1,0.009000000000014552,BACKFILL_AUTO
2026-05-23 10:22:06,1779531726,BOOM900,9480.824,-1,0.010999999998603016,BACKFILL_AUTO
2026-05-23 10:22:07,1779531727,BOOM900,9480.808,-1,0.01599999999962165,BACKFILL_AUTO
2026-05-23 10:22:08,1779531728,BOOM900,9480.798,-1,0.010000000000218279,BACKFILL_AUTO
2026-05-23 10:22:09,1779531729,BOOM900,9480.788,-1,0.010000000000218279,BACKFILL_AUTO
2026-05-23 10:22:10,1779531730,BOOM900,9480.776,-1,0.012000000000625732,BACKFILL_AUTO
2026-05-23 10:22:11,1779531731,BOOM900,9480.77,-1,0.0059999999994033715,BACKFILL_AUTO
2026-05-23 10:22:12,1779531732,BOOM900,9480.763,-1,0.006999999999607098,BACKFILL_AUTO
2026-05-23 10:22:13,1779531733,BOOM900,9480.75,-1,0.01300000000082946,BACKFILL_AUTO
2026-05-23 10:22:14,1779531734,BOOM900,9480.732,-1,0.018000000000029104,BACKFILL_AUTO
2026-05-23 10:22:15,1779531735,BOOM900,9480.718,-1,0.013999999999214197,BACKFILL_AUTO
2026-05-23 10:22:16,1779531736,BOOM900,9480.715,-1,0.0030000000006111804,BACKFILL_AUTO
2026-05-23 10:22:17,1779531737,BOOM900,9480.705,-1,0.010000000000218279,BACKFILL_AUTO
2026-05-23 10:22:18,1779531738,BOOM900,9480.689,-1,0.01599999999962165,BACKFILL_AUTO
2026-05-23 10:22:19,1779531739,BOOM900,9480.675,-1,0.014000000001033186,BACKFILL_AUTO
2026-05-23 10:22:20,1779531740,BOOM900,9480.667,-1,0.007999999999810825,BACKFILL_AUTO
2026-05-23 10:22:21,1779531741,BOOM900,9480.664,-1,0.002999999998792191,BACKFILL_AUTO
2026-05-23 10:22:22,1779531742,BOOM900,9480.629,-1,0.03499999999985448,BACKFILL_AUTO
2026-05-23 10:22:23,1779531743,BOOM900,9480.61,-1,0.01900000000023283,BACKFILL_AUTO
2026-05-23 10:22:24,1779531744,BOOM900,9480.596,-1,0.014000000001033186,BACKFILL_AUTO
2026-05-23 10:22:25,1779531745,BOOM900,9480.594,-1,0.0020000000004074536,BACKFILL_AUTO
2026-05-23 10:22:26,1779531746,BOOM900,9480.569,-1,0.024999999999636202,BACKFILL_AUTO
2026-05-23 10:22:27,1779531747,BOOM900,9480.558,-1,0.010999999998603016,BACKFILL_AUTO
2026-05-23 10:22:28,1779531748,BOOM900,9480.549,-1,0.009000000000014552,BACKFILL_AUTO
2026-05-23 10:22:29,1779531749,BOOM900,9480.518,-1,0.031000000000858563,BACKFILL_AUTO
2026-05-23 10:22:30,1779531750,BOOM900,9480.507,-1,0.011000000000422006,BACKFILL_AUTO
2026-05-23 10:22:31,1779531751,BOOM900,9480.49,-1,0.016999999999825377,BACKFILL_AUTO
2026-05-23 10:22:32,1779531752,BOOM900,9480.474,-1,0.01599999999962165,BACKFILL_AUTO
2026-05-23 10:22:33,1779531753,BOOM900,9480.473,-1,0.0010000000002037268,BACKFILL_AUTO
2026-05-23 10:22:34,1779531754,BOOM900,9480.471,-1,0.0020000000004074536,BACKFILL_AUTO
2026-05-23 10:22:35,1779531755,BOOM900,9480.466,-1,0.004999999999199645,BACKFILL_AUTO
2026-05-23 10:22:36,1779531756,BOOM900,9480.448,-1,0.018000000000029104,BACKFILL_AUTO
2026-05-23 10:22:37,1779531757,BOOM900,9480.43,-1,0.018000000000029104,BACKFILL_AUTO
2026-05-23 10:22:38,1779531758,BOOM900,9480.421,-1,0.009000000000014552,BACKFILL_AUTO
2026-05-23 10:22:39,1779531759,BOOM900,9480.413,-1,0.007999999999810825,BACKFILL_AUTO
2026-05-23 10:22:40,1779531760,BOOM900,9480.412,-1,0.0010000000002037268,BACKFILL_AUTO
2026-05-23 10:22:41,1779531761,BOOM900,9480.402,-1,0.010000000000218279,BACKFILL_AUTO
2026-05-23 10:22:42,1779531762,BOOM900,9480.4,-1,0.0020000000004074536,BACKFILL_AUTO
2026-05-23 10:22:43,1779531763,BOOM900,9480.395,-1,0.004999999999199645,BACKFILL_AUTO
2026-05-23 10:22:44,1779531764,BOOM900,9480.394,-1,0.0010000000002037268,BACKFILL_AUTO
2026-05-23 10:22:45,1779531765,BOOM900,9480.369,-1,0.024999999999636202,BACKFILL_AUTO
2026-05-23 10:22:46,1779531766,BOOM900,9480.345,-1,0.024000000001251465,BACKFILL_AUTO
2026-05-23 10:22:47,1779531767,BOOM900,9480.339,-1,0.0059999999994033715,BACKFILL_AUTO
2026-05-23 10:22:48,1779531768,BOOM900,9480.339,0,0.0,BACKFILL_AUTO
2026-05-23 10:22:49,1779531769,BOOM900,9480.334,-1,0.004999999999199645,BACKFILL_AUTO
2026-05-23 10:22:50,1779531770,BOOM900,9480.333,-1,0.0010000000002037268,BACKFILL_AUTO
2026-05-23 10:22:51,1779531771,BOOM900,9480.328,-1,0.005000000001018634,BACKFILL_AUTO
2026-05-23 10:22:52,1779531772,BOOM900,9480.322,-1,0.0059999999994033715,BACKFILL_AUTO
2026-05-23 10:22:53,1779531773,BOOM900,9480.317,-1,0.005000000001018634,BACKFILL_AUTO
2026-05-23 10:22:54,1779531774,BOOM900,9480.302,-1,0.014999999999417923,BACKFILL_AUTO
2026-05-23 10:22:55,1779531775,BOOM900,9480.282,-1,0.020000000000436557,BACKFILL_AUTO
2026-05-23 10:22:56,1779531776,BOOM900,9480.267,-1,0.014999999999417923,BACKFILL_AUTO
2026-05-23 10:22:57,1779531777,BOOM900,9480.254,-1,0.01299999999901047,BACKFILL_AUTO
2026-05-23 10:22:58,1779531778,BOOM900,9480.236,-1,0.018000000000029104,BACKFILL_AUTO
2026-05-23 10:22:59,1779531779,BOOM900,9480.23,-1,0.006000000001222361,BACKFILL_AUTO
2026-05-23 10:23:00,1779531780,BOOM900,9480.228,-1,0.0020000000004074536,BACKFILL_AUTO
2026-05-23 10:23:01,1779531781,BOOM900,9480.219,-1,0.009000000000014552,BACKFILL_AUTO
2026-05-23 10:23:02,1779531782,BOOM900,9480.206,-1,0.01299999999901047,BACKFILL_AUTO
2026-05-23 10:23:03,1779531783,BOOM900,9480.201,-1,0.005000000001018634,BACKFILL_AUTO
2026-05-23 10:23:04,1779531784,BOOM900,9480.184,-1,0.016999999999825377,BACKFILL_AUTO
2026-05-23 10:23:05,1779531785,BOOM900,9480.175,-1,0.009000000000014552,BACKFILL_AUTO
2026-05-23 10:23:06,1779531786,BOOM900,9480.165,-1,0.00999999999839929,BACKFILL_AUTO
2026-05-23 10:23:07,1779531787,BOOM900,9480.149,-1,0.01600000000144064,BACKFILL_AUTO
2026-05-23 10:23:08,1779531788,BOOM900,9480.145,-1,0.003999999998995918,BACKFILL_AUTO
2026-05-23 10:23:09,1779531789,BOOM900,9480.137,-1,0.007999999999810825,BACKFILL_AUTO
2026-05-23 10:23:10,1779531790,BOOM900,9480.125,-1,0.012000000000625732,BACKFILL_AUTO
2026-05-23 10:23:11,1779531791,BOOM900,9480.109,-1,0.01599999999962165,BACKFILL_AUTO
2026-05-23 10:23:12,1779531792,BOOM900,9480.107,-1,0.0020000000004074536,BACKFILL_AUTO
2026-05-23 10:23:13,1779531793,BOOM900,9480.077,-1,0.030000000000654836,BACKFILL_AUTO
2026-05-23 10:23:14,1779531794,BOOM900,9480.077,0,0.0,BACKFILL_AUTO
2026-05-23 10:23:15,1779531795,BOOM900,9480.072,-1,0.004999999999199645,BACKFILL_AUTO
2026-05-23 10:23:16,1779531796,BOOM900,9480.071,-1,0.0010000000002037268,BACKFILL_AUTO
2026-05-23 10:23:17,1779531797,BOOM900,9480.059,-1,0.012000000000625732,BACKFILL_AUTO
2026-05-23 10:23:18,1779531798,BOOM900,9480.058,-1,0.0009999999983847374,BACKFILL_AUTO
2026-05-23 10:23:19,1779531799,BOOM900,9480.058,0,0.0,BACKFILL_AUTO
2026-05-23 10:23:20,1779531800,BOOM900,9480.021,-1,0.037000000000261934,BACKFILL_AUTO
2026-05-23 10:23:21,1779531801,BOOM900,9479.996,-1,0.02500000000145519,BACKFILL_AUTO
2026-05-23 10:23:22,1779531802,BOOM900,9479.98,-1,0.01599999999962165,BACKFILL_AUTO
2026-05-23 10:23:23,1779531803,BOOM900,9479.959,-1,0.020999999998821295,BACKFILL_AUTO
2026-05-23 10:23:24,1779531804,BOOM900,9479.951,-1,0.008000000001629815,BACKFILL_AUTO
2026-05-23 10:23:25,1779531805,BOOM900,9479.921,-1,0.029999999998835847,BACKFILL_AUTO
2026-05-23 10:23:26,1779531806,BOOM900,9479.897,-1,0.023999999999432475,BACKFILL_AUTO
2026-05-23 10:23:27,1779531807,BOOM900,9479.881,-1,0.01600000000144064,BACKFILL_AUTO
2026-05-23 10:23:28,1779531808,BOOM900,9479.867,-1,0.013999999999214197,BACKFILL_AUTO
2026-05-23 10:23:29,1779531809,BOOM900,9479.864,-1,0.0030000000006111804,BACKFILL_AUTO
2026-05-23 10:23:30,1779531810,BOOM900,9479.862,-1,0.0020000000004074536,BACKFILL_AUTO
2026-05-23 10:23:31,1779531811,BOOM900,9479.857,-1,0.004999999999199645,BACKFILL_AUTO
2026-05-23 10:23:32,1779531812,BOOM900,9479.85,-1,0.006999999999607098,BACKFILL_AUTO
2026-05-23 10:23:33,1779531813,BOOM900,9479.816,-1,0.033999999999650754,BACKFILL_AUTO
2026-05-23 10:23:34,1779531814,BOOM900,9479.798,-1,0.018000000000029104,BACKFILL_AUTO
2026-05-23 10:23:35,1779531815,BOOM900,9479.797,-1,0.0010000000002037268,BACKFILL_AUTO
2026-05-23 10:23:36,1779531816,BOOM900,9479.78,-1,0.016999999999825377,BACKFILL_AUTO
2026-05-23 10:23:37,1779531817,BOOM900,9479.769,-1,0.011000000000422006,BACKFILL_AUTO
2026-05-23 10:23:38,1779531818,BOOM900,9479.769,0,0.0,BACKFILL_AUTO
2026-05-23 10:23:39,1779531819,BOOM900,9479.758,-1,0.011000000000422006,BACKFILL_AUTO
2026-05-23 10:23:40,1779531820,BOOM900,9479.737,-1,0.021000000000640284,BACKFILL_AUTO
2026-05-23 10:23:41,1779531821,BOOM900,9479.737,0,0.0,BACKFILL_AUTO
2026-05-23 10:23:42,1779531822,BOOM900,9479.732,-1,0.004999999999199645,BACKFILL_AUTO
2026-05-23 10:23:43,1779531823,BOOM900,9479.713,-1,0.01900000000023283,BACKFILL_AUTO
2026-05-23 10:23:44,1779531824,BOOM900,9479.709,-1,0.003999999998995918,BACKFILL_AUTO
2026-05-23 10:23:45,1779531825,BOOM900,9479.701,-1,0.008000000001629815,BACKFILL_AUTO
2026-05-23 10:23:46,1779531826,BOOM900,9479.697,-1,0.003999999998995918,BACKFILL_AUTO
2026-05-23 10:23:47,1779531827,BOOM900,9479.692,-1,0.005000000001018634,BACKFILL_AUTO
2026-05-23 10:23:48,1779531828,BOOM900,9479.677,-1,0.014999999999417923,BACKFILL_AUTO
2026-05-23 10:23:49,1779531829,BOOM900,9479.655,-1,0.02199999999902502,BACKFILL_AUTO
2026-05-23 10:23:50,1779531830,BOOM900,9479.633,-1,0.02200000000084401,BACKFILL_AUTO
2026-05-23 10:23:51,1779531831,BOOM900,9479.629,-1,0.003999999998995918,BACKFILL_AUTO
2026-05-23 10:23:52,1779531832,BOOM900,9479.626,-1,0.0030000000006111804,BACKFILL_AUTO
2026-05-23 10:23:53,1779531833,BOOM900,9479.618,-1,0.007999999999810825,BACKFILL_AUTO
2026-05-23 10:23:54,1779531834,BOOM900,9479.609,-1,0.009000000000014552,BACKFILL_AUTO
2026-05-23 10:23:55,1779531835,BOOM900,9479.586,-1,0.023000000001047738,BACKFILL_AUTO
2026-05-23 10:23:56,1779531836,BOOM900,9479.573,-1,0.01299999999901047,BACKFILL_AUTO
2026-05-23 10:23:57,1779531837,BOOM900,9479.569,-1,0.004000000000814907,BACKFILL_AUTO
2026-05-23 10:23:58,1779531838,BOOM900,9479.534,-1,0.03499999999985448,BACKFILL_AUTO
2026-05-23 10:23:59,1779531839,BOOM900,9479.514,-1,0.020000000000436557,BACKFILL_AUTO
2026-05-23 10:24:00,1779531840,BOOM900,9479.495,-1,0.01899999999841384,BACKFILL_AUTO
2026-05-23 10:24:01,1779531841,BOOM900,9479.485,-1,0.010000000000218279,BACKFILL_AUTO
2026-05-23 10:24:02,1779531842,BOOM900,9479.467,-1,0.018000000000029104,BACKFILL_AUTO
2026-05-23 10:24:03,1779531843,BOOM900,9479.456,-1,0.011000000000422006,BACKFILL_AUTO
2026-05-23 10:24:04,1779531844,BOOM900,9479.446,-1,0.010000000000218279,BACKFILL_AUTO
2026-05-23 10:24:05,1779531845,BOOM900,9479.439,-1,0.006999999999607098,BACKFILL_AUTO
2026-05-23 10:24:06,1779531846,BOOM900,9479.423,-1,0.01599999999962165,BACKFILL_AUTO
2026-05-23 10:24:07,1779531847,BOOM900,9479.422,-1,0.0010000000002037268,BACKFILL_AUTO
2026-05-23 10:24:08,1779531848,BOOM900,9479.406,-1,0.01599999999962165,BACKFILL_AUTO
2026-05-23 10:24:09,1779531849,BOOM900,9479.4,-1,0.006000000001222361,BACKFILL_AUTO
2026-05-23 10:24:10,1779531850,BOOM900,9479.386,-1,0.013999999999214197,BACKFILL_AUTO
2026-05-23 10:24:11,1779531851,BOOM900,9479.382,-1,0.004000000000814907,BACKFILL_AUTO
2026-05-23 10:24:12,1779531852,BOOM900,9479.379,-1,0.002999999998792191,BACKFILL_AUTO
2026-05-23 10:24:13,1779531853,BOOM900,9479.377,-1,0.0020000000004074536,BACKFILL_AUTO
2026-05-23 10:24:14,1779531854,BOOM900,9479.377,0,0.0,BACKFILL_AUTO
2026-05-23 10:24:15,1779531855,BOOM900,9479.368,-1,0.009000000000014552,BACKFILL_AUTO
2026-05-23 10:24:16,1779531856,BOOM900,9479.362,-1,0.006000000001222361,BACKFILL_AUTO
2026-05-23 10:24:17,1779531857,BOOM900,9479.355,-1,0.006999999999607098,BACKFILL_AUTO
2026-05-23 10:24:18,1779531858,BOOM900,9479.345,-1,0.010000000000218279,BACKFILL_AUTO
2026-05-23 10:24:19,1779531859,BOOM900,9479.339,-1,0.0059999999994033715,BACKFILL_AUTO
2026-05-23 10:24:20,1779531860,BOOM900,9479.337,-1,0.0020000000004074536,BACKFILL_AUTO
2026-05-23 10:24:21,1779531861,BOOM900,9479.334,-1,0.002999999998792191,BACKFILL_AUTO
2026-05-23 10:24:22,1779531862,BOOM900,9479.334,0,0.0,BACKFILL_AUTO
2026-05-23 10:24:23,1779531863,BOOM900,9479.329,-1,0.005000000001018634,BACKFILL_AUTO
2026-05-23 10:24:24,1779531864,BOOM900,9479.315,-1,0.013999999999214197,BACKFILL_AUTO
2026-05-23 10:24:25,1779531865,BOOM900,9479.305,-1,0.010000000000218279,BACKFILL_AUTO
2026-05-23 10:24:26,1779531866,BOOM900,9479.292,-1,0.01300000000082946,BACKFILL_AUTO
2026-05-23 10:24:27,1779531867,BOOM900,9479.279,-1,0.01299999999901047,BACKFILL_AUTO
2026-05-23 10:24:28,1779531868,BOOM900,9479.276,-1,0.0030000000006111804,BACKFILL_AUTO
2026-05-23 10:24:29,1779531869,BOOM900,9479.258,-1,0.018000000000029104,BACKFILL_AUTO
2026-05-23 10:24:30,1779531870,BOOM900,9479.246,-1,0.012000000000625732,BACKFILL_AUTO
2026-05-23 10:24:31,1779531871,BOOM900,9479.24,-1,0.0059999999994033715,BACKFILL_AUTO
2026-05-23 10:24:32,1779531872,BOOM900,9479.222,-1,0.018000000000029104,BACKFILL_AUTO
2026-05-23 10:24:33,1779531873,BOOM900,9479.219,-1,0.0030000000006111804,BACKFILL_AUTO
2026-05-23 10:24:34,1779531874,BOOM900,9479.217,-1,0.0019999999985884642,BACKFILL_AUTO
2026-05-23 10:24:35,1779531875,BOOM900,9479.185,-1,0.03200000000106229,BACKFILL_AUTO
2026-05-23 10:24:36,1779531876,BOOM900,9479.175,-1,0.010000000000218279,BACKFILL_AUTO
2026-05-23 10:24:37,1779531877,BOOM900,9479.171,-1,0.003999999998995918,BACKFILL_AUTO
2026-05-23 10:24:38,1779531878,BOOM900,9479.166,-1,0.005000000001018634,BACKFILL_AUTO
2026-05-23 10:24:39,1779531879,BOOM900,9479.146,-1,0.019999999998617568,BACKFILL_AUTO
2026-05-23 10:24:40,1779531880,BOOM900,9479.126,-1,0.020000000000436557,BACKFILL_AUTO
2026-05-23 10:24:41,1779531881,BOOM900,9479.119,-1,0.006999999999607098,BACKFILL_AUTO
2026-05-23 10:24:42,1779531882,BOOM900,9479.114,-1,0.005000000001018634,BACKFILL_AUTO
2026-05-23 10:24:43,1779531883,BOOM900,9479.096,-1,0.018000000000029104,BACKFILL_AUTO
2026-05-23 10:24:44,1779531884,BOOM900,9479.084,-1,0.011999999998806743,BACKFILL_AUTO
2026-05-23 10:24:45,1779531885,BOOM900,9479.082,-1,0.0020000000004074536,BACKFILL_AUTO
2026-05-23 10:24:46,1779531886,BOOM900,9479.07,-1,0.012000000000625732,BACKFILL_AUTO
2026-05-23 10:24:47,1779531887,BOOM900,9479.067,-1,0.0030000000006111804,BACKFILL_AUTO
2026-05-23 10:24:48,1779531888,BOOM900,9479.056,-1,0.010999999998603016,BACKFILL_AUTO
2026-05-23 10:24:49,1779531889,BOOM900,9479.056,0,0.0,BACKFILL_AUTO
2026-05-23 10:24:50,1779531890,BOOM900,9479.044,-1,0.012000000000625732,BACKFILL_AUTO
2026-05-23 10:24:51,1779531891,BOOM900,9479.028,-1,0.01599999999962165,BACKFILL_AUTO
2026-05-23 10:24:52,1779531892,BOOM900,9479.008,-1,0.020000000000436557,BACKFILL_AUTO
2026-05-23 10:24:53,1779531893,BOOM900,9479.003,-1,0.004999999999199645,BACKFILL_AUTO
2026-05-23 10:24:54,1779531894,BOOM900,9478.999,-1,0.004000000000814907,BACKFILL_AUTO
2026-05-23 10:24:55,1779531895,BOOM900,9478.991,-1,0.007999999999810825,BACKFILL_AUTO
2026-05-23 10:24:56,1779531896,BOOM900,9478.986,-1,0.004999999999199645,BACKFILL_AUTO
2026-05-23 10:24:57,1779531897,BOOM900,9478.964,-1,0.02200000000084401,BACKFILL_AUTO
2026-05-23 10:24:58,1779531898,BOOM900,9478.956,-1,0.007999999999810825,BACKFILL_AUTO
2026-05-23 10:24:59,1779531899,BOOM900,9478.951,-1,0.005000000001018634,BACKFILL_AUTO
2026-05-23 10:25:00,1779531900,BOOM900,9478.941,-1,0.00999999999839929,BACKFILL_AUTO
2026-05-23 10:25:01,1779531901,BOOM900,9478.941,0,0.0,BACKFILL_AUTO
2026-05-23 10:25:02,1779531902,BOOM900,9478.938,-1,0.0030000000006111804,BACKFILL_AUTO
2026-05-23 10:25:03,1779531903,BOOM900,9478.929,-1,0.009000000000014552,BACKFILL_AUTO
2026-05-23 10:25:04,1779531904,BOOM900,9478.92,-1,0.009000000000014552,BACKFILL_AUTO
2026-05-23 10:25:05,1779531905,BOOM900,9478.915,-1,0.004999999999199645,BACKFILL_AUTO
2026-05-23 10:25:06,1779531906,BOOM900,9478.898,-1,0.017000000001644366,BACKFILL_AUTO
2026-05-23 10:25:07,1779531907,BOOM900,9478.895,-1,0.002999999998792191,BACKFILL_AUTO
2026-05-23 10:25:08,1779531908,BOOM900,9478.892,-1,0.0030000000006111804,BACKFILL_AUTO
2026-05-23 10:25:09,1779531909,BOOM900,9478.887,-1,0.004999999999199645,BACKFILL_AUTO
2026-05-23 10:25:10,1779531910,BOOM900,9478.877,-1,0.010000000000218279,BACKFILL_AUTO
2026-05-23 10:25:11,1779531911,BOOM900,9478.87,-1,0.006999999999607098,BACKFILL_AUTO
2026-05-23 10:25:12,1779531912,BOOM900,9478.868,-1,0.0020000000004074536,BACKFILL_AUTO
2026-05-23 10:25:13,1779531913,BOOM900,9478.859,-1,0.009000000000014552,BACKFILL_AUTO
2026-05-23 10:25:14,1779531914,BOOM900,9478.855,-1,0.004000000000814907,BACKFILL_AUTO
2026-05-23 10:25:15,1779531915,BOOM900,9478.829,-1,0.02599999999983993,BACKFILL_AUTO
2026-05-23 10:25:16,1779531916,BOOM900,9478.825,-1,0.003999999998995918,BACKFILL_AUTO
2026-05-23 10:25:17,1779531917,BOOM900,9478.819,-1,0.006000000001222361,BACKFILL_AUTO
2026-05-23 10:25:18,1779531918,BOOM900,9478.805,-1,0.013999999999214197,BACKFILL_AUTO
2026-05-23 10:25:19,1779531919,BOOM900,9478.789,-1,0.01599999999962165,BACKFILL_AUTO
2026-05-23 10:25:20,1779531920,BOOM900,9478.782,-1,0.007000000001426088,BACKFILL_AUTO
2026-05-23 10:25:21,1779531921,BOOM900,9478.767,-1,0.014999999999417923,BACKFILL_AUTO
2026-05-23 10:25:22,1779531922,BOOM900,9478.749,-1,0.018000000000029104,BACKFILL_AUTO
2026-05-23 10:25:23,1779531923,BOOM900,9478.746,-1,0.0030000000006111804,BACKFILL_AUTO
2026-05-23 10:25:24,1779531924,BOOM900,9478.733,-1,0.01299999999901047,BACKFILL_AUTO
2026-05-23 10:25:25,1779531925,BOOM900,9478.728,-1,0.005000000001018634,BACKFILL_AUTO
2026-05-23 10:25:26,1779531926,BOOM900,9478.704,-1,0.023999999999432475,BACKFILL_AUTO
2026-05-23 10:25:27,1779531927,BOOM900,9478.688,-1,0.01599999999962165,BACKFILL_AUTO
2026-05-23 10:25:28,1779531928,BOOM900,9478.686,-1,0.0020000000004074536,BACKFILL_AUTO
2026-05-23 10:25:29,1779531929,BOOM900,9478.661,-1,0.024999999999636202,BACKFILL_AUTO
2026-05-23 10:25:30,1779531930,BOOM900,9478.64,-1,0.021000000000640284,BACKFILL_AUTO
2026-05-23 10:25:31,1779531931,BOOM900,9478.63,-1,0.010000000000218279,BACKFILL_AUTO
2026-05-23 10:25:32,1779531932,BOOM900,9478.63,0,0.0,BACKFILL_AUTO
2026-05-23 10:25:33,1779531933,BOOM900,9478.626,-1,0.003999999998995918,BACKFILL_AUTO
2026-05-23 10:25:34,1779531934,BOOM900,9478.621,-1,0.005000000001018634,BACKFILL_AUTO
2026-05-23 10:25:35,1779531935,BOOM900,9478.602,-1,0.01899999999841384,BACKFILL_AUTO
2026-05-23 10:25:36,1779531936,BOOM900,9478.571,-1,0.031000000000858563,BACKFILL_AUTO
2026-05-23 10:25:37,1779531937,BOOM900,9478.567,-1,0.004000000000814907,BACKFILL_AUTO
2026-05-23 10:25:38,1779531938,BOOM900,9478.563,-1,0.003999999998995918,BACKFILL_AUTO
2026-05-23 10:25:39,1779531939,BOOM900,9478.549,-1,0.013999999999214197,BACKFILL_AUTO
2026-05-23 10:25:40,1779531940,BOOM900,9478.546,-1,0.0030000000006111804,BACKFILL_AUTO
2026-05-23 10:25:41,1779531941,BOOM900,9478.542,-1,0.004000000000814907,BACKFILL_AUTO
2026-05-23 10:25:42,1779531942,BOOM900,9478.535,-1,0.006999999999607098,BACKFILL_AUTO
2026-05-23 10:25:43,1779531943,BOOM900,9478.502,-1,0.03299999999944703,BACKFILL_AUTO
2026-05-23 10:25:44,1779531944,BOOM900,9478.483,-1,0.01900000000023283,BACKFILL_AUTO
2026-05-23 10:25:45,1779531945,BOOM900,9478.464,-1,0.01900000000023283,BACKFILL_AUTO
2026-05-23 10:25:46,1779531946,BOOM900,9478.459,-1,0.004999999999199645,BACKFILL_AUTO
2026-05-23 10:25:47,1779531947,BOOM900,9478.451,-1,0.008000000001629815,BACKFILL_AUTO
2026-05-23 10:25:48,1779531948,BOOM900,9478.431,-1,0.019999999998617568,BACKFILL_AUTO
2026-05-23 10:25:49,1779531949,BOOM900,9478.42,-1,0.011000000000422006,BACKFILL_AUTO
2026-05-23 10:25:50,1779531950,BOOM900,9478.412,-1,0.007999999999810825,BACKFILL_AUTO
2026-05-23 10:25:51,1779531951,BOOM900,9478.388,-1,0.023999999999432475,BACKFILL_AUTO
2026-05-23 10:25:52,1779531952,BOOM900,9478.387,-1,0.0010000000002037268,BACKFILL_AUTO
2026-05-23 10:25:53,1779531953,BOOM900,9478.358,-1,0.02900000000045111,BACKFILL_AUTO
2026-05-23 10:25:54,1779531954,BOOM900,9478.353,-1,0.005000000001018634,BACKFILL_AUTO
2026-05-23 10:25:55,1779531955,BOOM900,9478.343,-1,0.00999999999839929,BACKFILL_AUTO
2026-05-23 10:25:56,1779531956,BOOM900,9478.32,-1,0.023000000001047738,BACKFILL_AUTO
2026-05-23 10:25:57,1779531957,BOOM900,9478.315,-1,0.004999999999199645,BACKFILL_AUTO
2026-05-23 10:25:58,1779531958,BOOM900,9478.299,-1,0.01599999999962165,BACKFILL_AUTO
2026-05-23 10:25:59,1779531959,BOOM900,9478.298,-1,0.0010000000002037268,BACKFILL_AUTO
2026-05-23 10:26:00,1779531960,BOOM900,9478.297,-1,0.0010000000002037268,BACKFILL_AUTO
2026-05-23 10:26:01,1779531961,BOOM900,9478.295,-1,0.0020000000004074536,BACKFILL_AUTO
2026-05-23 10:26:02,1779531962,BOOM900,9478.294,-1,0.0010000000002037268,BACKFILL_AUTO
2026-05-23 10:26:03,1779531963,BOOM900,9478.288,-1,0.0059999999994033715,BACKFILL_AUTO
2026-05-23 10:26:04,1779531964,BOOM900,9478.279,-1,0.009000000000014552,BACKFILL_AUTO
2026-05-23 10:26:05,1779531965,BOOM900,9478.26,-1,0.01900000000023283,BACKFILL_AUTO
2026-05-23 10:26:06,1779531966,BOOM900,9478.253,-1,0.006999999999607098,BACKFILL_AUTO
2026-05-23 10:26:07,1779531967,BOOM900,9478.23,-1,0.023000000001047738,BACKFILL_AUTO
2026-05-23 10:26:08,1779531968,BOOM900,9478.218,-1,0.011999999998806743,BACKFILL_AUTO
2026-05-23 10:26:09,1779531969,BOOM900,9478.211,-1,0.007000000001426088,BACKFILL_AUTO
2026-05-23 10:26:10,1779531970,BOOM900,9478.195,-1,0.01599999999962165,BACKFILL_AUTO
2026-05-23 10:26:11,1779531971,BOOM900,9478.191,-1,0.003999999998995918,BACKFILL_AUTO
2026-05-23 10:26:12,1779531972,BOOM900,9478.17,-1,0.021000000000640284,BACKFILL_AUTO
2026-05-23 10:26:13,1779531973,BOOM900,9478.166,-1,0.004000000000814907,BACKFILL_AUTO
2026-05-23 10:26:14,1779531974,BOOM900,9478.158,-1,0.007999999999810825,BACKFILL_AUTO
2026-05-23 10:26:15,1779531975,BOOM900,9478.133,-1,0.024999999999636202,BACKFILL_AUTO
2026-05-23 10:26:16,1779531976,BOOM900,9478.123,-1,0.010000000000218279,BACKFILL_AUTO
2026-05-23 10:26:17,1779531977,BOOM900,9478.113,-1,0.010000000000218279,BACKFILL_AUTO
2026-05-23 10:26:18,1779531978,BOOM900,9478.091,-1,0.02199999999902502,BACKFILL_AUTO
2026-05-23 10:26:19,1779531979,BOOM900,9478.08,-1,0.011000000000422006,BACKFILL_AUTO
2026-05-23 10:26:20,1779531980,BOOM900,9478.074,-1,0.0059999999994033715,BACKFILL_AUTO
2026-05-23 10:26:21,1779531981,BOOM900,9478.073,-1,0.0010000000002037268,BACKFILL_AUTO
2026-05-23 10:26:22,1779531982,BOOM900,9478.056,-1,0.016999999999825377,BACKFILL_AUTO
2026-05-23 10:26:23,1779531983,BOOM900,9478.045,-1,0.011000000000422006,BACKFILL_AUTO
2026-05-23 10:26:24,1779531984,BOOM900,9478.041,-1,0.004000000000814907,BACKFILL_AUTO
2026-05-23 10:26:25,1779531985,BOOM900,9478.035,-1,0.0059999999994033715,BACKFILL_AUTO
2026-05-23 10:26:26,1779531986,BOOM900,9478.03,-1,0.004999999999199645,BACKFILL_AUTO
2026-05-23 10:26:27,1779531987,BOOM900,9478.028,-1,0.0020000000004074536,BACKFILL_AUTO
2026-05-23 10:26:28,1779531988,BOOM900,9478.011,-1,0.016999999999825377,BACKFILL_AUTO
2026-05-23 10:26:29,1779531989,BOOM900,9478.005,-1,0.006000000001222361,BACKFILL_AUTO
2026-05-23 10:26:30,1779531990,BOOM900,9477.991,-1,0.013999999999214197,BACKFILL_AUTO
2026-05-23 10:26:31,1779531991,BOOM900,9477.983,-1,0.007999999999810825,BACKFILL_AUTO
2026-05-23 10:26:32,1779531992,BOOM900,9477.982,-1,0.0010000000002037268,BACKFILL_AUTO
2026-05-23 10:26:33,1779531993,BOOM900,9477.973,-1,0.009000000000014552,BACKFILL_AUTO
2026-05-23 10:26:34,1779531994,BOOM900,9477.961,-1,0.012000000000625732,BACKFILL_AUTO
2026-05-23 10:26:35,1779531995,BOOM900,9477.961,0,0.0,BACKFILL_AUTO
2026-05-23 10:26:36,1779531996,BOOM900,9477.944,-1,0.016999999999825377,BACKFILL_AUTO
2026-05-23 10:26:37,1779531997,BOOM900,9477.942,-1,0.0020000000004074536,BACKFILL_AUTO
2026-05-23 10:26:38,1779531998,BOOM900,9477.928,-1,0.013999999999214197,BACKFILL_AUTO
2026-05-23 10:26:39,1779531999,BOOM900,9477.908,-1,0.020000000000436557,BACKFILL_AUTO
2026-05-23 10:26:40,1779532000,BOOM900,9477.899,-1,0.009000000000014552,BACKFILL_AUTO
2026-05-23 10:26:41,1779532001,BOOM900,9477.882,-1,0.016999999999825377,BACKFILL_AUTO
2026-05-23 10:26:42,1779532002,BOOM900,9477.874,-1,0.007999999999810825,BACKFILL_AUTO
2026-05-23 10:26:43,1779532003,BOOM900,9477.861,-1,0.01299999999901047,BACKFILL_AUTO
2026-05-23 10:26:44,1779532004,BOOM900,9477.857,-1,0.004000000000814907,BACKFILL_AUTO
2026-05-23 10:26:45,1779532005,BOOM900,9477.856,-1,0.0010000000002037268,BACKFILL_AUTO
2026-05-23 10:26:46,1779532006,BOOM900,9477.856,0,0.0,BACKFILL_AUTO
2026-05-23 10:26:47,1779532007,BOOM900,9477.842,-1,0.013999999999214197,BACKFILL_AUTO
2026-05-23 10:26:48,1779532008,BOOM900,9477.825,-1,0.016999999999825377,BACKFILL_AUTO
2026-05-23 10:26:49,1779532009,BOOM900,9477.804,-1,0.021000000000640284,BACKFILL_AUTO
2026-05-23 10:26:50,1779532010,BOOM900,9477.79,-1,0.013999999999214197,BACKFILL_AUTO
2026-05-23 10:26:51,1779532011,BOOM900,9477.789,-1,0.0010000000002037268,BACKFILL_AUTO
2026-05-23 10:26:52,1779532012,BOOM900,9477.77,-1,0.01900000000023283,BACKFILL_AUTO
2026-05-23 10:26:53,1779532013,BOOM900,9477.767,-1,0.0030000000006111804,BACKFILL_AUTO
2026-05-23 10:26:54,1779532014,BOOM900,9477.756,-1,0.011000000000422006,BACKFILL_AUTO
2026-05-23 10:26:55,1779532015,BOOM900,9477.746,-1,0.010000000000218279,BACKFILL_AUTO
2026-05-23 10:26:56,1779532016,BOOM900,9477.742,-1,0.003999999998995918,BACKFILL_AUTO
2026-05-23 10:26:57,1779532017,BOOM900,9477.726,-1,0.01599999999962165,BACKFILL_AUTO
2026-05-23 10:26:58,1779532018,BOOM900,9477.72,-1,0.006000000001222361,BACKFILL_AUTO
2026-05-23 10:26:59,1779532019,BOOM900,9477.701,-1,0.01900000000023283,BACKFILL_AUTO
2026-05-23 10:27:00,1779532020,BOOM900,9477.699,-1,0.0019999999985884642,BACKFILL_AUTO
2026-05-23 10:27:01,1779532021,BOOM900,9477.688,-1,0.011000000000422006,BACKFILL_AUTO
2026-05-23 10:27:02,1779532022,BOOM900,9477.687,-1,0.0010000000002037268,BACKFILL_AUTO
2026-05-23 10:27:03,1779532023,BOOM900,9477.67,-1,0.016999999999825377,BACKFILL_AUTO
2026-05-23 10:27:04,1779532024,BOOM900,9477.669,-1,0.0010000000002037268,BACKFILL_AUTO
2026-05-23 10:27:05,1779532025,BOOM900,9477.659,-1,0.010000000000218279,BACKFILL_AUTO
2026-05-23 10:27:06,1779532026,BOOM900,9477.642,-1,0.016999999999825377,BACKFILL_AUTO
2026-05-23 10:27:07,1779532027,BOOM900,9477.632,-1,0.010000000000218279,BACKFILL_AUTO
2026-05-23 10:27:08,1779532028,BOOM900,9477.616,-1,0.01599999999962165,BACKFILL_AUTO
2026-05-23 10:27:09,1779532029,BOOM900,9477.598,-1,0.018000000000029104,BACKFILL_AUTO
2026-05-23 10:27:10,1779532030,BOOM900,9477.575,-1,0.02299999999922875,BACKFILL_AUTO
2026-05-23 10:27:11,1779532031,BOOM900,9477.569,-1,0.006000000001222361,BACKFILL_AUTO
2026-05-23 10:27:12,1779532032,BOOM900,9477.564,-1,0.004999999999199645,BACKFILL_AUTO
2026-05-23 10:27:13,1779532033,BOOM900,9477.559,-1,0.005000000001018634,BACKFILL_AUTO
2026-05-23 10:27:14,1779532034,BOOM900,9477.552,-1,0.006999999999607098,BACKFILL_AUTO
2026-05-23 10:27:15,1779532035,BOOM900,9477.543,-1,0.009000000000014552,BACKFILL_AUTO
2026-05-23 10:27:16,1779532036,BOOM900,9477.529,-1,0.013999999999214197,BACKFILL_AUTO
2026-05-23 10:27:17,1779532037,BOOM900,9477.519,-1,0.010000000000218279,BACKFILL_AUTO
2026-05-23 10:27:18,1779532038,BOOM900,9477.515,-1,0.004000000000814907,BACKFILL_AUTO
2026-05-23 10:27:19,1779532039,BOOM900,9477.507,-1,0.007999999999810825,BACKFILL_AUTO
2026-05-23 10:27:20,1779532040,BOOM900,9477.505,-1,0.0020000000004074536,BACKFILL_AUTO
2026-05-23 10:27:21,1779532041,BOOM900,9477.483,-1,0.02199999999902502,BACKFILL_AUTO
2026-05-23 10:27:22,1779532042,BOOM900,9477.479,-1,0.004000000000814907,BACKFILL_AUTO
2026-05-23 10:27:23,1779532043,BOOM900,9477.462,-1,0.016999999999825377,BACKFILL_AUTO
2026-05-23 10:27:24,1779532044,BOOM900,9477.45,-1,0.011999999998806743,BACKFILL_AUTO
2026-05-23 10:27:25,1779532045,BOOM900,9477.439,-1,0.011000000000422006,BACKFILL_AUTO
2026-05-23 10:27:26,1779532046,BOOM900,9477.437,-1,0.0020000000004074536,BACKFILL_AUTO
2026-05-23 10:27:27,1779532047,BOOM900,9477.429,-1,0.007999999999810825,BACKFILL_AUTO
2026-05-23 10:27:28,1779532048,BOOM900,9477.422,-1,0.006999999999607098,BACKFILL_AUTO
2026-05-23 10:27:29,1779532049,BOOM900,9477.419,-1,0.0030000000006111804,BACKFILL_AUTO
2026-05-23 10:27:30,1779532050,BOOM900,9477.394,-1,0.024999999999636202,BACKFILL_AUTO
2026-05-23 10:27:31,1779532051,BOOM900,9477.393,-1,0.0010000000002037268,BACKFILL_AUTO
2026-05-23 10:27:32,1779532052,BOOM900,9477.39,-1,0.0030000000006111804,BACKFILL_AUTO
2026-05-23 10:27:33,1779532053,BOOM900,9477.364,-1,0.02599999999983993,BACKFILL_AUTO
2026-05-23 10:27:34,1779532054,BOOM900,9477.363,-1,0.0010000000002037268,BACKFILL_AUTO
2026-05-23 10:27:35,1779532055,BOOM900,9477.343,-1,0.019999999998617568,BACKFILL_AUTO
2026-05-23 10:27:36,1779532056,BOOM900,9477.337,-1,0.006000000001222361,BACKFILL_AUTO
2026-05-23 10:27:37,1779532057,BOOM900,9477.319,-1,0.018000000000029104,BACKFILL_AUTO
2026-05-23 10:27:38,1779532058,BOOM900,9477.303,-1,0.01599999999962165,BACKFILL_AUTO
2026-05-23 10:27:39,1779532059,BOOM900,9477.3,-1,0.0030000000006111804,BACKFILL_AUTO
2026-05-23 10:27:40,1779532060,BOOM900,9477.297,-1,0.002999999998792191,BACKFILL_AUTO
2026-05-23 10:27:41,1779532061,BOOM900,9477.285,-1,0.012000000000625732,BACKFILL_AUTO
2026-05-23 10:27:42,1779532062,BOOM900,9477.276,-1,0.009000000000014552,BACKFILL_AUTO
2026-05-23 10:27:43,1779532063,BOOM900,9477.265,-1,0.011000000000422006,BACKFILL_AUTO
2026-05-23 10:27:44,1779532064,BOOM900,9477.26,-1,0.004999999999199645,BACKFILL_AUTO
2026-05-23 10:27:45,1779532065,BOOM900,9477.244,-1,0.01599999999962165,BACKFILL_AUTO
2026-05-23 10:27:46,1779532066,BOOM900,9477.219,-1,0.02500000000145519,BACKFILL_AUTO
2026-05-23 10:27:47,1779532067,BOOM900,9477.217,-1,0.0019999999985884642,BACKFILL_AUTO
2026-05-23 10:27:48,1779532068,BOOM900,9477.204,-1,0.01300000000082946,BACKFILL_AUTO
2026-05-23 10:27:49,1779532069,BOOM900,9477.202,-1,0.0020000000004074536,BACKFILL_AUTO
2026-05-23 10:27:50,1779532070,BOOM900,9477.19,-1,0.011999999998806743,BACKFILL_AUTO
2026-05-23 10:27:51,1779532071,BOOM900,9477.175,-1,0.015000000001236913,BACKFILL_AUTO
2026-05-23 10:27:52,1779532072,BOOM900,9477.168,-1,0.006999999999607098,BACKFILL_AUTO
2026-05-23 10:27:53,1779532073,BOOM900,9477.156,-1,0.011999999998806743,BACKFILL_AUTO
2026-05-23 10:27:54,1779532074,BOOM900,9477.14,-1,0.01600000000144064,BACKFILL_AUTO
2026-05-23 10:27:55,1779532075,BOOM900,9477.137,-1,0.002999999998792191,BACKFILL_AUTO
2026-05-23 10:27:56,1779532076,BOOM900,9477.124,-1,0.01300000000082946,BACKFILL_AUTO
2026-05-23 10:27:57,1779532077,BOOM900,9477.123,-1,0.0010000000002037268,BACKFILL_AUTO
2026-05-23 10:27:58,1779532078,BOOM900,9477.115,-1,0.007999999999810825,BACKFILL_AUTO
2026-05-23 10:27:59,1779532079,BOOM900,9477.098,-1,0.016999999999825377,BACKFILL_AUTO
2026-05-23 10:28:00,1779532080,BOOM900,9477.089,-1,0.009000000000014552,BACKFILL_AUTO
2026-05-23 10:28:01,1779532081,BOOM900,9477.084,-1,0.004999999999199645,BACKFILL_AUTO
2026-05-23 10:28:02,1779532082,BOOM900,9477.082,-1,0.0020000000004074536,BACKFILL_AUTO
2026-05-23 10:28:03,1779532083,BOOM900,9477.062,-1,0.020000000000436557,BACKFILL_AUTO
2026-05-23 10:28:04,1779532084,BOOM900,9477.034,-1,0.028000000000247383,BACKFILL_AUTO
2026-05-23 10:28:05,1779532085,BOOM900,9477.026,-1,0.007999999999810825,BACKFILL_AUTO
2026-05-23 10:28:06,1779532086,BOOM900,9477.008,-1,0.018000000000029104,BACKFILL_AUTO
2026-05-23 10:28:07,1779532087,BOOM900,9477.001,-1,0.006999999999607098,BACKFILL_AUTO
2026-05-23 10:28:08,1779532088,BOOM900,9476.98,-1,0.021000000000640284,BACKFILL_AUTO
2026-05-23 10:28:09,1779532089,BOOM900,9476.978,-1,0.0020000000004074536,BACKFILL_AUTO
2026-05-23 10:28:10,1779532090,BOOM900,9476.964,-1,0.013999999999214197,BACKFILL_AUTO
2026-05-23 10:28:11,1779532091,BOOM900,9476.96,-1,0.004000000000814907,BACKFILL_AUTO
2026-05-23 10:28:12,1779532092,BOOM900,9476.959,-1,0.0009999999983847374,BACKFILL_AUTO
2026-05-23 10:28:13,1779532093,BOOM900,9476.948,-1,0.011000000000422006,BACKFILL_AUTO
2026-05-23 10:28:14,1779532094,BOOM900,9476.928,-1,0.020000000000436557,BACKFILL_AUTO
2026-05-23 10:28:15,1779532095,BOOM900,9476.917,-1,0.011000000000422006,BACKFILL_AUTO
2026-05-23 10:28:16,1779532096,BOOM900,9476.898,-1,0.01900000000023283,BACKFILL_AUTO
2026-05-23 10:28:17,1779532097,BOOM900,9476.897,-1,0.0009999999983847374,BACKFILL_AUTO
2026-05-23 10:28:18,1779532098,BOOM900,9476.877,-1,0.020000000000436557,BACKFILL_AUTO
2026-05-23 10:28:19,1779532099,BOOM900,9476.872,-1,0.005000000001018634,BACKFILL_AUTO
2026-05-23 10:28:20,1779532100,BOOM900,9476.857,-1,0.014999999999417923,BACKFILL_AUTO
2026-05-23 10:28:21,1779532101,BOOM900,9476.851,-1,0.0059999999994033715,BACKFILL_AUTO
2026-05-23 10:28:22,1779532102,BOOM900,9476.844,-1,0.007000000001426088,BACKFILL_AUTO
2026-05-23 10:28:23,1779532103,BOOM900,9476.822,-1,0.02199999999902502,BACKFILL_AUTO
2026-05-23 10:28:24,1779532104,BOOM900,9476.807,-1,0.014999999999417923,BACKFILL_AUTO
2026-05-23 10:28:25,1779532105,BOOM900,9476.806,-1,0.0010000000002037268,BACKFILL_AUTO
2026-05-23 10:28:26,1779532106,BOOM900,9476.806,0,0.0,BACKFILL_AUTO
2026-05-23 10:28:27,1779532107,BOOM900,9476.788,-1,0.018000000000029104,BACKFILL_AUTO
2026-05-23 10:28:28,1779532108,BOOM900,9476.775,-1,0.01300000000082946,BACKFILL_AUTO
2026-05-23 10:28:29,1779532109,BOOM900,9476.743,-1,0.0319999999992433,BACKFILL_AUTO
2026-05-23 10:28:30,1779532110,BOOM900,9476.721,-1,0.02200000000084401,BACKFILL_AUTO
2026-05-23 10:28:31,1779532111,BOOM900,9476.715,-1,0.0059999999994033715,BACKFILL_AUTO
2026-05-23 10:28:32,1779532112,BOOM900,9476.712,-1,0.0030000000006111804,BACKFILL_AUTO
2026-05-23 10:28:33,1779532113,BOOM900,9476.7,-1,0.011999999998806743,BACKFILL_AUTO
2026-05-23 10:28:34,1779532114,BOOM900,9476.684,-1,0.01600000000144064,BACKFILL_AUTO
2026-05-23 10:28:35,1779532115,BOOM900,9476.678,-1,0.0059999999994033715,BACKFILL_AUTO
2026-05-23 10:28:36,1779532116,BOOM900,9476.677,-1,0.0010000000002037268,BACKFILL_AUTO
2026-05-23 10:28:37,1779532117,BOOM900,9476.661,-1,0.01599999999962165,BACKFILL_AUTO
2026-05-23 10:28:38,1779532118,BOOM900,9476.65,-1,0.011000000000422006,BACKFILL_AUTO
2026-05-23 10:28:39,1779532119,BOOM900,9476.644,-1,0.0059999999994033715,BACKFILL_AUTO
2026-05-23 10:28:40,1779532120,BOOM900,9476.638,-1,0.0059999999994033715,BACKFILL_AUTO
2026-05-23 10:28:41,1779532121,BOOM900,9476.632,-1,0.006000000001222361,BACKFILL_AUTO
2026-05-23 10:28:42,1779532122,BOOM900,9476.609,-1,0.02299999999922875,BACKFILL_AUTO
2026-05-23 10:28:43,1779532123,BOOM900,9476.601,-1,0.007999999999810825,BACKFILL_AUTO
2026-05-23 10:28:44,1779532124,BOOM900,9476.601,0,0.0,BACKFILL_AUTO
2026-05-23 10:28:45,1779532125,BOOM900,9476.582,-1,0.01900000000023283,BACKFILL_AUTO
2026-05-23 10:28:46,1779532126,BOOM900,9476.562,-1,0.020000000000436557,BACKFILL_AUTO
2026-05-23 10:28:47,1779532127,BOOM900,9476.555,-1,0.006999999999607098,BACKFILL_AUTO
2026-05-23 10:28:48,1779532128,BOOM900,9476.555,0,0.0,BACKFILL_AUTO
2026-05-23 10:28:49,1779532129,BOOM900,9476.536,-1,0.01900000000023283,BACKFILL_AUTO
2026-05-23 10:28:50,1779532130,BOOM900,9476.529,-1,0.006999999999607098,BACKFILL_AUTO
2026-05-23 10:28:51,1779532131,BOOM900,9476.527,-1,0.0020000000004074536,BACKFILL_AUTO
2026-05-23 10:28:52,1779532132,BOOM900,9476.51,-1,0.016999999999825377,BACKFILL_AUTO
2026-05-23 10:28:53,1779532133,BOOM900,9476.508,-1,0.0020000000004074536,BACKFILL_AUTO
2026-05-23 10:28:54,1779532134,BOOM900,9476.497,-1,0.011000000000422006,BACKFILL_AUTO
2026-05-23 10:28:55,1779532135,BOOM900,9476.495,-1,0.0019999999985884642,BACKFILL_AUTO
2026-05-23 10:28:56,1779532136,BOOM900,9476.478,-1,0.017000000001644366,BACKFILL_AUTO
2026-05-23 10:28:57,1779532137,BOOM900,9476.46,-1,0.018000000000029104,BACKFILL_AUTO
2026-05-23 10:28:58,1779532138,BOOM900,9476.431,-1,0.02899999999863212,BACKFILL_AUTO
2026-05-23 10:28:59,1779532139,BOOM900,9476.422,-1,0.009000000000014552,BACKFILL_AUTO
2026-05-23 10:29:00,1779532140,BOOM900,9476.417,-1,0.005000000001018634,BACKFILL_AUTO
2026-05-23 10:29:01,1779532141,BOOM900,9476.407,-1,0.010000000000218279,BACKFILL_AUTO
2026-05-23 10:29:02,1779532142,BOOM900,9476.395,-1,0.011999999998806743,BACKFILL_AUTO
2026-05-23 10:29:03,1779532143,BOOM900,9476.386,-1,0.009000000000014552,BACKFILL_AUTO
2026-05-23 10:29:04,1779532144,BOOM900,9476.367,-1,0.01900000000023283,BACKFILL_AUTO
2026-05-23 10:29:05,1779532145,BOOM900,9476.354,-1,0.01300000000082946,BACKFILL_AUTO
2026-05-23 10:29:06,1779532146,BOOM900,9476.338,-1,0.01599999999962165,BACKFILL_AUTO
2026-05-23 10:29:07,1779532147,BOOM900,9476.328,-1,0.010000000000218279,BACKFILL_AUTO
2026-05-23 10:29:08,1779532148,BOOM900,9476.31,-1,0.018000000000029104,BACKFILL_AUTO
2026-05-23 10:29:09,1779532149,BOOM900,9476.306,-1,0.003999999998995918,BACKFILL_AUTO
2026-05-23 10:29:10,1779532150,BOOM900,9476.306,0,0.0,BACKFILL_AUTO
2026-05-23 10:29:11,1779532151,BOOM900,9476.288,-1,0.018000000000029104,BACKFILL_AUTO
2026-05-23 10:29:12,1779532152,BOOM900,9476.276,-1,0.012000000000625732,BACKFILL_AUTO
2026-05-23 10:29:13,1779532153,BOOM900,9476.256,-1,0.020000000000436557,BACKFILL_AUTO
2026-05-23 10:29:14,1779532154,BOOM900,9476.241,-1,0.014999999999417923,BACKFILL_AUTO
2026-05-23 10:29:15,1779532155,BOOM900,9476.223,-1,0.018000000000029104,BACKFILL_AUTO
2026-05-23 10:29:16,1779532156,BOOM900,9476.214,-1,0.009000000000014552,BACKFILL_AUTO
2026-05-23 10:29:17,1779532157,BOOM900,9476.209,-1,0.004999999999199645,BACKFILL_AUTO
2026-05-23 10:29:18,1779532158,BOOM900,9476.188,-1,0.021000000000640284,BACKFILL_AUTO
2026-05-23 10:29:19,1779532159,BOOM900,9476.173,-1,0.014999999999417923,BACKFILL_AUTO
2026-05-23 10:29:20,1779532160,BOOM900,9476.167,-1,0.006000000001222361,BACKFILL_AUTO
2026-05-23 10:29:21,1779532161,BOOM900,9476.155,-1,0.011999999998806743,BACKFILL_AUTO
2026-05-23 10:29:22,1779532162,BOOM900,9476.138,-1,0.016999999999825377,BACKFILL_AUTO
2026-05-23 10:29:23,1779532163,BOOM900,9476.138,0,0.0,BACKFILL_AUTO
2026-05-23 10:29:24,1779532164,BOOM900,9476.131,-1,0.007000000001426088,BACKFILL_AUTO
2026-05-23 10:29:25,1779532165,BOOM900,9476.122,-1,0.009000000000014552,BACKFILL_AUTO
2026-05-23 10:29:26,1779532166,BOOM900,9476.117,-1,0.004999999999199645,BACKFILL_AUTO
2026-05-23 10:29:27,1779532167,BOOM900,9476.115,-1,0.0020000000004074536,BACKFILL_AUTO
2026-05-23 10:29:28,1779532168,BOOM900,9476.103,-1,0.012000000000625732,BACKFILL_AUTO
2026-05-23 10:29:29,1779532169,BOOM900,9476.092,-1,0.010999999998603016,BACKFILL_AUTO
2026-05-23 10:29:30,1779532170,BOOM900,9476.091,-1,0.0010000000002037268,BACKFILL_AUTO
2026-05-23 10:29:31,1779532171,BOOM900,9476.081,-1,0.010000000000218279,BACKFILL_AUTO
2026-05-23 10:29:32,1779532172,BOOM900,9476.081,0,0.0,BACKFILL_AUTO
2026-05-23 10:29:33,1779532173,BOOM900,9476.076,-1,0.005000000001018634,BACKFILL_AUTO
2026-05-23 10:29:34,1779532174,BOOM900,9476.055,-1,0.020999999998821295,BACKFILL_AUTO
2026-05-23 10:29:35,1779532175,BOOM900,9476.042,-1,0.01300000000082946,BACKFILL_AUTO
2026-05-23 10:29:36,1779532176,BOOM900,9476.037,-1,0.004999999999199645,BACKFILL_AUTO
2026-05-23 10:29:37,1779532177,BOOM900,9476.032,-1,0.005000000001018634,BACKFILL_AUTO
2026-05-23 10:29:38,1779532178,BOOM900,9476.017,-1,0.014999999999417923,BACKFILL_AUTO
2026-05-23 10:29:39,1779532179,BOOM900,9476.0,-1,0.016999999999825377,BACKFILL_AUTO
2026-05-23 10:29:40,1779532180,BOOM900,9475.978,-1,0.02200000000084401,BACKFILL_AUTO
2026-05-23 10:29:41,1779532181,BOOM900,9475.967,-1,0.010999999998603016,BACKFILL_AUTO
2026-05-23 10:29:42,1779532182,BOOM900,9475.965,-1,0.0020000000004074536,BACKFILL_AUTO
2026-05-23 10:29:43,1779532183,BOOM900,9475.952,-1,0.01300000000082946,BACKFILL_AUTO
2026-05-23 10:29:44,1779532184,BOOM900,9475.944,-1,0.007999999999810825,BACKFILL_AUTO
2026-05-23 10:29:45,1779532185,BOOM900,9475.93,-1,0.013999999999214197,BACKFILL_AUTO
2026-05-23 10:29:46,1779532186,BOOM900,9475.928,-1,0.0020000000004074536,BACKFILL_AUTO
2026-05-23 10:29:47,1779532187,BOOM900,9475.914,-1,0.013999999999214197,BACKFILL_AUTO
2026-05-23 10:29:48,1779532188,BOOM900,9475.902,-1,0.012000000000625732,BACKFILL_AUTO
2026-05-23 10:29:49,1779532189,BOOM900,9475.897,-1,0.004999999999199645,BACKFILL_AUTO
2026-05-23 10:29:50,1779532190,BOOM900,9475.887,-1,0.010000000000218279,BACKFILL_AUTO
2026-05-23 10:29:51,1779532191,BOOM900,9475.867,-1,0.020000000000436557,BACKFILL_AUTO
2026-05-23 10:29:52,1779532192,BOOM900,9475.852,-1,0.014999999999417923,BACKFILL_AUTO
2026-05-23 10:29:53,1779532193,BOOM900,9475.829,-1,0.023000000001047738,BACKFILL_AUTO
2026-05-23 10:29:54,1779532194,BOOM900,9475.821,-1,0.007999999999810825,BACKFILL_AUTO
2026-05-23 10:29:55,1779532195,BOOM900,9475.811,-1,0.010000000000218279,BACKFILL_AUTO
2026-05-23 10:29:56,1779532196,BOOM900,9475.807,-1,0.003999999998995918,BACKFILL_AUTO
2026-05-23 10:29:57,1779532197,BOOM900,9475.801,-1,0.006000000001222361,BACKFILL_AUTO
2026-05-23 10:29:58,1779532198,BOOM900,9475.786,-1,0.014999999999417923,BACKFILL_AUTO
2026-05-23 10:29:59,1779532199,BOOM900,9475.763,-1,0.02299999999922875,BACKFILL_AUTO
2026-05-23 10:30:00,1779532200,BOOM900,9475.746,-1,0.017000000001644366,BACKFILL_AUTO
2026-05-23 10:30:01,1779532201,BOOM900,9475.709,-1,0.036999999998442945,BACKFILL_AUTO
2026-05-23 10:30:02,1779532202,BOOM900,9475.692,-1,0.017000000001644366,BACKFILL_AUTO
2026-05-23 10:30:03,1779532203,BOOM900,9475.69,-1,0.0019999999985884642,BACKFILL_AUTO
2026-05-23 10:30:04,1779532204,BOOM900,9475.672,-1,0.018000000000029104,BACKFILL_AUTO
2026-05-23 10:30:05,1779532205,BOOM900,9475.669,-1,0.0030000000006111804,BACKFILL_AUTO
2026-05-23 10:30:06,1779532206,BOOM900,9475.658,-1,0.011000000000422006,BACKFILL_AUTO
2026-05-23 10:30:07,1779532207,BOOM900,9475.648,-1,0.010000000000218279,BACKFILL_AUTO
2026-05-23 10:30:08,1779532208,BOOM900,9475.643,-1,0.004999999999199645,BACKFILL_AUTO
2026-05-23 10:30:09,1779532209,BOOM900,9475.615,-1,0.028000000000247383,BACKFILL_AUTO
2026-05-23 10:30:10,1779532210,BOOM900,9475.607,-1,0.007999999999810825,BACKFILL_AUTO
2026-05-23 10:30:11,1779532211,BOOM900,9475.595,-1,0.012000000000625732,BACKFILL_AUTO
2026-05-23 10:30:12,1779532212,BOOM900,9475.572,-1,0.02299999999922875,BACKFILL_AUTO
2026-05-23 10:30:13,1779532213,BOOM900,9475.568,-1,0.004000000000814907,BACKFILL_AUTO
2026-05-23 10:30:14,1779532214,BOOM900,9475.567,-1,0.0010000000002037268,BACKFILL_AUTO
2026-05-23 10:30:15,1779532215,BOOM900,9475.566,-1,0.0009999999983847374,BACKFILL_AUTO
2026-05-23 10:30:16,1779532216,BOOM900,9475.556,-1,0.010000000000218279,BACKFILL_AUTO
2026-05-23 10:30:17,1779532217,BOOM900,9475.552,-1,0.004000000000814907,BACKFILL_AUTO
2026-05-23 10:30:18,1779532218,BOOM900,9475.544,-1,0.007999999999810825,BACKFILL_AUTO
2026-05-23 10:30:19,1779532219,BOOM900,9475.544,0,0.0,BACKFILL_AUTO
2026-05-23 10:30:20,1779532220,BOOM900,9475.541,-1,0.0030000000006111804,BACKFILL_AUTO
2026-05-23 10:30:21,1779532221,BOOM900,9475.537,-1,0.003999999998995918,BACKFILL_AUTO
2026-05-23 10:30:22,1779532222,BOOM900,9475.532,-1,0.005000000001018634,BACKFILL_AUTO
2026-05-23 10:30:23,1779532223,BOOM900,9475.52,-1,0.011999999998806743,BACKFILL_AUTO
2026-05-23 10:30:24,1779532224,BOOM900,9475.512,-1,0.007999999999810825,BACKFILL_AUTO
2026-05-23 10:30:25,1779532225,BOOM900,9475.511,-1,0.0010000000002037268,BACKFILL_AUTO
2026-05-23 10:30:26,1779532226,BOOM900,9475.502,-1,0.009000000000014552,BACKFILL_AUTO
2026-05-23 10:30:27,1779532227,BOOM900,9475.498,-1,0.004000000000814907,BACKFILL_AUTO
2026-05-23 10:30:28,1779532228,BOOM900,9475.487,-1,0.011000000000422006,BACKFILL_AUTO
2026-05-23 10:30:29,1779532229,BOOM900,9475.483,-1,0.003999999998995918,BACKFILL_AUTO
2026-05-23 10:30:30,1779532230,BOOM900,9475.451,-1,0.03200000000106229,BACKFILL_AUTO
2026-05-23 10:30:31,1779532231,BOOM900,9475.433,-1,0.017999999998210114,BACKFILL_AUTO
2026-05-23 10:30:32,1779532232,BOOM900,9475.429,-1,0.004000000000814907,BACKFILL_AUTO
2026-05-23 10:30:33,1779532233,BOOM900,9475.429,0,0.0,BACKFILL_AUTO
2026-05-23 10:30:34,1779532234,BOOM900,9475.424,-1,0.004999999999199645,BACKFILL_AUTO
2026-05-23 10:30:35,1779532235,BOOM900,9475.411,-1,0.01300000000082946,BACKFILL_AUTO
2026-05-23 10:30:36,1779532236,BOOM900,9475.385,-1,0.02599999999983993,BACKFILL_AUTO
2026-05-23 10:30:37,1779532237,BOOM900,9475.357,-1,0.028000000000247383,BACKFILL_AUTO
2026-05-23 10:30:38,1779532238,BOOM900,9475.33,-1,0.027000000000043656,BACKFILL_AUTO
2026-05-23 10:30:39,1779532239,BOOM900,9475.329,-1,0.0010000000002037268,BACKFILL_AUTO
2026-05-23 10:30:40,1779532240,BOOM900,9475.314,-1,0.014999999999417923,BACKFILL_AUTO
2026-05-23 10:30:41,1779532241,BOOM900,9475.3,-1,0.014000000001033186,BACKFILL_AUTO
2026-05-23 10:30:42,1779532242,BOOM900,9475.294,-1,0.0059999999994033715,BACKFILL_AUTO
2026-05-23 10:30:43,1779532243,BOOM900,9475.278,-1,0.01599999999962165,BACKFILL_AUTO
2026-05-23 10:30:44,1779532244,BOOM900,9475.273,-1,0.005000000001018634,BACKFILL_AUTO
2026-05-23 10:30:45,1779532245,BOOM900,9475.266,-1,0.006999999999607098,BACKFILL_AUTO
2026-05-23 10:30:46,1779532246,BOOM900,9475.257,-1,0.009000000000014552,BACKFILL_AUTO
2026-05-23 10:30:47,1779532247,BOOM900,9475.247,-1,0.010000000000218279,BACKFILL_AUTO
2026-05-23 10:30:48,1779532248,BOOM900,9475.244,-1,0.002999999998792191,BACKFILL_AUTO
2026-05-23 10:30:49,1779532249,BOOM900,9475.23,-1,0.014000000001033186,BACKFILL_AUTO
2026-05-23 10:30:50,1779532250,BOOM900,9475.229,-1,0.0010000000002037268,BACKFILL_AUTO
2026-05-23 10:30:51,1779532251,BOOM900,9475.224,-1,0.004999999999199645,BACKFILL_AUTO
2026-05-23 10:30:52,1779532252,BOOM900,9475.204,-1,0.020000000000436557,BACKFILL_AUTO
2026-05-23 10:30:53,1779532253,BOOM900,9475.19,-1,0.013999999999214197,BACKFILL_AUTO
2026-05-23 10:30:54,1779532254,BOOM900,9475.161,-1,0.02900000000045111,BACKFILL_AUTO
2026-05-23 10:30:55,1779532255,BOOM900,9475.149,-1,0.012000000000625732,BACKFILL_AUTO
2026-05-23 10:30:56,1779532256,BOOM900,9475.136,-1,0.01299999999901047,BACKFILL_AUTO
2026-05-23 10:30:57,1779532257,BOOM900,9475.126,-1,0.010000000000218279,BACKFILL_AUTO
2026-05-23 10:30:58,1779532258,BOOM900,9475.114,-1,0.012000000000625732,BACKFILL_AUTO
2026-05-23 10:30:59,1779532259,BOOM900,9475.113,-1,0.0010000000002037268,BACKFILL_AUTO
2026-05-23 10:31:00,1779532260,BOOM900,9475.099,-1,0.013999999999214197,BACKFILL_AUTO
2026-05-23 10:31:01,1779532261,BOOM900,9475.095,-1,0.004000000000814907,BACKFILL_AUTO
2026-05-23 10:31:02,1779532262,BOOM900,9475.085,-1,0.010000000000218279,BACKFILL_AUTO
2026-05-23 10:31:03,1779532263,BOOM900,9475.069,-1,0.01599999999962165,BACKFILL_AUTO
2026-05-23 10:31:04,1779532264,BOOM900,9475.065,-1,0.003999999998995918,BACKFILL_AUTO
2026-05-23 10:31:05,1779532265,BOOM900,9475.061,-1,0.004000000000814907,BACKFILL_AUTO
2026-05-23 10:31:06,1779532266,BOOM900,9475.06,-1,0.0010000000002037268,BACKFILL_AUTO
2026-05-23 10:31:07,1779532267,BOOM900,9475.049,-1,0.010999999998603016,BACKFILL_AUTO
2026-05-23 10:31:08,1779532268,BOOM900,9475.032,-1,0.017000000001644366,BACKFILL_AUTO
2026-05-23 10:31:09,1779532269,BOOM900,9475.02,-1,0.011999999998806743,BACKFILL_AUTO
2026-05-23 10:31:10,1779532270,BOOM900,9475.02,0,0.0,BACKFILL_AUTO
2026-05-23 10:31:11,1779532271,BOOM900,9475.011,-1,0.009000000000014552,BACKFILL_AUTO
2026-05-23 10:31:12,1779532272,BOOM900,9475.007,-1,0.004000000000814907,BACKFILL_AUTO
2026-05-23 10:31:13,1779532273,BOOM900,9475.005,-1,0.0020000000004074536,BACKFILL_AUTO
2026-05-23 10:31:14,1779532274,BOOM900,9475.001,-1,0.003999999998995918,BACKFILL_AUTO
2026-05-23 10:31:15,1779532275,BOOM900,9474.996,-1,0.005000000001018634,BACKFILL_AUTO
2026-05-23 10:31:16,1779532276,BOOM900,9474.986,-1,0.00999999999839929,BACKFILL_AUTO
2026-05-23 10:31:17,1779532277,BOOM900,9474.972,-1,0.014000000001033186,BACKFILL_AUTO
2026-05-23 10:31:18,1779532278,BOOM900,9474.968,-1,0.003999999998995918,BACKFILL_AUTO
2026-05-23 10:31:19,1779532279,BOOM900,9474.954,-1,0.014000000001033186,BACKFILL_AUTO
2026-05-23 10:31:20,1779532280,BOOM900,9474.943,-1,0.011000000000422006,BACKFILL_AUTO
2026-05-23 10:31:21,1779532281,BOOM900,9474.931,-1,0.011999999998806743,BACKFILL_AUTO
2026-05-23 10:31:22,1779532282,BOOM900,9474.913,-1,0.018000000000029104,BACKFILL_AUTO
2026-05-23 10:31:23,1779532283,BOOM900,9474.907,-1,0.006000000001222361,BACKFILL_AUTO
2026-05-23 10:31:24,1779532284,BOOM900,9474.906,-1,0.0009999999983847374,BACKFILL_AUTO
2026-05-23 10:31:25,1779532285,BOOM900,9474.889,-1,0.017000000001644366,BACKFILL_AUTO
2026-05-23 10:31:26,1779532286,BOOM900,9474.873,-1,0.01599999999962165,BACKFILL_AUTO
2026-05-23 10:31:27,1779532287,BOOM900,9474.856,-1,0.016999999999825377,BACKFILL_AUTO
2026-05-23 10:31:28,1779532288,BOOM900,9474.847,-1,0.009000000000014552,BACKFILL_AUTO
2026-05-23 10:31:29,1779532289,BOOM900,9474.842,-1,0.004999999999199645,BACKFILL_AUTO
2026-05-23 10:31:30,1779532290,BOOM900,9474.834,-1,0.007999999999810825,BACKFILL_AUTO
2026-05-23 10:31:31,1779532291,BOOM900,9474.816,-1,0.018000000000029104,BACKFILL_AUTO
2026-05-23 10:31:32,1779532292,BOOM900,9474.791,-1,0.02500000000145519,BACKFILL_AUTO
2026-05-23 10:31:33,1779532293,BOOM900,9474.781,-1,0.00999999999839929,BACKFILL_AUTO
2026-05-23 10:31:34,1779532294,BOOM900,9474.778,-1,0.0030000000006111804,BACKFILL_AUTO
2026-05-23 10:31:35,1779532295,BOOM900,9474.774,-1,0.004000000000814907,BACKFILL_AUTO
2026-05-23 10:31:36,1779532296,BOOM900,9474.769,-1,0.004999999999199645,BACKFILL_AUTO
2026-05-23 10:31:37,1779532297,BOOM900,9474.764,-1,0.005000000001018634,BACKFILL_AUTO
2026-05-23 10:31:38,1779532298,BOOM900,9474.762,-1,0.0019999999985884642,BACKFILL_AUTO
2026-05-23 10:31:39,1779532299,BOOM900,9474.757,-1,0.005000000001018634,BACKFILL_AUTO
2026-05-23 10:31:40,1779532300,BOOM900,9474.747,-1,0.010000000000218279,BACKFILL_AUTO
2026-05-23 10:31:41,1779532301,BOOM900,9474.735,-1,0.011999999998806743,BACKFILL_AUTO
2026-05-23 10:31:42,1779532302,BOOM900,9474.72,-1,0.015000000001236913,BACKFILL_AUTO
2026-05-23 10:31:43,1779532303,BOOM900,9474.698,-1,0.02199999999902502,BACKFILL_AUTO
2026-05-23 10:31:44,1779532304,BOOM900,9474.686,-1,0.012000000000625732,BACKFILL_AUTO
2026-05-23 10:31:45,1779532305,BOOM900,9474.676,-1,0.010000000000218279,BACKFILL_AUTO
2026-05-23 10:31:46,1779532306,BOOM900,9474.659,-1,0.016999999999825377,BACKFILL_AUTO
2026-05-23 10:31:47,1779532307,BOOM900,9474.652,-1,0.006999999999607098,BACKFILL_AUTO
2026-05-23 10:31:48,1779532308,BOOM900,9474.643,-1,0.009000000000014552,BACKFILL_AUTO
2026-05-23 10:31:49,1779532309,BOOM900,9474.631,-1,0.012000000000625732,BACKFILL_AUTO
2026-05-23 10:31:50,1779532310,BOOM900,9474.611,-1,0.019999999998617568,BACKFILL_AUTO
2026-05-23 10:31:51,1779532311,BOOM900,9474.609,-1,0.0020000000004074536,BACKFILL_AUTO
2026-05-23 10:31:52,1779532312,BOOM900,9474.605,-1,0.004000000000814907,BACKFILL_AUTO
2026-05-23 10:31:53,1779532313,BOOM900,9474.604,-1,0.0010000000002037268,BACKFILL_AUTO
2026-05-23 10:31:54,1779532314,BOOM900,9474.601,-1,0.002999999998792191,BACKFILL_AUTO
2026-05-23 10:31:55,1779532315,BOOM900,9474.59,-1,0.011000000000422006,BACKFILL_AUTO
2026-05-23 10:31:56,1779532316,BOOM900,9474.589,-1,0.0010000000002037268,BACKFILL_AUTO
2026-05-23 10:31:57,1779532317,BOOM900,9474.577,-1,0.012000000000625732,BACKFILL_AUTO
2026-05-23 10:31:58,1779532318,BOOM900,9474.574,-1,0.002999999998792191,BACKFILL_AUTO
2026-05-23 10:31:59,1779532319,BOOM900,9474.57,-1,0.004000000000814907,BACKFILL_AUTO
2026-05-23 10:32:00,1779532320,BOOM900,9474.566,-1,0.003999999998995918,BACKFILL_AUTO
2026-05-23 10:32:01,1779532321,BOOM900,9474.563,-1,0.0030000000006111804,BACKFILL_AUTO
2026-05-23 10:32:02,1779532322,BOOM900,9474.559,-1,0.004000000000814907,BACKFILL_AUTO
2026-05-23 10:32:03,1779532323,BOOM900,9474.526,-1,0.03299999999944703,BACKFILL_AUTO
2026-05-23 10:32:04,1779532324,BOOM900,9474.52,-1,0.0059999999994033715,BACKFILL_AUTO
2026-05-23 10:32:05,1779532325,BOOM900,9474.512,-1,0.007999999999810825,BACKFILL_AUTO
2026-05-23 10:32:06,1779532326,BOOM900,9474.494,-1,0.018000000000029104,BACKFILL_AUTO
2026-05-23 10:32:07,1779532327,BOOM900,9474.49,-1,0.004000000000814907,BACKFILL_AUTO
2026-05-23 10:32:08,1779532328,BOOM900,9474.482,-1,0.007999999999810825,BACKFILL_AUTO
2026-05-23 10:32:09,1779532329,BOOM900,9474.474,-1,0.007999999999810825,BACKFILL_AUTO
2026-05-23 10:32:10,1779532330,BOOM900,9474.462,-1,0.012000000000625732,BACKFILL_AUTO
2026-05-23 10:32:11,1779532331,BOOM900,9474.442,-1,0.020000000000436557,BACKFILL_AUTO
2026-05-23 10:32:12,1779532332,BOOM900,9474.426,-1,0.01599999999962165,BACKFILL_AUTO
2026-05-23 10:32:13,1779532333,BOOM900,9474.416,-1,0.010000000000218279,BACKFILL_AUTO
2026-05-23 10:32:14,1779532334,BOOM900,9474.411,-1,0.004999999999199645,BACKFILL_AUTO
2026-05-23 10:32:15,1779532335,BOOM900,9474.403,-1,0.007999999999810825,BACKFILL_AUTO
2026-05-23 10:32:16,1779532336,BOOM900,9474.398,-1,0.005000000001018634,BACKFILL_AUTO
2026-05-23 10:32:17,1779532337,BOOM900,9474.392,-1,0.0059999999994033715,BACKFILL_AUTO
2026-05-23 10:32:18,1779532338,BOOM900,9474.381,-1,0.011000000000422006,BACKFILL_AUTO
2026-05-23 10:32:19,1779532339,BOOM900,9474.381,0,0.0,BACKFILL_AUTO
2026-05-23 10:32:20,1779532340,BOOM900,9474.377,-1,0.003999999998995918,BACKFILL_AUTO
2026-05-23 10:32:21,1779532341,BOOM900,9474.363,-1,0.014000000001033186,BACKFILL_AUTO
2026-05-23 10:32:22,1779532342,BOOM900,9474.363,0,0.0,BACKFILL_AUTO
2026-05-23 10:32:23,1779532343,BOOM900,9474.344,-1,0.01900000000023283,BACKFILL_AUTO
2026-05-23 10:32:24,1779532344,BOOM900,9474.329,-1,0.014999999999417923,BACKFILL_AUTO
2026-05-23 10:32:25,1779532345,BOOM900,9474.299,-1,0.029999999998835847,BACKFILL_AUTO
2026-05-23 10:32:26,1779532346,BOOM900,9474.298,-1,0.0010000000002037268,BACKFILL_AUTO
2026-05-23 10:32:27,1779532347,BOOM900,9474.288,-1,0.010000000000218279,BACKFILL_AUTO
2026-05-23 10:32:28,1779532348,BOOM900,9474.28,-1,0.007999999999810825,BACKFILL_AUTO
2026-05-23 10:32:29,1779532349,BOOM900,9474.277,-1,0.0030000000006111804,BACKFILL_AUTO
2026-05-23 10:32:30,1779532350,BOOM900,9474.274,-1,0.0030000000006111804,BACKFILL_AUTO
2026-05-23 10:32:31,1779532351,BOOM900,9474.27,-1,0.003999999998995918,BACKFILL_AUTO
2026-05-23 10:32:32,1779532352,BOOM900,9474.243,-1,0.027000000000043656,BACKFILL_AUTO
2026-05-23 10:32:33,1779532353,BOOM900,9474.227,-1,0.01599999999962165,BACKFILL_AUTO
2026-05-23 10:32:34,1779532354,BOOM900,9474.209,-1,0.018000000000029104,BACKFILL_AUTO
2026-05-23 10:32:35,1779532355,BOOM900,9474.187,-1,0.02200000000084401,BACKFILL_AUTO
2026-05-23 10:32:36,1779532356,BOOM900,9474.178,-1,0.009000000000014552,BACKFILL_AUTO
2026-05-23 10:32:37,1779532357,BOOM900,9474.174,-1,0.003999999998995918,BACKFILL_AUTO
2026-05-23 10:32:38,1779532358,BOOM900,9474.171,-1,0.0030000000006111804,BACKFILL_AUTO
2026-05-23 10:32:39,1779532359,BOOM900,9474.166,-1,0.005000000001018634,BACKFILL_AUTO
2026-05-23 10:32:40,1779532360,BOOM900,9474.164,-1,0.0019999999985884642,BACKFILL_AUTO
2026-05-23 10:32:41,1779532361,BOOM900,9474.151,-1,0.01300000000082946,BACKFILL_AUTO
2026-05-23 10:32:42,1779532362,BOOM900,9474.15,-1,0.0010000000002037268,BACKFILL_AUTO
2026-05-23 10:32:43,1779532363,BOOM900,9474.136,-1,0.013999999999214197,BACKFILL_AUTO
2026-05-23 10:32:44,1779532364,BOOM900,9474.127,-1,0.009000000000014552,BACKFILL_AUTO
2026-05-23 10:32:45,1779532365,BOOM900,9474.105,-1,0.02200000000084401,BACKFILL_AUTO
2026-05-23 10:32:46,1779532366,BOOM900,9474.091,-1,0.013999999999214197,BACKFILL_AUTO
2026-05-23 10:32:47,1779532367,BOOM900,9474.078,-1,0.01300000000082946,BACKFILL_AUTO
2026-05-23 10:32:48,1779532368,BOOM900,9474.064,-1,0.013999999999214197,BACKFILL_AUTO
2026-05-23 10:32:49,1779532369,BOOM900,9474.054,-1,0.010000000000218279,BACKFILL_AUTO
2026-05-23 10:32:50,1779532370,BOOM900,9474.048,-1,0.0059999999994033715,BACKFILL_AUTO
2026-05-23 10:32:51,1779532371,BOOM900,9474.038,-1,0.010000000000218279,BACKFILL_AUTO
2026-05-23 10:32:52,1779532372,BOOM900,9474.017,-1,0.021000000000640284,BACKFILL_AUTO
2026-05-23 10:32:53,1779532373,BOOM900,9474.008,-1,0.009000000000014552,BACKFILL_AUTO
2026-05-23 10:32:54,1779532374,BOOM900,9473.993,-1,0.014999999999417923,BACKFILL_AUTO
2026-05-23 10:32:55,1779532375,BOOM900,9473.992,-1,0.0010000000002037268,BACKFILL_AUTO
2026-05-23 10:32:56,1779532376,BOOM900,9473.988,-1,0.004000000000814907,BACKFILL_AUTO
2026-05-23 10:32:57,1779532377,BOOM900,9473.969,-1,0.01900000000023283,BACKFILL_AUTO
2026-05-23 10:32:58,1779532378,BOOM900,9473.953,-1,0.01599999999962165,BACKFILL_AUTO
2026-05-23 10:32:59,1779532379,BOOM900,9473.929,-1,0.023999999999432475,BACKFILL_AUTO
2026-05-23 10:33:00,1779532380,BOOM900,9473.922,-1,0.006999999999607098,BACKFILL_AUTO
2026-05-23 10:33:01,1779532381,BOOM900,9473.889,-1,0.03300000000126602,BACKFILL_AUTO
2026-05-23 10:33:02,1779532382,BOOM900,9473.878,-1,0.010999999998603016,BACKFILL_AUTO
2026-05-23 10:33:03,1779532383,BOOM900,9473.865,-1,0.01300000000082946,BACKFILL_AUTO
2026-05-23 10:33:04,1779532384,BOOM900,9473.849,-1,0.01599999999962165,BACKFILL_AUTO
2026-05-23 10:33:05,1779532385,BOOM900,9473.842,-1,0.006999999999607098,BACKFILL_AUTO
2026-05-23 10:33:06,1779532386,BOOM900,9473.833,-1,0.009000000000014552,BACKFILL_AUTO
2026-05-23 10:33:07,1779532387,BOOM900,9473.831,-1,0.0020000000004074536,BACKFILL_AUTO
2026-05-23 10:33:08,1779532388,BOOM900,9473.818,-1,0.01300000000082946,BACKFILL_AUTO
2026-05-23 10:33:09,1779532389,BOOM900,9473.816,-1,0.0019999999985884642,BACKFILL_AUTO
2026-05-23 10:33:10,1779532390,BOOM900,9473.79,-1,0.02599999999983993,BACKFILL_AUTO
2026-05-23 10:33:11,1779532391,BOOM900,9473.778,-1,0.012000000000625732,BACKFILL_AUTO
2026-05-23 10:33:12,1779532392,BOOM900,9473.766,-1,0.012000000000625732,BACKFILL_AUTO
2026-05-23 10:33:13,1779532393,BOOM900,9473.764,-1,0.0020000000004074536,BACKFILL_AUTO
2026-05-23 10:33:14,1779532394,BOOM900,9473.748,-1,0.01599999999962165,BACKFILL_AUTO
2026-05-23 10:33:15,1779532395,BOOM900,9473.741,-1,0.006999999999607098,BACKFILL_AUTO
2026-05-23 10:33:16,1779532396,BOOM900,9473.728,-1,0.01300000000082946,BACKFILL_AUTO
2026-05-23 10:33:17,1779532397,BOOM900,9473.714,-1,0.013999999999214197,BACKFILL_AUTO
2026-05-23 10:33:18,1779532398,BOOM900,9473.698,-1,0.01599999999962165,BACKFILL_AUTO
2026-05-23 10:33:19,1779532399,BOOM900,9473.681,-1,0.016999999999825377,BACKFILL_AUTO
2026-05-23 10:33:20,1779532400,BOOM900,9473.68,-1,0.0010000000002037268,BACKFILL_AUTO
2026-05-23 10:33:21,1779532401,BOOM900,9473.674,-1,0.0059999999994033715,BACKFILL_AUTO
2026-05-23 10:33:22,1779532402,BOOM900,9473.674,0,0.0,BACKFILL_AUTO
2026-05-23 10:33:23,1779532403,BOOM900,9473.673,-1,0.0010000000002037268,BACKFILL_AUTO
2026-05-23 10:33:24,1779532404,BOOM900,9473.663,-1,0.010000000000218279,BACKFILL_AUTO
2026-05-23 10:33:25,1779532405,BOOM900,9473.641,-1,0.02200000000084401,BACKFILL_AUTO
2026-05-23 10:33:26,1779532406,BOOM900,9473.64,-1,0.0010000000002037268,BACKFILL_AUTO
2026-05-23 10:33:27,1779532407,BOOM900,9473.632,-1,0.007999999999810825,BACKFILL_AUTO
2026-05-23 10:33:28,1779532408,BOOM900,9473.619,-1,0.01299999999901047,BACKFILL_AUTO
2026-05-23 10:33:29,1779532409,BOOM900,9473.606,-1,0.01300000000082946,BACKFILL_AUTO
2026-05-23 10:33:30,1779532410,BOOM900,9473.598,-1,0.007999999999810825,BACKFILL_AUTO
2026-05-23 10:33:31,1779532411,BOOM900,9473.576,-1,0.02200000000084401,BACKFILL_AUTO
2026-05-23 10:33:32,1779532412,BOOM900,9473.566,-1,0.00999999999839929,BACKFILL_AUTO
2026-05-23 10:33:33,1779532413,BOOM900,9473.547,-1,0.01900000000023283,BACKFILL_AUTO
2026-05-23 10:33:34,1779532414,BOOM900,9473.545,-1,0.0020000000004074536,BACKFILL_AUTO
2026-05-23 10:33:35,1779532415,BOOM900,9473.521,-1,0.023999999999432475,BACKFILL_AUTO
2026-05-23 10:33:36,1779532416,BOOM900,9473.505,-1,0.01600000000144064,BACKFILL_AUTO
2026-05-23 10:33:37,1779532417,BOOM900,9473.494,-1,0.010999999998603016,BACKFILL_AUTO
2026-05-23 10:33:38,1779532418,BOOM900,9473.488,-1,0.006000000001222361,BACKFILL_AUTO
2026-05-23 10:33:39,1779532419,BOOM900,9473.487,-1,0.0010000000002037268,BACKFILL_AUTO
2026-05-23 10:33:40,1779532420,BOOM900,9473.477,-1,0.00999999999839929,BACKFILL_AUTO
2026-05-23 10:33:41,1779532421,BOOM900,9473.476,-1,0.0010000000002037268,BACKFILL_AUTO
2026-05-23 10:33:42,1779532422,BOOM900,9473.457,-1,0.01900000000023283,BACKFILL_AUTO
2026-05-23 10:33:43,1779532423,BOOM900,9473.44,-1,0.016999999999825377,BACKFILL_AUTO
2026-05-23 10:33:44,1779532424,BOOM900,9473.436,-1,0.004000000000814907,BACKFILL_AUTO
2026-05-23 10:33:45,1779532425,BOOM900,9473.427,-1,0.009000000000014552,BACKFILL_AUTO
2026-05-23 10:33:46,1779532426,BOOM900,9473.407,-1,0.020000000000436557,BACKFILL_AUTO
2026-05-23 10:33:47,1779532427,BOOM900,9473.395,-1,0.011999999998806743,BACKFILL_AUTO
2026-05-23 10:33:48,1779532428,BOOM900,9473.394,-1,0.0010000000002037268,BACKFILL_AUTO
2026-05-23 10:33:49,1779532429,BOOM900,9473.39,-1,0.004000000000814907,BACKFILL_AUTO
2026-05-23 10:33:50,1779532430,BOOM900,9473.376,-1,0.013999999999214197,BACKFILL_AUTO
2026-05-23 10:33:51,1779532431,BOOM900,9473.365,-1,0.011000000000422006,BACKFILL_AUTO
2026-05-23 10:33:52,1779532432,BOOM900,9473.364,-1,0.0010000000002037268,BACKFILL_AUTO
2026-05-23 10:33:53,1779532433,BOOM900,9473.362,-1,0.0020000000004074536,BACKFILL_AUTO
2026-05-23 10:33:54,1779532434,BOOM900,9473.353,-1,0.009000000000014552,BACKFILL_AUTO
2026-05-23 10:33:55,1779532435,BOOM900,9473.342,-1,0.010999999998603016,BACKFILL_AUTO
2026-05-23 10:33:56,1779532436,BOOM900,9473.323,-1,0.01900000000023283,BACKFILL_AUTO
2026-05-23 10:33:57,1779532437,BOOM900,9473.317,-1,0.006000000001222361,BACKFILL_AUTO
2026-05-23 10:33:58,1779532438,BOOM900,9473.308,-1,0.008999999998195563,BACKFILL_AUTO
2026-05-23 10:33:59,1779532439,BOOM900,9473.296,-1,0.012000000000625732,BACKFILL_AUTO
2026-05-23 10:34:00,1779532440,BOOM900,9473.28,-1,0.01599999999962165,BACKFILL_AUTO
2026-05-23 10:34:01,1779532441,BOOM900,9473.276,-1,0.004000000000814907,BACKFILL_AUTO
2026-05-23 10:34:02,1779532442,BOOM900,9473.273,-1,0.0030000000006111804,BACKFILL_AUTO
2026-05-23 10:34:03,1779532443,BOOM900,9473.265,-1,0.007999999999810825,BACKFILL_AUTO
2026-05-23 10:34:04,1779532444,BOOM900,9473.252,-1,0.01299999999901047,BACKFILL_AUTO
2026-05-23 10:34:05,1779532445,BOOM900,9473.245,-1,0.006999999999607098,BACKFILL_AUTO
2026-05-23 10:34:06,1779532446,BOOM900,9473.244,-1,0.0010000000002037268,BACKFILL_AUTO
2026-05-23 10:34:07,1779532447,BOOM900,9473.229,-1,0.015000000001236913,BACKFILL_AUTO
2026-05-23 10:34:08,1779532448,BOOM900,9473.222,-1,0.006999999999607098,BACKFILL_AUTO
2026-05-23 10:34:09,1779532449,BOOM900,9473.221,-1,0.0010000000002037268,BACKFILL_AUTO
2026-05-23 10:34:10,1779532450,BOOM900,9473.209,-1,0.011999999998806743,BACKFILL_AUTO
2026-05-23 10:34:11,1779532451,BOOM900,9473.198,-1,0.011000000000422006,BACKFILL_AUTO
2026-05-23 10:34:12,1779532452,BOOM900,9473.187,-1,0.011000000000422006,BACKFILL_AUTO
2026-05-23 10:34:13,1779532453,BOOM900,9473.169,-1,0.018000000000029104,BACKFILL_AUTO
2026-05-23 10:34:14,1779532454,BOOM900,9473.168,-1,0.0010000000002037268,BACKFILL_AUTO
2026-05-23 10:34:15,1779532455,BOOM900,9473.145,-1,0.02299999999922875,BACKFILL_AUTO
2026-05-23 10:34:16,1779532456,BOOM900,9473.139,-1,0.006000000001222361,BACKFILL_AUTO
2026-05-23 10:34:17,1779532457,BOOM900,9473.139,0,0.0,BACKFILL_AUTO
2026-05-23 10:34:18,1779532458,BOOM900,9473.138,-1,0.0009999999983847374,BACKFILL_AUTO
2026-05-23 10:34:19,1779532459,BOOM900,9473.125,-1,0.01300000000082946,BACKFILL_AUTO
2026-05-23 10:34:20,1779532460,BOOM900,9473.106,-1,0.01900000000023283,BACKFILL_AUTO
2026-05-23 10:34:21,1779532461,BOOM900,9473.104,-1,0.0020000000004074536,BACKFILL_AUTO
2026-05-23 10:34:22,1779532462,BOOM900,9473.103,-1,0.0010000000002037268,BACKFILL_AUTO
2026-05-23 10:34:23,1779532463,BOOM900,9473.094,-1,0.009000000000014552,BACKFILL_AUTO
2026-05-23 10:34:24,1779532464,BOOM900,9473.065,-1,0.02899999999863212,BACKFILL_AUTO
2026-05-23 10:34:25,1779532465,BOOM900,9473.058,-1,0.006999999999607098,BACKFILL_AUTO
2026-05-23 10:34:26,1779532466,BOOM900,9473.052,-1,0.006000000001222361,BACKFILL_AUTO
2026-05-23 10:34:27,1779532467,BOOM900,9473.043,-1,0.009000000000014552,BACKFILL_AUTO
2026-05-23 10:34:28,1779532468,BOOM900,9473.017,-1,0.02599999999983993,BACKFILL_AUTO
2026-05-23 10:34:29,1779532469,BOOM900,9473.004,-1,0.01299999999901047,BACKFILL_AUTO
2026-05-23 10:34:30,1779532470,BOOM900,9472.998,-1,0.006000000001222361,BACKFILL_AUTO
2026-05-23 10:34:31,1779532471,BOOM900,9472.979,-1,0.01900000000023283,BACKFILL_AUTO
2026-05-23 10:34:32,1779532472,BOOM900,9472.973,-1,0.0059999999994033715,BACKFILL_AUTO
2026-05-23 10:34:33,1779532473,BOOM900,9472.971,-1,0.0020000000004074536,BACKFILL_AUTO
2026-05-23 10:34:34,1779532474,BOOM900,9472.954,-1,0.016999999999825377,BACKFILL_AUTO
2026-05-23 10:34:35,1779532475,BOOM900,9472.947,-1,0.006999999999607098,BACKFILL_AUTO
2026-05-23 10:34:36,1779532476,BOOM900,9472.947,0,0.0,BACKFILL_AUTO
2026-05-23 10:34:37,1779532477,BOOM900,9472.941,-1,0.0059999999994033715,BACKFILL_AUTO
2026-05-23 10:34:38,1779532478,BOOM900,9472.936,-1,0.005000000001018634,BACKFILL_AUTO
2026-05-23 10:34:39,1779532479,BOOM900,9472.931,-1,0.004999999999199645,BACKFILL_AUTO
2026-05-23 10:34:40,1779532480,BOOM900,9472.92,-1,0.011000000000422006,BACKFILL_AUTO
2026-05-23 10:34:41,1779532481,BOOM900,9472.919,-1,0.0010000000002037268,BACKFILL_AUTO
2026-05-23 10:34:42,1779532482,BOOM900,9472.91,-1,0.009000000000014552,BACKFILL_AUTO
2026-05-23 10:34:43,1779532483,BOOM900,9472.903,-1,0.006999999999607098,BACKFILL_AUTO
2026-05-23 10:34:44,1779532484,BOOM900,9472.9,-1,0.0030000000006111804,BACKFILL_AUTO
2026-05-23 10:34:45,1779532485,BOOM900,9472.899,-1,0.0010000000002037268,BACKFILL_AUTO
2026-05-23 10:34:46,1779532486,BOOM900,9472.888,-1,0.010999999998603016,BACKFILL_AUTO
2026-05-23 10:34:47,1779532487,BOOM900,9472.88,-1,0.008000000001629815,BACKFILL_AUTO
2026-05-23 10:34:48,1779532488,BOOM900,9472.862,-1,0.018000000000029104,BACKFILL_AUTO
2026-05-23 10:34:49,1779532489,BOOM900,9472.843,-1,0.01899999999841384,BACKFILL_AUTO
2026-05-23 10:34:50,1779532490,BOOM900,9472.831,-1,0.012000000000625732,BACKFILL_AUTO
2026-05-23 10:34:51,1779532491,BOOM900,9472.825,-1,0.0059999999994033715,BACKFILL_AUTO
2026-05-23 10:34:52,1779532492,BOOM900,9472.817,-1,0.008000000001629815,BACKFILL_AUTO
2026-05-23 10:34:53,1779532493,BOOM900,9472.811,-1,0.0059999999994033715,BACKFILL_AUTO
2026-05-23 10:34:54,1779532494,BOOM900,9472.809,-1,0.0020000000004074536,BACKFILL_AUTO
2026-05-23 10:34:55,1779532495,BOOM900,9472.792,-1,0.016999999999825377,BACKFILL_AUTO
2026-05-23 10:34:56,1779532496,BOOM900,9472.78,-1,0.011999999998806743,BACKFILL_AUTO
2026-05-23 10:34:57,1779532497,BOOM900,9472.777,-1,0.0030000000006111804,BACKFILL_AUTO
2026-05-23 10:34:58,1779532498,BOOM900,9472.761,-1,0.01599999999962165,BACKFILL_AUTO
2026-05-23 10:34:59,1779532499,BOOM900,9472.754,-1,0.006999999999607098,BACKFILL_AUTO
2026-05-23 10:35:00,1779532500,BOOM900,9472.751,-1,0.0030000000006111804,BACKFILL_AUTO
2026-05-23 10:35:01,1779532501,BOOM900,9472.737,-1,0.014000000001033186,BACKFILL_AUTO
2026-05-23 10:35:02,1779532502,BOOM900,9472.73,-1,0.006999999999607098,BACKFILL_AUTO
2026-05-23 10:35:03,1779532503,BOOM900,9472.727,-1,0.002999999998792191,BACKFILL_AUTO
2026-05-23 10:35:04,1779532504,BOOM900,9472.726,-1,0.0010000000002037268,BACKFILL_AUTO
2026-05-23 10:35:05,1779532505,BOOM900,9472.708,-1,0.018000000000029104,BACKFILL_AUTO
2026-05-23 10:35:06,1779532506,BOOM900,9472.7,-1,0.007999999999810825,BACKFILL_AUTO
2026-05-23 10:35:07,1779532507,BOOM900,9472.682,-1,0.018000000000029104,BACKFILL_AUTO
2026-05-23 10:35:08,1779532508,BOOM900,9472.659,-1,0.023000000001047738,BACKFILL_AUTO
2026-05-23 10:35:09,1779532509,BOOM900,9472.656,-1,0.002999999998792191,BACKFILL_AUTO
2026-05-23 10:35:10,1779532510,BOOM900,9472.651,-1,0.005000000001018634,BACKFILL_AUTO
2026-05-23 10:35:11,1779532511,BOOM900,9472.644,-1,0.006999999999607098,BACKFILL_AUTO
2026-05-23 10:35:12,1779532512,BOOM900,9472.637,-1,0.006999999999607098,BACKFILL_AUTO
2026-05-23 10:35:13,1779532513,BOOM900,9472.631,-1,0.006000000001222361,BACKFILL_AUTO
2026-05-23 10:35:14,1779532514,BOOM900,9472.63,-1,0.0010000000002037268,BACKFILL_AUTO
2026-05-23 10:35:15,1779532515,BOOM900,9472.62,-1,0.00999999999839929,BACKFILL_AUTO
2026-05-23 10:35:16,1779532516,BOOM900,9472.604,-1,0.01600000000144064,BACKFILL_AUTO
2026-05-23 10:35:17,1779532517,BOOM900,9472.596,-1,0.007999999999810825,BACKFILL_AUTO
2026-05-23 10:35:18,1779532518,BOOM900,9472.584,-1,0.011999999998806743,BACKFILL_AUTO
2026-05-23 10:35:19,1779532519,BOOM900,9472.573,-1,0.011000000000422006,BACKFILL_AUTO
2026-05-23 10:35:20,1779532520,BOOM900,9472.561,-1,0.012000000000625732,BACKFILL_AUTO
2026-05-23 10:35:21,1779532521,BOOM900,9472.556,-1,0.004999999999199645,BACKFILL_AUTO
2026-05-23 10:35:22,1779532522,BOOM900,9472.543,-1,0.01300000000082946,BACKFILL_AUTO
2026-05-23 10:35:23,1779532523,BOOM900,9472.54,-1,0.002999999998792191,BACKFILL_AUTO
2026-05-23 10:35:24,1779532524,BOOM900,9472.527,-1,0.01300000000082946,BACKFILL_AUTO
2026-05-23 10:35:25,1779532525,BOOM900,9472.526,-1,0.0010000000002037268,BACKFILL_AUTO
2026-05-23 10:35:26,1779532526,BOOM900,9472.496,-1,0.030000000000654836,BACKFILL_AUTO
2026-05-23 10:35:27,1779532527,BOOM900,9472.489,-1,0.006999999999607098,BACKFILL_AUTO
2026-05-23 10:35:28,1779532528,BOOM900,9472.475,-1,0.013999999999214197,BACKFILL_AUTO
2026-05-23 10:35:29,1779532529,BOOM900,9472.475,0,0.0,BACKFILL_AUTO
2026-05-23 10:35:30,1779532530,BOOM900,9472.46,-1,0.015000000001236913,BACKFILL_AUTO
2026-05-23 10:35:31,1779532531,BOOM900,9472.453,-1,0.006999999999607098,BACKFILL_AUTO
2026-05-23 10:35:32,1779532532,BOOM900,9472.444,-1,0.009000000000014552,BACKFILL_AUTO
2026-05-23 10:35:33,1779532533,BOOM900,9472.429,-1,0.014999999999417923,BACKFILL_AUTO
2026-05-23 10:35:34,1779532534,BOOM900,9472.424,-1,0.004999999999199645,BACKFILL_AUTO
2026-05-23 10:35:35,1779532535,BOOM900,9472.405,-1,0.01900000000023283,BACKFILL_AUTO
2026-05-23 10:35:36,1779532536,BOOM900,9472.395,-1,0.010000000000218279,BACKFILL_AUTO
2026-05-23 10:35:37,1779532537,BOOM900,9472.373,-1,0.02200000000084401,BACKFILL_AUTO
2026-05-23 10:35:38,1779532538,BOOM900,9472.361,-1,0.011999999998806743,BACKFILL_AUTO
2026-05-23 10:35:39,1779532539,BOOM900,9472.359,-1,0.0020000000004074536,BACKFILL_AUTO
2026-05-23 10:35:40,1779532540,BOOM900,9472.353,-1,0.006000000001222361,BACKFILL_AUTO
2026-05-23 10:35:41,1779532541,BOOM900,9472.343,-1,0.00999999999839929,BACKFILL_AUTO
2026-05-23 10:35:42,1779532542,BOOM900,9472.34,-1,0.0030000000006111804,BACKFILL_AUTO
2026-05-23 10:35:43,1779532543,BOOM900,9472.327,-1,0.01300000000082946,BACKFILL_AUTO
2026-05-23 10:35:44,1779532544,BOOM900,9472.31,-1,0.016999999999825377,BACKFILL_AUTO
2026-05-23 10:35:45,1779532545,BOOM900,9472.301,-1,0.009000000000014552,BACKFILL_AUTO
2026-05-23 10:35:46,1779532546,BOOM900,9472.297,-1,0.003999999998995918,BACKFILL_AUTO
2026-05-23 10:35:47,1779532547,BOOM900,9472.288,-1,0.009000000000014552,BACKFILL_AUTO
2026-05-23 10:35:48,1779532548,BOOM900,9472.269,-1,0.01900000000023283,BACKFILL_AUTO
2026-05-23 10:35:49,1779532549,BOOM900,9472.257,-1,0.012000000000625732,BACKFILL_AUTO
2026-05-23 10:35:50,1779532550,BOOM900,9472.245,-1,0.011999999998806743,BACKFILL_AUTO
2026-05-23 10:35:51,1779532551,BOOM900,9472.21,-1,0.03500000000167347,BACKFILL_AUTO
2026-05-23 10:35:52,1779532552,BOOM900,9472.199,-1,0.010999999998603016,BACKFILL_AUTO
2026-05-23 10:35:53,1779532553,BOOM900,9472.183,-1,0.01599999999962165,BACKFILL_AUTO
2026-05-23 10:35:54,1779532554,BOOM900,9472.174,-1,0.009000000000014552,BACKFILL_AUTO
2026-05-23 10:35:55,1779532555,BOOM900,9472.156,-1,0.018000000000029104,BACKFILL_AUTO
2026-05-23 10:35:56,1779532556,BOOM900,9472.147,-1,0.009000000000014552,BACKFILL_AUTO
2026-05-23 10:35:57,1779532557,BOOM900,9472.145,-1,0.0020000000004074536,BACKFILL_AUTO
2026-05-23 10:35:58,1779532558,BOOM900,9472.136,-1,0.009000000000014552,BACKFILL_AUTO
2026-05-23 10:35:59,1779532559,BOOM900,9472.132,-1,0.004000000000814907,BACKFILL_AUTO
2026-05-23 10:36:00,1779532560,BOOM900,9472.117,-1,0.014999999999417923,BACKFILL_AUTO
2026-05-23 10:36:01,1779532561,BOOM900,9472.106,-1,0.011000000000422006,BACKFILL_AUTO
2026-05-23 10:36:02,1779532562,BOOM900,9472.104,-1,0.0020000000004074536,BACKFILL_AUTO
2026-05-23 10:36:03,1779532563,BOOM900,9472.084,-1,0.019999999998617568,BACKFILL_AUTO
2026-05-23 10:36:04,1779532564,BOOM900,9472.083,-1,0.0010000000002037268,BACKFILL_AUTO
2026-05-23 10:36:05,1779532565,BOOM900,9472.066,-1,0.016999999999825377,BACKFILL_AUTO
2026-05-23 10:36:06,1779532566,BOOM900,9472.043,-1,0.023000000001047738,BACKFILL_AUTO
2026-05-23 10:36:07,1779532567,BOOM900,9472.03,-1,0.01299999999901047,BACKFILL_AUTO
2026-05-23 10:36:08,1779532568,BOOM900,9472.024,-1,0.006000000001222361,BACKFILL_AUTO
2026-05-23 10:36:09,1779532569,BOOM900,9472.015,-1,0.009000000000014552,BACKFILL_AUTO
2026-05-23 10:36:10,1779532570,BOOM900,9472.013,-1,0.0019999999985884642,BACKFILL_AUTO
2026-05-23 10:36:11,1779532571,BOOM900,9472.002,-1,0.011000000000422006,BACKFILL_AUTO
2026-05-23 10:36:12,1779532572,BOOM900,9471.997,-1,0.005000000001018634,BACKFILL_AUTO
2026-05-23 10:36:13,1779532573,BOOM900,9471.987,-1,0.010000000000218279,BACKFILL_AUTO
2026-05-23 10:36:14,1779532574,BOOM900,9471.974,-1,0.01299999999901047,BACKFILL_AUTO
2026-05-23 10:36:15,1779532575,BOOM900,9471.973,-1,0.0010000000002037268,BACKFILL_AUTO
2026-05-23 10:36:16,1779532576,BOOM900,9471.963,-1,0.010000000000218279,BACKFILL_AUTO
2026-05-23 10:36:17,1779532577,BOOM900,9471.956,-1,0.006999999999607098,BACKFILL_AUTO
2026-05-23 10:36:18,1779532578,BOOM900,9471.954,-1,0.0020000000004074536,BACKFILL_AUTO
2026-05-23 10:36:19,1779532579,BOOM900,9471.943,-1,0.011000000000422006,BACKFILL_AUTO
2026-05-23 10:36:20,1779532580,BOOM900,9471.924,-1,0.01899999999841384,BACKFILL_AUTO
2026-05-23 10:36:21,1779532581,BOOM900,9471.907,-1,0.017000000001644366,BACKFILL_AUTO
2026-05-23 10:36:22,1779532582,BOOM900,9471.898,-1,0.009000000000014552,BACKFILL_AUTO
2026-05-23 10:36:23,1779532583,BOOM900,9471.894,-1,0.003999999998995918,BACKFILL_AUTO
2026-05-23 10:36:24,1779532584,BOOM900,9471.879,-1,0.014999999999417923,BACKFILL_AUTO
2026-05-23 10:36:25,1779532585,BOOM900,9471.866,-1,0.01300000000082946,BACKFILL_AUTO
2026-05-23 10:36:26,1779532586,BOOM900,9471.866,0,0.0,BACKFILL_AUTO
2026-05-23 10:36:27,1779532587,BOOM900,9471.845,-1,0.021000000000640284,BACKFILL_AUTO
2026-05-23 10:36:28,1779532588,BOOM900,9471.844,-1,0.0010000000002037268,BACKFILL_AUTO
2026-05-23 10:36:29,1779532589,BOOM900,9471.842,-1,0.0019999999985884642,BACKFILL_AUTO
2026-05-23 10:36:30,1779532590,BOOM900,9471.838,-1,0.004000000000814907,BACKFILL_AUTO
2026-05-23 10:36:31,1779532591,BOOM900,9471.837,-1,0.0010000000002037268,BACKFILL_AUTO
2026-05-23 10:36:32,1779532592,BOOM900,9471.829,-1,0.007999999999810825,BACKFILL_AUTO
2026-05-23 10:36:33,1779532593,BOOM900,9471.826,-1,0.0030000000006111804,BACKFILL_AUTO
2026-05-23 10:36:34,1779532594,BOOM900,9471.817,-1,0.009000000000014552,BACKFILL_AUTO
2026-05-23 10:36:35,1779532595,BOOM900,9471.807,-1,0.00999999999839929,BACKFILL_AUTO
2026-05-23 10:36:36,1779532596,BOOM900,9471.795,-1,0.012000000000625732,BACKFILL_AUTO
2026-05-23 10:36:37,1779532597,BOOM900,9471.788,-1,0.006999999999607098,BACKFILL_AUTO
2026-05-23 10:36:38,1779532598,BOOM900,9471.775,-1,0.01300000000082946,BACKFILL_AUTO
2026-05-23 10:36:39,1779532599,BOOM900,9471.762,-1,0.01299999999901047,BACKFILL_AUTO
2026-05-23 10:36:40,1779532600,BOOM900,9471.755,-1,0.007000000001426088,BACKFILL_AUTO
2026-05-23 10:36:41,1779532601,BOOM900,9471.74,-1,0.014999999999417923,BACKFILL_AUTO
2026-05-23 10:36:42,1779532602,BOOM900,9471.723,-1,0.016999999999825377,BACKFILL_AUTO
2026-05-23 10:36:43,1779532603,BOOM900,9471.707,-1,0.01599999999962165,BACKFILL_AUTO
2026-05-23 10:36:44,1779532604,BOOM900,9471.695,-1,0.012000000000625732,BACKFILL_AUTO
2026-05-23 10:36:45,1779532605,BOOM900,9471.687,-1,0.007999999999810825,BACKFILL_AUTO
2026-05-23 10:36:46,1779532606,BOOM900,9471.666,-1,0.021000000000640284,BACKFILL_AUTO
2026-05-23 10:36:47,1779532607,BOOM900,9471.658,-1,0.007999999999810825,BACKFILL_AUTO
2026-05-23 10:36:48,1779532608,BOOM900,9471.636,-1,0.02199999999902502,BACKFILL_AUTO
2026-05-23 10:36:49,1779532609,BOOM900,9471.629,-1,0.006999999999607098,BACKFILL_AUTO
2026-05-23 10:36:50,1779532610,BOOM900,9471.624,-1,0.005000000001018634,BACKFILL_AUTO
2026-05-23 10:36:51,1779532611,BOOM900,9471.607,-1,0.016999999999825377,BACKFILL_AUTO
2026-05-23 10:36:52,1779532612,BOOM900,9471.592,-1,0.014999999999417923,BACKFILL_AUTO
2026-05-23 10:36:53,1779532613,BOOM900,9471.589,-1,0.0030000000006111804,BACKFILL_AUTO
2026-05-23 10:36:54,1779532614,BOOM900,9471.583,-1,0.0059999999994033715,BACKFILL_AUTO
2026-05-23 10:36:55,1779532615,BOOM900,9471.558,-1,0.024999999999636202,BACKFILL_AUTO
2026-05-23 10:36:56,1779532616,BOOM900,9471.558,0,0.0,BACKFILL_AUTO
2026-05-23 10:36:57,1779532617,BOOM900,9471.536,-1,0.02200000000084401,BACKFILL_AUTO
2026-05-23 10:36:58,1779532618,BOOM900,9471.509,-1,0.027000000000043656,BACKFILL_AUTO
2026-05-23 10:36:59,1779532619,BOOM900,9471.504,-1,0.004999999999199645,BACKFILL_AUTO
2026-05-23 10:37:00,1779532620,BOOM900,9471.495,-1,0.009000000000014552,BACKFILL_AUTO
2026-05-23 10:37:01,1779532621,BOOM900,9471.481,-1,0.014000000001033186,BACKFILL_AUTO
2026-05-23 10:37:02,1779532622,BOOM900,9471.481,0,0.0,BACKFILL_AUTO
2026-05-23 10:37:03,1779532623,BOOM900,9471.476,-1,0.004999999999199645,BACKFILL_AUTO
2026-05-23 10:37:04,1779532624,BOOM900,9471.467,-1,0.009000000000014552,BACKFILL_AUTO
2026-05-23 10:37:05,1779532625,BOOM900,9471.452,-1,0.015000000001236913,BACKFILL_AUTO
2026-05-23 10:37:06,1779532626,BOOM900,9471.448,-1,0.003999999998995918,BACKFILL_AUTO
2026-05-23 10:37:07,1779532627,BOOM900,9471.443,-1,0.005000000001018634,BACKFILL_AUTO
2026-05-23 10:37:08,1779532628,BOOM900,9471.437,-1,0.0059999999994033715,BACKFILL_AUTO
2026-05-23 10:37:09,1779532629,BOOM900,9471.418,-1,0.01900000000023283,BACKFILL_AUTO
2026-05-23 10:37:10,1779532630,BOOM900,9471.41,-1,0.007999999999810825,BACKFILL_AUTO
2026-05-23 10:37:11,1779532631,BOOM900,9471.38,-1,0.030000000000654836,BACKFILL_AUTO
2026-05-23 10:37:12,1779532632,BOOM900,9471.366,-1,0.013999999999214197,BACKFILL_AUTO
2026-05-23 10:37:13,1779532633,BOOM900,9471.363,-1,0.0030000000006111804,BACKFILL_AUTO
2026-05-23 10:37:14,1779532634,BOOM900,9471.349,-1,0.013999999999214197,BACKFILL_AUTO
2026-05-23 10:37:15,1779532635,BOOM900,9471.347,-1,0.0020000000004074536,BACKFILL_AUTO
2026-05-23 10:37:16,1779532636,BOOM900,9471.33,-1,0.016999999999825377,BACKFILL_AUTO
2026-05-23 10:37:17,1779532637,BOOM900,9471.302,-1,0.028000000000247383,BACKFILL_AUTO
2026-05-23 10:37:18,1779532638,BOOM900,9471.295,-1,0.006999999999607098,BACKFILL_AUTO
2026-05-23 10:37:19,1779532639,BOOM900,9471.278,-1,0.016999999999825377,BACKFILL_AUTO
2026-05-23 10:37:20,1779532640,BOOM900,9471.273,-1,0.005000000001018634,BACKFILL_AUTO
2026-05-23 10:37:21,1779532641,BOOM900,9471.26,-1,0.01299999999901047,BACKFILL_AUTO
2026-05-23 10:37:22,1779532642,BOOM900,9471.255,-1,0.005000000001018634,BACKFILL_AUTO
2026-05-23 10:37:23,1779532643,BOOM900,9471.248,-1,0.006999999999607098,BACKFILL_AUTO
2026-05-23 10:37:24,1779532644,BOOM900,9471.232,-1,0.01599999999962165,BACKFILL_AUTO
2026-05-23 10:37:25,1779532645,BOOM900,9471.224,-1,0.007999999999810825,BACKFILL_AUTO
2026-05-23 10:37:26,1779532646,BOOM900,9471.212,-1,0.012000000000625732,BACKFILL_AUTO
2026-05-23 10:37:27,1779532647,BOOM900,9471.205,-1,0.006999999999607098,BACKFILL_AUTO
2026-05-23 10:37:28,1779532648,BOOM900,9471.201,-1,0.004000000000814907,BACKFILL_AUTO
2026-05-23 10:37:29,1779532649,BOOM900,9471.178,-1,0.02299999999922875,BACKFILL_AUTO
2026-05-23 10:37:30,1779532650,BOOM900,9471.154,-1,0.023999999999432475,BACKFILL_AUTO
2026-05-23 10:37:31,1779532651,BOOM900,9471.149,-1,0.005000000001018634,BACKFILL_AUTO
2026-05-23 10:37:32,1779532652,BOOM900,9471.14,-1,0.009000000000014552,BACKFILL_AUTO
2026-05-23 10:37:33,1779532653,BOOM900,9471.128,-1,0.011999999998806743,BACKFILL_AUTO
2026-05-23 10:37:34,1779532654,BOOM900,9471.117,-1,0.011000000000422006,BACKFILL_AUTO
2026-05-23 10:37:35,1779532655,BOOM900,9471.112,-1,0.005000000001018634,BACKFILL_AUTO
2026-05-23 10:37:36,1779532656,BOOM900,9471.084,-1,0.027999999998428393,BACKFILL_AUTO
2026-05-23 10:37:37,1779532657,BOOM900,9471.083,-1,0.0010000000002037268,BACKFILL_AUTO
2026-05-23 10:37:38,1779532658,BOOM900,9471.076,-1,0.007000000001426088,BACKFILL_AUTO
2026-05-23 10:37:39,1779532659,BOOM900,9471.076,0,0.0,BACKFILL_AUTO
2026-05-23 10:37:40,1779532660,BOOM900,9471.073,-1,0.002999999998792191,BACKFILL_AUTO
2026-05-23 10:37:41,1779532661,BOOM900,9471.065,-1,0.007999999999810825,BACKFILL_AUTO
2026-05-23 10:37:42,1779532662,BOOM900,9471.058,-1,0.006999999999607098,BACKFILL_AUTO
2026-05-23 10:37:43,1779532663,BOOM900,9471.04,-1,0.018000000000029104,BACKFILL_AUTO
2026-05-23 10:37:44,1779532664,BOOM900,9471.025,-1,0.015000000001236913,BACKFILL_AUTO
2026-05-23 10:37:45,1779532665,BOOM900,9471.009,-1,0.01599999999962165,BACKFILL_AUTO
2026-05-23 10:37:46,1779532666,BOOM900,9471.008,-1,0.0010000000002037268,BACKFILL_AUTO
2026-05-23 10:37:47,1779532667,BOOM900,9470.994,-1,0.013999999999214197,BACKFILL_AUTO
2026-05-23 10:37:48,1779532668,BOOM900,9470.972,-1,0.02200000000084401,BACKFILL_AUTO
2026-05-23 10:37:49,1779532669,BOOM900,9470.956,-1,0.01599999999962165,BACKFILL_AUTO
2026-05-23 10:37:50,1779532670,BOOM900,9470.95,-1,0.0059999999994033715,BACKFILL_AUTO
2026-05-23 10:37:51,1779532671,BOOM900,9470.928,-1,0.02200000000084401,BACKFILL_AUTO
2026-05-23 10:37:52,1779532672,BOOM900,9470.91,-1,0.018000000000029104,BACKFILL_AUTO
2026-05-23 10:37:53,1779532673,BOOM900,9470.891,-1,0.01900000000023283,BACKFILL_AUTO
2026-05-23 10:37:54,1779532674,BOOM900,9470.881,-1,0.010000000000218279,BACKFILL_AUTO
2026-05-23 10:37:55,1779532675,BOOM900,9470.87,-1,0.010999999998603016,BACKFILL_AUTO
2026-05-23 10:37:56,1779532676,BOOM900,9470.848,-1,0.02200000000084401,BACKFILL_AUTO
2026-05-23 10:37:57,1779532677,BOOM900,9470.83,-1,0.018000000000029104,BACKFILL_AUTO
2026-05-23 10:37:58,1779532678,BOOM900,9470.818,-1,0.012000000000625732,BACKFILL_AUTO
2026-05-23 10:37:59,1779532679,BOOM900,9470.812,-1,0.0059999999994033715,BACKFILL_AUTO
2026-05-23 10:38:00,1779532680,BOOM900,9470.809,-1,0.0030000000006111804,BACKFILL_AUTO
2026-05-23 10:38:01,1779532681,BOOM900,9470.786,-1,0.02299999999922875,BACKFILL_AUTO
2026-05-23 10:38:02,1779532682,BOOM900,9470.779,-1,0.006999999999607098,BACKFILL_AUTO
2026-05-23 10:38:03,1779532683,BOOM900,9470.764,-1,0.015000000001236913,BACKFILL_AUTO
2026-05-23 10:38:04,1779532684,BOOM900,9470.758,-1,0.0059999999994033715,BACKFILL_AUTO
2026-05-23 10:38:05,1779532685,BOOM900,9470.75,-1,0.007999999999810825,BACKFILL_AUTO
2026-05-23 10:38:06,1779532686,BOOM900,9470.732,-1,0.018000000000029104,BACKFILL_AUTO
2026-05-23 10:38:07,1779532687,BOOM900,9470.729,-1,0.0030000000006111804,BACKFILL_AUTO
2026-05-23 10:38:08,1779532688,BOOM900,9470.725,-1,0.003999999998995918,BACKFILL_AUTO
2026-05-23 10:38:09,1779532689,BOOM900,9470.707,-1,0.018000000000029104,BACKFILL_AUTO
2026-05-23 10:38:10,1779532690,BOOM900,9470.682,-1,0.024999999999636202,BACKFILL_AUTO
2026-05-23 10:38:11,1779532691,BOOM900,9470.664,-1,0.018000000000029104,BACKFILL_AUTO
2026-05-23 10:38:12,1779532692,BOOM900,9470.654,-1,0.010000000000218279,BACKFILL_AUTO
2026-05-23 10:38:13,1779532693,BOOM900,9470.649,-1,0.005000000001018634,BACKFILL_AUTO
2026-05-23 10:38:14,1779532694,BOOM900,9470.632,-1,0.016999999999825377,BACKFILL_AUTO
2026-05-23 10:38:15,1779532695,BOOM900,9470.632,0,0.0,BACKFILL_AUTO
2026-05-23 10:38:16,1779532696,BOOM900,9470.631,-1,0.0010000000002037268,BACKFILL_AUTO
2026-05-23 10:38:17,1779532697,BOOM900,9470.616,-1,0.014999999999417923,BACKFILL_AUTO
2026-05-23 10:38:18,1779532698,BOOM900,9470.599,-1,0.016999999999825377,BACKFILL_AUTO
2026-05-23 10:38:19,1779532699,BOOM900,9470.595,-1,0.004000000000814907,BACKFILL_AUTO
2026-05-23 10:38:20,1779532700,BOOM900,9470.589,-1,0.0059999999994033715,BACKFILL_AUTO
2026-05-23 10:38:21,1779532701,BOOM900,9470.582,-1,0.006999999999607098,BACKFILL_AUTO
2026-05-23 10:38:22,1779532702,BOOM900,9470.566,-1,0.01599999999962165,BACKFILL_AUTO
2026-05-23 10:38:23,1779532703,BOOM900,9470.558,-1,0.007999999999810825,BACKFILL_AUTO
2026-05-23 10:38:24,1779532704,BOOM900,9470.544,-1,0.014000000001033186,BACKFILL_AUTO
2026-05-23 10:38:25,1779532705,BOOM900,9470.532,-1,0.012000000000625732,BACKFILL_AUTO
2026-05-23 10:38:26,1779532706,BOOM900,9470.516,-1,0.01599999999962165,BACKFILL_AUTO
2026-05-23 10:38:27,1779532707,BOOM900,9470.506,-1,0.010000000000218279,BACKFILL_AUTO
2026-05-23 10:38:28,1779532708,BOOM900,9470.483,-1,0.02299999999922875,BACKFILL_AUTO
2026-05-23 10:38:29,1779532709,BOOM900,9470.468,-1,0.014999999999417923,BACKFILL_AUTO
2026-05-23 10:38:30,1779532710,BOOM900,9470.461,-1,0.007000000001426088,BACKFILL_AUTO
2026-05-23 10:38:31,1779532711,BOOM900,9470.458,-1,0.002999999998792191,BACKFILL_AUTO
2026-05-23 10:38:32,1779532712,BOOM900,9470.442,-1,0.01600000000144064,BACKFILL_AUTO
2026-05-23 10:38:33,1779532713,BOOM900,9470.44,-1,0.0019999999985884642,BACKFILL_AUTO
2026-05-23 10:38:34,1779532714,BOOM900,9470.431,-1,0.009000000000014552,BACKFILL_AUTO
2026-05-23 10:38:35,1779532715,BOOM900,9470.421,-1,0.010000000000218279,BACKFILL_AUTO
2026-05-23 10:38:36,1779532716,BOOM900,9470.418,-1,0.0030000000006111804,BACKFILL_AUTO
2026-05-23 10:38:37,1779532717,BOOM900,9470.414,-1,0.003999999998995918,BACKFILL_AUTO
2026-05-23 10:38:38,1779532718,BOOM900,9470.409,-1,0.005000000001018634,BACKFILL_AUTO
2026-05-23 10:38:39,1779532719,BOOM900,9470.396,-1,0.01299999999901047,BACKFILL_AUTO
2026-05-23 10:38:40,1779532720,BOOM900,9470.374,-1,0.02200000000084401,BACKFILL_AUTO
2026-05-23 10:38:41,1779532721,BOOM900,9470.369,-1,0.004999999999199645,BACKFILL_AUTO
2026-05-23 10:38:42,1779532722,BOOM900,9470.356,-1,0.01300000000082946,BACKFILL_AUTO
2026-05-23 10:38:43,1779532723,BOOM900,9470.343,-1,0.01299999999901047,BACKFILL_AUTO
2026-05-23 10:38:44,1779532724,BOOM900,9470.331,-1,0.012000000000625732,BACKFILL_AUTO
2026-05-23 10:38:45,1779532725,BOOM900,9470.33,-1,0.0010000000002037268,BACKFILL_AUTO
2026-05-23 10:38:46,1779532726,BOOM900,9470.325,-1,0.004999999999199645,BACKFILL_AUTO
2026-05-23 10:38:47,1779532727,BOOM900,9470.323,-1,0.0020000000004074536,BACKFILL_AUTO
2026-05-23 10:38:48,1779532728,BOOM900,9470.314,-1,0.009000000000014552,BACKFILL_AUTO
2026-05-23 10:38:49,1779532729,BOOM900,9470.312,-1,0.0020000000004074536,BACKFILL_AUTO
2026-05-23 10:38:50,1779532730,BOOM900,9470.281,-1,0.030999999999039574,BACKFILL_AUTO
2026-05-23 10:38:51,1779532731,BOOM900,9470.266,-1,0.015000000001236913,BACKFILL_AUTO
2026-05-23 10:38:52,1779532732,BOOM900,9470.262,-1,0.003999999998995918,BACKFILL_AUTO
2026-05-23 10:38:53,1779532733,BOOM900,9470.255,-1,0.007000000001426088,BACKFILL_AUTO
2026-05-23 10:38:54,1779532734,BOOM900,9470.245,-1,0.00999999999839929,BACKFILL_AUTO
2026-05-23 10:38:55,1779532735,BOOM900,9470.233,-1,0.012000000000625732,BACKFILL_AUTO
2026-05-23 10:38:56,1779532736,BOOM900,9470.216,-1,0.016999999999825377,BACKFILL_AUTO
2026-05-23 10:38:57,1779532737,BOOM900,9470.206,-1,0.010000000000218279,BACKFILL_AUTO
2026-05-23 10:38:58,1779532738,BOOM900,9470.202,-1,0.004000000000814907,BACKFILL_AUTO
2026-05-23 10:38:59,1779532739,BOOM900,9470.195,-1,0.006999999999607098,BACKFILL_AUTO
2026-05-23 10:39:00,1779532740,BOOM900,9470.188,-1,0.006999999999607098,BACKFILL_AUTO
2026-05-23 10:39:01,1779532741,BOOM900,9470.184,-1,0.004000000000814907,BACKFILL_AUTO
2026-05-23 10:39:02,1779532742,BOOM900,9470.164,-1,0.019999999998617568,BACKFILL_AUTO
2026-05-23 10:39:03,1779532743,BOOM900,9470.151,-1,0.01300000000082946,BACKFILL_AUTO
2026-05-23 10:39:04,1779532744,BOOM900,9470.139,-1,0.012000000000625732,BACKFILL_AUTO
2026-05-23 10:39:05,1779532745,BOOM900,9470.128,-1,0.010999999998603016,BACKFILL_AUTO
2026-05-23 10:39:06,1779532746,BOOM900,9470.118,-1,0.010000000000218279,BACKFILL_AUTO
2026-05-23 10:39:07,1779532747,BOOM900,9470.101,-1,0.016999999999825377,BACKFILL_AUTO
2026-05-23 10:39:08,1779532748,BOOM900,9470.088,-1,0.01300000000082946,BACKFILL_AUTO
2026-05-23 10:39:09,1779532749,BOOM900,9470.078,-1,0.010000000000218279,BACKFILL_AUTO
2026-05-23 10:39:10,1779532750,BOOM900,9470.068,-1,0.010000000000218279,BACKFILL_AUTO
2026-05-23 10:39:11,1779532751,BOOM900,9470.057,-1,0.010999999998603016,BACKFILL_AUTO
2026-05-23 10:39:12,1779532752,BOOM900,9470.046,-1,0.011000000000422006,BACKFILL_AUTO
2026-05-23 10:39:13,1779532753,BOOM900,9470.034,-1,0.012000000000625732,BACKFILL_AUTO
2026-05-23 10:39:14,1779532754,BOOM900,9470.022,-1,0.011999999998806743,BACKFILL_AUTO
2026-05-23 10:39:15,1779532755,BOOM900,9470.021,-1,0.0010000000002037268,BACKFILL_AUTO
2026-05-23 10:39:16,1779532756,BOOM900,9470.011,-1,0.010000000000218279,BACKFILL_AUTO
2026-05-23 10:39:17,1779532757,BOOM900,9469.993,-1,0.018000000000029104,BACKFILL_AUTO
2026-05-23 10:39:18,1779532758,BOOM900,9469.981,-1,0.012000000000625732,BACKFILL_AUTO
2026-05-23 10:39:19,1779532759,BOOM900,9469.976,-1,0.004999999999199645,BACKFILL_AUTO
2026-05-23 10:39:20,1779532760,BOOM900,9469.972,-1,0.004000000000814907,BACKFILL_AUTO
2026-05-23 10:39:21,1779532761,BOOM900,9469.968,-1,0.003999999998995918,BACKFILL_AUTO
2026-05-23 10:39:22,1779532762,BOOM900,9469.957,-1,0.011000000000422006,BACKFILL_AUTO
2026-05-23 10:39:23,1779532763,BOOM900,9469.933,-1,0.023999999999432475,BACKFILL_AUTO
2026-05-23 10:39:24,1779532764,BOOM900,9469.93,-1,0.0030000000006111804,BACKFILL_AUTO
2026-05-23 10:39:25,1779532765,BOOM900,9469.92,-1,0.010000000000218279,BACKFILL_AUTO
2026-05-23 10:39:26,1779532766,BOOM900,9469.915,-1,0.004999999999199645,BACKFILL_AUTO
2026-05-23 10:39:27,1779532767,BOOM900,9469.89,-1,0.02500000000145519,BACKFILL_AUTO
2026-05-23 10:39:28,1779532768,BOOM900,9469.889,-1,0.0010000000002037268,BACKFILL_AUTO
2026-05-23 10:39:29,1779532769,BOOM900,9469.882,-1,0.006999999999607098,BACKFILL_AUTO
2026-05-23 10:39:30,1779532770,BOOM900,9469.87,-1,0.011999999998806743,BACKFILL_AUTO
2026-05-23 10:39:31,1779532771,BOOM900,9469.865,-1,0.005000000001018634,BACKFILL_AUTO
2026-05-23 10:39:32,1779532772,BOOM900,9469.857,-1,0.007999999999810825,BACKFILL_AUTO
2026-05-23 10:39:33,1779532773,BOOM900,9469.841,-1,0.01599999999962165,BACKFILL_AUTO
2026-05-23 10:39:34,1779532774,BOOM900,9469.837,-1,0.004000000000814907,BACKFILL_AUTO
2026-05-23 10:39:35,1779532775,BOOM900,9469.813,-1,0.023999999999432475,BACKFILL_AUTO
2026-05-23 10:39:36,1779532776,BOOM900,9469.808,-1,0.004999999999199645,BACKFILL_AUTO
2026-05-23 10:39:37,1779532777,BOOM900,9469.803,-1,0.005000000001018634,BACKFILL_AUTO
2026-05-23 10:39:38,1779532778,BOOM900,9469.802,-1,0.0010000000002037268,BACKFILL_AUTO
2026-05-23 10:39:39,1779532779,BOOM900,9469.794,-1,0.007999999999810825,BACKFILL_AUTO
2026-05-23 10:39:40,1779532780,BOOM900,9469.788,-1,0.0059999999994033715,BACKFILL_AUTO
2026-05-23 10:39:41,1779532781,BOOM900,9469.777,-1,0.011000000000422006,BACKFILL_AUTO
2026-05-23 10:39:42,1779532782,BOOM900,9469.754,-1,0.02299999999922875,BACKFILL_AUTO
2026-05-23 10:39:43,1779532783,BOOM900,9469.749,-1,0.005000000001018634,BACKFILL_AUTO
2026-05-23 10:39:44,1779532784,BOOM900,9469.74,-1,0.009000000000014552,BACKFILL_AUTO
2026-05-23 10:39:45,1779532785,BOOM900,9469.725,-1,0.014999999999417923,BACKFILL_AUTO
2026-05-23 10:39:46,1779532786,BOOM900,9469.709,-1,0.01599999999962165,BACKFILL_AUTO
2026-05-23 10:39:47,1779532787,BOOM900,9469.707,-1,0.0020000000004074536,BACKFILL_AUTO
2026-05-23 10:39:48,1779532788,BOOM900,9469.697,-1,0.010000000000218279,BACKFILL_AUTO
2026-05-23 10:39:49,1779532789,BOOM900,9469.691,-1,0.0059999999994033715,BACKFILL_AUTO
2026-05-23 10:39:50,1779532790,BOOM900,9469.667,-1,0.024000000001251465,BACKFILL_AUTO
2026-05-23 10:39:51,1779532791,BOOM900,9469.661,-1,0.0059999999994033715,BACKFILL_AUTO
2026-05-23 10:39:52,1779532792,BOOM900,9469.639,-1,0.02200000000084401,BACKFILL_AUTO
2026-05-23 10:39:53,1779532793,BOOM900,9469.637,-1,0.0019999999985884642,BACKFILL_AUTO
2026-05-23 10:39:54,1779532794,BOOM900,9469.632,-1,0.005000000001018634,BACKFILL_AUTO
2026-05-23 10:39:55,1779532795,BOOM900,9469.622,-1,0.010000000000218279,BACKFILL_AUTO
2026-05-23 10:39:56,1779532796,BOOM900,9469.622,0,0.0,BACKFILL_AUTO
2026-05-23 10:39:57,1779532797,BOOM900,9469.604,-1,0.018000000000029104,BACKFILL_AUTO
2026-05-23 10:39:58,1779532798,BOOM900,9469.603,-1,0.0010000000002037268,BACKFILL_AUTO
2026-05-23 10:39:59,1779532799,BOOM900,9469.602,-1,0.0009999999983847374,BACKFILL_AUTO
2026-05-23 10:40:00,1779532800,BOOM900,9469.59,-1,0.012000000000625732,BACKFILL_AUTO
2026-05-23 10:40:01,1779532801,BOOM900,9469.574,-1,0.01599999999962165,BACKFILL_AUTO
2026-05-23 10:40:02,1779532802,BOOM900,9469.564,-1,0.010000000000218279,BACKFILL_AUTO
2026-05-23 10:40:03,1779532803,BOOM900,9469.546,-1,0.018000000000029104,BACKFILL_AUTO
2026-05-23 10:40:04,1779532804,BOOM900,9469.546,0,0.0,BACKFILL_AUTO
2026-05-23 10:40:05,1779532805,BOOM900,9469.525,-1,0.021000000000640284,BACKFILL_AUTO
2026-05-23 10:40:06,1779532806,BOOM900,9469.508,-1,0.016999999999825377,BACKFILL_AUTO
2026-05-23 10:40:07,1779532807,BOOM900,9469.483,-1,0.024999999999636202,BACKFILL_AUTO
2026-05-23 10:40:08,1779532808,BOOM900,9469.482,-1,0.0010000000002037268,BACKFILL_AUTO
2026-05-23 10:40:09,1779532809,BOOM900,9469.461,-1,0.021000000000640284,BACKFILL_AUTO
2026-05-23 10:40:10,1779532810,BOOM900,9469.453,-1,0.007999999999810825,BACKFILL_AUTO
2026-05-23 10:40:11,1779532811,BOOM900,9469.452,-1,0.0010000000002037268,BACKFILL_AUTO
2026-05-23 10:40:12,1779532812,BOOM900,9469.444,-1,0.007999999999810825,BACKFILL_AUTO
2026-05-23 10:40:13,1779532813,BOOM900,9469.424,-1,0.019999999998617568,BACKFILL_AUTO
2026-05-23 10:40:14,1779532814,BOOM900,9469.408,-1,0.01600000000144064,BACKFILL_AUTO
2026-05-23 10:40:15,1779532815,BOOM900,9469.391,-1,0.016999999999825377,BACKFILL_AUTO
2026-05-23 10:40:16,1779532816,BOOM900,9469.36,-1,0.030999999999039574,BACKFILL_AUTO
2026-05-23 10:40:17,1779532817,BOOM900,9469.358,-1,0.0020000000004074536,BACKFILL_AUTO
2026-05-23 10:40:18,1779532818,BOOM900,9469.354,-1,0.004000000000814907,BACKFILL_AUTO
2026-05-23 10:40:19,1779532819,BOOM900,9469.342,-1,0.011999999998806743,BACKFILL_AUTO
2026-05-23 10:40:20,1779532820,BOOM900,9469.334,-1,0.007999999999810825,BACKFILL_AUTO
2026-05-23 10:40:21,1779532821,BOOM900,9469.332,-1,0.0020000000004074536,BACKFILL_AUTO
2026-05-23 10:40:22,1779532822,BOOM900,9469.32,-1,0.012000000000625732,BACKFILL_AUTO
2026-05-23 10:40:23,1779532823,BOOM900,9469.315,-1,0.004999999999199645,BACKFILL_AUTO
2026-05-23 10:40:24,1779532824,BOOM900,9469.31,-1,0.005000000001018634,BACKFILL_AUTO
2026-05-23 10:40:25,1779532825,BOOM900,9469.302,-1,0.007999999999810825,BACKFILL_AUTO
2026-05-23 10:40:26,1779532826,BOOM900,9469.289,-1,0.01299999999901047,BACKFILL_AUTO
2026-05-23 10:40:27,1779532827,BOOM900,9469.279,-1,0.010000000000218279,BACKFILL_AUTO
2026-05-23 10:40:28,1779532828,BOOM900,9469.27,-1,0.009000000000014552,BACKFILL_AUTO
2026-05-23 10:40:29,1779532829,BOOM900,9469.27,0,0.0,BACKFILL_AUTO
2026-05-23 10:40:30,1779532830,BOOM900,9469.263,-1,0.006999999999607098,BACKFILL_AUTO
2026-05-23 10:40:31,1779532831,BOOM900,9469.26,-1,0.0030000000006111804,BACKFILL_AUTO
2026-05-23 10:40:32,1779532832,BOOM900,9469.249,-1,0.011000000000422006,BACKFILL_AUTO
2026-05-23 10:40:33,1779532833,BOOM900,9469.237,-1,0.012000000000625732,BACKFILL_AUTO
2026-05-23 10:40:34,1779532834,BOOM900,9469.232,-1,0.004999999999199645,BACKFILL_AUTO
2026-05-23 10:40:35,1779532835,BOOM900,9469.228,-1,0.004000000000814907,BACKFILL_AUTO
2026-05-23 10:40:36,1779532836,BOOM900,9469.215,-1,0.01299999999901047,BACKFILL_AUTO
2026-05-23 10:40:37,1779532837,BOOM900,9469.195,-1,0.020000000000436557,BACKFILL_AUTO
2026-05-23 10:40:38,1779532838,BOOM900,9469.181,-1,0.013999999999214197,BACKFILL_AUTO
2026-05-23 10:40:39,1779532839,BOOM900,9469.177,-1,0.004000000000814907,BACKFILL_AUTO
2026-05-23 10:40:40,1779532840,BOOM900,9469.171,-1,0.0059999999994033715,BACKFILL_AUTO
2026-05-23 10:40:41,1779532841,BOOM900,9469.164,-1,0.006999999999607098,BACKFILL_AUTO
2026-05-23 10:40:42,1779532842,BOOM900,9469.151,-1,0.01300000000082946,BACKFILL_AUTO
2026-05-23 10:40:43,1779532843,BOOM900,9469.137,-1,0.013999999999214197,BACKFILL_AUTO
2026-05-23 10:40:44,1779532844,BOOM900,9469.115,-1,0.02200000000084401,BACKFILL_AUTO
2026-05-23 10:40:45,1779532845,BOOM900,9469.1,-1,0.014999999999417923,BACKFILL_AUTO
2026-05-23 10:40:46,1779532846,BOOM900,9469.098,-1,0.0020000000004074536,BACKFILL_AUTO
2026-05-23 10:40:47,1779532847,BOOM900,9469.081,-1,0.016999999999825377,BACKFILL_AUTO
2026-05-23 10:40:48,1779532848,BOOM900,9469.065,-1,0.01599999999962165,BACKFILL_AUTO
2026-05-23 10:40:49,1779532849,BOOM900,9469.059,-1,0.006000000001222361,BACKFILL_AUTO
2026-05-23 10:40:50,1779532850,BOOM900,9469.055,-1,0.003999999998995918,BACKFILL_AUTO
2026-05-23 10:40:51,1779532851,BOOM900,9469.044,-1,0.011000000000422006,BACKFILL_AUTO
2026-05-23 10:40:52,1779532852,BOOM900,9469.038,-1,0.0059999999994033715,BACKFILL_AUTO
2026-05-23 10:40:53,1779532853,BOOM900,9469.033,-1,0.005000000001018634,BACKFILL_AUTO
2026-05-23 10:40:54,1779532854,BOOM900,9469.014,-1,0.01900000000023283,BACKFILL_AUTO
2026-05-23 10:40:55,1779532855,BOOM900,9478.78,1,9.76600000000144,BACKFILL_AUTO
2026-05-23 10:40:56,1779532856,BOOM900,9478.773,-1,0.007000000001426088,BACKFILL_AUTO
2026-05-23 10:40:57,1779532857,BOOM900,9478.768,-1,0.004999999999199645,BACKFILL_AUTO
2026-05-23 10:40:58,1779532858,BOOM900,9478.758,-1,0.010000000000218279,BACKFILL_AUTO
2026-05-23 10:40:59,1779532859,BOOM900,9478.755,-1,0.0030000000006111804,BACKFILL_AUTO
2026-05-23 10:41:00,1779532860,BOOM900,9478.749,-1,0.0059999999994033715,BACKFILL_AUTO
2026-05-23 10:41:01,1779532861,BOOM900,9478.738,-1,0.011000000000422006,BACKFILL_AUTO
2026-05-23 10:41:02,1779532862,BOOM900,9478.72,-1,0.018000000000029104,BACKFILL_AUTO
2026-05-23 10:41:03,1779532863,BOOM900,9478.715,-1,0.004999999999199645,BACKFILL_AUTO
2026-05-23 10:41:04,1779532864,BOOM900,9478.715,0,0.0,BACKFILL_AUTO
2026-05-23 10:41:05,1779532865,BOOM900,9478.699,-1,0.01599999999962165,BACKFILL_AUTO
2026-05-23 10:41:06,1779532866,BOOM900,9478.69,-1,0.009000000000014552,BACKFILL_AUTO
2026-05-23 10:41:07,1779532867,BOOM900,9478.679,-1,0.011000000000422006,BACKFILL_AUTO
2026-05-23 10:41:08,1779532868,BOOM900,9478.665,-1,0.013999999999214197,BACKFILL_AUTO
2026-05-23 10:41:09,1779532869,BOOM900,9478.657,-1,0.008000000001629815,BACKFILL_AUTO
2026-05-23 10:41:10,1779532870,BOOM900,9478.637,-1,0.019999999998617568,BACKFILL_AUTO
2026-05-23 10:41:11,1779532871,BOOM900,9478.627,-1,0.010000000000218279,BACKFILL_AUTO
2026-05-23 10:41:12,1779532872,BOOM900,9478.621,-1,0.006000000001222361,BACKFILL_AUTO
2026-05-23 10:41:13,1779532873,BOOM900,9478.597,-1,0.023999999999432475,BACKFILL_AUTO
2026-05-23 10:41:14,1779532874,BOOM900,9478.589,-1,0.007999999999810825,BACKFILL_AUTO
2026-05-23 10:41:15,1779532875,BOOM900,9478.58,-1,0.009000000000014552,BACKFILL_AUTO
2026-05-23 10:41:16,1779532876,BOOM900,9478.578,-1,0.0020000000004074536,BACKFILL_AUTO
2026-05-23 10:41:17,1779532877,BOOM900,9478.558,-1,0.019999999998617568,BACKFILL_AUTO
2026-05-23 10:41:18,1779532878,BOOM900,9478.556,-1,0.0020000000004074536,BACKFILL_AUTO
2026-05-23 10:41:19,1779532879,BOOM900,9478.546,-1,0.010000000000218279,BACKFILL_AUTO
2026-05-23 10:41:20,1779532880,BOOM900,9478.536,-1,0.010000000000218279,BACKFILL_AUTO
2026-05-23 10:41:21,1779532881,BOOM900,9478.529,-1,0.006999999999607098,BACKFILL_AUTO
2026-05-23 10:41:22,1779532882,BOOM900,9478.526,-1,0.0030000000006111804,BACKFILL_AUTO
2026-05-23 10:41:23,1779532883,BOOM900,9478.524,-1,0.0020000000004074536,BACKFILL_AUTO
2026-05-23 10:41:24,1779532884,BOOM900,9478.511,-1,0.01299999999901047,BACKFILL_AUTO
2026-05-23 10:41:25,1779532885,BOOM900,9478.51,-1,0.0010000000002037268,BACKFILL_AUTO
2026-05-23 10:41:26,1779532886,BOOM900,9478.493,-1,0.016999999999825377,BACKFILL_AUTO
2026-05-23 10:41:27,1779532887,BOOM900,9478.483,-1,0.010000000000218279,BACKFILL_AUTO
2026-05-23 10:41:28,1779532888,BOOM900,9478.475,-1,0.007999999999810825,BACKFILL_AUTO
2026-05-23 10:41:29,1779532889,BOOM900,9478.473,-1,0.0020000000004074536,BACKFILL_AUTO
2026-05-23 10:41:30,1779532890,BOOM900,9478.473,0,0.0,BACKFILL_AUTO
2026-05-23 10:41:31,1779532891,BOOM900,9478.469,-1,0.004000000000814907,BACKFILL_AUTO
2026-05-23 10:41:32,1779532892,BOOM900,9478.456,-1,0.01299999999901047,BACKFILL_AUTO
2026-05-23 10:41:33,1779532893,BOOM900,9478.438,-1,0.018000000000029104,BACKFILL_AUTO
2026-05-23 10:41:34,1779532894,BOOM900,9478.431,-1,0.006999999999607098,BACKFILL_AUTO
2026-05-23 10:41:35,1779532895,BOOM900,9478.419,-1,0.012000000000625732,BACKFILL_AUTO
2026-05-23 10:41:36,1779532896,BOOM900,9478.41,-1,0.009000000000014552,BACKFILL_AUTO
2026-05-23 10:41:37,1779532897,BOOM900,9478.386,-1,0.023999999999432475,BACKFILL_AUTO
2026-05-23 10:41:38,1779532898,BOOM900,9478.379,-1,0.006999999999607098,BACKFILL_AUTO
2026-05-23 10:41:39,1779532899,BOOM900,9478.363,-1,0.01600000000144064,BACKFILL_AUTO
2026-05-23 10:41:40,1779532900,BOOM900,9478.36,-1,0.002999999998792191,BACKFILL_AUTO
2026-05-23 10:41:41,1779532901,BOOM900,9478.346,-1,0.014000000001033186,BACKFILL_AUTO
2026-05-23 10:41:42,1779532902,BOOM900,9478.329,-1,0.016999999999825377,BACKFILL_AUTO
2026-05-23 10:41:43,1779532903,BOOM900,9478.322,-1,0.006999999999607098,BACKFILL_AUTO
2026-05-23 10:41:44,1779532904,BOOM900,9478.316,-1,0.0059999999994033715,BACKFILL_AUTO
2026-05-23 10:41:45,1779532905,BOOM900,9478.309,-1,0.007000000001426088,BACKFILL_AUTO
2026-05-23 10:41:46,1779532906,BOOM900,9478.303,-1,0.0059999999994033715,BACKFILL_AUTO
2026-05-23 10:41:47,1779532907,BOOM900,9478.296,-1,0.006999999999607098,BACKFILL_AUTO
2026-05-23 10:41:48,1779532908,BOOM900,9478.29,-1,0.0059999999994033715,BACKFILL_AUTO
2026-05-23 10:41:49,1779532909,BOOM900,9478.276,-1,0.014000000001033186,BACKFILL_AUTO
2026-05-23 10:41:50,1779532910,BOOM900,9478.271,-1,0.004999999999199645,BACKFILL_AUTO
2026-05-23 10:41:51,1779532911,BOOM900,9478.254,-1,0.016999999999825377,BACKFILL_AUTO
2026-05-23 10:41:52,1779532912,BOOM900,9478.244,-1,0.010000000000218279,BACKFILL_AUTO
2026-05-23 10:41:53,1779532913,BOOM900,9478.225,-1,0.01900000000023283,BACKFILL_AUTO
2026-05-23 10:41:54,1779532914,BOOM900,9478.209,-1,0.01599999999962165,BACKFILL_AUTO
2026-05-23 10:41:55,1779532915,BOOM900,9478.2,-1,0.009000000000014552,BACKFILL_AUTO
2026-05-23 10:41:56,1779532916,BOOM900,9478.184,-1,0.01600000000144064,BACKFILL_AUTO
2026-05-23 10:41:57,1779532917,BOOM900,9478.167,-1,0.016999999999825377,BACKFILL_AUTO
2026-05-23 10:41:58,1779532918,BOOM900,9478.155,-1,0.011999999998806743,BACKFILL_AUTO
2026-05-23 10:41:59,1779532919,BOOM900,9478.151,-1,0.004000000000814907,BACKFILL_AUTO
2026-05-23 10:42:00,1779532920,BOOM900,9478.148,-1,0.0030000000006111804,BACKFILL_AUTO
2026-05-23 10:42:01,1779532921,BOOM900,9478.137,-1,0.010999999998603016,BACKFILL_AUTO
2026-05-23 10:42:02,1779532922,BOOM900,9478.119,-1,0.018000000000029104,BACKFILL_AUTO
2026-05-23 10:42:03,1779532923,BOOM900,9478.104,-1,0.015000000001236913,BACKFILL_AUTO
2026-05-23 10:42:04,1779532924,BOOM900,9478.098,-1,0.0059999999994033715,BACKFILL_AUTO
2026-05-23 10:42:05,1779532925,BOOM900,9478.092,-1,0.0059999999994033715,BACKFILL_AUTO
2026-05-23 10:42:06,1779532926,BOOM900,9478.077,-1,0.015000000001236913,BACKFILL_AUTO
2026-05-23 10:42:07,1779532927,BOOM900,9478.056,-1,0.020999999998821295,BACKFILL_AUTO
2026-05-23 10:42:08,1779532928,BOOM900,9478.045,-1,0.011000000000422006,BACKFILL_AUTO
2026-05-23 10:42:09,1779532929,BOOM900,9478.042,-1,0.0030000000006111804,BACKFILL_AUTO
2026-05-23 10:42:10,1779532930,BOOM900,9478.027,-1,0.014999999999417923,BACKFILL_AUTO
2026-05-23 10:42:11,1779532931,BOOM900,9478.014,-1,0.01300000000082946,BACKFILL_AUTO
2026-05-23 10:42:12,1779532932,BOOM900,9478.011,-1,0.002999999998792191,BACKFILL_AUTO
2026-05-23 10:42:13,1779532933,BOOM900,9478.006,-1,0.005000000001018634,BACKFILL_AUTO
2026-05-23 10:42:14,1779532934,BOOM900,9477.992,-1,0.013999999999214197,BACKFILL_AUTO
2026-05-23 10:42:15,1779532935,BOOM900,9477.976,-1,0.01599999999962165,BACKFILL_AUTO
2026-05-23 10:42:16,1779532936,BOOM900,9477.966,-1,0.010000000000218279,BACKFILL_AUTO
2026-05-23 10:42:17,1779532937,BOOM900,9477.949,-1,0.016999999999825377,BACKFILL_AUTO
2026-05-23 10:42:18,1779532938,BOOM900,9477.94,-1,0.009000000000014552,BACKFILL_AUTO
2026-05-23 10:42:19,1779532939,BOOM900,9477.931,-1,0.009000000000014552,BACKFILL_AUTO
2026-05-23 10:42:20,1779532940,BOOM900,9477.923,-1,0.007999999999810825,BACKFILL_AUTO
2026-05-23 10:42:21,1779532941,BOOM900,9477.917,-1,0.006000000001222361,BACKFILL_AUTO
2026-05-23 10:42:22,1779532942,BOOM900,9477.902,-1,0.014999999999417923,BACKFILL_AUTO
2026-05-23 10:42:23,1779532943,BOOM900,9477.891,-1,0.011000000000422006,BACKFILL_AUTO
2026-05-23 10:42:24,1779532944,BOOM900,9477.873,-1,0.018000000000029104,BACKFILL_AUTO
2026-05-23 10:42:25,1779532945,BOOM900,9477.868,-1,0.004999999999199645,BACKFILL_AUTO
2026-05-23 10:42:26,1779532946,BOOM900,9477.848,-1,0.020000000000436557,BACKFILL_AUTO
2026-05-23 10:42:27,1779532947,BOOM900,9477.832,-1,0.01599999999962165,BACKFILL_AUTO
2026-05-23 10:42:28,1779532948,BOOM900,9477.81,-1,0.02200000000084401,BACKFILL_AUTO
2026-05-23 10:42:29,1779532949,BOOM900,9477.799,-1,0.010999999998603016,BACKFILL_AUTO
2026-05-23 10:42:30,1779532950,BOOM900,9477.776,-1,0.023000000001047738,BACKFILL_AUTO
2026-05-23 10:42:31,1779532951,BOOM900,9477.761,-1,0.014999999999417923,BACKFILL_AUTO
2026-05-23 10:42:32,1779532952,BOOM900,9477.75,-1,0.011000000000422006,BACKFILL_AUTO
2026-05-23 10:42:33,1779532953,BOOM900,9477.731,-1,0.01900000000023283,BACKFILL_AUTO
2026-05-23 10:42:34,1779532954,BOOM900,9477.725,-1,0.0059999999994033715,BACKFILL_AUTO
2026-05-23 10:42:35,1779532955,BOOM900,9477.714,-1,0.011000000000422006,BACKFILL_AUTO
2026-05-23 10:42:36,1779532956,BOOM900,9477.707,-1,0.006999999999607098,BACKFILL_AUTO
2026-05-23 10:42:37,1779532957,BOOM900,9477.699,-1,0.007999999999810825,BACKFILL_AUTO
2026-05-23 10:42:38,1779532958,BOOM900,9477.69,-1,0.009000000000014552,BACKFILL_AUTO
2026-05-23 10:42:39,1779532959,BOOM900,9477.687,-1,0.0030000000006111804,BACKFILL_AUTO
2026-05-23 10:42:40,1779532960,BOOM900,9477.685,-1,0.0020000000004074536,BACKFILL_AUTO
2026-05-23 10:42:41,1779532961,BOOM900,9477.681,-1,0.003999999998995918,BACKFILL_AUTO
2026-05-23 10:42:42,1779532962,BOOM900,9477.677,-1,0.004000000000814907,BACKFILL_AUTO
2026-05-23 10:42:43,1779532963,BOOM900,9477.656,-1,0.020999999998821295,BACKFILL_AUTO
2026-05-23 10:42:44,1779532964,BOOM900,9477.648,-1,0.008000000001629815,BACKFILL_AUTO
2026-05-23 10:42:45,1779532965,BOOM900,9477.637,-1,0.010999999998603016,BACKFILL_AUTO
2026-05-23 10:42:46,1779532966,BOOM900,9477.626,-1,0.011000000000422006,BACKFILL_AUTO
2026-05-23 10:42:47,1779532967,BOOM900,9477.618,-1,0.007999999999810825,BACKFILL_AUTO
2026-05-23 10:42:48,1779532968,BOOM900,9477.616,-1,0.0020000000004074536,BACKFILL_AUTO
2026-05-23 10:42:49,1779532969,BOOM900,9477.599,-1,0.016999999999825377,BACKFILL_AUTO
2026-05-23 10:42:50,1779532970,BOOM900,9477.577,-1,0.02200000000084401,BACKFILL_AUTO
2026-05-23 10:42:51,1779532971,BOOM900,9477.564,-1,0.01299999999901047,BACKFILL_AUTO
2026-05-23 10:42:52,1779532972,BOOM900,9477.543,-1,0.021000000000640284,BACKFILL_AUTO
2026-05-23 10:42:53,1779532973,BOOM900,9477.538,-1,0.004999999999199645,BACKFILL_AUTO
2026-05-23 10:42:54,1779532974,BOOM900,9477.521,-1,0.016999999999825377,BACKFILL_AUTO
2026-05-23 10:42:55,1779532975,BOOM900,9477.519,-1,0.0020000000004074536,BACKFILL_AUTO
2026-05-23 10:42:56,1779532976,BOOM900,9477.503,-1,0.01599999999962165,BACKFILL_AUTO
2026-05-23 10:42:57,1779532977,BOOM900,9477.497,-1,0.006000000001222361,BACKFILL_AUTO
2026-05-23 10:42:58,1779532978,BOOM900,9477.482,-1,0.014999999999417923,BACKFILL_AUTO
2026-05-23 10:42:59,1779532979,BOOM900,9477.482,0,0.0,BACKFILL_AUTO
2026-05-23 10:43:00,1779532980,BOOM900,9477.475,-1,0.006999999999607098,BACKFILL_AUTO
2026-05-23 10:43:01,1779532981,BOOM900,9477.468,-1,0.006999999999607098,BACKFILL_AUTO
2026-05-23 10:43:02,1779532982,BOOM900,9477.454,-1,0.014000000001033186,BACKFILL_AUTO
2026-05-23 10:43:03,1779532983,BOOM900,9477.437,-1,0.016999999999825377,BACKFILL_AUTO
2026-05-23 10:43:04,1779532984,BOOM900,9477.427,-1,0.010000000000218279,BACKFILL_AUTO
2026-05-23 10:43:05,1779532985,BOOM900,9477.418,-1,0.009000000000014552,BACKFILL_AUTO
2026-05-23 10:43:06,1779532986,BOOM900,9477.406,-1,0.011999999998806743,BACKFILL_AUTO
2026-05-23 10:43:07,1779532987,BOOM900,9477.402,-1,0.004000000000814907,BACKFILL_AUTO
2026-05-23 10:43:08,1779532988,BOOM900,9477.378,-1,0.023999999999432475,BACKFILL_AUTO
2026-05-23 10:43:09,1779532989,BOOM900,9477.361,-1,0.016999999999825377,BACKFILL_AUTO
2026-05-23 10:43:10,1779532990,BOOM900,9477.351,-1,0.010000000000218279,BACKFILL_AUTO
2026-05-23 10:43:11,1779532991,BOOM900,9477.351,0,0.0,BACKFILL_AUTO
2026-05-23 10:43:12,1779532992,BOOM900,9477.345,-1,0.006000000001222361,BACKFILL_AUTO
2026-05-23 10:43:13,1779532993,BOOM900,9477.336,-1,0.009000000000014552,BACKFILL_AUTO
2026-05-23 10:43:14,1779532994,BOOM900,9477.332,-1,0.003999999998995918,BACKFILL_AUTO
2026-05-23 10:43:15,1779532995,BOOM900,9477.329,-1,0.0030000000006111804,BACKFILL_AUTO
2026-05-23 10:43:16,1779532996,BOOM900,9477.306,-1,0.02299999999922875,BACKFILL_AUTO
2026-05-23 10:43:17,1779532997,BOOM900,9477.286,-1,0.020000000000436557,BACKFILL_AUTO
2026-05-23 10:43:18,1779532998,BOOM900,9477.279,-1,0.006999999999607098,BACKFILL_AUTO
2026-05-23 10:43:19,1779532999,BOOM900,9477.276,-1,0.0030000000006111804,BACKFILL_AUTO
2026-05-23 10:43:20,1779533000,BOOM900,9477.263,-1,0.01299999999901047,BACKFILL_AUTO
2026-05-23 10:43:21,1779533001,BOOM900,9477.248,-1,0.015000000001236913,BACKFILL_AUTO
2026-05-23 10:43:22,1779533002,BOOM900,9477.244,-1,0.003999999998995918,BACKFILL_AUTO
2026-05-23 10:43:23,1779533003,BOOM900,9477.229,-1,0.015000000001236913,BACKFILL_AUTO
2026-05-23 10:43:24,1779533004,BOOM900,9477.224,-1,0.004999999999199645,BACKFILL_AUTO
2026-05-23 10:43:25,1779533005,BOOM900,9477.211,-1,0.01300000000082946,BACKFILL_AUTO
2026-05-23 10:43:26,1779533006,BOOM900,9477.186,-1,0.024999999999636202,BACKFILL_AUTO
2026-05-23 10:43:27,1779533007,BOOM900,9477.184,-1,0.0020000000004074536,BACKFILL_AUTO
2026-05-23 10:43:28,1779533008,BOOM900,9477.167,-1,0.016999999999825377,BACKFILL_AUTO
2026-05-23 10:43:29,1779533009,BOOM900,9477.156,-1,0.010999999998603016,BACKFILL_AUTO
2026-05-23 10:43:30,1779533010,BOOM900,9477.145,-1,0.011000000000422006,BACKFILL_AUTO
2026-05-23 10:43:31,1779533011,BOOM900,9477.124,-1,0.021000000000640284,BACKFILL_AUTO
2026-05-23 10:43:32,1779533012,BOOM900,9477.121,-1,0.0030000000006111804,BACKFILL_AUTO
2026-05-23 10:43:33,1779533013,BOOM900,9477.121,0,0.0,BACKFILL_AUTO
2026-05-23 10:43:34,1779533014,BOOM900,9477.113,-1,0.007999999999810825,BACKFILL_AUTO
2026-05-23 10:43:35,1779533015,BOOM900,9477.098,-1,0.014999999999417923,BACKFILL_AUTO
2026-05-23 10:43:36,1779533016,BOOM900,9477.08,-1,0.018000000000029104,BACKFILL_AUTO
2026-05-23 10:43:37,1779533017,BOOM900,9477.073,-1,0.006999999999607098,BACKFILL_AUTO
2026-05-23 10:43:38,1779533018,BOOM900,9477.063,-1,0.010000000000218279,BACKFILL_AUTO
2026-05-23 10:43:39,1779533019,BOOM900,9477.042,-1,0.021000000000640284,BACKFILL_AUTO
2026-05-23 10:43:40,1779533020,BOOM900,9477.031,-1,0.010999999998603016,BACKFILL_AUTO
2026-05-23 10:43:41,1779533021,BOOM900,9477.003,-1,0.028000000000247383,BACKFILL_AUTO
2026-05-23 10:43:42,1779533022,BOOM900,9476.997,-1,0.006000000001222361,BACKFILL_AUTO
2026-05-23 10:43:43,1779533023,BOOM900,9476.992,-1,0.004999999999199645,BACKFILL_AUTO
2026-05-23 10:43:44,1779533024,BOOM900,9476.971,-1,0.021000000000640284,BACKFILL_AUTO
2026-05-23 10:43:45,1779533025,BOOM900,9476.97,-1,0.0010000000002037268,BACKFILL_AUTO
2026-05-23 10:43:46,1779533026,BOOM900,9476.943,-1,0.027000000000043656,BACKFILL_AUTO
2026-05-23 10:43:47,1779533027,BOOM900,9476.922,-1,0.020999999998821295,BACKFILL_AUTO
2026-05-23 10:43:48,1779533028,BOOM900,9476.904,-1,0.018000000000029104,BACKFILL_AUTO
2026-05-23 10:43:49,1779533029,BOOM900,9476.886,-1,0.018000000000029104,BACKFILL_AUTO
2026-05-23 10:43:50,1779533030,BOOM900,9476.859,-1,0.027000000000043656,BACKFILL_AUTO
2026-05-23 10:43:51,1779533031,BOOM900,9476.842,-1,0.016999999999825377,BACKFILL_AUTO
2026-05-23 10:43:52,1779533032,BOOM900,9476.829,-1,0.01300000000082946,BACKFILL_AUTO
2026-05-23 10:43:53,1779533033,BOOM900,9476.809,-1,0.020000000000436557,BACKFILL_AUTO
2026-05-23 10:43:54,1779533034,BOOM900,9476.807,-1,0.0019999999985884642,BACKFILL_AUTO
2026-05-23 10:43:55,1779533035,BOOM900,9476.803,-1,0.004000000000814907,BACKFILL_AUTO
2026-05-23 10:43:56,1779533036,BOOM900,9476.789,-1,0.013999999999214197,BACKFILL_AUTO
2026-05-23 10:43:57,1779533037,BOOM900,9476.768,-1,0.021000000000640284,BACKFILL_AUTO
2026-05-23 10:43:58,1779533038,BOOM900,9476.758,-1,0.010000000000218279,BACKFILL_AUTO
2026-05-23 10:43:59,1779533039,BOOM900,9476.757,-1,0.0010000000002037268,BACKFILL_AUTO
2026-05-23 10:44:00,1779533040,BOOM900,9476.753,-1,0.003999999998995918,BACKFILL_AUTO
2026-05-23 10:44:01,1779533041,BOOM900,9476.74,-1,0.01300000000082946,BACKFILL_AUTO
2026-05-23 10:44:02,1779533042,BOOM900,9476.738,-1,0.0020000000004074536,BACKFILL_AUTO
2026-05-23 10:44:03,1779533043,BOOM900,9476.721,-1,0.016999999999825377,BACKFILL_AUTO
2026-05-23 10:44:04,1779533044,BOOM900,9476.704,-1,0.016999999999825377,BACKFILL_AUTO
2026-05-23 10:44:05,1779533045,BOOM900,9476.693,-1,0.011000000000422006,BACKFILL_AUTO
2026-05-23 10:44:06,1779533046,BOOM900,9476.689,-1,0.003999999998995918,BACKFILL_AUTO
2026-05-23 10:44:07,1779533047,BOOM900,9476.673,-1,0.01599999999962165,BACKFILL_AUTO
2026-05-23 10:44:08,1779533048,BOOM900,9476.655,-1,0.018000000000029104,BACKFILL_AUTO
2026-05-23 10:44:09,1779533049,BOOM900,9476.65,-1,0.005000000001018634,BACKFILL_AUTO
2026-05-23 10:44:10,1779533050,BOOM900,9476.648,-1,0.0020000000004074536,BACKFILL_AUTO
2026-05-23 10:44:11,1779533051,BOOM900,9476.634,-1,0.013999999999214197,BACKFILL_AUTO
2026-05-23 10:44:12,1779533052,BOOM900,9476.615,-1,0.01900000000023283,BACKFILL_AUTO
2026-05-23 10:44:13,1779533053,BOOM900,9476.59,-1,0.024999999999636202,BACKFILL_AUTO
2026-05-23 10:44:14,1779533054,BOOM900,9476.589,-1,0.0010000000002037268,BACKFILL_AUTO
2026-05-23 10:44:15,1779533055,BOOM900,9476.579,-1,0.010000000000218279,BACKFILL_AUTO
2026-05-23 10:44:16,1779533056,BOOM900,9476.565,-1,0.013999999999214197,BACKFILL_AUTO
2026-05-23 10:44:17,1779533057,BOOM900,9476.565,0,0.0,BACKFILL_AUTO
2026-05-23 10:44:18,1779533058,BOOM900,9476.552,-1,0.01300000000082946,BACKFILL_AUTO
2026-05-23 10:44:19,1779533059,BOOM900,9476.531,-1,0.020999999998821295,BACKFILL_AUTO
2026-05-23 10:44:20,1779533060,BOOM900,9476.514,-1,0.017000000001644366,BACKFILL_AUTO
2026-05-23 10:44:21,1779533061,BOOM900,9476.495,-1,0.01899999999841384,BACKFILL_AUTO
2026-05-23 10:44:22,1779533062,BOOM900,9476.491,-1,0.004000000000814907,BACKFILL_AUTO
2026-05-23 10:44:23,1779533063,BOOM900,9476.477,-1,0.013999999999214197,BACKFILL_AUTO
2026-05-23 10:44:24,1779533064,BOOM900,9476.476,-1,0.0010000000002037268,BACKFILL_AUTO
2026-05-23 10:44:25,1779533065,BOOM900,9476.463,-1,0.01300000000082946,BACKFILL_AUTO
2026-05-23 10:44:26,1779533066,BOOM900,9476.454,-1,0.009000000000014552,BACKFILL_AUTO
2026-05-23 10:44:27,1779533067,BOOM900,9476.443,-1,0.011000000000422006,BACKFILL_AUTO
2026-05-23 10:44:28,1779533068,BOOM900,9476.431,-1,0.011999999998806743,BACKFILL_AUTO
2026-05-23 10:44:29,1779533069,BOOM900,9476.426,-1,0.005000000001018634,BACKFILL_AUTO
2026-05-23 10:44:30,1779533070,BOOM900,9476.406,-1,0.019999999998617568,BACKFILL_AUTO
2026-05-23 10:44:31,1779533071,BOOM900,9476.393,-1,0.01300000000082946,BACKFILL_AUTO
2026-05-23 10:44:32,1779533072,BOOM900,9476.385,-1,0.007999999999810825,BACKFILL_AUTO
2026-05-23 10:44:33,1779533073,BOOM900,9476.379,-1,0.0059999999994033715,BACKFILL_AUTO
2026-05-23 10:44:34,1779533074,BOOM900,9476.37,-1,0.009000000000014552,BACKFILL_AUTO
2026-05-23 10:44:35,1779533075,BOOM900,9476.359,-1,0.011000000000422006,BACKFILL_AUTO
2026-05-23 10:44:36,1779533076,BOOM900,9476.352,-1,0.006999999999607098,BACKFILL_AUTO
2026-05-23 10:44:37,1779533077,BOOM900,9476.34,-1,0.012000000000625732,BACKFILL_AUTO
2026-05-23 10:44:38,1779533078,BOOM900,9476.333,-1,0.006999999999607098,BACKFILL_AUTO
2026-05-23 10:44:39,1779533079,BOOM900,9476.331,-1,0.0020000000004074536,BACKFILL_AUTO
2026-05-23 10:44:40,1779533080,BOOM900,9476.302,-1,0.02900000000045111,BACKFILL_AUTO
2026-05-23 10:44:41,1779533081,BOOM900,9476.285,-1,0.016999999999825377,BACKFILL_AUTO
2026-05-23 10:44:42,1779533082,BOOM900,9476.264,-1,0.021000000000640284,BACKFILL_AUTO
2026-05-23 10:44:43,1779533083,BOOM900,9476.259,-1,0.004999999999199645,BACKFILL_AUTO
2026-05-23 10:44:44,1779533084,BOOM900,9476.246,-1,0.01300000000082946,BACKFILL_AUTO
2026-05-23 10:44:45,1779533085,BOOM900,9476.225,-1,0.020999999998821295,BACKFILL_AUTO
2026-05-23 10:44:46,1779533086,BOOM900,9476.215,-1,0.010000000000218279,BACKFILL_AUTO
2026-05-23 10:44:47,1779533087,BOOM900,9476.206,-1,0.009000000000014552,BACKFILL_AUTO
2026-05-23 10:44:48,1779533088,BOOM900,9476.199,-1,0.006999999999607098,BACKFILL_AUTO
2026-05-23 10:44:49,1779533089,BOOM900,9476.198,-1,0.0010000000002037268,BACKFILL_AUTO
2026-05-23 10:44:50,1779533090,BOOM900,9476.187,-1,0.011000000000422006,BACKFILL_AUTO
2026-05-23 10:44:51,1779533091,BOOM900,9476.187,0,0.0,BACKFILL_AUTO
2026-05-23 10:44:52,1779533092,BOOM900,9476.172,-1,0.014999999999417923,BACKFILL_AUTO
2026-05-23 10:44:53,1779533093,BOOM900,9476.151,-1,0.021000000000640284,BACKFILL_AUTO
2026-05-23 10:44:54,1779533094,BOOM900,9476.133,-1,0.018000000000029104,BACKFILL_AUTO
2026-05-23 10:44:55,1779533095,BOOM900,9476.127,-1,0.0059999999994033715,BACKFILL_AUTO
2026-05-23 10:44:56,1779533096,BOOM900,9476.113,-1,0.014000000001033186,BACKFILL_AUTO
2026-05-23 10:44:57,1779533097,BOOM900,9476.108,-1,0.004999999999199645,BACKFILL_AUTO
2026-05-23 10:44:58,1779533098,BOOM900,9476.096,-1,0.012000000000625732,BACKFILL_AUTO
2026-05-23 10:44:59,1779533099,BOOM900,9476.093,-1,0.002999999998792191,BACKFILL_AUTO
2026-05-23 10:45:00,1779533100,BOOM900,9476.083,-1,0.010000000000218279,BACKFILL_AUTO
2026-05-23 10:45:01,1779533101,BOOM900,9476.058,-1,0.024999999999636202,BACKFILL_AUTO
2026-05-23 10:45:02,1779533102,BOOM900,9476.04,-1,0.018000000000029104,BACKFILL_AUTO
2026-05-23 10:45:03,1779533103,BOOM900,9476.038,-1,0.0020000000004074536,BACKFILL_AUTO
2026-05-23 10:45:04,1779533104,BOOM900,9476.024,-1,0.014000000001033186,BACKFILL_AUTO
2026-05-23 10:45:05,1779533105,BOOM900,9476.006,-1,0.018000000000029104,BACKFILL_AUTO
2026-05-23 10:45:06,1779533106,BOOM900,9475.994,-1,0.011999999998806743,BACKFILL_AUTO
2026-05-23 10:45:07,1779533107,BOOM900,9475.987,-1,0.007000000001426088,BACKFILL_AUTO
2026-05-23 10:45:08,1779533108,BOOM900,9475.959,-1,0.027999999998428393,BACKFILL_AUTO
2026-05-23 10:45:09,1779533109,BOOM900,9475.946,-1,0.01300000000082946,BACKFILL_AUTO
2026-05-23 10:45:10,1779533110,BOOM900,9475.943,-1,0.0030000000006111804,BACKFILL_AUTO
2026-05-23 10:45:11,1779533111,BOOM900,9475.942,-1,0.0010000000002037268,BACKFILL_AUTO
2026-05-23 10:45:12,1779533112,BOOM900,9475.933,-1,0.008999999998195563,BACKFILL_AUTO
2026-05-23 10:45:13,1779533113,BOOM900,9475.93,-1,0.0030000000006111804,BACKFILL_AUTO
2026-05-23 10:45:14,1779533114,BOOM900,9475.925,-1,0.005000000001018634,BACKFILL_AUTO
2026-05-23 10:45:15,1779533115,BOOM900,9475.907,-1,0.018000000000029104,BACKFILL_AUTO
2026-05-23 10:45:16,1779533116,BOOM900,9475.902,-1,0.004999999999199645,BACKFILL_AUTO
2026-05-23 10:45:17,1779533117,BOOM900,9475.9,-1,0.0020000000004074536,BACKFILL_AUTO
2026-05-23 10:45:18,1779533118,BOOM900,9475.894,-1,0.0059999999994033715,BACKFILL_AUTO
2026-05-23 10:45:19,1779533119,BOOM900,9475.887,-1,0.006999999999607098,BACKFILL_AUTO
2026-05-23 10:45:20,1779533120,BOOM900,9475.879,-1,0.007999999999810825,BACKFILL_AUTO
2026-05-23 10:45:21,1779533121,BOOM900,9475.877,-1,0.0020000000004074536,BACKFILL_AUTO
2026-05-23 10:45:22,1779533122,BOOM900,9475.876,-1,0.0010000000002037268,BACKFILL_AUTO
2026-05-23 10:45:23,1779533123,BOOM900,9475.864,-1,0.012000000000625732,BACKFILL_AUTO
2026-05-23 10:45:24,1779533124,BOOM900,9475.848,-1,0.01599999999962165,BACKFILL_AUTO
2026-05-23 10:45:25,1779533125,BOOM900,9475.844,-1,0.004000000000814907,BACKFILL_AUTO
2026-05-23 10:45:26,1779533126,BOOM900,9475.844,0,0.0,BACKFILL_AUTO
2026-05-23 10:45:27,1779533127,BOOM900,9475.829,-1,0.014999999999417923,BACKFILL_AUTO
2026-05-23 10:45:28,1779533128,BOOM900,9475.826,-1,0.0030000000006111804,BACKFILL_AUTO
2026-05-23 10:45:29,1779533129,BOOM900,9475.824,-1,0.0019999999985884642,BACKFILL_AUTO
2026-05-23 10:45:30,1779533130,BOOM900,9475.807,-1,0.016999999999825377,BACKFILL_AUTO
2026-05-23 10:45:31,1779533131,BOOM900,9475.802,-1,0.005000000001018634,BACKFILL_AUTO
2026-05-23 10:45:32,1779533132,BOOM900,9475.785,-1,0.016999999999825377,BACKFILL_AUTO
2026-05-23 10:45:33,1779533133,BOOM900,9475.773,-1,0.012000000000625732,BACKFILL_AUTO
2026-05-23 10:45:34,1779533134,BOOM900,9475.764,-1,0.009000000000014552,BACKFILL_AUTO
2026-05-23 10:45:35,1779533135,BOOM900,9475.755,-1,0.009000000000014552,BACKFILL_AUTO
2026-05-23 10:45:36,1779533136,BOOM900,9475.754,-1,0.0009999999983847374,BACKFILL_AUTO
2026-05-23 10:45:37,1779533137,BOOM900,9475.733,-1,0.021000000000640284,BACKFILL_AUTO
2026-05-23 10:45:38,1779533138,BOOM900,9475.717,-1,0.01599999999962165,BACKFILL_AUTO
2026-05-23 10:45:39,1779533139,BOOM900,9475.701,-1,0.01600000000144064,BACKFILL_AUTO
2026-05-23 10:45:40,1779533140,BOOM900,9475.694,-1,0.006999999999607098,BACKFILL_AUTO
2026-05-23 10:45:41,1779533141,BOOM900,9475.677,-1,0.016999999999825377,BACKFILL_AUTO
2026-05-23 10:45:42,1779533142,BOOM900,9475.661,-1,0.01599999999962165,BACKFILL_AUTO
2026-05-23 10:45:43,1779533143,BOOM900,9475.641,-1,0.020000000000436557,BACKFILL_AUTO
2026-05-23 10:45:44,1779533144,BOOM900,9475.631,-1,0.010000000000218279,BACKFILL_AUTO
2026-05-23 10:45:45,1779533145,BOOM900,9475.615,-1,0.01599999999962165,BACKFILL_AUTO
2026-05-23 10:45:46,1779533146,BOOM900,9475.592,-1,0.02299999999922875,BACKFILL_AUTO
2026-05-23 10:45:47,1779533147,BOOM900,9475.581,-1,0.011000000000422006,BACKFILL_AUTO
2026-05-23 10:45:48,1779533148,BOOM900,9475.578,-1,0.0030000000006111804,BACKFILL_AUTO
2026-05-23 10:45:49,1779533149,BOOM900,9475.567,-1,0.011000000000422006,BACKFILL_AUTO
2026-05-23 10:45:50,1779533150,BOOM900,9475.559,-1,0.007999999999810825,BACKFILL_AUTO
2026-05-23 10:45:51,1779533151,BOOM900,9475.527,-1,0.0319999999992433,BACKFILL_AUTO
2026-05-23 10:45:52,1779533152,BOOM900,9475.516,-1,0.011000000000422006,BACKFILL_AUTO
2026-05-23 10:45:53,1779533153,BOOM900,9475.499,-1,0.016999999999825377,BACKFILL_AUTO
2026-05-23 10:45:54,1779533154,BOOM900,9475.499,0,0.0,BACKFILL_AUTO
2026-05-23 10:45:55,1779533155,BOOM900,9475.488,-1,0.011000000000422006,BACKFILL_AUTO
2026-05-23 10:45:56,1779533156,BOOM900,9475.463,-1,0.024999999999636202,BACKFILL_AUTO
2026-05-23 10:45:57,1779533157,BOOM900,9475.444,-1,0.01900000000023283,BACKFILL_AUTO
2026-05-23 10:45:58,1779533158,BOOM900,9475.434,-1,0.010000000000218279,BACKFILL_AUTO
2026-05-23 10:45:59,1779533159,BOOM900,9475.426,-1,0.007999999999810825,BACKFILL_AUTO
2026-05-23 10:46:00,1779533160,BOOM900,9475.423,-1,0.002999999998792191,BACKFILL_AUTO
2026-05-23 10:46:01,1779533161,BOOM900,9475.408,-1,0.015000000001236913,BACKFILL_AUTO
2026-05-23 10:46:02,1779533162,BOOM900,9475.405,-1,0.002999999998792191,BACKFILL_AUTO
2026-05-23 10:46:03,1779533163,BOOM900,9475.399,-1,0.006000000001222361,BACKFILL_AUTO
2026-05-23 10:46:04,1779533164,BOOM900,9475.385,-1,0.013999999999214197,BACKFILL_AUTO
2026-05-23 10:46:05,1779533165,BOOM900,9475.376,-1,0.009000000000014552,BACKFILL_AUTO
2026-05-23 10:46:06,1779533166,BOOM900,9475.36,-1,0.01599999999962165,BACKFILL_AUTO
2026-05-23 10:46:07,1779533167,BOOM900,9475.356,-1,0.004000000000814907,BACKFILL_AUTO
2026-05-23 10:46:08,1779533168,BOOM900,9475.319,-1,0.037000000000261934,BACKFILL_AUTO
2026-05-23 10:46:09,1779533169,BOOM900,9475.29,-1,0.02899999999863212,BACKFILL_AUTO
2026-05-23 10:46:10,1779533170,BOOM900,9475.271,-1,0.01900000000023283,BACKFILL_AUTO
2026-05-23 10:46:11,1779533171,BOOM900,9475.271,0,0.0,BACKFILL_AUTO
2026-05-23 10:46:12,1779533172,BOOM900,9475.256,-1,0.015000000001236913,BACKFILL_AUTO
2026-05-23 10:46:13,1779533173,BOOM900,9475.229,-1,0.027000000000043656,BACKFILL_AUTO
2026-05-23 10:46:14,1779533174,BOOM900,9475.229,0,0.0,BACKFILL_AUTO
2026-05-23 10:46:15,1779533175,BOOM900,9475.226,-1,0.002999999998792191,BACKFILL_AUTO
2026-05-23 10:46:16,1779533176,BOOM900,9475.209,-1,0.016999999999825377,BACKFILL_AUTO
2026-05-23 10:46:17,1779533177,BOOM900,9475.19,-1,0.01900000000023283,BACKFILL_AUTO
2026-05-23 10:46:18,1779533178,BOOM900,9475.186,-1,0.004000000000814907,BACKFILL_AUTO
2026-05-23 10:46:19,1779533179,BOOM900,9475.16,-1,0.02599999999983993,BACKFILL_AUTO
2026-05-23 10:46:20,1779533180,BOOM900,9475.154,-1,0.0059999999994033715,BACKFILL_AUTO
2026-05-23 10:46:21,1779533181,BOOM900,9475.148,-1,0.006000000001222361,BACKFILL_AUTO
2026-05-23 10:46:22,1779533182,BOOM900,9475.14,-1,0.007999999999810825,BACKFILL_AUTO
2026-05-23 10:46:23,1779533183,BOOM900,9475.13,-1,0.010000000000218279,BACKFILL_AUTO
2026-05-23 10:46:24,1779533184,BOOM900,9475.112,-1,0.018000000000029104,BACKFILL_AUTO
2026-05-23 10:46:25,1779533185,BOOM900,9475.089,-1,0.02299999999922875,BACKFILL_AUTO
2026-05-23 10:46:26,1779533186,BOOM900,9475.069,-1,0.020000000000436557,BACKFILL_AUTO
2026-05-23 10:46:27,1779533187,BOOM900,9475.062,-1,0.006999999999607098,BACKFILL_AUTO
2026-05-23 10:46:28,1779533188,BOOM900,9475.036,-1,0.02599999999983993,BACKFILL_AUTO
2026-05-23 10:46:29,1779533189,BOOM900,9475.023,-1,0.01300000000082946,BACKFILL_AUTO
2026-05-23 10:46:30,1779533190,BOOM900,9475.016,-1,0.006999999999607098,BACKFILL_AUTO
2026-05-23 10:46:31,1779533191,BOOM900,9475.009,-1,0.006999999999607098,BACKFILL_AUTO
2026-05-23 10:46:32,1779533192,BOOM900,9474.998,-1,0.011000000000422006,BACKFILL_AUTO
2026-05-23 10:46:33,1779533193,BOOM900,9474.997,-1,0.0010000000002037268,BACKFILL_AUTO
2026-05-23 10:46:34,1779533194,BOOM900,9474.991,-1,0.0059999999994033715,BACKFILL_AUTO
2026-05-23 10:46:35,1779533195,BOOM900,9474.985,-1,0.0059999999994033715,BACKFILL_AUTO
2026-05-23 10:46:36,1779533196,BOOM900,9474.982,-1,0.0030000000006111804,BACKFILL_AUTO
2026-05-23 10:46:37,1779533197,BOOM900,9474.971,-1,0.011000000000422006,BACKFILL_AUTO
2026-05-23 10:46:38,1779533198,BOOM900,9474.961,-1,0.010000000000218279,BACKFILL_AUTO
2026-05-23 10:46:39,1779533199,BOOM900,9474.942,-1,0.01900000000023283,BACKFILL_AUTO
2026-05-23 10:46:40,1779533200,BOOM900,9474.936,-1,0.0059999999994033715,BACKFILL_AUTO
2026-05-23 10:46:41,1779533201,BOOM900,9474.935,-1,0.0010000000002037268,BACKFILL_AUTO
2026-05-23 10:46:42,1779533202,BOOM900,9474.928,-1,0.006999999999607098,BACKFILL_AUTO
2026-05-23 10:46:43,1779533203,BOOM900,9474.906,-1,0.02199999999902502,BACKFILL_AUTO
2026-05-23 10:46:44,1779533204,BOOM900,9474.898,-1,0.008000000001629815,BACKFILL_AUTO
2026-05-23 10:46:45,1779533205,BOOM900,9474.891,-1,0.006999999999607098,BACKFILL_AUTO
2026-05-23 10:46:46,1779533206,BOOM900,9474.882,-1,0.009000000000014552,BACKFILL_AUTO
2026-05-23 10:46:47,1779533207,BOOM900,9474.855,-1,0.027000000000043656,BACKFILL_AUTO
2026-05-23 10:46:48,1779533208,BOOM900,9474.85,-1,0.004999999999199645,BACKFILL_AUTO
2026-05-23 10:46:49,1779533209,BOOM900,9474.84,-1,0.010000000000218279,BACKFILL_AUTO
2026-05-23 10:46:50,1779533210,BOOM900,9474.821,-1,0.01900000000023283,BACKFILL_AUTO
2026-05-23 10:46:51,1779533211,BOOM900,9474.801,-1,0.020000000000436557,BACKFILL_AUTO
2026-05-23 10:46:52,1779533212,BOOM900,9474.79,-1,0.010999999998603016,BACKFILL_AUTO
2026-05-23 10:46:53,1779533213,BOOM900,9474.767,-1,0.023000000001047738,BACKFILL_AUTO
2026-05-23 10:46:54,1779533214,BOOM900,9474.764,-1,0.0030000000006111804,BACKFILL_AUTO
2026-05-23 10:46:55,1779533215,BOOM900,9474.747,-1,0.016999999999825377,BACKFILL_AUTO
2026-05-23 10:46:56,1779533216,BOOM900,9474.742,-1,0.004999999999199645,BACKFILL_AUTO
2026-05-23 10:46:57,1779533217,BOOM900,9474.733,-1,0.009000000000014552,BACKFILL_AUTO
2026-05-23 10:46:58,1779533218,BOOM900,9474.72,-1,0.01300000000082946,BACKFILL_AUTO
2026-05-23 10:46:59,1779533219,BOOM900,9474.695,-1,0.024999999999636202,BACKFILL_AUTO
2026-05-23 10:47:00,1779533220,BOOM900,9474.683,-1,0.011999999998806743,BACKFILL_AUTO
2026-05-23 10:47:01,1779533221,BOOM900,9474.677,-1,0.006000000001222361,BACKFILL_AUTO
2026-05-23 10:47:02,1779533222,BOOM900,9474.674,-1,0.002999999998792191,BACKFILL_AUTO
2026-05-23 10:47:03,1779533223,BOOM900,9474.66,-1,0.014000000001033186,BACKFILL_AUTO
2026-05-23 10:47:04,1779533224,BOOM900,9474.637,-1,0.02299999999922875,BACKFILL_AUTO
2026-05-23 10:47:05,1779533225,BOOM900,9474.63,-1,0.007000000001426088,BACKFILL_AUTO
2026-05-23 10:47:06,1779533226,BOOM900,9474.623,-1,0.006999999999607098,BACKFILL_AUTO
2026-05-23 10:47:07,1779533227,BOOM900,9474.613,-1,0.010000000000218279,BACKFILL_AUTO
2026-05-23 10:47:08,1779533228,BOOM900,9474.603,-1,0.010000000000218279,BACKFILL_AUTO
2026-05-23 10:47:09,1779533229,BOOM900,9474.595,-1,0.007999999999810825,BACKFILL_AUTO
2026-05-23 10:47:10,1779533230,BOOM900,9474.578,-1,0.016999999999825377,BACKFILL_AUTO
2026-05-23 10:47:11,1779533231,BOOM900,9474.578,0,0.0,BACKFILL_AUTO
2026-05-23 10:47:12,1779533232,BOOM900,9474.57,-1,0.007999999999810825,BACKFILL_AUTO
2026-05-23 10:47:13,1779533233,BOOM900,9474.562,-1,0.007999999999810825,BACKFILL_AUTO
2026-05-23 10:47:14,1779533234,BOOM900,9474.544,-1,0.018000000000029104,BACKFILL_AUTO
2026-05-23 10:47:15,1779533235,BOOM900,9474.541,-1,0.0030000000006111804,BACKFILL_AUTO
2026-05-23 10:47:16,1779533236,BOOM900,9474.535,-1,0.0059999999994033715,BACKFILL_AUTO
2026-05-23 10:47:17,1779533237,BOOM900,9474.534,-1,0.0010000000002037268,BACKFILL_AUTO
2026-05-23 10:47:18,1779533238,BOOM900,9474.516,-1,0.018000000000029104,BACKFILL_AUTO
2026-05-23 10:47:19,1779533239,BOOM900,9474.511,-1,0.004999999999199645,BACKFILL_AUTO
2026-05-23 10:47:20,1779533240,BOOM900,9474.507,-1,0.004000000000814907,BACKFILL_AUTO
2026-05-23 10:47:21,1779533241,BOOM900,9474.487,-1,0.020000000000436557,BACKFILL_AUTO
2026-05-23 10:47:22,1779533242,BOOM900,9474.487,0,0.0,BACKFILL_AUTO
2026-05-23 10:47:23,1779533243,BOOM900,9474.474,-1,0.01299999999901047,BACKFILL_AUTO
2026-05-23 10:47:24,1779533244,BOOM900,9474.468,-1,0.0059999999994033715,BACKFILL_AUTO
2026-05-23 10:47:25,1779533245,BOOM900,9474.468,0,0.0,BACKFILL_AUTO
2026-05-23 10:47:26,1779533246,BOOM900,9474.445,-1,0.023000000001047738,BACKFILL_AUTO
2026-05-23 10:47:27,1779533247,BOOM900,9474.436,-1,0.009000000000014552,BACKFILL_AUTO
2026-05-23 10:47:28,1779533248,BOOM900,9474.416,-1,0.020000000000436557,BACKFILL_AUTO
2026-05-23 10:47:29,1779533249,BOOM900,9474.398,-1,0.018000000000029104,BACKFILL_AUTO
2026-05-23 10:47:30,1779533250,BOOM900,9474.386,-1,0.011999999998806743,BACKFILL_AUTO
2026-05-23 10:47:31,1779533251,BOOM900,9474.377,-1,0.009000000000014552,BACKFILL_AUTO
2026-05-23 10:47:32,1779533252,BOOM900,9474.366,-1,0.011000000000422006,BACKFILL_AUTO
2026-05-23 10:47:33,1779533253,BOOM900,9474.346,-1,0.020000000000436557,BACKFILL_AUTO
2026-05-23 10:47:34,1779533254,BOOM900,9474.333,-1,0.01299999999901047,BACKFILL_AUTO
2026-05-23 10:47:35,1779533255,BOOM900,9474.326,-1,0.007000000001426088,BACKFILL_AUTO
2026-05-23 10:47:36,1779533256,BOOM900,9474.308,-1,0.017999999998210114,BACKFILL_AUTO
2026-05-23 10:47:37,1779533257,BOOM900,9474.296,-1,0.012000000000625732,BACKFILL_AUTO
2026-05-23 10:47:38,1779533258,BOOM900,9474.27,-1,0.02599999999983993,BACKFILL_AUTO
2026-05-23 10:47:39,1779533259,BOOM900,9474.259,-1,0.011000000000422006,BACKFILL_AUTO
2026-05-23 10:47:40,1779533260,BOOM900,9474.249,-1,0.010000000000218279,BACKFILL_AUTO
2026-05-23 10:47:41,1779533261,BOOM900,9474.247,-1,0.0020000000004074536,BACKFILL_AUTO
2026-05-23 10:47:42,1779533262,BOOM900,9474.241,-1,0.0059999999994033715,BACKFILL_AUTO
2026-05-23 10:47:43,1779533263,BOOM900,9474.217,-1,0.023999999999432475,BACKFILL_AUTO
2026-05-23 10:47:44,1779533264,BOOM900,9474.202,-1,0.015000000001236913,BACKFILL_AUTO
2026-05-23 10:47:45,1779533265,BOOM900,9474.187,-1,0.014999999999417923,BACKFILL_AUTO
2026-05-23 10:47:46,1779533266,BOOM900,9474.175,-1,0.012000000000625732,BACKFILL_AUTO
2026-05-23 10:47:47,1779533267,BOOM900,9474.17,-1,0.004999999999199645,BACKFILL_AUTO
2026-05-23 10:47:48,1779533268,BOOM900,9474.169,-1,0.0010000000002037268,BACKFILL_AUTO
2026-05-23 10:47:49,1779533269,BOOM900,9474.145,-1,0.023999999999432475,BACKFILL_AUTO
2026-05-23 10:47:50,1779533270,BOOM900,9474.124,-1,0.021000000000640284,BACKFILL_AUTO
2026-05-23 10:47:51,1779533271,BOOM900,9474.118,-1,0.0059999999994033715,BACKFILL_AUTO
2026-05-23 10:47:52,1779533272,BOOM900,9474.104,-1,0.014000000001033186,BACKFILL_AUTO
2026-05-23 10:47:53,1779533273,BOOM900,9474.086,-1,0.018000000000029104,BACKFILL_AUTO
2026-05-23 10:47:54,1779533274,BOOM900,9474.081,-1,0.004999999999199645,BACKFILL_AUTO
2026-05-23 10:47:55,1779533275,BOOM900,9474.064,-1,0.016999999999825377,BACKFILL_AUTO
2026-05-23 10:47:56,1779533276,BOOM900,9474.042,-1,0.02200000000084401,BACKFILL_AUTO
2026-05-23 10:47:57,1779533277,BOOM900,9474.033,-1,0.009000000000014552,BACKFILL_AUTO
2026-05-23 10:47:58,1779533278,BOOM900,9474.019,-1,0.013999999999214197,BACKFILL_AUTO
2026-05-23 10:47:59,1779533279,BOOM900,9474.006,-1,0.01300000000082946,BACKFILL_AUTO
2026-05-23 10:48:00,1779533280,BOOM900,9473.991,-1,0.014999999999417923,BACKFILL_AUTO
2026-05-23 10:48:01,1779533281,BOOM900,9473.977,-1,0.013999999999214197,BACKFILL_AUTO
2026-05-23 10:48:02,1779533282,BOOM900,9473.977,0,0.0,BACKFILL_AUTO
2026-05-23 10:48:03,1779533283,BOOM900,9473.962,-1,0.015000000001236913,BACKFILL_AUTO
2026-05-23 10:48:04,1779533284,BOOM900,9473.958,-1,0.003999999998995918,BACKFILL_AUTO
2026-05-23 10:48:05,1779533285,BOOM900,9473.935,-1,0.023000000001047738,BACKFILL_AUTO
2026-05-23 10:48:06,1779533286,BOOM900,9473.923,-1,0.011999999998806743,BACKFILL_AUTO
2026-05-23 10:48:07,1779533287,BOOM900,9473.922,-1,0.0010000000002037268,BACKFILL_AUTO
2026-05-23 10:48:08,1779533288,BOOM900,9473.92,-1,0.0020000000004074536,BACKFILL_AUTO
2026-05-23 10:48:09,1779533289,BOOM900,9473.89,-1,0.030000000000654836,BACKFILL_AUTO
2026-05-23 10:48:10,1779533290,BOOM900,9473.867,-1,0.02299999999922875,BACKFILL_AUTO
2026-05-23 10:48:11,1779533291,BOOM900,9473.861,-1,0.0059999999994033715,BACKFILL_AUTO
2026-05-23 10:48:12,1779533292,BOOM900,9473.851,-1,0.010000000000218279,BACKFILL_AUTO
2026-05-23 10:48:13,1779533293,BOOM900,9473.841,-1,0.010000000000218279,BACKFILL_AUTO
2026-05-23 10:48:14,1779533294,BOOM900,9473.839,-1,0.0020000000004074536,BACKFILL_AUTO
2026-05-23 10:48:15,1779533295,BOOM900,9473.831,-1,0.007999999999810825,BACKFILL_AUTO
2026-05-23 10:48:16,1779533296,BOOM900,9473.813,-1,0.018000000000029104,BACKFILL_AUTO
2026-05-23 10:48:17,1779533297,BOOM900,9473.804,-1,0.009000000000014552,BACKFILL_AUTO
2026-05-23 10:48:18,1779533298,BOOM900,9473.782,-1,0.02200000000084401,BACKFILL_AUTO
2026-05-23 10:48:19,1779533299,BOOM900,9473.768,-1,0.013999999999214197,BACKFILL_AUTO
2026-05-23 10:48:20,1779533300,BOOM900,9473.755,-1,0.01300000000082946,BACKFILL_AUTO
2026-05-23 10:48:21,1779533301,BOOM900,9473.743,-1,0.011999999998806743,BACKFILL_AUTO
2026-05-23 10:48:22,1779533302,BOOM900,9473.724,-1,0.01900000000023283,BACKFILL_AUTO
2026-05-23 10:48:23,1779533303,BOOM900,9473.717,-1,0.006999999999607098,BACKFILL_AUTO
2026-05-23 10:48:24,1779533304,BOOM900,9473.703,-1,0.014000000001033186,BACKFILL_AUTO
2026-05-23 10:48:25,1779533305,BOOM900,9473.701,-1,0.0020000000004074536,BACKFILL_AUTO
2026-05-23 10:48:26,1779533306,BOOM900,9473.701,0,0.0,BACKFILL_AUTO
2026-05-23 10:48:27,1779533307,BOOM900,9473.694,-1,0.006999999999607098,BACKFILL_AUTO
2026-05-23 10:48:28,1779533308,BOOM900,9473.688,-1,0.0059999999994033715,BACKFILL_AUTO
2026-05-23 10:48:29,1779533309,BOOM900,9473.687,-1,0.0010000000002037268,BACKFILL_AUTO
2026-05-23 10:48:30,1779533310,BOOM900,9473.687,0,0.0,BACKFILL_AUTO
2026-05-23 10:48:31,1779533311,BOOM900,9473.661,-1,0.02599999999983993,BACKFILL_AUTO
2026-05-23 10:48:32,1779533312,BOOM900,9473.647,-1,0.013999999999214197,BACKFILL_AUTO
2026-05-23 10:48:33,1779533313,BOOM900,9473.645,-1,0.0020000000004074536,BACKFILL_AUTO
2026-05-23 10:48:34,1779533314,BOOM900,9473.638,-1,0.006999999999607098,BACKFILL_AUTO
2026-05-23 10:48:35,1779533315,BOOM900,9473.632,-1,0.006000000001222361,BACKFILL_AUTO
2026-05-23 10:48:36,1779533316,BOOM900,9473.63,-1,0.0020000000004074536,BACKFILL_AUTO
2026-05-23 10:48:37,1779533317,BOOM900,9473.626,-1,0.003999999998995918,BACKFILL_AUTO
2026-05-23 10:48:38,1779533318,BOOM900,9473.594,-1,0.03200000000106229,BACKFILL_AUTO
2026-05-23 10:48:39,1779533319,BOOM900,9473.58,-1,0.013999999999214197,BACKFILL_AUTO
2026-05-23 10:48:40,1779533320,BOOM900,9473.576,-1,0.004000000000814907,BACKFILL_AUTO
2026-05-23 10:48:41,1779533321,BOOM900,9473.573,-1,0.002999999998792191,BACKFILL_AUTO
2026-05-23 10:48:42,1779533322,BOOM900,9473.573,0,0.0,BACKFILL_AUTO
2026-05-23 10:48:43,1779533323,BOOM900,9473.565,-1,0.007999999999810825,BACKFILL_AUTO
2026-05-23 10:48:44,1779533324,BOOM900,9473.56,-1,0.005000000001018634,BACKFILL_AUTO
2026-05-23 10:48:45,1779533325,BOOM900,9473.554,-1,0.0059999999994033715,BACKFILL_AUTO
2026-05-23 10:48:46,1779533326,BOOM900,9473.54,-1,0.013999999999214197,BACKFILL_AUTO
2026-05-23 10:48:47,1779533327,BOOM900,9473.53,-1,0.010000000000218279,BACKFILL_AUTO
2026-05-23 10:48:48,1779533328,BOOM900,9473.529,-1,0.0010000000002037268,BACKFILL_AUTO
2026-05-23 10:48:49,1779533329,BOOM900,9473.529,0,0.0,BACKFILL_AUTO
2026-05-23 10:48:50,1779533330,BOOM900,9473.523,-1,0.006000000001222361,BACKFILL_AUTO
2026-05-23 10:48:51,1779533331,BOOM900,9473.503,-1,0.019999999998617568,BACKFILL_AUTO
2026-05-23 10:48:52,1779533332,BOOM900,9473.488,-1,0.015000000001236913,BACKFILL_AUTO
2026-05-23 10:48:53,1779533333,BOOM900,9473.477,-1,0.010999999998603016,BACKFILL_AUTO
2026-05-23 10:48:54,1779533334,BOOM900,9473.472,-1,0.005000000001018634,BACKFILL_AUTO
2026-05-23 10:48:55,1779533335,BOOM900,9473.467,-1,0.004999999999199645,BACKFILL_AUTO
2026-05-23 10:48:56,1779533336,BOOM900,9473.458,-1,0.009000000000014552,BACKFILL_AUTO
2026-05-23 10:48:57,1779533337,BOOM900,9473.453,-1,0.005000000001018634,BACKFILL_AUTO
2026-05-23 10:48:58,1779533338,BOOM900,9473.45,-1,0.002999999998792191,BACKFILL_AUTO
2026-05-23 10:48:59,1779533339,BOOM900,9473.446,-1,0.004000000000814907,BACKFILL_AUTO
2026-05-23 10:49:00,1779533340,BOOM900,9473.427,-1,0.01900000000023283,BACKFILL_AUTO
2026-05-23 10:49:01,1779533341,BOOM900,9473.407,-1,0.020000000000436557,BACKFILL_AUTO
2026-05-23 10:49:02,1779533342,BOOM900,9473.403,-1,0.003999999998995918,BACKFILL_AUTO
2026-05-23 10:49:03,1779533343,BOOM900,9473.384,-1,0.01900000000023283,BACKFILL_AUTO
2026-05-23 10:49:04,1779533344,BOOM900,9473.381,-1,0.0030000000006111804,BACKFILL_AUTO
2026-05-23 10:49:05,1779533345,BOOM900,9473.366,-1,0.014999999999417923,BACKFILL_AUTO
2026-05-23 10:49:06,1779533346,BOOM900,9473.36,-1,0.0059999999994033715,BACKFILL_AUTO
2026-05-23 10:49:07,1779533347,BOOM900,9473.351,-1,0.009000000000014552,BACKFILL_AUTO
2026-05-23 10:49:08,1779533348,BOOM900,9473.351,0,0.0,BACKFILL_AUTO
2026-05-23 10:49:09,1779533349,BOOM900,9473.342,-1,0.009000000000014552,BACKFILL_AUTO
2026-05-23 10:49:10,1779533350,BOOM900,9473.318,-1,0.024000000001251465,BACKFILL_AUTO
2026-05-23 10:49:11,1779533351,BOOM900,9473.309,-1,0.009000000000014552,BACKFILL_AUTO
2026-05-23 10:49:12,1779533352,BOOM900,9473.3,-1,0.009000000000014552,BACKFILL_AUTO
2026-05-23 10:49:13,1779533353,BOOM900,9473.294,-1,0.0059999999994033715,BACKFILL_AUTO
2026-05-23 10:49:14,1779533354,BOOM900,9473.286,-1,0.007999999999810825,BACKFILL_AUTO
2026-05-23 10:49:15,1779533355,BOOM900,9473.277,-1,0.009000000000014552,BACKFILL_AUTO
2026-05-23 10:49:16,1779533356,BOOM900,9473.272,-1,0.004999999999199645,BACKFILL_AUTO
2026-05-23 10:49:17,1779533357,BOOM900,9473.27,-1,0.0020000000004074536,BACKFILL_AUTO
2026-05-23 10:49:18,1779533358,BOOM900,9473.261,-1,0.009000000000014552,BACKFILL_AUTO
2026-05-23 10:49:19,1779533359,BOOM900,9473.255,-1,0.006000000001222361,BACKFILL_AUTO
2026-05-23 10:49:20,1779533360,BOOM900,9473.233,-1,0.02199999999902502,BACKFILL_AUTO
2026-05-23 10:49:21,1779533361,BOOM900,9473.227,-1,0.0059999999994033715,BACKFILL_AUTO
2026-05-23 10:49:22,1779533362,BOOM900,9473.222,-1,0.005000000001018634,BACKFILL_AUTO
2026-05-23 10:49:23,1779533363,BOOM900,9473.211,-1,0.011000000000422006,BACKFILL_AUTO
2026-05-23 10:49:24,1779533364,BOOM900,9473.196,-1,0.014999999999417923,BACKFILL_AUTO
2026-05-23 10:49:25,1779533365,BOOM900,9473.187,-1,0.009000000000014552,BACKFILL_AUTO
2026-05-23 10:49:26,1779533366,BOOM900,9473.174,-1,0.01299999999901047,BACKFILL_AUTO
2026-05-23 10:49:27,1779533367,BOOM900,9473.15,-1,0.024000000001251465,BACKFILL_AUTO
2026-05-23 10:49:28,1779533368,BOOM900,9473.144,-1,0.0059999999994033715,BACKFILL_AUTO
2026-05-23 10:49:29,1779533369,BOOM900,9473.126,-1,0.018000000000029104,BACKFILL_AUTO
2026-05-23 10:49:30,1779533370,BOOM900,9473.106,-1,0.020000000000436557,BACKFILL_AUTO
2026-05-23 10:49:31,1779533371,BOOM900,9473.086,-1,0.020000000000436557,BACKFILL_AUTO
2026-05-23 10:49:32,1779533372,BOOM900,9473.068,-1,0.018000000000029104,BACKFILL_AUTO
2026-05-23 10:49:33,1779533373,BOOM900,9473.06,-1,0.007999999999810825,BACKFILL_AUTO
2026-05-23 10:49:34,1779533374,BOOM900,9473.043,-1,0.016999999999825377,BACKFILL_AUTO
2026-05-23 10:49:35,1779533375,BOOM900,9473.028,-1,0.014999999999417923,BACKFILL_AUTO
2026-05-23 10:49:36,1779533376,BOOM900,9473.021,-1,0.006999999999607098,BACKFILL_AUTO
2026-05-23 10:49:37,1779533377,BOOM900,9473.011,-1,0.010000000000218279,BACKFILL_AUTO
2026-05-23 10:49:38,1779533378,BOOM900,9472.993,-1,0.018000000000029104,BACKFILL_AUTO
2026-05-23 10:49:39,1779533379,BOOM900,9472.979,-1,0.014000000001033186,BACKFILL_AUTO
2026-05-23 10:49:40,1779533380,BOOM900,9472.97,-1,0.009000000000014552,BACKFILL_AUTO
2026-05-23 10:49:41,1779533381,BOOM900,9472.969,-1,0.0010000000002037268,BACKFILL_AUTO
2026-05-23 10:49:42,1779533382,BOOM900,9472.96,-1,0.009000000000014552,BACKFILL_AUTO
2026-05-23 10:49:43,1779533383,BOOM900,9472.94,-1,0.019999999998617568,BACKFILL_AUTO
2026-05-23 10:49:44,1779533384,BOOM900,9472.925,-1,0.015000000001236913,BACKFILL_AUTO
2026-05-23 10:49:45,1779533385,BOOM900,9472.912,-1,0.01299999999901047,BACKFILL_AUTO
2026-05-23 10:49:46,1779533386,BOOM900,9472.898,-1,0.014000000001033186,BACKFILL_AUTO
2026-05-23 10:49:47,1779533387,BOOM900,9472.886,-1,0.011999999998806743,BACKFILL_AUTO
2026-05-23 10:49:48,1779533388,BOOM900,9472.876,-1,0.010000000000218279,BACKFILL_AUTO
2026-05-23 10:49:49,1779533389,BOOM900,9472.866,-1,0.010000000000218279,BACKFILL_AUTO
2026-05-23 10:49:50,1779533390,BOOM900,9472.845,-1,0.021000000000640284,BACKFILL_AUTO
2026-05-23 10:49:51,1779533391,BOOM900,9472.824,-1,0.020999999998821295,BACKFILL_AUTO
2026-05-23 10:49:52,1779533392,BOOM900,9472.81,-1,0.014000000001033186,BACKFILL_AUTO
2026-05-23 10:49:53,1779533393,BOOM900,9472.796,-1,0.013999999999214197,BACKFILL_AUTO
2026-05-23 10:49:54,1779533394,BOOM900,9472.777,-1,0.01900000000023283,BACKFILL_AUTO
2026-05-23 10:49:55,1779533395,BOOM900,9472.776,-1,0.0010000000002037268,BACKFILL_AUTO
2026-05-23 10:49:56,1779533396,BOOM900,9472.756,-1,0.020000000000436557,BACKFILL_AUTO
2026-05-23 10:49:57,1779533397,BOOM900,9472.735,-1,0.020999999998821295,BACKFILL_AUTO
2026-05-23 10:49:58,1779533398,BOOM900,9472.733,-1,0.0020000000004074536,BACKFILL_AUTO
2026-05-23 10:49:59,1779533399,BOOM900,9472.733,0,0.0,BACKFILL_AUTO
2026-05-23 10:50:00,1779533400,BOOM900,9472.722,-1,0.011000000000422006,BACKFILL_AUTO
2026-05-23 10:50:01,1779533401,BOOM900,9472.711,-1,0.011000000000422006,BACKFILL_AUTO
2026-05-23 10:50:02,1779533402,BOOM900,9472.706,-1,0.004999999999199645,BACKFILL_AUTO
2026-05-23 10:50:03,1779533403,BOOM900,9472.697,-1,0.009000000000014552,BACKFILL_AUTO
2026-05-23 10:50:04,1779533404,BOOM900,9472.683,-1,0.013999999999214197,BACKFILL_AUTO
2026-05-23 10:50:05,1779533405,BOOM900,9472.678,-1,0.005000000001018634,BACKFILL_AUTO
2026-05-23 10:50:06,1779533406,BOOM900,9472.678,0,0.0,BACKFILL_AUTO
2026-05-23 10:50:07,1779533407,BOOM900,9472.645,-1,0.03299999999944703,BACKFILL_AUTO
2026-05-23 10:50:08,1779533408,BOOM900,9472.641,-1,0.004000000000814907,BACKFILL_AUTO
2026-05-23 10:50:09,1779533409,BOOM900,9472.637,-1,0.003999999998995918,BACKFILL_AUTO
2026-05-23 10:50:10,1779533410,BOOM900,9472.609,-1,0.028000000000247383,BACKFILL_AUTO
2026-05-23 10:50:11,1779533411,BOOM900,9472.598,-1,0.011000000000422006,BACKFILL_AUTO
2026-05-23 10:50:12,1779533412,BOOM900,9472.597,-1,0.0010000000002037268,BACKFILL_AUTO
2026-05-23 10:50:13,1779533413,BOOM900,9472.593,-1,0.003999999998995918,BACKFILL_AUTO
2026-05-23 10:50:14,1779533414,BOOM900,9472.58,-1,0.01300000000082946,BACKFILL_AUTO
2026-05-23 10:50:15,1779533415,BOOM900,9472.566,-1,0.013999999999214197,BACKFILL_AUTO
2026-05-23 10:50:16,1779533416,BOOM900,9472.545,-1,0.021000000000640284,BACKFILL_AUTO
2026-05-23 10:50:17,1779533417,BOOM900,9472.543,-1,0.0020000000004074536,BACKFILL_AUTO
2026-05-23 10:50:18,1779533418,BOOM900,9472.529,-1,0.013999999999214197,BACKFILL_AUTO
2026-05-23 10:50:19,1779533419,BOOM900,9472.511,-1,0.018000000000029104,BACKFILL_AUTO
2026-05-23 10:50:20,1779533420,BOOM900,9472.506,-1,0.005000000001018634,BACKFILL_AUTO
2026-05-23 10:50:21,1779533421,BOOM900,9472.488,-1,0.018000000000029104,BACKFILL_AUTO
2026-05-23 10:50:22,1779533422,BOOM900,9472.479,-1,0.009000000000014552,BACKFILL_AUTO
2026-05-23 10:50:23,1779533423,BOOM900,9472.476,-1,0.002999999998792191,BACKFILL_AUTO
2026-05-23 10:50:24,1779533424,BOOM900,9472.467,-1,0.009000000000014552,BACKFILL_AUTO
2026-05-23 10:50:25,1779533425,BOOM900,9472.464,-1,0.0030000000006111804,BACKFILL_AUTO
2026-05-23 10:50:26,1779533426,BOOM900,9472.451,-1,0.01300000000082946,BACKFILL_AUTO
2026-05-23 10:50:27,1779533427,BOOM900,9472.43,-1,0.020999999998821295,BACKFILL_AUTO
2026-05-23 10:50:28,1779533428,BOOM900,9472.416,-1,0.014000000001033186,BACKFILL_AUTO
2026-05-23 10:50:29,1779533429,BOOM900,9472.395,-1,0.020999999998821295,BACKFILL_AUTO
2026-05-23 10:50:30,1779533430,BOOM900,9472.383,-1,0.012000000000625732,BACKFILL_AUTO
2026-05-23 10:50:31,1779533431,BOOM900,9472.382,-1,0.0010000000002037268,BACKFILL_AUTO
2026-05-23 10:50:32,1779533432,BOOM900,9472.379,-1,0.002999999998792191,BACKFILL_AUTO
2026-05-23 10:50:33,1779533433,BOOM900,9472.361,-1,0.018000000000029104,BACKFILL_AUTO
2026-05-23 10:50:34,1779533434,BOOM900,9472.357,-1,0.004000000000814907,BACKFILL_AUTO
2026-05-23 10:50:35,1779533435,BOOM900,9472.343,-1,0.013999999999214197,BACKFILL_AUTO
2026-05-23 10:50:36,1779533436,BOOM900,9472.337,-1,0.006000000001222361,BACKFILL_AUTO
2026-05-23 10:50:37,1779533437,BOOM900,9472.331,-1,0.0059999999994033715,BACKFILL_AUTO
2026-05-23 10:50:38,1779533438,BOOM900,9472.327,-1,0.004000000000814907,BACKFILL_AUTO
2026-05-23 10:50:39,1779533439,BOOM900,9472.325,-1,0.0019999999985884642,BACKFILL_AUTO
2026-05-23 10:50:40,1779533440,BOOM900,9472.299,-1,0.02599999999983993,BACKFILL_AUTO
2026-05-23 10:50:41,1779533441,BOOM900,9472.279,-1,0.020000000000436557,BACKFILL_AUTO
2026-05-23 10:50:42,1779533442,BOOM900,9472.275,-1,0.004000000000814907,BACKFILL_AUTO
2026-05-23 10:50:43,1779533443,BOOM900,9472.26,-1,0.014999999999417923,BACKFILL_AUTO
2026-05-23 10:50:44,1779533444,BOOM900,9472.253,-1,0.006999999999607098,BACKFILL_AUTO
2026-05-23 10:50:45,1779533445,BOOM900,9472.252,-1,0.0010000000002037268,BACKFILL_AUTO
2026-05-23 10:50:46,1779533446,BOOM900,9472.24,-1,0.012000000000625732,BACKFILL_AUTO
2026-05-23 10:50:47,1779533447,BOOM900,9472.223,-1,0.016999999999825377,BACKFILL_AUTO
2026-05-23 10:50:48,1779533448,BOOM900,9472.209,-1,0.013999999999214197,BACKFILL_AUTO
2026-05-23 10:50:49,1779533449,BOOM900,9472.205,-1,0.004000000000814907,BACKFILL_AUTO
2026-05-23 10:50:50,1779533450,BOOM900,9472.192,-1,0.01300000000082946,BACKFILL_AUTO
2026-05-23 10:50:51,1779533451,BOOM900,9472.192,0,0.0,BACKFILL_AUTO
2026-05-23 10:50:52,1779533452,BOOM900,9472.17,-1,0.02199999999902502,BACKFILL_AUTO
2026-05-23 10:50:53,1779533453,BOOM900,9472.151,-1,0.01900000000023283,BACKFILL_AUTO
2026-05-23 10:50:54,1779533454,BOOM900,9472.15,-1,0.0010000000002037268,BACKFILL_AUTO
2026-05-23 10:50:55,1779533455,BOOM900,9472.148,-1,0.0020000000004074536,BACKFILL_AUTO
2026-05-23 10:50:56,1779533456,BOOM900,9472.148,0,0.0,BACKFILL_AUTO
2026-05-23 10:50:57,1779533457,BOOM900,9472.139,-1,0.009000000000014552,BACKFILL_AUTO
2026-05-23 10:50:58,1779533458,BOOM900,9472.118,-1,0.020999999998821295,BACKFILL_AUTO
2026-05-23 10:50:59,1779533459,BOOM900,9472.094,-1,0.024000000001251465,BACKFILL_AUTO
2026-05-23 10:51:00,1779533460,BOOM900,9472.082,-1,0.011999999998806743,BACKFILL_AUTO
2026-05-23 10:51:01,1779533461,BOOM900,9472.069,-1,0.01300000000082946,BACKFILL_AUTO
2026-05-23 10:51:02,1779533462,BOOM900,9472.063,-1,0.0059999999994033715,BACKFILL_AUTO
2026-05-23 10:51:03,1779533463,BOOM900,9472.056,-1,0.006999999999607098,BACKFILL_AUTO
2026-05-23 10:51:04,1779533464,BOOM900,9472.05,-1,0.006000000001222361,BACKFILL_AUTO
2026-05-23 10:51:05,1779533465,BOOM900,9472.044,-1,0.0059999999994033715,BACKFILL_AUTO
2026-05-23 10:51:06,1779533466,BOOM900,9472.044,0,0.0,BACKFILL_AUTO
2026-05-23 10:51:07,1779533467,BOOM900,9472.029,-1,0.014999999999417923,BACKFILL_AUTO
2026-05-23 10:51:08,1779533468,BOOM900,9472.016,-1,0.01300000000082946,BACKFILL_AUTO
2026-05-23 10:51:09,1779533469,BOOM900,9472.0,-1,0.01599999999962165,BACKFILL_AUTO
2026-05-23 10:51:10,1779533470,BOOM900,9471.986,-1,0.013999999999214197,BACKFILL_AUTO
2026-05-23 10:51:11,1779533471,BOOM900,9471.977,-1,0.009000000000014552,BACKFILL_AUTO
2026-05-23 10:51:12,1779533472,BOOM900,9471.975,-1,0.0020000000004074536,BACKFILL_AUTO
2026-05-23 10:51:13,1779533473,BOOM900,9471.965,-1,0.010000000000218279,BACKFILL_AUTO
2026-05-23 10:51:14,1779533474,BOOM900,9471.951,-1,0.014000000001033186,BACKFILL_AUTO
2026-05-23 10:51:15,1779533475,BOOM900,9471.936,-1,0.014999999999417923,BACKFILL_AUTO
2026-05-23 10:51:16,1779533476,BOOM900,9471.925,-1,0.011000000000422006,BACKFILL_AUTO
2026-05-23 10:51:17,1779533477,BOOM900,9471.91,-1,0.014999999999417923,BACKFILL_AUTO
2026-05-23 10:51:18,1779533478,BOOM900,9471.889,-1,0.021000000000640284,BACKFILL_AUTO
2026-05-23 10:51:19,1779533479,BOOM900,9471.883,-1,0.0059999999994033715,BACKFILL_AUTO
2026-05-23 10:51:20,1779533480,BOOM900,9471.858,-1,0.024999999999636202,BACKFILL_AUTO
2026-05-23 10:51:21,1779533481,BOOM900,9471.839,-1,0.01900000000023283,BACKFILL_AUTO
2026-05-23 10:51:22,1779533482,BOOM900,9471.821,-1,0.018000000000029104,BACKFILL_AUTO
2026-05-23 10:51:23,1779533483,BOOM900,9471.819,-1,0.0020000000004074536,BACKFILL_AUTO
2026-05-23 10:51:24,1779533484,BOOM900,9471.808,-1,0.010999999998603016,BACKFILL_AUTO
2026-05-23 10:51:25,1779533485,BOOM900,9471.796,-1,0.012000000000625732,BACKFILL_AUTO
2026-05-23 10:51:26,1779533486,BOOM900,9471.782,-1,0.014000000001033186,BACKFILL_AUTO
2026-05-23 10:51:27,1779533487,BOOM900,9471.773,-1,0.009000000000014552,BACKFILL_AUTO
2026-05-23 10:51:28,1779533488,BOOM900,9471.757,-1,0.01599999999962165,BACKFILL_AUTO
2026-05-23 10:51:29,1779533489,BOOM900,9471.748,-1,0.009000000000014552,BACKFILL_AUTO
2026-05-23 10:51:30,1779533490,BOOM900,9471.739,-1,0.009000000000014552,BACKFILL_AUTO
2026-05-23 10:51:31,1779533491,BOOM900,9471.719,-1,0.020000000000436557,BACKFILL_AUTO
2026-05-23 10:51:32,1779533492,BOOM900,9471.696,-1,0.02299999999922875,BACKFILL_AUTO
2026-05-23 10:51:33,1779533493,BOOM900,9471.685,-1,0.011000000000422006,BACKFILL_AUTO
2026-05-23 10:51:34,1779533494,BOOM900,9471.675,-1,0.010000000000218279,BACKFILL_AUTO
2026-05-23 10:51:35,1779533495,BOOM900,9471.663,-1,0.011999999998806743,BACKFILL_AUTO
2026-05-23 10:51:36,1779533496,BOOM900,9471.646,-1,0.016999999999825377,BACKFILL_AUTO
2026-05-23 10:51:37,1779533497,BOOM900,9471.641,-1,0.005000000001018634,BACKFILL_AUTO
2026-05-23 10:51:38,1779533498,BOOM900,9471.633,-1,0.007999999999810825,BACKFILL_AUTO
2026-05-23 10:51:39,1779533499,BOOM900,9471.62,-1,0.01299999999901047,BACKFILL_AUTO
2026-05-23 10:51:40,1779533500,BOOM900,9471.601,-1,0.01900000000023283,BACKFILL_AUTO
2026-05-23 10:51:41,1779533501,BOOM900,9471.597,-1,0.004000000000814907,BACKFILL_AUTO
2026-05-23 10:51:42,1779533502,BOOM900,9471.578,-1,0.01900000000023283,BACKFILL_AUTO
2026-05-23 10:51:43,1779533503,BOOM900,9471.572,-1,0.0059999999994033715,BACKFILL_AUTO
2026-05-23 10:51:44,1779533504,BOOM900,9471.558,-1,0.013999999999214197,BACKFILL_AUTO
2026-05-23 10:51:45,1779533505,BOOM900,9471.544,-1,0.014000000001033186,BACKFILL_AUTO
2026-05-23 10:51:46,1779533506,BOOM900,9471.533,-1,0.011000000000422006,BACKFILL_AUTO
2026-05-23 10:51:47,1779533507,BOOM900,9471.514,-1,0.01900000000023283,BACKFILL_AUTO
2026-05-23 10:51:48,1779533508,BOOM900,9471.493,-1,0.020999999998821295,BACKFILL_AUTO
2026-05-23 10:51:49,1779533509,BOOM900,9471.491,-1,0.0020000000004074536,BACKFILL_AUTO
2026-05-23 10:51:50,1779533510,BOOM900,9471.488,-1,0.0030000000006111804,BACKFILL_AUTO
2026-05-23 10:51:51,1779533511,BOOM900,9471.464,-1,0.023999999999432475,BACKFILL_AUTO
2026-05-23 10:51:52,1779533512,BOOM900,9471.448,-1,0.01599999999962165,BACKFILL_AUTO
2026-05-23 10:51:53,1779533513,BOOM900,9471.438,-1,0.010000000000218279,BACKFILL_AUTO
2026-05-23 10:51:54,1779533514,BOOM900,9471.427,-1,0.011000000000422006,BACKFILL_AUTO
2026-05-23 10:51:55,1779533515,BOOM900,9471.416,-1,0.011000000000422006,BACKFILL_AUTO
2026-05-23 10:51:56,1779533516,BOOM900,9471.391,-1,0.024999999999636202,BACKFILL_AUTO
2026-05-23 10:51:57,1779533517,BOOM900,9471.385,-1,0.0059999999994033715,BACKFILL_AUTO
2026-05-23 10:51:58,1779533518,BOOM900,9471.376,-1,0.009000000000014552,BACKFILL_AUTO
2026-05-23 10:51:59,1779533519,BOOM900,9471.364,-1,0.012000000000625732,BACKFILL_AUTO
2026-05-23 10:52:00,1779533520,BOOM900,9471.352,-1,0.011999999998806743,BACKFILL_AUTO
2026-05-23 10:52:01,1779533521,BOOM900,9471.344,-1,0.008000000001629815,BACKFILL_AUTO
2026-05-23 10:52:02,1779533522,BOOM900,9471.322,-1,0.02199999999902502,BACKFILL_AUTO
2026-05-23 10:52:03,1779533523,BOOM900,9471.304,-1,0.018000000000029104,BACKFILL_AUTO
2026-05-23 10:52:04,1779533524,BOOM900,9471.289,-1,0.014999999999417923,BACKFILL_AUTO
2026-05-23 10:52:05,1779533525,BOOM900,9471.285,-1,0.004000000000814907,BACKFILL_AUTO
2026-05-23 10:52:06,1779533526,BOOM900,9471.271,-1,0.013999999999214197,BACKFILL_AUTO
2026-05-23 10:52:07,1779533527,BOOM900,9471.251,-1,0.020000000000436557,BACKFILL_AUTO
2026-05-23 10:52:08,1779533528,BOOM900,9471.251,0,0.0,BACKFILL_AUTO
2026-05-23 10:52:09,1779533529,BOOM900,9471.237,-1,0.014000000001033186,BACKFILL_AUTO
2026-05-23 10:52:10,1779533530,BOOM900,9471.236,-1,0.0009999999983847374,BACKFILL_AUTO
2026-05-23 10:52:11,1779533531,BOOM900,9471.233,-1,0.0030000000006111804,BACKFILL_AUTO
2026-05-23 10:52:12,1779533532,BOOM900,9471.221,-1,0.012000000000625732,BACKFILL_AUTO
2026-05-23 10:52:13,1779533533,BOOM900,9471.211,-1,0.010000000000218279,BACKFILL_AUTO
2026-05-23 10:52:14,1779533534,BOOM900,9471.192,-1,0.01900000000023283,BACKFILL_AUTO
2026-05-23 10:52:15,1779533535,BOOM900,9471.191,-1,0.0009999999983847374,BACKFILL_AUTO
2026-05-23 10:52:16,1779533536,BOOM900,9471.179,-1,0.012000000000625732,BACKFILL_AUTO
2026-05-23 10:52:17,1779533537,BOOM900,9471.156,-1,0.02299999999922875,BACKFILL_AUTO
2026-05-23 10:52:18,1779533538,BOOM900,9471.154,-1,0.0020000000004074536,BACKFILL_AUTO
2026-05-23 10:52:19,1779533539,BOOM900,9471.134,-1,0.020000000000436557,BACKFILL_AUTO
2026-05-23 10:52:20,1779533540,BOOM900,9471.13,-1,0.004000000000814907,BACKFILL_AUTO
2026-05-23 10:52:21,1779533541,BOOM900,9471.117,-1,0.01299999999901047,BACKFILL_AUTO
2026-05-23 10:52:22,1779533542,BOOM900,9471.114,-1,0.0030000000006111804,BACKFILL_AUTO
2026-05-23 10:52:23,1779533543,BOOM900,9471.109,-1,0.004999999999199645,BACKFILL_AUTO
2026-05-23 10:52:24,1779533544,BOOM900,9471.1,-1,0.009000000000014552,BACKFILL_AUTO
2026-05-23 10:52:25,1779533545,BOOM900,9471.096,-1,0.004000000000814907,BACKFILL_AUTO
2026-05-23 10:52:26,1779533546,BOOM900,9471.078,-1,0.018000000000029104,BACKFILL_AUTO
2026-05-23 10:52:27,1779533547,BOOM900,9471.049,-1,0.02899999999863212,BACKFILL_AUTO
2026-05-23 10:52:28,1779533548,BOOM900,9471.045,-1,0.004000000000814907,BACKFILL_AUTO
2026-05-23 10:52:29,1779533549,BOOM900,9471.041,-1,0.004000000000814907,BACKFILL_AUTO
2026-05-23 10:52:30,1779533550,BOOM900,9471.037,-1,0.003999999998995918,BACKFILL_AUTO
2026-05-23 10:52:31,1779533551,BOOM900,9471.028,-1,0.009000000000014552,BACKFILL_AUTO
2026-05-23 10:52:32,1779533552,BOOM900,9471.024,-1,0.004000000000814907,BACKFILL_AUTO
2026-05-23 10:52:33,1779533553,BOOM900,9471.022,-1,0.0019999999985884642,BACKFILL_AUTO
2026-05-23 10:52:34,1779533554,BOOM900,9471.012,-1,0.010000000000218279,BACKFILL_AUTO
2026-05-23 10:52:35,1779533555,BOOM900,9471.009,-1,0.0030000000006111804,BACKFILL_AUTO
2026-05-23 10:52:36,1779533556,BOOM900,9470.978,-1,0.031000000000858563,BACKFILL_AUTO
2026-05-23 10:52:37,1779533557,BOOM900,9470.958,-1,0.019999999998617568,BACKFILL_AUTO
2026-05-23 10:52:38,1779533558,BOOM900,9470.949,-1,0.009000000000014552,BACKFILL_AUTO
2026-05-23 10:52:39,1779533559,BOOM900,9470.934,-1,0.015000000001236913,BACKFILL_AUTO
2026-05-23 10:52:40,1779533560,BOOM900,9470.923,-1,0.010999999998603016,BACKFILL_AUTO
2026-05-23 10:52:41,1779533561,BOOM900,9470.918,-1,0.005000000001018634,BACKFILL_AUTO
2026-05-23 10:52:42,1779533562,BOOM900,9470.906,-1,0.011999999998806743,BACKFILL_AUTO
2026-05-23 10:52:43,1779533563,BOOM900,9470.906,0,0.0,BACKFILL_AUTO
2026-05-23 10:52:44,1779533564,BOOM900,9470.886,-1,0.020000000000436557,BACKFILL_AUTO
2026-05-23 10:52:45,1779533565,BOOM900,9470.878,-1,0.007999999999810825,BACKFILL_AUTO
2026-05-23 10:52:46,1779533566,BOOM900,9470.878,0,0.0,BACKFILL_AUTO
2026-05-23 10:52:47,1779533567,BOOM900,9470.87,-1,0.007999999999810825,BACKFILL_AUTO
2026-05-23 10:52:48,1779533568,BOOM900,9470.85,-1,0.020000000000436557,BACKFILL_AUTO
2026-05-23 10:52:49,1779533569,BOOM900,9470.845,-1,0.005000000001018634,BACKFILL_AUTO
2026-05-23 10:52:50,1779533570,BOOM900,9470.84,-1,0.004999999999199645,BACKFILL_AUTO
2026-05-23 10:52:51,1779533571,BOOM900,9470.839,-1,0.0010000000002037268,BACKFILL_AUTO
2026-05-23 10:52:52,1779533572,BOOM900,9470.83,-1,0.009000000000014552,BACKFILL_AUTO
2026-05-23 10:52:53,1779533573,BOOM900,9470.823,-1,0.006999999999607098,BACKFILL_AUTO
2026-05-23 10:52:54,1779533574,BOOM900,9470.807,-1,0.01599999999962165,BACKFILL_AUTO
2026-05-23 10:52:55,1779533575,BOOM900,9470.796,-1,0.011000000000422006,BACKFILL_AUTO
2026-05-23 10:52:56,1779533576,BOOM900,9470.793,-1,0.0030000000006111804,BACKFILL_AUTO
2026-05-23 10:52:57,1779533577,BOOM900,9470.778,-1,0.014999999999417923,BACKFILL_AUTO
2026-05-23 10:52:58,1779533578,BOOM900,9470.772,-1,0.0059999999994033715,BACKFILL_AUTO
2026-05-23 10:52:59,1779533579,BOOM900,9470.767,-1,0.005000000001018634,BACKFILL_AUTO
2026-05-23 10:53:00,1779533580,BOOM900,9470.753,-1,0.013999999999214197,BACKFILL_AUTO
2026-05-23 10:53:01,1779533581,BOOM900,9470.742,-1,0.011000000000422006,BACKFILL_AUTO
2026-05-23 10:53:02,1779533582,BOOM900,9470.737,-1,0.005000000001018634,BACKFILL_AUTO
2026-05-23 10:53:03,1779533583,BOOM900,9470.724,-1,0.01299999999901047,BACKFILL_AUTO
2026-05-23 10:53:04,1779533584,BOOM900,9470.719,-1,0.005000000001018634,BACKFILL_AUTO
2026-05-23 10:53:05,1779533585,BOOM900,9470.706,-1,0.01299999999901047,BACKFILL_AUTO
2026-05-23 10:53:06,1779533586,BOOM900,9470.701,-1,0.005000000001018634,BACKFILL_AUTO
2026-05-23 10:53:07,1779533587,BOOM900,9470.685,-1,0.01599999999962165,BACKFILL_AUTO
2026-05-23 10:53:08,1779533588,BOOM900,9470.682,-1,0.002999999998792191,BACKFILL_AUTO
2026-05-23 10:53:09,1779533589,BOOM900,9470.664,-1,0.018000000000029104,BACKFILL_AUTO
2026-05-23 10:53:10,1779533590,BOOM900,9470.657,-1,0.007000000001426088,BACKFILL_AUTO
2026-05-23 10:53:11,1779533591,BOOM900,9470.653,-1,0.003999999998995918,BACKFILL_AUTO
2026-05-23 10:53:12,1779533592,BOOM900,9470.646,-1,0.006999999999607098,BACKFILL_AUTO
2026-05-23 10:53:13,1779533593,BOOM900,9470.616,-1,0.030000000000654836,BACKFILL_AUTO
2026-05-23 10:53:14,1779533594,BOOM900,9470.607,-1,0.009000000000014552,BACKFILL_AUTO
2026-05-23 10:53:15,1779533595,BOOM900,9470.593,-1,0.013999999999214197,BACKFILL_AUTO
2026-05-23 10:53:16,1779533596,BOOM900,9470.587,-1,0.006000000001222361,BACKFILL_AUTO
2026-05-23 10:53:17,1779533597,BOOM900,9470.567,-1,0.020000000000436557,BACKFILL_AUTO
2026-05-23 10:53:18,1779533598,BOOM900,9470.562,-1,0.004999999999199645,BACKFILL_AUTO
2026-05-23 10:53:19,1779533599,BOOM900,9470.558,-1,0.003999999998995918,BACKFILL_AUTO
2026-05-23 10:53:20,1779533600,BOOM900,9470.556,-1,0.0020000000004074536,BACKFILL_AUTO
2026-05-23 10:53:21,1779533601,BOOM900,9470.553,-1,0.0030000000006111804,BACKFILL_AUTO
2026-05-23 10:53:22,1779533602,BOOM900,9470.539,-1,0.013999999999214197,BACKFILL_AUTO
2026-05-23 10:53:23,1779533603,BOOM900,9470.526,-1,0.01300000000082946,BACKFILL_AUTO
2026-05-23 10:53:24,1779533604,BOOM900,9470.5,-1,0.02599999999983993,BACKFILL_AUTO
2026-05-23 10:53:25,1779533605,BOOM900,9470.486,-1,0.013999999999214197,BACKFILL_AUTO
2026-05-23 10:53:26,1779533606,BOOM900,9470.468,-1,0.018000000000029104,BACKFILL_AUTO
2026-05-23 10:53:27,1779533607,BOOM900,9470.465,-1,0.0030000000006111804,BACKFILL_AUTO
2026-05-23 10:53:28,1779533608,BOOM900,9470.456,-1,0.009000000000014552,BACKFILL_AUTO
2026-05-23 10:53:29,1779533609,BOOM900,9470.439,-1,0.016999999999825377,BACKFILL_AUTO
2026-05-23 10:53:30,1779533610,BOOM900,9470.434,-1,0.005000000001018634,BACKFILL_AUTO
2026-05-23 10:53:31,1779533611,BOOM900,9470.421,-1,0.01299999999901047,BACKFILL_AUTO
2026-05-23 10:53:32,1779533612,BOOM900,9470.413,-1,0.007999999999810825,BACKFILL_AUTO
2026-05-23 10:53:33,1779533613,BOOM900,9470.412,-1,0.0010000000002037268,BACKFILL_AUTO
2026-05-23 10:53:34,1779533614,BOOM900,9470.407,-1,0.005000000001018634,BACKFILL_AUTO
2026-05-23 10:53:35,1779533615,BOOM900,9470.399,-1,0.007999999999810825,BACKFILL_AUTO
2026-05-23 10:53:36,1779533616,BOOM900,9470.381,-1,0.018000000000029104,BACKFILL_AUTO
2026-05-23 10:53:37,1779533617,BOOM900,9470.367,-1,0.013999999999214197,BACKFILL_AUTO
2026-05-23 10:53:38,1779533618,BOOM900,9470.358,-1,0.009000000000014552,BACKFILL_AUTO
2026-05-23 10:53:39,1779533619,BOOM900,9470.347,-1,0.011000000000422006,BACKFILL_AUTO
2026-05-23 10:53:40,1779533620,BOOM900,9470.336,-1,0.011000000000422006,BACKFILL_AUTO
2026-05-23 10:53:41,1779533621,BOOM900,9470.319,-1,0.016999999999825377,BACKFILL_AUTO
2026-05-23 10:53:42,1779533622,BOOM900,9470.308,-1,0.010999999998603016,BACKFILL_AUTO
2026-05-23 10:53:43,1779533623,BOOM900,9470.307,-1,0.0010000000002037268,BACKFILL_AUTO
2026-05-23 10:53:44,1779533624,BOOM900,9470.296,-1,0.011000000000422006,BACKFILL_AUTO
2026-05-23 10:53:45,1779533625,BOOM900,9470.288,-1,0.007999999999810825,BACKFILL_AUTO
2026-05-23 10:53:46,1779533626,BOOM900,9470.28,-1,0.007999999999810825,BACKFILL_AUTO
2026-05-23 10:53:47,1779533627,BOOM900,9470.276,-1,0.004000000000814907,BACKFILL_AUTO
2026-05-23 10:53:48,1779533628,BOOM900,9470.274,-1,0.0020000000004074536,BACKFILL_AUTO
2026-05-23 10:53:49,1779533629,BOOM900,9470.266,-1,0.007999999999810825,BACKFILL_AUTO
2026-05-23 10:53:50,1779533630,BOOM900,9470.266,0,0.0,BACKFILL_AUTO
2026-05-23 10:53:51,1779533631,BOOM900,9470.26,-1,0.0059999999994033715,BACKFILL_AUTO
2026-05-23 10:53:52,1779533632,BOOM900,9470.247,-1,0.01300000000082946,BACKFILL_AUTO
2026-05-23 10:53:53,1779533633,BOOM900,9470.234,-1,0.01299999999901047,BACKFILL_AUTO
2026-05-23 10:53:54,1779533634,BOOM900,9470.232,-1,0.0020000000004074536,BACKFILL_AUTO
2026-05-23 10:53:55,1779533635,BOOM900,9470.231,-1,0.0010000000002037268,BACKFILL_AUTO
2026-05-23 10:53:56,1779533636,BOOM900,9470.218,-1,0.01299999999901047,BACKFILL_AUTO
2026-05-23 10:53:57,1779533637,BOOM900,9470.218,0,0.0,BACKFILL_AUTO
2026-05-23 10:53:58,1779533638,BOOM900,9470.2,-1,0.018000000000029104,BACKFILL_AUTO
2026-05-23 10:53:59,1779533639,BOOM900,9470.19,-1,0.010000000000218279,BACKFILL_AUTO
2026-05-23 10:54:00,1779533640,BOOM900,9470.179,-1,0.011000000000422006,BACKFILL_AUTO
2026-05-23 10:54:01,1779533641,BOOM900,9470.168,-1,0.011000000000422006,BACKFILL_AUTO
2026-05-23 10:54:02,1779533642,BOOM900,9470.156,-1,0.011999999998806743,BACKFILL_AUTO
2026-05-23 10:54:03,1779533643,BOOM900,9470.135,-1,0.021000000000640284,BACKFILL_AUTO
2026-05-23 10:54:04,1779533644,BOOM900,9470.123,-1,0.012000000000625732,BACKFILL_AUTO
2026-05-23 10:54:05,1779533645,BOOM900,9470.12,-1,0.002999999998792191,BACKFILL_AUTO
2026-05-23 10:54:06,1779533646,BOOM900,9470.106,-1,0.014000000001033186,BACKFILL_AUTO
2026-05-23 10:54:07,1779533647,BOOM900,9470.105,-1,0.0010000000002037268,BACKFILL_AUTO
2026-05-23 10:54:08,1779533648,BOOM900,9470.079,-1,0.02599999999983993,BACKFILL_AUTO
2026-05-23 10:54:09,1779533649,BOOM900,9470.067,-1,0.012000000000625732,BACKFILL_AUTO
2026-05-23 10:54:10,1779533650,BOOM900,9470.062,-1,0.004999999999199645,BACKFILL_AUTO
2026-05-23 10:54:11,1779533651,BOOM900,9470.051,-1,0.011000000000422006,BACKFILL_AUTO
2026-05-23 10:54:12,1779533652,BOOM900,9470.028,-1,0.02299999999922875,BACKFILL_AUTO
2026-05-23 10:54:13,1779533653,BOOM900,9469.999,-1,0.02900000000045111,BACKFILL_AUTO
2026-05-23 10:54:14,1779533654,BOOM900,9469.982,-1,0.016999999999825377,BACKFILL_AUTO
2026-05-23 10:54:15,1779533655,BOOM900,9469.97,-1,0.012000000000625732,BACKFILL_AUTO
2026-05-23 10:54:16,1779533656,BOOM900,9469.957,-1,0.01299999999901047,BACKFILL_AUTO
2026-05-23 10:54:17,1779533657,BOOM900,9469.944,-1,0.01300000000082946,BACKFILL_AUTO
2026-05-23 10:54:18,1779533658,BOOM900,9469.939,-1,0.004999999999199645,BACKFILL_AUTO
2026-05-23 10:54:19,1779533659,BOOM900,9469.93,-1,0.009000000000014552,BACKFILL_AUTO
2026-05-23 10:54:20,1779533660,BOOM900,9469.925,-1,0.005000000001018634,BACKFILL_AUTO
2026-05-23 10:54:21,1779533661,BOOM900,9469.917,-1,0.007999999999810825,BACKFILL_AUTO
2026-05-23 10:54:22,1779533662,BOOM900,9469.907,-1,0.010000000000218279,BACKFILL_AUTO
2026-05-23 10:54:23,1779533663,BOOM900,9469.901,-1,0.0059999999994033715,BACKFILL_AUTO
2026-05-23 10:54:24,1779533664,BOOM900,9469.892,-1,0.009000000000014552,BACKFILL_AUTO
2026-05-23 10:54:25,1779533665,BOOM900,9469.881,-1,0.011000000000422006,BACKFILL_AUTO
2026-05-23 10:54:26,1779533666,BOOM900,9469.88,-1,0.0010000000002037268,BACKFILL_AUTO
2026-05-23 10:54:27,1779533667,BOOM900,9469.867,-1,0.01299999999901047,BACKFILL_AUTO
2026-05-23 10:54:28,1779533668,BOOM900,9469.857,-1,0.010000000000218279,BACKFILL_AUTO
2026-05-23 10:54:29,1779533669,BOOM900,9469.85,-1,0.006999999999607098,BACKFILL_AUTO
2026-05-23 10:54:30,1779533670,BOOM900,9469.847,-1,0.0030000000006111804,BACKFILL_AUTO
2026-05-23 10:54:31,1779533671,BOOM900,9469.834,-1,0.01299999999901047,BACKFILL_AUTO
2026-05-23 10:54:32,1779533672,BOOM900,9469.821,-1,0.01300000000082946,BACKFILL_AUTO
2026-05-23 10:54:33,1779533673,BOOM900,9469.801,-1,0.020000000000436557,BACKFILL_AUTO
2026-05-23 10:54:34,1779533674,BOOM900,9469.792,-1,0.009000000000014552,BACKFILL_AUTO
2026-05-23 10:54:35,1779533675,BOOM900,9469.785,-1,0.006999999999607098,BACKFILL_AUTO
2026-05-23 10:54:36,1779533676,BOOM900,9469.781,-1,0.003999999998995918,BACKFILL_AUTO
2026-05-23 10:54:37,1779533677,BOOM900,9469.778,-1,0.0030000000006111804,BACKFILL_AUTO
2026-05-23 10:54:38,1779533678,BOOM900,9469.767,-1,0.011000000000422006,BACKFILL_AUTO
2026-05-23 10:54:39,1779533679,BOOM900,9469.757,-1,0.010000000000218279,BACKFILL_AUTO
2026-05-23 10:54:40,1779533680,BOOM900,9469.753,-1,0.003999999998995918,BACKFILL_AUTO
2026-05-23 10:54:41,1779533681,BOOM900,9469.746,-1,0.007000000001426088,BACKFILL_AUTO
2026-05-23 10:54:42,1779533682,BOOM900,9469.722,-1,0.023999999999432475,BACKFILL_AUTO
2026-05-23 10:54:43,1779533683,BOOM900,9469.707,-1,0.014999999999417923,BACKFILL_AUTO
2026-05-23 10:54:44,1779533684,BOOM900,9469.706,-1,0.0010000000002037268,BACKFILL_AUTO
2026-05-23 10:54:45,1779533685,BOOM900,9469.701,-1,0.005000000001018634,BACKFILL_AUTO
2026-05-23 10:54:46,1779533686,BOOM900,9469.696,-1,0.004999999999199645,BACKFILL_AUTO
2026-05-23 10:54:47,1779533687,BOOM900,9469.679,-1,0.016999999999825377,BACKFILL_AUTO
2026-05-23 10:54:48,1779533688,BOOM900,9469.675,-1,0.004000000000814907,BACKFILL_AUTO
2026-05-23 10:54:49,1779533689,BOOM900,9469.665,-1,0.00999999999839929,BACKFILL_AUTO
2026-05-23 10:54:50,1779533690,BOOM900,9469.66,-1,0.005000000001018634,BACKFILL_AUTO
2026-05-23 10:54:51,1779533691,BOOM900,9469.647,-1,0.01299999999901047,BACKFILL_AUTO
2026-05-23 10:54:52,1779533692,BOOM900,9469.64,-1,0.007000000001426088,BACKFILL_AUTO
2026-05-23 10:54:53,1779533693,BOOM900,9469.625,-1,0.014999999999417923,BACKFILL_AUTO
2026-05-23 10:54:54,1779533694,BOOM900,9469.616,-1,0.009000000000014552,BACKFILL_AUTO
2026-05-23 10:54:55,1779533695,BOOM900,9469.615,-1,0.0010000000002037268,BACKFILL_AUTO
2026-05-23 10:54:56,1779533696,BOOM900,9469.609,-1,0.0059999999994033715,BACKFILL_AUTO
2026-05-23 10:54:57,1779533697,BOOM900,9469.595,-1,0.014000000001033186,BACKFILL_AUTO
2026-05-23 10:54:58,1779533698,BOOM900,9469.588,-1,0.006999999999607098,BACKFILL_AUTO
2026-05-23 10:54:59,1779533699,BOOM900,9469.582,-1,0.0059999999994033715,BACKFILL_AUTO
2026-05-23 10:55:00,1779533700,BOOM900,9469.577,-1,0.005000000001018634,BACKFILL_AUTO
2026-05-23 10:55:01,1779533701,BOOM900,9469.575,-1,0.0019999999985884642,BACKFILL_AUTO
2026-05-23 10:55:02,1779533702,BOOM900,9469.565,-1,0.010000000000218279,BACKFILL_AUTO
2026-05-23 10:55:03,1779533703,BOOM900,9469.547,-1,0.018000000000029104,BACKFILL_AUTO
2026-05-23 10:55:04,1779533704,BOOM900,9469.536,-1,0.011000000000422006,BACKFILL_AUTO
2026-05-23 10:55:05,1779533705,BOOM900,9469.532,-1,0.004000000000814907,BACKFILL_AUTO
2026-05-23 10:55:06,1779533706,BOOM900,9469.521,-1,0.010999999998603016,BACKFILL_AUTO
2026-05-23 10:55:07,1779533707,BOOM900,9469.496,-1,0.02500000000145519,BACKFILL_AUTO
2026-05-23 10:55:08,1779533708,BOOM900,9469.493,-1,0.002999999998792191,BACKFILL_AUTO
2026-05-23 10:55:09,1779533709,BOOM900,9469.489,-1,0.004000000000814907,BACKFILL_AUTO
2026-05-23 10:55:10,1779533710,BOOM900,9469.481,-1,0.007999999999810825,BACKFILL_AUTO
2026-05-23 10:55:11,1779533711,BOOM900,9469.47,-1,0.011000000000422006,BACKFILL_AUTO
2026-05-23 10:55:12,1779533712,BOOM900,9469.461,-1,0.009000000000014552,BACKFILL_AUTO
2026-05-23 10:55:13,1779533713,BOOM900,9469.459,-1,0.0019999999985884642,BACKFILL_AUTO
2026-05-23 10:55:14,1779533714,BOOM900,9469.459,0,0.0,BACKFILL_AUTO
2026-05-23 10:55:15,1779533715,BOOM900,9469.446,-1,0.01300000000082946,BACKFILL_AUTO
2026-05-23 10:55:16,1779533716,BOOM900,9469.436,-1,0.010000000000218279,BACKFILL_AUTO
2026-05-23 10:55:17,1779533717,BOOM900,9469.416,-1,0.020000000000436557,BACKFILL_AUTO
2026-05-23 10:55:18,1779533718,BOOM900,9469.396,-1,0.019999999998617568,BACKFILL_AUTO
2026-05-23 10:55:19,1779533719,BOOM900,9469.379,-1,0.016999999999825377,BACKFILL_AUTO
2026-05-23 10:55:20,1779533720,BOOM900,9469.364,-1,0.015000000001236913,BACKFILL_AUTO
2026-05-23 10:55:21,1779533721,BOOM900,9469.352,-1,0.011999999998806743,BACKFILL_AUTO
2026-05-23 10:55:22,1779533722,BOOM900,9469.343,-1,0.009000000000014552,BACKFILL_AUTO
2026-05-23 10:55:23,1779533723,BOOM900,9469.338,-1,0.005000000001018634,BACKFILL_AUTO
2026-05-23 10:55:24,1779533724,BOOM900,9469.333,-1,0.004999999999199645,BACKFILL_AUTO
2026-05-23 10:55:25,1779533725,BOOM900,9469.324,-1,0.009000000000014552,BACKFILL_AUTO
2026-05-23 10:55:26,1779533726,BOOM900,9469.323,-1,0.0010000000002037268,BACKFILL_AUTO
2026-05-23 10:55:27,1779533727,BOOM900,9469.315,-1,0.007999999999810825,BACKFILL_AUTO
2026-05-23 10:55:28,1779533728,BOOM900,9469.305,-1,0.010000000000218279,BACKFILL_AUTO
2026-05-23 10:55:29,1779533729,BOOM900,9469.29,-1,0.014999999999417923,BACKFILL_AUTO
2026-05-23 10:55:30,1779533730,BOOM900,9469.289,-1,0.0010000000002037268,BACKFILL_AUTO
2026-05-23 10:55:31,1779533731,BOOM900,9469.264,-1,0.02500000000145519,BACKFILL_AUTO
2026-05-23 10:55:32,1779533732,BOOM900,9469.24,-1,0.023999999999432475,BACKFILL_AUTO
2026-05-23 10:55:33,1779533733,BOOM900,9469.228,-1,0.012000000000625732,BACKFILL_AUTO
2026-05-23 10:55:34,1779533734,BOOM900,9469.223,-1,0.004999999999199645,BACKFILL_AUTO
2026-05-23 10:55:35,1779533735,BOOM900,9469.222,-1,0.0010000000002037268,BACKFILL_AUTO
2026-05-23 10:55:36,1779533736,BOOM900,9469.221,-1,0.0010000000002037268,BACKFILL_AUTO
2026-05-23 10:55:37,1779533737,BOOM900,9469.217,-1,0.003999999998995918,BACKFILL_AUTO
2026-05-23 10:55:38,1779533738,BOOM900,9469.206,-1,0.011000000000422006,BACKFILL_AUTO
2026-05-23 10:55:39,1779533739,BOOM900,9469.199,-1,0.006999999999607098,BACKFILL_AUTO
2026-05-23 10:55:40,1779533740,BOOM900,9469.198,-1,0.0010000000002037268,BACKFILL_AUTO
2026-05-23 10:55:41,1779533741,BOOM900,9469.191,-1,0.006999999999607098,BACKFILL_AUTO
2026-05-23 10:55:42,1779533742,BOOM900,9469.174,-1,0.016999999999825377,BACKFILL_AUTO
2026-05-23 10:55:43,1779533743,BOOM900,9469.164,-1,0.010000000000218279,BACKFILL_AUTO
2026-05-23 10:55:44,1779533744,BOOM900,9469.159,-1,0.005000000001018634,BACKFILL_AUTO
2026-05-23 10:55:45,1779533745,BOOM900,9469.151,-1,0.007999999999810825,BACKFILL_AUTO
2026-05-23 10:55:46,1779533746,BOOM900,9469.14,-1,0.011000000000422006,BACKFILL_AUTO
2026-05-23 10:55:47,1779533747,BOOM900,9469.139,-1,0.0010000000002037268,BACKFILL_AUTO
2026-05-23 10:55:48,1779533748,BOOM900,9469.124,-1,0.014999999999417923,BACKFILL_AUTO
2026-05-23 10:55:49,1779533749,BOOM900,9469.115,-1,0.009000000000014552,BACKFILL_AUTO
2026-05-23 10:55:50,1779533750,BOOM900,9469.109,-1,0.0059999999994033715,BACKFILL_AUTO
2026-05-23 10:55:51,1779533751,BOOM900,9469.094,-1,0.015000000001236913,BACKFILL_AUTO
2026-05-23 10:55:52,1779533752,BOOM900,9469.086,-1,0.007999999999810825,BACKFILL_AUTO
2026-05-23 10:55:53,1779533753,BOOM900,9469.083,-1,0.002999999998792191,BACKFILL_AUTO
2026-05-23 10:55:54,1779533754,BOOM900,9469.07,-1,0.01300000000082946,BACKFILL_AUTO
2026-05-23 10:55:55,1779533755,BOOM900,9469.07,0,0.0,BACKFILL_AUTO
2026-05-23 10:55:56,1779533756,BOOM900,9469.05,-1,0.020000000000436557,BACKFILL_AUTO
2026-05-23 10:55:57,1779533757,BOOM900,9469.035,-1,0.014999999999417923,BACKFILL_AUTO
2026-05-23 10:55:58,1779533758,BOOM900,9469.024,-1,0.011000000000422006,BACKFILL_AUTO
2026-05-23 10:55:59,1779533759,BOOM900,9469.015,-1,0.009000000000014552,BACKFILL_AUTO
2026-05-23 10:56:00,1779533760,BOOM900,9469.014,-1,0.0010000000002037268,BACKFILL_AUTO
2026-05-23 10:56:01,1779533761,BOOM900,9468.993,-1,0.020999999998821295,BACKFILL_AUTO
2026-05-23 10:56:02,1779533762,BOOM900,9468.971,-1,0.02200000000084401,BACKFILL_AUTO
2026-05-23 10:56:03,1779533763,BOOM900,9468.96,-1,0.011000000000422006,BACKFILL_AUTO
2026-05-23 10:56:04,1779533764,BOOM900,9468.954,-1,0.0059999999994033715,BACKFILL_AUTO
2026-05-23 10:56:05,1779533765,BOOM900,9468.932,-1,0.02199999999902502,BACKFILL_AUTO
2026-05-23 10:56:06,1779533766,BOOM900,9468.93,-1,0.0020000000004074536,BACKFILL_AUTO
2026-05-23 10:56:07,1779533767,BOOM900,9468.919,-1,0.011000000000422006,BACKFILL_AUTO
2026-05-23 10:56:08,1779533768,BOOM900,9468.912,-1,0.006999999999607098,BACKFILL_AUTO
2026-05-23 10:56:09,1779533769,BOOM900,9468.902,-1,0.010000000000218279,BACKFILL_AUTO
2026-05-23 10:56:10,1779533770,BOOM900,9468.899,-1,0.0030000000006111804,BACKFILL_AUTO
2026-05-23 10:56:11,1779533771,BOOM900,9468.89,-1,0.009000000000014552,BACKFILL_AUTO
2026-05-23 10:56:12,1779533772,BOOM900,9468.89,0,0.0,BACKFILL_AUTO
2026-05-23 10:56:13,1779533773,BOOM900,9468.87,-1,0.019999999998617568,BACKFILL_AUTO
2026-05-23 10:56:14,1779533774,BOOM900,9468.868,-1,0.0020000000004074536,BACKFILL_AUTO
2026-05-23 10:56:15,1779533775,BOOM900,9468.841,-1,0.027000000000043656,BACKFILL_AUTO
2026-05-23 10:56:16,1779533776,BOOM900,9468.805,-1,0.03600000000005821,BACKFILL_AUTO
2026-05-23 10:56:17,1779533777,BOOM900,9468.794,-1,0.011000000000422006,BACKFILL_AUTO
2026-05-23 10:56:18,1779533778,BOOM900,9468.79,-1,0.003999999998995918,BACKFILL_AUTO
2026-05-23 10:56:19,1779533779,BOOM900,9468.773,-1,0.017000000001644366,BACKFILL_AUTO
2026-05-23 10:56:20,1779533780,BOOM900,9468.765,-1,0.007999999999810825,BACKFILL_AUTO
2026-05-23 10:56:21,1779533781,BOOM900,9468.762,-1,0.002999999998792191,BACKFILL_AUTO
2026-05-23 10:56:22,1779533782,BOOM900,9468.744,-1,0.018000000000029104,BACKFILL_AUTO
2026-05-23 10:56:23,1779533783,BOOM900,9468.735,-1,0.009000000000014552,BACKFILL_AUTO
2026-05-23 10:56:24,1779533784,BOOM900,9468.732,-1,0.0030000000006111804,BACKFILL_AUTO
2026-05-23 10:56:25,1779533785,BOOM900,9468.715,-1,0.016999999999825377,BACKFILL_AUTO
2026-05-23 10:56:26,1779533786,BOOM900,9468.712,-1,0.0030000000006111804,BACKFILL_AUTO
2026-05-23 10:56:27,1779533787,BOOM900,9468.702,-1,0.010000000000218279,BACKFILL_AUTO
2026-05-23 10:56:28,1779533788,BOOM900,9468.694,-1,0.007999999999810825,BACKFILL_AUTO
2026-05-23 10:56:29,1779533789,BOOM900,9468.693,-1,0.0010000000002037268,BACKFILL_AUTO
2026-05-23 10:56:30,1779533790,BOOM900,9468.678,-1,0.014999999999417923,BACKFILL_AUTO
2026-05-23 10:56:31,1779533791,BOOM900,9468.673,-1,0.004999999999199645,BACKFILL_AUTO
2026-05-23 10:56:32,1779533792,BOOM900,9468.662,-1,0.011000000000422006,BACKFILL_AUTO
2026-05-23 10:56:33,1779533793,BOOM900,9468.653,-1,0.009000000000014552,BACKFILL_AUTO
2026-05-23 10:56:34,1779533794,BOOM900,9468.634,-1,0.01900000000023283,BACKFILL_AUTO
2026-05-23 10:56:35,1779533795,BOOM900,9468.623,-1,0.011000000000422006,BACKFILL_AUTO
2026-05-23 10:56:36,1779533796,BOOM900,9468.619,-1,0.003999999998995918,BACKFILL_AUTO
2026-05-23 10:56:37,1779533797,BOOM900,9468.613,-1,0.006000000001222361,BACKFILL_AUTO
2026-05-23 10:56:38,1779533798,BOOM900,9468.599,-1,0.013999999999214197,BACKFILL_AUTO
2026-05-23 10:56:39,1779533799,BOOM900,9468.593,-1,0.0059999999994033715,BACKFILL_AUTO
2026-05-23 10:56:40,1779533800,BOOM900,9468.589,-1,0.004000000000814907,BACKFILL_AUTO
2026-05-23 10:56:41,1779533801,BOOM900,9468.583,-1,0.0059999999994033715,BACKFILL_AUTO
2026-05-23 10:56:42,1779533802,BOOM900,9468.575,-1,0.007999999999810825,BACKFILL_AUTO
2026-05-23 10:56:43,1779533803,BOOM900,9468.566,-1,0.009000000000014552,BACKFILL_AUTO
2026-05-23 10:56:44,1779533804,BOOM900,9468.561,-1,0.005000000001018634,BACKFILL_AUTO
2026-05-23 10:56:45,1779533805,BOOM900,9468.546,-1,0.014999999999417923,BACKFILL_AUTO
2026-05-23 10:56:46,1779533806,BOOM900,9468.536,-1,0.010000000000218279,BACKFILL_AUTO
2026-05-23 10:56:47,1779533807,BOOM900,9468.527,-1,0.009000000000014552,BACKFILL_AUTO
2026-05-23 10:56:48,1779533808,BOOM900,9468.515,-1,0.012000000000625732,BACKFILL_AUTO
2026-05-23 10:56:49,1779533809,BOOM900,9468.512,-1,0.002999999998792191,BACKFILL_AUTO
2026-05-23 10:56:50,1779533810,BOOM900,9468.49,-1,0.02200000000084401,BACKFILL_AUTO
2026-05-23 10:56:51,1779533811,BOOM900,9468.486,-1,0.003999999998995918,BACKFILL_AUTO
2026-05-23 10:56:52,1779533812,BOOM900,9468.481,-1,0.005000000001018634,BACKFILL_AUTO
2026-05-23 10:56:53,1779533813,BOOM900,9468.457,-1,0.023999999999432475,BACKFILL_AUTO
2026-05-23 10:56:54,1779533814,BOOM900,9468.449,-1,0.007999999999810825,BACKFILL_AUTO
2026-05-23 10:56:55,1779533815,BOOM900,9468.441,-1,0.007999999999810825,BACKFILL_AUTO
2026-05-23 10:56:56,1779533816,BOOM900,9468.438,-1,0.0030000000006111804,BACKFILL_AUTO
2026-05-23 10:56:57,1779533817,BOOM900,9468.429,-1,0.009000000000014552,BACKFILL_AUTO
2026-05-23 10:56:58,1779533818,BOOM900,9468.427,-1,0.0020000000004074536,BACKFILL_AUTO
2026-05-23 10:56:59,1779533819,BOOM900,9468.426,-1,0.0010000000002037268,BACKFILL_AUTO
2026-05-23 10:57:00,1779533820,BOOM900,9468.423,-1,0.002999999998792191,BACKFILL_AUTO
2026-05-23 10:57:01,1779533821,BOOM900,9468.408,-1,0.015000000001236913,BACKFILL_AUTO
2026-05-23 10:57:02,1779533822,BOOM900,9468.396,-1,0.011999999998806743,BACKFILL_AUTO
2026-05-23 10:57:03,1779533823,BOOM900,9468.393,-1,0.0030000000006111804,BACKFILL_AUTO
2026-05-23 10:57:04,1779533824,BOOM900,9468.379,-1,0.013999999999214197,BACKFILL_AUTO
2026-05-23 10:57:05,1779533825,BOOM900,9468.378,-1,0.0010000000002037268,BACKFILL_AUTO
2026-05-23 10:57:06,1779533826,BOOM900,9468.377,-1,0.0010000000002037268,BACKFILL_AUTO
2026-05-23 10:57:07,1779533827,BOOM900,9468.372,-1,0.005000000001018634,BACKFILL_AUTO
2026-05-23 10:57:08,1779533828,BOOM900,9468.371,-1,0.0010000000002037268,BACKFILL_AUTO
2026-05-23 10:57:09,1779533829,BOOM900,9468.37,-1,0.0009999999983847374,BACKFILL_AUTO
2026-05-23 10:57:10,1779533830,BOOM900,9468.341,-1,0.02900000000045111,BACKFILL_AUTO
2026-05-23 10:57:11,1779533831,BOOM900,9468.317,-1,0.024000000001251465,BACKFILL_AUTO
2026-05-23 10:57:12,1779533832,BOOM900,9468.313,-1,0.003999999998995918,BACKFILL_AUTO
2026-05-23 10:57:13,1779533833,BOOM900,9468.293,-1,0.020000000000436557,BACKFILL_AUTO
2026-05-23 10:57:14,1779533834,BOOM900,9468.285,-1,0.007999999999810825,BACKFILL_AUTO
2026-05-23 10:57:15,1779533835,BOOM900,9468.283,-1,0.0020000000004074536,BACKFILL_AUTO
2026-05-23 10:57:16,1779533836,BOOM900,9468.278,-1,0.004999999999199645,BACKFILL_AUTO
2026-05-23 10:57:17,1779533837,BOOM900,9468.265,-1,0.01300000000082946,BACKFILL_AUTO
2026-05-23 10:57:18,1779533838,BOOM900,9468.256,-1,0.009000000000014552,BACKFILL_AUTO
2026-05-23 10:57:19,1779533839,BOOM900,9468.234,-1,0.02199999999902502,BACKFILL_AUTO
2026-05-23 10:57:20,1779533840,BOOM900,9468.233,-1,0.0010000000002037268,BACKFILL_AUTO
2026-05-23 10:57:21,1779533841,BOOM900,9468.22,-1,0.01300000000082946,BACKFILL_AUTO
2026-05-23 10:57:22,1779533842,BOOM900,9468.214,-1,0.0059999999994033715,BACKFILL_AUTO
2026-05-23 10:57:23,1779533843,BOOM900,9468.21,-1,0.004000000000814907,BACKFILL_AUTO
2026-05-23 10:57:24,1779533844,BOOM900,9468.201,-1,0.009000000000014552,BACKFILL_AUTO
2026-05-23 10:57:25,1779533845,BOOM900,9468.193,-1,0.007999999999810825,BACKFILL_AUTO
2026-05-23 10:57:26,1779533846,BOOM900,9468.184,-1,0.009000000000014552,BACKFILL_AUTO
2026-05-23 10:57:27,1779533847,BOOM900,9468.16,-1,0.023999999999432475,BACKFILL_AUTO
2026-05-23 10:57:28,1779533848,BOOM900,9468.16,0,0.0,BACKFILL_AUTO
2026-05-23 10:57:29,1779533849,BOOM900,9468.147,-1,0.01299999999901047,BACKFILL_AUTO
2026-05-23 10:57:30,1779533850,BOOM900,9468.13,-1,0.017000000001644366,BACKFILL_AUTO
2026-05-23 10:57:31,1779533851,BOOM900,9468.125,-1,0.004999999999199645,BACKFILL_AUTO
2026-05-23 10:57:32,1779533852,BOOM900,9468.116,-1,0.009000000000014552,BACKFILL_AUTO
2026-05-23 10:57:33,1779533853,BOOM900,9468.098,-1,0.018000000000029104,BACKFILL_AUTO
2026-05-23 10:57:34,1779533854,BOOM900,9468.086,-1,0.012000000000625732,BACKFILL_AUTO
2026-05-23 10:57:35,1779533855,BOOM900,9468.081,-1,0.004999999999199645,BACKFILL_AUTO
2026-05-23 10:57:36,1779533856,BOOM900,9468.064,-1,0.016999999999825377,BACKFILL_AUTO
2026-05-23 10:57:37,1779533857,BOOM900,9468.059,-1,0.005000000001018634,BACKFILL_AUTO
2026-05-23 10:57:38,1779533858,BOOM900,9468.038,-1,0.020999999998821295,BACKFILL_AUTO
2026-05-23 10:57:39,1779533859,BOOM900,9468.032,-1,0.006000000001222361,BACKFILL_AUTO
2026-05-23 10:57:40,1779533860,BOOM900,9468.025,-1,0.006999999999607098,BACKFILL_AUTO
2026-05-23 10:57:41,1779533861,BOOM900,9468.011,-1,0.013999999999214197,BACKFILL_AUTO
2026-05-23 10:57:42,1779533862,BOOM900,9467.991,-1,0.020000000000436557,BACKFILL_AUTO
2026-05-23 10:57:43,1779533863,BOOM900,9467.979,-1,0.012000000000625732,BACKFILL_AUTO
2026-05-23 10:57:44,1779533864,BOOM900,9467.968,-1,0.010999999998603016,BACKFILL_AUTO
2026-05-23 10:57:45,1779533865,BOOM900,9467.965,-1,0.0030000000006111804,BACKFILL_AUTO
2026-05-23 10:57:46,1779533866,BOOM900,9467.955,-1,0.010000000000218279,BACKFILL_AUTO
2026-05-23 10:57:47,1779533867,BOOM900,9467.952,-1,0.0030000000006111804,BACKFILL_AUTO
2026-05-23 10:57:48,1779533868,BOOM900,9467.941,-1,0.010999999998603016,BACKFILL_AUTO
2026-05-23 10:57:49,1779533869,BOOM900,9467.924,-1,0.016999999999825377,BACKFILL_AUTO
2026-05-23 10:57:50,1779533870,BOOM900,9467.922,-1,0.0020000000004074536,BACKFILL_AUTO
2026-05-23 10:57:51,1779533871,BOOM900,9467.909,-1,0.01300000000082946,BACKFILL_AUTO
2026-05-23 10:57:52,1779533872,BOOM900,9467.905,-1,0.003999999998995918,BACKFILL_AUTO
2026-05-23 10:57:53,1779533873,BOOM900,9467.892,-1,0.01300000000082946,BACKFILL_AUTO
2026-05-23 10:57:54,1779533874,BOOM900,9467.876,-1,0.01599999999962165,BACKFILL_AUTO
2026-05-23 10:57:55,1779533875,BOOM900,9467.865,-1,0.011000000000422006,BACKFILL_AUTO
2026-05-23 10:57:56,1779533876,BOOM900,9467.86,-1,0.004999999999199645,BACKFILL_AUTO
2026-05-23 10:57:57,1779533877,BOOM900,9467.858,-1,0.0020000000004074536,BACKFILL_AUTO
2026-05-23 10:57:58,1779533878,BOOM900,9467.858,0,0.0,BACKFILL_AUTO
2026-05-23 10:57:59,1779533879,BOOM900,9467.844,-1,0.014000000001033186,BACKFILL_AUTO
2026-05-23 10:58:00,1779533880,BOOM900,9467.834,-1,0.00999999999839929,BACKFILL_AUTO
2026-05-23 10:58:01,1779533881,BOOM900,9467.834,0,0.0,BACKFILL_AUTO
2026-05-23 10:58:02,1779533882,BOOM900,9467.816,-1,0.018000000000029104,BACKFILL_AUTO
2026-05-23 10:58:03,1779533883,BOOM900,9467.813,-1,0.0030000000006111804,BACKFILL_AUTO
2026-05-23 10:58:04,1779533884,BOOM900,9467.806,-1,0.006999999999607098,BACKFILL_AUTO
2026-05-23 10:58:05,1779533885,BOOM900,9467.796,-1,0.010000000000218279,BACKFILL_AUTO
2026-05-23 10:58:06,1779533886,BOOM900,9467.779,-1,0.016999999999825377,BACKFILL_AUTO
2026-05-23 10:58:07,1779533887,BOOM900,9467.763,-1,0.01599999999962165,BACKFILL_AUTO
2026-05-23 10:58:08,1779533888,BOOM900,9467.754,-1,0.009000000000014552,BACKFILL_AUTO
2026-05-23 10:58:09,1779533889,BOOM900,9467.734,-1,0.020000000000436557,BACKFILL_AUTO
2026-05-23 10:58:10,1779533890,BOOM900,9467.723,-1,0.011000000000422006,BACKFILL_AUTO
2026-05-23 10:58:11,1779533891,BOOM900,9467.722,-1,0.0010000000002037268,BACKFILL_AUTO
2026-05-23 10:58:12,1779533892,BOOM900,9467.697,-1,0.024999999999636202,BACKFILL_AUTO
2026-05-23 10:58:13,1779533893,BOOM900,9467.685,-1,0.012000000000625732,BACKFILL_AUTO
2026-05-23 10:58:14,1779533894,BOOM900,9467.682,-1,0.002999999998792191,BACKFILL_AUTO
2026-05-23 10:58:15,1779533895,BOOM900,9467.664,-1,0.018000000000029104,BACKFILL_AUTO
2026-05-23 10:58:16,1779533896,BOOM900,9467.65,-1,0.014000000001033186,BACKFILL_AUTO
2026-05-23 10:58:17,1779533897,BOOM900,9467.617,-1,0.03299999999944703,BACKFILL_AUTO
2026-05-23 10:58:18,1779533898,BOOM900,9467.606,-1,0.011000000000422006,BACKFILL_AUTO
2026-05-23 10:58:19,1779533899,BOOM900,9467.598,-1,0.007999999999810825,BACKFILL_AUTO
2026-05-23 10:58:20,1779533900,BOOM900,9467.588,-1,0.010000000000218279,BACKFILL_AUTO
2026-05-23 10:58:21,1779533901,BOOM900,9467.565,-1,0.02299999999922875,BACKFILL_AUTO
2026-05-23 10:58:22,1779533902,BOOM900,9467.559,-1,0.006000000001222361,BACKFILL_AUTO
2026-05-23 10:58:23,1779533903,BOOM900,9467.549,-1,0.00999999999839929,BACKFILL_AUTO
2026-05-23 10:58:24,1779533904,BOOM900,9467.537,-1,0.012000000000625732,BACKFILL_AUTO
2026-05-23 10:58:25,1779533905,BOOM900,9467.527,-1,0.010000000000218279,BACKFILL_AUTO
2026-05-23 10:58:26,1779533906,BOOM900,9467.525,-1,0.0020000000004074536,BACKFILL_AUTO
2026-05-23 10:58:27,1779533907,BOOM900,9467.508,-1,0.016999999999825377,BACKFILL_AUTO
2026-05-23 10:58:28,1779533908,BOOM900,9467.502,-1,0.0059999999994033715,BACKFILL_AUTO
2026-05-23 10:58:29,1779533909,BOOM900,9467.49,-1,0.012000000000625732,BACKFILL_AUTO
2026-05-23 10:58:30,1779533910,BOOM900,9467.471,-1,0.01900000000023283,BACKFILL_AUTO
2026-05-23 10:58:31,1779533911,BOOM900,9467.459,-1,0.011999999998806743,BACKFILL_AUTO
2026-05-23 10:58:32,1779533912,BOOM900,9467.453,-1,0.006000000001222361,BACKFILL_AUTO
2026-05-23 10:58:33,1779533913,BOOM900,9467.438,-1,0.014999999999417923,BACKFILL_AUTO
2026-05-23 10:58:34,1779533914,BOOM900,9467.418,-1,0.020000000000436557,BACKFILL_AUTO
2026-05-23 10:58:35,1779533915,BOOM900,9467.416,-1,0.0020000000004074536,BACKFILL_AUTO
2026-05-23 10:58:36,1779533916,BOOM900,9467.398,-1,0.018000000000029104,BACKFILL_AUTO
2026-05-23 10:58:37,1779533917,BOOM900,9467.374,-1,0.023999999999432475,BACKFILL_AUTO
2026-05-23 10:58:38,1779533918,BOOM900,9467.364,-1,0.010000000000218279,BACKFILL_AUTO
2026-05-23 10:58:39,1779533919,BOOM900,9467.351,-1,0.01299999999901047,BACKFILL_AUTO
2026-05-23 10:58:40,1779533920,BOOM900,9467.334,-1,0.016999999999825377,BACKFILL_AUTO
2026-05-23 10:58:41,1779533921,BOOM900,9467.319,-1,0.015000000001236913,BACKFILL_AUTO
2026-05-23 10:58:42,1779533922,BOOM900,9467.313,-1,0.0059999999994033715,BACKFILL_AUTO
2026-05-23 10:58:43,1779533923,BOOM900,9467.31,-1,0.0030000000006111804,BACKFILL_AUTO
2026-05-23 10:58:44,1779533924,BOOM900,9467.296,-1,0.013999999999214197,BACKFILL_AUTO
2026-05-23 10:58:45,1779533925,BOOM900,9467.29,-1,0.0059999999994033715,BACKFILL_AUTO
2026-05-23 10:58:46,1779533926,BOOM900,9467.289,-1,0.0010000000002037268,BACKFILL_AUTO
2026-05-23 10:58:47,1779533927,BOOM900,9467.278,-1,0.011000000000422006,BACKFILL_AUTO
2026-05-23 10:58:48,1779533928,BOOM900,9467.276,-1,0.0020000000004074536,BACKFILL_AUTO
2026-05-23 10:58:49,1779533929,BOOM900,9467.256,-1,0.020000000000436557,BACKFILL_AUTO
2026-05-23 10:58:50,1779533930,BOOM900,9467.232,-1,0.023999999999432475,BACKFILL_AUTO
2026-05-23 10:58:51,1779533931,BOOM900,9467.228,-1,0.004000000000814907,BACKFILL_AUTO
2026-05-23 10:58:52,1779533932,BOOM900,9467.213,-1,0.014999999999417923,BACKFILL_AUTO
2026-05-23 10:58:53,1779533933,BOOM900,9467.209,-1,0.003999999998995918,BACKFILL_AUTO
2026-05-23 10:58:54,1779533934,BOOM900,9467.202,-1,0.007000000001426088,BACKFILL_AUTO
2026-05-23 10:58:55,1779533935,BOOM900,9467.19,-1,0.011999999998806743,BACKFILL_AUTO
2026-05-23 10:58:56,1779533936,BOOM900,9467.163,-1,0.027000000000043656,BACKFILL_AUTO
2026-05-23 10:58:57,1779533937,BOOM900,9467.157,-1,0.006000000001222361,BACKFILL_AUTO
2026-05-23 10:58:58,1779533938,BOOM900,9467.144,-1,0.01299999999901047,BACKFILL_AUTO
2026-05-23 10:58:59,1779533939,BOOM900,9467.126,-1,0.018000000000029104,BACKFILL_AUTO
2026-05-23 10:59:00,1779533940,BOOM900,9467.114,-1,0.012000000000625732,BACKFILL_AUTO
2026-05-23 10:59:01,1779533941,BOOM900,9467.102,-1,0.011999999998806743,BACKFILL_AUTO
2026-05-23 10:59:02,1779533942,BOOM900,9467.091,-1,0.011000000000422006,BACKFILL_AUTO
2026-05-23 10:59:03,1779533943,BOOM900,9467.072,-1,0.01900000000023283,BACKFILL_AUTO
2026-05-23 10:59:04,1779533944,BOOM900,9467.07,-1,0.0020000000004074536,BACKFILL_AUTO
2026-05-23 10:59:05,1779533945,BOOM900,9467.064,-1,0.0059999999994033715,BACKFILL_AUTO
2026-05-23 10:59:06,1779533946,BOOM900,9467.041,-1,0.023000000001047738,BACKFILL_AUTO
2026-05-23 10:59:07,1779533947,BOOM900,9467.037,-1,0.003999999998995918,BACKFILL_AUTO
2026-05-23 10:59:08,1779533948,BOOM900,9467.031,-1,0.0059999999994033715,BACKFILL_AUTO
2026-05-23 10:59:09,1779533949,BOOM900,9467.022,-1,0.009000000000014552,BACKFILL_AUTO
2026-05-23 10:59:10,1779533950,BOOM900,9467.021,-1,0.0010000000002037268,BACKFILL_AUTO
2026-05-23 10:59:11,1779533951,BOOM900,9467.005,-1,0.01600000000144064,BACKFILL_AUTO
2026-05-23 10:59:12,1779533952,BOOM900,9466.999,-1,0.0059999999994033715,BACKFILL_AUTO
2026-05-23 10:59:13,1779533953,BOOM900,9466.994,-1,0.004999999999199645,BACKFILL_AUTO
2026-05-23 10:59:14,1779533954,BOOM900,9466.992,-1,0.0020000000004074536,BACKFILL_AUTO
2026-05-23 10:59:15,1779533955,BOOM900,9466.986,-1,0.0059999999994033715,BACKFILL_AUTO
2026-05-23 10:59:16,1779533956,BOOM900,9466.977,-1,0.009000000000014552,BACKFILL_AUTO
2026-05-23 10:59:17,1779533957,BOOM900,9466.971,-1,0.006000000001222361,BACKFILL_AUTO
2026-05-23 10:59:18,1779533958,BOOM900,9466.963,-1,0.007999999999810825,BACKFILL_AUTO
2026-05-23 10:59:19,1779533959,BOOM900,9466.949,-1,0.013999999999214197,BACKFILL_AUTO
2026-05-23 10:59:20,1779533960,BOOM900,9466.923,-1,0.02599999999983993,BACKFILL_AUTO
2026-05-23 10:59:21,1779533961,BOOM900,9466.917,-1,0.006000000001222361,BACKFILL_AUTO
2026-05-23 10:59:22,1779533962,BOOM900,9466.906,-1,0.010999999998603016,BACKFILL_AUTO
2026-05-23 10:59:23,1779533963,BOOM900,9466.898,-1,0.008000000001629815,BACKFILL_AUTO
2026-05-23 10:59:24,1779533964,BOOM900,9466.896,-1,0.0019999999985884642,BACKFILL_AUTO
2026-05-23 10:59:25,1779533965,BOOM900,9466.887,-1,0.009000000000014552,BACKFILL_AUTO
2026-05-23 10:59:26,1779533966,BOOM900,9466.883,-1,0.004000000000814907,BACKFILL_AUTO
2026-05-23 10:59:27,1779533967,BOOM900,9466.882,-1,0.0010000000002037268,BACKFILL_AUTO
2026-05-23 10:59:28,1779533968,BOOM900,9466.86,-1,0.02199999999902502,BACKFILL_AUTO
2026-05-23 10:59:29,1779533969,BOOM900,9466.854,-1,0.006000000001222361,BACKFILL_AUTO
2026-05-23 10:59:30,1779533970,BOOM900,9466.837,-1,0.016999999999825377,BACKFILL_AUTO
2026-05-23 10:59:31,1779533971,BOOM900,9466.83,-1,0.006999999999607098,BACKFILL_AUTO
2026-05-23 10:59:32,1779533972,BOOM900,9466.82,-1,0.010000000000218279,BACKFILL_AUTO
2026-05-23 10:59:33,1779533973,BOOM900,9466.817,-1,0.0030000000006111804,BACKFILL_AUTO
2026-05-23 10:59:34,1779533974,BOOM900,9466.812,-1,0.004999999999199645,BACKFILL_AUTO
2026-05-23 10:59:35,1779533975,BOOM900,9466.805,-1,0.006999999999607098,BACKFILL_AUTO
2026-05-23 10:59:36,1779533976,BOOM900,9466.803,-1,0.0020000000004074536,BACKFILL_AUTO
2026-05-23 10:59:37,1779533977,BOOM900,9466.791,-1,0.012000000000625732,BACKFILL_AUTO
2026-05-23 10:59:38,1779533978,BOOM900,9466.773,-1,0.018000000000029104,BACKFILL_AUTO
2026-05-23 10:59:39,1779533979,BOOM900,9466.771,-1,0.0019999999985884642,BACKFILL_AUTO
2026-05-23 10:59:40,1779533980,BOOM900,9466.762,-1,0.009000000000014552,BACKFILL_AUTO
2026-05-23 10:59:41,1779533981,BOOM900,9466.748,-1,0.014000000001033186,BACKFILL_AUTO
2026-05-23 10:59:42,1779533982,BOOM900,9466.738,-1,0.010000000000218279,BACKFILL_AUTO
2026-05-23 10:59:43,1779533983,BOOM900,9466.723,-1,0.014999999999417923,BACKFILL_AUTO
2026-05-23 10:59:44,1779533984,BOOM900,9466.709,-1,0.013999999999214197,BACKFILL_AUTO
2026-05-23 10:59:45,1779533985,BOOM900,9466.706,-1,0.0030000000006111804,BACKFILL_AUTO
2026-05-23 10:59:46,1779533986,BOOM900,9466.703,-1,0.0030000000006111804,BACKFILL_AUTO
2026-05-23 10:59:47,1779533987,BOOM900,9466.701,-1,0.0020000000004074536,BACKFILL_AUTO
2026-05-23 10:59:48,1779533988,BOOM900,9466.684,-1,0.016999999999825377,BACKFILL_AUTO
2026-05-23 10:59:49,1779533989,BOOM900,9466.67,-1,0.013999999999214197,BACKFILL_AUTO
2026-05-23 10:59:50,1779533990,BOOM900,9466.657,-1,0.01300000000082946,BACKFILL_AUTO
2026-05-23 10:59:51,1779533991,BOOM900,9466.656,-1,0.0009999999983847374,BACKFILL_AUTO
2026-05-23 10:59:52,1779533992,BOOM900,9466.645,-1,0.011000000000422006,BACKFILL_AUTO
2026-05-23 10:59:53,1779533993,BOOM900,9466.641,-1,0.004000000000814907,BACKFILL_AUTO
2026-05-23 10:59:54,1779533994,BOOM900,9466.638,-1,0.002999999998792191,BACKFILL_AUTO
2026-05-23 10:59:55,1779533995,BOOM900,9466.636,-1,0.0020000000004074536,BACKFILL_AUTO
2026-05-23 10:59:56,1779533996,BOOM900,9466.632,-1,0.004000000000814907,BACKFILL_AUTO
2026-05-23 10:59:57,1779533997,BOOM900,9466.623,-1,0.009000000000014552,BACKFILL_AUTO
2026-05-23 10:59:58,1779533998,BOOM900,9466.614,-1,0.009000000000014552,BACKFILL_AUTO
2026-05-23 10:59:59,1779533999,BOOM900,9466.604,-1,0.010000000000218279,BACKFILL_AUTO
2026-05-23 11:00:00,1779534000,BOOM900,9466.585,-1,0.01900000000023283,BACKFILL_AUTO
2026-05-23 11:00:01,1779534001,BOOM900,9466.561,-1,0.023999999999432475,BACKFILL_AUTO
2026-05-23 11:00:02,1779534002,BOOM900,9466.55,-1,0.011000000000422006,BACKFILL_AUTO
2026-05-23 11:00:03,1779534003,BOOM900,9466.539,-1,0.010999999998603016,BACKFILL_AUTO
2026-05-23 11:00:04,1779534004,BOOM900,9466.537,-1,0.0020000000004074536,BACKFILL_AUTO
2026-05-23 11:00:05,1779534005,BOOM900,9466.518,-1,0.01900000000023283,BACKFILL_AUTO
2026-05-23 11:00:06,1779534006,BOOM900,9466.506,-1,0.012000000000625732,BACKFILL_AUTO
2026-05-23 11:00:07,1779534007,BOOM900,9466.502,-1,0.003999999998995918,BACKFILL_AUTO
2026-05-23 11:00:08,1779534008,BOOM900,9466.481,-1,0.021000000000640284,BACKFILL_AUTO
2026-05-23 11:00:09,1779534009,BOOM900,9466.474,-1,0.006999999999607098,BACKFILL_AUTO
2026-05-23 11:00:10,1779534010,BOOM900,9466.474,0,0.0,BACKFILL_AUTO
2026-05-23 11:00:11,1779534011,BOOM900,9466.468,-1,0.0059999999994033715,BACKFILL_AUTO
2026-05-23 11:00:12,1779534012,BOOM900,9466.461,-1,0.007000000001426088,BACKFILL_AUTO
2026-05-23 11:00:13,1779534013,BOOM900,9466.435,-1,0.02599999999983993,BACKFILL_AUTO
2026-05-23 11:00:14,1779534014,BOOM900,9466.424,-1,0.010999999998603016,BACKFILL_AUTO
2026-05-23 11:00:15,1779534015,BOOM900,9466.417,-1,0.007000000001426088,BACKFILL_AUTO
2026-05-23 11:00:16,1779534016,BOOM900,9466.416,-1,0.0010000000002037268,BACKFILL_AUTO
2026-05-23 11:00:17,1779534017,BOOM900,9466.413,-1,0.002999999998792191,BACKFILL_AUTO
2026-05-23 11:00:18,1779534018,BOOM900,9466.406,-1,0.006999999999607098,BACKFILL_AUTO
2026-05-23 11:00:19,1779534019,BOOM900,9466.406,0,0.0,BACKFILL_AUTO
2026-05-23 11:00:20,1779534020,BOOM900,9466.401,-1,0.005000000001018634,BACKFILL_AUTO
2026-05-23 11:00:21,1779534021,BOOM900,9466.4,-1,0.0010000000002037268,BACKFILL_AUTO
2026-05-23 11:00:22,1779534022,BOOM900,9466.387,-1,0.01299999999901047,BACKFILL_AUTO
2026-05-23 11:00:23,1779534023,BOOM900,9466.385,-1,0.0020000000004074536,BACKFILL_AUTO
2026-05-23 11:00:24,1779534024,BOOM900,9466.374,-1,0.011000000000422006,BACKFILL_AUTO
2026-05-23 11:00:25,1779534025,BOOM900,9466.359,-1,0.014999999999417923,BACKFILL_AUTO
2026-05-23 11:00:26,1779534026,BOOM900,9466.335,-1,0.024000000001251465,BACKFILL_AUTO
2026-05-23 11:00:27,1779534027,BOOM900,9466.329,-1,0.0059999999994033715,BACKFILL_AUTO
2026-05-23 11:00:28,1779534028,BOOM900,9466.305,-1,0.023999999999432475,BACKFILL_AUTO
2026-05-23 11:00:29,1779534029,BOOM900,9466.299,-1,0.0059999999994033715,BACKFILL_AUTO
2026-05-23 11:00:30,1779534030,BOOM900,9466.297,-1,0.0020000000004074536,BACKFILL_AUTO
2026-05-23 11:00:31,1779534031,BOOM900,9466.277,-1,0.020000000000436557,BACKFILL_AUTO
2026-05-23 11:00:32,1779534032,BOOM900,9466.274,-1,0.0030000000006111804,BACKFILL_AUTO
2026-05-23 11:00:33,1779534033,BOOM900,9466.259,-1,0.014999999999417923,BACKFILL_AUTO
2026-05-23 11:00:34,1779534034,BOOM900,9466.256,-1,0.0030000000006111804,BACKFILL_AUTO
2026-05-23 11:00:35,1779534035,BOOM900,9466.243,-1,0.01299999999901047,BACKFILL_AUTO
2026-05-23 11:00:36,1779534036,BOOM900,9466.214,-1,0.02900000000045111,BACKFILL_AUTO
2026-05-23 11:00:37,1779534037,BOOM900,9466.21,-1,0.004000000000814907,BACKFILL_AUTO
2026-05-23 11:00:38,1779534038,BOOM900,9466.189,-1,0.020999999998821295,BACKFILL_AUTO
2026-05-23 11:00:39,1779534039,BOOM900,9466.173,-1,0.01599999999962165,BACKFILL_AUTO
2026-05-23 11:00:40,1779534040,BOOM900,9466.162,-1,0.011000000000422006,BACKFILL_AUTO
2026-05-23 11:00:41,1779534041,BOOM900,9466.147,-1,0.014999999999417923,BACKFILL_AUTO
2026-05-23 11:00:42,1779534042,BOOM900,9466.143,-1,0.004000000000814907,BACKFILL_AUTO
2026-05-23 11:00:43,1779534043,BOOM900,9466.133,-1,0.010000000000218279,BACKFILL_AUTO
2026-05-23 11:00:44,1779534044,BOOM900,9466.124,-1,0.009000000000014552,BACKFILL_AUTO
2026-05-23 11:00:45,1779534045,BOOM900,9466.117,-1,0.006999999999607098,BACKFILL_AUTO
2026-05-23 11:00:46,1779534046,BOOM900,9466.087,-1,0.030000000000654836,BACKFILL_AUTO
2026-05-23 11:00:47,1779534047,BOOM900,9466.073,-1,0.013999999999214197,BACKFILL_AUTO
2026-05-23 11:00:48,1779534048,BOOM900,9466.056,-1,0.016999999999825377,BACKFILL_AUTO
2026-05-23 11:00:49,1779534049,BOOM900,9466.046,-1,0.010000000000218279,BACKFILL_AUTO
2026-05-23 11:00:50,1779534050,BOOM900,9466.045,-1,0.0010000000002037268,BACKFILL_AUTO
2026-05-23 11:00:51,1779534051,BOOM900,9466.018,-1,0.027000000000043656,BACKFILL_AUTO
2026-05-23 11:00:52,1779534052,BOOM900,9465.999,-1,0.01900000000023283,BACKFILL_AUTO
2026-05-23 11:00:53,1779534053,BOOM900,9465.992,-1,0.006999999999607098,BACKFILL_AUTO
2026-05-23 11:00:54,1779534054,BOOM900,9465.979,-1,0.01300000000082946,BACKFILL_AUTO
2026-05-23 11:00:55,1779534055,BOOM900,9465.966,-1,0.01299999999901047,BACKFILL_AUTO
2026-05-23 11:00:56,1779534056,BOOM900,9465.96,-1,0.006000000001222361,BACKFILL_AUTO
2026-05-23 11:00:57,1779534057,BOOM900,9465.959,-1,0.0009999999983847374,BACKFILL_AUTO
2026-05-23 11:00:58,1779534058,BOOM900,9465.945,-1,0.014000000001033186,BACKFILL_AUTO
2026-05-23 11:00:59,1779534059,BOOM900,9465.943,-1,0.0020000000004074536,BACKFILL_AUTO
2026-05-23 11:01:00,1779534060,BOOM900,9465.916,-1,0.027000000000043656,BACKFILL_AUTO
2026-05-23 11:01:01,1779534061,BOOM900,9465.902,-1,0.013999999999214197,BACKFILL_AUTO
2026-05-23 11:01:02,1779534062,BOOM900,9465.888,-1,0.013999999999214197,BACKFILL_AUTO
2026-05-23 11:01:03,1779534063,BOOM900,9465.881,-1,0.007000000001426088,BACKFILL_AUTO
2026-05-23 11:01:04,1779534064,BOOM900,9465.874,-1,0.006999999999607098,BACKFILL_AUTO
2026-05-23 11:01:05,1779534065,BOOM900,9465.862,-1,0.012000000000625732,BACKFILL_AUTO
2026-05-23 11:01:06,1779534066,BOOM900,9465.85,-1,0.011999999998806743,BACKFILL_AUTO
2026-05-23 11:01:07,1779534067,BOOM900,9465.838,-1,0.012000000000625732,BACKFILL_AUTO
2026-05-23 11:01:08,1779534068,BOOM900,9465.825,-1,0.01299999999901047,BACKFILL_AUTO
2026-05-23 11:01:09,1779534069,BOOM900,9465.819,-1,0.006000000001222361,BACKFILL_AUTO
2026-05-23 11:01:10,1779534070,BOOM900,9465.814,-1,0.004999999999199645,BACKFILL_AUTO
2026-05-23 11:01:11,1779534071,BOOM900,9465.808,-1,0.0059999999994033715,BACKFILL_AUTO
2026-05-23 11:01:12,1779534072,BOOM900,9465.789,-1,0.01900000000023283,BACKFILL_AUTO
2026-05-23 11:01:13,1779534073,BOOM900,9465.784,-1,0.005000000001018634,BACKFILL_AUTO
2026-05-23 11:01:14,1779534074,BOOM900,9465.784,0,0.0,BACKFILL_AUTO
2026-05-23 11:01:15,1779534075,BOOM900,9465.771,-1,0.01299999999901047,BACKFILL_AUTO
2026-05-23 11:01:16,1779534076,BOOM900,9465.76,-1,0.011000000000422006,BACKFILL_AUTO
2026-05-23 11:01:17,1779534077,BOOM900,9465.746,-1,0.014000000001033186,BACKFILL_AUTO
2026-05-23 11:01:18,1779534078,BOOM900,9465.745,-1,0.0009999999983847374,BACKFILL_AUTO
2026-05-23 11:01:19,1779534079,BOOM900,9465.744,-1,0.0010000000002037268,BACKFILL_AUTO
2026-05-23 11:01:20,1779534080,BOOM900,9465.737,-1,0.007000000001426088,BACKFILL_AUTO
2026-05-23 11:01:21,1779534081,BOOM900,9465.728,-1,0.009000000000014552,BACKFILL_AUTO
2026-05-23 11:01:22,1779534082,BOOM900,9465.716,-1,0.011999999998806743,BACKFILL_AUTO
2026-05-23 11:01:23,1779534083,BOOM900,9465.701,-1,0.015000000001236913,BACKFILL_AUTO
2026-05-23 11:01:24,1779534084,BOOM900,9465.701,0,0.0,BACKFILL_AUTO
2026-05-23 11:01:25,1779534085,BOOM900,9465.691,-1,0.00999999999839929,BACKFILL_AUTO
2026-05-23 11:01:26,1779534086,BOOM900,9465.687,-1,0.004000000000814907,BACKFILL_AUTO
2026-05-23 11:01:27,1779534087,BOOM900,9465.675,-1,0.012000000000625732,BACKFILL_AUTO
2026-05-23 11:01:28,1779534088,BOOM900,9465.668,-1,0.006999999999607098,BACKFILL_AUTO
2026-05-23 11:01:29,1779534089,BOOM900,9465.667,-1,0.0010000000002037268,BACKFILL_AUTO
2026-05-23 11:01:30,1779534090,BOOM900,9465.655,-1,0.011999999998806743,BACKFILL_AUTO
2026-05-23 11:01:31,1779534091,BOOM900,9465.644,-1,0.011000000000422006,BACKFILL_AUTO
2026-05-23 11:01:32,1779534092,BOOM900,9465.64,-1,0.004000000000814907,BACKFILL_AUTO
2026-05-23 11:01:33,1779534093,BOOM900,9465.629,-1,0.010999999998603016,BACKFILL_AUTO
2026-05-23 11:01:34,1779534094,BOOM900,9465.603,-1,0.02600000000165892,BACKFILL_AUTO
2026-05-23 11:01:35,1779534095,BOOM900,9465.602,-1,0.0009999999983847374,BACKFILL_AUTO
2026-05-23 11:01:36,1779534096,BOOM900,9465.591,-1,0.011000000000422006,BACKFILL_AUTO
2026-05-23 11:01:37,1779534097,BOOM900,9465.587,-1,0.004000000000814907,BACKFILL_AUTO
2026-05-23 11:01:38,1779534098,BOOM900,9465.577,-1,0.010000000000218279,BACKFILL_AUTO
2026-05-23 11:01:39,1779534099,BOOM900,9465.552,-1,0.024999999999636202,BACKFILL_AUTO
2026-05-23 11:01:40,1779534100,BOOM900,9465.534,-1,0.018000000000029104,BACKFILL_AUTO
2026-05-23 11:01:41,1779534101,BOOM900,9465.516,-1,0.018000000000029104,BACKFILL_AUTO
2026-05-23 11:01:42,1779534102,BOOM900,9465.508,-1,0.007999999999810825,BACKFILL_AUTO
2026-05-23 11:01:43,1779534103,BOOM900,9465.503,-1,0.004999999999199645,BACKFILL_AUTO
2026-05-23 11:01:44,1779534104,BOOM900,9465.502,-1,0.0010000000002037268,BACKFILL_AUTO
2026-05-23 11:01:45,1779534105,BOOM900,9465.497,-1,0.005000000001018634,BACKFILL_AUTO
2026-05-23 11:01:46,1779534106,BOOM900,9465.496,-1,0.0010000000002037268,BACKFILL_AUTO
2026-05-23 11:01:47,1779534107,BOOM900,9465.486,-1,0.00999999999839929,BACKFILL_AUTO
2026-05-23 11:01:48,1779534108,BOOM900,9465.464,-1,0.02200000000084401,BACKFILL_AUTO
2026-05-23 11:01:49,1779534109,BOOM900,9465.448,-1,0.01599999999962165,BACKFILL_AUTO
2026-05-23 11:01:50,1779534110,BOOM900,9465.443,-1,0.005000000001018634,BACKFILL_AUTO
2026-05-23 11:01:51,1779534111,BOOM900,9465.439,-1,0.003999999998995918,BACKFILL_AUTO
2026-05-23 11:01:52,1779534112,BOOM900,9465.431,-1,0.007999999999810825,BACKFILL_AUTO
2026-05-23 11:01:53,1779534113,BOOM900,9465.422,-1,0.009000000000014552,BACKFILL_AUTO
2026-05-23 11:01:54,1779534114,BOOM900,9465.415,-1,0.006999999999607098,BACKFILL_AUTO
2026-05-23 11:01:55,1779534115,BOOM900,9465.408,-1,0.007000000001426088,BACKFILL_AUTO
2026-05-23 11:01:56,1779534116,BOOM900,9465.395,-1,0.01299999999901047,BACKFILL_AUTO
2026-05-23 11:01:57,1779534117,BOOM900,9465.384,-1,0.011000000000422006,BACKFILL_AUTO
2026-05-23 11:01:58,1779534118,BOOM900,9465.359,-1,0.024999999999636202,BACKFILL_AUTO
2026-05-23 11:01:59,1779534119,BOOM900,9465.359,0,0.0,BACKFILL_AUTO
2026-05-23 11:02:00,1779534120,BOOM900,9465.343,-1,0.01599999999962165,BACKFILL_AUTO
2026-05-23 11:02:01,1779534121,BOOM900,9465.342,-1,0.0010000000002037268,BACKFILL_AUTO
2026-05-23 11:02:02,1779534122,BOOM900,9465.34,-1,0.0020000000004074536,BACKFILL_AUTO
2026-05-23 11:02:03,1779534123,BOOM900,9465.338,-1,0.0020000000004074536,BACKFILL_AUTO
2026-05-23 11:02:04,1779534124,BOOM900,9465.333,-1,0.004999999999199645,BACKFILL_AUTO
2026-05-23 11:02:05,1779534125,BOOM900,9465.319,-1,0.014000000001033186,BACKFILL_AUTO
2026-05-23 11:02:06,1779534126,BOOM900,9465.31,-1,0.009000000000014552,BACKFILL_AUTO
2026-05-23 11:02:07,1779534127,BOOM900,9465.308,-1,0.0019999999985884642,BACKFILL_AUTO
2026-05-23 11:02:08,1779534128,BOOM900,9465.303,-1,0.005000000001018634,BACKFILL_AUTO
2026-05-23 11:02:09,1779534129,BOOM900,9465.302,-1,0.0010000000002037268,BACKFILL_AUTO
2026-05-23 11:02:10,1779534130,BOOM900,9465.299,-1,0.002999999998792191,BACKFILL_AUTO
2026-05-23 11:02:11,1779534131,BOOM900,9465.29,-1,0.009000000000014552,BACKFILL_AUTO
2026-05-23 11:02:12,1779534132,BOOM900,9465.276,-1,0.014000000001033186,BACKFILL_AUTO
2026-05-23 11:02:13,1779534133,BOOM900,9465.254,-1,0.02199999999902502,BACKFILL_AUTO
2026-05-23 11:02:14,1779534134,BOOM900,9465.247,-1,0.007000000001426088,BACKFILL_AUTO
2026-05-23 11:02:15,1779534135,BOOM900,9465.245,-1,0.0019999999985884642,BACKFILL_AUTO
2026-05-23 11:02:16,1779534136,BOOM900,9465.245,0,0.0,BACKFILL_AUTO
2026-05-23 11:02:17,1779534137,BOOM900,9465.23,-1,0.015000000001236913,BACKFILL_AUTO
2026-05-23 11:02:18,1779534138,BOOM900,9465.215,-1,0.014999999999417923,BACKFILL_AUTO
2026-05-23 11:02:19,1779534139,BOOM900,9465.21,-1,0.005000000001018634,BACKFILL_AUTO
2026-05-23 11:02:20,1779534140,BOOM900,9465.203,-1,0.006999999999607098,BACKFILL_AUTO
2026-05-23 11:02:21,1779534141,BOOM900,9465.194,-1,0.009000000000014552,BACKFILL_AUTO
2026-05-23 11:02:22,1779534142,BOOM900,9465.192,-1,0.0020000000004074536,BACKFILL_AUTO
2026-05-23 11:02:23,1779534143,BOOM900,9465.188,-1,0.003999999998995918,BACKFILL_AUTO
2026-05-23 11:02:24,1779534144,BOOM900,9465.182,-1,0.0059999999994033715,BACKFILL_AUTO
2026-05-23 11:02:25,1779534145,BOOM900,9465.171,-1,0.011000000000422006,BACKFILL_AUTO
2026-05-23 11:02:26,1779534146,BOOM900,9465.169,-1,0.0020000000004074536,BACKFILL_AUTO
2026-05-23 11:02:27,1779534147,BOOM900,9465.16,-1,0.009000000000014552,BACKFILL_AUTO
2026-05-23 11:02:28,1779534148,BOOM900,9465.145,-1,0.014999999999417923,BACKFILL_AUTO
2026-05-23 11:02:29,1779534149,BOOM900,9465.142,-1,0.0030000000006111804,BACKFILL_AUTO
2026-05-23 11:02:30,1779534150,BOOM900,9465.137,-1,0.004999999999199645,BACKFILL_AUTO
2026-05-23 11:02:31,1779534151,BOOM900,9465.114,-1,0.023000000001047738,BACKFILL_AUTO
2026-05-23 11:02:32,1779534152,BOOM900,9465.093,-1,0.020999999998821295,BACKFILL_AUTO
2026-05-23 11:02:33,1779534153,BOOM900,9465.068,-1,0.02500000000145519,BACKFILL_AUTO
2026-05-23 11:02:34,1779534154,BOOM900,9465.045,-1,0.02299999999922875,BACKFILL_AUTO
2026-05-23 11:02:35,1779534155,BOOM900,9465.04,-1,0.004999999999199645,BACKFILL_AUTO
2026-05-23 11:02:36,1779534156,BOOM900,9465.035,-1,0.005000000001018634,BACKFILL_AUTO
2026-05-23 11:02:37,1779534157,BOOM900,9465.031,-1,0.003999999998995918,BACKFILL_AUTO
2026-05-23 11:02:38,1779534158,BOOM900,9465.019,-1,0.012000000000625732,BACKFILL_AUTO
2026-05-23 11:02:39,1779534159,BOOM900,9465.009,-1,0.010000000000218279,BACKFILL_AUTO
2026-05-23 11:02:40,1779534160,BOOM900,9465.008,-1,0.0010000000002037268,BACKFILL_AUTO
2026-05-23 11:02:41,1779534161,BOOM900,9464.999,-1,0.009000000000014552,BACKFILL_AUTO
2026-05-23 11:02:42,1779534162,BOOM900,9464.982,-1,0.016999999999825377,BACKFILL_AUTO
2026-05-23 11:02:43,1779534163,BOOM900,9464.981,-1,0.0010000000002037268,BACKFILL_AUTO
2026-05-23 11:02:44,1779534164,BOOM900,9464.956,-1,0.024999999999636202,BACKFILL_AUTO
2026-05-23 11:02:45,1779534165,BOOM900,9464.942,-1,0.014000000001033186,BACKFILL_AUTO
2026-05-23 11:02:46,1779534166,BOOM900,9464.94,-1,0.0019999999985884642,BACKFILL_AUTO
2026-05-23 11:02:47,1779534167,BOOM900,9464.923,-1,0.016999999999825377,BACKFILL_AUTO
2026-05-23 11:02:48,1779534168,BOOM900,9464.909,-1,0.014000000001033186,BACKFILL_AUTO
2026-05-23 11:02:49,1779534169,BOOM900,9464.902,-1,0.006999999999607098,BACKFILL_AUTO
2026-05-23 11:02:50,1779534170,BOOM900,9464.892,-1,0.010000000000218279,BACKFILL_AUTO
2026-05-23 11:02:51,1779534171,BOOM900,9464.87,-1,0.02199999999902502,BACKFILL_AUTO
2026-05-23 11:02:52,1779534172,BOOM900,9464.858,-1,0.012000000000625732,BACKFILL_AUTO
2026-05-23 11:02:53,1779534173,BOOM900,9464.835,-1,0.023000000001047738,BACKFILL_AUTO
2026-05-23 11:02:54,1779534174,BOOM900,9464.81,-1,0.024999999999636202,BACKFILL_AUTO
2026-05-23 11:02:55,1779534175,BOOM900,9464.798,-1,0.011999999998806743,BACKFILL_AUTO
2026-05-23 11:02:56,1779534176,BOOM900,9464.779,-1,0.01900000000023283,BACKFILL_AUTO
2026-05-23 11:02:57,1779534177,BOOM900,9464.77,-1,0.009000000000014552,BACKFILL_AUTO
2026-05-23 11:02:58,1779534178,BOOM900,9464.75,-1,0.020000000000436557,BACKFILL_AUTO
2026-05-23 11:02:59,1779534179,BOOM900,9464.743,-1,0.006999999999607098,BACKFILL_AUTO
2026-05-23 11:03:00,1779534180,BOOM900,9464.74,-1,0.0030000000006111804,BACKFILL_AUTO
2026-05-23 11:03:01,1779534181,BOOM900,9464.731,-1,0.009000000000014552,BACKFILL_AUTO
2026-05-23 11:03:02,1779534182,BOOM900,9464.701,-1,0.030000000000654836,BACKFILL_AUTO
2026-05-23 11:03:03,1779534183,BOOM900,9464.671,-1,0.029999999998835847,BACKFILL_AUTO
2026-05-23 11:03:04,1779534184,BOOM900,9464.67,-1,0.0010000000002037268,BACKFILL_AUTO
2026-05-23 11:03:05,1779534185,BOOM900,9464.66,-1,0.010000000000218279,BACKFILL_AUTO
2026-05-23 11:03:06,1779534186,BOOM900,9464.642,-1,0.018000000000029104,BACKFILL_AUTO
2026-05-23 11:03:07,1779534187,BOOM900,9464.641,-1,0.0010000000002037268,BACKFILL_AUTO
2026-05-23 11:03:08,1779534188,BOOM900,9464.626,-1,0.014999999999417923,BACKFILL_AUTO
2026-05-23 11:03:09,1779534189,BOOM900,9464.617,-1,0.009000000000014552,BACKFILL_AUTO
2026-05-23 11:03:10,1779534190,BOOM900,9464.603,-1,0.014000000001033186,BACKFILL_AUTO
2026-05-23 11:03:11,1779534191,BOOM900,9464.577,-1,0.02599999999983993,BACKFILL_AUTO
2026-05-23 11:03:12,1779534192,BOOM900,9464.575,-1,0.0019999999985884642,BACKFILL_AUTO
2026-05-23 11:03:13,1779534193,BOOM900,9464.567,-1,0.008000000001629815,BACKFILL_AUTO
2026-05-23 11:03:14,1779534194,BOOM900,9464.558,-1,0.008999999998195563,BACKFILL_AUTO
2026-05-23 11:03:15,1779534195,BOOM900,9464.551,-1,0.007000000001426088,BACKFILL_AUTO
2026-05-23 11:03:16,1779534196,BOOM900,9464.536,-1,0.014999999999417923,BACKFILL_AUTO
2026-05-23 11:03:17,1779534197,BOOM900,9464.536,0,0.0,BACKFILL_AUTO
2026-05-23 11:03:18,1779534198,BOOM900,9464.536,0,0.0,BACKFILL_AUTO
2026-05-23 11:03:19,1779534199,BOOM900,9464.515,-1,0.021000000000640284,BACKFILL_AUTO
2026-05-23 11:03:20,1779534200,BOOM900,9464.515,0,0.0,BACKFILL_AUTO
2026-05-23 11:03:21,1779534201,BOOM900,9464.495,-1,0.019999999998617568,BACKFILL_AUTO
2026-05-23 11:03:22,1779534202,BOOM900,9464.485,-1,0.010000000000218279,BACKFILL_AUTO
2026-05-23 11:03:23,1779534203,BOOM900,9464.482,-1,0.0030000000006111804,BACKFILL_AUTO
2026-05-23 11:03:24,1779534204,BOOM900,9464.468,-1,0.013999999999214197,BACKFILL_AUTO
2026-05-23 11:03:25,1779534205,BOOM900,9464.457,-1,0.011000000000422006,BACKFILL_AUTO
2026-05-23 11:03:26,1779534206,BOOM900,9464.434,-1,0.023000000001047738,BACKFILL_AUTO
2026-05-23 11:03:27,1779534207,BOOM900,9464.432,-1,0.0019999999985884642,BACKFILL_AUTO
2026-05-23 11:03:28,1779534208,BOOM900,9464.417,-1,0.015000000001236913,BACKFILL_AUTO
2026-05-23 11:03:29,1779534209,BOOM900,9464.415,-1,0.0019999999985884642,BACKFILL_AUTO
2026-05-23 11:03:30,1779534210,BOOM900,9464.412,-1,0.0030000000006111804,BACKFILL_AUTO
2026-05-23 11:03:31,1779534211,BOOM900,9464.404,-1,0.007999999999810825,BACKFILL_AUTO
2026-05-23 11:03:32,1779534212,BOOM900,9464.394,-1,0.010000000000218279,BACKFILL_AUTO
2026-05-23 11:03:33,1779534213,BOOM900,9464.384,-1,0.010000000000218279,BACKFILL_AUTO
2026-05-23 11:03:34,1779534214,BOOM900,9464.382,-1,0.0020000000004074536,BACKFILL_AUTO
2026-05-23 11:03:35,1779534215,BOOM900,9464.379,-1,0.002999999998792191,BACKFILL_AUTO
2026-05-23 11:03:36,1779534216,BOOM900,9464.378,-1,0.0010000000002037268,BACKFILL_AUTO
2026-05-23 11:03:37,1779534217,BOOM900,9464.378,0,0.0,BACKFILL_AUTO
2026-05-23 11:03:38,1779534218,BOOM900,9464.378,0,0.0,BACKFILL_AUTO
2026-05-23 11:03:39,1779534219,BOOM900,9464.362,-1,0.01600000000144064,BACKFILL_AUTO
2026-05-23 11:03:40,1779534220,BOOM900,9464.343,-1,0.01899999999841384,BACKFILL_AUTO
2026-05-23 11:03:41,1779534221,BOOM900,9464.333,-1,0.010000000000218279,BACKFILL_AUTO
2026-05-23 11:03:42,1779534222,BOOM900,9464.325,-1,0.007999999999810825,BACKFILL_AUTO
2026-05-23 11:03:43,1779534223,BOOM900,9464.314,-1,0.011000000000422006,BACKFILL_AUTO
2026-05-23 11:03:44,1779534224,BOOM900,9464.299,-1,0.014999999999417923,BACKFILL_AUTO
2026-05-23 11:03:45,1779534225,BOOM900,9464.275,-1,0.024000000001251465,BACKFILL_AUTO
2026-05-23 11:03:46,1779534226,BOOM900,9464.262,-1,0.01299999999901047,BACKFILL_AUTO
2026-05-23 11:03:47,1779534227,BOOM900,9464.257,-1,0.005000000001018634,BACKFILL_AUTO
2026-05-23 11:03:48,1779534228,BOOM900,9464.25,-1,0.006999999999607098,BACKFILL_AUTO
2026-05-23 11:03:49,1779534229,BOOM900,9464.242,-1,0.007999999999810825,BACKFILL_AUTO
2026-05-23 11:03:50,1779534230,BOOM900,9464.238,-1,0.004000000000814907,BACKFILL_AUTO
2026-05-23 11:03:51,1779534231,BOOM900,9464.236,-1,0.0019999999985884642,BACKFILL_AUTO
2026-05-23 11:03:52,1779534232,BOOM900,9464.228,-1,0.008000000001629815,BACKFILL_AUTO
2026-05-23 11:03:53,1779534233,BOOM900,9464.227,-1,0.0009999999983847374,BACKFILL_AUTO
2026-05-23 11:03:54,1779534234,BOOM900,9464.22,-1,0.007000000001426088,BACKFILL_AUTO
2026-05-23 11:03:55,1779534235,BOOM900,9464.218,-1,0.0019999999985884642,BACKFILL_AUTO
2026-05-23 11:03:56,1779534236,BOOM900,9464.209,-1,0.009000000000014552,BACKFILL_AUTO
2026-05-23 11:03:57,1779534237,BOOM900,9464.183,-1,0.02599999999983993,BACKFILL_AUTO
2026-05-23 11:03:58,1779534238,BOOM900,9464.156,-1,0.027000000000043656,BACKFILL_AUTO
2026-05-23 11:03:59,1779534239,BOOM900,9464.151,-1,0.005000000001018634,BACKFILL_AUTO
2026-05-23 11:04:00,1779534240,BOOM900,9464.151,0,0.0,BACKFILL_AUTO
2026-05-23 11:04:01,1779534241,BOOM900,9464.132,-1,0.01900000000023283,BACKFILL_AUTO
2026-05-23 11:04:02,1779534242,BOOM900,9464.126,-1,0.0059999999994033715,BACKFILL_AUTO
2026-05-23 11:04:03,1779534243,BOOM900,9464.117,-1,0.009000000000014552,BACKFILL_AUTO
2026-05-23 11:04:04,1779534244,BOOM900,9464.092,-1,0.024999999999636202,BACKFILL_AUTO
2026-05-23 11:04:05,1779534245,BOOM900,9464.091,-1,0.0010000000002037268,BACKFILL_AUTO
2026-05-23 11:04:06,1779534246,BOOM900,9464.085,-1,0.006000000001222361,BACKFILL_AUTO
2026-05-23 11:04:07,1779534247,BOOM900,9464.064,-1,0.020999999998821295,BACKFILL_AUTO
2026-05-23 11:04:08,1779534248,BOOM900,9464.051,-1,0.01300000000082946,BACKFILL_AUTO
2026-05-23 11:04:09,1779534249,BOOM900,9464.046,-1,0.004999999999199645,BACKFILL_AUTO
2026-05-23 11:04:10,1779534250,BOOM900,9464.029,-1,0.016999999999825377,BACKFILL_AUTO
2026-05-23 11:04:11,1779534251,BOOM900,9464.021,-1,0.007999999999810825,BACKFILL_AUTO
2026-05-23 11:04:12,1779534252,BOOM900,9463.995,-1,0.02599999999983993,BACKFILL_AUTO
2026-05-23 11:04:13,1779534253,BOOM900,9463.981,-1,0.014000000001033186,BACKFILL_AUTO
2026-05-23 11:04:14,1779534254,BOOM900,9463.972,-1,0.009000000000014552,BACKFILL_AUTO
2026-05-23 11:04:15,1779534255,BOOM900,9463.954,-1,0.018000000000029104,BACKFILL_AUTO
2026-05-23 11:04:16,1779534256,BOOM900,9463.943,-1,0.011000000000422006,BACKFILL_AUTO
2026-05-23 11:04:17,1779534257,BOOM900,9463.94,-1,0.002999999998792191,BACKFILL_AUTO
2026-05-23 11:04:18,1779534258,BOOM900,9463.936,-1,0.004000000000814907,BACKFILL_AUTO
2026-05-23 11:04:19,1779534259,BOOM900,9463.926,-1,0.010000000000218279,BACKFILL_AUTO
2026-05-23 11:04:20,1779534260,BOOM900,9463.922,-1,0.003999999998995918,BACKFILL_AUTO
2026-05-23 11:04:21,1779534261,BOOM900,9463.895,-1,0.027000000000043656,BACKFILL_AUTO
2026-05-23 11:04:22,1779534262,BOOM900,9463.89,-1,0.005000000001018634,BACKFILL_AUTO
2026-05-23 11:04:23,1779534263,BOOM900,9463.886,-1,0.003999999998995918,BACKFILL_AUTO
2026-05-23 11:04:24,1779534264,BOOM900,9463.857,-1,0.02900000000045111,BACKFILL_AUTO
2026-05-23 11:04:25,1779534265,BOOM900,9463.847,-1,0.010000000000218279,BACKFILL_AUTO
2026-05-23 11:04:26,1779534266,BOOM900,9463.837,-1,0.010000000000218279,BACKFILL_AUTO
2026-05-23 11:04:27,1779534267,BOOM900,9463.832,-1,0.004999999999199645,BACKFILL_AUTO
2026-05-23 11:04:28,1779534268,BOOM900,9463.808,-1,0.023999999999432475,BACKFILL_AUTO
2026-05-23 11:04:29,1779534269,BOOM900,9463.791,-1,0.017000000001644366,BACKFILL_AUTO
2026-05-23 11:04:30,1779534270,BOOM900,9463.786,-1,0.004999999999199645,BACKFILL_AUTO
2026-05-23 11:04:31,1779534271,BOOM900,9463.768,-1,0.018000000000029104,BACKFILL_AUTO
2026-05-23 11:04:32,1779534272,BOOM900,9463.748,-1,0.020000000000436557,BACKFILL_AUTO
2026-05-23 11:04:33,1779534273,BOOM900,9463.739,-1,0.009000000000014552,BACKFILL_AUTO
2026-05-23 11:04:34,1779534274,BOOM900,9463.729,-1,0.010000000000218279,BACKFILL_AUTO
2026-05-23 11:04:35,1779534275,BOOM900,9463.724,-1,0.004999999999199645,BACKFILL_AUTO
2026-05-23 11:04:36,1779534276,BOOM900,9463.72,-1,0.004000000000814907,BACKFILL_AUTO
2026-05-23 11:04:37,1779534277,BOOM900,9463.703,-1,0.016999999999825377,BACKFILL_AUTO
2026-05-23 11:04:38,1779534278,BOOM900,9463.694,-1,0.009000000000014552,BACKFILL_AUTO
2026-05-23 11:04:39,1779534279,BOOM900,9463.668,-1,0.02599999999983993,BACKFILL_AUTO
2026-05-23 11:04:40,1779534280,BOOM900,9463.646,-1,0.02199999999902502,BACKFILL_AUTO
2026-05-23 11:04:41,1779534281,BOOM900,9463.635,-1,0.011000000000422006,BACKFILL_AUTO
2026-05-23 11:04:42,1779534282,BOOM900,9463.616,-1,0.01900000000023283,BACKFILL_AUTO
2026-05-23 11:04:43,1779534283,BOOM900,9463.61,-1,0.0059999999994033715,BACKFILL_AUTO
2026-05-23 11:04:44,1779534284,BOOM900,9463.602,-1,0.007999999999810825,BACKFILL_AUTO
2026-05-23 11:04:45,1779534285,BOOM900,9463.593,-1,0.009000000000014552,BACKFILL_AUTO
2026-05-23 11:04:46,1779534286,BOOM900,9463.591,-1,0.0020000000004074536,BACKFILL_AUTO
2026-05-23 11:04:47,1779534287,BOOM900,9463.585,-1,0.006000000001222361,BACKFILL_AUTO
2026-05-23 11:04:48,1779534288,BOOM900,9463.558,-1,0.026999999998224666,BACKFILL_AUTO
2026-05-23 11:04:49,1779534289,BOOM900,9463.547,-1,0.011000000000422006,BACKFILL_AUTO
2026-05-23 11:04:50,1779534290,BOOM900,9463.529,-1,0.018000000000029104,BACKFILL_AUTO
2026-05-23 11:04:51,1779534291,BOOM900,9463.515,-1,0.014000000001033186,BACKFILL_AUTO
2026-05-23 11:04:52,1779534292,BOOM900,9463.5,-1,0.014999999999417923,BACKFILL_AUTO
2026-05-23 11:04:53,1779534293,BOOM900,9463.499,-1,0.0010000000002037268,BACKFILL_AUTO
2026-05-23 11:04:54,1779534294,BOOM900,9463.497,-1,0.0020000000004074536,BACKFILL_AUTO
2026-05-23 11:04:55,1779534295,BOOM900,9463.474,-1,0.02299999999922875,BACKFILL_AUTO
2026-05-23 11:04:56,1779534296,BOOM900,9463.456,-1,0.018000000000029104,BACKFILL_AUTO
2026-05-23 11:04:57,1779534297,BOOM900,9463.451,-1,0.005000000001018634,BACKFILL_AUTO
2026-05-23 11:04:58,1779534298,BOOM900,9463.45,-1,0.0009999999983847374,BACKFILL_AUTO
2026-05-23 11:04:59,1779534299,BOOM900,9463.44,-1,0.010000000000218279,BACKFILL_AUTO
2026-05-23 11:05:00,1779534300,BOOM900,9463.435,-1,0.005000000001018634,BACKFILL_AUTO
2026-05-23 11:05:01,1779534301,BOOM900,9463.433,-1,0.0019999999985884642,BACKFILL_AUTO
2026-05-23 11:05:02,1779534302,BOOM900,9463.418,-1,0.015000000001236913,BACKFILL_AUTO
2026-05-23 11:05:03,1779534303,BOOM900,9463.389,-1,0.02900000000045111,BACKFILL_AUTO
2026-05-23 11:05:04,1779534304,BOOM900,9463.389,0,0.0,BACKFILL_AUTO
2026-05-23 11:05:05,1779534305,BOOM900,9463.384,-1,0.004999999999199645,BACKFILL_AUTO
2026-05-23 11:05:06,1779534306,BOOM900,9463.369,-1,0.014999999999417923,BACKFILL_AUTO
2026-05-23 11:05:07,1779534307,BOOM900,9463.355,-1,0.014000000001033186,BACKFILL_AUTO
2026-05-23 11:05:08,1779534308,BOOM900,9463.345,-1,0.010000000000218279,BACKFILL_AUTO
2026-05-23 11:05:09,1779534309,BOOM900,9463.339,-1,0.0059999999994033715,BACKFILL_AUTO
2026-05-23 11:05:10,1779534310,BOOM900,9463.337,-1,0.0020000000004074536,BACKFILL_AUTO
2026-05-23 11:05:11,1779534311,BOOM900,9463.334,-1,0.002999999998792191,BACKFILL_AUTO
2026-05-23 11:05:12,1779534312,BOOM900,9463.324,-1,0.010000000000218279,BACKFILL_AUTO
2026-05-23 11:05:13,1779534313,BOOM900,9463.309,-1,0.015000000001236913,BACKFILL_AUTO
2026-05-23 11:05:14,1779534314,BOOM900,9463.298,-1,0.010999999998603016,BACKFILL_AUTO
2026-05-23 11:05:15,1779534315,BOOM900,9463.284,-1,0.014000000001033186,BACKFILL_AUTO
2026-05-23 11:05:16,1779534316,BOOM900,9463.269,-1,0.014999999999417923,BACKFILL_AUTO
2026-05-23 11:05:17,1779534317,BOOM900,9463.262,-1,0.006999999999607098,BACKFILL_AUTO
2026-05-23 11:05:18,1779534318,BOOM900,9463.247,-1,0.015000000001236913,BACKFILL_AUTO
2026-05-23 11:05:19,1779534319,BOOM900,9463.223,-1,0.023999999999432475,BACKFILL_AUTO
2026-05-23 11:05:20,1779534320,BOOM900,9463.196,-1,0.027000000000043656,BACKFILL_AUTO
2026-05-23 11:05:21,1779534321,BOOM900,9463.189,-1,0.006999999999607098,BACKFILL_AUTO
2026-05-23 11:05:22,1779534322,BOOM900,9463.173,-1,0.01599999999962165,BACKFILL_AUTO
2026-05-23 11:05:23,1779534323,BOOM900,9463.168,-1,0.005000000001018634,BACKFILL_AUTO
2026-05-23 11:05:24,1779534324,BOOM900,9463.162,-1,0.0059999999994033715,BACKFILL_AUTO
2026-05-23 11:05:25,1779534325,BOOM900,9463.154,-1,0.007999999999810825,BACKFILL_AUTO
2026-05-23 11:05:26,1779534326,BOOM900,9463.136,-1,0.018000000000029104,BACKFILL_AUTO
2026-05-23 11:05:27,1779534327,BOOM900,9463.124,-1,0.012000000000625732,BACKFILL_AUTO
2026-05-23 11:05:28,1779534328,BOOM900,9463.102,-1,0.02199999999902502,BACKFILL_AUTO
2026-05-23 11:05:29,1779534329,BOOM900,9463.085,-1,0.017000000001644366,BACKFILL_AUTO
2026-05-23 11:05:30,1779534330,BOOM900,9463.084,-1,0.0009999999983847374,BACKFILL_AUTO
2026-05-23 11:05:31,1779534331,BOOM900,9463.079,-1,0.005000000001018634,BACKFILL_AUTO
2026-05-23 11:05:32,1779534332,BOOM900,9463.076,-1,0.0030000000006111804,BACKFILL_AUTO
2026-05-23 11:05:33,1779534333,BOOM900,9463.073,-1,0.002999999998792191,BACKFILL_AUTO
2026-05-23 11:05:34,1779534334,BOOM900,9463.061,-1,0.012000000000625732,BACKFILL_AUTO
2026-05-23 11:05:35,1779534335,BOOM900,9463.053,-1,0.007999999999810825,BACKFILL_AUTO
2026-05-23 11:05:36,1779534336,BOOM900,9463.049,-1,0.003999999998995918,BACKFILL_AUTO
2026-05-23 11:05:37,1779534337,BOOM900,9463.045,-1,0.004000000000814907,BACKFILL_AUTO
2026-05-23 11:05:38,1779534338,BOOM900,9463.039,-1,0.0059999999994033715,BACKFILL_AUTO
2026-05-23 11:05:39,1779534339,BOOM900,9463.024,-1,0.015000000001236913,BACKFILL_AUTO
2026-05-23 11:05:40,1779534340,BOOM900,9463.012,-1,0.011999999998806743,BACKFILL_AUTO
2026-05-23 11:05:41,1779534341,BOOM900,9463.009,-1,0.0030000000006111804,BACKFILL_AUTO
2026-05-23 11:05:42,1779534342,BOOM900,9462.997,-1,0.012000000000625732,BACKFILL_AUTO
2026-05-23 11:05:43,1779534343,BOOM900,9462.984,-1,0.01299999999901047,BACKFILL_AUTO
2026-05-23 11:05:44,1779534344,BOOM900,9462.96,-1,0.024000000001251465,BACKFILL_AUTO
2026-05-23 11:05:45,1779534345,BOOM900,9462.949,-1,0.010999999998603016,BACKFILL_AUTO
2026-05-23 11:05:46,1779534346,BOOM900,9462.941,-1,0.007999999999810825,BACKFILL_AUTO
2026-05-23 11:05:47,1779534347,BOOM900,9462.916,-1,0.02500000000145519,BACKFILL_AUTO
2026-05-23 11:05:48,1779534348,BOOM900,9462.904,-1,0.011999999998806743,BACKFILL_AUTO
2026-05-23 11:05:49,1779534349,BOOM900,9462.894,-1,0.010000000000218279,BACKFILL_AUTO
2026-05-23 11:05:50,1779534350,BOOM900,9462.891,-1,0.0030000000006111804,BACKFILL_AUTO
2026-05-23 11:05:51,1779534351,BOOM900,9462.867,-1,0.023999999999432475,BACKFILL_AUTO
2026-05-23 11:05:52,1779534352,BOOM900,9462.867,0,0.0,BACKFILL_AUTO
2026-05-23 11:05:53,1779534353,BOOM900,9462.864,-1,0.0030000000006111804,BACKFILL_AUTO
2026-05-23 11:05:54,1779534354,BOOM900,9462.839,-1,0.024999999999636202,BACKFILL_AUTO
2026-05-23 11:05:55,1779534355,BOOM900,9462.826,-1,0.01300000000082946,BACKFILL_AUTO
2026-05-23 11:05:56,1779534356,BOOM900,9462.81,-1,0.01599999999962165,BACKFILL_AUTO
2026-05-23 11:05:57,1779534357,BOOM900,9462.791,-1,0.01900000000023283,BACKFILL_AUTO
2026-05-23 11:05:58,1779534358,BOOM900,9462.779,-1,0.011999999998806743,BACKFILL_AUTO
2026-05-23 11:05:59,1779534359,BOOM900,9462.773,-1,0.006000000001222361,BACKFILL_AUTO
2026-05-23 11:06:00,1779534360,BOOM900,9462.77,-1,0.002999999998792191,BACKFILL_AUTO
2026-05-23 11:06:01,1779534361,BOOM900,9462.763,-1,0.006999999999607098,BACKFILL_AUTO
2026-05-23 11:06:02,1779534362,BOOM900,9462.761,-1,0.0020000000004074536,BACKFILL_AUTO
2026-05-23 11:06:03,1779534363,BOOM900,9462.748,-1,0.01300000000082946,BACKFILL_AUTO
2026-05-23 11:06:04,1779534364,BOOM900,9462.739,-1,0.009000000000014552,BACKFILL_AUTO
2026-05-23 11:06:05,1779534365,BOOM900,9462.721,-1,0.018000000000029104,BACKFILL_AUTO
2026-05-23 11:06:06,1779534366,BOOM900,9462.713,-1,0.007999999999810825,BACKFILL_AUTO
2026-05-23 11:06:07,1779534367,BOOM900,9462.712,-1,0.0010000000002037268,BACKFILL_AUTO
2026-05-23 11:06:08,1779534368,BOOM900,9462.685,-1,0.027000000000043656,BACKFILL_AUTO
2026-05-23 11:06:09,1779534369,BOOM900,9462.657,-1,0.028000000000247383,BACKFILL_AUTO
2026-05-23 11:06:10,1779534370,BOOM900,9462.635,-1,0.02199999999902502,BACKFILL_AUTO
2026-05-23 11:06:11,1779534371,BOOM900,9462.609,-1,0.02599999999983993,BACKFILL_AUTO
2026-05-23 11:06:12,1779534372,BOOM900,9462.598,-1,0.011000000000422006,BACKFILL_AUTO
2026-05-23 11:06:13,1779534373,BOOM900,9462.598,0,0.0,BACKFILL_AUTO
2026-05-23 11:06:14,1779534374,BOOM900,9462.594,-1,0.004000000000814907,BACKFILL_AUTO
2026-05-23 11:06:15,1779534375,BOOM900,9462.583,-1,0.010999999998603016,BACKFILL_AUTO
2026-05-23 11:06:16,1779534376,BOOM900,9462.581,-1,0.0020000000004074536,BACKFILL_AUTO
2026-05-23 11:06:17,1779534377,BOOM900,9462.568,-1,0.01300000000082946,BACKFILL_AUTO
2026-05-23 11:06:18,1779534378,BOOM900,9462.564,-1,0.003999999998995918,BACKFILL_AUTO
2026-05-23 11:06:19,1779534379,BOOM900,9462.55,-1,0.014000000001033186,BACKFILL_AUTO
2026-05-23 11:06:20,1779534380,BOOM900,9462.534,-1,0.01599999999962165,BACKFILL_AUTO
2026-05-23 11:06:21,1779534381,BOOM900,9462.518,-1,0.01599999999962165,BACKFILL_AUTO
2026-05-23 11:06:22,1779534382,BOOM900,9462.496,-1,0.02200000000084401,BACKFILL_AUTO
2026-05-23 11:06:23,1779534383,BOOM900,9462.479,-1,0.016999999999825377,BACKFILL_AUTO
2026-05-23 11:06:24,1779534384,BOOM900,9462.478,-1,0.0010000000002037268,BACKFILL_AUTO
2026-05-23 11:06:25,1779534385,BOOM900,9462.475,-1,0.002999999998792191,BACKFILL_AUTO
2026-05-23 11:06:26,1779534386,BOOM900,9462.452,-1,0.023000000001047738,BACKFILL_AUTO
2026-05-23 11:06:27,1779534387,BOOM900,9462.437,-1,0.014999999999417923,BACKFILL_AUTO
2026-05-23 11:06:28,1779534388,BOOM900,9462.436,-1,0.0010000000002037268,BACKFILL_AUTO
2026-05-23 11:06:29,1779534389,BOOM900,9462.432,-1,0.003999999998995918,BACKFILL_AUTO
2026-05-23 11:06:30,1779534390,BOOM900,9462.418,-1,0.014000000001033186,BACKFILL_AUTO
2026-05-23 11:06:31,1779534391,BOOM900,9462.396,-1,0.02199999999902502,BACKFILL_AUTO
2026-05-23 11:06:32,1779534392,BOOM900,9462.395,-1,0.0010000000002037268,BACKFILL_AUTO
2026-05-23 11:06:33,1779534393,BOOM900,9462.38,-1,0.015000000001236913,BACKFILL_AUTO
2026-05-23 11:06:34,1779534394,BOOM900,9462.361,-1,0.01899999999841384,BACKFILL_AUTO
2026-05-23 11:06:35,1779534395,BOOM900,9462.35,-1,0.011000000000422006,BACKFILL_AUTO
2026-05-23 11:06:36,1779534396,BOOM900,9462.337,-1,0.01300000000082946,BACKFILL_AUTO
2026-05-23 11:06:37,1779534397,BOOM900,9462.337,0,0.0,BACKFILL_AUTO
2026-05-23 11:06:38,1779534398,BOOM900,9462.33,-1,0.006999999999607098,BACKFILL_AUTO
2026-05-23 11:06:39,1779534399,BOOM900,9462.316,-1,0.013999999999214197,BACKFILL_AUTO
2026-05-23 11:06:40,1779534400,BOOM900,9462.311,-1,0.005000000001018634,BACKFILL_AUTO
2026-05-23 11:06:41,1779534401,BOOM900,9462.309,-1,0.0020000000004074536,BACKFILL_AUTO
2026-05-23 11:06:42,1779534402,BOOM900,9462.287,-1,0.02199999999902502,BACKFILL_AUTO
2026-05-23 11:06:43,1779534403,BOOM900,9462.285,-1,0.0020000000004074536,BACKFILL_AUTO
2026-05-23 11:06:44,1779534404,BOOM900,9462.265,-1,0.020000000000436557,BACKFILL_AUTO
2026-05-23 11:06:45,1779534405,BOOM900,9462.258,-1,0.006999999999607098,BACKFILL_AUTO
2026-05-23 11:06:46,1779534406,BOOM900,9462.253,-1,0.004999999999199645,BACKFILL_AUTO
2026-05-23 11:06:47,1779534407,BOOM900,9462.242,-1,0.011000000000422006,BACKFILL_AUTO
2026-05-23 11:06:48,1779534408,BOOM900,9462.224,-1,0.018000000000029104,BACKFILL_AUTO
2026-05-23 11:06:49,1779534409,BOOM900,9462.214,-1,0.010000000000218279,BACKFILL_AUTO
2026-05-23 11:06:50,1779534410,BOOM900,9462.213,-1,0.0010000000002037268,BACKFILL_AUTO
2026-05-23 11:06:51,1779534411,BOOM900,9462.199,-1,0.013999999999214197,BACKFILL_AUTO
2026-05-23 11:06:52,1779534412,BOOM900,9462.196,-1,0.0030000000006111804,BACKFILL_AUTO
2026-05-23 11:06:53,1779534413,BOOM900,9462.181,-1,0.014999999999417923,BACKFILL_AUTO
2026-05-23 11:06:54,1779534414,BOOM900,9462.171,-1,0.010000000000218279,BACKFILL_AUTO
2026-05-23 11:06:55,1779534415,BOOM900,9462.152,-1,0.01900000000023283,BACKFILL_AUTO
2026-05-23 11:06:56,1779534416,BOOM900,9462.136,-1,0.01599999999962165,BACKFILL_AUTO
2026-05-23 11:06:57,1779534417,BOOM900,9462.135,-1,0.0010000000002037268,BACKFILL_AUTO
2026-05-23 11:06:58,1779534418,BOOM900,9462.118,-1,0.016999999999825377,BACKFILL_AUTO
2026-05-23 11:06:59,1779534419,BOOM900,9462.115,-1,0.0030000000006111804,BACKFILL_AUTO
2026-05-23 11:07:00,1779534420,BOOM900,9462.104,-1,0.011000000000422006,BACKFILL_AUTO
2026-05-23 11:07:01,1779534421,BOOM900,9462.09,-1,0.013999999999214197,BACKFILL_AUTO
2026-05-23 11:07:02,1779534422,BOOM900,9462.088,-1,0.0020000000004074536,BACKFILL_AUTO
2026-05-23 11:07:03,1779534423,BOOM900,9462.059,-1,0.02900000000045111,BACKFILL_AUTO
2026-05-23 11:07:04,1779534424,BOOM900,9462.027,-1,0.0319999999992433,BACKFILL_AUTO
2026-05-23 11:07:05,1779534425,BOOM900,9462.022,-1,0.004999999999199645,BACKFILL_AUTO
2026-05-23 11:07:06,1779534426,BOOM900,9462.016,-1,0.006000000001222361,BACKFILL_AUTO
2026-05-23 11:07:07,1779534427,BOOM900,9462.01,-1,0.0059999999994033715,BACKFILL_AUTO
2026-05-23 11:07:08,1779534428,BOOM900,9462.01,0,0.0,BACKFILL_AUTO
2026-05-23 11:07:09,1779534429,BOOM900,9461.991,-1,0.01900000000023283,BACKFILL_AUTO
2026-05-23 11:07:10,1779534430,BOOM900,9461.977,-1,0.013999999999214197,BACKFILL_AUTO
2026-05-23 11:07:11,1779534431,BOOM900,9461.955,-1,0.02200000000084401,BACKFILL_AUTO
2026-05-23 11:07:12,1779534432,BOOM900,9461.938,-1,0.016999999999825377,BACKFILL_AUTO
2026-05-23 11:07:13,1779534433,BOOM900,9461.922,-1,0.01599999999962165,BACKFILL_AUTO
2026-05-23 11:07:14,1779534434,BOOM900,9461.91,-1,0.012000000000625732,BACKFILL_AUTO
2026-05-23 11:07:15,1779534435,BOOM900,9461.907,-1,0.0030000000006111804,BACKFILL_AUTO
2026-05-23 11:07:16,1779534436,BOOM900,9461.901,-1,0.0059999999994033715,BACKFILL_AUTO
2026-05-23 11:07:17,1779534437,BOOM900,9461.873,-1,0.028000000000247383,BACKFILL_AUTO
2026-05-23 11:07:18,1779534438,BOOM900,9461.867,-1,0.0059999999994033715,BACKFILL_AUTO
2026-05-23 11:07:19,1779534439,BOOM900,9461.856,-1,0.011000000000422006,BACKFILL_AUTO
2026-05-23 11:07:20,1779534440,BOOM900,9461.837,-1,0.01900000000023283,BACKFILL_AUTO
2026-05-23 11:07:21,1779534441,BOOM900,9461.834,-1,0.002999999998792191,BACKFILL_AUTO
2026-05-23 11:07:22,1779534442,BOOM900,9461.829,-1,0.005000000001018634,BACKFILL_AUTO
2026-05-23 11:07:23,1779534443,BOOM900,9461.816,-1,0.01299999999901047,BACKFILL_AUTO
2026-05-23 11:07:24,1779534444,BOOM900,9461.79,-1,0.02599999999983993,BACKFILL_AUTO
2026-05-23 11:07:25,1779534445,BOOM900,9461.78,-1,0.010000000000218279,BACKFILL_AUTO
2026-05-23 11:07:26,1779534446,BOOM900,9461.758,-1,0.02200000000084401,BACKFILL_AUTO
2026-05-23 11:07:27,1779534447,BOOM900,9461.753,-1,0.004999999999199645,BACKFILL_AUTO
2026-05-23 11:07:28,1779534448,BOOM900,9461.743,-1,0.010000000000218279,BACKFILL_AUTO
2026-05-23 11:07:29,1779534449,BOOM900,9461.74,-1,0.0030000000006111804,BACKFILL_AUTO
2026-05-23 11:07:30,1779534450,BOOM900,9461.72,-1,0.020000000000436557,BACKFILL_AUTO
2026-05-23 11:07:31,1779534451,BOOM900,9461.718,-1,0.0019999999985884642,BACKFILL_AUTO
2026-05-23 11:07:32,1779534452,BOOM900,9461.716,-1,0.0020000000004074536,BACKFILL_AUTO
2026-05-23 11:07:33,1779534453,BOOM900,9461.708,-1,0.007999999999810825,BACKFILL_AUTO
2026-05-23 11:07:34,1779534454,BOOM900,9461.707,-1,0.0010000000002037268,BACKFILL_AUTO
2026-05-23 11:07:35,1779534455,BOOM900,9461.694,-1,0.01300000000082946,BACKFILL_AUTO
2026-05-23 11:07:36,1779534456,BOOM900,9461.684,-1,0.010000000000218279,BACKFILL_AUTO
2026-05-23 11:07:37,1779534457,BOOM900,9461.67,-1,0.013999999999214197,BACKFILL_AUTO
2026-05-23 11:07:38,1779534458,BOOM900,9461.663,-1,0.006999999999607098,BACKFILL_AUTO
2026-05-23 11:07:39,1779534459,BOOM900,9461.65,-1,0.01300000000082946,BACKFILL_AUTO
2026-05-23 11:07:40,1779534460,BOOM900,9461.621,-1,0.02900000000045111,BACKFILL_AUTO
2026-05-23 11:07:41,1779534461,BOOM900,9461.618,-1,0.002999999998792191,BACKFILL_AUTO
2026-05-23 11:07:42,1779534462,BOOM900,9461.597,-1,0.021000000000640284,BACKFILL_AUTO
2026-05-23 11:07:43,1779534463,BOOM900,9461.59,-1,0.006999999999607098,BACKFILL_AUTO
2026-05-23 11:07:44,1779534464,BOOM900,9461.571,-1,0.01900000000023283,BACKFILL_AUTO
2026-05-23 11:07:45,1779534465,BOOM900,9461.557,-1,0.013999999999214197,BACKFILL_AUTO
2026-05-23 11:07:46,1779534466,BOOM900,9461.537,-1,0.020000000000436557,BACKFILL_AUTO
2026-05-23 11:07:47,1779534467,BOOM900,9461.536,-1,0.0010000000002037268,BACKFILL_AUTO
2026-05-23 11:07:48,1779534468,BOOM900,9461.533,-1,0.0030000000006111804,BACKFILL_AUTO
2026-05-23 11:07:49,1779534469,BOOM900,9461.52,-1,0.01299999999901047,BACKFILL_AUTO
2026-05-23 11:07:50,1779534470,BOOM900,9461.501,-1,0.01900000000023283,BACKFILL_AUTO
2026-05-23 11:07:51,1779534471,BOOM900,9461.492,-1,0.009000000000014552,BACKFILL_AUTO
2026-05-23 11:07:52,1779534472,BOOM900,9461.478,-1,0.014000000001033186,BACKFILL_AUTO
2026-05-23 11:07:53,1779534473,BOOM900,9461.473,-1,0.004999999999199645,BACKFILL_AUTO
2026-05-23 11:07:54,1779534474,BOOM900,9461.462,-1,0.011000000000422006,BACKFILL_AUTO
2026-05-23 11:07:55,1779534475,BOOM900,9461.46,-1,0.0020000000004074536,BACKFILL_AUTO
2026-05-23 11:07:56,1779534476,BOOM900,9461.45,-1,0.00999999999839929,BACKFILL_AUTO
2026-05-23 11:07:57,1779534477,BOOM900,9461.444,-1,0.006000000001222361,BACKFILL_AUTO
2026-05-23 11:07:58,1779534478,BOOM900,9461.426,-1,0.018000000000029104,BACKFILL_AUTO
2026-05-23 11:07:59,1779534479,BOOM900,9461.409,-1,0.016999999999825377,BACKFILL_AUTO
2026-05-23 11:08:00,1779534480,BOOM900,9461.399,-1,0.010000000000218279,BACKFILL_AUTO
2026-05-23 11:08:01,1779534481,BOOM900,9461.374,-1,0.024999999999636202,BACKFILL_AUTO
2026-05-23 11:08:02,1779534482,BOOM900,9461.37,-1,0.003999999998995918,BACKFILL_AUTO
2026-05-23 11:08:03,1779534483,BOOM900,9461.356,-1,0.014000000001033186,BACKFILL_AUTO
2026-05-23 11:08:04,1779534484,BOOM900,9461.343,-1,0.01299999999901047,BACKFILL_AUTO
2026-05-23 11:08:05,1779534485,BOOM900,9461.334,-1,0.009000000000014552,BACKFILL_AUTO
2026-05-23 11:08:06,1779534486,BOOM900,9461.322,-1,0.012000000000625732,BACKFILL_AUTO
2026-05-23 11:08:07,1779534487,BOOM900,9461.318,-1,0.004000000000814907,BACKFILL_AUTO
2026-05-23 11:08:08,1779534488,BOOM900,9461.309,-1,0.009000000000014552,BACKFILL_AUTO
2026-05-23 11:08:09,1779534489,BOOM900,9461.303,-1,0.0059999999994033715,BACKFILL_AUTO
2026-05-23 11:08:10,1779534490,BOOM900,9461.289,-1,0.013999999999214197,BACKFILL_AUTO
2026-05-23 11:08:11,1779534491,BOOM900,9461.278,-1,0.011000000000422006,BACKFILL_AUTO
2026-05-23 11:08:12,1779534492,BOOM900,9461.265,-1,0.01300000000082946,BACKFILL_AUTO
2026-05-23 11:08:13,1779534493,BOOM900,9461.26,-1,0.004999999999199645,BACKFILL_AUTO
2026-05-23 11:08:14,1779534494,BOOM900,9461.259,-1,0.0010000000002037268,BACKFILL_AUTO
2026-05-23 11:08:15,1779534495,BOOM900,9461.235,-1,0.023999999999432475,BACKFILL_AUTO
2026-05-23 11:08:16,1779534496,BOOM900,9461.231,-1,0.004000000000814907,BACKFILL_AUTO
2026-05-23 11:08:17,1779534497,BOOM900,9461.229,-1,0.0020000000004074536,BACKFILL_AUTO
2026-05-23 11:08:18,1779534498,BOOM900,9461.225,-1,0.003999999998995918,BACKFILL_AUTO
2026-05-23 11:08:19,1779534499,BOOM900,9461.211,-1,0.014000000001033186,BACKFILL_AUTO
2026-05-23 11:08:20,1779534500,BOOM900,9461.193,-1,0.018000000000029104,BACKFILL_AUTO
2026-05-23 11:08:21,1779534501,BOOM900,9461.186,-1,0.006999999999607098,BACKFILL_AUTO
2026-05-23 11:08:22,1779534502,BOOM900,9461.175,-1,0.011000000000422006,BACKFILL_AUTO
2026-05-23 11:08:23,1779534503,BOOM900,9461.161,-1,0.013999999999214197,BACKFILL_AUTO
2026-05-23 11:08:24,1779534504,BOOM900,9461.157,-1,0.004000000000814907,BACKFILL_AUTO
2026-05-23 11:08:25,1779534505,BOOM900,9461.147,-1,0.00999999999839929,BACKFILL_AUTO
2026-05-23 11:08:26,1779534506,BOOM900,9461.137,-1,0.010000000000218279,BACKFILL_AUTO
2026-05-23 11:08:27,1779534507,BOOM900,9461.123,-1,0.014000000001033186,BACKFILL_AUTO
2026-05-23 11:08:28,1779534508,BOOM900,9461.107,-1,0.01599999999962165,BACKFILL_AUTO
2026-05-23 11:08:29,1779534509,BOOM900,9461.104,-1,0.0030000000006111804,BACKFILL_AUTO
2026-05-23 11:08:30,1779534510,BOOM900,9461.096,-1,0.007999999999810825,BACKFILL_AUTO
2026-05-23 11:08:31,1779534511,BOOM900,9461.081,-1,0.014999999999417923,BACKFILL_AUTO
2026-05-23 11:08:32,1779534512,BOOM900,9461.063,-1,0.018000000000029104,BACKFILL_AUTO
2026-05-23 11:08:33,1779534513,BOOM900,9461.048,-1,0.014999999999417923,BACKFILL_AUTO
2026-05-23 11:08:34,1779534514,BOOM900,9461.041,-1,0.007000000001426088,BACKFILL_AUTO
2026-05-23 11:08:35,1779534515,BOOM900,9461.039,-1,0.0019999999985884642,BACKFILL_AUTO
2026-05-23 11:08:36,1779534516,BOOM900,9461.031,-1,0.007999999999810825,BACKFILL_AUTO
2026-05-23 11:08:37,1779534517,BOOM900,9461.026,-1,0.005000000001018634,BACKFILL_AUTO
2026-05-23 11:08:38,1779534518,BOOM900,9461.017,-1,0.009000000000014552,BACKFILL_AUTO
2026-05-23 11:08:39,1779534519,BOOM900,9461.01,-1,0.006999999999607098,BACKFILL_AUTO
2026-05-23 11:08:40,1779534520,BOOM900,9460.994,-1,0.01599999999962165,BACKFILL_AUTO
2026-05-23 11:08:41,1779534521,BOOM900,9460.984,-1,0.010000000000218279,BACKFILL_AUTO
2026-05-23 11:08:42,1779534522,BOOM900,9460.976,-1,0.007999999999810825,BACKFILL_AUTO
2026-05-23 11:08:43,1779534523,BOOM900,9460.969,-1,0.007000000001426088,BACKFILL_AUTO
2026-05-23 11:08:44,1779534524,BOOM900,9460.954,-1,0.014999999999417923,BACKFILL_AUTO
2026-05-23 11:08:45,1779534525,BOOM900,9460.931,-1,0.02299999999922875,BACKFILL_AUTO
2026-05-23 11:08:46,1779534526,BOOM900,9460.901,-1,0.030000000000654836,BACKFILL_AUTO
2026-05-23 11:08:47,1779534527,BOOM900,9460.895,-1,0.0059999999994033715,BACKFILL_AUTO
2026-05-23 11:08:48,1779534528,BOOM900,9460.89,-1,0.005000000001018634,BACKFILL_AUTO
2026-05-23 11:08:49,1779534529,BOOM900,9460.885,-1,0.004999999999199645,BACKFILL_AUTO
2026-05-23 11:08:50,1779534530,BOOM900,9460.882,-1,0.0030000000006111804,BACKFILL_AUTO
2026-05-23 11:08:51,1779534531,BOOM900,9460.877,-1,0.004999999999199645,BACKFILL_AUTO
2026-05-23 11:08:52,1779534532,BOOM900,9460.875,-1,0.0020000000004074536,BACKFILL_AUTO
2026-05-23 11:08:53,1779534533,BOOM900,9460.871,-1,0.004000000000814907,BACKFILL_AUTO
2026-05-23 11:08:54,1779534534,BOOM900,9460.856,-1,0.014999999999417923,BACKFILL_AUTO
2026-05-23 11:08:55,1779534535,BOOM900,9460.831,-1,0.024999999999636202,BACKFILL_AUTO
2026-05-23 11:08:56,1779534536,BOOM900,9460.829,-1,0.0020000000004074536,BACKFILL_AUTO
2026-05-23 11:08:57,1779534537,BOOM900,9460.822,-1,0.006999999999607098,BACKFILL_AUTO
2026-05-23 11:08:58,1779534538,BOOM900,9460.821,-1,0.0010000000002037268,BACKFILL_AUTO
2026-05-23 11:08:59,1779534539,BOOM900,9460.812,-1,0.009000000000014552,BACKFILL_AUTO
2026-05-23 11:09:00,1779534540,BOOM900,9460.812,0,0.0,BACKFILL_AUTO
2026-05-23 11:09:01,1779534541,BOOM900,9460.811,-1,0.0010000000002037268,BACKFILL_AUTO
2026-05-23 11:09:02,1779534542,BOOM900,9460.788,-1,0.02299999999922875,BACKFILL_AUTO
2026-05-23 11:09:03,1779534543,BOOM900,9460.787,-1,0.0010000000002037268,BACKFILL_AUTO
2026-05-23 11:09:04,1779534544,BOOM900,9460.762,-1,0.024999999999636202,BACKFILL_AUTO
2026-05-23 11:09:05,1779534545,BOOM900,9460.757,-1,0.005000000001018634,BACKFILL_AUTO
2026-05-23 11:09:06,1779534546,BOOM900,9460.746,-1,0.011000000000422006,BACKFILL_AUTO
2026-05-23 11:09:07,1779534547,BOOM900,9460.745,-1,0.0009999999983847374,BACKFILL_AUTO
2026-05-23 11:09:08,1779534548,BOOM900,9460.74,-1,0.005000000001018634,BACKFILL_AUTO
2026-05-23 11:09:09,1779534549,BOOM900,9460.716,-1,0.023999999999432475,BACKFILL_AUTO
2026-05-23 11:09:10,1779534550,BOOM900,9460.693,-1,0.023000000001047738,BACKFILL_AUTO
2026-05-23 11:09:11,1779534551,BOOM900,9460.671,-1,0.02199999999902502,BACKFILL_AUTO
2026-05-23 11:09:12,1779534552,BOOM900,9460.669,-1,0.0020000000004074536,BACKFILL_AUTO
2026-05-23 11:09:13,1779534553,BOOM900,9460.648,-1,0.021000000000640284,BACKFILL_AUTO
2026-05-23 11:09:14,1779534554,BOOM900,9460.625,-1,0.02299999999922875,BACKFILL_AUTO
2026-05-23 11:09:15,1779534555,BOOM900,9460.615,-1,0.010000000000218279,BACKFILL_AUTO
2026-05-23 11:09:16,1779534556,BOOM900,9460.611,-1,0.003999999998995918,BACKFILL_AUTO
2026-05-23 11:09:17,1779534557,BOOM900,9460.599,-1,0.012000000000625732,BACKFILL_AUTO
2026-05-23 11:09:18,1779534558,BOOM900,9460.595,-1,0.004000000000814907,BACKFILL_AUTO
2026-05-23 11:09:19,1779534559,BOOM900,9460.575,-1,0.019999999998617568,BACKFILL_AUTO
2026-05-23 11:09:20,1779534560,BOOM900,9460.543,-1,0.03200000000106229,BACKFILL_AUTO
2026-05-23 11:09:21,1779534561,BOOM900,9460.523,-1,0.020000000000436557,BACKFILL_AUTO
2026-05-23 11:09:22,1779534562,BOOM900,9460.52,-1,0.002999999998792191,BACKFILL_AUTO
2026-05-23 11:09:23,1779534563,BOOM900,9460.512,-1,0.007999999999810825,BACKFILL_AUTO
2026-05-23 11:09:24,1779534564,BOOM900,9460.506,-1,0.006000000001222361,BACKFILL_AUTO
2026-05-23 11:09:25,1779534565,BOOM900,9460.487,-1,0.01900000000023283,BACKFILL_AUTO
2026-05-23 11:09:26,1779534566,BOOM900,9460.465,-1,0.02199999999902502,BACKFILL_AUTO
2026-05-23 11:09:27,1779534567,BOOM900,9460.443,-1,0.02200000000084401,BACKFILL_AUTO
2026-05-23 11:09:28,1779534568,BOOM900,9460.422,-1,0.020999999998821295,BACKFILL_AUTO
2026-05-23 11:09:29,1779534569,BOOM900,9460.421,-1,0.0010000000002037268,BACKFILL_AUTO
2026-05-23 11:09:30,1779534570,BOOM900,9460.418,-1,0.0030000000006111804,BACKFILL_AUTO
2026-05-23 11:09:31,1779534571,BOOM900,9460.406,-1,0.011999999998806743,BACKFILL_AUTO
2026-05-23 11:09:32,1779534572,BOOM900,9460.402,-1,0.004000000000814907,BACKFILL_AUTO
2026-05-23 11:09:33,1779534573,BOOM900,9460.387,-1,0.014999999999417923,BACKFILL_AUTO
2026-05-23 11:09:34,1779534574,BOOM900,9460.372,-1,0.015000000001236913,BACKFILL_AUTO
2026-05-23 11:09:35,1779534575,BOOM900,9460.364,-1,0.007999999999810825,BACKFILL_AUTO
2026-05-23 11:09:36,1779534576,BOOM900,9460.359,-1,0.004999999999199645,BACKFILL_AUTO
2026-05-23 11:09:37,1779534577,BOOM900,9460.342,-1,0.016999999999825377,BACKFILL_AUTO
2026-05-23 11:09:38,1779534578,BOOM900,9460.337,-1,0.005000000001018634,BACKFILL_AUTO
2026-05-23 11:09:39,1779534579,BOOM900,9460.336,-1,0.0010000000002037268,BACKFILL_AUTO
2026-05-23 11:09:40,1779534580,BOOM900,9460.322,-1,0.013999999999214197,BACKFILL_AUTO
2026-05-23 11:09:41,1779534581,BOOM900,9460.311,-1,0.011000000000422006,BACKFILL_AUTO
2026-05-23 11:09:42,1779534582,BOOM900,9460.299,-1,0.011999999998806743,BACKFILL_AUTO
2026-05-23 11:09:43,1779534583,BOOM900,9460.289,-1,0.010000000000218279,BACKFILL_AUTO
2026-05-23 11:09:44,1779534584,BOOM900,9460.278,-1,0.011000000000422006,BACKFILL_AUTO
2026-05-23 11:09:45,1779534585,BOOM900,9460.273,-1,0.005000000001018634,BACKFILL_AUTO
2026-05-23 11:09:46,1779534586,BOOM900,9460.255,-1,0.018000000000029104,BACKFILL_AUTO
2026-05-23 11:09:47,1779534587,BOOM900,9460.251,-1,0.003999999998995918,BACKFILL_AUTO
2026-05-23 11:09:48,1779534588,BOOM900,9460.247,-1,0.004000000000814907,BACKFILL_AUTO
2026-05-23 11:09:49,1779534589,BOOM900,9460.238,-1,0.009000000000014552,BACKFILL_AUTO
2026-05-23 11:09:50,1779534590,BOOM900,9460.221,-1,0.016999999999825377,BACKFILL_AUTO
2026-05-23 11:09:51,1779534591,BOOM900,9460.215,-1,0.0059999999994033715,BACKFILL_AUTO
2026-05-23 11:09:52,1779534592,BOOM900,9460.204,-1,0.011000000000422006,BACKFILL_AUTO
2026-05-23 11:09:53,1779534593,BOOM900,9460.196,-1,0.007999999999810825,BACKFILL_AUTO
2026-05-23 11:09:54,1779534594,BOOM900,9460.186,-1,0.010000000000218279,BACKFILL_AUTO
2026-05-23 11:09:55,1779534595,BOOM900,9460.179,-1,0.006999999999607098,BACKFILL_AUTO
2026-05-23 11:09:56,1779534596,BOOM900,9460.169,-1,0.010000000000218279,BACKFILL_AUTO
2026-05-23 11:09:57,1779534597,BOOM900,9460.164,-1,0.004999999999199645,BACKFILL_AUTO
2026-05-23 11:09:58,1779534598,BOOM900,9460.162,-1,0.0020000000004074536,BACKFILL_AUTO
2026-05-23 11:09:59,1779534599,BOOM900,9460.136,-1,0.02599999999983993,BACKFILL_AUTO
2026-05-23 11:10:00,1779534600,BOOM900,9460.121,-1,0.015000000001236913,BACKFILL_AUTO
2026-05-23 11:10:01,1779534601,BOOM900,9460.107,-1,0.013999999999214197,BACKFILL_AUTO
2026-05-23 11:10:02,1779534602,BOOM900,9460.104,-1,0.0030000000006111804,BACKFILL_AUTO
2026-05-23 11:10:03,1779534603,BOOM900,9460.095,-1,0.009000000000014552,BACKFILL_AUTO
2026-05-23 11:10:04,1779534604,BOOM900,9460.079,-1,0.01599999999962165,BACKFILL_AUTO
2026-05-23 11:10:05,1779534605,BOOM900,9460.065,-1,0.013999999999214197,BACKFILL_AUTO
2026-05-23 11:10:06,1779534606,BOOM900,9460.051,-1,0.014000000001033186,BACKFILL_AUTO
2026-05-23 11:10:07,1779534607,BOOM900,9460.043,-1,0.007999999999810825,BACKFILL_AUTO
2026-05-23 11:10:08,1779534608,BOOM900,9460.029,-1,0.013999999999214197,BACKFILL_AUTO
2026-05-23 11:10:09,1779534609,BOOM900,9460.026,-1,0.0030000000006111804,BACKFILL_AUTO
2026-05-23 11:10:10,1779534610,BOOM900,9460.02,-1,0.0059999999994033715,BACKFILL_AUTO
2026-05-23 11:10:11,1779534611,BOOM900,9460.003,-1,0.016999999999825377,BACKFILL_AUTO
2026-05-23 11:10:12,1779534612,BOOM900,9459.976,-1,0.027000000000043656,BACKFILL_AUTO
2026-05-23 11:10:13,1779534613,BOOM900,9459.964,-1,0.012000000000625732,BACKFILL_AUTO
2026-05-23 11:10:14,1779534614,BOOM900,9459.948,-1,0.01599999999962165,BACKFILL_AUTO
2026-05-23 11:10:15,1779534615,BOOM900,9459.939,-1,0.009000000000014552,BACKFILL_AUTO
2026-05-23 11:10:16,1779534616,BOOM900,9459.929,-1,0.010000000000218279,BACKFILL_AUTO
2026-05-23 11:10:17,1779534617,BOOM900,9459.914,-1,0.014999999999417923,BACKFILL_AUTO
2026-05-23 11:10:18,1779534618,BOOM900,9459.896,-1,0.018000000000029104,BACKFILL_AUTO
2026-05-23 11:10:19,1779534619,BOOM900,9459.884,-1,0.012000000000625732,BACKFILL_AUTO
2026-05-23 11:10:20,1779534620,BOOM900,9459.865,-1,0.01900000000023283,BACKFILL_AUTO
2026-05-23 11:10:21,1779534621,BOOM900,9459.852,-1,0.01299999999901047,BACKFILL_AUTO
2026-05-23 11:10:22,1779534622,BOOM900,9459.835,-1,0.017000000001644366,BACKFILL_AUTO
2026-05-23 11:10:23,1779534623,BOOM900,9459.832,-1,0.002999999998792191,BACKFILL_AUTO
2026-05-23 11:10:24,1779534624,BOOM900,9459.806,-1,0.02599999999983993,BACKFILL_AUTO
2026-05-23 11:10:25,1779534625,BOOM900,9459.782,-1,0.024000000001251465,BACKFILL_AUTO
2026-05-23 11:10:26,1779534626,BOOM900,9459.777,-1,0.004999999999199645,BACKFILL_AUTO
2026-05-23 11:10:27,1779534627,BOOM900,9459.769,-1,0.007999999999810825,BACKFILL_AUTO
2026-05-23 11:10:28,1779534628,BOOM900,9459.766,-1,0.0030000000006111804,BACKFILL_AUTO
2026-05-23 11:10:29,1779534629,BOOM900,9459.765,-1,0.0010000000002037268,BACKFILL_AUTO
2026-05-23 11:10:30,1779534630,BOOM900,9459.757,-1,0.007999999999810825,BACKFILL_AUTO
2026-05-23 11:10:31,1779534631,BOOM900,9459.75,-1,0.006999999999607098,BACKFILL_AUTO
2026-05-23 11:10:32,1779534632,BOOM900,9459.749,-1,0.0010000000002037268,BACKFILL_AUTO
2026-05-23 11:10:33,1779534633,BOOM900,9459.741,-1,0.007999999999810825,BACKFILL_AUTO
2026-05-23 11:10:34,1779534634,BOOM900,9459.735,-1,0.0059999999994033715,BACKFILL_AUTO
2026-05-23 11:10:35,1779534635,BOOM900,9459.735,0,0.0,BACKFILL_AUTO
2026-05-23 11:10:36,1779534636,BOOM900,9459.731,-1,0.004000000000814907,BACKFILL_AUTO
2026-05-23 11:10:37,1779534637,BOOM900,9459.727,-1,0.003999999998995918,BACKFILL_AUTO
2026-05-23 11:10:38,1779534638,BOOM900,9459.721,-1,0.006000000001222361,BACKFILL_AUTO
2026-05-23 11:10:39,1779534639,BOOM900,9459.713,-1,0.007999999999810825,BACKFILL_AUTO
2026-05-23 11:10:40,1779534640,BOOM900,9459.708,-1,0.004999999999199645,BACKFILL_AUTO
2026-05-23 11:10:41,1779534641,BOOM900,9459.698,-1,0.010000000000218279,BACKFILL_AUTO
2026-05-23 11:10:42,1779534642,BOOM900,9459.693,-1,0.005000000001018634,BACKFILL_AUTO
2026-05-23 11:10:43,1779534643,BOOM900,9459.68,-1,0.01299999999901047,BACKFILL_AUTO
2026-05-23 11:10:44,1779534644,BOOM900,9459.676,-1,0.004000000000814907,BACKFILL_AUTO
2026-05-23 11:10:45,1779534645,BOOM900,9459.675,-1,0.0010000000002037268,BACKFILL_AUTO
2026-05-23 11:10:46,1779534646,BOOM900,9459.669,-1,0.0059999999994033715,BACKFILL_AUTO
2026-05-23 11:10:47,1779534647,BOOM900,9459.657,-1,0.012000000000625732,BACKFILL_AUTO
2026-05-23 11:10:48,1779534648,BOOM900,9459.647,-1,0.00999999999839929,BACKFILL_AUTO
2026-05-23 11:10:49,1779534649,BOOM900,9459.626,-1,0.021000000000640284,BACKFILL_AUTO
2026-05-23 11:10:50,1779534650,BOOM900,9459.626,0,0.0,BACKFILL_AUTO
2026-05-23 11:10:51,1779534651,BOOM900,9459.623,-1,0.0030000000006111804,BACKFILL_AUTO
2026-05-23 11:10:52,1779534652,BOOM900,9459.603,-1,0.020000000000436557,BACKFILL_AUTO
2026-05-23 11:10:53,1779534653,BOOM900,9459.6,-1,0.002999999998792191,BACKFILL_AUTO
2026-05-23 11:10:54,1779534654,BOOM900,9459.595,-1,0.005000000001018634,BACKFILL_AUTO
2026-05-23 11:10:55,1779534655,BOOM900,9459.588,-1,0.006999999999607098,BACKFILL_AUTO
2026-05-23 11:10:56,1779534656,BOOM900,9459.577,-1,0.011000000000422006,BACKFILL_AUTO
2026-05-23 11:10:57,1779534657,BOOM900,9459.574,-1,0.002999999998792191,BACKFILL_AUTO
2026-05-23 11:10:58,1779534658,BOOM900,9459.566,-1,0.007999999999810825,BACKFILL_AUTO
2026-05-23 11:10:59,1779534659,BOOM900,9459.562,-1,0.004000000000814907,BACKFILL_AUTO
2026-05-23 11:11:00,1779534660,BOOM900,9459.547,-1,0.014999999999417923,BACKFILL_AUTO
2026-05-23 11:11:01,1779534661,BOOM900,9459.539,-1,0.007999999999810825,BACKFILL_AUTO
2026-05-23 11:11:02,1779534662,BOOM900,9459.519,-1,0.020000000000436557,BACKFILL_AUTO
2026-05-23 11:11:03,1779534663,BOOM900,9459.495,-1,0.023999999999432475,BACKFILL_AUTO
2026-05-23 11:11:04,1779534664,BOOM900,9459.483,-1,0.012000000000625732,BACKFILL_AUTO
2026-05-23 11:11:05,1779534665,BOOM900,9459.478,-1,0.005000000001018634,BACKFILL_AUTO
2026-05-23 11:11:06,1779534666,BOOM900,9459.474,-1,0.003999999998995918,BACKFILL_AUTO
2026-05-23 11:11:07,1779534667,BOOM900,9459.471,-1,0.0030000000006111804,BACKFILL_AUTO
2026-05-23 11:11:08,1779534668,BOOM900,9459.468,-1,0.002999999998792191,BACKFILL_AUTO
2026-05-23 11:11:09,1779534669,BOOM900,9459.456,-1,0.012000000000625732,BACKFILL_AUTO
2026-05-23 11:11:10,1779534670,BOOM900,9459.454,-1,0.0020000000004074536,BACKFILL_AUTO
2026-05-23 11:11:11,1779534671,BOOM900,9459.445,-1,0.009000000000014552,BACKFILL_AUTO
2026-05-23 11:11:12,1779534672,BOOM900,9459.442,-1,0.0030000000006111804,BACKFILL_AUTO
2026-05-23 11:11:13,1779534673,BOOM900,9459.44,-1,0.0019999999985884642,BACKFILL_AUTO
2026-05-23 11:11:14,1779534674,BOOM900,9459.436,-1,0.004000000000814907,BACKFILL_AUTO
2026-05-23 11:11:15,1779534675,BOOM900,9459.432,-1,0.003999999998995918,BACKFILL_AUTO
2026-05-23 11:11:16,1779534676,BOOM900,9459.416,-1,0.01600000000144064,BACKFILL_AUTO
2026-05-23 11:11:17,1779534677,BOOM900,9459.415,-1,0.0009999999983847374,BACKFILL_AUTO
2026-05-23 11:11:18,1779534678,BOOM900,9459.398,-1,0.017000000001644366,BACKFILL_AUTO
2026-05-23 11:11:19,1779534679,BOOM900,9459.393,-1,0.004999999999199645,BACKFILL_AUTO
2026-05-23 11:11:20,1779534680,BOOM900,9459.382,-1,0.011000000000422006,BACKFILL_AUTO
2026-05-23 11:11:21,1779534681,BOOM900,9459.354,-1,0.028000000000247383,BACKFILL_AUTO
2026-05-23 11:11:22,1779534682,BOOM900,9459.35,-1,0.003999999998995918,BACKFILL_AUTO
2026-05-23 11:11:23,1779534683,BOOM900,9459.341,-1,0.009000000000014552,BACKFILL_AUTO
2026-05-23 11:11:24,1779534684,BOOM900,9459.341,0,0.0,BACKFILL_AUTO
2026-05-23 11:11:25,1779534685,BOOM900,9459.328,-1,0.01300000000082946,BACKFILL_AUTO
2026-05-23 11:11:26,1779534686,BOOM900,9459.306,-1,0.02199999999902502,BACKFILL_AUTO
2026-05-23 11:11:27,1779534687,BOOM900,9459.295,-1,0.011000000000422006,BACKFILL_AUTO
2026-05-23 11:11:28,1779534688,BOOM900,9459.291,-1,0.004000000000814907,BACKFILL_AUTO
2026-05-23 11:11:29,1779534689,BOOM900,9459.29,-1,0.0009999999983847374,BACKFILL_AUTO
2026-05-23 11:11:30,1779534690,BOOM900,9459.284,-1,0.006000000001222361,BACKFILL_AUTO
2026-05-23 11:11:31,1779534691,BOOM900,9459.275,-1,0.009000000000014552,BACKFILL_AUTO
2026-05-23 11:11:32,1779534692,BOOM900,9459.263,-1,0.011999999998806743,BACKFILL_AUTO
2026-05-23 11:11:33,1779534693,BOOM900,9459.253,-1,0.010000000000218279,BACKFILL_AUTO
2026-05-23 11:11:34,1779534694,BOOM900,9459.247,-1,0.006000000001222361,BACKFILL_AUTO
2026-05-23 11:11:35,1779534695,BOOM900,9459.22,-1,0.027000000000043656,BACKFILL_AUTO
2026-05-23 11:11:36,1779534696,BOOM900,9459.209,-1,0.010999999998603016,BACKFILL_AUTO
2026-05-23 11:11:37,1779534697,BOOM900,9459.202,-1,0.007000000001426088,BACKFILL_AUTO
2026-05-23 11:11:38,1779534698,BOOM900,9459.196,-1,0.0059999999994033715,BACKFILL_AUTO
2026-05-23 11:11:39,1779534699,BOOM900,9459.191,-1,0.004999999999199645,BACKFILL_AUTO
2026-05-23 11:11:40,1779534700,BOOM900,9459.185,-1,0.006000000001222361,BACKFILL_AUTO
2026-05-23 11:11:41,1779534701,BOOM900,9459.17,-1,0.014999999999417923,BACKFILL_AUTO
2026-05-23 11:11:42,1779534702,BOOM900,9459.154,-1,0.01599999999962165,BACKFILL_AUTO
2026-05-23 11:11:43,1779534703,BOOM900,9459.14,-1,0.014000000001033186,BACKFILL_AUTO
2026-05-23 11:11:44,1779534704,BOOM900,9459.119,-1,0.020999999998821295,BACKFILL_AUTO
2026-05-23 11:11:45,1779534705,BOOM900,9459.103,-1,0.01600000000144064,BACKFILL_AUTO
2026-05-23 11:11:46,1779534706,BOOM900,9459.099,-1,0.003999999998995918,BACKFILL_AUTO
2026-05-23 11:11:47,1779534707,BOOM900,9459.086,-1,0.01300000000082946,BACKFILL_AUTO
2026-05-23 11:11:48,1779534708,BOOM900,9459.084,-1,0.0019999999985884642,BACKFILL_AUTO
2026-05-23 11:11:49,1779534709,BOOM900,9459.071,-1,0.01300000000082946,BACKFILL_AUTO
2026-05-23 11:11:50,1779534710,BOOM900,9459.054,-1,0.016999999999825377,BACKFILL_AUTO
2026-05-23 11:11:51,1779534711,BOOM900,9459.053,-1,0.0010000000002037268,BACKFILL_AUTO
2026-05-23 11:11:52,1779534712,BOOM900,9459.044,-1,0.009000000000014552,BACKFILL_AUTO
2026-05-23 11:11:53,1779534713,BOOM900,9459.036,-1,0.007999999999810825,BACKFILL_AUTO
2026-05-23 11:11:54,1779534714,BOOM900,9459.022,-1,0.013999999999214197,BACKFILL_AUTO
2026-05-23 11:11:55,1779534715,BOOM900,9459.004,-1,0.018000000000029104,BACKFILL_AUTO
2026-05-23 11:11:56,1779534716,BOOM900,9458.992,-1,0.012000000000625732,BACKFILL_AUTO
2026-05-23 11:11:57,1779534717,BOOM900,9458.97,-1,0.02200000000084401,BACKFILL_AUTO
2026-05-23 11:11:58,1779534718,BOOM900,9458.962,-1,0.007999999999810825,BACKFILL_AUTO
2026-05-23 11:11:59,1779534719,BOOM900,9458.953,-1,0.009000000000014552,BACKFILL_AUTO
2026-05-23 11:12:00,1779534720,BOOM900,9458.951,-1,0.0020000000004074536,BACKFILL_AUTO
2026-05-23 11:12:01,1779534721,BOOM900,9458.938,-1,0.01299999999901047,BACKFILL_AUTO
2026-05-23 11:12:02,1779534722,BOOM900,9458.937,-1,0.0010000000002037268,BACKFILL_AUTO
2026-05-23 11:12:03,1779534723,BOOM900,9458.922,-1,0.014999999999417923,BACKFILL_AUTO
2026-05-23 11:12:04,1779534724,BOOM900,9458.919,-1,0.0030000000006111804,BACKFILL_AUTO
2026-05-23 11:12:05,1779534725,BOOM900,9458.9,-1,0.01900000000023283,BACKFILL_AUTO
2026-05-23 11:12:06,1779534726,BOOM900,9458.879,-1,0.020999999998821295,BACKFILL_AUTO
2026-05-23 11:12:07,1779534727,BOOM900,9458.848,-1,0.031000000000858563,BACKFILL_AUTO
2026-05-23 11:12:08,1779534728,BOOM900,9458.841,-1,0.006999999999607098,BACKFILL_AUTO
2026-05-23 11:12:09,1779534729,BOOM900,9458.84,-1,0.0010000000002037268,BACKFILL_AUTO
2026-05-23 11:12:10,1779534730,BOOM900,9458.835,-1,0.005000000001018634,BACKFILL_AUTO
2026-05-23 11:12:11,1779534731,BOOM900,9458.825,-1,0.00999999999839929,BACKFILL_AUTO
2026-05-23 11:12:12,1779534732,BOOM900,9458.825,0,0.0,BACKFILL_AUTO
2026-05-23 11:12:13,1779534733,BOOM900,9458.818,-1,0.007000000001426088,BACKFILL_AUTO
2026-05-23 11:12:14,1779534734,BOOM900,9458.817,-1,0.0010000000002037268,BACKFILL_AUTO
2026-05-23 11:12:15,1779534735,BOOM900,9458.81,-1,0.006999999999607098,BACKFILL_AUTO
2026-05-23 11:12:16,1779534736,BOOM900,9458.809,-1,0.0010000000002037268,BACKFILL_AUTO
2026-05-23 11:12:17,1779534737,BOOM900,9458.798,-1,0.010999999998603016,BACKFILL_AUTO
