timestamp,unix_time,instrument,price,direction,tick_size,session_id
2026-05-20 11:06:50,1779275210,CRASH300N,1539.447,0,,BACKFILL_AUTO
2026-05-20 11:06:51,1779275211,CRASH300N,1539.453,1,0.0060000000000854925,BACKFILL_AUTO
2026-05-20 11:06:52,1779275212,CRASH300N,1539.461,1,0.008000000000038199,BACKFILL_AUTO
2026-05-20 11:06:53,1779275213,CRASH300N,1539.481,1,0.01999999999998181,BACKFILL_AUTO
2026-05-20 11:06:54,1779275214,CRASH300N,1539.498,1,0.01700000000005275,BACKFILL_AUTO
2026-05-20 11:06:55,1779275215,CRASH300N,1539.506,1,0.008000000000038199,BACKFILL_AUTO
2026-05-20 11:06:56,1779275216,CRASH300N,1539.553,1,0.047000000000025466,BACKFILL_AUTO
2026-05-20 11:06:57,1779275217,CRASH300N,1539.556,1,0.0029999999999290594,BACKFILL_AUTO
2026-05-20 11:06:58,1779275218,CRASH300N,1539.577,1,0.020999999999958163,BACKFILL_AUTO
2026-05-20 11:06:59,1779275219,CRASH300N,1539.6,1,0.02299999999991087,BACKFILL_AUTO
2026-05-20 11:07:00,1779275220,CRASH300N,1539.627,1,0.027000000000043656,BACKFILL_AUTO
2026-05-20 11:07:01,1779275221,CRASH300N,1539.643,1,0.016000000000076398,BACKFILL_AUTO
2026-05-20 11:07:02,1779275222,CRASH300N,1539.661,1,0.018000000000029104,BACKFILL_AUTO
2026-05-20 11:07:03,1779275223,CRASH300N,1539.667,1,0.005999999999858119,BACKFILL_AUTO
2026-05-20 11:07:04,1779275224,CRASH300N,1539.678,1,0.011000000000194632,BACKFILL_AUTO
2026-05-20 11:07:05,1779275225,CRASH300N,1539.685,1,0.006999999999834472,BACKFILL_AUTO
2026-05-20 11:07:06,1779275226,CRASH300N,1539.703,1,0.018000000000029104,BACKFILL_AUTO
2026-05-20 11:07:07,1779275227,CRASH300N,1539.722,1,0.019000000000005457,BACKFILL_AUTO
2026-05-20 11:07:08,1779275228,CRASH300N,1539.751,1,0.028999999999996362,BACKFILL_AUTO
2026-05-20 11:07:09,1779275229,CRASH300N,1539.772,1,0.020999999999958163,BACKFILL_AUTO
2026-05-20 11:07:10,1779275230,CRASH300N,1539.782,1,0.009999999999990905,BACKFILL_AUTO
2026-05-20 11:07:11,1779275231,CRASH300N,1539.798,1,0.016000000000076398,BACKFILL_AUTO
2026-05-20 11:07:12,1779275232,CRASH300N,1539.803,1,0.005000000000109139,BACKFILL_AUTO
2026-05-20 11:07:13,1779275233,CRASH300N,1539.813,1,0.009999999999990905,BACKFILL_AUTO
2026-05-20 11:07:14,1779275234,CRASH300N,1539.814,1,0.0009999999999763531,BACKFILL_AUTO
2026-05-20 11:07:15,1779275235,CRASH300N,1539.825,1,0.010999999999967258,BACKFILL_AUTO
2026-05-20 11:07:16,1779275236,CRASH300N,1539.835,1,0.009999999999990905,BACKFILL_AUTO
2026-05-20 11:07:17,1779275237,CRASH300N,1539.839,1,0.0039999999999054126,BACKFILL_AUTO
2026-05-20 11:07:18,1779275238,CRASH300N,1539.852,1,0.013000000000147338,BACKFILL_AUTO
2026-05-20 11:07:19,1779275239,CRASH300N,1539.871,1,0.019000000000005457,BACKFILL_AUTO
2026-05-20 11:07:20,1779275240,CRASH300N,1539.894,1,0.02299999999991087,BACKFILL_AUTO
2026-05-20 11:07:21,1779275241,CRASH300N,1539.905,1,0.010999999999967258,BACKFILL_AUTO
2026-05-20 11:07:22,1779275242,CRASH300N,1539.927,1,0.021999999999934516,BACKFILL_AUTO
2026-05-20 11:07:23,1779275243,CRASH300N,1539.934,1,0.007000000000061846,BACKFILL_AUTO
2026-05-20 11:07:24,1779275244,CRASH300N,1539.956,1,0.021999999999934516,BACKFILL_AUTO
2026-05-20 11:07:25,1779275245,CRASH300N,1539.975,1,0.019000000000005457,BACKFILL_AUTO
2026-05-20 11:07:26,1779275246,CRASH300N,1539.995,1,0.01999999999998181,BACKFILL_AUTO
2026-05-20 11:07:27,1779275247,CRASH300N,1540.019,1,0.024000000000114596,BACKFILL_AUTO
2026-05-20 11:07:28,1779275248,CRASH300N,1540.039,1,0.01999999999998181,BACKFILL_AUTO
2026-05-20 11:07:29,1779275249,CRASH300N,1540.052,1,0.012999999999919964,BACKFILL_AUTO
2026-05-20 11:07:30,1779275250,CRASH300N,1540.064,1,0.012000000000170985,BACKFILL_AUTO
2026-05-20 11:07:31,1779275251,CRASH300N,1540.07,1,0.005999999999858119,BACKFILL_AUTO
2026-05-20 11:07:32,1779275252,CRASH300N,1540.094,1,0.024000000000114596,BACKFILL_AUTO
2026-05-20 11:07:33,1779275253,CRASH300N,1540.109,1,0.01499999999987267,BACKFILL_AUTO
2026-05-20 11:07:34,1779275254,CRASH300N,1540.117,1,0.008000000000038199,BACKFILL_AUTO
2026-05-20 11:07:35,1779275255,CRASH300N,1540.135,1,0.018000000000029104,BACKFILL_AUTO
2026-05-20 11:07:36,1779275256,CRASH300N,1540.14,1,0.005000000000109139,BACKFILL_AUTO
2026-05-20 11:07:37,1779275257,CRASH300N,1540.173,1,0.032999999999901775,BACKFILL_AUTO
2026-05-20 11:07:38,1779275258,CRASH300N,1540.184,1,0.010999999999967258,BACKFILL_AUTO
2026-05-20 11:07:39,1779275259,CRASH300N,1540.195,1,0.010999999999967258,BACKFILL_AUTO
2026-05-20 11:07:40,1779275260,CRASH300N,1540.212,1,0.01700000000005275,BACKFILL_AUTO
2026-05-20 11:07:41,1779275261,CRASH300N,1540.224,1,0.011999999999943611,BACKFILL_AUTO
2026-05-20 11:07:42,1779275262,CRASH300N,1540.244,1,0.01999999999998181,BACKFILL_AUTO
2026-05-20 11:07:43,1779275263,CRASH300N,1540.249,1,0.005000000000109139,BACKFILL_AUTO
2026-05-20 11:07:44,1779275264,CRASH300N,1540.25,1,0.0009999999999763531,BACKFILL_AUTO
2026-05-20 11:07:45,1779275265,CRASH300N,1540.271,1,0.020999999999958163,BACKFILL_AUTO
2026-05-20 11:07:46,1779275266,CRASH300N,1540.282,1,0.010999999999967258,BACKFILL_AUTO
2026-05-20 11:07:47,1779275267,CRASH300N,1540.288,1,0.0060000000000854925,BACKFILL_AUTO
2026-05-20 11:07:48,1779275268,CRASH300N,1540.298,1,0.009999999999990905,BACKFILL_AUTO
2026-05-20 11:07:49,1779275269,CRASH300N,1540.321,1,0.02299999999991087,BACKFILL_AUTO
2026-05-20 11:07:50,1779275270,CRASH300N,1540.347,1,0.026000000000067303,BACKFILL_AUTO
2026-05-20 11:07:51,1779275271,CRASH300N,1540.353,1,0.0060000000000854925,BACKFILL_AUTO
2026-05-20 11:07:52,1779275272,CRASH300N,1540.354,1,0.0009999999999763531,BACKFILL_AUTO
2026-05-20 11:07:53,1779275273,CRASH300N,1540.367,1,0.012999999999919964,BACKFILL_AUTO
2026-05-20 11:07:54,1779275274,CRASH300N,1540.37,1,0.0029999999999290594,BACKFILL_AUTO
2026-05-20 11:07:55,1779275275,CRASH300N,1540.393,1,0.023000000000138243,BACKFILL_AUTO
2026-05-20 11:07:56,1779275276,CRASH300N,1540.41,1,0.01700000000005275,BACKFILL_AUTO
2026-05-20 11:07:57,1779275277,CRASH300N,1540.42,1,0.009999999999990905,BACKFILL_AUTO
2026-05-20 11:07:58,1779275278,CRASH300N,1540.431,1,0.010999999999967258,BACKFILL_AUTO
2026-05-20 11:07:59,1779275279,CRASH300N,1540.433,1,0.0019999999999527063,BACKFILL_AUTO
2026-05-20 11:08:00,1779275280,CRASH300N,1540.443,1,0.009999999999990905,BACKFILL_AUTO
2026-05-20 11:08:01,1779275281,CRASH300N,1540.452,1,0.009000000000014552,BACKFILL_AUTO
2026-05-20 11:08:02,1779275282,CRASH300N,1540.469,1,0.01700000000005275,BACKFILL_AUTO
2026-05-20 11:08:03,1779275283,CRASH300N,1540.48,1,0.010999999999967258,BACKFILL_AUTO
2026-05-20 11:08:04,1779275284,CRASH300N,1540.481,1,0.0009999999999763531,BACKFILL_AUTO
2026-05-20 11:08:05,1779275285,CRASH300N,1540.496,1,0.015000000000100044,BACKFILL_AUTO
2026-05-20 11:08:06,1779275286,CRASH300N,1540.516,1,0.01999999999998181,BACKFILL_AUTO
2026-05-20 11:08:07,1779275287,CRASH300N,1540.523,1,0.006999999999834472,BACKFILL_AUTO
2026-05-20 11:08:08,1779275288,CRASH300N,1540.531,1,0.008000000000038199,BACKFILL_AUTO
2026-05-20 11:08:09,1779275289,CRASH300N,1540.537,1,0.0060000000000854925,BACKFILL_AUTO
2026-05-20 11:08:10,1779275290,CRASH300N,1540.553,1,0.016000000000076398,BACKFILL_AUTO
2026-05-20 11:08:11,1779275291,CRASH300N,1540.574,1,0.020999999999958163,BACKFILL_AUTO
2026-05-20 11:08:12,1779275292,CRASH300N,1540.603,1,0.028999999999996362,BACKFILL_AUTO
2026-05-20 11:08:13,1779275293,CRASH300N,1540.612,1,0.009000000000014552,BACKFILL_AUTO
2026-05-20 11:08:14,1779275294,CRASH300N,1540.615,1,0.0029999999999290594,BACKFILL_AUTO
2026-05-20 11:08:15,1779275295,CRASH300N,1540.615,0,0.0,BACKFILL_AUTO
2026-05-20 11:08:16,1779275296,CRASH300N,1540.619,1,0.0039999999999054126,BACKFILL_AUTO
2026-05-20 11:08:17,1779275297,CRASH300N,1540.627,1,0.008000000000038199,BACKFILL_AUTO
2026-05-20 11:08:18,1779275298,CRASH300N,1540.65,1,0.023000000000138243,BACKFILL_AUTO
2026-05-20 11:08:19,1779275299,CRASH300N,1540.666,1,0.015999999999849024,BACKFILL_AUTO
2026-05-20 11:08:20,1779275300,CRASH300N,1540.675,1,0.009000000000014552,BACKFILL_AUTO
2026-05-20 11:08:21,1779275301,CRASH300N,1540.678,1,0.003000000000156433,BACKFILL_AUTO
2026-05-20 11:08:22,1779275302,CRASH300N,1540.683,1,0.004999999999881766,BACKFILL_AUTO
2026-05-20 11:08:23,1779275303,CRASH300N,1540.684,1,0.0009999999999763531,BACKFILL_AUTO
2026-05-20 11:08:24,1779275304,CRASH300N,1540.685,1,0.0009999999999763531,BACKFILL_AUTO
2026-05-20 11:08:25,1779275305,CRASH300N,1540.697,1,0.011999999999943611,BACKFILL_AUTO
2026-05-20 11:08:26,1779275306,CRASH300N,1540.7,1,0.003000000000156433,BACKFILL_AUTO
2026-05-20 11:08:27,1779275307,CRASH300N,1540.711,1,0.010999999999967258,BACKFILL_AUTO
2026-05-20 11:08:28,1779275308,CRASH300N,1540.721,1,0.009999999999990905,BACKFILL_AUTO
2026-05-20 11:08:29,1779275309,CRASH300N,1540.733,1,0.011999999999943611,BACKFILL_AUTO
2026-05-20 11:08:30,1779275310,CRASH300N,1540.736,1,0.003000000000156433,BACKFILL_AUTO
2026-05-20 11:08:31,1779275311,CRASH300N,1540.749,1,0.012999999999919964,BACKFILL_AUTO
2026-05-20 11:08:32,1779275312,CRASH300N,1540.752,1,0.0029999999999290594,BACKFILL_AUTO
2026-05-20 11:08:33,1779275313,CRASH300N,1540.757,1,0.005000000000109139,BACKFILL_AUTO
2026-05-20 11:08:34,1779275314,CRASH300N,1540.791,1,0.03399999999987813,BACKFILL_AUTO
2026-05-20 11:08:35,1779275315,CRASH300N,1540.799,1,0.008000000000038199,BACKFILL_AUTO
2026-05-20 11:08:36,1779275316,CRASH300N,1540.807,1,0.008000000000038199,BACKFILL_AUTO
2026-05-20 11:08:37,1779275317,CRASH300N,1540.813,1,0.0060000000000854925,BACKFILL_AUTO
2026-05-20 11:08:38,1779275318,CRASH300N,1540.834,1,0.020999999999958163,BACKFILL_AUTO
2026-05-20 11:08:39,1779275319,CRASH300N,1540.834,0,0.0,BACKFILL_AUTO
2026-05-20 11:08:40,1779275320,CRASH300N,1540.849,1,0.01499999999987267,BACKFILL_AUTO
2026-05-20 11:08:41,1779275321,CRASH300N,1540.853,1,0.004000000000132786,BACKFILL_AUTO
2026-05-20 11:08:42,1779275322,CRASH300N,1540.861,1,0.008000000000038199,BACKFILL_AUTO
2026-05-20 11:08:43,1779275323,CRASH300N,1540.868,1,0.006999999999834472,BACKFILL_AUTO
2026-05-20 11:08:44,1779275324,CRASH300N,1540.896,1,0.02800000000002001,BACKFILL_AUTO
2026-05-20 11:08:45,1779275325,CRASH300N,1540.897,1,0.0009999999999763531,BACKFILL_AUTO
2026-05-20 11:08:46,1779275326,CRASH300N,1540.922,1,0.02500000000009095,BACKFILL_AUTO
2026-05-20 11:08:47,1779275327,CRASH300N,1540.941,1,0.019000000000005457,BACKFILL_AUTO
2026-05-20 11:08:48,1779275328,CRASH300N,1540.943,1,0.0019999999999527063,BACKFILL_AUTO
2026-05-20 11:08:49,1779275329,CRASH300N,1540.972,1,0.028999999999996362,BACKFILL_AUTO
2026-05-20 11:08:50,1779275330,CRASH300N,1540.975,1,0.0029999999999290594,BACKFILL_AUTO
2026-05-20 11:08:51,1779275331,CRASH300N,1540.988,1,0.013000000000147338,BACKFILL_AUTO
2026-05-20 11:08:52,1779275332,CRASH300N,1541.001,1,0.012999999999919964,BACKFILL_AUTO
2026-05-20 11:08:53,1779275333,CRASH300N,1541.003,1,0.0019999999999527063,BACKFILL_AUTO
2026-05-20 11:08:54,1779275334,CRASH300N,1541.017,1,0.014000000000123691,BACKFILL_AUTO
2026-05-20 11:08:55,1779275335,CRASH300N,1541.036,1,0.019000000000005457,BACKFILL_AUTO
2026-05-20 11:08:56,1779275336,CRASH300N,1541.038,1,0.0019999999999527063,BACKFILL_AUTO
2026-05-20 11:08:57,1779275337,CRASH300N,1541.073,1,0.035000000000081855,BACKFILL_AUTO
2026-05-20 11:08:58,1779275338,CRASH300N,1541.095,1,0.021999999999934516,BACKFILL_AUTO
2026-05-20 11:08:59,1779275339,CRASH300N,1541.116,1,0.020999999999958163,BACKFILL_AUTO
2026-05-20 11:09:00,1779275340,CRASH300N,1541.143,1,0.027000000000043656,BACKFILL_AUTO
2026-05-20 11:09:01,1779275341,CRASH300N,1541.149,1,0.005999999999858119,BACKFILL_AUTO
2026-05-20 11:09:02,1779275342,CRASH300N,1541.164,1,0.015000000000100044,BACKFILL_AUTO
2026-05-20 11:09:03,1779275343,CRASH300N,1541.176,1,0.011999999999943611,BACKFILL_AUTO
2026-05-20 11:09:04,1779275344,CRASH300N,1541.188,1,0.012000000000170985,BACKFILL_AUTO
2026-05-20 11:09:05,1779275345,CRASH300N,1541.193,1,0.004999999999881766,BACKFILL_AUTO
2026-05-20 11:09:06,1779275346,CRASH300N,1541.213,1,0.01999999999998181,BACKFILL_AUTO
2026-05-20 11:09:07,1779275347,CRASH300N,1541.215,1,0.0019999999999527063,BACKFILL_AUTO
2026-05-20 11:09:08,1779275348,CRASH300N,1541.226,1,0.011000000000194632,BACKFILL_AUTO
2026-05-20 11:09:09,1779275349,CRASH300N,1541.238,1,0.011999999999943611,BACKFILL_AUTO
2026-05-20 11:09:10,1779275350,CRASH300N,1541.255,1,0.01700000000005275,BACKFILL_AUTO
2026-05-20 11:09:11,1779275351,CRASH300N,1541.292,1,0.03699999999980719,BACKFILL_AUTO
2026-05-20 11:09:12,1779275352,CRASH300N,1541.298,1,0.0060000000000854925,BACKFILL_AUTO
2026-05-20 11:09:13,1779275353,CRASH300N,1541.302,1,0.0039999999999054126,BACKFILL_AUTO
2026-05-20 11:09:14,1779275354,CRASH300N,1541.308,1,0.0060000000000854925,BACKFILL_AUTO
2026-05-20 11:09:15,1779275355,CRASH300N,1541.318,1,0.009999999999990905,BACKFILL_AUTO
2026-05-20 11:09:16,1779275356,CRASH300N,1541.321,1,0.0029999999999290594,BACKFILL_AUTO
2026-05-20 11:09:17,1779275357,CRASH300N,1541.329,1,0.008000000000038199,BACKFILL_AUTO
2026-05-20 11:09:18,1779275358,CRASH300N,1541.329,0,0.0,BACKFILL_AUTO
2026-05-20 11:09:19,1779275359,CRASH300N,1541.349,1,0.01999999999998181,BACKFILL_AUTO
2026-05-20 11:09:20,1779275360,CRASH300N,1541.365,1,0.016000000000076398,BACKFILL_AUTO
2026-05-20 11:09:21,1779275361,CRASH300N,1541.37,1,0.004999999999881766,BACKFILL_AUTO
2026-05-20 11:09:22,1779275362,CRASH300N,1541.372,1,0.00200000000018008,BACKFILL_AUTO
2026-05-20 11:09:23,1779275363,CRASH300N,1541.389,1,0.016999999999825377,BACKFILL_AUTO
2026-05-20 11:09:24,1779275364,CRASH300N,1541.404,1,0.015000000000100044,BACKFILL_AUTO
2026-05-20 11:09:25,1779275365,CRASH300N,1541.445,1,0.04099999999993997,BACKFILL_AUTO
2026-05-20 11:09:26,1779275366,CRASH300N,1541.46,1,0.015000000000100044,BACKFILL_AUTO
2026-05-20 11:09:27,1779275367,CRASH300N,1541.475,1,0.01499999999987267,BACKFILL_AUTO
2026-05-20 11:09:28,1779275368,CRASH300N,1541.493,1,0.018000000000029104,BACKFILL_AUTO
2026-05-20 11:09:29,1779275369,CRASH300N,1541.496,1,0.003000000000156433,BACKFILL_AUTO
2026-05-20 11:09:30,1779275370,CRASH300N,1541.509,1,0.012999999999919964,BACKFILL_AUTO
2026-05-20 11:09:31,1779275371,CRASH300N,1541.521,1,0.011999999999943611,BACKFILL_AUTO
2026-05-20 11:09:32,1779275372,CRASH300N,1541.529,1,0.008000000000038199,BACKFILL_AUTO
2026-05-20 11:09:33,1779275373,CRASH300N,1541.53,1,0.0009999999999763531,BACKFILL_AUTO
2026-05-20 11:09:34,1779275374,CRASH300N,1541.533,1,0.0029999999999290594,BACKFILL_AUTO
2026-05-20 11:09:35,1779275375,CRASH300N,1541.539,1,0.0060000000000854925,BACKFILL_AUTO
2026-05-20 11:09:36,1779275376,CRASH300N,1541.562,1,0.02299999999991087,BACKFILL_AUTO
2026-05-20 11:09:37,1779275377,CRASH300N,1541.565,1,0.003000000000156433,BACKFILL_AUTO
2026-05-20 11:09:38,1779275378,CRASH300N,1541.588,1,0.02299999999991087,BACKFILL_AUTO
2026-05-20 11:09:39,1779275379,CRASH300N,1541.602,1,0.014000000000123691,BACKFILL_AUTO
2026-05-20 11:09:40,1779275380,CRASH300N,1541.619,1,0.016999999999825377,BACKFILL_AUTO
2026-05-20 11:09:41,1779275381,CRASH300N,1541.638,1,0.019000000000005457,BACKFILL_AUTO
2026-05-20 11:09:42,1779275382,CRASH300N,1541.658,1,0.01999999999998181,BACKFILL_AUTO
2026-05-20 11:09:43,1779275383,CRASH300N,1541.675,1,0.01700000000005275,BACKFILL_AUTO
2026-05-20 11:09:44,1779275384,CRASH300N,1541.685,1,0.009999999999990905,BACKFILL_AUTO
2026-05-20 11:09:45,1779275385,CRASH300N,1541.696,1,0.010999999999967258,BACKFILL_AUTO
2026-05-20 11:09:46,1779275386,CRASH300N,1541.701,1,0.005000000000109139,BACKFILL_AUTO
2026-05-20 11:09:47,1779275387,CRASH300N,1541.704,1,0.0029999999999290594,BACKFILL_AUTO
2026-05-20 11:09:48,1779275388,CRASH300N,1541.725,1,0.020999999999958163,BACKFILL_AUTO
2026-05-20 11:09:49,1779275389,CRASH300N,1541.753,1,0.02800000000002001,BACKFILL_AUTO
2026-05-20 11:09:50,1779275390,CRASH300N,1541.762,1,0.009000000000014552,BACKFILL_AUTO
2026-05-20 11:09:51,1779275391,CRASH300N,1541.779,1,0.01700000000005275,BACKFILL_AUTO
2026-05-20 11:09:52,1779275392,CRASH300N,1541.796,1,0.01700000000005275,BACKFILL_AUTO
2026-05-20 11:09:53,1779275393,CRASH300N,1541.804,1,0.008000000000038199,BACKFILL_AUTO
2026-05-20 11:09:54,1779275394,CRASH300N,1541.813,1,0.009000000000014552,BACKFILL_AUTO
2026-05-20 11:09:55,1779275395,CRASH300N,1541.815,1,0.0019999999999527063,BACKFILL_AUTO
2026-05-20 11:09:56,1779275396,CRASH300N,1541.828,1,0.012999999999919964,BACKFILL_AUTO
2026-05-20 11:09:57,1779275397,CRASH300N,1541.833,1,0.005000000000109139,BACKFILL_AUTO
2026-05-20 11:09:58,1779275398,CRASH300N,1541.839,1,0.005999999999858119,BACKFILL_AUTO
2026-05-20 11:09:59,1779275399,CRASH300N,1541.843,1,0.004000000000132786,BACKFILL_AUTO
2026-05-20 11:10:00,1779275400,CRASH300N,1541.857,1,0.013999999999896318,BACKFILL_AUTO
2026-05-20 11:10:01,1779275401,CRASH300N,1541.873,1,0.016000000000076398,BACKFILL_AUTO
2026-05-20 11:10:02,1779275402,CRASH300N,1541.9,1,0.027000000000043656,BACKFILL_AUTO
2026-05-20 11:10:03,1779275403,CRASH300N,1541.911,1,0.010999999999967258,BACKFILL_AUTO
2026-05-20 11:10:04,1779275404,CRASH300N,1541.938,1,0.027000000000043656,BACKFILL_AUTO
2026-05-20 11:10:05,1779275405,CRASH300N,1541.952,1,0.013999999999896318,BACKFILL_AUTO
2026-05-20 11:10:06,1779275406,CRASH300N,1541.958,1,0.0060000000000854925,BACKFILL_AUTO
2026-05-20 11:10:07,1779275407,CRASH300N,1541.969,1,0.010999999999967258,BACKFILL_AUTO
2026-05-20 11:10:08,1779275408,CRASH300N,1541.982,1,0.012999999999919964,BACKFILL_AUTO
2026-05-20 11:10:09,1779275409,CRASH300N,1541.985,1,0.0029999999999290594,BACKFILL_AUTO
2026-05-20 11:10:10,1779275410,CRASH300N,1541.998,1,0.013000000000147338,BACKFILL_AUTO
2026-05-20 11:10:11,1779275411,CRASH300N,1542.014,1,0.015999999999849024,BACKFILL_AUTO
2026-05-20 11:10:12,1779275412,CRASH300N,1542.046,1,0.032000000000152795,BACKFILL_AUTO
2026-05-20 11:10:13,1779275413,CRASH300N,1542.065,1,0.019000000000005457,BACKFILL_AUTO
2026-05-20 11:10:14,1779275414,CRASH300N,1542.09,1,0.024999999999863576,BACKFILL_AUTO
2026-05-20 11:10:15,1779275415,CRASH300N,1542.116,1,0.026000000000067303,BACKFILL_AUTO
2026-05-20 11:10:16,1779275416,CRASH300N,1542.131,1,0.015000000000100044,BACKFILL_AUTO
2026-05-20 11:10:17,1779275417,CRASH300N,1542.14,1,0.009000000000014552,BACKFILL_AUTO
2026-05-20 11:10:18,1779275418,CRASH300N,1542.163,1,0.02299999999991087,BACKFILL_AUTO
2026-05-20 11:10:19,1779275419,CRASH300N,1542.187,1,0.023999999999887223,BACKFILL_AUTO
2026-05-20 11:10:20,1779275420,CRASH300N,1542.201,1,0.014000000000123691,BACKFILL_AUTO
2026-05-20 11:10:21,1779275421,CRASH300N,1542.227,1,0.026000000000067303,BACKFILL_AUTO
2026-05-20 11:10:22,1779275422,CRASH300N,1542.257,1,0.029999999999972715,BACKFILL_AUTO
2026-05-20 11:10:23,1779275423,CRASH300N,1542.277,1,0.01999999999998181,BACKFILL_AUTO
2026-05-20 11:10:24,1779275424,CRASH300N,1542.284,1,0.007000000000061846,BACKFILL_AUTO
2026-05-20 11:10:25,1779275425,CRASH300N,1542.301,1,0.016999999999825377,BACKFILL_AUTO
2026-05-20 11:10:26,1779275426,CRASH300N,1542.33,1,0.028999999999996362,BACKFILL_AUTO
2026-05-20 11:10:27,1779275427,CRASH300N,1542.335,1,0.005000000000109139,BACKFILL_AUTO
2026-05-20 11:10:28,1779275428,CRASH300N,1542.357,1,0.021999999999934516,BACKFILL_AUTO
2026-05-20 11:10:29,1779275429,CRASH300N,1542.371,1,0.014000000000123691,BACKFILL_AUTO
2026-05-20 11:10:30,1779275430,CRASH300N,1542.38,1,0.009000000000014552,BACKFILL_AUTO
2026-05-20 11:10:31,1779275431,CRASH300N,1542.406,1,0.02599999999983993,BACKFILL_AUTO
2026-05-20 11:10:32,1779275432,CRASH300N,1542.425,1,0.019000000000005457,BACKFILL_AUTO
2026-05-20 11:10:33,1779275433,CRASH300N,1542.446,1,0.020999999999958163,BACKFILL_AUTO
2026-05-20 11:10:34,1779275434,CRASH300N,1542.456,1,0.009999999999990905,BACKFILL_AUTO
2026-05-20 11:10:35,1779275435,CRASH300N,1542.456,0,0.0,BACKFILL_AUTO
2026-05-20 11:10:36,1779275436,CRASH300N,1542.476,1,0.020000000000209184,BACKFILL_AUTO
2026-05-20 11:10:37,1779275437,CRASH300N,1542.476,0,0.0,BACKFILL_AUTO
2026-05-20 11:10:38,1779275438,CRASH300N,1542.492,1,0.015999999999849024,BACKFILL_AUTO
2026-05-20 11:10:39,1779275439,CRASH300N,1542.498,1,0.0060000000000854925,BACKFILL_AUTO
2026-05-20 11:10:40,1779275440,CRASH300N,1542.527,1,0.028999999999996362,BACKFILL_AUTO
2026-05-20 11:10:41,1779275441,CRASH300N,1542.54,1,0.012999999999919964,BACKFILL_AUTO
2026-05-20 11:10:42,1779275442,CRASH300N,1542.541,1,0.0009999999999763531,BACKFILL_AUTO
2026-05-20 11:10:43,1779275443,CRASH300N,1542.557,1,0.016000000000076398,BACKFILL_AUTO
2026-05-20 11:10:44,1779275444,CRASH300N,1542.585,1,0.02800000000002001,BACKFILL_AUTO
2026-05-20 11:10:45,1779275445,CRASH300N,1542.587,1,0.0019999999999527063,BACKFILL_AUTO
2026-05-20 11:10:46,1779275446,CRASH300N,1542.59,1,0.0029999999999290594,BACKFILL_AUTO
2026-05-20 11:10:47,1779275447,CRASH300N,1542.61,1,0.01999999999998181,BACKFILL_AUTO
2026-05-20 11:10:48,1779275448,CRASH300N,1542.625,1,0.015000000000100044,BACKFILL_AUTO
2026-05-20 11:10:49,1779275449,CRASH300N,1542.658,1,0.032999999999901775,BACKFILL_AUTO
2026-05-20 11:10:50,1779275450,CRASH300N,1542.67,1,0.012000000000170985,BACKFILL_AUTO
2026-05-20 11:10:51,1779275451,CRASH300N,1542.675,1,0.004999999999881766,BACKFILL_AUTO
2026-05-20 11:10:52,1779275452,CRASH300N,1542.687,1,0.011999999999943611,BACKFILL_AUTO
2026-05-20 11:10:53,1779275453,CRASH300N,1542.722,1,0.035000000000081855,BACKFILL_AUTO
2026-05-20 11:10:54,1779275454,CRASH300N,1542.742,1,0.01999999999998181,BACKFILL_AUTO
2026-05-20 11:10:55,1779275455,CRASH300N,1542.754,1,0.011999999999943611,BACKFILL_AUTO
2026-05-20 11:10:56,1779275456,CRASH300N,1542.761,1,0.007000000000061846,BACKFILL_AUTO
2026-05-20 11:10:57,1779275457,CRASH300N,1542.792,1,0.03099999999994907,BACKFILL_AUTO
2026-05-20 11:10:58,1779275458,CRASH300N,1542.802,1,0.009999999999990905,BACKFILL_AUTO
2026-05-20 11:10:59,1779275459,CRASH300N,1542.807,1,0.005000000000109139,BACKFILL_AUTO
2026-05-20 11:11:00,1779275460,CRASH300N,1542.823,1,0.016000000000076398,BACKFILL_AUTO
2026-05-20 11:11:01,1779275461,CRASH300N,1542.838,1,0.01499999999987267,BACKFILL_AUTO
2026-05-20 11:11:02,1779275462,CRASH300N,1542.861,1,0.023000000000138243,BACKFILL_AUTO
2026-05-20 11:11:03,1779275463,CRASH300N,1542.885,1,0.023999999999887223,BACKFILL_AUTO
2026-05-20 11:11:04,1779275464,CRASH300N,1542.893,1,0.008000000000038199,BACKFILL_AUTO
2026-05-20 11:11:05,1779275465,CRASH300N,1542.908,1,0.01499999999987267,BACKFILL_AUTO
2026-05-20 11:11:06,1779275466,CRASH300N,1542.931,1,0.023000000000138243,BACKFILL_AUTO
2026-05-20 11:11:07,1779275467,CRASH300N,1542.941,1,0.009999999999990905,BACKFILL_AUTO
2026-05-20 11:11:08,1779275468,CRASH300N,1542.949,1,0.008000000000038199,BACKFILL_AUTO
2026-05-20 11:11:09,1779275469,CRASH300N,1542.956,1,0.006999999999834472,BACKFILL_AUTO
2026-05-20 11:11:10,1779275470,CRASH300N,1542.967,1,0.011000000000194632,BACKFILL_AUTO
2026-05-20 11:11:11,1779275471,CRASH300N,1542.971,1,0.0039999999999054126,BACKFILL_AUTO
2026-05-20 11:11:12,1779275472,CRASH300N,1542.985,1,0.013999999999896318,BACKFILL_AUTO
2026-05-20 11:11:13,1779275473,CRASH300N,1543.013,1,0.02800000000002001,BACKFILL_AUTO
2026-05-20 11:11:14,1779275474,CRASH300N,1543.025,1,0.012000000000170985,BACKFILL_AUTO
2026-05-20 11:11:15,1779275475,CRASH300N,1543.026,1,0.0009999999999763531,BACKFILL_AUTO
2026-05-20 11:11:16,1779275476,CRASH300N,1543.026,0,0.0,BACKFILL_AUTO
2026-05-20 11:11:17,1779275477,CRASH300N,1543.039,1,0.012999999999919964,BACKFILL_AUTO
2026-05-20 11:11:18,1779275478,CRASH300N,1543.056,1,0.01700000000005275,BACKFILL_AUTO
2026-05-20 11:11:19,1779275479,CRASH300N,1543.056,0,0.0,BACKFILL_AUTO
2026-05-20 11:11:20,1779275480,CRASH300N,1543.057,1,0.0009999999999763531,BACKFILL_AUTO
2026-05-20 11:11:21,1779275481,CRASH300N,1543.073,1,0.016000000000076398,BACKFILL_AUTO
2026-05-20 11:11:22,1779275482,CRASH300N,1540.154,-1,2.9190000000000964,BACKFILL_AUTO
2026-05-20 11:11:23,1779275483,CRASH300N,1540.176,1,0.021999999999934516,BACKFILL_AUTO
2026-05-20 11:11:24,1779275484,CRASH300N,1540.194,1,0.018000000000029104,BACKFILL_AUTO
2026-05-20 11:11:25,1779275485,CRASH300N,1540.211,1,0.01700000000005275,BACKFILL_AUTO
2026-05-20 11:11:26,1779275486,CRASH300N,1540.225,1,0.013999999999896318,BACKFILL_AUTO
2026-05-20 11:11:27,1779275487,CRASH300N,1540.232,1,0.007000000000061846,BACKFILL_AUTO
2026-05-20 11:11:28,1779275488,CRASH300N,1540.25,1,0.018000000000029104,BACKFILL_AUTO
2026-05-20 11:11:29,1779275489,CRASH300N,1540.262,1,0.011999999999943611,BACKFILL_AUTO
2026-05-20 11:11:30,1779275490,CRASH300N,1540.278,1,0.016000000000076398,BACKFILL_AUTO
2026-05-20 11:11:31,1779275491,CRASH300N,1540.279,1,0.0009999999999763531,BACKFILL_AUTO
2026-05-20 11:11:32,1779275492,CRASH300N,1540.301,1,0.021999999999934516,BACKFILL_AUTO
2026-05-20 11:11:33,1779275493,CRASH300N,1540.33,1,0.028999999999996362,BACKFILL_AUTO
2026-05-20 11:11:34,1779275494,CRASH300N,1540.334,1,0.004000000000132786,BACKFILL_AUTO
2026-05-20 11:11:35,1779275495,CRASH300N,1540.345,1,0.010999999999967258,BACKFILL_AUTO
2026-05-20 11:11:36,1779275496,CRASH300N,1540.349,1,0.0039999999999054126,BACKFILL_AUTO
2026-05-20 11:11:37,1779275497,CRASH300N,1540.362,1,0.013000000000147338,BACKFILL_AUTO
2026-05-20 11:11:38,1779275498,CRASH300N,1540.381,1,0.019000000000005457,BACKFILL_AUTO
2026-05-20 11:11:39,1779275499,CRASH300N,1540.39,1,0.009000000000014552,BACKFILL_AUTO
2026-05-20 11:11:40,1779275500,CRASH300N,1540.43,1,0.03999999999996362,BACKFILL_AUTO
2026-05-20 11:11:41,1779275501,CRASH300N,1540.459,1,0.028999999999996362,BACKFILL_AUTO
2026-05-20 11:11:42,1779275502,CRASH300N,1540.47,1,0.010999999999967258,BACKFILL_AUTO
2026-05-20 11:11:43,1779275503,CRASH300N,1540.477,1,0.007000000000061846,BACKFILL_AUTO
2026-05-20 11:11:44,1779275504,CRASH300N,1540.489,1,0.011999999999943611,BACKFILL_AUTO
2026-05-20 11:11:45,1779275505,CRASH300N,1540.497,1,0.008000000000038199,BACKFILL_AUTO
2026-05-20 11:11:46,1779275506,CRASH300N,1540.501,1,0.0039999999999054126,BACKFILL_AUTO
2026-05-20 11:11:47,1779275507,CRASH300N,1540.509,1,0.008000000000038199,BACKFILL_AUTO
2026-05-20 11:11:48,1779275508,CRASH300N,1540.523,1,0.013999999999896318,BACKFILL_AUTO
2026-05-20 11:11:49,1779275509,CRASH300N,1540.545,1,0.02200000000016189,BACKFILL_AUTO
2026-05-20 11:11:50,1779275510,CRASH300N,1540.562,1,0.016999999999825377,BACKFILL_AUTO
2026-05-20 11:11:51,1779275511,CRASH300N,1540.576,1,0.014000000000123691,BACKFILL_AUTO
2026-05-20 11:11:52,1779275512,CRASH300N,1540.582,1,0.0060000000000854925,BACKFILL_AUTO
2026-05-20 11:11:53,1779275513,CRASH300N,1540.613,1,0.03099999999994907,BACKFILL_AUTO
2026-05-20 11:11:54,1779275514,CRASH300N,1540.622,1,0.009000000000014552,BACKFILL_AUTO
2026-05-20 11:11:55,1779275515,CRASH300N,1540.623,1,0.0009999999999763531,BACKFILL_AUTO
2026-05-20 11:11:56,1779275516,CRASH300N,1540.629,1,0.005999999999858119,BACKFILL_AUTO
2026-05-20 11:11:57,1779275517,CRASH300N,1540.647,1,0.018000000000029104,BACKFILL_AUTO
2026-05-20 11:11:58,1779275518,CRASH300N,1540.666,1,0.019000000000005457,BACKFILL_AUTO
2026-05-20 11:11:59,1779275519,CRASH300N,1540.693,1,0.027000000000043656,BACKFILL_AUTO
2026-05-20 11:12:00,1779275520,CRASH300N,1540.696,1,0.0029999999999290594,BACKFILL_AUTO
2026-05-20 11:12:01,1779275521,CRASH300N,1540.72,1,0.024000000000114596,BACKFILL_AUTO
2026-05-20 11:12:02,1779275522,CRASH300N,1540.747,1,0.027000000000043656,BACKFILL_AUTO
2026-05-20 11:12:03,1779275523,CRASH300N,1540.765,1,0.018000000000029104,BACKFILL_AUTO
2026-05-20 11:12:04,1779275524,CRASH300N,1540.775,1,0.009999999999990905,BACKFILL_AUTO
2026-05-20 11:12:05,1779275525,CRASH300N,1540.781,1,0.005999999999858119,BACKFILL_AUTO
2026-05-20 11:12:06,1779275526,CRASH300N,1540.784,1,0.003000000000156433,BACKFILL_AUTO
2026-05-20 11:12:07,1779275527,CRASH300N,1540.799,1,0.01499999999987267,BACKFILL_AUTO
2026-05-20 11:12:08,1779275528,CRASH300N,1540.818,1,0.019000000000005457,BACKFILL_AUTO
2026-05-20 11:12:09,1779275529,CRASH300N,1540.83,1,0.011999999999943611,BACKFILL_AUTO
2026-05-20 11:12:10,1779275530,CRASH300N,1540.85,1,0.01999999999998181,BACKFILL_AUTO
2026-05-20 11:12:11,1779275531,CRASH300N,1540.863,1,0.013000000000147338,BACKFILL_AUTO
2026-05-20 11:12:12,1779275532,CRASH300N,1540.891,1,0.02800000000002001,BACKFILL_AUTO
2026-05-20 11:12:13,1779275533,CRASH300N,1540.902,1,0.010999999999967258,BACKFILL_AUTO
2026-05-20 11:12:14,1779275534,CRASH300N,1540.928,1,0.026000000000067303,BACKFILL_AUTO
2026-05-20 11:12:15,1779275535,CRASH300N,1540.929,1,0.0009999999999763531,BACKFILL_AUTO
2026-05-20 11:12:16,1779275536,CRASH300N,1540.935,1,0.005999999999858119,BACKFILL_AUTO
2026-05-20 11:12:17,1779275537,CRASH300N,1540.96,1,0.02500000000009095,BACKFILL_AUTO
2026-05-20 11:12:18,1779275538,CRASH300N,1540.972,1,0.011999999999943611,BACKFILL_AUTO
2026-05-20 11:12:19,1779275539,CRASH300N,1540.975,1,0.0029999999999290594,BACKFILL_AUTO
2026-05-20 11:12:20,1779275540,CRASH300N,1540.98,1,0.005000000000109139,BACKFILL_AUTO
2026-05-20 11:12:21,1779275541,CRASH300N,1540.984,1,0.0039999999999054126,BACKFILL_AUTO
2026-05-20 11:12:22,1779275542,CRASH300N,1541.002,1,0.018000000000029104,BACKFILL_AUTO
2026-05-20 11:12:23,1779275543,CRASH300N,1541.023,1,0.020999999999958163,BACKFILL_AUTO
2026-05-20 11:12:24,1779275544,CRASH300N,1541.043,1,0.01999999999998181,BACKFILL_AUTO
2026-05-20 11:12:25,1779275545,CRASH300N,1541.064,1,0.021000000000185537,BACKFILL_AUTO
2026-05-20 11:12:26,1779275546,CRASH300N,1541.072,1,0.007999999999810825,BACKFILL_AUTO
2026-05-20 11:12:27,1779275547,CRASH300N,1541.081,1,0.009000000000014552,BACKFILL_AUTO
2026-05-20 11:12:28,1779275548,CRASH300N,1541.109,1,0.02800000000002001,BACKFILL_AUTO
2026-05-20 11:12:29,1779275549,CRASH300N,1541.12,1,0.010999999999967258,BACKFILL_AUTO
2026-05-20 11:12:30,1779275550,CRASH300N,1541.127,1,0.007000000000061846,BACKFILL_AUTO
2026-05-20 11:12:31,1779275551,CRASH300N,1541.139,1,0.011999999999943611,BACKFILL_AUTO
2026-05-20 11:12:32,1779275552,CRASH300N,1541.158,1,0.019000000000005457,BACKFILL_AUTO
2026-05-20 11:12:33,1779275553,CRASH300N,1541.16,1,0.00200000000018008,BACKFILL_AUTO
2026-05-20 11:12:34,1779275554,CRASH300N,1541.181,1,0.020999999999958163,BACKFILL_AUTO
2026-05-20 11:12:35,1779275555,CRASH300N,1541.216,1,0.03499999999985448,BACKFILL_AUTO
2026-05-20 11:12:36,1779275556,CRASH300N,1541.225,1,0.009000000000014552,BACKFILL_AUTO
2026-05-20 11:12:37,1779275557,CRASH300N,1541.248,1,0.023000000000138243,BACKFILL_AUTO
2026-05-20 11:12:38,1779275558,CRASH300N,1541.27,1,0.021999999999934516,BACKFILL_AUTO
2026-05-20 11:12:39,1779275559,CRASH300N,1541.27,0,0.0,BACKFILL_AUTO
2026-05-20 11:12:40,1779275560,CRASH300N,1541.285,1,0.015000000000100044,BACKFILL_AUTO
2026-05-20 11:12:41,1779275561,CRASH300N,1541.295,1,0.009999999999990905,BACKFILL_AUTO
2026-05-20 11:12:42,1779275562,CRASH300N,1541.306,1,0.010999999999967258,BACKFILL_AUTO
2026-05-20 11:12:43,1779275563,CRASH300N,1541.311,1,0.004999999999881766,BACKFILL_AUTO
2026-05-20 11:12:44,1779275564,CRASH300N,1541.314,1,0.003000000000156433,BACKFILL_AUTO
2026-05-20 11:12:45,1779275565,CRASH300N,1541.316,1,0.0019999999999527063,BACKFILL_AUTO
2026-05-20 11:12:46,1779275566,CRASH300N,1541.32,1,0.0039999999999054126,BACKFILL_AUTO
2026-05-20 11:12:47,1779275567,CRASH300N,1541.341,1,0.020999999999958163,BACKFILL_AUTO
2026-05-20 11:12:48,1779275568,CRASH300N,1541.344,1,0.003000000000156433,BACKFILL_AUTO
2026-05-20 11:12:49,1779275569,CRASH300N,1541.368,1,0.023999999999887223,BACKFILL_AUTO
2026-05-20 11:12:50,1779275570,CRASH300N,1541.404,1,0.03600000000005821,BACKFILL_AUTO
2026-05-20 11:12:51,1779275571,CRASH300N,1541.421,1,0.01700000000005275,BACKFILL_AUTO
2026-05-20 11:12:52,1779275572,CRASH300N,1541.439,1,0.018000000000029104,BACKFILL_AUTO
2026-05-20 11:12:53,1779275573,CRASH300N,1541.463,1,0.023999999999887223,BACKFILL_AUTO
2026-05-20 11:12:54,1779275574,CRASH300N,1541.472,1,0.009000000000014552,BACKFILL_AUTO
2026-05-20 11:12:55,1779275575,CRASH300N,1541.473,1,0.0009999999999763531,BACKFILL_AUTO
2026-05-20 11:12:56,1779275576,CRASH300N,1541.482,1,0.009000000000014552,BACKFILL_AUTO
2026-05-20 11:12:57,1779275577,CRASH300N,1541.515,1,0.03300000000012915,BACKFILL_AUTO
2026-05-20 11:12:58,1779275578,CRASH300N,1541.53,1,0.01499999999987267,BACKFILL_AUTO
2026-05-20 11:12:59,1779275579,CRASH300N,1541.533,1,0.0029999999999290594,BACKFILL_AUTO
2026-05-20 11:13:00,1779275580,CRASH300N,1541.536,1,0.003000000000156433,BACKFILL_AUTO
2026-05-20 11:13:01,1779275581,CRASH300N,1541.541,1,0.004999999999881766,BACKFILL_AUTO
2026-05-20 11:13:02,1779275582,CRASH300N,1541.547,1,0.0060000000000854925,BACKFILL_AUTO
2026-05-20 11:13:03,1779275583,CRASH300N,1541.568,1,0.020999999999958163,BACKFILL_AUTO
2026-05-20 11:13:04,1779275584,CRASH300N,1541.595,1,0.027000000000043656,BACKFILL_AUTO
2026-05-20 11:13:05,1779275585,CRASH300N,1541.609,1,0.013999999999896318,BACKFILL_AUTO
2026-05-20 11:13:06,1779275586,CRASH300N,1541.628,1,0.019000000000005457,BACKFILL_AUTO
2026-05-20 11:13:07,1779275587,CRASH300N,1541.641,1,0.013000000000147338,BACKFILL_AUTO
2026-05-20 11:13:08,1779275588,CRASH300N,1541.666,1,0.024999999999863576,BACKFILL_AUTO
2026-05-20 11:13:09,1779275589,CRASH300N,1541.678,1,0.012000000000170985,BACKFILL_AUTO
2026-05-20 11:13:10,1779275590,CRASH300N,1541.703,1,0.024999999999863576,BACKFILL_AUTO
2026-05-20 11:13:11,1779275591,CRASH300N,1541.715,1,0.011999999999943611,BACKFILL_AUTO
2026-05-20 11:13:12,1779275592,CRASH300N,1541.736,1,0.021000000000185537,BACKFILL_AUTO
2026-05-20 11:13:13,1779275593,CRASH300N,1541.751,1,0.01499999999987267,BACKFILL_AUTO
2026-05-20 11:13:14,1779275594,CRASH300N,1541.759,1,0.008000000000038199,BACKFILL_AUTO
2026-05-20 11:13:15,1779275595,CRASH300N,1541.765,1,0.0060000000000854925,BACKFILL_AUTO
2026-05-20 11:13:16,1779275596,CRASH300N,1541.771,1,0.005999999999858119,BACKFILL_AUTO
2026-05-20 11:13:17,1779275597,CRASH300N,1541.772,1,0.0009999999999763531,BACKFILL_AUTO
2026-05-20 11:13:18,1779275598,CRASH300N,1541.777,1,0.005000000000109139,BACKFILL_AUTO
2026-05-20 11:13:19,1779275599,CRASH300N,1541.79,1,0.012999999999919964,BACKFILL_AUTO
2026-05-20 11:13:20,1779275600,CRASH300N,1541.813,1,0.023000000000138243,BACKFILL_AUTO
2026-05-20 11:13:21,1779275601,CRASH300N,1541.819,1,0.005999999999858119,BACKFILL_AUTO
2026-05-20 11:13:22,1779275602,CRASH300N,1541.823,1,0.004000000000132786,BACKFILL_AUTO
2026-05-20 11:13:23,1779275603,CRASH300N,1541.826,1,0.0029999999999290594,BACKFILL_AUTO
2026-05-20 11:13:24,1779275604,CRASH300N,1541.836,1,0.009999999999990905,BACKFILL_AUTO
2026-05-20 11:13:25,1779275605,CRASH300N,1541.852,1,0.016000000000076398,BACKFILL_AUTO
2026-05-20 11:13:26,1779275606,CRASH300N,1541.858,1,0.005999999999858119,BACKFILL_AUTO
2026-05-20 11:13:27,1779275607,CRASH300N,1541.864,1,0.0060000000000854925,BACKFILL_AUTO
2026-05-20 11:13:28,1779275608,CRASH300N,1541.892,1,0.02800000000002001,BACKFILL_AUTO
2026-05-20 11:13:29,1779275609,CRASH300N,1541.896,1,0.0039999999999054126,BACKFILL_AUTO
2026-05-20 11:13:30,1779275610,CRASH300N,1541.9,1,0.004000000000132786,BACKFILL_AUTO
2026-05-20 11:13:31,1779275611,CRASH300N,1541.92,1,0.01999999999998181,BACKFILL_AUTO
2026-05-20 11:13:32,1779275612,CRASH300N,1541.939,1,0.019000000000005457,BACKFILL_AUTO
2026-05-20 11:13:33,1779275613,CRASH300N,1541.943,1,0.0039999999999054126,BACKFILL_AUTO
2026-05-20 11:13:34,1779275614,CRASH300N,1541.955,1,0.011999999999943611,BACKFILL_AUTO
2026-05-20 11:13:35,1779275615,CRASH300N,1541.97,1,0.015000000000100044,BACKFILL_AUTO
2026-05-20 11:13:36,1779275616,CRASH300N,1541.971,1,0.0009999999999763531,BACKFILL_AUTO
2026-05-20 11:13:37,1779275617,CRASH300N,1541.99,1,0.019000000000005457,BACKFILL_AUTO
2026-05-20 11:13:38,1779275618,CRASH300N,1542.015,1,0.02500000000009095,BACKFILL_AUTO
2026-05-20 11:13:39,1779275619,CRASH300N,1542.038,1,0.02299999999991087,BACKFILL_AUTO
2026-05-20 11:13:40,1779275620,CRASH300N,1542.043,1,0.004999999999881766,BACKFILL_AUTO
2026-05-20 11:13:41,1779275621,CRASH300N,1542.054,1,0.011000000000194632,BACKFILL_AUTO
2026-05-20 11:13:42,1779275622,CRASH300N,1542.059,1,0.004999999999881766,BACKFILL_AUTO
2026-05-20 11:13:43,1779275623,CRASH300N,1542.067,1,0.008000000000038199,BACKFILL_AUTO
2026-05-20 11:13:44,1779275624,CRASH300N,1542.095,1,0.02800000000002001,BACKFILL_AUTO
2026-05-20 11:13:45,1779275625,CRASH300N,1542.103,1,0.008000000000038199,BACKFILL_AUTO
2026-05-20 11:13:46,1779275626,CRASH300N,1542.122,1,0.019000000000005457,BACKFILL_AUTO
2026-05-20 11:13:47,1779275627,CRASH300N,1542.151,1,0.028999999999996362,BACKFILL_AUTO
2026-05-20 11:13:48,1779275628,CRASH300N,1542.161,1,0.009999999999990905,BACKFILL_AUTO
2026-05-20 11:13:49,1779275629,CRASH300N,1542.176,1,0.01499999999987267,BACKFILL_AUTO
2026-05-20 11:13:50,1779275630,CRASH300N,1542.181,1,0.005000000000109139,BACKFILL_AUTO
2026-05-20 11:13:51,1779275631,CRASH300N,1542.191,1,0.009999999999990905,BACKFILL_AUTO
2026-05-20 11:13:52,1779275632,CRASH300N,1542.198,1,0.007000000000061846,BACKFILL_AUTO
2026-05-20 11:13:53,1779275633,CRASH300N,1542.225,1,0.026999999999816282,BACKFILL_AUTO
2026-05-20 11:13:54,1779275634,CRASH300N,1542.252,1,0.027000000000043656,BACKFILL_AUTO
2026-05-20 11:13:55,1779275635,CRASH300N,1542.266,1,0.014000000000123691,BACKFILL_AUTO
2026-05-20 11:13:56,1779275636,CRASH300N,1542.297,1,0.03099999999994907,BACKFILL_AUTO
2026-05-20 11:13:57,1779275637,CRASH300N,1542.333,1,0.03600000000005821,BACKFILL_AUTO
2026-05-20 11:13:58,1779275638,CRASH300N,1542.359,1,0.02599999999983993,BACKFILL_AUTO
2026-05-20 11:13:59,1779275639,CRASH300N,1542.375,1,0.016000000000076398,BACKFILL_AUTO
2026-05-20 11:14:00,1779275640,CRASH300N,1542.391,1,0.016000000000076398,BACKFILL_AUTO
2026-05-20 11:14:01,1779275641,CRASH300N,1542.412,1,0.020999999999958163,BACKFILL_AUTO
2026-05-20 11:14:02,1779275642,CRASH300N,1542.421,1,0.009000000000014552,BACKFILL_AUTO
2026-05-20 11:14:03,1779275643,CRASH300N,1542.443,1,0.021999999999934516,BACKFILL_AUTO
2026-05-20 11:14:04,1779275644,CRASH300N,1542.45,1,0.007000000000061846,BACKFILL_AUTO
2026-05-20 11:14:05,1779275645,CRASH300N,1542.478,1,0.02800000000002001,BACKFILL_AUTO
2026-05-20 11:14:06,1779275646,CRASH300N,1542.492,1,0.013999999999896318,BACKFILL_AUTO
2026-05-20 11:14:07,1779275647,CRASH300N,1542.532,1,0.03999999999996362,BACKFILL_AUTO
2026-05-20 11:14:08,1779275648,CRASH300N,1542.554,1,0.02200000000016189,BACKFILL_AUTO
2026-05-20 11:14:09,1779275649,CRASH300N,1542.561,1,0.006999999999834472,BACKFILL_AUTO
2026-05-20 11:14:10,1779275650,CRASH300N,1542.566,1,0.005000000000109139,BACKFILL_AUTO
2026-05-20 11:14:11,1779275651,CRASH300N,1542.566,0,0.0,BACKFILL_AUTO
2026-05-20 11:14:12,1779275652,CRASH300N,1542.579,1,0.012999999999919964,BACKFILL_AUTO
2026-05-20 11:14:13,1779275653,CRASH300N,1542.58,1,0.0009999999999763531,BACKFILL_AUTO
2026-05-20 11:14:14,1779275654,CRASH300N,1542.582,1,0.00200000000018008,BACKFILL_AUTO
2026-05-20 11:14:15,1779275655,CRASH300N,1542.587,1,0.004999999999881766,BACKFILL_AUTO
2026-05-20 11:14:16,1779275656,CRASH300N,1542.599,1,0.011999999999943611,BACKFILL_AUTO
2026-05-20 11:14:17,1779275657,CRASH300N,1542.635,1,0.03600000000005821,BACKFILL_AUTO
2026-05-20 11:14:18,1779275658,CRASH300N,1542.653,1,0.018000000000029104,BACKFILL_AUTO
2026-05-20 11:14:19,1779275659,CRASH300N,1542.668,1,0.01499999999987267,BACKFILL_AUTO
2026-05-20 11:14:20,1779275660,CRASH300N,1542.681,1,0.013000000000147338,BACKFILL_AUTO
2026-05-20 11:14:21,1779275661,CRASH300N,1542.704,1,0.02299999999991087,BACKFILL_AUTO
2026-05-20 11:14:22,1779275662,CRASH300N,1542.71,1,0.0060000000000854925,BACKFILL_AUTO
2026-05-20 11:14:23,1779275663,CRASH300N,1542.727,1,0.01700000000005275,BACKFILL_AUTO
2026-05-20 11:14:24,1779275664,CRASH300N,1542.75,1,0.02299999999991087,BACKFILL_AUTO
2026-05-20 11:14:25,1779275665,CRASH300N,1542.775,1,0.02500000000009095,BACKFILL_AUTO
2026-05-20 11:14:26,1779275666,CRASH300N,1542.782,1,0.006999999999834472,BACKFILL_AUTO
2026-05-20 11:14:27,1779275667,CRASH300N,1542.823,1,0.04100000000016735,BACKFILL_AUTO
2026-05-20 11:14:28,1779275668,CRASH300N,1542.841,1,0.01799999999980173,BACKFILL_AUTO
2026-05-20 11:14:29,1779275669,CRASH300N,1542.86,1,0.019000000000005457,BACKFILL_AUTO
2026-05-20 11:14:30,1779275670,CRASH300N,1542.865,1,0.005000000000109139,BACKFILL_AUTO
2026-05-20 11:14:31,1779275671,CRASH300N,1542.881,1,0.016000000000076398,BACKFILL_AUTO
2026-05-20 11:14:32,1779275672,CRASH300N,1542.905,1,0.023999999999887223,BACKFILL_AUTO
2026-05-20 11:14:33,1779275673,CRASH300N,1542.905,0,0.0,BACKFILL_AUTO
2026-05-20 11:14:34,1779275674,CRASH300N,1542.91,1,0.005000000000109139,BACKFILL_AUTO
2026-05-20 11:14:35,1779275675,CRASH300N,1542.922,1,0.011999999999943611,BACKFILL_AUTO
2026-05-20 11:14:36,1779275676,CRASH300N,1542.937,1,0.01499999999987267,BACKFILL_AUTO
2026-05-20 11:14:37,1779275677,CRASH300N,1542.953,1,0.016000000000076398,BACKFILL_AUTO
2026-05-20 11:14:38,1779275678,CRASH300N,1542.965,1,0.011999999999943611,BACKFILL_AUTO
2026-05-20 11:14:39,1779275679,CRASH300N,1542.971,1,0.0060000000000854925,BACKFILL_AUTO
2026-05-20 11:14:40,1779275680,CRASH300N,1542.973,1,0.0019999999999527063,BACKFILL_AUTO
2026-05-20 11:14:41,1779275681,CRASH300N,1542.983,1,0.009999999999990905,BACKFILL_AUTO
2026-05-20 11:14:42,1779275682,CRASH300N,1542.994,1,0.010999999999967258,BACKFILL_AUTO
2026-05-20 11:14:43,1779275683,CRASH300N,1543.032,1,0.038000000000010914,BACKFILL_AUTO
2026-05-20 11:14:44,1779275684,CRASH300N,1543.056,1,0.024000000000114596,BACKFILL_AUTO
2026-05-20 11:14:45,1779275685,CRASH300N,1543.078,1,0.021999999999934516,BACKFILL_AUTO
2026-05-20 11:14:46,1779275686,CRASH300N,1543.083,1,0.005000000000109139,BACKFILL_AUTO
2026-05-20 11:14:47,1779275687,CRASH300N,1543.099,1,0.015999999999849024,BACKFILL_AUTO
2026-05-20 11:14:48,1779275688,CRASH300N,1543.119,1,0.01999999999998181,BACKFILL_AUTO
2026-05-20 11:14:49,1779275689,CRASH300N,1543.134,1,0.015000000000100044,BACKFILL_AUTO
2026-05-20 11:14:50,1779275690,CRASH300N,1543.142,1,0.008000000000038199,BACKFILL_AUTO
2026-05-20 11:14:51,1779275691,CRASH300N,1543.158,1,0.015999999999849024,BACKFILL_AUTO
2026-05-20 11:14:52,1779275692,CRASH300N,1543.177,1,0.019000000000005457,BACKFILL_AUTO
2026-05-20 11:14:53,1779275693,CRASH300N,1543.193,1,0.016000000000076398,BACKFILL_AUTO
2026-05-20 11:14:54,1779275694,CRASH300N,1543.208,1,0.015000000000100044,BACKFILL_AUTO
2026-05-20 11:14:55,1779275695,CRASH300N,1543.227,1,0.019000000000005457,BACKFILL_AUTO
2026-05-20 11:14:56,1779275696,CRASH300N,1543.245,1,0.01799999999980173,BACKFILL_AUTO
2026-05-20 11:14:57,1779275697,CRASH300N,1543.261,1,0.016000000000076398,BACKFILL_AUTO
2026-05-20 11:14:58,1779275698,CRASH300N,1543.285,1,0.024000000000114596,BACKFILL_AUTO
2026-05-20 11:14:59,1779275699,CRASH300N,1543.317,1,0.03199999999992542,BACKFILL_AUTO
2026-05-20 11:15:00,1779275700,CRASH300N,1543.336,1,0.019000000000005457,BACKFILL_AUTO
2026-05-20 11:15:01,1779275701,CRASH300N,1543.348,1,0.011999999999943611,BACKFILL_AUTO
2026-05-20 11:15:02,1779275702,CRASH300N,1543.364,1,0.016000000000076398,BACKFILL_AUTO
2026-05-20 11:15:03,1779275703,CRASH300N,1543.383,1,0.019000000000005457,BACKFILL_AUTO
2026-05-20 11:15:04,1779275704,CRASH300N,1543.386,1,0.0029999999999290594,BACKFILL_AUTO
2026-05-20 11:15:05,1779275705,CRASH300N,1543.389,1,0.0029999999999290594,BACKFILL_AUTO
2026-05-20 11:15:06,1779275706,CRASH300N,1543.391,1,0.00200000000018008,BACKFILL_AUTO
2026-05-20 11:15:07,1779275707,CRASH300N,1543.394,1,0.0029999999999290594,BACKFILL_AUTO
2026-05-20 11:15:08,1779275708,CRASH300N,1543.432,1,0.038000000000010914,BACKFILL_AUTO
2026-05-20 11:15:09,1779275709,CRASH300N,1543.448,1,0.016000000000076398,BACKFILL_AUTO
2026-05-20 11:15:10,1779275710,CRASH300N,1543.454,1,0.005999999999858119,BACKFILL_AUTO
2026-05-20 11:15:11,1779275711,CRASH300N,1543.482,1,0.02800000000002001,BACKFILL_AUTO
2026-05-20 11:15:12,1779275712,CRASH300N,1543.501,1,0.019000000000005457,BACKFILL_AUTO
2026-05-20 11:15:13,1779275713,CRASH300N,1543.506,1,0.005000000000109139,BACKFILL_AUTO
2026-05-20 11:15:14,1779275714,CRASH300N,1543.518,1,0.011999999999943611,BACKFILL_AUTO
2026-05-20 11:15:15,1779275715,CRASH300N,1543.534,1,0.016000000000076398,BACKFILL_AUTO
2026-05-20 11:15:16,1779275716,CRASH300N,1543.543,1,0.008999999999787178,BACKFILL_AUTO
2026-05-20 11:15:17,1779275717,CRASH300N,1543.55,1,0.007000000000061846,BACKFILL_AUTO
2026-05-20 11:15:18,1779275718,CRASH300N,1543.564,1,0.014000000000123691,BACKFILL_AUTO
2026-05-20 11:15:19,1779275719,CRASH300N,1543.571,1,0.006999999999834472,BACKFILL_AUTO
2026-05-20 11:15:20,1779275720,CRASH300N,1543.578,1,0.007000000000061846,BACKFILL_AUTO
2026-05-20 11:15:21,1779275721,CRASH300N,1543.59,1,0.011999999999943611,BACKFILL_AUTO
2026-05-20 11:15:22,1779275722,CRASH300N,1543.593,1,0.003000000000156433,BACKFILL_AUTO
2026-05-20 11:15:23,1779275723,CRASH300N,1543.627,1,0.03399999999987813,BACKFILL_AUTO
2026-05-20 11:15:24,1779275724,CRASH300N,1543.64,1,0.013000000000147338,BACKFILL_AUTO
2026-05-20 11:15:25,1779275725,CRASH300N,1543.662,1,0.021999999999934516,BACKFILL_AUTO
2026-05-20 11:15:26,1779275726,CRASH300N,1543.675,1,0.012999999999919964,BACKFILL_AUTO
2026-05-20 11:15:27,1779275727,CRASH300N,1543.679,1,0.004000000000132786,BACKFILL_AUTO
2026-05-20 11:15:28,1779275728,CRASH300N,1543.685,1,0.005999999999858119,BACKFILL_AUTO
2026-05-20 11:15:29,1779275729,CRASH300N,1543.688,1,0.003000000000156433,BACKFILL_AUTO
2026-05-20 11:15:30,1779275730,CRASH300N,1543.702,1,0.013999999999896318,BACKFILL_AUTO
2026-05-20 11:15:31,1779275731,CRASH300N,1543.717,1,0.015000000000100044,BACKFILL_AUTO
2026-05-20 11:15:32,1779275732,CRASH300N,1543.729,1,0.011999999999943611,BACKFILL_AUTO
2026-05-20 11:15:33,1779275733,CRASH300N,1543.763,1,0.03399999999987813,BACKFILL_AUTO
2026-05-20 11:15:34,1779275734,CRASH300N,1543.79,1,0.027000000000043656,BACKFILL_AUTO
2026-05-20 11:15:35,1779275735,CRASH300N,1543.809,1,0.019000000000005457,BACKFILL_AUTO
2026-05-20 11:15:36,1779275736,CRASH300N,1543.827,1,0.018000000000029104,BACKFILL_AUTO
2026-05-20 11:15:37,1779275737,CRASH300N,1543.834,1,0.007000000000061846,BACKFILL_AUTO
2026-05-20 11:15:38,1779275738,CRASH300N,1543.849,1,0.01499999999987267,BACKFILL_AUTO
2026-05-20 11:15:39,1779275739,CRASH300N,1543.854,1,0.005000000000109139,BACKFILL_AUTO
2026-05-20 11:15:40,1779275740,CRASH300N,1543.858,1,0.0039999999999054126,BACKFILL_AUTO
2026-05-20 11:15:41,1779275741,CRASH300N,1543.876,1,0.018000000000029104,BACKFILL_AUTO
2026-05-20 11:15:42,1779275742,CRASH300N,1543.889,1,0.012999999999919964,BACKFILL_AUTO
2026-05-20 11:15:43,1779275743,CRASH300N,1543.909,1,0.020000000000209184,BACKFILL_AUTO
2026-05-20 11:15:44,1779275744,CRASH300N,1543.924,1,0.01499999999987267,BACKFILL_AUTO
2026-05-20 11:15:45,1779275745,CRASH300N,1543.929,1,0.005000000000109139,BACKFILL_AUTO
2026-05-20 11:15:46,1779275746,CRASH300N,1543.949,1,0.01999999999998181,BACKFILL_AUTO
2026-05-20 11:15:47,1779275747,CRASH300N,1543.953,1,0.0039999999999054126,BACKFILL_AUTO
2026-05-20 11:15:48,1779275748,CRASH300N,1543.965,1,0.011999999999943611,BACKFILL_AUTO
2026-05-20 11:15:49,1779275749,CRASH300N,1543.976,1,0.011000000000194632,BACKFILL_AUTO
2026-05-20 11:15:50,1779275750,CRASH300N,1543.982,1,0.005999999999858119,BACKFILL_AUTO
2026-05-20 11:15:51,1779275751,CRASH300N,1544.005,1,0.023000000000138243,BACKFILL_AUTO
2026-05-20 11:15:52,1779275752,CRASH300N,1544.015,1,0.009999999999990905,BACKFILL_AUTO
2026-05-20 11:15:53,1779275753,CRASH300N,1544.02,1,0.004999999999881766,BACKFILL_AUTO
2026-05-20 11:15:54,1779275754,CRASH300N,1544.045,1,0.02500000000009095,BACKFILL_AUTO
2026-05-20 11:15:55,1779275755,CRASH300N,1544.047,1,0.0019999999999527063,BACKFILL_AUTO
2026-05-20 11:15:56,1779275756,CRASH300N,1544.052,1,0.004999999999881766,BACKFILL_AUTO
2026-05-20 11:15:57,1779275757,CRASH300N,1544.062,1,0.009999999999990905,BACKFILL_AUTO
2026-05-20 11:15:58,1779275758,CRASH300N,1544.081,1,0.019000000000005457,BACKFILL_AUTO
2026-05-20 11:15:59,1779275759,CRASH300N,1544.087,1,0.0060000000000854925,BACKFILL_AUTO
2026-05-20 11:16:00,1779275760,CRASH300N,1544.105,1,0.018000000000029104,BACKFILL_AUTO
2026-05-20 11:16:01,1779275761,CRASH300N,1544.137,1,0.03199999999992542,BACKFILL_AUTO
2026-05-20 11:16:02,1779275762,CRASH300N,1544.142,1,0.005000000000109139,BACKFILL_AUTO
2026-05-20 11:16:03,1779275763,CRASH300N,1544.174,1,0.03199999999992542,BACKFILL_AUTO
2026-05-20 11:16:04,1779275764,CRASH300N,1544.199,1,0.02500000000009095,BACKFILL_AUTO
2026-05-20 11:16:05,1779275765,CRASH300N,1544.221,1,0.021999999999934516,BACKFILL_AUTO
2026-05-20 11:16:06,1779275766,CRASH300N,1544.229,1,0.008000000000038199,BACKFILL_AUTO
2026-05-20 11:16:07,1779275767,CRASH300N,1544.244,1,0.01499999999987267,BACKFILL_AUTO
2026-05-20 11:16:08,1779275768,CRASH300N,1544.244,0,0.0,BACKFILL_AUTO
2026-05-20 11:16:09,1779275769,CRASH300N,1544.247,1,0.003000000000156433,BACKFILL_AUTO
2026-05-20 11:16:10,1779275770,CRASH300N,1544.262,1,0.01499999999987267,BACKFILL_AUTO
2026-05-20 11:16:11,1779275771,CRASH300N,1544.263,1,0.0009999999999763531,BACKFILL_AUTO
2026-05-20 11:16:12,1779275772,CRASH300N,1544.276,1,0.013000000000147338,BACKFILL_AUTO
2026-05-20 11:16:13,1779275773,CRASH300N,1544.281,1,0.004999999999881766,BACKFILL_AUTO
2026-05-20 11:16:14,1779275774,CRASH300N,1544.285,1,0.004000000000132786,BACKFILL_AUTO
2026-05-20 11:16:15,1779275775,CRASH300N,1544.303,1,0.018000000000029104,BACKFILL_AUTO
2026-05-20 11:16:16,1779275776,CRASH300N,1544.304,1,0.0009999999999763531,BACKFILL_AUTO
2026-05-20 11:16:17,1779275777,CRASH300N,1544.313,1,0.009000000000014552,BACKFILL_AUTO
2026-05-20 11:16:18,1779275778,CRASH300N,1544.325,1,0.011999999999943611,BACKFILL_AUTO
2026-05-20 11:16:19,1779275779,CRASH300N,1544.344,1,0.019000000000005457,BACKFILL_AUTO
2026-05-20 11:16:20,1779275780,CRASH300N,1544.371,1,0.027000000000043656,BACKFILL_AUTO
2026-05-20 11:16:21,1779275781,CRASH300N,1544.375,1,0.0039999999999054126,BACKFILL_AUTO
2026-05-20 11:16:22,1779275782,CRASH300N,1544.4,1,0.02500000000009095,BACKFILL_AUTO
2026-05-20 11:16:23,1779275783,CRASH300N,1544.407,1,0.006999999999834472,BACKFILL_AUTO
2026-05-20 11:16:24,1779275784,CRASH300N,1544.431,1,0.024000000000114596,BACKFILL_AUTO
2026-05-20 11:16:25,1779275785,CRASH300N,1544.452,1,0.020999999999958163,BACKFILL_AUTO
2026-05-20 11:16:26,1779275786,CRASH300N,1544.452,0,0.0,BACKFILL_AUTO
2026-05-20 11:16:27,1779275787,CRASH300N,1544.478,1,0.026000000000067303,BACKFILL_AUTO
2026-05-20 11:16:28,1779275788,CRASH300N,1544.482,1,0.0039999999999054126,BACKFILL_AUTO
2026-05-20 11:16:29,1779275789,CRASH300N,1544.502,1,0.01999999999998181,BACKFILL_AUTO
2026-05-20 11:16:30,1779275790,CRASH300N,1544.522,1,0.01999999999998181,BACKFILL_AUTO
2026-05-20 11:16:31,1779275791,CRASH300N,1544.539,1,0.01700000000005275,BACKFILL_AUTO
2026-05-20 11:16:32,1779275792,CRASH300N,1544.54,1,0.0009999999999763531,BACKFILL_AUTO
2026-05-20 11:16:33,1779275793,CRASH300N,1544.551,1,0.010999999999967258,BACKFILL_AUTO
2026-05-20 11:16:34,1779275794,CRASH300N,1544.565,1,0.014000000000123691,BACKFILL_AUTO
2026-05-20 11:16:35,1779275795,CRASH300N,1544.6,1,0.03499999999985448,BACKFILL_AUTO
2026-05-20 11:16:36,1779275796,CRASH300N,1544.611,1,0.011000000000194632,BACKFILL_AUTO
2026-05-20 11:16:37,1779275797,CRASH300N,1544.615,1,0.0039999999999054126,BACKFILL_AUTO
2026-05-20 11:16:38,1779275798,CRASH300N,1544.624,1,0.009000000000014552,BACKFILL_AUTO
2026-05-20 11:16:39,1779275799,CRASH300N,1544.65,1,0.026000000000067303,BACKFILL_AUTO
2026-05-20 11:16:40,1779275800,CRASH300N,1544.675,1,0.024999999999863576,BACKFILL_AUTO
2026-05-20 11:16:41,1779275801,CRASH300N,1544.682,1,0.007000000000061846,BACKFILL_AUTO
2026-05-20 11:16:42,1779275802,CRASH300N,1544.697,1,0.01499999999987267,BACKFILL_AUTO
2026-05-20 11:16:43,1779275803,CRASH300N,1544.703,1,0.0060000000000854925,BACKFILL_AUTO
2026-05-20 11:16:44,1779275804,CRASH300N,1544.706,1,0.0029999999999290594,BACKFILL_AUTO
2026-05-20 11:16:45,1779275805,CRASH300N,1544.739,1,0.03300000000012915,BACKFILL_AUTO
2026-05-20 11:16:46,1779275806,CRASH300N,1544.767,1,0.02800000000002001,BACKFILL_AUTO
2026-05-20 11:16:47,1779275807,CRASH300N,1544.787,1,0.01999999999998181,BACKFILL_AUTO
2026-05-20 11:16:48,1779275808,CRASH300N,1544.817,1,0.029999999999972715,BACKFILL_AUTO
2026-05-20 11:16:49,1779275809,CRASH300N,1544.827,1,0.009999999999990905,BACKFILL_AUTO
2026-05-20 11:16:50,1779275810,CRASH300N,1544.84,1,0.012999999999919964,BACKFILL_AUTO
2026-05-20 11:16:51,1779275811,CRASH300N,1544.855,1,0.015000000000100044,BACKFILL_AUTO
2026-05-20 11:16:52,1779275812,CRASH300N,1544.856,1,0.0009999999999763531,BACKFILL_AUTO
2026-05-20 11:16:53,1779275813,CRASH300N,1544.872,1,0.016000000000076398,BACKFILL_AUTO
2026-05-20 11:16:54,1779275814,CRASH300N,1544.874,1,0.0019999999999527063,BACKFILL_AUTO
2026-05-20 11:16:55,1779275815,CRASH300N,1544.897,1,0.02299999999991087,BACKFILL_AUTO
2026-05-20 11:16:56,1779275816,CRASH300N,1544.926,1,0.028999999999996362,BACKFILL_AUTO
2026-05-20 11:16:57,1779275817,CRASH300N,1544.94,1,0.014000000000123691,BACKFILL_AUTO
2026-05-20 11:16:58,1779275818,CRASH300N,1544.958,1,0.018000000000029104,BACKFILL_AUTO
2026-05-20 11:16:59,1779275819,CRASH300N,1544.969,1,0.010999999999967258,BACKFILL_AUTO
2026-05-20 11:17:00,1779275820,CRASH300N,1544.992,1,0.02299999999991087,BACKFILL_AUTO
2026-05-20 11:17:01,1779275821,CRASH300N,1545.006,1,0.014000000000123691,BACKFILL_AUTO
2026-05-20 11:17:02,1779275822,CRASH300N,1545.045,1,0.03899999999998727,BACKFILL_AUTO
2026-05-20 11:17:03,1779275823,CRASH300N,1545.061,1,0.015999999999849024,BACKFILL_AUTO
2026-05-20 11:17:04,1779275824,CRASH300N,1545.081,1,0.01999999999998181,BACKFILL_AUTO
2026-05-20 11:17:05,1779275825,CRASH300N,1545.117,1,0.03600000000005821,BACKFILL_AUTO
2026-05-20 11:17:06,1779275826,CRASH300N,1545.135,1,0.018000000000029104,BACKFILL_AUTO
2026-05-20 11:17:07,1779275827,CRASH300N,1545.142,1,0.007000000000061846,BACKFILL_AUTO
2026-05-20 11:17:08,1779275828,CRASH300N,1545.157,1,0.01499999999987267,BACKFILL_AUTO
2026-05-20 11:17:09,1779275829,CRASH300N,1545.184,1,0.027000000000043656,BACKFILL_AUTO
2026-05-20 11:17:10,1779275830,CRASH300N,1545.211,1,0.027000000000043656,BACKFILL_AUTO
2026-05-20 11:17:11,1779275831,CRASH300N,1545.229,1,0.018000000000029104,BACKFILL_AUTO
2026-05-20 11:17:12,1779275832,CRASH300N,1545.23,1,0.0009999999999763531,BACKFILL_AUTO
2026-05-20 11:17:13,1779275833,CRASH300N,1545.242,1,0.011999999999943611,BACKFILL_AUTO
2026-05-20 11:17:14,1779275834,CRASH300N,1545.26,1,0.018000000000029104,BACKFILL_AUTO
2026-05-20 11:17:15,1779275835,CRASH300N,1545.273,1,0.012999999999919964,BACKFILL_AUTO
2026-05-20 11:17:16,1779275836,CRASH300N,1545.281,1,0.008000000000038199,BACKFILL_AUTO
2026-05-20 11:17:17,1779275837,CRASH300N,1545.297,1,0.016000000000076398,BACKFILL_AUTO
2026-05-20 11:17:18,1779275838,CRASH300N,1545.311,1,0.013999999999896318,BACKFILL_AUTO
2026-05-20 11:17:19,1779275839,CRASH300N,1545.32,1,0.009000000000014552,BACKFILL_AUTO
2026-05-20 11:17:20,1779275840,CRASH300N,1545.325,1,0.005000000000109139,BACKFILL_AUTO
2026-05-20 11:17:21,1779275841,CRASH300N,1545.332,1,0.007000000000061846,BACKFILL_AUTO
2026-05-20 11:17:22,1779275842,CRASH300N,1545.351,1,0.019000000000005457,BACKFILL_AUTO
2026-05-20 11:17:23,1779275843,CRASH300N,1545.355,1,0.0039999999999054126,BACKFILL_AUTO
2026-05-20 11:17:24,1779275844,CRASH300N,1545.388,1,0.032999999999901775,BACKFILL_AUTO
2026-05-20 11:17:25,1779275845,CRASH300N,1545.404,1,0.016000000000076398,BACKFILL_AUTO
2026-05-20 11:17:26,1779275846,CRASH300N,1545.413,1,0.009000000000014552,BACKFILL_AUTO
2026-05-20 11:17:27,1779275847,CRASH300N,1545.42,1,0.007000000000061846,BACKFILL_AUTO
2026-05-20 11:17:28,1779275848,CRASH300N,1545.432,1,0.011999999999943611,BACKFILL_AUTO
2026-05-20 11:17:29,1779275849,CRASH300N,1545.434,1,0.0019999999999527063,BACKFILL_AUTO
2026-05-20 11:17:30,1779275850,CRASH300N,1545.464,1,0.029999999999972715,BACKFILL_AUTO
2026-05-20 11:17:31,1779275851,CRASH300N,1545.466,1,0.0019999999999527063,BACKFILL_AUTO
2026-05-20 11:17:32,1779275852,CRASH300N,1545.471,1,0.005000000000109139,BACKFILL_AUTO
2026-05-20 11:17:33,1779275853,CRASH300N,1545.473,1,0.0019999999999527063,BACKFILL_AUTO
2026-05-20 11:17:34,1779275854,CRASH300N,1545.492,1,0.019000000000005457,BACKFILL_AUTO
2026-05-20 11:17:35,1779275855,CRASH300N,1545.497,1,0.005000000000109139,BACKFILL_AUTO
2026-05-20 11:17:36,1779275856,CRASH300N,1545.502,1,0.004999999999881766,BACKFILL_AUTO
2026-05-20 11:17:37,1779275857,CRASH300N,1545.51,1,0.008000000000038199,BACKFILL_AUTO
2026-05-20 11:17:38,1779275858,CRASH300N,1545.531,1,0.020999999999958163,BACKFILL_AUTO
2026-05-20 11:17:39,1779275859,CRASH300N,1545.564,1,0.03300000000012915,BACKFILL_AUTO
2026-05-20 11:17:40,1779275860,CRASH300N,1545.585,1,0.020999999999958163,BACKFILL_AUTO
2026-05-20 11:17:41,1779275861,CRASH300N,1545.588,1,0.0029999999999290594,BACKFILL_AUTO
2026-05-20 11:17:42,1779275862,CRASH300N,1545.612,1,0.024000000000114596,BACKFILL_AUTO
2026-05-20 11:17:43,1779275863,CRASH300N,1545.613,1,0.0009999999999763531,BACKFILL_AUTO
2026-05-20 11:17:44,1779275864,CRASH300N,1545.629,1,0.015999999999849024,BACKFILL_AUTO
2026-05-20 11:17:45,1779275865,CRASH300N,1545.647,1,0.018000000000029104,BACKFILL_AUTO
2026-05-20 11:17:46,1779275866,CRASH300N,1545.647,0,0.0,BACKFILL_AUTO
2026-05-20 11:17:47,1779275867,CRASH300N,1545.652,1,0.005000000000109139,BACKFILL_AUTO
2026-05-20 11:17:48,1779275868,CRASH300N,1545.693,1,0.04099999999993997,BACKFILL_AUTO
2026-05-20 11:17:49,1779275869,CRASH300N,1545.71,1,0.01700000000005275,BACKFILL_AUTO
2026-05-20 11:17:50,1779275870,CRASH300N,1545.72,1,0.009999999999990905,BACKFILL_AUTO
2026-05-20 11:17:51,1779275871,CRASH300N,1545.758,1,0.038000000000010914,BACKFILL_AUTO
2026-05-20 11:17:52,1779275872,CRASH300N,1545.779,1,0.020999999999958163,BACKFILL_AUTO
2026-05-20 11:17:53,1779275873,CRASH300N,1545.801,1,0.021999999999934516,BACKFILL_AUTO
2026-05-20 11:17:54,1779275874,CRASH300N,1545.816,1,0.015000000000100044,BACKFILL_AUTO
2026-05-20 11:17:55,1779275875,CRASH300N,1545.832,1,0.016000000000076398,BACKFILL_AUTO
2026-05-20 11:17:56,1779275876,CRASH300N,1545.844,1,0.011999999999943611,BACKFILL_AUTO
2026-05-20 11:17:57,1779275877,CRASH300N,1545.863,1,0.019000000000005457,BACKFILL_AUTO
2026-05-20 11:17:58,1779275878,CRASH300N,1545.887,1,0.023999999999887223,BACKFILL_AUTO
2026-05-20 11:17:59,1779275879,CRASH300N,1545.9,1,0.013000000000147338,BACKFILL_AUTO
2026-05-20 11:18:00,1779275880,CRASH300N,1545.925,1,0.024999999999863576,BACKFILL_AUTO
2026-05-20 11:18:01,1779275881,CRASH300N,1545.932,1,0.007000000000061846,BACKFILL_AUTO
2026-05-20 11:18:02,1779275882,CRASH300N,1545.961,1,0.028999999999996362,BACKFILL_AUTO
2026-05-20 11:18:03,1779275883,CRASH300N,1545.97,1,0.009000000000014552,BACKFILL_AUTO
2026-05-20 11:18:04,1779275884,CRASH300N,1546.003,1,0.032999999999901775,BACKFILL_AUTO
2026-05-20 11:18:05,1779275885,CRASH300N,1546.022,1,0.019000000000005457,BACKFILL_AUTO
2026-05-20 11:18:06,1779275886,CRASH300N,1546.027,1,0.005000000000109139,BACKFILL_AUTO
2026-05-20 11:18:07,1779275887,CRASH300N,1546.042,1,0.01499999999987267,BACKFILL_AUTO
2026-05-20 11:18:08,1779275888,CRASH300N,1546.07,1,0.02800000000002001,BACKFILL_AUTO
2026-05-20 11:18:09,1779275889,CRASH300N,1546.086,1,0.016000000000076398,BACKFILL_AUTO
2026-05-20 11:18:10,1779275890,CRASH300N,1546.101,1,0.015000000000100044,BACKFILL_AUTO
2026-05-20 11:18:11,1779275891,CRASH300N,1546.102,1,0.0009999999999763531,BACKFILL_AUTO
2026-05-20 11:18:12,1779275892,CRASH300N,1546.113,1,0.010999999999967258,BACKFILL_AUTO
2026-05-20 11:18:13,1779275893,CRASH300N,1546.119,1,0.005999999999858119,BACKFILL_AUTO
2026-05-20 11:18:14,1779275894,CRASH300N,1546.148,1,0.028999999999996362,BACKFILL_AUTO
2026-05-20 11:18:15,1779275895,CRASH300N,1546.168,1,0.01999999999998181,BACKFILL_AUTO
2026-05-20 11:18:16,1779275896,CRASH300N,1546.173,1,0.005000000000109139,BACKFILL_AUTO
2026-05-20 11:18:17,1779275897,CRASH300N,1546.191,1,0.018000000000029104,BACKFILL_AUTO
2026-05-20 11:18:18,1779275898,CRASH300N,1546.206,1,0.01499999999987267,BACKFILL_AUTO
2026-05-20 11:18:19,1779275899,CRASH300N,1546.212,1,0.0060000000000854925,BACKFILL_AUTO
2026-05-20 11:18:20,1779275900,CRASH300N,1546.234,1,0.021999999999934516,BACKFILL_AUTO
2026-05-20 11:18:21,1779275901,CRASH300N,1546.243,1,0.009000000000014552,BACKFILL_AUTO
2026-05-20 11:18:22,1779275902,CRASH300N,1546.247,1,0.004000000000132786,BACKFILL_AUTO
2026-05-20 11:18:23,1779275903,CRASH300N,1546.271,1,0.023999999999887223,BACKFILL_AUTO
2026-05-20 11:18:24,1779275904,CRASH300N,1546.277,1,0.0060000000000854925,BACKFILL_AUTO
2026-05-20 11:18:25,1779275905,CRASH300N,1546.299,1,0.021999999999934516,BACKFILL_AUTO
2026-05-20 11:18:26,1779275906,CRASH300N,1546.312,1,0.012999999999919964,BACKFILL_AUTO
2026-05-20 11:18:27,1779275907,CRASH300N,1546.331,1,0.019000000000005457,BACKFILL_AUTO
2026-05-20 11:18:28,1779275908,CRASH300N,1546.358,1,0.027000000000043656,BACKFILL_AUTO
2026-05-20 11:18:29,1779275909,CRASH300N,1546.367,1,0.009000000000014552,BACKFILL_AUTO
2026-05-20 11:18:30,1779275910,CRASH300N,1546.387,1,0.01999999999998181,BACKFILL_AUTO
2026-05-20 11:18:31,1779275911,CRASH300N,1546.409,1,0.02200000000016189,BACKFILL_AUTO
2026-05-20 11:18:32,1779275912,CRASH300N,1546.43,1,0.020999999999958163,BACKFILL_AUTO
2026-05-20 11:18:33,1779275913,CRASH300N,1546.433,1,0.0029999999999290594,BACKFILL_AUTO
2026-05-20 11:18:34,1779275914,CRASH300N,1546.439,1,0.0060000000000854925,BACKFILL_AUTO
2026-05-20 11:18:35,1779275915,CRASH300N,1546.457,1,0.018000000000029104,BACKFILL_AUTO
2026-05-20 11:18:36,1779275916,CRASH300N,1546.459,1,0.0019999999999527063,BACKFILL_AUTO
2026-05-20 11:18:37,1779275917,CRASH300N,1546.478,1,0.019000000000005457,BACKFILL_AUTO
2026-05-20 11:18:38,1779275918,CRASH300N,1546.485,1,0.006999999999834472,BACKFILL_AUTO
2026-05-20 11:18:39,1779275919,CRASH300N,1546.485,0,0.0,BACKFILL_AUTO
2026-05-20 11:18:40,1779275920,CRASH300N,1546.502,1,0.01700000000005275,BACKFILL_AUTO
2026-05-20 11:18:41,1779275921,CRASH300N,1546.504,1,0.0019999999999527063,BACKFILL_AUTO
2026-05-20 11:18:42,1779275922,CRASH300N,1546.513,1,0.009000000000014552,BACKFILL_AUTO
2026-05-20 11:18:43,1779275923,CRASH300N,1546.527,1,0.014000000000123691,BACKFILL_AUTO
2026-05-20 11:18:44,1779275924,CRASH300N,1546.531,1,0.0039999999999054126,BACKFILL_AUTO
2026-05-20 11:18:45,1779275925,CRASH300N,1546.546,1,0.015000000000100044,BACKFILL_AUTO
2026-05-20 11:18:46,1779275926,CRASH300N,1546.572,1,0.02599999999983993,BACKFILL_AUTO
2026-05-20 11:18:47,1779275927,CRASH300N,1546.591,1,0.019000000000005457,BACKFILL_AUTO
2026-05-20 11:18:48,1779275928,CRASH300N,1546.598,1,0.007000000000061846,BACKFILL_AUTO
2026-05-20 11:18:49,1779275929,CRASH300N,1546.602,1,0.004000000000132786,BACKFILL_AUTO
2026-05-20 11:18:50,1779275930,CRASH300N,1546.611,1,0.009000000000014552,BACKFILL_AUTO
2026-05-20 11:18:51,1779275931,CRASH300N,1546.622,1,0.010999999999967258,BACKFILL_AUTO
2026-05-20 11:18:52,1779275932,CRASH300N,1546.63,1,0.008000000000038199,BACKFILL_AUTO
2026-05-20 11:18:53,1779275933,CRASH300N,1546.638,1,0.007999999999810825,BACKFILL_AUTO
2026-05-20 11:18:54,1779275934,CRASH300N,1546.644,1,0.0060000000000854925,BACKFILL_AUTO
2026-05-20 11:18:55,1779275935,CRASH300N,1546.665,1,0.020999999999958163,BACKFILL_AUTO
2026-05-20 11:18:56,1779275936,CRASH300N,1546.671,1,0.0060000000000854925,BACKFILL_AUTO
2026-05-20 11:18:57,1779275937,CRASH300N,1546.69,1,0.019000000000005457,BACKFILL_AUTO
2026-05-20 11:18:58,1779275938,CRASH300N,1546.712,1,0.021999999999934516,BACKFILL_AUTO
2026-05-20 11:18:59,1779275939,CRASH300N,1546.755,1,0.04300000000012005,BACKFILL_AUTO
2026-05-20 11:19:00,1779275940,CRASH300N,1546.769,1,0.013999999999896318,BACKFILL_AUTO
2026-05-20 11:19:01,1779275941,CRASH300N,1546.775,1,0.0060000000000854925,BACKFILL_AUTO
2026-05-20 11:19:02,1779275942,CRASH300N,1546.776,1,0.0009999999999763531,BACKFILL_AUTO
2026-05-20 11:19:03,1779275943,CRASH300N,1546.783,1,0.006999999999834472,BACKFILL_AUTO
2026-05-20 11:19:04,1779275944,CRASH300N,1546.808,1,0.02500000000009095,BACKFILL_AUTO
2026-05-20 11:19:05,1779275945,CRASH300N,1546.815,1,0.007000000000061846,BACKFILL_AUTO
2026-05-20 11:19:06,1779275946,CRASH300N,1546.829,1,0.013999999999896318,BACKFILL_AUTO
2026-05-20 11:19:07,1779275947,CRASH300N,1546.863,1,0.0340000000001055,BACKFILL_AUTO
2026-05-20 11:19:08,1779275948,CRASH300N,1546.87,1,0.006999999999834472,BACKFILL_AUTO
2026-05-20 11:19:09,1779275949,CRASH300N,1546.882,1,0.012000000000170985,BACKFILL_AUTO
2026-05-20 11:19:10,1779275950,CRASH300N,1546.891,1,0.009000000000014552,BACKFILL_AUTO
2026-05-20 11:19:11,1779275951,CRASH300N,1546.903,1,0.011999999999943611,BACKFILL_AUTO
2026-05-20 11:19:12,1779275952,CRASH300N,1546.907,1,0.0039999999999054126,BACKFILL_AUTO
2026-05-20 11:19:13,1779275953,CRASH300N,1546.91,1,0.003000000000156433,BACKFILL_AUTO
2026-05-20 11:19:14,1779275954,CRASH300N,1546.919,1,0.009000000000014552,BACKFILL_AUTO
2026-05-20 11:19:15,1779275955,CRASH300N,1546.924,1,0.004999999999881766,BACKFILL_AUTO
2026-05-20 11:19:16,1779275956,CRASH300N,1546.931,1,0.007000000000061846,BACKFILL_AUTO
2026-05-20 11:19:17,1779275957,CRASH300N,1546.948,1,0.01700000000005275,BACKFILL_AUTO
2026-05-20 11:19:18,1779275958,CRASH300N,1546.964,1,0.015999999999849024,BACKFILL_AUTO
2026-05-20 11:19:19,1779275959,CRASH300N,1546.982,1,0.018000000000029104,BACKFILL_AUTO
2026-05-20 11:19:20,1779275960,CRASH300N,1546.988,1,0.0060000000000854925,BACKFILL_AUTO
2026-05-20 11:19:21,1779275961,CRASH300N,1546.996,1,0.008000000000038199,BACKFILL_AUTO
2026-05-20 11:19:22,1779275962,CRASH300N,1547.0,1,0.0039999999999054126,BACKFILL_AUTO
2026-05-20 11:19:23,1779275963,CRASH300N,1547.002,1,0.0019999999999527063,BACKFILL_AUTO
2026-05-20 11:19:24,1779275964,CRASH300N,1547.021,1,0.019000000000005457,BACKFILL_AUTO
2026-05-20 11:19:25,1779275965,CRASH300N,1547.036,1,0.015000000000100044,BACKFILL_AUTO
2026-05-20 11:19:26,1779275966,CRASH300N,1547.046,1,0.009999999999990905,BACKFILL_AUTO
2026-05-20 11:19:27,1779275967,CRASH300N,1547.071,1,0.024999999999863576,BACKFILL_AUTO
2026-05-20 11:19:28,1779275968,CRASH300N,1547.091,1,0.01999999999998181,BACKFILL_AUTO
2026-05-20 11:19:29,1779275969,CRASH300N,1547.13,1,0.03900000000021464,BACKFILL_AUTO
2026-05-20 11:19:30,1779275970,CRASH300N,1547.147,1,0.016999999999825377,BACKFILL_AUTO
2026-05-20 11:19:31,1779275971,CRASH300N,1547.177,1,0.029999999999972715,BACKFILL_AUTO
2026-05-20 11:19:32,1779275972,CRASH300N,1547.182,1,0.005000000000109139,BACKFILL_AUTO
2026-05-20 11:19:33,1779275973,CRASH300N,1547.183,1,0.0009999999999763531,BACKFILL_AUTO
2026-05-20 11:19:34,1779275974,CRASH300N,1547.189,1,0.0060000000000854925,BACKFILL_AUTO
2026-05-20 11:19:35,1779275975,CRASH300N,1547.19,1,0.0009999999999763531,BACKFILL_AUTO
2026-05-20 11:19:36,1779275976,CRASH300N,1547.194,1,0.0039999999999054126,BACKFILL_AUTO
2026-05-20 11:19:37,1779275977,CRASH300N,1547.205,1,0.010999999999967258,BACKFILL_AUTO
2026-05-20 11:19:38,1779275978,CRASH300N,1547.22,1,0.015000000000100044,BACKFILL_AUTO
2026-05-20 11:19:39,1779275979,CRASH300N,1547.229,1,0.009000000000014552,BACKFILL_AUTO
2026-05-20 11:19:40,1779275980,CRASH300N,1547.23,1,0.0009999999999763531,BACKFILL_AUTO
2026-05-20 11:19:41,1779275981,CRASH300N,1547.232,1,0.0019999999999527063,BACKFILL_AUTO
2026-05-20 11:19:42,1779275982,CRASH300N,1547.24,1,0.008000000000038199,BACKFILL_AUTO
2026-05-20 11:19:43,1779275983,CRASH300N,1547.274,1,0.03399999999987813,BACKFILL_AUTO
2026-05-20 11:19:44,1779275984,CRASH300N,1547.293,1,0.019000000000005457,BACKFILL_AUTO
2026-05-20 11:19:45,1779275985,CRASH300N,1547.3,1,0.007000000000061846,BACKFILL_AUTO
2026-05-20 11:19:46,1779275986,CRASH300N,1547.316,1,0.016000000000076398,BACKFILL_AUTO
2026-05-20 11:19:47,1779275987,CRASH300N,1547.331,1,0.01499999999987267,BACKFILL_AUTO
2026-05-20 11:19:48,1779275988,CRASH300N,1547.335,1,0.004000000000132786,BACKFILL_AUTO
2026-05-20 11:19:49,1779275989,CRASH300N,1547.347,1,0.011999999999943611,BACKFILL_AUTO
2026-05-20 11:19:50,1779275990,CRASH300N,1547.36,1,0.012999999999919964,BACKFILL_AUTO
2026-05-20 11:19:51,1779275991,CRASH300N,1547.37,1,0.009999999999990905,BACKFILL_AUTO
2026-05-20 11:19:52,1779275992,CRASH300N,1547.374,1,0.004000000000132786,BACKFILL_AUTO
2026-05-20 11:19:53,1779275993,CRASH300N,1547.383,1,0.009000000000014552,BACKFILL_AUTO
2026-05-20 11:19:54,1779275994,CRASH300N,1547.405,1,0.021999999999934516,BACKFILL_AUTO
2026-05-20 11:19:55,1779275995,CRASH300N,1547.433,1,0.02800000000002001,BACKFILL_AUTO
2026-05-20 11:19:56,1779275996,CRASH300N,1547.455,1,0.021999999999934516,BACKFILL_AUTO
2026-05-20 11:19:57,1779275997,CRASH300N,1547.48,1,0.02500000000009095,BACKFILL_AUTO
2026-05-20 11:19:58,1779275998,CRASH300N,1547.503,1,0.02299999999991087,BACKFILL_AUTO
2026-05-20 11:19:59,1779275999,CRASH300N,1547.509,1,0.0060000000000854925,BACKFILL_AUTO
2026-05-20 11:20:00,1779276000,CRASH300N,1547.533,1,0.023999999999887223,BACKFILL_AUTO
2026-05-20 11:20:01,1779276001,CRASH300N,1547.564,1,0.031000000000176442,BACKFILL_AUTO
2026-05-20 11:20:02,1779276002,CRASH300N,1547.575,1,0.010999999999967258,BACKFILL_AUTO
2026-05-20 11:20:03,1779276003,CRASH300N,1547.583,1,0.008000000000038199,BACKFILL_AUTO
2026-05-20 11:20:04,1779276004,CRASH300N,1547.594,1,0.010999999999967258,BACKFILL_AUTO
2026-05-20 11:20:05,1779276005,CRASH300N,1547.623,1,0.028999999999996362,BACKFILL_AUTO
2026-05-20 11:20:06,1779276006,CRASH300N,1547.637,1,0.013999999999896318,BACKFILL_AUTO
2026-05-20 11:20:07,1779276007,CRASH300N,1547.661,1,0.024000000000114596,BACKFILL_AUTO
2026-05-20 11:20:08,1779276008,CRASH300N,1547.666,1,0.004999999999881766,BACKFILL_AUTO
2026-05-20 11:20:09,1779276009,CRASH300N,1547.682,1,0.016000000000076398,BACKFILL_AUTO
2026-05-20 11:20:10,1779276010,CRASH300N,1547.693,1,0.010999999999967258,BACKFILL_AUTO
2026-05-20 11:20:11,1779276011,CRASH300N,1547.721,1,0.02800000000002001,BACKFILL_AUTO
2026-05-20 11:20:12,1779276012,CRASH300N,1547.746,1,0.02500000000009095,BACKFILL_AUTO
2026-05-20 11:20:13,1779276013,CRASH300N,1547.755,1,0.009000000000014552,BACKFILL_AUTO
2026-05-20 11:20:14,1779276014,CRASH300N,1547.773,1,0.01799999999980173,BACKFILL_AUTO
2026-05-20 11:20:15,1779276015,CRASH300N,1547.803,1,0.03000000000020009,BACKFILL_AUTO
2026-05-20 11:20:16,1779276016,CRASH300N,1547.823,1,0.01999999999998181,BACKFILL_AUTO
2026-05-20 11:20:17,1779276017,CRASH300N,1547.831,1,0.007999999999810825,BACKFILL_AUTO
2026-05-20 11:20:18,1779276018,CRASH300N,1547.833,1,0.00200000000018008,BACKFILL_AUTO
2026-05-20 11:20:19,1779276019,CRASH300N,1547.834,1,0.0009999999999763531,BACKFILL_AUTO
2026-05-20 11:20:20,1779276020,CRASH300N,1547.847,1,0.012999999999919964,BACKFILL_AUTO
2026-05-20 11:20:21,1779276021,CRASH300N,1547.881,1,0.0340000000001055,BACKFILL_AUTO
2026-05-20 11:20:22,1779276022,CRASH300N,1547.883,1,0.0019999999999527063,BACKFILL_AUTO
2026-05-20 11:20:23,1779276023,CRASH300N,1547.906,1,0.02299999999991087,BACKFILL_AUTO
2026-05-20 11:20:24,1779276024,CRASH300N,1547.908,1,0.0019999999999527063,BACKFILL_AUTO
2026-05-20 11:20:25,1779276025,CRASH300N,1547.919,1,0.011000000000194632,BACKFILL_AUTO
2026-05-20 11:20:26,1779276026,CRASH300N,1547.93,1,0.010999999999967258,BACKFILL_AUTO
2026-05-20 11:20:27,1779276027,CRASH300N,1547.955,1,0.024999999999863576,BACKFILL_AUTO
2026-05-20 11:20:28,1779276028,CRASH300N,1547.959,1,0.004000000000132786,BACKFILL_AUTO
2026-05-20 11:20:29,1779276029,CRASH300N,1547.973,1,0.013999999999896318,BACKFILL_AUTO
2026-05-20 11:20:30,1779276030,CRASH300N,1547.989,1,0.016000000000076398,BACKFILL_AUTO
2026-05-20 11:20:31,1779276031,CRASH300N,1548.025,1,0.03600000000005821,BACKFILL_AUTO
2026-05-20 11:20:32,1779276032,CRASH300N,1548.026,1,0.0009999999999763531,BACKFILL_AUTO
2026-05-20 11:20:33,1779276033,CRASH300N,1548.046,1,0.01999999999998181,BACKFILL_AUTO
2026-05-20 11:20:34,1779276034,CRASH300N,1548.052,1,0.005999999999858119,BACKFILL_AUTO
2026-05-20 11:20:35,1779276035,CRASH300N,1548.068,1,0.016000000000076398,BACKFILL_AUTO
2026-05-20 11:20:36,1779276036,CRASH300N,1548.078,1,0.009999999999990905,BACKFILL_AUTO
2026-05-20 11:20:37,1779276037,CRASH300N,1548.103,1,0.02500000000009095,BACKFILL_AUTO
2026-05-20 11:20:38,1779276038,CRASH300N,1548.116,1,0.012999999999919964,BACKFILL_AUTO
2026-05-20 11:20:39,1779276039,CRASH300N,1548.147,1,0.03099999999994907,BACKFILL_AUTO
2026-05-20 11:20:40,1779276040,CRASH300N,1548.161,1,0.014000000000123691,BACKFILL_AUTO
2026-05-20 11:20:41,1779276041,CRASH300N,1548.179,1,0.018000000000029104,BACKFILL_AUTO
2026-05-20 11:20:42,1779276042,CRASH300N,1548.208,1,0.028999999999996362,BACKFILL_AUTO
2026-05-20 11:20:43,1779276043,CRASH300N,1548.217,1,0.009000000000014552,BACKFILL_AUTO
2026-05-20 11:20:44,1779276044,CRASH300N,1548.218,1,0.0009999999999763531,BACKFILL_AUTO
2026-05-20 11:20:45,1779276045,CRASH300N,1548.221,1,0.0029999999999290594,BACKFILL_AUTO
2026-05-20 11:20:46,1779276046,CRASH300N,1548.237,1,0.016000000000076398,BACKFILL_AUTO
2026-05-20 11:20:47,1779276047,CRASH300N,1548.245,1,0.007999999999810825,BACKFILL_AUTO
2026-05-20 11:20:48,1779276048,CRASH300N,1548.251,1,0.0060000000000854925,BACKFILL_AUTO
2026-05-20 11:20:49,1779276049,CRASH300N,1548.266,1,0.015000000000100044,BACKFILL_AUTO
2026-05-20 11:20:50,1779276050,CRASH300N,1548.268,1,0.0019999999999527063,BACKFILL_AUTO
2026-05-20 11:20:51,1779276051,CRASH300N,1548.28,1,0.011999999999943611,BACKFILL_AUTO
2026-05-20 11:20:52,1779276052,CRASH300N,1548.288,1,0.008000000000038199,BACKFILL_AUTO
2026-05-20 11:20:53,1779276053,CRASH300N,1548.297,1,0.009000000000014552,BACKFILL_AUTO
2026-05-20 11:20:54,1779276054,CRASH300N,1548.301,1,0.0039999999999054126,BACKFILL_AUTO
2026-05-20 11:20:55,1779276055,CRASH300N,1548.322,1,0.020999999999958163,BACKFILL_AUTO
2026-05-20 11:20:56,1779276056,CRASH300N,1548.343,1,0.021000000000185537,BACKFILL_AUTO
2026-05-20 11:20:57,1779276057,CRASH300N,1548.357,1,0.013999999999896318,BACKFILL_AUTO
2026-05-20 11:20:58,1779276058,CRASH300N,1548.363,1,0.0060000000000854925,BACKFILL_AUTO
2026-05-20 11:20:59,1779276059,CRASH300N,1548.364,1,0.0009999999999763531,BACKFILL_AUTO
2026-05-20 11:21:00,1779276060,CRASH300N,1548.381,1,0.01700000000005275,BACKFILL_AUTO
2026-05-20 11:21:01,1779276061,CRASH300N,1548.389,1,0.007999999999810825,BACKFILL_AUTO
2026-05-20 11:21:02,1779276062,CRASH300N,1548.403,1,0.014000000000123691,BACKFILL_AUTO
2026-05-20 11:21:03,1779276063,CRASH300N,1548.43,1,0.027000000000043656,BACKFILL_AUTO
2026-05-20 11:21:04,1779276064,CRASH300N,1548.435,1,0.004999999999881766,BACKFILL_AUTO
2026-05-20 11:21:05,1779276065,CRASH300N,1548.442,1,0.007000000000061846,BACKFILL_AUTO
2026-05-20 11:21:06,1779276066,CRASH300N,1548.457,1,0.015000000000100044,BACKFILL_AUTO
2026-05-20 11:21:07,1779276067,CRASH300N,1548.465,1,0.007999999999810825,BACKFILL_AUTO
2026-05-20 11:21:08,1779276068,CRASH300N,1548.486,1,0.021000000000185537,BACKFILL_AUTO
2026-05-20 11:21:09,1779276069,CRASH300N,1548.496,1,0.009999999999990905,BACKFILL_AUTO
2026-05-20 11:21:10,1779276070,CRASH300N,1548.505,1,0.009000000000014552,BACKFILL_AUTO
2026-05-20 11:21:11,1779276071,CRASH300N,1548.519,1,0.013999999999896318,BACKFILL_AUTO
2026-05-20 11:21:12,1779276072,CRASH300N,1548.541,1,0.021999999999934516,BACKFILL_AUTO
2026-05-20 11:21:13,1779276073,CRASH300N,1548.563,1,0.02200000000016189,BACKFILL_AUTO
2026-05-20 11:21:14,1779276074,CRASH300N,1548.565,1,0.0019999999999527063,BACKFILL_AUTO
2026-05-20 11:21:15,1779276075,CRASH300N,1548.572,1,0.006999999999834472,BACKFILL_AUTO
2026-05-20 11:21:16,1779276076,CRASH300N,1548.596,1,0.024000000000114596,BACKFILL_AUTO
2026-05-20 11:21:17,1779276077,CRASH300N,1548.597,1,0.0009999999999763531,BACKFILL_AUTO
2026-05-20 11:21:18,1779276078,CRASH300N,1548.625,1,0.02800000000002001,BACKFILL_AUTO
2026-05-20 11:21:19,1779276079,CRASH300N,1548.641,1,0.016000000000076398,BACKFILL_AUTO
2026-05-20 11:21:20,1779276080,CRASH300N,1548.667,1,0.02599999999983993,BACKFILL_AUTO
2026-05-20 11:21:21,1779276081,CRASH300N,1548.675,1,0.008000000000038199,BACKFILL_AUTO
2026-05-20 11:21:22,1779276082,CRASH300N,1548.699,1,0.024000000000114596,BACKFILL_AUTO
2026-05-20 11:21:23,1779276083,CRASH300N,1548.709,1,0.009999999999990905,BACKFILL_AUTO
2026-05-20 11:21:24,1779276084,CRASH300N,1548.721,1,0.011999999999943611,BACKFILL_AUTO
2026-05-20 11:21:25,1779276085,CRASH300N,1548.726,1,0.005000000000109139,BACKFILL_AUTO
2026-05-20 11:21:26,1779276086,CRASH300N,1548.734,1,0.007999999999810825,BACKFILL_AUTO
2026-05-20 11:21:27,1779276087,CRASH300N,1548.766,1,0.032000000000152795,BACKFILL_AUTO
2026-05-20 11:21:28,1779276088,CRASH300N,1548.782,1,0.015999999999849024,BACKFILL_AUTO
2026-05-20 11:21:29,1779276089,CRASH300N,1548.795,1,0.013000000000147338,BACKFILL_AUTO
2026-05-20 11:21:30,1779276090,CRASH300N,1548.814,1,0.019000000000005457,BACKFILL_AUTO
2026-05-20 11:21:31,1779276091,CRASH300N,1548.828,1,0.013999999999896318,BACKFILL_AUTO
2026-05-20 11:21:32,1779276092,CRASH300N,1548.845,1,0.01700000000005275,BACKFILL_AUTO
2026-05-20 11:21:33,1779276093,CRASH300N,1548.853,1,0.008000000000038199,BACKFILL_AUTO
2026-05-20 11:21:34,1779276094,CRASH300N,1548.881,1,0.02800000000002001,BACKFILL_AUTO
2026-05-20 11:21:35,1779276095,CRASH300N,1548.908,1,0.026999999999816282,BACKFILL_AUTO
2026-05-20 11:21:36,1779276096,CRASH300N,1548.936,1,0.02800000000002001,BACKFILL_AUTO
2026-05-20 11:21:37,1779276097,CRASH300N,1548.941,1,0.005000000000109139,BACKFILL_AUTO
2026-05-20 11:21:38,1779276098,CRASH300N,1548.946,1,0.004999999999881766,BACKFILL_AUTO
2026-05-20 11:21:39,1779276099,CRASH300N,1548.946,0,0.0,BACKFILL_AUTO
2026-05-20 11:21:40,1779276100,CRASH300N,1548.966,1,0.01999999999998181,BACKFILL_AUTO
2026-05-20 11:21:41,1779276101,CRASH300N,1548.993,1,0.027000000000043656,BACKFILL_AUTO
2026-05-20 11:21:42,1779276102,CRASH300N,1548.996,1,0.003000000000156433,BACKFILL_AUTO
2026-05-20 11:21:43,1779276103,CRASH300N,1549.003,1,0.006999999999834472,BACKFILL_AUTO
2026-05-20 11:21:44,1779276104,CRASH300N,1549.024,1,0.020999999999958163,BACKFILL_AUTO
2026-05-20 11:21:45,1779276105,CRASH300N,1549.03,1,0.0060000000000854925,BACKFILL_AUTO
2026-05-20 11:21:46,1779276106,CRASH300N,1549.045,1,0.015000000000100044,BACKFILL_AUTO
2026-05-20 11:21:47,1779276107,CRASH300N,1549.056,1,0.010999999999967258,BACKFILL_AUTO
2026-05-20 11:21:48,1779276108,CRASH300N,1549.067,1,0.010999999999967258,BACKFILL_AUTO
2026-05-20 11:21:49,1779276109,CRASH300N,1549.077,1,0.009999999999990905,BACKFILL_AUTO
2026-05-20 11:21:50,1779276110,CRASH300N,1549.084,1,0.007000000000061846,BACKFILL_AUTO
2026-05-20 11:21:51,1779276111,CRASH300N,1549.124,1,0.03999999999996362,BACKFILL_AUTO
2026-05-20 11:21:52,1779276112,CRASH300N,1549.127,1,0.0029999999999290594,BACKFILL_AUTO
2026-05-20 11:21:53,1779276113,CRASH300N,1549.144,1,0.01700000000005275,BACKFILL_AUTO
2026-05-20 11:21:54,1779276114,CRASH300N,1549.146,1,0.0019999999999527063,BACKFILL_AUTO
2026-05-20 11:21:55,1779276115,CRASH300N,1549.16,1,0.014000000000123691,BACKFILL_AUTO
2026-05-20 11:21:56,1779276116,CRASH300N,1549.185,1,0.024999999999863576,BACKFILL_AUTO
2026-05-20 11:21:57,1779276117,CRASH300N,1549.194,1,0.009000000000014552,BACKFILL_AUTO
2026-05-20 11:21:58,1779276118,CRASH300N,1549.21,1,0.016000000000076398,BACKFILL_AUTO
2026-05-20 11:21:59,1779276119,CRASH300N,1549.24,1,0.029999999999972715,BACKFILL_AUTO
2026-05-20 11:22:00,1779276120,CRASH300N,1549.247,1,0.007000000000061846,BACKFILL_AUTO
2026-05-20 11:22:01,1779276121,CRASH300N,1549.263,1,0.015999999999849024,BACKFILL_AUTO
2026-05-20 11:22:02,1779276122,CRASH300N,1549.264,1,0.0009999999999763531,BACKFILL_AUTO
2026-05-20 11:22:03,1779276123,CRASH300N,1549.282,1,0.018000000000029104,BACKFILL_AUTO
2026-05-20 11:22:04,1779276124,CRASH300N,1549.301,1,0.019000000000005457,BACKFILL_AUTO
2026-05-20 11:22:05,1779276125,CRASH300N,1549.315,1,0.014000000000123691,BACKFILL_AUTO
2026-05-20 11:22:06,1779276126,CRASH300N,1549.323,1,0.008000000000038199,BACKFILL_AUTO
2026-05-20 11:22:07,1779276127,CRASH300N,1549.339,1,0.015999999999849024,BACKFILL_AUTO
2026-05-20 11:22:08,1779276128,CRASH300N,1549.34,1,0.0009999999999763531,BACKFILL_AUTO
2026-05-20 11:22:09,1779276129,CRASH300N,1549.344,1,0.004000000000132786,BACKFILL_AUTO
2026-05-20 11:22:10,1779276130,CRASH300N,1549.355,1,0.010999999999967258,BACKFILL_AUTO
2026-05-20 11:22:11,1779276131,CRASH300N,1549.376,1,0.020999999999958163,BACKFILL_AUTO
2026-05-20 11:22:12,1779276132,CRASH300N,1549.385,1,0.009000000000014552,BACKFILL_AUTO
2026-05-20 11:22:13,1779276133,CRASH300N,1549.415,1,0.029999999999972715,BACKFILL_AUTO
2026-05-20 11:22:14,1779276134,CRASH300N,1549.438,1,0.023000000000138243,BACKFILL_AUTO
2026-05-20 11:22:15,1779276135,CRASH300N,1549.451,1,0.012999999999919964,BACKFILL_AUTO
2026-05-20 11:22:16,1779276136,CRASH300N,1549.455,1,0.0039999999999054126,BACKFILL_AUTO
2026-05-20 11:22:17,1779276137,CRASH300N,1549.47,1,0.015000000000100044,BACKFILL_AUTO
2026-05-20 11:22:18,1779276138,CRASH300N,1549.47,0,0.0,BACKFILL_AUTO
2026-05-20 11:22:19,1779276139,CRASH300N,1549.486,1,0.016000000000076398,BACKFILL_AUTO
2026-05-20 11:22:20,1779276140,CRASH300N,1549.503,1,0.016999999999825377,BACKFILL_AUTO
2026-05-20 11:22:21,1779276141,CRASH300N,1549.529,1,0.026000000000067303,BACKFILL_AUTO
2026-05-20 11:22:22,1779276142,CRASH300N,1549.539,1,0.009999999999990905,BACKFILL_AUTO
2026-05-20 11:22:23,1779276143,CRASH300N,1549.545,1,0.0060000000000854925,BACKFILL_AUTO
2026-05-20 11:22:24,1779276144,CRASH300N,1549.557,1,0.011999999999943611,BACKFILL_AUTO
2026-05-20 11:22:25,1779276145,CRASH300N,1549.561,1,0.0039999999999054126,BACKFILL_AUTO
2026-05-20 11:22:26,1779276146,CRASH300N,1549.578,1,0.01700000000005275,BACKFILL_AUTO
2026-05-20 11:22:27,1779276147,CRASH300N,1549.605,1,0.027000000000043656,BACKFILL_AUTO
2026-05-20 11:22:28,1779276148,CRASH300N,1549.633,1,0.02800000000002001,BACKFILL_AUTO
2026-05-20 11:22:29,1779276149,CRASH300N,1549.635,1,0.0019999999999527063,BACKFILL_AUTO
2026-05-20 11:22:30,1779276150,CRASH300N,1549.668,1,0.032999999999901775,BACKFILL_AUTO
2026-05-20 11:22:31,1779276151,CRASH300N,1549.671,1,0.003000000000156433,BACKFILL_AUTO
2026-05-20 11:22:32,1779276152,CRASH300N,1549.687,1,0.015999999999849024,BACKFILL_AUTO
2026-05-20 11:22:33,1779276153,CRASH300N,1549.692,1,0.005000000000109139,BACKFILL_AUTO
2026-05-20 11:22:34,1779276154,CRASH300N,1549.708,1,0.016000000000076398,BACKFILL_AUTO
2026-05-20 11:22:35,1779276155,CRASH300N,1549.714,1,0.005999999999858119,BACKFILL_AUTO
2026-05-20 11:22:36,1779276156,CRASH300N,1549.715,1,0.0009999999999763531,BACKFILL_AUTO
2026-05-20 11:22:37,1779276157,CRASH300N,1549.722,1,0.007000000000061846,BACKFILL_AUTO
2026-05-20 11:22:38,1779276158,CRASH300N,1549.75,1,0.02800000000002001,BACKFILL_AUTO
2026-05-20 11:22:39,1779276159,CRASH300N,1549.776,1,0.026000000000067303,BACKFILL_AUTO
2026-05-20 11:22:40,1779276160,CRASH300N,1547.079,-1,2.6970000000001164,BACKFILL_AUTO
2026-05-20 11:22:41,1779276161,CRASH300N,1547.1,1,0.020999999999958163,BACKFILL_AUTO
2026-05-20 11:22:42,1779276162,CRASH300N,1547.104,1,0.004000000000132786,BACKFILL_AUTO
2026-05-20 11:22:43,1779276163,CRASH300N,1547.12,1,0.015999999999849024,BACKFILL_AUTO
2026-05-20 11:22:44,1779276164,CRASH300N,1547.121,1,0.0010000000002037268,BACKFILL_AUTO
2026-05-20 11:22:45,1779276165,CRASH300N,1547.129,1,0.007999999999810825,BACKFILL_AUTO
2026-05-20 11:22:46,1779276166,CRASH300N,1547.138,1,0.009000000000014552,BACKFILL_AUTO
2026-05-20 11:22:47,1779276167,CRASH300N,1547.161,1,0.023000000000138243,BACKFILL_AUTO
2026-05-20 11:22:48,1779276168,CRASH300N,1547.162,1,0.0009999999999763531,BACKFILL_AUTO
2026-05-20 11:22:49,1779276169,CRASH300N,1547.162,0,0.0,BACKFILL_AUTO
2026-05-20 11:22:50,1779276170,CRASH300N,1547.189,1,0.027000000000043656,BACKFILL_AUTO
2026-05-20 11:22:51,1779276171,CRASH300N,1547.19,1,0.0009999999999763531,BACKFILL_AUTO
2026-05-20 11:22:52,1779276172,CRASH300N,1547.202,1,0.011999999999943611,BACKFILL_AUTO
2026-05-20 11:22:53,1779276173,CRASH300N,1547.205,1,0.0029999999999290594,BACKFILL_AUTO
2026-05-20 11:22:54,1779276174,CRASH300N,1547.214,1,0.009000000000014552,BACKFILL_AUTO
2026-05-20 11:22:55,1779276175,CRASH300N,1547.221,1,0.007000000000061846,BACKFILL_AUTO
2026-05-20 11:22:56,1779276176,CRASH300N,1547.237,1,0.016000000000076398,BACKFILL_AUTO
2026-05-20 11:22:57,1779276177,CRASH300N,1547.245,1,0.007999999999810825,BACKFILL_AUTO
2026-05-20 11:22:58,1779276178,CRASH300N,1547.254,1,0.009000000000014552,BACKFILL_AUTO
2026-05-20 11:22:59,1779276179,CRASH300N,1547.272,1,0.018000000000029104,BACKFILL_AUTO
2026-05-20 11:23:00,1779276180,CRASH300N,1547.278,1,0.0060000000000854925,BACKFILL_AUTO
2026-05-20 11:23:01,1779276181,CRASH300N,1547.278,0,0.0,BACKFILL_AUTO
2026-05-20 11:23:02,1779276182,CRASH300N,1547.308,1,0.029999999999972715,BACKFILL_AUTO
2026-05-20 11:23:03,1779276183,CRASH300N,1546.325,-1,0.9829999999999472,BACKFILL_AUTO
2026-05-20 11:23:04,1779276184,CRASH300N,1546.348,1,0.02299999999991087,BACKFILL_AUTO
2026-05-20 11:23:05,1779276185,CRASH300N,1546.358,1,0.009999999999990905,BACKFILL_AUTO
2026-05-20 11:23:06,1779276186,CRASH300N,1546.37,1,0.011999999999943611,BACKFILL_AUTO
2026-05-20 11:23:07,1779276187,CRASH300N,1546.39,1,0.020000000000209184,BACKFILL_AUTO
2026-05-20 11:23:08,1779276188,CRASH300N,1546.416,1,0.02599999999983993,BACKFILL_AUTO
2026-05-20 11:23:09,1779276189,CRASH300N,1546.427,1,0.010999999999967258,BACKFILL_AUTO
2026-05-20 11:23:10,1779276190,CRASH300N,1546.433,1,0.0060000000000854925,BACKFILL_AUTO
2026-05-20 11:23:11,1779276191,CRASH300N,1546.454,1,0.020999999999958163,BACKFILL_AUTO
2026-05-20 11:23:12,1779276192,CRASH300N,1546.473,1,0.019000000000005457,BACKFILL_AUTO
2026-05-20 11:23:13,1779276193,CRASH300N,1546.476,1,0.003000000000156433,BACKFILL_AUTO
2026-05-20 11:23:14,1779276194,CRASH300N,1546.477,1,0.0009999999999763531,BACKFILL_AUTO
2026-05-20 11:23:15,1779276195,CRASH300N,1546.478,1,0.0009999999999763531,BACKFILL_AUTO
2026-05-20 11:23:16,1779276196,CRASH300N,1546.484,1,0.005999999999858119,BACKFILL_AUTO
2026-05-20 11:23:17,1779276197,CRASH300N,1546.497,1,0.013000000000147338,BACKFILL_AUTO
2026-05-20 11:23:18,1779276198,CRASH300N,1546.5,1,0.0029999999999290594,BACKFILL_AUTO
2026-05-20 11:23:19,1779276199,CRASH300N,1546.509,1,0.009000000000014552,BACKFILL_AUTO
2026-05-20 11:23:20,1779276200,CRASH300N,1546.524,1,0.01499999999987267,BACKFILL_AUTO
2026-05-20 11:23:21,1779276201,CRASH300N,1546.559,1,0.035000000000081855,BACKFILL_AUTO
2026-05-20 11:23:22,1779276202,CRASH300N,1546.599,1,0.03999999999996362,BACKFILL_AUTO
2026-05-20 11:23:23,1779276203,CRASH300N,1546.614,1,0.015000000000100044,BACKFILL_AUTO
2026-05-20 11:23:24,1779276204,CRASH300N,1546.626,1,0.011999999999943611,BACKFILL_AUTO
2026-05-20 11:23:25,1779276205,CRASH300N,1546.652,1,0.026000000000067303,BACKFILL_AUTO
2026-05-20 11:23:26,1779276206,CRASH300N,1546.656,1,0.0039999999999054126,BACKFILL_AUTO
2026-05-20 11:23:27,1779276207,CRASH300N,1546.673,1,0.01700000000005275,BACKFILL_AUTO
2026-05-20 11:23:28,1779276208,CRASH300N,1546.673,0,0.0,BACKFILL_AUTO
2026-05-20 11:23:29,1779276209,CRASH300N,1546.693,1,0.01999999999998181,BACKFILL_AUTO
2026-05-20 11:23:30,1779276210,CRASH300N,1546.704,1,0.010999999999967258,BACKFILL_AUTO
2026-05-20 11:23:31,1779276211,CRASH300N,1546.727,1,0.023000000000138243,BACKFILL_AUTO
2026-05-20 11:23:32,1779276212,CRASH300N,1546.735,1,0.007999999999810825,BACKFILL_AUTO
2026-05-20 11:23:33,1779276213,CRASH300N,1546.756,1,0.021000000000185537,BACKFILL_AUTO
2026-05-20 11:23:34,1779276214,CRASH300N,1546.781,1,0.024999999999863576,BACKFILL_AUTO
2026-05-20 11:23:35,1779276215,CRASH300N,1546.787,1,0.0060000000000854925,BACKFILL_AUTO
2026-05-20 11:23:36,1779276216,CRASH300N,1546.809,1,0.021999999999934516,BACKFILL_AUTO
2026-05-20 11:23:37,1779276217,CRASH300N,1546.824,1,0.015000000000100044,BACKFILL_AUTO
2026-05-20 11:23:38,1779276218,CRASH300N,1546.832,1,0.008000000000038199,BACKFILL_AUTO
2026-05-20 11:23:39,1779276219,CRASH300N,1546.843,1,0.010999999999967258,BACKFILL_AUTO
2026-05-20 11:23:40,1779276220,CRASH300N,1546.862,1,0.019000000000005457,BACKFILL_AUTO
2026-05-20 11:23:41,1779276221,CRASH300N,1546.883,1,0.020999999999958163,BACKFILL_AUTO
2026-05-20 11:23:42,1779276222,CRASH300N,1546.892,1,0.009000000000014552,BACKFILL_AUTO
2026-05-20 11:23:43,1779276223,CRASH300N,1546.904,1,0.011999999999943611,BACKFILL_AUTO
2026-05-20 11:23:44,1779276224,CRASH300N,1546.921,1,0.01700000000005275,BACKFILL_AUTO
2026-05-20 11:23:45,1779276225,CRASH300N,1546.928,1,0.007000000000061846,BACKFILL_AUTO
2026-05-20 11:23:46,1779276226,CRASH300N,1546.942,1,0.013999999999896318,BACKFILL_AUTO
2026-05-20 11:23:47,1779276227,CRASH300N,1546.964,1,0.021999999999934516,BACKFILL_AUTO
2026-05-20 11:23:48,1779276228,CRASH300N,1546.976,1,0.012000000000170985,BACKFILL_AUTO
2026-05-20 11:23:49,1779276229,CRASH300N,1547.006,1,0.029999999999972715,BACKFILL_AUTO
2026-05-20 11:23:50,1779276230,CRASH300N,1547.02,1,0.013999999999896318,BACKFILL_AUTO
2026-05-20 11:23:51,1779276231,CRASH300N,1547.026,1,0.0060000000000854925,BACKFILL_AUTO
2026-05-20 11:23:52,1779276232,CRASH300N,1547.03,1,0.0039999999999054126,BACKFILL_AUTO
2026-05-20 11:23:53,1779276233,CRASH300N,1547.043,1,0.012999999999919964,BACKFILL_AUTO
2026-05-20 11:23:54,1779276234,CRASH300N,1547.053,1,0.010000000000218279,BACKFILL_AUTO
2026-05-20 11:23:55,1779276235,CRASH300N,1547.078,1,0.024999999999863576,BACKFILL_AUTO
2026-05-20 11:23:56,1779276236,CRASH300N,1547.078,0,0.0,BACKFILL_AUTO
2026-05-20 11:23:57,1779276237,CRASH300N,1547.099,1,0.020999999999958163,BACKFILL_AUTO
2026-05-20 11:23:58,1779276238,CRASH300N,1547.113,1,0.014000000000123691,BACKFILL_AUTO
2026-05-20 11:23:59,1779276239,CRASH300N,1547.129,1,0.015999999999849024,BACKFILL_AUTO
2026-05-20 11:24:00,1779276240,CRASH300N,1547.136,1,0.007000000000061846,BACKFILL_AUTO
2026-05-20 11:24:01,1779276241,CRASH300N,1547.143,1,0.007000000000061846,BACKFILL_AUTO
2026-05-20 11:24:02,1779276242,CRASH300N,1547.158,1,0.01499999999987267,BACKFILL_AUTO
2026-05-20 11:24:03,1779276243,CRASH300N,1547.174,1,0.016000000000076398,BACKFILL_AUTO
2026-05-20 11:24:04,1779276244,CRASH300N,1547.182,1,0.008000000000038199,BACKFILL_AUTO
2026-05-20 11:24:05,1779276245,CRASH300N,1547.19,1,0.008000000000038199,BACKFILL_AUTO
2026-05-20 11:24:06,1779276246,CRASH300N,1547.204,1,0.013999999999896318,BACKFILL_AUTO
2026-05-20 11:24:07,1779276247,CRASH300N,1547.223,1,0.019000000000005457,BACKFILL_AUTO
2026-05-20 11:24:08,1779276248,CRASH300N,1547.227,1,0.004000000000132786,BACKFILL_AUTO
2026-05-20 11:24:09,1779276249,CRASH300N,1547.242,1,0.01499999999987267,BACKFILL_AUTO
2026-05-20 11:24:10,1779276250,CRASH300N,1547.253,1,0.010999999999967258,BACKFILL_AUTO
2026-05-20 11:24:11,1779276251,CRASH300N,1547.261,1,0.008000000000038199,BACKFILL_AUTO
2026-05-20 11:24:12,1779276252,CRASH300N,1547.277,1,0.016000000000076398,BACKFILL_AUTO
2026-05-20 11:24:13,1779276253,CRASH300N,1547.285,1,0.008000000000038199,BACKFILL_AUTO
2026-05-20 11:24:14,1779276254,CRASH300N,1547.289,1,0.0039999999999054126,BACKFILL_AUTO
2026-05-20 11:24:15,1779276255,CRASH300N,1547.297,1,0.008000000000038199,BACKFILL_AUTO
2026-05-20 11:24:16,1779276256,CRASH300N,1547.329,1,0.03199999999992542,BACKFILL_AUTO
2026-05-20 11:24:17,1779276257,CRASH300N,1547.35,1,0.020999999999958163,BACKFILL_AUTO
2026-05-20 11:24:18,1779276258,CRASH300N,1547.359,1,0.009000000000014552,BACKFILL_AUTO
2026-05-20 11:24:19,1779276259,CRASH300N,1547.368,1,0.009000000000014552,BACKFILL_AUTO
2026-05-20 11:24:20,1779276260,CRASH300N,1547.38,1,0.012000000000170985,BACKFILL_AUTO
2026-05-20 11:24:21,1779276261,CRASH300N,1547.404,1,0.023999999999887223,BACKFILL_AUTO
2026-05-20 11:24:22,1779276262,CRASH300N,1547.411,1,0.007000000000061846,BACKFILL_AUTO
2026-05-20 11:24:23,1779276263,CRASH300N,1547.432,1,0.020999999999958163,BACKFILL_AUTO
2026-05-20 11:24:24,1779276264,CRASH300N,1547.46,1,0.02800000000002001,BACKFILL_AUTO
2026-05-20 11:24:25,1779276265,CRASH300N,1547.485,1,0.024999999999863576,BACKFILL_AUTO
2026-05-20 11:24:26,1779276266,CRASH300N,1547.504,1,0.019000000000005457,BACKFILL_AUTO
2026-05-20 11:24:27,1779276267,CRASH300N,1547.525,1,0.021000000000185537,BACKFILL_AUTO
2026-05-20 11:24:28,1779276268,CRASH300N,1547.533,1,0.007999999999810825,BACKFILL_AUTO
2026-05-20 11:24:29,1779276269,CRASH300N,1547.576,1,0.04300000000012005,BACKFILL_AUTO
2026-05-20 11:24:30,1779276270,CRASH300N,1547.585,1,0.009000000000014552,BACKFILL_AUTO
2026-05-20 11:24:31,1779276271,CRASH300N,1547.607,1,0.021999999999934516,BACKFILL_AUTO
2026-05-20 11:24:32,1779276272,CRASH300N,1547.626,1,0.019000000000005457,BACKFILL_AUTO
2026-05-20 11:24:33,1779276273,CRASH300N,1547.638,1,0.011999999999943611,BACKFILL_AUTO
2026-05-20 11:24:34,1779276274,CRASH300N,1547.645,1,0.007000000000061846,BACKFILL_AUTO
2026-05-20 11:24:35,1779276275,CRASH300N,1547.653,1,0.008000000000038199,BACKFILL_AUTO
2026-05-20 11:24:36,1779276276,CRASH300N,1547.673,1,0.01999999999998181,BACKFILL_AUTO
2026-05-20 11:24:37,1779276277,CRASH300N,1547.693,1,0.01999999999998181,BACKFILL_AUTO
2026-05-20 11:24:38,1779276278,CRASH300N,1547.711,1,0.018000000000029104,BACKFILL_AUTO
2026-05-20 11:24:39,1779276279,CRASH300N,1547.715,1,0.0039999999999054126,BACKFILL_AUTO
2026-05-20 11:24:40,1779276280,CRASH300N,1547.717,1,0.00200000000018008,BACKFILL_AUTO
2026-05-20 11:24:41,1779276281,CRASH300N,1547.719,1,0.0019999999999527063,BACKFILL_AUTO
2026-05-20 11:24:42,1779276282,CRASH300N,1547.725,1,0.005999999999858119,BACKFILL_AUTO
2026-05-20 11:24:43,1779276283,CRASH300N,1547.741,1,0.016000000000076398,BACKFILL_AUTO
2026-05-20 11:24:44,1779276284,CRASH300N,1547.748,1,0.007000000000061846,BACKFILL_AUTO
2026-05-20 11:24:45,1779276285,CRASH300N,1547.779,1,0.03099999999994907,BACKFILL_AUTO
2026-05-20 11:24:46,1779276286,CRASH300N,1547.786,1,0.007000000000061846,BACKFILL_AUTO
2026-05-20 11:24:47,1779276287,CRASH300N,1547.803,1,0.01700000000005275,BACKFILL_AUTO
2026-05-20 11:24:48,1779276288,CRASH300N,1547.83,1,0.026999999999816282,BACKFILL_AUTO
2026-05-20 11:24:49,1779276289,CRASH300N,1547.854,1,0.024000000000114596,BACKFILL_AUTO
2026-05-20 11:24:50,1779276290,CRASH300N,1547.862,1,0.008000000000038199,BACKFILL_AUTO
2026-05-20 11:24:51,1779276291,CRASH300N,1547.877,1,0.01499999999987267,BACKFILL_AUTO
2026-05-20 11:24:52,1779276292,CRASH300N,1547.897,1,0.01999999999998181,BACKFILL_AUTO
2026-05-20 11:24:53,1779276293,CRASH300N,1547.905,1,0.008000000000038199,BACKFILL_AUTO
2026-05-20 11:24:54,1779276294,CRASH300N,1547.913,1,0.008000000000038199,BACKFILL_AUTO
2026-05-20 11:24:55,1779276295,CRASH300N,1547.916,1,0.0029999999999290594,BACKFILL_AUTO
2026-05-20 11:24:56,1779276296,CRASH300N,1547.928,1,0.012000000000170985,BACKFILL_AUTO
2026-05-20 11:24:57,1779276297,CRASH300N,1547.951,1,0.02299999999991087,BACKFILL_AUTO
2026-05-20 11:24:58,1779276298,CRASH300N,1547.977,1,0.026000000000067303,BACKFILL_AUTO
2026-05-20 11:24:59,1779276299,CRASH300N,1548.006,1,0.028999999999996362,BACKFILL_AUTO
2026-05-20 11:25:00,1779276300,CRASH300N,1548.009,1,0.0029999999999290594,BACKFILL_AUTO
2026-05-20 11:25:01,1779276301,CRASH300N,1548.033,1,0.023999999999887223,BACKFILL_AUTO
2026-05-20 11:25:02,1779276302,CRASH300N,1548.036,1,0.003000000000156433,BACKFILL_AUTO
2026-05-20 11:25:03,1779276303,CRASH300N,1548.052,1,0.015999999999849024,BACKFILL_AUTO
2026-05-20 11:25:04,1779276304,CRASH300N,1548.063,1,0.011000000000194632,BACKFILL_AUTO
2026-05-20 11:25:05,1779276305,CRASH300N,1548.08,1,0.016999999999825377,BACKFILL_AUTO
2026-05-20 11:25:06,1779276306,CRASH300N,1548.089,1,0.009000000000014552,BACKFILL_AUTO
2026-05-20 11:25:07,1779276307,CRASH300N,1548.092,1,0.003000000000156433,BACKFILL_AUTO
2026-05-20 11:25:08,1779276308,CRASH300N,1548.114,1,0.021999999999934516,BACKFILL_AUTO
2026-05-20 11:25:09,1779276309,CRASH300N,1548.118,1,0.0039999999999054126,BACKFILL_AUTO
2026-05-20 11:25:10,1779276310,CRASH300N,1548.127,1,0.009000000000014552,BACKFILL_AUTO
2026-05-20 11:25:11,1779276311,CRASH300N,1548.16,1,0.03300000000012915,BACKFILL_AUTO
2026-05-20 11:25:12,1779276312,CRASH300N,1548.162,1,0.0019999999999527063,BACKFILL_AUTO
2026-05-20 11:25:13,1779276313,CRASH300N,1548.173,1,0.010999999999967258,BACKFILL_AUTO
2026-05-20 11:25:14,1779276314,CRASH300N,1548.195,1,0.021999999999934516,BACKFILL_AUTO
2026-05-20 11:25:15,1779276315,CRASH300N,1548.207,1,0.012000000000170985,BACKFILL_AUTO
2026-05-20 11:25:16,1779276316,CRASH300N,1548.209,1,0.0019999999999527063,BACKFILL_AUTO
2026-05-20 11:25:17,1779276317,CRASH300N,1548.242,1,0.032999999999901775,BACKFILL_AUTO
2026-05-20 11:25:18,1779276318,CRASH300N,1548.262,1,0.01999999999998181,BACKFILL_AUTO
2026-05-20 11:25:19,1779276319,CRASH300N,1548.278,1,0.016000000000076398,BACKFILL_AUTO
2026-05-20 11:25:20,1779276320,CRASH300N,1548.286,1,0.008000000000038199,BACKFILL_AUTO
2026-05-20 11:25:21,1779276321,CRASH300N,1548.298,1,0.011999999999943611,BACKFILL_AUTO
2026-05-20 11:25:22,1779276322,CRASH300N,1548.306,1,0.008000000000038199,BACKFILL_AUTO
2026-05-20 11:25:23,1779276323,CRASH300N,1548.319,1,0.012999999999919964,BACKFILL_AUTO
2026-05-20 11:25:24,1779276324,CRASH300N,1548.331,1,0.011999999999943611,BACKFILL_AUTO
2026-05-20 11:25:25,1779276325,CRASH300N,1548.342,1,0.011000000000194632,BACKFILL_AUTO
2026-05-20 11:25:26,1779276326,CRASH300N,1548.364,1,0.021999999999934516,BACKFILL_AUTO
2026-05-20 11:25:27,1779276327,CRASH300N,1548.365,1,0.0009999999999763531,BACKFILL_AUTO
2026-05-20 11:25:28,1779276328,CRASH300N,1548.374,1,0.009000000000014552,BACKFILL_AUTO
2026-05-20 11:25:29,1779276329,CRASH300N,1548.375,1,0.0009999999999763531,BACKFILL_AUTO
2026-05-20 11:25:30,1779276330,CRASH300N,1548.404,1,0.028999999999996362,BACKFILL_AUTO
2026-05-20 11:25:31,1779276331,CRASH300N,1548.43,1,0.026000000000067303,BACKFILL_AUTO
2026-05-20 11:25:32,1779276332,CRASH300N,1548.463,1,0.032999999999901775,BACKFILL_AUTO
2026-05-20 11:25:33,1779276333,CRASH300N,1548.471,1,0.008000000000038199,BACKFILL_AUTO
2026-05-20 11:25:34,1779276334,CRASH300N,1548.498,1,0.027000000000043656,BACKFILL_AUTO
2026-05-20 11:25:35,1779276335,CRASH300N,1548.519,1,0.020999999999958163,BACKFILL_AUTO
2026-05-20 11:25:36,1779276336,CRASH300N,1548.533,1,0.013999999999896318,BACKFILL_AUTO
2026-05-20 11:25:37,1779276337,CRASH300N,1548.543,1,0.009999999999990905,BACKFILL_AUTO
2026-05-20 11:25:38,1779276338,CRASH300N,1548.561,1,0.018000000000029104,BACKFILL_AUTO
2026-05-20 11:25:39,1779276339,CRASH300N,1548.566,1,0.005000000000109139,BACKFILL_AUTO
2026-05-20 11:25:40,1779276340,CRASH300N,1548.585,1,0.019000000000005457,BACKFILL_AUTO
2026-05-20 11:25:41,1779276341,CRASH300N,1548.6,1,0.01499999999987267,BACKFILL_AUTO
2026-05-20 11:25:42,1779276342,CRASH300N,1548.61,1,0.009999999999990905,BACKFILL_AUTO
2026-05-20 11:25:43,1779276343,CRASH300N,1548.612,1,0.00200000000018008,BACKFILL_AUTO
2026-05-20 11:25:44,1779276344,CRASH300N,1548.63,1,0.018000000000029104,BACKFILL_AUTO
2026-05-20 11:25:45,1779276345,CRASH300N,1548.644,1,0.013999999999896318,BACKFILL_AUTO
2026-05-20 11:25:46,1779276346,CRASH300N,1548.662,1,0.018000000000029104,BACKFILL_AUTO
2026-05-20 11:25:47,1779276347,CRASH300N,1548.682,1,0.01999999999998181,BACKFILL_AUTO
2026-05-20 11:25:48,1779276348,CRASH300N,1548.685,1,0.0029999999999290594,BACKFILL_AUTO
2026-05-20 11:25:49,1779276349,CRASH300N,1548.685,0,0.0,BACKFILL_AUTO
2026-05-20 11:25:50,1779276350,CRASH300N,1548.716,1,0.03099999999994907,BACKFILL_AUTO
2026-05-20 11:25:51,1779276351,CRASH300N,1548.728,1,0.012000000000170985,BACKFILL_AUTO
2026-05-20 11:25:52,1779276352,CRASH300N,1548.728,0,0.0,BACKFILL_AUTO
2026-05-20 11:25:53,1779276353,CRASH300N,1548.747,1,0.019000000000005457,BACKFILL_AUTO
2026-05-20 11:25:54,1779276354,CRASH300N,1548.766,1,0.019000000000005457,BACKFILL_AUTO
2026-05-20 11:25:55,1779276355,CRASH300N,1548.773,1,0.006999999999834472,BACKFILL_AUTO
2026-05-20 11:25:56,1779276356,CRASH300N,1548.778,1,0.005000000000109139,BACKFILL_AUTO
2026-05-20 11:25:57,1779276357,CRASH300N,1548.788,1,0.009999999999990905,BACKFILL_AUTO
2026-05-20 11:25:58,1779276358,CRASH300N,1548.808,1,0.01999999999998181,BACKFILL_AUTO
2026-05-20 11:25:59,1779276359,CRASH300N,1548.834,1,0.026000000000067303,BACKFILL_AUTO
2026-05-20 11:26:00,1779276360,CRASH300N,1548.857,1,0.02299999999991087,BACKFILL_AUTO
2026-05-20 11:26:01,1779276361,CRASH300N,1548.863,1,0.0060000000000854925,BACKFILL_AUTO
2026-05-20 11:26:02,1779276362,CRASH300N,1548.873,1,0.009999999999990905,BACKFILL_AUTO
2026-05-20 11:26:03,1779276363,CRASH300N,1548.88,1,0.007000000000061846,BACKFILL_AUTO
2026-05-20 11:26:04,1779276364,CRASH300N,1548.886,1,0.005999999999858119,BACKFILL_AUTO
2026-05-20 11:26:05,1779276365,CRASH300N,1548.904,1,0.018000000000029104,BACKFILL_AUTO
2026-05-20 11:26:06,1779276366,CRASH300N,1548.914,1,0.009999999999990905,BACKFILL_AUTO
2026-05-20 11:26:07,1779276367,CRASH300N,1548.93,1,0.016000000000076398,BACKFILL_AUTO
2026-05-20 11:26:08,1779276368,CRASH300N,1548.949,1,0.019000000000005457,BACKFILL_AUTO
2026-05-20 11:26:09,1779276369,CRASH300N,1548.972,1,0.02299999999991087,BACKFILL_AUTO
2026-05-20 11:26:10,1779276370,CRASH300N,1548.884,-1,0.08799999999996544,BACKFILL_AUTO
2026-05-20 11:26:11,1779276371,CRASH300N,1548.885,1,0.0009999999999763531,BACKFILL_AUTO
2026-05-20 11:26:12,1779276372,CRASH300N,1548.892,1,0.007000000000061846,BACKFILL_AUTO
2026-05-20 11:26:13,1779276373,CRASH300N,1548.916,1,0.023999999999887223,BACKFILL_AUTO
2026-05-20 11:26:14,1779276374,CRASH300N,1548.936,1,0.01999999999998181,BACKFILL_AUTO
2026-05-20 11:26:15,1779276375,CRASH300N,1548.94,1,0.004000000000132786,BACKFILL_AUTO
2026-05-20 11:26:16,1779276376,CRASH300N,1548.951,1,0.010999999999967258,BACKFILL_AUTO
2026-05-20 11:26:17,1779276377,CRASH300N,1548.969,1,0.018000000000029104,BACKFILL_AUTO
2026-05-20 11:26:18,1779276378,CRASH300N,1548.977,1,0.008000000000038199,BACKFILL_AUTO
2026-05-20 11:26:19,1779276379,CRASH300N,1548.98,1,0.0029999999999290594,BACKFILL_AUTO
2026-05-20 11:26:20,1779276380,CRASH300N,1548.985,1,0.004999999999881766,BACKFILL_AUTO
2026-05-20 11:26:21,1779276381,CRASH300N,1549.002,1,0.01700000000005275,BACKFILL_AUTO
2026-05-20 11:26:22,1779276382,CRASH300N,1549.019,1,0.01700000000005275,BACKFILL_AUTO
2026-05-20 11:26:23,1779276383,CRASH300N,1549.03,1,0.010999999999967258,BACKFILL_AUTO
2026-05-20 11:26:24,1779276384,CRASH300N,1549.054,1,0.024000000000114596,BACKFILL_AUTO
2026-05-20 11:26:25,1779276385,CRASH300N,1549.059,1,0.004999999999881766,BACKFILL_AUTO
2026-05-20 11:26:26,1779276386,CRASH300N,1549.066,1,0.007000000000061846,BACKFILL_AUTO
2026-05-20 11:26:27,1779276387,CRASH300N,1549.079,1,0.012999999999919964,BACKFILL_AUTO
2026-05-20 11:26:28,1779276388,CRASH300N,1549.105,1,0.026000000000067303,BACKFILL_AUTO
2026-05-20 11:26:29,1779276389,CRASH300N,1549.123,1,0.018000000000029104,BACKFILL_AUTO
2026-05-20 11:26:30,1779276390,CRASH300N,1549.148,1,0.024999999999863576,BACKFILL_AUTO
2026-05-20 11:26:31,1779276391,CRASH300N,1549.152,1,0.004000000000132786,BACKFILL_AUTO
2026-05-20 11:26:32,1779276392,CRASH300N,1549.152,0,0.0,BACKFILL_AUTO
2026-05-20 11:26:33,1779276393,CRASH300N,1549.174,1,0.021999999999934516,BACKFILL_AUTO
2026-05-20 11:26:34,1779276394,CRASH300N,1549.2,1,0.026000000000067303,BACKFILL_AUTO
2026-05-20 11:26:35,1779276395,CRASH300N,1549.241,1,0.04099999999993997,BACKFILL_AUTO
2026-05-20 11:26:36,1779276396,CRASH300N,1549.257,1,0.016000000000076398,BACKFILL_AUTO
2026-05-20 11:26:37,1779276397,CRASH300N,1549.283,1,0.02599999999983993,BACKFILL_AUTO
2026-05-20 11:26:38,1779276398,CRASH300N,1549.292,1,0.009000000000014552,BACKFILL_AUTO
2026-05-20 11:26:39,1779276399,CRASH300N,1549.318,1,0.026000000000067303,BACKFILL_AUTO
2026-05-20 11:26:40,1779276400,CRASH300N,1549.323,1,0.005000000000109139,BACKFILL_AUTO
2026-05-20 11:26:41,1779276401,CRASH300N,1549.335,1,0.011999999999943611,BACKFILL_AUTO
2026-05-20 11:26:42,1779276402,CRASH300N,1549.351,1,0.016000000000076398,BACKFILL_AUTO
2026-05-20 11:26:43,1779276403,CRASH300N,1549.366,1,0.01499999999987267,BACKFILL_AUTO
2026-05-20 11:26:44,1779276404,CRASH300N,1549.379,1,0.012999999999919964,BACKFILL_AUTO
2026-05-20 11:26:45,1779276405,CRASH300N,1549.388,1,0.009000000000014552,BACKFILL_AUTO
2026-05-20 11:26:46,1779276406,CRASH300N,1549.407,1,0.019000000000005457,BACKFILL_AUTO
2026-05-20 11:26:47,1779276407,CRASH300N,1549.417,1,0.009999999999990905,BACKFILL_AUTO
2026-05-20 11:26:48,1779276408,CRASH300N,1549.43,1,0.013000000000147338,BACKFILL_AUTO
2026-05-20 11:26:49,1779276409,CRASH300N,1549.437,1,0.006999999999834472,BACKFILL_AUTO
2026-05-20 11:26:50,1779276410,CRASH300N,1549.437,0,0.0,BACKFILL_AUTO
2026-05-20 11:26:51,1779276411,CRASH300N,1549.459,1,0.02200000000016189,BACKFILL_AUTO
2026-05-20 11:26:52,1779276412,CRASH300N,1549.476,1,0.01700000000005275,BACKFILL_AUTO
2026-05-20 11:26:53,1779276413,CRASH300N,1549.478,1,0.0019999999999527063,BACKFILL_AUTO
2026-05-20 11:26:54,1779276414,CRASH300N,1549.506,1,0.02800000000002001,BACKFILL_AUTO
2026-05-20 11:26:55,1779276415,CRASH300N,1549.514,1,0.007999999999810825,BACKFILL_AUTO
2026-05-20 11:26:56,1779276416,CRASH300N,1549.524,1,0.009999999999990905,BACKFILL_AUTO
2026-05-20 11:26:57,1779276417,CRASH300N,1549.545,1,0.021000000000185537,BACKFILL_AUTO
2026-05-20 11:26:58,1779276418,CRASH300N,1549.547,1,0.0019999999999527063,BACKFILL_AUTO
2026-05-20 11:26:59,1779276419,CRASH300N,1549.566,1,0.019000000000005457,BACKFILL_AUTO
2026-05-20 11:27:00,1779276420,CRASH300N,1549.579,1,0.012999999999919964,BACKFILL_AUTO
2026-05-20 11:27:01,1779276421,CRASH300N,1549.607,1,0.02800000000002001,BACKFILL_AUTO
2026-05-20 11:27:02,1779276422,CRASH300N,1549.609,1,0.0019999999999527063,BACKFILL_AUTO
2026-05-20 11:27:03,1779276423,CRASH300N,1549.613,1,0.004000000000132786,BACKFILL_AUTO
2026-05-20 11:27:04,1779276424,CRASH300N,1549.649,1,0.035999999999830834,BACKFILL_AUTO
2026-05-20 11:27:05,1779276425,CRASH300N,1549.657,1,0.008000000000038199,BACKFILL_AUTO
2026-05-20 11:27:06,1779276426,CRASH300N,1549.68,1,0.023000000000138243,BACKFILL_AUTO
2026-05-20 11:27:07,1779276427,CRASH300N,1549.699,1,0.019000000000005457,BACKFILL_AUTO
2026-05-20 11:27:08,1779276428,CRASH300N,1549.701,1,0.0019999999999527063,BACKFILL_AUTO
2026-05-20 11:27:09,1779276429,CRASH300N,1549.708,1,0.007000000000061846,BACKFILL_AUTO
2026-05-20 11:27:10,1779276430,CRASH300N,1549.728,1,0.01999999999998181,BACKFILL_AUTO
2026-05-20 11:27:11,1779276431,CRASH300N,1549.73,1,0.0019999999999527063,BACKFILL_AUTO
2026-05-20 11:27:12,1779276432,CRASH300N,1549.733,1,0.0029999999999290594,BACKFILL_AUTO
2026-05-20 11:27:13,1779276433,CRASH300N,1549.753,1,0.01999999999998181,BACKFILL_AUTO
2026-05-20 11:27:14,1779276434,CRASH300N,1549.761,1,0.008000000000038199,BACKFILL_AUTO
2026-05-20 11:27:15,1779276435,CRASH300N,1549.78,1,0.019000000000005457,BACKFILL_AUTO
2026-05-20 11:27:16,1779276436,CRASH300N,1549.815,1,0.035000000000081855,BACKFILL_AUTO
2026-05-20 11:27:17,1779276437,CRASH300N,1549.822,1,0.006999999999834472,BACKFILL_AUTO
2026-05-20 11:27:18,1779276438,CRASH300N,1549.852,1,0.03000000000020009,BACKFILL_AUTO
2026-05-20 11:27:19,1779276439,CRASH300N,1549.858,1,0.005999999999858119,BACKFILL_AUTO
2026-05-20 11:27:20,1779276440,CRASH300N,1549.883,1,0.02500000000009095,BACKFILL_AUTO
2026-05-20 11:27:21,1779276441,CRASH300N,1549.891,1,0.008000000000038199,BACKFILL_AUTO
2026-05-20 11:27:22,1779276442,CRASH300N,1549.903,1,0.011999999999943611,BACKFILL_AUTO
2026-05-20 11:27:23,1779276443,CRASH300N,1549.905,1,0.0019999999999527063,BACKFILL_AUTO
2026-05-20 11:27:24,1779276444,CRASH300N,1549.911,1,0.0060000000000854925,BACKFILL_AUTO
2026-05-20 11:27:25,1779276445,CRASH300N,1549.941,1,0.029999999999972715,BACKFILL_AUTO
2026-05-20 11:27:26,1779276446,CRASH300N,1549.946,1,0.004999999999881766,BACKFILL_AUTO
2026-05-20 11:27:27,1779276447,CRASH300N,1549.96,1,0.014000000000123691,BACKFILL_AUTO
2026-05-20 11:27:28,1779276448,CRASH300N,1549.983,1,0.02299999999991087,BACKFILL_AUTO
2026-05-20 11:27:29,1779276449,CRASH300N,1549.987,1,0.004000000000132786,BACKFILL_AUTO
2026-05-20 11:27:30,1779276450,CRASH300N,1549.994,1,0.006999999999834472,BACKFILL_AUTO
2026-05-20 11:27:31,1779276451,CRASH300N,1550.024,1,0.029999999999972715,BACKFILL_AUTO
2026-05-20 11:27:32,1779276452,CRASH300N,1550.04,1,0.016000000000076398,BACKFILL_AUTO
2026-05-20 11:27:33,1779276453,CRASH300N,1550.07,1,0.029999999999972715,BACKFILL_AUTO
2026-05-20 11:27:34,1779276454,CRASH300N,1550.084,1,0.014000000000123691,BACKFILL_AUTO
2026-05-20 11:27:35,1779276455,CRASH300N,1550.088,1,0.0039999999999054126,BACKFILL_AUTO
2026-05-20 11:27:36,1779276456,CRASH300N,1550.091,1,0.0029999999999290594,BACKFILL_AUTO
2026-05-20 11:27:37,1779276457,CRASH300N,1550.112,1,0.021000000000185537,BACKFILL_AUTO
2026-05-20 11:27:38,1779276458,CRASH300N,1550.131,1,0.019000000000005457,BACKFILL_AUTO
2026-05-20 11:27:39,1779276459,CRASH300N,1550.165,1,0.03399999999987813,BACKFILL_AUTO
2026-05-20 11:27:40,1779276460,CRASH300N,1550.194,1,0.028999999999996362,BACKFILL_AUTO
2026-05-20 11:27:41,1779276461,CRASH300N,1550.208,1,0.014000000000123691,BACKFILL_AUTO
2026-05-20 11:27:42,1779276462,CRASH300N,1550.224,1,0.015999999999849024,BACKFILL_AUTO
2026-05-20 11:27:43,1779276463,CRASH300N,1550.225,1,0.0009999999999763531,BACKFILL_AUTO
2026-05-20 11:27:44,1779276464,CRASH300N,1550.252,1,0.027000000000043656,BACKFILL_AUTO
2026-05-20 11:27:45,1779276465,CRASH300N,1550.26,1,0.008000000000038199,BACKFILL_AUTO
2026-05-20 11:27:46,1779276466,CRASH300N,1550.287,1,0.027000000000043656,BACKFILL_AUTO
2026-05-20 11:27:47,1779276467,CRASH300N,1550.297,1,0.009999999999990905,BACKFILL_AUTO
2026-05-20 11:27:48,1779276468,CRASH300N,1550.331,1,0.03399999999987813,BACKFILL_AUTO
2026-05-20 11:27:49,1779276469,CRASH300N,1550.35,1,0.019000000000005457,BACKFILL_AUTO
2026-05-20 11:27:50,1779276470,CRASH300N,1550.358,1,0.008000000000038199,BACKFILL_AUTO
2026-05-20 11:27:51,1779276471,CRASH300N,1550.379,1,0.020999999999958163,BACKFILL_AUTO
2026-05-20 11:27:52,1779276472,CRASH300N,1550.381,1,0.00200000000018008,BACKFILL_AUTO
2026-05-20 11:27:53,1779276473,CRASH300N,1550.403,1,0.021999999999934516,BACKFILL_AUTO
2026-05-20 11:27:54,1779276474,CRASH300N,1550.424,1,0.020999999999958163,BACKFILL_AUTO
2026-05-20 11:27:55,1779276475,CRASH300N,1550.449,1,0.02500000000009095,BACKFILL_AUTO
2026-05-20 11:27:56,1779276476,CRASH300N,1550.478,1,0.028999999999996362,BACKFILL_AUTO
2026-05-20 11:27:57,1779276477,CRASH300N,1550.501,1,0.02299999999991087,BACKFILL_AUTO
2026-05-20 11:27:58,1779276478,CRASH300N,1550.518,1,0.01700000000005275,BACKFILL_AUTO
2026-05-20 11:27:59,1779276479,CRASH300N,1550.522,1,0.0039999999999054126,BACKFILL_AUTO
2026-05-20 11:28:00,1779276480,CRASH300N,1550.541,1,0.019000000000005457,BACKFILL_AUTO
2026-05-20 11:28:01,1779276481,CRASH300N,1550.549,1,0.008000000000038199,BACKFILL_AUTO
2026-05-20 11:28:02,1779276482,CRASH300N,1550.566,1,0.01700000000005275,BACKFILL_AUTO
2026-05-20 11:28:03,1779276483,CRASH300N,1550.574,1,0.008000000000038199,BACKFILL_AUTO
2026-05-20 11:28:04,1779276484,CRASH300N,1550.604,1,0.029999999999972715,BACKFILL_AUTO
2026-05-20 11:28:05,1779276485,CRASH300N,1550.61,1,0.005999999999858119,BACKFILL_AUTO
2026-05-20 11:28:06,1779276486,CRASH300N,1550.612,1,0.00200000000018008,BACKFILL_AUTO
2026-05-20 11:28:07,1779276487,CRASH300N,1550.617,1,0.004999999999881766,BACKFILL_AUTO
2026-05-20 11:28:08,1779276488,CRASH300N,1550.623,1,0.0060000000000854925,BACKFILL_AUTO
2026-05-20 11:28:09,1779276489,CRASH300N,1550.63,1,0.007000000000061846,BACKFILL_AUTO
2026-05-20 11:28:10,1779276490,CRASH300N,1550.64,1,0.009999999999990905,BACKFILL_AUTO
2026-05-20 11:28:11,1779276491,CRASH300N,1550.661,1,0.020999999999958163,BACKFILL_AUTO
2026-05-20 11:28:12,1779276492,CRASH300N,1550.69,1,0.028999999999996362,BACKFILL_AUTO
2026-05-20 11:28:13,1779276493,CRASH300N,1550.713,1,0.02299999999991087,BACKFILL_AUTO
2026-05-20 11:28:14,1779276494,CRASH300N,1550.722,1,0.009000000000014552,BACKFILL_AUTO
2026-05-20 11:28:15,1779276495,CRASH300N,1550.742,1,0.01999999999998181,BACKFILL_AUTO
2026-05-20 11:28:16,1779276496,CRASH300N,1550.763,1,0.020999999999958163,BACKFILL_AUTO
2026-05-20 11:28:17,1779276497,CRASH300N,1550.79,1,0.027000000000043656,BACKFILL_AUTO
2026-05-20 11:28:18,1779276498,CRASH300N,1550.8,1,0.009999999999990905,BACKFILL_AUTO
2026-05-20 11:28:19,1779276499,CRASH300N,1550.804,1,0.004000000000132786,BACKFILL_AUTO
2026-05-20 11:28:20,1779276500,CRASH300N,1550.809,1,0.004999999999881766,BACKFILL_AUTO
2026-05-20 11:28:21,1779276501,CRASH300N,1550.831,1,0.021999999999934516,BACKFILL_AUTO
2026-05-20 11:28:22,1779276502,CRASH300N,1550.839,1,0.008000000000038199,BACKFILL_AUTO
2026-05-20 11:28:23,1779276503,CRASH300N,1550.846,1,0.007000000000061846,BACKFILL_AUTO
2026-05-20 11:28:24,1779276504,CRASH300N,1550.864,1,0.018000000000029104,BACKFILL_AUTO
2026-05-20 11:28:25,1779276505,CRASH300N,1550.885,1,0.020999999999958163,BACKFILL_AUTO
2026-05-20 11:28:26,1779276506,CRASH300N,1550.907,1,0.021999999999934516,BACKFILL_AUTO
2026-05-20 11:28:27,1779276507,CRASH300N,1550.931,1,0.024000000000114596,BACKFILL_AUTO
2026-05-20 11:28:28,1779276508,CRASH300N,1550.952,1,0.020999999999958163,BACKFILL_AUTO
2026-05-20 11:28:29,1779276509,CRASH300N,1544.456,-1,6.496000000000095,BACKFILL_AUTO
2026-05-20 11:28:30,1779276510,CRASH300N,1544.471,1,0.015000000000100044,BACKFILL_AUTO
2026-05-20 11:28:31,1779276511,CRASH300N,1544.484,1,0.012999999999919964,BACKFILL_AUTO
2026-05-20 11:28:32,1779276512,CRASH300N,1544.501,1,0.01700000000005275,BACKFILL_AUTO
2026-05-20 11:28:33,1779276513,CRASH300N,1544.51,1,0.009000000000014552,BACKFILL_AUTO
2026-05-20 11:28:34,1779276514,CRASH300N,1544.531,1,0.020999999999958163,BACKFILL_AUTO
2026-05-20 11:28:35,1779276515,CRASH300N,1544.535,1,0.004000000000132786,BACKFILL_AUTO
2026-05-20 11:28:36,1779276516,CRASH300N,1544.541,1,0.005999999999858119,BACKFILL_AUTO
2026-05-20 11:28:37,1779276517,CRASH300N,1544.555,1,0.014000000000123691,BACKFILL_AUTO
2026-05-20 11:28:38,1779276518,CRASH300N,1544.565,1,0.009999999999990905,BACKFILL_AUTO
2026-05-20 11:28:39,1779276519,CRASH300N,1544.586,1,0.020999999999958163,BACKFILL_AUTO
2026-05-20 11:28:40,1779276520,CRASH300N,1544.59,1,0.0039999999999054126,BACKFILL_AUTO
2026-05-20 11:28:41,1779276521,CRASH300N,1544.605,1,0.015000000000100044,BACKFILL_AUTO
2026-05-20 11:28:42,1779276522,CRASH300N,1544.629,1,0.023999999999887223,BACKFILL_AUTO
2026-05-20 11:28:43,1779276523,CRASH300N,1544.641,1,0.012000000000170985,BACKFILL_AUTO
2026-05-20 11:28:44,1779276524,CRASH300N,1544.645,1,0.0039999999999054126,BACKFILL_AUTO
2026-05-20 11:28:45,1779276525,CRASH300N,1544.679,1,0.0340000000001055,BACKFILL_AUTO
2026-05-20 11:28:46,1779276526,CRASH300N,1544.684,1,0.004999999999881766,BACKFILL_AUTO
2026-05-20 11:28:47,1779276527,CRASH300N,1544.689,1,0.005000000000109139,BACKFILL_AUTO
2026-05-20 11:28:48,1779276528,CRASH300N,1544.691,1,0.0019999999999527063,BACKFILL_AUTO
2026-05-20 11:28:49,1779276529,CRASH300N,1544.696,1,0.004999999999881766,BACKFILL_AUTO
2026-05-20 11:28:50,1779276530,CRASH300N,1544.708,1,0.012000000000170985,BACKFILL_AUTO
2026-05-20 11:28:51,1779276531,CRASH300N,1544.728,1,0.01999999999998181,BACKFILL_AUTO
2026-05-20 11:28:52,1779276532,CRASH300N,1544.739,1,0.010999999999967258,BACKFILL_AUTO
2026-05-20 11:28:53,1779276533,CRASH300N,1544.74,1,0.0009999999999763531,BACKFILL_AUTO
2026-05-20 11:28:54,1779276534,CRASH300N,1544.75,1,0.009999999999990905,BACKFILL_AUTO
2026-05-20 11:28:55,1779276535,CRASH300N,1544.754,1,0.0039999999999054126,BACKFILL_AUTO
2026-05-20 11:28:56,1779276536,CRASH300N,1544.758,1,0.004000000000132786,BACKFILL_AUTO
2026-05-20 11:28:57,1779276537,CRASH300N,1544.765,1,0.007000000000061846,BACKFILL_AUTO
2026-05-20 11:28:58,1779276538,CRASH300N,1544.77,1,0.004999999999881766,BACKFILL_AUTO
2026-05-20 11:28:59,1779276539,CRASH300N,1544.77,0,0.0,BACKFILL_AUTO
2026-05-20 11:29:00,1779276540,CRASH300N,1544.781,1,0.010999999999967258,BACKFILL_AUTO
2026-05-20 11:29:01,1779276541,CRASH300N,1544.783,1,0.0019999999999527063,BACKFILL_AUTO
2026-05-20 11:29:02,1779276542,CRASH300N,1544.785,1,0.00200000000018008,BACKFILL_AUTO
2026-05-20 11:29:03,1779276543,CRASH300N,1544.789,1,0.0039999999999054126,BACKFILL_AUTO
2026-05-20 11:29:04,1779276544,CRASH300N,1544.808,1,0.019000000000005457,BACKFILL_AUTO
2026-05-20 11:29:05,1779276545,CRASH300N,1544.826,1,0.018000000000029104,BACKFILL_AUTO
2026-05-20 11:29:06,1779276546,CRASH300N,1544.855,1,0.028999999999996362,BACKFILL_AUTO
2026-05-20 11:29:07,1779276547,CRASH300N,1544.862,1,0.007000000000061846,BACKFILL_AUTO
2026-05-20 11:29:08,1779276548,CRASH300N,1544.885,1,0.02299999999991087,BACKFILL_AUTO
2026-05-20 11:29:09,1779276549,CRASH300N,1544.906,1,0.020999999999958163,BACKFILL_AUTO
2026-05-20 11:29:10,1779276550,CRASH300N,1544.912,1,0.0060000000000854925,BACKFILL_AUTO
2026-05-20 11:29:11,1779276551,CRASH300N,1544.913,1,0.0009999999999763531,BACKFILL_AUTO
2026-05-20 11:29:12,1779276552,CRASH300N,1544.914,1,0.0009999999999763531,BACKFILL_AUTO
2026-05-20 11:29:13,1779276553,CRASH300N,1544.916,1,0.0019999999999527063,BACKFILL_AUTO
2026-05-20 11:29:14,1779276554,CRASH300N,1544.931,1,0.015000000000100044,BACKFILL_AUTO
2026-05-20 11:29:15,1779276555,CRASH300N,1544.958,1,0.027000000000043656,BACKFILL_AUTO
2026-05-20 11:29:16,1779276556,CRASH300N,1544.976,1,0.018000000000029104,BACKFILL_AUTO
2026-05-20 11:29:17,1779276557,CRASH300N,1544.983,1,0.006999999999834472,BACKFILL_AUTO
2026-05-20 11:29:18,1779276558,CRASH300N,1545.005,1,0.02200000000016189,BACKFILL_AUTO
2026-05-20 11:29:19,1779276559,CRASH300N,1545.01,1,0.004999999999881766,BACKFILL_AUTO
2026-05-20 11:29:20,1779276560,CRASH300N,1545.015,1,0.005000000000109139,BACKFILL_AUTO
2026-05-20 11:29:21,1779276561,CRASH300N,1545.017,1,0.0019999999999527063,BACKFILL_AUTO
2026-05-20 11:29:22,1779276562,CRASH300N,1545.05,1,0.032999999999901775,BACKFILL_AUTO
2026-05-20 11:29:23,1779276563,CRASH300N,1545.069,1,0.019000000000005457,BACKFILL_AUTO
2026-05-20 11:29:24,1779276564,CRASH300N,1545.079,1,0.009999999999990905,BACKFILL_AUTO
2026-05-20 11:29:25,1779276565,CRASH300N,1545.092,1,0.013000000000147338,BACKFILL_AUTO
2026-05-20 11:29:26,1779276566,CRASH300N,1545.115,1,0.02299999999991087,BACKFILL_AUTO
2026-05-20 11:29:27,1779276567,CRASH300N,1545.117,1,0.0019999999999527063,BACKFILL_AUTO
2026-05-20 11:29:28,1779276568,CRASH300N,1545.152,1,0.035000000000081855,BACKFILL_AUTO
2026-05-20 11:29:29,1779276569,CRASH300N,1545.164,1,0.011999999999943611,BACKFILL_AUTO
2026-05-20 11:29:30,1779276570,CRASH300N,1545.192,1,0.02800000000002001,BACKFILL_AUTO
2026-05-20 11:29:31,1779276571,CRASH300N,1545.216,1,0.023999999999887223,BACKFILL_AUTO
2026-05-20 11:29:32,1779276572,CRASH300N,1545.22,1,0.004000000000132786,BACKFILL_AUTO
2026-05-20 11:29:33,1779276573,CRASH300N,1545.229,1,0.009000000000014552,BACKFILL_AUTO
2026-05-20 11:29:34,1779276574,CRASH300N,1545.23,1,0.0009999999999763531,BACKFILL_AUTO
2026-05-20 11:29:35,1779276575,CRASH300N,1545.234,1,0.0039999999999054126,BACKFILL_AUTO
2026-05-20 11:29:36,1779276576,CRASH300N,1545.25,1,0.016000000000076398,BACKFILL_AUTO
2026-05-20 11:29:37,1779276577,CRASH300N,1545.264,1,0.013999999999896318,BACKFILL_AUTO
2026-05-20 11:29:38,1779276578,CRASH300N,1545.286,1,0.02200000000016189,BACKFILL_AUTO
2026-05-20 11:29:39,1779276579,CRASH300N,1545.298,1,0.011999999999943611,BACKFILL_AUTO
2026-05-20 11:29:40,1779276580,CRASH300N,1545.303,1,0.005000000000109139,BACKFILL_AUTO
2026-05-20 11:29:41,1779276581,CRASH300N,1545.303,0,0.0,BACKFILL_AUTO
2026-05-20 11:29:42,1779276582,CRASH300N,1545.323,1,0.01999999999998181,BACKFILL_AUTO
2026-05-20 11:29:43,1779276583,CRASH300N,1545.345,1,0.021999999999934516,BACKFILL_AUTO
2026-05-20 11:29:44,1779276584,CRASH300N,1545.362,1,0.01700000000005275,BACKFILL_AUTO
2026-05-20 11:29:45,1779276585,CRASH300N,1545.398,1,0.035999999999830834,BACKFILL_AUTO
2026-05-20 11:29:46,1779276586,CRASH300N,1545.402,1,0.004000000000132786,BACKFILL_AUTO
2026-05-20 11:29:47,1779276587,CRASH300N,1545.412,1,0.009999999999990905,BACKFILL_AUTO
2026-05-20 11:29:48,1779276588,CRASH300N,1545.441,1,0.028999999999996362,BACKFILL_AUTO
2026-05-20 11:29:49,1779276589,CRASH300N,1545.463,1,0.021999999999934516,BACKFILL_AUTO
2026-05-20 11:29:50,1779276590,CRASH300N,1545.468,1,0.005000000000109139,BACKFILL_AUTO
2026-05-20 11:29:51,1779276591,CRASH300N,1545.492,1,0.023999999999887223,BACKFILL_AUTO
2026-05-20 11:29:52,1779276592,CRASH300N,1545.514,1,0.021999999999934516,BACKFILL_AUTO
2026-05-20 11:29:53,1779276593,CRASH300N,1545.52,1,0.0060000000000854925,BACKFILL_AUTO
2026-05-20 11:29:54,1779276594,CRASH300N,1545.525,1,0.005000000000109139,BACKFILL_AUTO
2026-05-20 11:29:55,1779276595,CRASH300N,1545.539,1,0.013999999999896318,BACKFILL_AUTO
2026-05-20 11:29:56,1779276596,CRASH300N,1545.542,1,0.0029999999999290594,BACKFILL_AUTO
2026-05-20 11:29:57,1779276597,CRASH300N,1537.847,-1,7.694999999999936,BACKFILL_AUTO
2026-05-20 11:29:58,1779276598,CRASH300N,1537.865,1,0.018000000000029104,BACKFILL_AUTO
2026-05-20 11:29:59,1779276599,CRASH300N,1537.865,0,0.0,BACKFILL_AUTO
2026-05-20 11:30:00,1779276600,CRASH300N,1537.869,1,0.0039999999999054126,BACKFILL_AUTO
2026-05-20 11:30:01,1779276601,CRASH300N,1537.877,1,0.008000000000038199,BACKFILL_AUTO
2026-05-20 11:30:02,1779276602,CRASH300N,1537.884,1,0.007000000000061846,BACKFILL_AUTO
2026-05-20 11:30:03,1779276603,CRASH300N,1537.89,1,0.0060000000000854925,BACKFILL_AUTO
2026-05-20 11:30:04,1779276604,CRASH300N,1537.9,1,0.009999999999990905,BACKFILL_AUTO
2026-05-20 11:30:05,1779276605,CRASH300N,1537.914,1,0.013999999999896318,BACKFILL_AUTO
2026-05-20 11:30:06,1779276606,CRASH300N,1537.933,1,0.019000000000005457,BACKFILL_AUTO
2026-05-20 11:30:07,1779276607,CRASH300N,1537.935,1,0.0019999999999527063,BACKFILL_AUTO
2026-05-20 11:30:08,1779276608,CRASH300N,1537.953,1,0.018000000000029104,BACKFILL_AUTO
2026-05-20 11:30:09,1779276609,CRASH300N,1537.969,1,0.016000000000076398,BACKFILL_AUTO
2026-05-20 11:30:10,1779276610,CRASH300N,1537.981,1,0.011999999999943611,BACKFILL_AUTO
2026-05-20 11:30:11,1779276611,CRASH300N,1537.993,1,0.011999999999943611,BACKFILL_AUTO
2026-05-20 11:30:12,1779276612,CRASH300N,1538.029,1,0.03600000000005821,BACKFILL_AUTO
2026-05-20 11:30:13,1779276613,CRASH300N,1538.045,1,0.016000000000076398,BACKFILL_AUTO
2026-05-20 11:30:14,1779276614,CRASH300N,1538.059,1,0.013999999999896318,BACKFILL_AUTO
2026-05-20 11:30:15,1779276615,CRASH300N,1538.076,1,0.01700000000005275,BACKFILL_AUTO
2026-05-20 11:30:16,1779276616,CRASH300N,1538.084,1,0.008000000000038199,BACKFILL_AUTO
2026-05-20 11:30:17,1779276617,CRASH300N,1538.123,1,0.03899999999998727,BACKFILL_AUTO
2026-05-20 11:30:18,1779276618,CRASH300N,1538.143,1,0.01999999999998181,BACKFILL_AUTO
2026-05-20 11:30:19,1779276619,CRASH300N,1538.157,1,0.013999999999896318,BACKFILL_AUTO
2026-05-20 11:30:20,1779276620,CRASH300N,1538.159,1,0.00200000000018008,BACKFILL_AUTO
2026-05-20 11:30:21,1779276621,CRASH300N,1538.176,1,0.016999999999825377,BACKFILL_AUTO
2026-05-20 11:30:22,1779276622,CRASH300N,1538.217,1,0.04100000000016735,BACKFILL_AUTO
2026-05-20 11:30:23,1779276623,CRASH300N,1538.229,1,0.011999999999943611,BACKFILL_AUTO
2026-05-20 11:30:24,1779276624,CRASH300N,1538.249,1,0.01999999999998181,BACKFILL_AUTO
2026-05-20 11:30:25,1779276625,CRASH300N,1538.251,1,0.0019999999999527063,BACKFILL_AUTO
2026-05-20 11:30:26,1779276626,CRASH300N,1538.266,1,0.015000000000100044,BACKFILL_AUTO
2026-05-20 11:30:27,1779276627,CRASH300N,1538.281,1,0.01499999999987267,BACKFILL_AUTO
2026-05-20 11:30:28,1779276628,CRASH300N,1538.297,1,0.016000000000076398,BACKFILL_AUTO
2026-05-20 11:30:29,1779276629,CRASH300N,1538.308,1,0.010999999999967258,BACKFILL_AUTO
2026-05-20 11:30:30,1779276630,CRASH300N,1538.321,1,0.012999999999919964,BACKFILL_AUTO
2026-05-20 11:30:31,1779276631,CRASH300N,1538.321,0,0.0,BACKFILL_AUTO
2026-05-20 11:30:32,1779276632,CRASH300N,1538.33,1,0.009000000000014552,BACKFILL_AUTO
2026-05-20 11:30:33,1779276633,CRASH300N,1538.332,1,0.00200000000018008,BACKFILL_AUTO
2026-05-20 11:30:34,1779276634,CRASH300N,1538.353,1,0.020999999999958163,BACKFILL_AUTO
2026-05-20 11:30:35,1779276635,CRASH300N,1538.378,1,0.024999999999863576,BACKFILL_AUTO
2026-05-20 11:30:36,1779276636,CRASH300N,1538.4,1,0.02200000000016189,BACKFILL_AUTO
2026-05-20 11:30:37,1779276637,CRASH300N,1538.401,1,0.0009999999999763531,BACKFILL_AUTO
2026-05-20 11:30:38,1779276638,CRASH300N,1538.421,1,0.01999999999998181,BACKFILL_AUTO
2026-05-20 11:30:39,1779276639,CRASH300N,1538.436,1,0.01499999999987267,BACKFILL_AUTO
2026-05-20 11:30:40,1779276640,CRASH300N,1538.447,1,0.010999999999967258,BACKFILL_AUTO
2026-05-20 11:30:41,1779276641,CRASH300N,1538.469,1,0.02200000000016189,BACKFILL_AUTO
2026-05-20 11:30:42,1779276642,CRASH300N,1538.49,1,0.020999999999958163,BACKFILL_AUTO
2026-05-20 11:30:43,1779276643,CRASH300N,1538.503,1,0.012999999999919964,BACKFILL_AUTO
2026-05-20 11:30:44,1779276644,CRASH300N,1538.514,1,0.010999999999967258,BACKFILL_AUTO
2026-05-20 11:30:45,1779276645,CRASH300N,1538.517,1,0.003000000000156433,BACKFILL_AUTO
2026-05-20 11:30:46,1779276646,CRASH300N,1538.55,1,0.032999999999901775,BACKFILL_AUTO
2026-05-20 11:30:47,1779276647,CRASH300N,1538.563,1,0.013000000000147338,BACKFILL_AUTO
2026-05-20 11:30:48,1779276648,CRASH300N,1538.594,1,0.03099999999994907,BACKFILL_AUTO
2026-05-20 11:30:49,1779276649,CRASH300N,1538.597,1,0.0029999999999290594,BACKFILL_AUTO
2026-05-20 11:30:50,1779276650,CRASH300N,1538.611,1,0.014000000000123691,BACKFILL_AUTO
2026-05-20 11:30:51,1779276651,CRASH300N,1538.621,1,0.009999999999990905,BACKFILL_AUTO
2026-05-20 11:30:52,1779276652,CRASH300N,1538.657,1,0.035999999999830834,BACKFILL_AUTO
2026-05-20 11:30:53,1779276653,CRASH300N,1538.671,1,0.014000000000123691,BACKFILL_AUTO
2026-05-20 11:30:54,1779276654,CRASH300N,1538.694,1,0.02299999999991087,BACKFILL_AUTO
2026-05-20 11:30:55,1779276655,CRASH300N,1538.72,1,0.026000000000067303,BACKFILL_AUTO
2026-05-20 11:30:56,1779276656,CRASH300N,1538.735,1,0.01499999999987267,BACKFILL_AUTO
2026-05-20 11:30:57,1779276657,CRASH300N,1538.745,1,0.009999999999990905,BACKFILL_AUTO
2026-05-20 11:30:58,1779276658,CRASH300N,1538.754,1,0.009000000000014552,BACKFILL_AUTO
2026-05-20 11:30:59,1779276659,CRASH300N,1538.758,1,0.004000000000132786,BACKFILL_AUTO
2026-05-20 11:31:00,1779276660,CRASH300N,1538.77,1,0.011999999999943611,BACKFILL_AUTO
2026-05-20 11:31:01,1779276661,CRASH300N,1538.772,1,0.0019999999999527063,BACKFILL_AUTO
2026-05-20 11:31:02,1779276662,CRASH300N,1538.792,1,0.01999999999998181,BACKFILL_AUTO
2026-05-20 11:31:03,1779276663,CRASH300N,1538.797,1,0.005000000000109139,BACKFILL_AUTO
2026-05-20 11:31:04,1779276664,CRASH300N,1538.816,1,0.019000000000005457,BACKFILL_AUTO
2026-05-20 11:31:05,1779276665,CRASH300N,1538.835,1,0.019000000000005457,BACKFILL_AUTO
2026-05-20 11:31:06,1779276666,CRASH300N,1538.843,1,0.008000000000038199,BACKFILL_AUTO
2026-05-20 11:31:07,1779276667,CRASH300N,1538.864,1,0.020999999999958163,BACKFILL_AUTO
2026-05-20 11:31:08,1779276668,CRASH300N,1538.874,1,0.009999999999990905,BACKFILL_AUTO
2026-05-20 11:31:09,1779276669,CRASH300N,1538.889,1,0.01499999999987267,BACKFILL_AUTO
2026-05-20 11:31:10,1779276670,CRASH300N,1538.914,1,0.02500000000009095,BACKFILL_AUTO
2026-05-20 11:31:11,1779276671,CRASH300N,1538.943,1,0.028999999999996362,BACKFILL_AUTO
2026-05-20 11:31:12,1779276672,CRASH300N,1538.962,1,0.019000000000005457,BACKFILL_AUTO
2026-05-20 11:31:13,1779276673,CRASH300N,1538.968,1,0.0060000000000854925,BACKFILL_AUTO
2026-05-20 11:31:14,1779276674,CRASH300N,1538.977,1,0.009000000000014552,BACKFILL_AUTO
2026-05-20 11:31:15,1779276675,CRASH300N,1538.984,1,0.006999999999834472,BACKFILL_AUTO
2026-05-20 11:31:16,1779276676,CRASH300N,1538.986,1,0.00200000000018008,BACKFILL_AUTO
2026-05-20 11:31:17,1779276677,CRASH300N,1538.996,1,0.009999999999990905,BACKFILL_AUTO
2026-05-20 11:31:18,1779276678,CRASH300N,1539.017,1,0.020999999999958163,BACKFILL_AUTO
2026-05-20 11:31:19,1779276679,CRASH300N,1539.037,1,0.01999999999998181,BACKFILL_AUTO
2026-05-20 11:31:20,1779276680,CRASH300N,1539.044,1,0.007000000000061846,BACKFILL_AUTO
2026-05-20 11:31:21,1779276681,CRASH300N,1539.067,1,0.02299999999991087,BACKFILL_AUTO
2026-05-20 11:31:22,1779276682,CRASH300N,1539.087,1,0.01999999999998181,BACKFILL_AUTO
2026-05-20 11:31:23,1779276683,CRASH300N,1539.101,1,0.014000000000123691,BACKFILL_AUTO
2026-05-20 11:31:24,1779276684,CRASH300N,1539.109,1,0.007999999999810825,BACKFILL_AUTO
2026-05-20 11:31:25,1779276685,CRASH300N,1539.124,1,0.015000000000100044,BACKFILL_AUTO
2026-05-20 11:31:26,1779276686,CRASH300N,1539.133,1,0.009000000000014552,BACKFILL_AUTO
2026-05-20 11:31:27,1779276687,CRASH300N,1539.139,1,0.005999999999858119,BACKFILL_AUTO
2026-05-20 11:31:28,1779276688,CRASH300N,1539.155,1,0.016000000000076398,BACKFILL_AUTO
2026-05-20 11:31:29,1779276689,CRASH300N,1539.167,1,0.011999999999943611,BACKFILL_AUTO
2026-05-20 11:31:30,1779276690,CRASH300N,1539.182,1,0.015000000000100044,BACKFILL_AUTO
2026-05-20 11:31:31,1779276691,CRASH300N,1539.186,1,0.0039999999999054126,BACKFILL_AUTO
2026-05-20 11:31:32,1779276692,CRASH300N,1539.197,1,0.010999999999967258,BACKFILL_AUTO
2026-05-20 11:31:33,1779276693,CRASH300N,1539.209,1,0.012000000000170985,BACKFILL_AUTO
2026-05-20 11:31:34,1779276694,CRASH300N,1539.216,1,0.006999999999834472,BACKFILL_AUTO
2026-05-20 11:31:35,1779276695,CRASH300N,1539.231,1,0.015000000000100044,BACKFILL_AUTO
2026-05-20 11:31:36,1779276696,CRASH300N,1539.234,1,0.0029999999999290594,BACKFILL_AUTO
2026-05-20 11:31:37,1779276697,CRASH300N,1539.239,1,0.005000000000109139,BACKFILL_AUTO
2026-05-20 11:31:38,1779276698,CRASH300N,1539.252,1,0.012999999999919964,BACKFILL_AUTO
2026-05-20 11:31:39,1779276699,CRASH300N,1539.278,1,0.026000000000067303,BACKFILL_AUTO
2026-05-20 11:31:40,1779276700,CRASH300N,1539.308,1,0.029999999999972715,BACKFILL_AUTO
2026-05-20 11:31:41,1779276701,CRASH300N,1539.319,1,0.010999999999967258,BACKFILL_AUTO
2026-05-20 11:31:42,1779276702,CRASH300N,1539.349,1,0.029999999999972715,BACKFILL_AUTO
2026-05-20 11:31:43,1779276703,CRASH300N,1539.351,1,0.00200000000018008,BACKFILL_AUTO
2026-05-20 11:31:44,1779276704,CRASH300N,1539.354,1,0.0029999999999290594,BACKFILL_AUTO
2026-05-20 11:31:45,1779276705,CRASH300N,1539.374,1,0.01999999999998181,BACKFILL_AUTO
2026-05-20 11:31:46,1779276706,CRASH300N,1539.382,1,0.008000000000038199,BACKFILL_AUTO
2026-05-20 11:31:47,1779276707,CRASH300N,1539.396,1,0.013999999999896318,BACKFILL_AUTO
2026-05-20 11:31:48,1779276708,CRASH300N,1539.408,1,0.011999999999943611,BACKFILL_AUTO
2026-05-20 11:31:49,1779276709,CRASH300N,1539.41,1,0.00200000000018008,BACKFILL_AUTO
2026-05-20 11:31:50,1779276710,CRASH300N,1539.411,1,0.0009999999999763531,BACKFILL_AUTO
2026-05-20 11:31:51,1779276711,CRASH300N,1539.437,1,0.02599999999983993,BACKFILL_AUTO
2026-05-20 11:31:52,1779276712,CRASH300N,1539.447,1,0.009999999999990905,BACKFILL_AUTO
2026-05-20 11:31:53,1779276713,CRASH300N,1539.467,1,0.020000000000209184,BACKFILL_AUTO
2026-05-20 11:31:54,1779276714,CRASH300N,1539.478,1,0.010999999999967258,BACKFILL_AUTO
2026-05-20 11:31:55,1779276715,CRASH300N,1539.487,1,0.009000000000014552,BACKFILL_AUTO
2026-05-20 11:31:56,1779276716,CRASH300N,1539.493,1,0.005999999999858119,BACKFILL_AUTO
2026-05-20 11:31:57,1779276717,CRASH300N,1539.525,1,0.032000000000152795,BACKFILL_AUTO
2026-05-20 11:31:58,1779276718,CRASH300N,1539.529,1,0.0039999999999054126,BACKFILL_AUTO
2026-05-20 11:31:59,1779276719,CRASH300N,1539.536,1,0.007000000000061846,BACKFILL_AUTO
2026-05-20 11:32:00,1779276720,CRASH300N,1539.551,1,0.01499999999987267,BACKFILL_AUTO
2026-05-20 11:32:01,1779276721,CRASH300N,1539.554,1,0.003000000000156433,BACKFILL_AUTO
2026-05-20 11:32:02,1779276722,CRASH300N,1539.556,1,0.0019999999999527063,BACKFILL_AUTO
2026-05-20 11:32:03,1779276723,CRASH300N,1539.565,1,0.009000000000014552,BACKFILL_AUTO
2026-05-20 11:32:04,1779276724,CRASH300N,1539.574,1,0.009000000000014552,BACKFILL_AUTO
2026-05-20 11:32:05,1779276725,CRASH300N,1539.577,1,0.0029999999999290594,BACKFILL_AUTO
2026-05-20 11:32:06,1779276726,CRASH300N,1539.588,1,0.010999999999967258,BACKFILL_AUTO
2026-05-20 11:32:07,1779276727,CRASH300N,1539.594,1,0.0060000000000854925,BACKFILL_AUTO
2026-05-20 11:32:08,1779276728,CRASH300N,1539.615,1,0.020999999999958163,BACKFILL_AUTO
2026-05-20 11:32:09,1779276729,CRASH300N,1539.634,1,0.019000000000005457,BACKFILL_AUTO
2026-05-20 11:32:10,1779276730,CRASH300N,1539.674,1,0.03999999999996362,BACKFILL_AUTO
2026-05-20 11:32:11,1779276731,CRASH300N,1539.692,1,0.018000000000029104,BACKFILL_AUTO
2026-05-20 11:32:12,1779276732,CRASH300N,1539.701,1,0.009000000000014552,BACKFILL_AUTO
2026-05-20 11:32:13,1779276733,CRASH300N,1539.703,1,0.0019999999999527063,BACKFILL_AUTO
2026-05-20 11:32:14,1779276734,CRASH300N,1539.713,1,0.009999999999990905,BACKFILL_AUTO
2026-05-20 11:32:15,1779276735,CRASH300N,1539.724,1,0.010999999999967258,BACKFILL_AUTO
2026-05-20 11:32:16,1779276736,CRASH300N,1539.748,1,0.024000000000114596,BACKFILL_AUTO
2026-05-20 11:32:17,1779276737,CRASH300N,1539.767,1,0.019000000000005457,BACKFILL_AUTO
2026-05-20 11:32:18,1779276738,CRASH300N,1539.776,1,0.009000000000014552,BACKFILL_AUTO
2026-05-20 11:32:19,1779276739,CRASH300N,1539.793,1,0.016999999999825377,BACKFILL_AUTO
2026-05-20 11:32:20,1779276740,CRASH300N,1539.799,1,0.0060000000000854925,BACKFILL_AUTO
2026-05-20 11:32:21,1779276741,CRASH300N,1539.806,1,0.007000000000061846,BACKFILL_AUTO
2026-05-20 11:32:22,1779276742,CRASH300N,1539.809,1,0.0029999999999290594,BACKFILL_AUTO
2026-05-20 11:32:23,1779276743,CRASH300N,1539.812,1,0.0029999999999290594,BACKFILL_AUTO
2026-05-20 11:32:24,1779276744,CRASH300N,1539.814,1,0.00200000000018008,BACKFILL_AUTO
2026-05-20 11:32:25,1779276745,CRASH300N,1539.83,1,0.015999999999849024,BACKFILL_AUTO
2026-05-20 11:32:26,1779276746,CRASH300N,1539.831,1,0.0009999999999763531,BACKFILL_AUTO
2026-05-20 11:32:27,1779276747,CRASH300N,1539.838,1,0.007000000000061846,BACKFILL_AUTO
2026-05-20 11:32:28,1779276748,CRASH300N,1539.885,1,0.047000000000025466,BACKFILL_AUTO
2026-05-20 11:32:29,1779276749,CRASH300N,1539.911,1,0.026000000000067303,BACKFILL_AUTO
2026-05-20 11:32:30,1779276750,CRASH300N,1539.92,1,0.009000000000014552,BACKFILL_AUTO
2026-05-20 11:32:31,1779276751,CRASH300N,1539.945,1,0.024999999999863576,BACKFILL_AUTO
2026-05-20 11:32:32,1779276752,CRASH300N,1539.954,1,0.009000000000014552,BACKFILL_AUTO
2026-05-20 11:32:33,1779276753,CRASH300N,1539.976,1,0.02200000000016189,BACKFILL_AUTO
2026-05-20 11:32:34,1779276754,CRASH300N,1539.984,1,0.007999999999810825,BACKFILL_AUTO
2026-05-20 11:32:35,1779276755,CRASH300N,1540.019,1,0.035000000000081855,BACKFILL_AUTO
2026-05-20 11:32:36,1779276756,CRASH300N,1540.036,1,0.01700000000005275,BACKFILL_AUTO
2026-05-20 11:32:37,1779276757,CRASH300N,1540.039,1,0.0029999999999290594,BACKFILL_AUTO
2026-05-20 11:32:38,1779276758,CRASH300N,1540.039,0,0.0,BACKFILL_AUTO
2026-05-20 11:32:39,1779276759,CRASH300N,1540.044,1,0.005000000000109139,BACKFILL_AUTO
2026-05-20 11:32:40,1779276760,CRASH300N,1540.053,1,0.009000000000014552,BACKFILL_AUTO
2026-05-20 11:32:41,1779276761,CRASH300N,1540.057,1,0.0039999999999054126,BACKFILL_AUTO
2026-05-20 11:32:42,1779276762,CRASH300N,1540.087,1,0.029999999999972715,BACKFILL_AUTO
2026-05-20 11:32:43,1779276763,CRASH300N,1540.098,1,0.010999999999967258,BACKFILL_AUTO
2026-05-20 11:32:44,1779276764,CRASH300N,1540.119,1,0.020999999999958163,BACKFILL_AUTO
2026-05-20 11:32:45,1779276765,CRASH300N,1540.134,1,0.015000000000100044,BACKFILL_AUTO
2026-05-20 11:32:46,1779276766,CRASH300N,1540.143,1,0.009000000000014552,BACKFILL_AUTO
2026-05-20 11:32:47,1779276767,CRASH300N,1540.174,1,0.03099999999994907,BACKFILL_AUTO
2026-05-20 11:32:48,1779276768,CRASH300N,1540.177,1,0.0029999999999290594,BACKFILL_AUTO
2026-05-20 11:32:49,1779276769,CRASH300N,1540.181,1,0.004000000000132786,BACKFILL_AUTO
2026-05-20 11:32:50,1779276770,CRASH300N,1540.181,0,0.0,BACKFILL_AUTO
2026-05-20 11:32:51,1779276771,CRASH300N,1540.195,1,0.013999999999896318,BACKFILL_AUTO
2026-05-20 11:32:52,1779276772,CRASH300N,1540.205,1,0.009999999999990905,BACKFILL_AUTO
2026-05-20 11:32:53,1779276773,CRASH300N,1540.244,1,0.03899999999998727,BACKFILL_AUTO
2026-05-20 11:32:54,1779276774,CRASH300N,1540.258,1,0.014000000000123691,BACKFILL_AUTO
2026-05-20 11:32:55,1779276775,CRASH300N,1540.276,1,0.018000000000029104,BACKFILL_AUTO
2026-05-20 11:32:56,1779276776,CRASH300N,1540.293,1,0.016999999999825377,BACKFILL_AUTO
2026-05-20 11:32:57,1779276777,CRASH300N,1540.316,1,0.023000000000138243,BACKFILL_AUTO
2026-05-20 11:32:58,1779276778,CRASH300N,1540.321,1,0.004999999999881766,BACKFILL_AUTO
2026-05-20 11:32:59,1779276779,CRASH300N,1540.328,1,0.007000000000061846,BACKFILL_AUTO
2026-05-20 11:33:00,1779276780,CRASH300N,1540.329,1,0.0009999999999763531,BACKFILL_AUTO
2026-05-20 11:33:01,1779276781,CRASH300N,1540.368,1,0.03899999999998727,BACKFILL_AUTO
2026-05-20 11:33:02,1779276782,CRASH300N,1540.374,1,0.0060000000000854925,BACKFILL_AUTO
2026-05-20 11:33:03,1779276783,CRASH300N,1540.382,1,0.008000000000038199,BACKFILL_AUTO
2026-05-20 11:33:04,1779276784,CRASH300N,1540.412,1,0.029999999999972715,BACKFILL_AUTO
2026-05-20 11:33:05,1779276785,CRASH300N,1540.416,1,0.0039999999999054126,BACKFILL_AUTO
2026-05-20 11:33:06,1779276786,CRASH300N,1540.419,1,0.003000000000156433,BACKFILL_AUTO
2026-05-20 11:33:07,1779276787,CRASH300N,1540.436,1,0.016999999999825377,BACKFILL_AUTO
2026-05-20 11:33:08,1779276788,CRASH300N,1540.437,1,0.0009999999999763531,BACKFILL_AUTO
2026-05-20 11:33:09,1779276789,CRASH300N,1540.444,1,0.007000000000061846,BACKFILL_AUTO
2026-05-20 11:33:10,1779276790,CRASH300N,1540.452,1,0.008000000000038199,BACKFILL_AUTO
2026-05-20 11:33:11,1779276791,CRASH300N,1540.464,1,0.011999999999943611,BACKFILL_AUTO
2026-05-20 11:33:12,1779276792,CRASH300N,1540.468,1,0.004000000000132786,BACKFILL_AUTO
2026-05-20 11:33:13,1779276793,CRASH300N,1540.482,1,0.013999999999896318,BACKFILL_AUTO
2026-05-20 11:33:14,1779276794,CRASH300N,1540.483,1,0.0009999999999763531,BACKFILL_AUTO
2026-05-20 11:33:15,1779276795,CRASH300N,1540.49,1,0.007000000000061846,BACKFILL_AUTO
2026-05-20 11:33:16,1779276796,CRASH300N,1540.514,1,0.023999999999887223,BACKFILL_AUTO
2026-05-20 11:33:17,1779276797,CRASH300N,1540.516,1,0.00200000000018008,BACKFILL_AUTO
2026-05-20 11:33:18,1779276798,CRASH300N,1540.54,1,0.023999999999887223,BACKFILL_AUTO
2026-05-20 11:33:19,1779276799,CRASH300N,1540.553,1,0.013000000000147338,BACKFILL_AUTO
2026-05-20 11:33:20,1779276800,CRASH300N,1540.564,1,0.010999999999967258,BACKFILL_AUTO
2026-05-20 11:33:21,1779276801,CRASH300N,1540.582,1,0.018000000000029104,BACKFILL_AUTO
2026-05-20 11:33:22,1779276802,CRASH300N,1540.598,1,0.015999999999849024,BACKFILL_AUTO
2026-05-20 11:33:23,1779276803,CRASH300N,1540.616,1,0.018000000000029104,BACKFILL_AUTO
2026-05-20 11:33:24,1779276804,CRASH300N,1540.627,1,0.010999999999967258,BACKFILL_AUTO
2026-05-20 11:33:25,1779276805,CRASH300N,1540.632,1,0.005000000000109139,BACKFILL_AUTO
2026-05-20 11:33:26,1779276806,CRASH300N,1540.653,1,0.020999999999958163,BACKFILL_AUTO
2026-05-20 11:33:27,1779276807,CRASH300N,1540.655,1,0.0019999999999527063,BACKFILL_AUTO
2026-05-20 11:33:28,1779276808,CRASH300N,1540.671,1,0.016000000000076398,BACKFILL_AUTO
2026-05-20 11:33:29,1779276809,CRASH300N,1540.686,1,0.01499999999987267,BACKFILL_AUTO
2026-05-20 11:33:30,1779276810,CRASH300N,1540.695,1,0.009000000000014552,BACKFILL_AUTO
2026-05-20 11:33:31,1779276811,CRASH300N,1540.713,1,0.018000000000029104,BACKFILL_AUTO
2026-05-20 11:33:32,1779276812,CRASH300N,1540.719,1,0.0060000000000854925,BACKFILL_AUTO
2026-05-20 11:33:33,1779276813,CRASH300N,1540.721,1,0.0019999999999527063,BACKFILL_AUTO
2026-05-20 11:33:34,1779276814,CRASH300N,1540.725,1,0.0039999999999054126,BACKFILL_AUTO
2026-05-20 11:33:35,1779276815,CRASH300N,1540.727,1,0.00200000000018008,BACKFILL_AUTO
2026-05-20 11:33:36,1779276816,CRASH300N,1540.736,1,0.009000000000014552,BACKFILL_AUTO
2026-05-20 11:33:37,1779276817,CRASH300N,1540.737,1,0.0009999999999763531,BACKFILL_AUTO
2026-05-20 11:33:38,1779276818,CRASH300N,1540.746,1,0.009000000000014552,BACKFILL_AUTO
2026-05-20 11:33:39,1779276819,CRASH300N,1540.752,1,0.005999999999858119,BACKFILL_AUTO
2026-05-20 11:33:40,1779276820,CRASH300N,1540.776,1,0.024000000000114596,BACKFILL_AUTO
2026-05-20 11:33:41,1779276821,CRASH300N,1540.781,1,0.004999999999881766,BACKFILL_AUTO
2026-05-20 11:33:42,1779276822,CRASH300N,1540.781,0,0.0,BACKFILL_AUTO
2026-05-20 11:33:43,1779276823,CRASH300N,1540.802,1,0.020999999999958163,BACKFILL_AUTO
2026-05-20 11:33:44,1779276824,CRASH300N,1540.803,1,0.0010000000002037268,BACKFILL_AUTO
2026-05-20 11:33:45,1779276825,CRASH300N,1540.805,1,0.0019999999999527063,BACKFILL_AUTO
2026-05-20 11:33:46,1779276826,CRASH300N,1540.812,1,0.006999999999834472,BACKFILL_AUTO
2026-05-20 11:33:47,1779276827,CRASH300N,1540.829,1,0.01700000000005275,BACKFILL_AUTO
2026-05-20 11:33:48,1779276828,CRASH300N,1540.858,1,0.028999999999996362,BACKFILL_AUTO
2026-05-20 11:33:49,1779276829,CRASH300N,1540.866,1,0.008000000000038199,BACKFILL_AUTO
2026-05-20 11:33:50,1779276830,CRASH300N,1540.869,1,0.0029999999999290594,BACKFILL_AUTO
2026-05-20 11:33:51,1779276831,CRASH300N,1540.908,1,0.03899999999998727,BACKFILL_AUTO
2026-05-20 11:33:52,1779276832,CRASH300N,1540.935,1,0.027000000000043656,BACKFILL_AUTO
2026-05-20 11:33:53,1779276833,CRASH300N,1540.946,1,0.010999999999967258,BACKFILL_AUTO
2026-05-20 11:33:54,1779276834,CRASH300N,1540.946,0,0.0,BACKFILL_AUTO
2026-05-20 11:33:55,1779276835,CRASH300N,1540.955,1,0.009000000000014552,BACKFILL_AUTO
2026-05-20 11:33:56,1779276836,CRASH300N,1540.973,1,0.018000000000029104,BACKFILL_AUTO
2026-05-20 11:33:57,1779276837,CRASH300N,1540.987,1,0.014000000000123691,BACKFILL_AUTO
2026-05-20 11:33:58,1779276838,CRASH300N,1540.998,1,0.010999999999967258,BACKFILL_AUTO
2026-05-20 11:33:59,1779276839,CRASH300N,1541.007,1,0.009000000000014552,BACKFILL_AUTO
2026-05-20 11:34:00,1779276840,CRASH300N,1541.02,1,0.012999999999919964,BACKFILL_AUTO
2026-05-20 11:34:01,1779276841,CRASH300N,1541.042,1,0.021999999999934516,BACKFILL_AUTO
2026-05-20 11:34:02,1779276842,CRASH300N,1541.065,1,0.023000000000138243,BACKFILL_AUTO
2026-05-20 11:34:03,1779276843,CRASH300N,1541.068,1,0.0029999999999290594,BACKFILL_AUTO
2026-05-20 11:34:04,1779276844,CRASH300N,1541.09,1,0.021999999999934516,BACKFILL_AUTO
2026-05-20 11:34:05,1779276845,CRASH300N,1541.094,1,0.004000000000132786,BACKFILL_AUTO
2026-05-20 11:34:06,1779276846,CRASH300N,1541.095,1,0.0009999999999763531,BACKFILL_AUTO
2026-05-20 11:34:07,1779276847,CRASH300N,1541.117,1,0.021999999999934516,BACKFILL_AUTO
2026-05-20 11:34:08,1779276848,CRASH300N,1540.705,-1,0.41200000000003456,BACKFILL_AUTO
2026-05-20 11:34:09,1779276849,CRASH300N,1540.707,1,0.00200000000018008,BACKFILL_AUTO
2026-05-20 11:34:10,1779276850,CRASH300N,1540.71,1,0.0029999999999290594,BACKFILL_AUTO
2026-05-20 11:34:11,1779276851,CRASH300N,1540.732,1,0.021999999999934516,BACKFILL_AUTO
2026-05-20 11:34:12,1779276852,CRASH300N,1540.747,1,0.015000000000100044,BACKFILL_AUTO
2026-05-20 11:34:13,1779276853,CRASH300N,1540.778,1,0.03099999999994907,BACKFILL_AUTO
2026-05-20 11:34:14,1779276854,CRASH300N,1540.783,1,0.004999999999881766,BACKFILL_AUTO
2026-05-20 11:34:15,1779276855,CRASH300N,1540.798,1,0.015000000000100044,BACKFILL_AUTO
2026-05-20 11:34:16,1779276856,CRASH300N,1540.806,1,0.008000000000038199,BACKFILL_AUTO
2026-05-20 11:34:17,1779276857,CRASH300N,1540.812,1,0.005999999999858119,BACKFILL_AUTO
2026-05-20 11:34:18,1779276858,CRASH300N,1540.836,1,0.024000000000114596,BACKFILL_AUTO
2026-05-20 11:34:19,1779276859,CRASH300N,1540.837,1,0.0009999999999763531,BACKFILL_AUTO
2026-05-20 11:34:20,1779276860,CRASH300N,1540.842,1,0.005000000000109139,BACKFILL_AUTO
2026-05-20 11:34:21,1779276861,CRASH300N,1540.86,1,0.01799999999980173,BACKFILL_AUTO
2026-05-20 11:34:22,1779276862,CRASH300N,1540.881,1,0.021000000000185537,BACKFILL_AUTO
2026-05-20 11:34:23,1779276863,CRASH300N,1540.889,1,0.007999999999810825,BACKFILL_AUTO
2026-05-20 11:34:24,1779276864,CRASH300N,1540.896,1,0.007000000000061846,BACKFILL_AUTO
2026-05-20 11:34:25,1779276865,CRASH300N,1540.908,1,0.011999999999943611,BACKFILL_AUTO
2026-05-20 11:34:26,1779276866,CRASH300N,1540.909,1,0.0010000000002037268,BACKFILL_AUTO
2026-05-20 11:34:27,1779276867,CRASH300N,1540.932,1,0.02299999999991087,BACKFILL_AUTO
2026-05-20 11:34:28,1779276868,CRASH300N,1540.934,1,0.0019999999999527063,BACKFILL_AUTO
2026-05-20 11:34:29,1779276869,CRASH300N,1540.94,1,0.0060000000000854925,BACKFILL_AUTO
2026-05-20 11:34:30,1779276870,CRASH300N,1540.955,1,0.01499999999987267,BACKFILL_AUTO
2026-05-20 11:34:31,1779276871,CRASH300N,1540.965,1,0.009999999999990905,BACKFILL_AUTO
2026-05-20 11:34:32,1779276872,CRASH300N,1540.97,1,0.005000000000109139,BACKFILL_AUTO
2026-05-20 11:34:33,1779276873,CRASH300N,1540.979,1,0.009000000000014552,BACKFILL_AUTO
2026-05-20 11:34:34,1779276874,CRASH300N,1540.986,1,0.007000000000061846,BACKFILL_AUTO
2026-05-20 11:34:35,1779276875,CRASH300N,1541.019,1,0.032999999999901775,BACKFILL_AUTO
2026-05-20 11:34:36,1779276876,CRASH300N,1541.029,1,0.009999999999990905,BACKFILL_AUTO
2026-05-20 11:34:37,1779276877,CRASH300N,1541.048,1,0.019000000000005457,BACKFILL_AUTO
2026-05-20 11:34:38,1779276878,CRASH300N,1541.074,1,0.026000000000067303,BACKFILL_AUTO
2026-05-20 11:34:39,1779276879,CRASH300N,1541.088,1,0.013999999999896318,BACKFILL_AUTO
2026-05-20 11:34:40,1779276880,CRASH300N,1541.089,1,0.0009999999999763531,BACKFILL_AUTO
2026-05-20 11:34:41,1779276881,CRASH300N,1541.092,1,0.003000000000156433,BACKFILL_AUTO
2026-05-20 11:34:42,1779276882,CRASH300N,1541.109,1,0.016999999999825377,BACKFILL_AUTO
2026-05-20 11:34:43,1779276883,CRASH300N,1541.115,1,0.0060000000000854925,BACKFILL_AUTO
2026-05-20 11:34:44,1779276884,CRASH300N,1541.12,1,0.004999999999881766,BACKFILL_AUTO
2026-05-20 11:34:45,1779276885,CRASH300N,1541.125,1,0.005000000000109139,BACKFILL_AUTO
2026-05-20 11:34:46,1779276886,CRASH300N,1541.157,1,0.03199999999992542,BACKFILL_AUTO
2026-05-20 11:34:47,1779276887,CRASH300N,1541.16,1,0.003000000000156433,BACKFILL_AUTO
2026-05-20 11:34:48,1779276888,CRASH300N,1541.176,1,0.015999999999849024,BACKFILL_AUTO
2026-05-20 11:34:49,1779276889,CRASH300N,1541.176,0,0.0,BACKFILL_AUTO
2026-05-20 11:34:50,1779276890,CRASH300N,1541.18,1,0.004000000000132786,BACKFILL_AUTO
2026-05-20 11:34:51,1779276891,CRASH300N,1541.194,1,0.013999999999896318,BACKFILL_AUTO
2026-05-20 11:34:52,1779276892,CRASH300N,1541.196,1,0.0019999999999527063,BACKFILL_AUTO
2026-05-20 11:34:53,1779276893,CRASH300N,1541.23,1,0.0340000000001055,BACKFILL_AUTO
2026-05-20 11:34:54,1779276894,CRASH300N,1541.243,1,0.012999999999919964,BACKFILL_AUTO
2026-05-20 11:34:55,1779276895,CRASH300N,1541.256,1,0.013000000000147338,BACKFILL_AUTO
2026-05-20 11:34:56,1779276896,CRASH300N,1541.259,1,0.0029999999999290594,BACKFILL_AUTO
2026-05-20 11:34:57,1779276897,CRASH300N,1541.271,1,0.011999999999943611,BACKFILL_AUTO
2026-05-20 11:34:58,1779276898,CRASH300N,1541.286,1,0.015000000000100044,BACKFILL_AUTO
2026-05-20 11:34:59,1779276899,CRASH300N,1541.288,1,0.0019999999999527063,BACKFILL_AUTO
2026-05-20 11:35:00,1779276900,CRASH300N,1541.295,1,0.007000000000061846,BACKFILL_AUTO
2026-05-20 11:35:01,1779276901,CRASH300N,1541.338,1,0.04299999999989268,BACKFILL_AUTO
2026-05-20 11:35:02,1779276902,CRASH300N,1541.354,1,0.016000000000076398,BACKFILL_AUTO
2026-05-20 11:35:03,1779276903,CRASH300N,1541.366,1,0.011999999999943611,BACKFILL_AUTO
2026-05-20 11:35:04,1779276904,CRASH300N,1541.393,1,0.027000000000043656,BACKFILL_AUTO
2026-05-20 11:35:05,1779276905,CRASH300N,1541.41,1,0.01700000000005275,BACKFILL_AUTO
2026-05-20 11:35:06,1779276906,CRASH300N,1541.415,1,0.004999999999881766,BACKFILL_AUTO
2026-05-20 11:35:07,1779276907,CRASH300N,1541.443,1,0.02800000000002001,BACKFILL_AUTO
2026-05-20 11:35:08,1779276908,CRASH300N,1541.465,1,0.021999999999934516,BACKFILL_AUTO
2026-05-20 11:35:09,1779276909,CRASH300N,1541.479,1,0.014000000000123691,BACKFILL_AUTO
2026-05-20 11:35:10,1779276910,CRASH300N,1541.49,1,0.010999999999967258,BACKFILL_AUTO
2026-05-20 11:35:11,1779276911,CRASH300N,1541.505,1,0.015000000000100044,BACKFILL_AUTO
2026-05-20 11:35:12,1779276912,CRASH300N,1541.513,1,0.007999999999810825,BACKFILL_AUTO
2026-05-20 11:35:13,1779276913,CRASH300N,1541.521,1,0.008000000000038199,BACKFILL_AUTO
2026-05-20 11:35:14,1779276914,CRASH300N,1541.532,1,0.010999999999967258,BACKFILL_AUTO
2026-05-20 11:35:15,1779276915,CRASH300N,1541.547,1,0.015000000000100044,BACKFILL_AUTO
2026-05-20 11:35:16,1779276916,CRASH300N,1541.549,1,0.0019999999999527063,BACKFILL_AUTO
2026-05-20 11:35:17,1779276917,CRASH300N,1541.557,1,0.008000000000038199,BACKFILL_AUTO
2026-05-20 11:35:18,1779276918,CRASH300N,1541.56,1,0.0029999999999290594,BACKFILL_AUTO
2026-05-20 11:35:19,1779276919,CRASH300N,1541.575,1,0.015000000000100044,BACKFILL_AUTO
2026-05-20 11:35:20,1779276920,CRASH300N,1541.595,1,0.01999999999998181,BACKFILL_AUTO
2026-05-20 11:35:21,1779276921,CRASH300N,1541.617,1,0.021999999999934516,BACKFILL_AUTO
2026-05-20 11:35:22,1779276922,CRASH300N,1541.62,1,0.0029999999999290594,BACKFILL_AUTO
2026-05-20 11:35:23,1779276923,CRASH300N,1541.645,1,0.02500000000009095,BACKFILL_AUTO
2026-05-20 11:35:24,1779276924,CRASH300N,1541.65,1,0.005000000000109139,BACKFILL_AUTO
2026-05-20 11:35:25,1779276925,CRASH300N,1541.668,1,0.01799999999980173,BACKFILL_AUTO
2026-05-20 11:35:26,1779276926,CRASH300N,1541.674,1,0.0060000000000854925,BACKFILL_AUTO
2026-05-20 11:35:27,1779276927,CRASH300N,1541.688,1,0.014000000000123691,BACKFILL_AUTO
2026-05-20 11:35:28,1779276928,CRASH300N,1541.703,1,0.01499999999987267,BACKFILL_AUTO
2026-05-20 11:35:29,1779276929,CRASH300N,1541.709,1,0.0060000000000854925,BACKFILL_AUTO
2026-05-20 11:35:30,1779276930,CRASH300N,1541.716,1,0.006999999999834472,BACKFILL_AUTO
2026-05-20 11:35:31,1779276931,CRASH300N,1541.726,1,0.010000000000218279,BACKFILL_AUTO
2026-05-20 11:35:32,1779276932,CRASH300N,1541.756,1,0.029999999999972715,BACKFILL_AUTO
2026-05-20 11:35:33,1779276933,CRASH300N,1541.784,1,0.02800000000002001,BACKFILL_AUTO
2026-05-20 11:35:34,1779276934,CRASH300N,1541.788,1,0.0039999999999054126,BACKFILL_AUTO
2026-05-20 11:35:35,1779276935,CRASH300N,1541.789,1,0.0009999999999763531,BACKFILL_AUTO
2026-05-20 11:35:36,1779276936,CRASH300N,1541.795,1,0.0060000000000854925,BACKFILL_AUTO
2026-05-20 11:35:37,1779276937,CRASH300N,1541.807,1,0.011999999999943611,BACKFILL_AUTO
2026-05-20 11:35:38,1779276938,CRASH300N,1541.821,1,0.013999999999896318,BACKFILL_AUTO
2026-05-20 11:35:39,1779276939,CRASH300N,1541.832,1,0.011000000000194632,BACKFILL_AUTO
2026-05-20 11:35:40,1779276940,CRASH300N,1541.835,1,0.0029999999999290594,BACKFILL_AUTO
2026-05-20 11:35:41,1779276941,CRASH300N,1541.862,1,0.027000000000043656,BACKFILL_AUTO
2026-05-20 11:35:42,1779276942,CRASH300N,1541.884,1,0.021999999999934516,BACKFILL_AUTO
2026-05-20 11:35:43,1779276943,CRASH300N,1541.902,1,0.018000000000029104,BACKFILL_AUTO
2026-05-20 11:35:44,1779276944,CRASH300N,1541.914,1,0.011999999999943611,BACKFILL_AUTO
2026-05-20 11:35:45,1779276945,CRASH300N,1541.916,1,0.0019999999999527063,BACKFILL_AUTO
2026-05-20 11:35:46,1779276946,CRASH300N,1541.919,1,0.003000000000156433,BACKFILL_AUTO
2026-05-20 11:35:47,1779276947,CRASH300N,1541.923,1,0.0039999999999054126,BACKFILL_AUTO
2026-05-20 11:35:48,1779276948,CRASH300N,1541.943,1,0.01999999999998181,BACKFILL_AUTO
2026-05-20 11:35:49,1779276949,CRASH300N,1541.971,1,0.02800000000002001,BACKFILL_AUTO
2026-05-20 11:35:50,1779276950,CRASH300N,1541.973,1,0.0019999999999527063,BACKFILL_AUTO
2026-05-20 11:35:51,1779276951,CRASH300N,1541.999,1,0.026000000000067303,BACKFILL_AUTO
2026-05-20 11:35:52,1779276952,CRASH300N,1542.008,1,0.009000000000014552,BACKFILL_AUTO
2026-05-20 11:35:53,1779276953,CRASH300N,1542.039,1,0.03099999999994907,BACKFILL_AUTO
2026-05-20 11:35:54,1779276954,CRASH300N,1542.065,1,0.026000000000067303,BACKFILL_AUTO
2026-05-20 11:35:55,1779276955,CRASH300N,1542.069,1,0.0039999999999054126,BACKFILL_AUTO
2026-05-20 11:35:56,1779276956,CRASH300N,1542.069,0,0.0,BACKFILL_AUTO
2026-05-20 11:35:57,1779276957,CRASH300N,1542.096,1,0.027000000000043656,BACKFILL_AUTO
2026-05-20 11:35:58,1779276958,CRASH300N,1542.111,1,0.015000000000100044,BACKFILL_AUTO
2026-05-20 11:35:59,1779276959,CRASH300N,1542.135,1,0.023999999999887223,BACKFILL_AUTO
2026-05-20 11:36:00,1779276960,CRASH300N,1542.136,1,0.0009999999999763531,BACKFILL_AUTO
2026-05-20 11:36:01,1779276961,CRASH300N,1542.15,1,0.014000000000123691,BACKFILL_AUTO
2026-05-20 11:36:02,1779276962,CRASH300N,1542.156,1,0.005999999999858119,BACKFILL_AUTO
2026-05-20 11:36:03,1779276963,CRASH300N,1542.187,1,0.03099999999994907,BACKFILL_AUTO
2026-05-20 11:36:04,1779276964,CRASH300N,1542.189,1,0.00200000000018008,BACKFILL_AUTO
2026-05-20 11:36:05,1779276965,CRASH300N,1542.193,1,0.0039999999999054126,BACKFILL_AUTO
2026-05-20 11:36:06,1779276966,CRASH300N,1542.21,1,0.01700000000005275,BACKFILL_AUTO
2026-05-20 11:36:07,1779276967,CRASH300N,1542.213,1,0.0029999999999290594,BACKFILL_AUTO
2026-05-20 11:36:08,1779276968,CRASH300N,1542.219,1,0.0060000000000854925,BACKFILL_AUTO
2026-05-20 11:36:09,1779276969,CRASH300N,1542.229,1,0.009999999999990905,BACKFILL_AUTO
2026-05-20 11:36:10,1779276970,CRASH300N,1542.247,1,0.018000000000029104,BACKFILL_AUTO
2026-05-20 11:36:11,1779276971,CRASH300N,1542.268,1,0.020999999999958163,BACKFILL_AUTO
2026-05-20 11:36:12,1779276972,CRASH300N,1542.273,1,0.004999999999881766,BACKFILL_AUTO
2026-05-20 11:36:13,1779276973,CRASH300N,1542.29,1,0.01700000000005275,BACKFILL_AUTO
2026-05-20 11:36:14,1779276974,CRASH300N,1542.295,1,0.005000000000109139,BACKFILL_AUTO
2026-05-20 11:36:15,1779276975,CRASH300N,1542.308,1,0.012999999999919964,BACKFILL_AUTO
2026-05-20 11:36:16,1779276976,CRASH300N,1542.313,1,0.005000000000109139,BACKFILL_AUTO
2026-05-20 11:36:17,1779276977,CRASH300N,1542.334,1,0.020999999999958163,BACKFILL_AUTO
2026-05-20 11:36:18,1779276978,CRASH300N,1542.338,1,0.0039999999999054126,BACKFILL_AUTO
2026-05-20 11:36:19,1779276979,CRASH300N,1542.34,1,0.0019999999999527063,BACKFILL_AUTO
2026-05-20 11:36:20,1779276980,CRASH300N,1542.372,1,0.032000000000152795,BACKFILL_AUTO
2026-05-20 11:36:21,1779276981,CRASH300N,1542.393,1,0.020999999999958163,BACKFILL_AUTO
2026-05-20 11:36:22,1779276982,CRASH300N,1542.401,1,0.008000000000038199,BACKFILL_AUTO
2026-05-20 11:36:23,1779276983,CRASH300N,1542.413,1,0.011999999999943611,BACKFILL_AUTO
2026-05-20 11:36:24,1779276984,CRASH300N,1542.423,1,0.009999999999990905,BACKFILL_AUTO
2026-05-20 11:36:25,1779276985,CRASH300N,1542.429,1,0.0060000000000854925,BACKFILL_AUTO
2026-05-20 11:36:26,1779276986,CRASH300N,1542.458,1,0.028999999999996362,BACKFILL_AUTO
2026-05-20 11:36:27,1779276987,CRASH300N,1542.475,1,0.016999999999825377,BACKFILL_AUTO
2026-05-20 11:36:28,1779276988,CRASH300N,1542.488,1,0.013000000000147338,BACKFILL_AUTO
2026-05-20 11:36:29,1779276989,CRASH300N,1542.498,1,0.009999999999990905,BACKFILL_AUTO
2026-05-20 11:36:30,1779276990,CRASH300N,1542.532,1,0.03399999999987813,BACKFILL_AUTO
2026-05-20 11:36:31,1779276991,CRASH300N,1542.558,1,0.026000000000067303,BACKFILL_AUTO
2026-05-20 11:36:32,1779276992,CRASH300N,1542.586,1,0.02800000000002001,BACKFILL_AUTO
2026-05-20 11:36:33,1779276993,CRASH300N,1542.6,1,0.013999999999896318,BACKFILL_AUTO
2026-05-20 11:36:34,1779276994,CRASH300N,1542.601,1,0.0010000000002037268,BACKFILL_AUTO
2026-05-20 11:36:35,1779276995,CRASH300N,1542.615,1,0.013999999999896318,BACKFILL_AUTO
2026-05-20 11:36:36,1779276996,CRASH300N,1542.628,1,0.012999999999919964,BACKFILL_AUTO
2026-05-20 11:36:37,1779276997,CRASH300N,1542.64,1,0.012000000000170985,BACKFILL_AUTO
2026-05-20 11:36:38,1779276998,CRASH300N,1542.682,1,0.041999999999916326,BACKFILL_AUTO
2026-05-20 11:36:39,1779276999,CRASH300N,1542.683,1,0.0009999999999763531,BACKFILL_AUTO
2026-05-20 11:36:40,1779277000,CRASH300N,1542.69,1,0.007000000000061846,BACKFILL_AUTO
2026-05-20 11:36:41,1779277001,CRASH300N,1542.705,1,0.01499999999987267,BACKFILL_AUTO
2026-05-20 11:36:42,1779277002,CRASH300N,1542.729,1,0.024000000000114596,BACKFILL_AUTO
2026-05-20 11:36:43,1779277003,CRASH300N,1542.75,1,0.020999999999958163,BACKFILL_AUTO
2026-05-20 11:36:44,1779277004,CRASH300N,1542.759,1,0.009000000000014552,BACKFILL_AUTO
2026-05-20 11:36:45,1779277005,CRASH300N,1542.775,1,0.016000000000076398,BACKFILL_AUTO
2026-05-20 11:36:46,1779277006,CRASH300N,1542.777,1,0.0019999999999527063,BACKFILL_AUTO
2026-05-20 11:36:47,1779277007,CRASH300N,1542.793,1,0.015999999999849024,BACKFILL_AUTO
2026-05-20 11:36:48,1779277008,CRASH300N,1542.806,1,0.013000000000147338,BACKFILL_AUTO
2026-05-20 11:36:49,1779277009,CRASH300N,1542.845,1,0.03899999999998727,BACKFILL_AUTO
2026-05-20 11:36:50,1779277010,CRASH300N,1542.868,1,0.02299999999991087,BACKFILL_AUTO
2026-05-20 11:36:51,1779277011,CRASH300N,1542.888,1,0.01999999999998181,BACKFILL_AUTO
2026-05-20 11:36:52,1779277012,CRASH300N,1542.905,1,0.01700000000005275,BACKFILL_AUTO
2026-05-20 11:36:53,1779277013,CRASH300N,1542.925,1,0.01999999999998181,BACKFILL_AUTO
2026-05-20 11:36:54,1779277014,CRASH300N,1542.949,1,0.024000000000114596,BACKFILL_AUTO
2026-05-20 11:36:55,1779277015,CRASH300N,1542.954,1,0.004999999999881766,BACKFILL_AUTO
2026-05-20 11:36:56,1779277016,CRASH300N,1542.965,1,0.010999999999967258,BACKFILL_AUTO
2026-05-20 11:36:57,1779277017,CRASH300N,1542.975,1,0.009999999999990905,BACKFILL_AUTO
2026-05-20 11:36:58,1779277018,CRASH300N,1542.998,1,0.023000000000138243,BACKFILL_AUTO
2026-05-20 11:36:59,1779277019,CRASH300N,1542.998,0,0.0,BACKFILL_AUTO
2026-05-20 11:37:00,1779277020,CRASH300N,1543.005,1,0.007000000000061846,BACKFILL_AUTO
2026-05-20 11:37:01,1779277021,CRASH300N,1543.018,1,0.012999999999919964,BACKFILL_AUTO
2026-05-20 11:37:02,1779277022,CRASH300N,1543.034,1,0.016000000000076398,BACKFILL_AUTO
2026-05-20 11:37:03,1779277023,CRASH300N,1543.064,1,0.029999999999972715,BACKFILL_AUTO
2026-05-20 11:37:04,1779277024,CRASH300N,1543.08,1,0.015999999999849024,BACKFILL_AUTO
2026-05-20 11:37:05,1779277025,CRASH300N,1543.081,1,0.0009999999999763531,BACKFILL_AUTO
2026-05-20 11:37:06,1779277026,CRASH300N,1543.085,1,0.004000000000132786,BACKFILL_AUTO
2026-05-20 11:37:07,1779277027,CRASH300N,1543.088,1,0.0029999999999290594,BACKFILL_AUTO
2026-05-20 11:37:08,1779277028,CRASH300N,1543.103,1,0.015000000000100044,BACKFILL_AUTO
2026-05-20 11:37:09,1779277029,CRASH300N,1543.104,1,0.0009999999999763531,BACKFILL_AUTO
2026-05-20 11:37:10,1779277030,CRASH300N,1543.109,1,0.004999999999881766,BACKFILL_AUTO
2026-05-20 11:37:11,1779277031,CRASH300N,1543.115,1,0.0060000000000854925,BACKFILL_AUTO
2026-05-20 11:37:12,1779277032,CRASH300N,1543.131,1,0.016000000000076398,BACKFILL_AUTO
2026-05-20 11:37:13,1779277033,CRASH300N,1543.137,1,0.005999999999858119,BACKFILL_AUTO
2026-05-20 11:37:14,1779277034,CRASH300N,1543.149,1,0.011999999999943611,BACKFILL_AUTO
2026-05-20 11:37:15,1779277035,CRASH300N,1543.152,1,0.003000000000156433,BACKFILL_AUTO
2026-05-20 11:37:16,1779277036,CRASH300N,1543.179,1,0.027000000000043656,BACKFILL_AUTO
2026-05-20 11:37:17,1779277037,CRASH300N,1543.198,1,0.019000000000005457,BACKFILL_AUTO
2026-05-20 11:37:18,1779277038,CRASH300N,1543.216,1,0.01799999999980173,BACKFILL_AUTO
2026-05-20 11:37:19,1779277039,CRASH300N,1543.244,1,0.02800000000002001,BACKFILL_AUTO
2026-05-20 11:37:20,1779277040,CRASH300N,1543.249,1,0.005000000000109139,BACKFILL_AUTO
2026-05-20 11:37:21,1779277041,CRASH300N,1543.277,1,0.02800000000002001,BACKFILL_AUTO
2026-05-20 11:37:22,1779277042,CRASH300N,1543.295,1,0.018000000000029104,BACKFILL_AUTO
2026-05-20 11:37:23,1779277043,CRASH300N,1543.317,1,0.021999999999934516,BACKFILL_AUTO
2026-05-20 11:37:24,1779277044,CRASH300N,1543.322,1,0.004999999999881766,BACKFILL_AUTO
2026-05-20 11:37:25,1779277045,CRASH300N,1543.328,1,0.0060000000000854925,BACKFILL_AUTO
2026-05-20 11:37:26,1779277046,CRASH300N,1543.331,1,0.0029999999999290594,BACKFILL_AUTO
2026-05-20 11:37:27,1779277047,CRASH300N,1543.349,1,0.018000000000029104,BACKFILL_AUTO
2026-05-20 11:37:28,1779277048,CRASH300N,1543.376,1,0.027000000000043656,BACKFILL_AUTO
2026-05-20 11:37:29,1779277049,CRASH300N,1543.388,1,0.011999999999943611,BACKFILL_AUTO
2026-05-20 11:37:30,1779277050,CRASH300N,1543.414,1,0.026000000000067303,BACKFILL_AUTO
2026-05-20 11:37:31,1779277051,CRASH300N,1543.419,1,0.005000000000109139,BACKFILL_AUTO
2026-05-20 11:37:32,1779277052,CRASH300N,1543.421,1,0.0019999999999527063,BACKFILL_AUTO
2026-05-20 11:37:33,1779277053,CRASH300N,1543.429,1,0.008000000000038199,BACKFILL_AUTO
2026-05-20 11:37:34,1779277054,CRASH300N,1543.436,1,0.006999999999834472,BACKFILL_AUTO
2026-05-20 11:37:35,1779277055,CRASH300N,1543.454,1,0.018000000000029104,BACKFILL_AUTO
2026-05-20 11:37:36,1779277056,CRASH300N,1543.483,1,0.028999999999996362,BACKFILL_AUTO
2026-05-20 11:37:37,1779277057,CRASH300N,1543.485,1,0.0019999999999527063,BACKFILL_AUTO
2026-05-20 11:37:38,1779277058,CRASH300N,1543.51,1,0.02500000000009095,BACKFILL_AUTO
2026-05-20 11:37:39,1779277059,CRASH300N,1543.53,1,0.01999999999998181,BACKFILL_AUTO
2026-05-20 11:37:40,1779277060,CRASH300N,1543.542,1,0.011999999999943611,BACKFILL_AUTO
2026-05-20 11:37:41,1779277061,CRASH300N,1543.56,1,0.018000000000029104,BACKFILL_AUTO
2026-05-20 11:37:42,1779277062,CRASH300N,1543.562,1,0.0019999999999527063,BACKFILL_AUTO
2026-05-20 11:37:43,1779277063,CRASH300N,1543.596,1,0.0340000000001055,BACKFILL_AUTO
2026-05-20 11:37:44,1779277064,CRASH300N,1543.625,1,0.028999999999996362,BACKFILL_AUTO
2026-05-20 11:37:45,1779277065,CRASH300N,1543.648,1,0.02299999999991087,BACKFILL_AUTO
2026-05-20 11:37:46,1779277066,CRASH300N,1543.66,1,0.012000000000170985,BACKFILL_AUTO
2026-05-20 11:37:47,1779277067,CRASH300N,1543.674,1,0.013999999999896318,BACKFILL_AUTO
2026-05-20 11:37:48,1779277068,CRASH300N,1543.688,1,0.014000000000123691,BACKFILL_AUTO
2026-05-20 11:37:49,1779277069,CRASH300N,1543.715,1,0.026999999999816282,BACKFILL_AUTO
2026-05-20 11:37:50,1779277070,CRASH300N,1543.73,1,0.015000000000100044,BACKFILL_AUTO
2026-05-20 11:37:51,1779277071,CRASH300N,1543.745,1,0.01499999999987267,BACKFILL_AUTO
2026-05-20 11:37:52,1779277072,CRASH300N,1543.751,1,0.0060000000000854925,BACKFILL_AUTO
2026-05-20 11:37:53,1779277073,CRASH300N,1543.759,1,0.008000000000038199,BACKFILL_AUTO
2026-05-20 11:37:54,1779277074,CRASH300N,1543.784,1,0.02500000000009095,BACKFILL_AUTO
2026-05-20 11:37:55,1779277075,CRASH300N,1543.803,1,0.019000000000005457,BACKFILL_AUTO
2026-05-20 11:37:56,1779277076,CRASH300N,1543.825,1,0.021999999999934516,BACKFILL_AUTO
2026-05-20 11:37:57,1779277077,CRASH300N,1543.85,1,0.024999999999863576,BACKFILL_AUTO
2026-05-20 11:37:58,1779277078,CRASH300N,1543.881,1,0.031000000000176442,BACKFILL_AUTO
2026-05-20 11:37:59,1779277079,CRASH300N,1543.905,1,0.023999999999887223,BACKFILL_AUTO
2026-05-20 11:38:00,1779277080,CRASH300N,1543.932,1,0.027000000000043656,BACKFILL_AUTO
2026-05-20 11:38:01,1779277081,CRASH300N,1543.949,1,0.01700000000005275,BACKFILL_AUTO
2026-05-20 11:38:02,1779277082,CRASH300N,1543.969,1,0.01999999999998181,BACKFILL_AUTO
2026-05-20 11:38:03,1779277083,CRASH300N,1544.01,1,0.04099999999993997,BACKFILL_AUTO
2026-05-20 11:38:04,1779277084,CRASH300N,1544.024,1,0.013999999999896318,BACKFILL_AUTO
2026-05-20 11:38:05,1779277085,CRASH300N,1544.04,1,0.016000000000076398,BACKFILL_AUTO
2026-05-20 11:38:06,1779277086,CRASH300N,1544.048,1,0.008000000000038199,BACKFILL_AUTO
2026-05-20 11:38:07,1779277087,CRASH300N,1544.052,1,0.0039999999999054126,BACKFILL_AUTO
2026-05-20 11:38:08,1779277088,CRASH300N,1544.052,0,0.0,BACKFILL_AUTO
2026-05-20 11:38:09,1779277089,CRASH300N,1544.06,1,0.008000000000038199,BACKFILL_AUTO
2026-05-20 11:38:10,1779277090,CRASH300N,1544.066,1,0.0060000000000854925,BACKFILL_AUTO
2026-05-20 11:38:11,1779277091,CRASH300N,1544.071,1,0.004999999999881766,BACKFILL_AUTO
2026-05-20 11:38:12,1779277092,CRASH300N,1544.079,1,0.008000000000038199,BACKFILL_AUTO
2026-05-20 11:38:13,1779277093,CRASH300N,1544.104,1,0.02500000000009095,BACKFILL_AUTO
2026-05-20 11:38:14,1779277094,CRASH300N,1544.109,1,0.004999999999881766,BACKFILL_AUTO
2026-05-20 11:38:15,1779277095,CRASH300N,1544.112,1,0.003000000000156433,BACKFILL_AUTO
2026-05-20 11:38:16,1779277096,CRASH300N,1544.113,1,0.0009999999999763531,BACKFILL_AUTO
2026-05-20 11:38:17,1779277097,CRASH300N,1544.113,0,0.0,BACKFILL_AUTO
2026-05-20 11:38:18,1779277098,CRASH300N,1544.139,1,0.02599999999983993,BACKFILL_AUTO
2026-05-20 11:38:19,1779277099,CRASH300N,1544.146,1,0.007000000000061846,BACKFILL_AUTO
2026-05-20 11:38:20,1779277100,CRASH300N,1544.153,1,0.007000000000061846,BACKFILL_AUTO
2026-05-20 11:38:21,1779277101,CRASH300N,1544.156,1,0.0029999999999290594,BACKFILL_AUTO
2026-05-20 11:38:22,1779277102,CRASH300N,1544.171,1,0.015000000000100044,BACKFILL_AUTO
2026-05-20 11:38:23,1779277103,CRASH300N,1544.197,1,0.02599999999983993,BACKFILL_AUTO
2026-05-20 11:38:24,1779277104,CRASH300N,1544.209,1,0.012000000000170985,BACKFILL_AUTO
2026-05-20 11:38:25,1779277105,CRASH300N,1544.227,1,0.018000000000029104,BACKFILL_AUTO
2026-05-20 11:38:26,1779277106,CRASH300N,1544.239,1,0.011999999999943611,BACKFILL_AUTO
2026-05-20 11:38:27,1779277107,CRASH300N,1544.26,1,0.020999999999958163,BACKFILL_AUTO
2026-05-20 11:38:28,1779277108,CRASH300N,1544.262,1,0.0019999999999527063,BACKFILL_AUTO
2026-05-20 11:38:29,1779277109,CRASH300N,1544.274,1,0.011999999999943611,BACKFILL_AUTO
2026-05-20 11:38:30,1779277110,CRASH300N,1544.294,1,0.020000000000209184,BACKFILL_AUTO
2026-05-20 11:38:31,1779277111,CRASH300N,1544.317,1,0.02299999999991087,BACKFILL_AUTO
2026-05-20 11:38:32,1779277112,CRASH300N,1544.343,1,0.026000000000067303,BACKFILL_AUTO
2026-05-20 11:38:33,1779277113,CRASH300N,1544.35,1,0.006999999999834472,BACKFILL_AUTO
2026-05-20 11:38:34,1779277114,CRASH300N,1544.359,1,0.009000000000014552,BACKFILL_AUTO
2026-05-20 11:38:35,1779277115,CRASH300N,1544.375,1,0.016000000000076398,BACKFILL_AUTO
2026-05-20 11:38:36,1779277116,CRASH300N,1544.395,1,0.01999999999998181,BACKFILL_AUTO
2026-05-20 11:38:37,1779277117,CRASH300N,1544.422,1,0.027000000000043656,BACKFILL_AUTO
2026-05-20 11:38:38,1779277118,CRASH300N,1544.425,1,0.0029999999999290594,BACKFILL_AUTO
2026-05-20 11:38:39,1779277119,CRASH300N,1544.449,1,0.024000000000114596,BACKFILL_AUTO
2026-05-20 11:38:40,1779277120,CRASH300N,1544.454,1,0.004999999999881766,BACKFILL_AUTO
2026-05-20 11:38:41,1779277121,CRASH300N,1544.483,1,0.028999999999996362,BACKFILL_AUTO
2026-05-20 11:38:42,1779277122,CRASH300N,1544.497,1,0.014000000000123691,BACKFILL_AUTO
2026-05-20 11:38:43,1779277123,CRASH300N,1544.505,1,0.008000000000038199,BACKFILL_AUTO
2026-05-20 11:38:44,1779277124,CRASH300N,1544.511,1,0.005999999999858119,BACKFILL_AUTO
2026-05-20 11:38:45,1779277125,CRASH300N,1544.538,1,0.027000000000043656,BACKFILL_AUTO
2026-05-20 11:38:46,1779277126,CRASH300N,1544.54,1,0.0019999999999527063,BACKFILL_AUTO
2026-05-20 11:38:47,1779277127,CRASH300N,1544.564,1,0.024000000000114596,BACKFILL_AUTO
2026-05-20 11:38:48,1779277128,CRASH300N,1544.564,0,0.0,BACKFILL_AUTO
2026-05-20 11:38:49,1779277129,CRASH300N,1544.565,1,0.0009999999999763531,BACKFILL_AUTO
2026-05-20 11:38:50,1779277130,CRASH300N,1544.579,1,0.013999999999896318,BACKFILL_AUTO
2026-05-20 11:38:51,1779277131,CRASH300N,1544.588,1,0.009000000000014552,BACKFILL_AUTO
2026-05-20 11:38:52,1779277132,CRASH300N,1544.588,0,0.0,BACKFILL_AUTO
2026-05-20 11:38:53,1779277133,CRASH300N,1544.597,1,0.009000000000014552,BACKFILL_AUTO
2026-05-20 11:38:54,1779277134,CRASH300N,1544.601,1,0.004000000000132786,BACKFILL_AUTO
2026-05-20 11:38:55,1779277135,CRASH300N,1544.606,1,0.004999999999881766,BACKFILL_AUTO
2026-05-20 11:38:56,1779277136,CRASH300N,1544.622,1,0.016000000000076398,BACKFILL_AUTO
2026-05-20 11:38:57,1779277137,CRASH300N,1544.625,1,0.0029999999999290594,BACKFILL_AUTO
2026-05-20 11:38:58,1779277138,CRASH300N,1544.651,1,0.026000000000067303,BACKFILL_AUTO
2026-05-20 11:38:59,1779277139,CRASH300N,1544.651,0,0.0,BACKFILL_AUTO
2026-05-20 11:39:00,1779277140,CRASH300N,1544.664,1,0.012999999999919964,BACKFILL_AUTO
2026-05-20 11:39:01,1779277141,CRASH300N,1544.693,1,0.028999999999996362,BACKFILL_AUTO
2026-05-20 11:39:02,1779277142,CRASH300N,1544.697,1,0.0039999999999054126,BACKFILL_AUTO
2026-05-20 11:39:03,1779277143,CRASH300N,1544.73,1,0.03300000000012915,BACKFILL_AUTO
2026-05-20 11:39:04,1779277144,CRASH300N,1544.743,1,0.012999999999919964,BACKFILL_AUTO
2026-05-20 11:39:05,1779277145,CRASH300N,1544.754,1,0.010999999999967258,BACKFILL_AUTO
2026-05-20 11:39:06,1779277146,CRASH300N,1544.762,1,0.008000000000038199,BACKFILL_AUTO
2026-05-20 11:39:07,1779277147,CRASH300N,1544.765,1,0.003000000000156433,BACKFILL_AUTO
2026-05-20 11:39:08,1779277148,CRASH300N,1544.785,1,0.01999999999998181,BACKFILL_AUTO
2026-05-20 11:39:09,1779277149,CRASH300N,1544.806,1,0.020999999999958163,BACKFILL_AUTO
2026-05-20 11:39:10,1779277150,CRASH300N,1544.816,1,0.009999999999990905,BACKFILL_AUTO
2026-05-20 11:39:11,1779277151,CRASH300N,1544.828,1,0.011999999999943611,BACKFILL_AUTO
2026-05-20 11:39:12,1779277152,CRASH300N,1544.875,1,0.047000000000025466,BACKFILL_AUTO
2026-05-20 11:39:13,1779277153,CRASH300N,1544.887,1,0.011999999999943611,BACKFILL_AUTO
2026-05-20 11:39:14,1779277154,CRASH300N,1544.903,1,0.016000000000076398,BACKFILL_AUTO
2026-05-20 11:39:15,1779277155,CRASH300N,1544.908,1,0.004999999999881766,BACKFILL_AUTO
2026-05-20 11:39:16,1779277156,CRASH300N,1544.938,1,0.03000000000020009,BACKFILL_AUTO
2026-05-20 11:39:17,1779277157,CRASH300N,1544.963,1,0.024999999999863576,BACKFILL_AUTO
2026-05-20 11:39:18,1779277158,CRASH300N,1544.99,1,0.027000000000043656,BACKFILL_AUTO
2026-05-20 11:39:19,1779277159,CRASH300N,1545.005,1,0.015000000000100044,BACKFILL_AUTO
2026-05-20 11:39:20,1779277160,CRASH300N,1545.02,1,0.01499999999987267,BACKFILL_AUTO
2026-05-20 11:39:21,1779277161,CRASH300N,1545.032,1,0.011999999999943611,BACKFILL_AUTO
2026-05-20 11:39:22,1779277162,CRASH300N,1545.043,1,0.010999999999967258,BACKFILL_AUTO
2026-05-20 11:39:23,1779277163,CRASH300N,1545.082,1,0.03900000000021464,BACKFILL_AUTO
2026-05-20 11:39:24,1779277164,CRASH300N,1545.1,1,0.01799999999980173,BACKFILL_AUTO
2026-05-20 11:39:25,1779277165,CRASH300N,1545.11,1,0.009999999999990905,BACKFILL_AUTO
2026-05-20 11:39:26,1779277166,CRASH300N,1545.12,1,0.009999999999990905,BACKFILL_AUTO
2026-05-20 11:39:27,1779277167,CRASH300N,1545.145,1,0.02500000000009095,BACKFILL_AUTO
2026-05-20 11:39:28,1779277168,CRASH300N,1545.145,0,0.0,BACKFILL_AUTO
2026-05-20 11:39:29,1779277169,CRASH300N,1545.159,1,0.014000000000123691,BACKFILL_AUTO
2026-05-20 11:39:30,1779277170,CRASH300N,1545.173,1,0.013999999999896318,BACKFILL_AUTO
2026-05-20 11:39:31,1779277171,CRASH300N,1545.192,1,0.019000000000005457,BACKFILL_AUTO
2026-05-20 11:39:32,1779277172,CRASH300N,1545.219,1,0.027000000000043656,BACKFILL_AUTO
2026-05-20 11:39:33,1779277173,CRASH300N,1545.236,1,0.01700000000005275,BACKFILL_AUTO
2026-05-20 11:39:34,1779277174,CRASH300N,1545.266,1,0.029999999999972715,BACKFILL_AUTO
2026-05-20 11:39:35,1779277175,CRASH300N,1545.293,1,0.026999999999816282,BACKFILL_AUTO
2026-05-20 11:39:36,1779277176,CRASH300N,1545.311,1,0.018000000000029104,BACKFILL_AUTO
2026-05-20 11:39:37,1779277177,CRASH300N,1545.345,1,0.0340000000001055,BACKFILL_AUTO
2026-05-20 11:39:38,1779277178,CRASH300N,1545.363,1,0.018000000000029104,BACKFILL_AUTO
2026-05-20 11:39:39,1779277179,CRASH300N,1545.39,1,0.027000000000043656,BACKFILL_AUTO
2026-05-20 11:39:40,1779277180,CRASH300N,1545.417,1,0.026999999999816282,BACKFILL_AUTO
2026-05-20 11:39:41,1779277181,CRASH300N,1545.433,1,0.016000000000076398,BACKFILL_AUTO
2026-05-20 11:39:42,1779277182,CRASH300N,1545.434,1,0.0009999999999763531,BACKFILL_AUTO
2026-05-20 11:39:43,1779277183,CRASH300N,1545.449,1,0.015000000000100044,BACKFILL_AUTO
2026-05-20 11:39:44,1779277184,CRASH300N,1545.486,1,0.03700000000003456,BACKFILL_AUTO
2026-05-20 11:39:45,1779277185,CRASH300N,1545.496,1,0.009999999999990905,BACKFILL_AUTO
2026-05-20 11:39:46,1779277186,CRASH300N,1545.501,1,0.004999999999881766,BACKFILL_AUTO
2026-05-20 11:39:47,1779277187,CRASH300N,1545.517,1,0.016000000000076398,BACKFILL_AUTO
2026-05-20 11:39:48,1779277188,CRASH300N,1545.53,1,0.012999999999919964,BACKFILL_AUTO
2026-05-20 11:39:49,1779277189,CRASH300N,1545.551,1,0.020999999999958163,BACKFILL_AUTO
2026-05-20 11:39:50,1779277190,CRASH300N,1545.568,1,0.01700000000005275,BACKFILL_AUTO
2026-05-20 11:39:51,1779277191,CRASH300N,1545.572,1,0.0039999999999054126,BACKFILL_AUTO
2026-05-20 11:39:52,1779277192,CRASH300N,1545.601,1,0.029000000000223736,BACKFILL_AUTO
2026-05-20 11:39:53,1779277193,CRASH300N,1545.626,1,0.024999999999863576,BACKFILL_AUTO
2026-05-20 11:39:54,1779277194,CRASH300N,1545.633,1,0.007000000000061846,BACKFILL_AUTO
2026-05-20 11:39:55,1779277195,CRASH300N,1545.649,1,0.015999999999849024,BACKFILL_AUTO
2026-05-20 11:39:56,1779277196,CRASH300N,1545.666,1,0.01700000000005275,BACKFILL_AUTO
2026-05-20 11:39:57,1779277197,CRASH300N,1545.676,1,0.009999999999990905,BACKFILL_AUTO
2026-05-20 11:39:58,1779277198,CRASH300N,1545.678,1,0.00200000000018008,BACKFILL_AUTO
2026-05-20 11:39:59,1779277199,CRASH300N,1545.686,1,0.007999999999810825,BACKFILL_AUTO
2026-05-20 11:40:00,1779277200,CRASH300N,1545.709,1,0.023000000000138243,BACKFILL_AUTO
2026-05-20 11:40:01,1779277201,CRASH300N,1545.726,1,0.01700000000005275,BACKFILL_AUTO
2026-05-20 11:40:02,1779277202,CRASH300N,1545.731,1,0.004999999999881766,BACKFILL_AUTO
2026-05-20 11:40:03,1779277203,CRASH300N,1545.741,1,0.009999999999990905,BACKFILL_AUTO
2026-05-20 11:40:04,1779277204,CRASH300N,1545.76,1,0.019000000000005457,BACKFILL_AUTO
2026-05-20 11:40:05,1779277205,CRASH300N,1545.767,1,0.007000000000061846,BACKFILL_AUTO
2026-05-20 11:40:06,1779277206,CRASH300N,1545.786,1,0.019000000000005457,BACKFILL_AUTO
2026-05-20 11:40:07,1779277207,CRASH300N,1545.802,1,0.015999999999849024,BACKFILL_AUTO
2026-05-20 11:40:08,1779277208,CRASH300N,1545.806,1,0.004000000000132786,BACKFILL_AUTO
2026-05-20 11:40:09,1779277209,CRASH300N,1545.822,1,0.015999999999849024,BACKFILL_AUTO
2026-05-20 11:40:10,1779277210,CRASH300N,1545.827,1,0.005000000000109139,BACKFILL_AUTO
2026-05-20 11:40:11,1779277211,CRASH300N,1545.845,1,0.018000000000029104,BACKFILL_AUTO
2026-05-20 11:40:12,1779277212,CRASH300N,1545.875,1,0.029999999999972715,BACKFILL_AUTO
2026-05-20 11:40:13,1779277213,CRASH300N,1545.9,1,0.02500000000009095,BACKFILL_AUTO
2026-05-20 11:40:14,1779277214,CRASH300N,1545.901,1,0.0009999999999763531,BACKFILL_AUTO
2026-05-20 11:40:15,1779277215,CRASH300N,1545.932,1,0.03099999999994907,BACKFILL_AUTO
2026-05-20 11:40:16,1779277216,CRASH300N,1545.943,1,0.010999999999967258,BACKFILL_AUTO
2026-05-20 11:40:17,1779277217,CRASH300N,1545.944,1,0.0009999999999763531,BACKFILL_AUTO
2026-05-20 11:40:18,1779277218,CRASH300N,1545.965,1,0.020999999999958163,BACKFILL_AUTO
2026-05-20 11:40:19,1779277219,CRASH300N,1545.969,1,0.004000000000132786,BACKFILL_AUTO
2026-05-20 11:40:20,1779277220,CRASH300N,1545.98,1,0.010999999999967258,BACKFILL_AUTO
2026-05-20 11:40:21,1779277221,CRASH300N,1545.998,1,0.018000000000029104,BACKFILL_AUTO
2026-05-20 11:40:22,1779277222,CRASH300N,1546.009,1,0.010999999999967258,BACKFILL_AUTO
2026-05-20 11:40:23,1779277223,CRASH300N,1546.035,1,0.026000000000067303,BACKFILL_AUTO
2026-05-20 11:40:24,1779277224,CRASH300N,1546.039,1,0.0039999999999054126,BACKFILL_AUTO
2026-05-20 11:40:25,1779277225,CRASH300N,1546.054,1,0.015000000000100044,BACKFILL_AUTO
2026-05-20 11:40:26,1779277226,CRASH300N,1546.08,1,0.02599999999983993,BACKFILL_AUTO
2026-05-20 11:40:27,1779277227,CRASH300N,1546.097,1,0.01700000000005275,BACKFILL_AUTO
2026-05-20 11:40:28,1779277228,CRASH300N,1546.098,1,0.0009999999999763531,BACKFILL_AUTO
2026-05-20 11:40:29,1779277229,CRASH300N,1546.121,1,0.023000000000138243,BACKFILL_AUTO
2026-05-20 11:40:30,1779277230,CRASH300N,1546.122,1,0.0009999999999763531,BACKFILL_AUTO
2026-05-20 11:40:31,1779277231,CRASH300N,1546.146,1,0.023999999999887223,BACKFILL_AUTO
2026-05-20 11:40:32,1779277232,CRASH300N,1546.158,1,0.011999999999943611,BACKFILL_AUTO
2026-05-20 11:40:33,1779277233,CRASH300N,1546.163,1,0.005000000000109139,BACKFILL_AUTO
2026-05-20 11:40:34,1779277234,CRASH300N,1546.168,1,0.004999999999881766,BACKFILL_AUTO
2026-05-20 11:40:35,1779277235,CRASH300N,1546.194,1,0.026000000000067303,BACKFILL_AUTO
2026-05-20 11:40:36,1779277236,CRASH300N,1546.216,1,0.021999999999934516,BACKFILL_AUTO
2026-05-20 11:40:37,1779277237,CRASH300N,1546.228,1,0.012000000000170985,BACKFILL_AUTO
2026-05-20 11:40:38,1779277238,CRASH300N,1546.255,1,0.027000000000043656,BACKFILL_AUTO
2026-05-20 11:40:39,1779277239,CRASH300N,1546.277,1,0.021999999999934516,BACKFILL_AUTO
2026-05-20 11:40:40,1779277240,CRASH300N,1546.278,1,0.0009999999999763531,BACKFILL_AUTO
2026-05-20 11:40:41,1779277241,CRASH300N,1546.295,1,0.01700000000005275,BACKFILL_AUTO
2026-05-20 11:40:42,1779277242,CRASH300N,1546.305,1,0.009999999999990905,BACKFILL_AUTO
2026-05-20 11:40:43,1779277243,CRASH300N,1546.317,1,0.011999999999943611,BACKFILL_AUTO
2026-05-20 11:40:44,1779277244,CRASH300N,1546.346,1,0.028999999999996362,BACKFILL_AUTO
2026-05-20 11:40:45,1779277245,CRASH300N,1546.347,1,0.0009999999999763531,BACKFILL_AUTO
2026-05-20 11:40:46,1779277246,CRASH300N,1546.357,1,0.009999999999990905,BACKFILL_AUTO
2026-05-20 11:40:47,1779277247,CRASH300N,1546.36,1,0.0029999999999290594,BACKFILL_AUTO
2026-05-20 11:40:48,1779277248,CRASH300N,1546.362,1,0.00200000000018008,BACKFILL_AUTO
2026-05-20 11:40:49,1779277249,CRASH300N,1546.367,1,0.004999999999881766,BACKFILL_AUTO
2026-05-20 11:40:50,1779277250,CRASH300N,1546.38,1,0.013000000000147338,BACKFILL_AUTO
2026-05-20 11:40:51,1779277251,CRASH300N,1546.384,1,0.0039999999999054126,BACKFILL_AUTO
2026-05-20 11:40:52,1779277252,CRASH300N,1546.396,1,0.011999999999943611,BACKFILL_AUTO
2026-05-20 11:40:53,1779277253,CRASH300N,1546.42,1,0.024000000000114596,BACKFILL_AUTO
2026-05-20 11:40:54,1779277254,CRASH300N,1546.441,1,0.020999999999958163,BACKFILL_AUTO
2026-05-20 11:40:55,1779277255,CRASH300N,1546.47,1,0.028999999999996362,BACKFILL_AUTO
2026-05-20 11:40:56,1779277256,CRASH300N,1546.493,1,0.02299999999991087,BACKFILL_AUTO
2026-05-20 11:40:57,1779277257,CRASH300N,1546.507,1,0.014000000000123691,BACKFILL_AUTO
2026-05-20 11:40:58,1779277258,CRASH300N,1546.519,1,0.011999999999943611,BACKFILL_AUTO
2026-05-20 11:40:59,1779277259,CRASH300N,1546.524,1,0.004999999999881766,BACKFILL_AUTO
2026-05-20 11:41:00,1779277260,CRASH300N,1546.54,1,0.016000000000076398,BACKFILL_AUTO
2026-05-20 11:41:01,1779277261,CRASH300N,1546.541,1,0.0009999999999763531,BACKFILL_AUTO
2026-05-20 11:41:02,1779277262,CRASH300N,1546.557,1,0.016000000000076398,BACKFILL_AUTO
2026-05-20 11:41:03,1779277263,CRASH300N,1546.565,1,0.008000000000038199,BACKFILL_AUTO
2026-05-20 11:41:04,1779277264,CRASH300N,1546.586,1,0.020999999999958163,BACKFILL_AUTO
2026-05-20 11:41:05,1779277265,CRASH300N,1546.593,1,0.007000000000061846,BACKFILL_AUTO
2026-05-20 11:41:06,1779277266,CRASH300N,1546.603,1,0.009999999999990905,BACKFILL_AUTO
2026-05-20 11:41:07,1779277267,CRASH300N,1546.61,1,0.006999999999834472,BACKFILL_AUTO
2026-05-20 11:41:08,1779277268,CRASH300N,1546.616,1,0.0060000000000854925,BACKFILL_AUTO
2026-05-20 11:41:09,1779277269,CRASH300N,1546.617,1,0.0009999999999763531,BACKFILL_AUTO
2026-05-20 11:41:10,1779277270,CRASH300N,1546.644,1,0.027000000000043656,BACKFILL_AUTO
2026-05-20 11:41:11,1779277271,CRASH300N,1546.648,1,0.0039999999999054126,BACKFILL_AUTO
2026-05-20 11:41:12,1779277272,CRASH300N,1546.663,1,0.015000000000100044,BACKFILL_AUTO
2026-05-20 11:41:13,1779277273,CRASH300N,1546.678,1,0.015000000000100044,BACKFILL_AUTO
2026-05-20 11:41:14,1779277274,CRASH300N,1546.687,1,0.008999999999787178,BACKFILL_AUTO
2026-05-20 11:41:15,1779277275,CRASH300N,1546.727,1,0.040000000000190994,BACKFILL_AUTO
2026-05-20 11:41:16,1779277276,CRASH300N,1546.753,1,0.02599999999983993,BACKFILL_AUTO
2026-05-20 11:41:17,1779277277,CRASH300N,1546.757,1,0.004000000000132786,BACKFILL_AUTO
2026-05-20 11:41:18,1779277278,CRASH300N,1546.758,1,0.0009999999999763531,BACKFILL_AUTO
2026-05-20 11:41:19,1779277279,CRASH300N,1546.783,1,0.024999999999863576,BACKFILL_AUTO
2026-05-20 11:41:20,1779277280,CRASH300N,1546.802,1,0.019000000000005457,BACKFILL_AUTO
2026-05-20 11:41:21,1779277281,CRASH300N,1546.82,1,0.018000000000029104,BACKFILL_AUTO
2026-05-20 11:41:22,1779277282,CRASH300N,1546.845,1,0.02500000000009095,BACKFILL_AUTO
2026-05-20 11:41:23,1779277283,CRASH300N,1546.866,1,0.020999999999958163,BACKFILL_AUTO
2026-05-20 11:41:24,1779277284,CRASH300N,1546.874,1,0.008000000000038199,BACKFILL_AUTO
2026-05-20 11:41:25,1779277285,CRASH300N,1546.878,1,0.0039999999999054126,BACKFILL_AUTO
2026-05-20 11:41:26,1779277286,CRASH300N,1546.895,1,0.01700000000005275,BACKFILL_AUTO
2026-05-20 11:41:27,1779277287,CRASH300N,1546.912,1,0.01700000000005275,BACKFILL_AUTO
2026-05-20 11:41:28,1779277288,CRASH300N,1546.931,1,0.019000000000005457,BACKFILL_AUTO
2026-05-20 11:41:29,1779277289,CRASH300N,1546.94,1,0.009000000000014552,BACKFILL_AUTO
2026-05-20 11:41:30,1779277290,CRASH300N,1546.948,1,0.008000000000038199,BACKFILL_AUTO
2026-05-20 11:41:31,1779277291,CRASH300N,1546.958,1,0.009999999999990905,BACKFILL_AUTO
2026-05-20 11:41:32,1779277292,CRASH300N,1546.97,1,0.011999999999943611,BACKFILL_AUTO
2026-05-20 11:41:33,1779277293,CRASH300N,1546.981,1,0.010999999999967258,BACKFILL_AUTO
2026-05-20 11:41:34,1779277294,CRASH300N,1546.999,1,0.018000000000029104,BACKFILL_AUTO
2026-05-20 11:41:35,1779277295,CRASH300N,1547.015,1,0.016000000000076398,BACKFILL_AUTO
2026-05-20 11:41:36,1779277296,CRASH300N,1547.036,1,0.020999999999958163,BACKFILL_AUTO
2026-05-20 11:41:37,1779277297,CRASH300N,1547.063,1,0.027000000000043656,BACKFILL_AUTO
2026-05-20 11:41:38,1779277298,CRASH300N,1547.076,1,0.012999999999919964,BACKFILL_AUTO
2026-05-20 11:41:39,1779277299,CRASH300N,1547.092,1,0.016000000000076398,BACKFILL_AUTO
2026-05-20 11:41:40,1779277300,CRASH300N,1547.099,1,0.006999999999834472,BACKFILL_AUTO
2026-05-20 11:41:41,1779277301,CRASH300N,1547.113,1,0.014000000000123691,BACKFILL_AUTO
2026-05-20 11:41:42,1779277302,CRASH300N,1547.13,1,0.01700000000005275,BACKFILL_AUTO
2026-05-20 11:41:43,1779277303,CRASH300N,1547.147,1,0.016999999999825377,BACKFILL_AUTO
2026-05-20 11:41:44,1779277304,CRASH300N,1547.153,1,0.0060000000000854925,BACKFILL_AUTO
2026-05-20 11:41:45,1779277305,CRASH300N,1547.173,1,0.01999999999998181,BACKFILL_AUTO
2026-05-20 11:41:46,1779277306,CRASH300N,1547.182,1,0.009000000000014552,BACKFILL_AUTO
2026-05-20 11:41:47,1779277307,CRASH300N,1547.193,1,0.010999999999967258,BACKFILL_AUTO
2026-05-20 11:41:48,1779277308,CRASH300N,1547.205,1,0.011999999999943611,BACKFILL_AUTO
2026-05-20 11:41:49,1779277309,CRASH300N,1547.209,1,0.004000000000132786,BACKFILL_AUTO
2026-05-20 11:41:50,1779277310,CRASH300N,1547.216,1,0.006999999999834472,BACKFILL_AUTO
2026-05-20 11:41:51,1779277311,CRASH300N,1547.237,1,0.021000000000185537,BACKFILL_AUTO
2026-05-20 11:41:52,1779277312,CRASH300N,1547.245,1,0.007999999999810825,BACKFILL_AUTO
2026-05-20 11:41:53,1779277313,CRASH300N,1547.259,1,0.014000000000123691,BACKFILL_AUTO
2026-05-20 11:41:54,1779277314,CRASH300N,1547.267,1,0.008000000000038199,BACKFILL_AUTO
2026-05-20 11:41:55,1779277315,CRASH300N,1547.274,1,0.006999999999834472,BACKFILL_AUTO
2026-05-20 11:41:56,1779277316,CRASH300N,1547.282,1,0.008000000000038199,BACKFILL_AUTO
2026-05-20 11:41:57,1779277317,CRASH300N,1547.313,1,0.031000000000176442,BACKFILL_AUTO
2026-05-20 11:41:58,1779277318,CRASH300N,1547.33,1,0.016999999999825377,BACKFILL_AUTO
2026-05-20 11:41:59,1779277319,CRASH300N,1547.35,1,0.01999999999998181,BACKFILL_AUTO
2026-05-20 11:42:00,1779277320,CRASH300N,1547.363,1,0.013000000000147338,BACKFILL_AUTO
2026-05-20 11:42:01,1779277321,CRASH300N,1547.366,1,0.0029999999999290594,BACKFILL_AUTO
2026-05-20 11:42:02,1779277322,CRASH300N,1547.389,1,0.02299999999991087,BACKFILL_AUTO
2026-05-20 11:42:03,1779277323,CRASH300N,1547.39,1,0.0010000000002037268,BACKFILL_AUTO
2026-05-20 11:42:04,1779277324,CRASH300N,1547.396,1,0.005999999999858119,BACKFILL_AUTO
2026-05-20 11:42:05,1779277325,CRASH300N,1547.403,1,0.007000000000061846,BACKFILL_AUTO
2026-05-20 11:42:06,1779277326,CRASH300N,1547.405,1,0.0019999999999527063,BACKFILL_AUTO
2026-05-20 11:42:07,1779277327,CRASH300N,1547.414,1,0.009000000000014552,BACKFILL_AUTO
2026-05-20 11:42:08,1779277328,CRASH300N,1547.44,1,0.026000000000067303,BACKFILL_AUTO
2026-05-20 11:42:09,1779277329,CRASH300N,1547.456,1,0.015999999999849024,BACKFILL_AUTO
2026-05-20 11:42:10,1779277330,CRASH300N,1547.456,0,0.0,BACKFILL_AUTO
2026-05-20 11:42:11,1779277331,CRASH300N,1547.486,1,0.03000000000020009,BACKFILL_AUTO
2026-05-20 11:42:12,1779277332,CRASH300N,1547.499,1,0.012999999999919964,BACKFILL_AUTO
2026-05-20 11:42:13,1779277333,CRASH300N,1547.501,1,0.0019999999999527063,BACKFILL_AUTO
2026-05-20 11:42:14,1779277334,CRASH300N,1547.516,1,0.015000000000100044,BACKFILL_AUTO
2026-05-20 11:42:15,1779277335,CRASH300N,1547.532,1,0.015999999999849024,BACKFILL_AUTO
2026-05-20 11:42:16,1779277336,CRASH300N,1547.545,1,0.013000000000147338,BACKFILL_AUTO
2026-05-20 11:42:17,1779277337,CRASH300N,1547.56,1,0.01499999999987267,BACKFILL_AUTO
2026-05-20 11:42:18,1779277338,CRASH300N,1547.58,1,0.01999999999998181,BACKFILL_AUTO
2026-05-20 11:42:19,1779277339,CRASH300N,1547.585,1,0.005000000000109139,BACKFILL_AUTO
2026-05-20 11:42:20,1779277340,CRASH300N,1547.598,1,0.012999999999919964,BACKFILL_AUTO
2026-05-20 11:42:21,1779277341,CRASH300N,1547.604,1,0.0060000000000854925,BACKFILL_AUTO
2026-05-20 11:42:22,1779277342,CRASH300N,1547.609,1,0.004999999999881766,BACKFILL_AUTO
2026-05-20 11:42:23,1779277343,CRASH300N,1547.629,1,0.01999999999998181,BACKFILL_AUTO
2026-05-20 11:42:24,1779277344,CRASH300N,1547.641,1,0.012000000000170985,BACKFILL_AUTO
2026-05-20 11:42:25,1779277345,CRASH300N,1547.673,1,0.03199999999992542,BACKFILL_AUTO
2026-05-20 11:42:26,1779277346,CRASH300N,1547.687,1,0.013999999999896318,BACKFILL_AUTO
2026-05-20 11:42:27,1779277347,CRASH300N,1547.687,0,0.0,BACKFILL_AUTO
2026-05-20 11:42:28,1779277348,CRASH300N,1547.691,1,0.004000000000132786,BACKFILL_AUTO
2026-05-20 11:42:29,1779277349,CRASH300N,1547.703,1,0.011999999999943611,BACKFILL_AUTO
2026-05-20 11:42:30,1779277350,CRASH300N,1547.707,1,0.004000000000132786,BACKFILL_AUTO
2026-05-20 11:42:31,1779277351,CRASH300N,1547.738,1,0.03099999999994907,BACKFILL_AUTO
2026-05-20 11:42:32,1779277352,CRASH300N,1547.754,1,0.015999999999849024,BACKFILL_AUTO
2026-05-20 11:42:33,1779277353,CRASH300N,1547.774,1,0.01999999999998181,BACKFILL_AUTO
2026-05-20 11:42:34,1779277354,CRASH300N,1547.793,1,0.019000000000005457,BACKFILL_AUTO
2026-05-20 11:42:35,1779277355,CRASH300N,1547.81,1,0.01700000000005275,BACKFILL_AUTO
2026-05-20 11:42:36,1779277356,CRASH300N,1547.818,1,0.008000000000038199,BACKFILL_AUTO
2026-05-20 11:42:37,1779277357,CRASH300N,1547.82,1,0.0019999999999527063,BACKFILL_AUTO
2026-05-20 11:42:38,1779277358,CRASH300N,1547.833,1,0.013000000000147338,BACKFILL_AUTO
2026-05-20 11:42:39,1779277359,CRASH300N,1547.838,1,0.004999999999881766,BACKFILL_AUTO
2026-05-20 11:42:40,1779277360,CRASH300N,1547.838,0,0.0,BACKFILL_AUTO
2026-05-20 11:42:41,1779277361,CRASH300N,1547.872,1,0.0340000000001055,BACKFILL_AUTO
2026-05-20 11:42:42,1779277362,CRASH300N,1547.892,1,0.01999999999998181,BACKFILL_AUTO
2026-05-20 11:42:43,1779277363,CRASH300N,1547.909,1,0.01700000000005275,BACKFILL_AUTO
2026-05-20 11:42:44,1779277364,CRASH300N,1547.919,1,0.009999999999990905,BACKFILL_AUTO
2026-05-20 11:42:45,1779277365,CRASH300N,1547.936,1,0.016999999999825377,BACKFILL_AUTO
2026-05-20 11:42:46,1779277366,CRASH300N,1547.953,1,0.01700000000005275,BACKFILL_AUTO
2026-05-20 11:42:47,1779277367,CRASH300N,1547.967,1,0.014000000000123691,BACKFILL_AUTO
2026-05-20 11:42:48,1779277368,CRASH300N,1547.991,1,0.023999999999887223,BACKFILL_AUTO
2026-05-20 11:42:49,1779277369,CRASH300N,1548.01,1,0.019000000000005457,BACKFILL_AUTO
2026-05-20 11:42:50,1779277370,CRASH300N,1548.01,0,0.0,BACKFILL_AUTO
2026-05-20 11:42:51,1779277371,CRASH300N,1548.04,1,0.029999999999972715,BACKFILL_AUTO
2026-05-20 11:42:52,1779277372,CRASH300N,1548.048,1,0.008000000000038199,BACKFILL_AUTO
2026-05-20 11:42:53,1779277373,CRASH300N,1548.051,1,0.0029999999999290594,BACKFILL_AUTO
2026-05-20 11:42:54,1779277374,CRASH300N,1548.053,1,0.00200000000018008,BACKFILL_AUTO
2026-05-20 11:42:55,1779277375,CRASH300N,1548.061,1,0.007999999999810825,BACKFILL_AUTO
2026-05-20 11:42:56,1779277376,CRASH300N,1548.085,1,0.024000000000114596,BACKFILL_AUTO
2026-05-20 11:42:57,1779277377,CRASH300N,1548.096,1,0.010999999999967258,BACKFILL_AUTO
2026-05-20 11:42:58,1779277378,CRASH300N,1548.119,1,0.02299999999991087,BACKFILL_AUTO
2026-05-20 11:42:59,1779277379,CRASH300N,1548.138,1,0.019000000000005457,BACKFILL_AUTO
2026-05-20 11:43:00,1779277380,CRASH300N,1548.138,0,0.0,BACKFILL_AUTO
2026-05-20 11:43:01,1779277381,CRASH300N,1548.146,1,0.008000000000038199,BACKFILL_AUTO
2026-05-20 11:43:02,1779277382,CRASH300N,1548.174,1,0.02800000000002001,BACKFILL_AUTO
2026-05-20 11:43:03,1779277383,CRASH300N,1548.201,1,0.027000000000043656,BACKFILL_AUTO
2026-05-20 11:43:04,1779277384,CRASH300N,1548.214,1,0.012999999999919964,BACKFILL_AUTO
2026-05-20 11:43:05,1779277385,CRASH300N,1548.247,1,0.03300000000012915,BACKFILL_AUTO
2026-05-20 11:43:06,1779277386,CRASH300N,1548.263,1,0.015999999999849024,BACKFILL_AUTO
2026-05-20 11:43:07,1779277387,CRASH300N,1548.279,1,0.016000000000076398,BACKFILL_AUTO
2026-05-20 11:43:08,1779277388,CRASH300N,1548.292,1,0.012999999999919964,BACKFILL_AUTO
2026-05-20 11:43:09,1779277389,CRASH300N,1548.305,1,0.013000000000147338,BACKFILL_AUTO
2026-05-20 11:43:10,1779277390,CRASH300N,1548.321,1,0.015999999999849024,BACKFILL_AUTO
2026-05-20 11:43:11,1779277391,CRASH300N,1548.346,1,0.02500000000009095,BACKFILL_AUTO
2026-05-20 11:43:12,1779277392,CRASH300N,1548.36,1,0.013999999999896318,BACKFILL_AUTO
2026-05-20 11:43:13,1779277393,CRASH300N,1548.383,1,0.023000000000138243,BACKFILL_AUTO
2026-05-20 11:43:14,1779277394,CRASH300N,1548.403,1,0.01999999999998181,BACKFILL_AUTO
2026-05-20 11:43:15,1779277395,CRASH300N,1548.418,1,0.01499999999987267,BACKFILL_AUTO
2026-05-20 11:43:16,1779277396,CRASH300N,1548.421,1,0.003000000000156433,BACKFILL_AUTO
2026-05-20 11:43:17,1779277397,CRASH300N,1548.431,1,0.009999999999990905,BACKFILL_AUTO
2026-05-20 11:43:18,1779277398,CRASH300N,1548.435,1,0.0039999999999054126,BACKFILL_AUTO
2026-05-20 11:43:19,1779277399,CRASH300N,1548.451,1,0.016000000000076398,BACKFILL_AUTO
2026-05-20 11:43:20,1779277400,CRASH300N,1548.465,1,0.013999999999896318,BACKFILL_AUTO
2026-05-20 11:43:21,1779277401,CRASH300N,1548.491,1,0.026000000000067303,BACKFILL_AUTO
2026-05-20 11:43:22,1779277402,CRASH300N,1548.517,1,0.026000000000067303,BACKFILL_AUTO
2026-05-20 11:43:23,1779277403,CRASH300N,1548.536,1,0.019000000000005457,BACKFILL_AUTO
2026-05-20 11:43:24,1779277404,CRASH300N,1548.555,1,0.019000000000005457,BACKFILL_AUTO
2026-05-20 11:43:25,1779277405,CRASH300N,1548.571,1,0.015999999999849024,BACKFILL_AUTO
2026-05-20 11:43:26,1779277406,CRASH300N,1548.573,1,0.00200000000018008,BACKFILL_AUTO
2026-05-20 11:43:27,1779277407,CRASH300N,1548.579,1,0.005999999999858119,BACKFILL_AUTO
2026-05-20 11:43:28,1779277408,CRASH300N,1548.589,1,0.009999999999990905,BACKFILL_AUTO
2026-05-20 11:43:29,1779277409,CRASH300N,1548.618,1,0.028999999999996362,BACKFILL_AUTO
2026-05-20 11:43:30,1779277410,CRASH300N,1548.624,1,0.0060000000000854925,BACKFILL_AUTO
2026-05-20 11:43:31,1779277411,CRASH300N,1548.644,1,0.01999999999998181,BACKFILL_AUTO
2026-05-20 11:43:32,1779277412,CRASH300N,1548.647,1,0.0029999999999290594,BACKFILL_AUTO
2026-05-20 11:43:33,1779277413,CRASH300N,1548.661,1,0.014000000000123691,BACKFILL_AUTO
2026-05-20 11:43:34,1779277414,CRASH300N,1548.664,1,0.0029999999999290594,BACKFILL_AUTO
2026-05-20 11:43:35,1779277415,CRASH300N,1548.679,1,0.015000000000100044,BACKFILL_AUTO
2026-05-20 11:43:36,1779277416,CRASH300N,1548.693,1,0.013999999999896318,BACKFILL_AUTO
2026-05-20 11:43:37,1779277417,CRASH300N,1548.711,1,0.018000000000029104,BACKFILL_AUTO
2026-05-20 11:43:38,1779277418,CRASH300N,1548.719,1,0.008000000000038199,BACKFILL_AUTO
2026-05-20 11:43:39,1779277419,CRASH300N,1548.721,1,0.0019999999999527063,BACKFILL_AUTO
2026-05-20 11:43:40,1779277420,CRASH300N,1548.728,1,0.007000000000061846,BACKFILL_AUTO
2026-05-20 11:43:41,1779277421,CRASH300N,1548.728,0,0.0,BACKFILL_AUTO
2026-05-20 11:43:42,1779277422,CRASH300N,1548.752,1,0.023999999999887223,BACKFILL_AUTO
2026-05-20 11:43:43,1779277423,CRASH300N,1548.759,1,0.007000000000061846,BACKFILL_AUTO
2026-05-20 11:43:44,1779277424,CRASH300N,1548.771,1,0.011999999999943611,BACKFILL_AUTO
2026-05-20 11:43:45,1779277425,CRASH300N,1548.797,1,0.026000000000067303,BACKFILL_AUTO
2026-05-20 11:43:46,1779277426,CRASH300N,1548.818,1,0.020999999999958163,BACKFILL_AUTO
2026-05-20 11:43:47,1779277427,CRASH300N,1548.823,1,0.005000000000109139,BACKFILL_AUTO
2026-05-20 11:43:48,1779277428,CRASH300N,1548.844,1,0.020999999999958163,BACKFILL_AUTO
2026-05-20 11:43:49,1779277429,CRASH300N,1548.848,1,0.0039999999999054126,BACKFILL_AUTO
2026-05-20 11:43:50,1779277430,CRASH300N,1548.894,1,0.04600000000004911,BACKFILL_AUTO
2026-05-20 11:43:51,1779277431,CRASH300N,1548.897,1,0.0029999999999290594,BACKFILL_AUTO
2026-05-20 11:43:52,1779277432,CRASH300N,1548.907,1,0.009999999999990905,BACKFILL_AUTO
2026-05-20 11:43:53,1779277433,CRASH300N,1548.912,1,0.005000000000109139,BACKFILL_AUTO
2026-05-20 11:43:54,1779277434,CRASH300N,1548.943,1,0.03099999999994907,BACKFILL_AUTO
2026-05-20 11:43:55,1779277435,CRASH300N,1548.946,1,0.0029999999999290594,BACKFILL_AUTO
2026-05-20 11:43:56,1779277436,CRASH300N,1548.954,1,0.008000000000038199,BACKFILL_AUTO
2026-05-20 11:43:57,1779277437,CRASH300N,1548.973,1,0.019000000000005457,BACKFILL_AUTO
2026-05-20 11:43:58,1779277438,CRASH300N,1549.0,1,0.027000000000043656,BACKFILL_AUTO
2026-05-20 11:43:59,1779277439,CRASH300N,1549.016,1,0.016000000000076398,BACKFILL_AUTO
2026-05-20 11:44:00,1779277440,CRASH300N,1549.026,1,0.009999999999990905,BACKFILL_AUTO
2026-05-20 11:44:01,1779277441,CRASH300N,1549.028,1,0.0019999999999527063,BACKFILL_AUTO
2026-05-20 11:44:02,1779277442,CRASH300N,1549.052,1,0.023999999999887223,BACKFILL_AUTO
2026-05-20 11:44:03,1779277443,CRASH300N,1549.056,1,0.004000000000132786,BACKFILL_AUTO
2026-05-20 11:44:04,1779277444,CRASH300N,1549.069,1,0.012999999999919964,BACKFILL_AUTO
2026-05-20 11:44:05,1779277445,CRASH300N,1549.074,1,0.005000000000109139,BACKFILL_AUTO
2026-05-20 11:44:06,1779277446,CRASH300N,1549.086,1,0.011999999999943611,BACKFILL_AUTO
2026-05-20 11:44:07,1779277447,CRASH300N,1549.096,1,0.009999999999990905,BACKFILL_AUTO
2026-05-20 11:44:08,1779277448,CRASH300N,1549.121,1,0.02500000000009095,BACKFILL_AUTO
2026-05-20 11:44:09,1779277449,CRASH300N,1549.136,1,0.01499999999987267,BACKFILL_AUTO
2026-05-20 11:44:10,1779277450,CRASH300N,1549.143,1,0.007000000000061846,BACKFILL_AUTO
2026-05-20 11:44:11,1779277451,CRASH300N,1549.16,1,0.01700000000005275,BACKFILL_AUTO
2026-05-20 11:44:12,1779277452,CRASH300N,1549.193,1,0.032999999999901775,BACKFILL_AUTO
2026-05-20 11:44:13,1779277453,CRASH300N,1549.216,1,0.02299999999991087,BACKFILL_AUTO
2026-05-20 11:44:14,1779277454,CRASH300N,1549.233,1,0.01700000000005275,BACKFILL_AUTO
2026-05-20 11:44:15,1779277455,CRASH300N,1549.238,1,0.005000000000109139,BACKFILL_AUTO
2026-05-20 11:44:16,1779277456,CRASH300N,1549.254,1,0.015999999999849024,BACKFILL_AUTO
2026-05-20 11:44:17,1779277457,CRASH300N,1549.275,1,0.021000000000185537,BACKFILL_AUTO
2026-05-20 11:44:18,1779277458,CRASH300N,1549.275,0,0.0,BACKFILL_AUTO
2026-05-20 11:44:19,1779277459,CRASH300N,1549.275,0,0.0,BACKFILL_AUTO
2026-05-20 11:44:20,1779277460,CRASH300N,1549.279,1,0.0039999999999054126,BACKFILL_AUTO
2026-05-20 11:44:21,1779277461,CRASH300N,1549.307,1,0.02800000000002001,BACKFILL_AUTO
2026-05-20 11:44:22,1779277462,CRASH300N,1549.326,1,0.019000000000005457,BACKFILL_AUTO
2026-05-20 11:44:23,1779277463,CRASH300N,1549.33,1,0.0039999999999054126,BACKFILL_AUTO
2026-05-20 11:44:24,1779277464,CRASH300N,1549.342,1,0.012000000000170985,BACKFILL_AUTO
2026-05-20 11:44:25,1779277465,CRASH300N,1549.369,1,0.026999999999816282,BACKFILL_AUTO
2026-05-20 11:44:26,1779277466,CRASH300N,1549.39,1,0.021000000000185537,BACKFILL_AUTO
2026-05-20 11:44:27,1779277467,CRASH300N,1549.398,1,0.007999999999810825,BACKFILL_AUTO
2026-05-20 11:44:28,1779277468,CRASH300N,1549.407,1,0.009000000000014552,BACKFILL_AUTO
2026-05-20 11:44:29,1779277469,CRASH300N,1549.424,1,0.01700000000005275,BACKFILL_AUTO
2026-05-20 11:44:30,1779277470,CRASH300N,1549.453,1,0.028999999999996362,BACKFILL_AUTO
2026-05-20 11:44:31,1779277471,CRASH300N,1549.485,1,0.03199999999992542,BACKFILL_AUTO
2026-05-20 11:44:32,1779277472,CRASH300N,1549.489,1,0.004000000000132786,BACKFILL_AUTO
2026-05-20 11:44:33,1779277473,CRASH300N,1549.508,1,0.019000000000005457,BACKFILL_AUTO
2026-05-20 11:44:34,1779277474,CRASH300N,1549.522,1,0.013999999999896318,BACKFILL_AUTO
2026-05-20 11:44:35,1779277475,CRASH300N,1549.54,1,0.018000000000029104,BACKFILL_AUTO
2026-05-20 11:44:36,1779277476,CRASH300N,1549.542,1,0.0019999999999527063,BACKFILL_AUTO
2026-05-20 11:44:37,1779277477,CRASH300N,1549.552,1,0.009999999999990905,BACKFILL_AUTO
2026-05-20 11:44:38,1779277478,CRASH300N,1549.573,1,0.021000000000185537,BACKFILL_AUTO
2026-05-20 11:44:39,1779277479,CRASH300N,1549.589,1,0.015999999999849024,BACKFILL_AUTO
2026-05-20 11:44:40,1779277480,CRASH300N,1549.604,1,0.015000000000100044,BACKFILL_AUTO
2026-05-20 11:44:41,1779277481,CRASH300N,1549.617,1,0.012999999999919964,BACKFILL_AUTO
2026-05-20 11:44:42,1779277482,CRASH300N,1549.651,1,0.0340000000001055,BACKFILL_AUTO
2026-05-20 11:44:43,1779277483,CRASH300N,1549.656,1,0.004999999999881766,BACKFILL_AUTO
2026-05-20 11:44:44,1779277484,CRASH300N,1549.663,1,0.007000000000061846,BACKFILL_AUTO
2026-05-20 11:44:45,1779277485,CRASH300N,1549.672,1,0.009000000000014552,BACKFILL_AUTO
2026-05-20 11:44:46,1779277486,CRASH300N,1549.698,1,0.026000000000067303,BACKFILL_AUTO
2026-05-20 11:44:47,1779277487,CRASH300N,1549.721,1,0.02299999999991087,BACKFILL_AUTO
2026-05-20 11:44:48,1779277488,CRASH300N,1549.737,1,0.016000000000076398,BACKFILL_AUTO
2026-05-20 11:44:49,1779277489,CRASH300N,1549.758,1,0.020999999999958163,BACKFILL_AUTO
2026-05-20 11:44:50,1779277490,CRASH300N,1549.778,1,0.01999999999998181,BACKFILL_AUTO
2026-05-20 11:44:51,1779277491,CRASH300N,1549.797,1,0.019000000000005457,BACKFILL_AUTO
2026-05-20 11:44:52,1779277492,CRASH300N,1549.821,1,0.023999999999887223,BACKFILL_AUTO
2026-05-20 11:44:53,1779277493,CRASH300N,1549.824,1,0.003000000000156433,BACKFILL_AUTO
2026-05-20 11:44:54,1779277494,CRASH300N,1549.834,1,0.009999999999990905,BACKFILL_AUTO
2026-05-20 11:44:55,1779277495,CRASH300N,1549.858,1,0.023999999999887223,BACKFILL_AUTO
2026-05-20 11:44:56,1779277496,CRASH300N,1549.863,1,0.005000000000109139,BACKFILL_AUTO
2026-05-20 11:44:57,1779277497,CRASH300N,1549.869,1,0.005999999999858119,BACKFILL_AUTO
2026-05-20 11:44:58,1779277498,CRASH300N,1549.894,1,0.02500000000009095,BACKFILL_AUTO
2026-05-20 11:44:59,1779277499,CRASH300N,1549.909,1,0.015000000000100044,BACKFILL_AUTO
2026-05-20 11:45:00,1779277500,CRASH300N,1549.922,1,0.012999999999919964,BACKFILL_AUTO
2026-05-20 11:45:01,1779277501,CRASH300N,1549.947,1,0.024999999999863576,BACKFILL_AUTO
2026-05-20 11:45:02,1779277502,CRASH300N,1549.953,1,0.0060000000000854925,BACKFILL_AUTO
2026-05-20 11:45:03,1779277503,CRASH300N,1549.97,1,0.01700000000005275,BACKFILL_AUTO
2026-05-20 11:45:04,1779277504,CRASH300N,1549.997,1,0.027000000000043656,BACKFILL_AUTO
2026-05-20 11:45:05,1779277505,CRASH300N,1550.024,1,0.026999999999816282,BACKFILL_AUTO
2026-05-20 11:45:06,1779277506,CRASH300N,1550.04,1,0.016000000000076398,BACKFILL_AUTO
2026-05-20 11:45:07,1779277507,CRASH300N,1550.043,1,0.0029999999999290594,BACKFILL_AUTO
2026-05-20 11:45:08,1779277508,CRASH300N,1550.059,1,0.016000000000076398,BACKFILL_AUTO
2026-05-20 11:45:09,1779277509,CRASH300N,1550.065,1,0.0060000000000854925,BACKFILL_AUTO
2026-05-20 11:45:10,1779277510,CRASH300N,1550.072,1,0.006999999999834472,BACKFILL_AUTO
2026-05-20 11:45:11,1779277511,CRASH300N,1550.076,1,0.004000000000132786,BACKFILL_AUTO
2026-05-20 11:45:12,1779277512,CRASH300N,1550.092,1,0.016000000000076398,BACKFILL_AUTO
2026-05-20 11:45:13,1779277513,CRASH300N,1550.1,1,0.007999999999810825,BACKFILL_AUTO
2026-05-20 11:45:14,1779277514,CRASH300N,1550.119,1,0.019000000000005457,BACKFILL_AUTO
2026-05-20 11:45:15,1779277515,CRASH300N,1550.131,1,0.012000000000170985,BACKFILL_AUTO
2026-05-20 11:45:16,1779277516,CRASH300N,1550.163,1,0.03199999999992542,BACKFILL_AUTO
2026-05-20 11:45:17,1779277517,CRASH300N,1550.165,1,0.0019999999999527063,BACKFILL_AUTO
2026-05-20 11:45:18,1779277518,CRASH300N,1550.183,1,0.018000000000029104,BACKFILL_AUTO
2026-05-20 11:45:19,1779277519,CRASH300N,1550.203,1,0.01999999999998181,BACKFILL_AUTO
2026-05-20 11:45:20,1779277520,CRASH300N,1550.208,1,0.005000000000109139,BACKFILL_AUTO
2026-05-20 11:45:21,1779277521,CRASH300N,1550.219,1,0.010999999999967258,BACKFILL_AUTO
2026-05-20 11:45:22,1779277522,CRASH300N,1550.223,1,0.0039999999999054126,BACKFILL_AUTO
2026-05-20 11:45:23,1779277523,CRASH300N,1550.253,1,0.029999999999972715,BACKFILL_AUTO
2026-05-20 11:45:24,1779277524,CRASH300N,1550.265,1,0.012000000000170985,BACKFILL_AUTO
2026-05-20 11:45:25,1779277525,CRASH300N,1550.272,1,0.006999999999834472,BACKFILL_AUTO
2026-05-20 11:45:26,1779277526,CRASH300N,1550.303,1,0.031000000000176442,BACKFILL_AUTO
2026-05-20 11:45:27,1779277527,CRASH300N,1550.303,0,0.0,BACKFILL_AUTO
2026-05-20 11:45:28,1779277528,CRASH300N,1550.326,1,0.02299999999991087,BACKFILL_AUTO
2026-05-20 11:45:29,1779277529,CRASH300N,1550.355,1,0.028999999999996362,BACKFILL_AUTO
2026-05-20 11:45:30,1779277530,CRASH300N,1550.39,1,0.035000000000081855,BACKFILL_AUTO
2026-05-20 11:45:31,1779277531,CRASH300N,1550.397,1,0.006999999999834472,BACKFILL_AUTO
2026-05-20 11:45:32,1779277532,CRASH300N,1550.411,1,0.014000000000123691,BACKFILL_AUTO
2026-05-20 11:45:33,1779277533,CRASH300N,1550.423,1,0.011999999999943611,BACKFILL_AUTO
2026-05-20 11:45:34,1779277534,CRASH300N,1550.433,1,0.009999999999990905,BACKFILL_AUTO
2026-05-20 11:45:35,1779277535,CRASH300N,1550.461,1,0.02800000000002001,BACKFILL_AUTO
2026-05-20 11:45:36,1779277536,CRASH300N,1550.477,1,0.016000000000076398,BACKFILL_AUTO
2026-05-20 11:45:37,1779277537,CRASH300N,1550.511,1,0.03399999999987813,BACKFILL_AUTO
2026-05-20 11:45:38,1779277538,CRASH300N,1550.522,1,0.010999999999967258,BACKFILL_AUTO
2026-05-20 11:45:39,1779277539,CRASH300N,1550.542,1,0.01999999999998181,BACKFILL_AUTO
2026-05-20 11:45:40,1779277540,CRASH300N,1550.577,1,0.035000000000081855,BACKFILL_AUTO
2026-05-20 11:45:41,1779277541,CRASH300N,1550.579,1,0.0019999999999527063,BACKFILL_AUTO
2026-05-20 11:45:42,1779277542,CRASH300N,1550.582,1,0.003000000000156433,BACKFILL_AUTO
2026-05-20 11:45:43,1779277543,CRASH300N,1550.593,1,0.010999999999967258,BACKFILL_AUTO
2026-05-20 11:45:44,1779277544,CRASH300N,1550.612,1,0.019000000000005457,BACKFILL_AUTO
2026-05-20 11:45:45,1779277545,CRASH300N,1550.628,1,0.015999999999849024,BACKFILL_AUTO
2026-05-20 11:45:46,1779277546,CRASH300N,1550.645,1,0.01700000000005275,BACKFILL_AUTO
2026-05-20 11:45:47,1779277547,CRASH300N,1550.652,1,0.007000000000061846,BACKFILL_AUTO
2026-05-20 11:45:48,1779277548,CRASH300N,1550.663,1,0.010999999999967258,BACKFILL_AUTO
2026-05-20 11:45:49,1779277549,CRASH300N,1550.681,1,0.018000000000029104,BACKFILL_AUTO
2026-05-20 11:45:50,1779277550,CRASH300N,1550.711,1,0.029999999999972715,BACKFILL_AUTO
2026-05-20 11:45:51,1779277551,CRASH300N,1550.734,1,0.02299999999991087,BACKFILL_AUTO
2026-05-20 11:45:52,1779277552,CRASH300N,1550.745,1,0.010999999999967258,BACKFILL_AUTO
2026-05-20 11:45:53,1779277553,CRASH300N,1550.773,1,0.02800000000002001,BACKFILL_AUTO
2026-05-20 11:45:54,1779277554,CRASH300N,1550.774,1,0.0009999999999763531,BACKFILL_AUTO
2026-05-20 11:45:55,1779277555,CRASH300N,1550.782,1,0.008000000000038199,BACKFILL_AUTO
2026-05-20 11:45:56,1779277556,CRASH300N,1550.787,1,0.005000000000109139,BACKFILL_AUTO
2026-05-20 11:45:57,1779277557,CRASH300N,1550.798,1,0.010999999999967258,BACKFILL_AUTO
2026-05-20 11:45:58,1779277558,CRASH300N,1550.803,1,0.005000000000109139,BACKFILL_AUTO
2026-05-20 11:45:59,1779277559,CRASH300N,1550.808,1,0.004999999999881766,BACKFILL_AUTO
2026-05-20 11:46:00,1779277560,CRASH300N,1550.809,1,0.0009999999999763531,BACKFILL_AUTO
2026-05-20 11:46:01,1779277561,CRASH300N,1550.811,1,0.0019999999999527063,BACKFILL_AUTO
2026-05-20 11:46:02,1779277562,CRASH300N,1550.814,1,0.003000000000156433,BACKFILL_AUTO
2026-05-20 11:46:03,1779277563,CRASH300N,1550.815,1,0.0009999999999763531,BACKFILL_AUTO
2026-05-20 11:46:04,1779277564,CRASH300N,1550.838,1,0.02299999999991087,BACKFILL_AUTO
2026-05-20 11:46:05,1779277565,CRASH300N,1550.846,1,0.008000000000038199,BACKFILL_AUTO
2026-05-20 11:46:06,1779277566,CRASH300N,1550.861,1,0.015000000000100044,BACKFILL_AUTO
2026-05-20 11:46:07,1779277567,CRASH300N,1550.875,1,0.013999999999896318,BACKFILL_AUTO
2026-05-20 11:46:08,1779277568,CRASH300N,1550.889,1,0.013999999999896318,BACKFILL_AUTO
2026-05-20 11:46:09,1779277569,CRASH300N,1550.901,1,0.012000000000170985,BACKFILL_AUTO
2026-05-20 11:46:10,1779277570,CRASH300N,1550.918,1,0.016999999999825377,BACKFILL_AUTO
2026-05-20 11:46:11,1779277571,CRASH300N,1550.923,1,0.005000000000109139,BACKFILL_AUTO
2026-05-20 11:46:12,1779277572,CRASH300N,1550.935,1,0.011999999999943611,BACKFILL_AUTO
2026-05-20 11:46:13,1779277573,CRASH300N,1550.943,1,0.008000000000038199,BACKFILL_AUTO
2026-05-20 11:46:14,1779277574,CRASH300N,1550.964,1,0.020999999999958163,BACKFILL_AUTO
2026-05-20 11:46:15,1779277575,CRASH300N,1550.974,1,0.009999999999990905,BACKFILL_AUTO
2026-05-20 11:46:16,1779277576,CRASH300N,1551.004,1,0.029999999999972715,BACKFILL_AUTO
2026-05-20 11:46:17,1779277577,CRASH300N,1551.009,1,0.005000000000109139,BACKFILL_AUTO
2026-05-20 11:46:18,1779277578,CRASH300N,1551.022,1,0.012999999999919964,BACKFILL_AUTO
2026-05-20 11:46:19,1779277579,CRASH300N,1551.032,1,0.009999999999990905,BACKFILL_AUTO
2026-05-20 11:46:20,1779277580,CRASH300N,1551.056,1,0.024000000000114596,BACKFILL_AUTO
2026-05-20 11:46:21,1779277581,CRASH300N,1551.079,1,0.02299999999991087,BACKFILL_AUTO
2026-05-20 11:46:22,1779277582,CRASH300N,1551.079,0,0.0,BACKFILL_AUTO
2026-05-20 11:46:23,1779277583,CRASH300N,1551.079,0,0.0,BACKFILL_AUTO
2026-05-20 11:46:24,1779277584,CRASH300N,1551.103,1,0.024000000000114596,BACKFILL_AUTO
2026-05-20 11:46:25,1779277585,CRASH300N,1551.115,1,0.011999999999943611,BACKFILL_AUTO
2026-05-20 11:46:26,1779277586,CRASH300N,1551.126,1,0.010999999999967258,BACKFILL_AUTO
2026-05-20 11:46:27,1779277587,CRASH300N,1551.13,1,0.004000000000132786,BACKFILL_AUTO
2026-05-20 11:46:28,1779277588,CRASH300N,1551.132,1,0.0019999999999527063,BACKFILL_AUTO
2026-05-20 11:46:29,1779277589,CRASH300N,1551.136,1,0.0039999999999054126,BACKFILL_AUTO
2026-05-20 11:46:30,1779277590,CRASH300N,1551.15,1,0.014000000000123691,BACKFILL_AUTO
2026-05-20 11:46:31,1779277591,CRASH300N,1551.163,1,0.012999999999919964,BACKFILL_AUTO
2026-05-20 11:46:32,1779277592,CRASH300N,1551.176,1,0.012999999999919964,BACKFILL_AUTO
2026-05-20 11:46:33,1779277593,CRASH300N,1551.195,1,0.019000000000005457,BACKFILL_AUTO
2026-05-20 11:46:34,1779277594,CRASH300N,1551.207,1,0.012000000000170985,BACKFILL_AUTO
2026-05-20 11:46:35,1779277595,CRASH300N,1551.208,1,0.0009999999999763531,BACKFILL_AUTO
2026-05-20 11:46:36,1779277596,CRASH300N,1551.21,1,0.0019999999999527063,BACKFILL_AUTO
2026-05-20 11:46:37,1779277597,CRASH300N,1551.21,0,0.0,BACKFILL_AUTO
2026-05-20 11:46:38,1779277598,CRASH300N,1551.21,0,0.0,BACKFILL_AUTO
2026-05-20 11:46:39,1779277599,CRASH300N,1551.213,1,0.0029999999999290594,BACKFILL_AUTO
2026-05-20 11:46:40,1779277600,CRASH300N,1551.213,0,0.0,BACKFILL_AUTO
2026-05-20 11:46:41,1779277601,CRASH300N,1551.215,1,0.0019999999999527063,BACKFILL_AUTO
2026-05-20 11:46:42,1779277602,CRASH300N,1551.231,1,0.016000000000076398,BACKFILL_AUTO
2026-05-20 11:46:43,1779277603,CRASH300N,1551.236,1,0.005000000000109139,BACKFILL_AUTO
2026-05-20 11:46:44,1779277604,CRASH300N,1551.251,1,0.01499999999987267,BACKFILL_AUTO
2026-05-20 11:46:45,1779277605,CRASH300N,1551.272,1,0.020999999999958163,BACKFILL_AUTO
2026-05-20 11:46:46,1779277606,CRASH300N,1551.279,1,0.007000000000061846,BACKFILL_AUTO
2026-05-20 11:46:47,1779277607,CRASH300N,1551.281,1,0.0019999999999527063,BACKFILL_AUTO
2026-05-20 11:46:48,1779277608,CRASH300N,1551.283,1,0.0019999999999527063,BACKFILL_AUTO
2026-05-20 11:46:49,1779277609,CRASH300N,1551.284,1,0.0010000000002037268,BACKFILL_AUTO
2026-05-20 11:46:50,1779277610,CRASH300N,1551.297,1,0.012999999999919964,BACKFILL_AUTO
2026-05-20 11:46:51,1779277611,CRASH300N,1551.3,1,0.0029999999999290594,BACKFILL_AUTO
2026-05-20 11:46:52,1779277612,CRASH300N,1551.32,1,0.01999999999998181,BACKFILL_AUTO
2026-05-20 11:46:53,1779277613,CRASH300N,1551.326,1,0.0060000000000854925,BACKFILL_AUTO
2026-05-20 11:46:54,1779277614,CRASH300N,1551.337,1,0.010999999999967258,BACKFILL_AUTO
2026-05-20 11:46:55,1779277615,CRASH300N,1551.339,1,0.0019999999999527063,BACKFILL_AUTO
2026-05-20 11:46:56,1779277616,CRASH300N,1551.354,1,0.015000000000100044,BACKFILL_AUTO
2026-05-20 11:46:57,1779277617,CRASH300N,1551.358,1,0.0039999999999054126,BACKFILL_AUTO
2026-05-20 11:46:58,1779277618,CRASH300N,1551.367,1,0.009000000000014552,BACKFILL_AUTO
2026-05-20 11:46:59,1779277619,CRASH300N,1551.391,1,0.024000000000114596,BACKFILL_AUTO
2026-05-20 11:47:00,1779277620,CRASH300N,1551.401,1,0.009999999999990905,BACKFILL_AUTO
2026-05-20 11:47:01,1779277621,CRASH300N,1551.434,1,0.032999999999901775,BACKFILL_AUTO
2026-05-20 11:47:02,1779277622,CRASH300N,1551.446,1,0.011999999999943611,BACKFILL_AUTO
2026-05-20 11:47:03,1779277623,CRASH300N,1551.447,1,0.0009999999999763531,BACKFILL_AUTO
2026-05-20 11:47:04,1779277624,CRASH300N,1551.454,1,0.007000000000061846,BACKFILL_AUTO
2026-05-20 11:47:05,1779277625,CRASH300N,1551.459,1,0.005000000000109139,BACKFILL_AUTO
2026-05-20 11:47:06,1779277626,CRASH300N,1551.487,1,0.02800000000002001,BACKFILL_AUTO
2026-05-20 11:47:07,1779277627,CRASH300N,1551.503,1,0.015999999999849024,BACKFILL_AUTO
2026-05-20 11:47:08,1779277628,CRASH300N,1551.527,1,0.024000000000114596,BACKFILL_AUTO
2026-05-20 11:47:09,1779277629,CRASH300N,1551.555,1,0.02800000000002001,BACKFILL_AUTO
2026-05-20 11:47:10,1779277630,CRASH300N,1551.567,1,0.011999999999943611,BACKFILL_AUTO
2026-05-20 11:47:11,1779277631,CRASH300N,1551.568,1,0.0009999999999763531,BACKFILL_AUTO
2026-05-20 11:47:12,1779277632,CRASH300N,1551.579,1,0.010999999999967258,BACKFILL_AUTO
2026-05-20 11:47:13,1779277633,CRASH300N,1551.598,1,0.019000000000005457,BACKFILL_AUTO
2026-05-20 11:47:14,1779277634,CRASH300N,1551.614,1,0.016000000000076398,BACKFILL_AUTO
2026-05-20 11:47:15,1779277635,CRASH300N,1551.642,1,0.02800000000002001,BACKFILL_AUTO
2026-05-20 11:47:16,1779277636,CRASH300N,1551.645,1,0.0029999999999290594,BACKFILL_AUTO
2026-05-20 11:47:17,1779277637,CRASH300N,1551.65,1,0.005000000000109139,BACKFILL_AUTO
2026-05-20 11:47:18,1779277638,CRASH300N,1551.656,1,0.005999999999858119,BACKFILL_AUTO
2026-05-20 11:47:19,1779277639,CRASH300N,1551.666,1,0.009999999999990905,BACKFILL_AUTO
2026-05-20 11:47:20,1779277640,CRASH300N,1551.676,1,0.009999999999990905,BACKFILL_AUTO
2026-05-20 11:47:21,1779277641,CRASH300N,1551.691,1,0.015000000000100044,BACKFILL_AUTO
2026-05-20 11:47:22,1779277642,CRASH300N,1551.698,1,0.007000000000061846,BACKFILL_AUTO
2026-05-20 11:47:23,1779277643,CRASH300N,1551.715,1,0.016999999999825377,BACKFILL_AUTO
2026-05-20 11:47:24,1779277644,CRASH300N,1551.716,1,0.0009999999999763531,BACKFILL_AUTO
2026-05-20 11:47:25,1779277645,CRASH300N,1551.728,1,0.012000000000170985,BACKFILL_AUTO
2026-05-20 11:47:26,1779277646,CRASH300N,1551.751,1,0.02299999999991087,BACKFILL_AUTO
2026-05-20 11:47:27,1779277647,CRASH300N,1551.774,1,0.02299999999991087,BACKFILL_AUTO
2026-05-20 11:47:28,1779277648,CRASH300N,1551.785,1,0.011000000000194632,BACKFILL_AUTO
2026-05-20 11:47:29,1779277649,CRASH300N,1551.794,1,0.009000000000014552,BACKFILL_AUTO
2026-05-20 11:47:30,1779277650,CRASH300N,1551.824,1,0.029999999999972715,BACKFILL_AUTO
2026-05-20 11:47:31,1779277651,CRASH300N,1551.833,1,0.009000000000014552,BACKFILL_AUTO
2026-05-20 11:47:32,1779277652,CRASH300N,1551.838,1,0.004999999999881766,BACKFILL_AUTO
2026-05-20 11:47:33,1779277653,CRASH300N,1551.845,1,0.007000000000061846,BACKFILL_AUTO
2026-05-20 11:47:34,1779277654,CRASH300N,1551.848,1,0.0029999999999290594,BACKFILL_AUTO
2026-05-20 11:47:35,1779277655,CRASH300N,1551.849,1,0.0009999999999763531,BACKFILL_AUTO
2026-05-20 11:47:36,1779277656,CRASH300N,1551.882,1,0.03300000000012915,BACKFILL_AUTO
2026-05-20 11:47:37,1779277657,CRASH300N,1551.888,1,0.005999999999858119,BACKFILL_AUTO
2026-05-20 11:47:38,1779277658,CRASH300N,1551.892,1,0.004000000000132786,BACKFILL_AUTO
2026-05-20 11:47:39,1779277659,CRASH300N,1551.901,1,0.009000000000014552,BACKFILL_AUTO
2026-05-20 11:47:40,1779277660,CRASH300N,1551.922,1,0.020999999999958163,BACKFILL_AUTO
2026-05-20 11:47:41,1779277661,CRASH300N,1551.939,1,0.01700000000005275,BACKFILL_AUTO
2026-05-20 11:47:42,1779277662,CRASH300N,1551.957,1,0.018000000000029104,BACKFILL_AUTO
2026-05-20 11:47:43,1779277663,CRASH300N,1551.957,0,0.0,BACKFILL_AUTO
2026-05-20 11:47:44,1779277664,CRASH300N,1551.971,1,0.013999999999896318,BACKFILL_AUTO
2026-05-20 11:47:45,1779277665,CRASH300N,1551.978,1,0.007000000000061846,BACKFILL_AUTO
2026-05-20 11:47:46,1779277666,CRASH300N,1551.985,1,0.006999999999834472,BACKFILL_AUTO
2026-05-20 11:47:47,1779277667,CRASH300N,1552.004,1,0.019000000000005457,BACKFILL_AUTO
2026-05-20 11:47:48,1779277668,CRASH300N,1552.02,1,0.016000000000076398,BACKFILL_AUTO
2026-05-20 11:47:49,1779277669,CRASH300N,1552.032,1,0.011999999999943611,BACKFILL_AUTO
2026-05-20 11:47:50,1779277670,CRASH300N,1552.049,1,0.01700000000005275,BACKFILL_AUTO
2026-05-20 11:47:51,1779277671,CRASH300N,1552.06,1,0.010999999999967258,BACKFILL_AUTO
2026-05-20 11:47:52,1779277672,CRASH300N,1552.06,0,0.0,BACKFILL_AUTO
2026-05-20 11:47:53,1779277673,CRASH300N,1552.062,1,0.0019999999999527063,BACKFILL_AUTO
2026-05-20 11:47:54,1779277674,CRASH300N,1552.089,1,0.027000000000043656,BACKFILL_AUTO
2026-05-20 11:47:55,1779277675,CRASH300N,1552.105,1,0.016000000000076398,BACKFILL_AUTO
2026-05-20 11:47:56,1779277676,CRASH300N,1552.115,1,0.009999999999990905,BACKFILL_AUTO
2026-05-20 11:47:57,1779277677,CRASH300N,1552.133,1,0.018000000000029104,BACKFILL_AUTO
2026-05-20 11:47:58,1779277678,CRASH300N,1552.154,1,0.020999999999958163,BACKFILL_AUTO
2026-05-20 11:47:59,1779277679,CRASH300N,1552.165,1,0.010999999999967258,BACKFILL_AUTO
2026-05-20 11:48:00,1779277680,CRASH300N,1552.178,1,0.013000000000147338,BACKFILL_AUTO
2026-05-20 11:48:01,1779277681,CRASH300N,1552.195,1,0.016999999999825377,BACKFILL_AUTO
2026-05-20 11:48:02,1779277682,CRASH300N,1552.215,1,0.01999999999998181,BACKFILL_AUTO
2026-05-20 11:48:03,1779277683,CRASH300N,1552.217,1,0.00200000000018008,BACKFILL_AUTO
2026-05-20 11:48:04,1779277684,CRASH300N,1552.218,1,0.0009999999999763531,BACKFILL_AUTO
2026-05-20 11:48:05,1779277685,CRASH300N,1552.219,1,0.0009999999999763531,BACKFILL_AUTO
2026-05-20 11:48:06,1779277686,CRASH300N,1552.221,1,0.0019999999999527063,BACKFILL_AUTO
2026-05-20 11:48:07,1779277687,CRASH300N,1552.225,1,0.0039999999999054126,BACKFILL_AUTO
2026-05-20 11:48:08,1779277688,CRASH300N,1552.251,1,0.026000000000067303,BACKFILL_AUTO
2026-05-20 11:48:09,1779277689,CRASH300N,1552.251,0,0.0,BACKFILL_AUTO
2026-05-20 11:48:10,1779277690,CRASH300N,1552.254,1,0.0029999999999290594,BACKFILL_AUTO
2026-05-20 11:48:11,1779277691,CRASH300N,1552.266,1,0.012000000000170985,BACKFILL_AUTO
2026-05-20 11:48:12,1779277692,CRASH300N,1552.279,1,0.012999999999919964,BACKFILL_AUTO
2026-05-20 11:48:13,1779277693,CRASH300N,1552.29,1,0.010999999999967258,BACKFILL_AUTO
2026-05-20 11:48:14,1779277694,CRASH300N,1552.308,1,0.018000000000029104,BACKFILL_AUTO
2026-05-20 11:48:15,1779277695,CRASH300N,1552.324,1,0.016000000000076398,BACKFILL_AUTO
2026-05-20 11:48:16,1779277696,CRASH300N,1552.336,1,0.011999999999943611,BACKFILL_AUTO
2026-05-20 11:48:17,1779277697,CRASH300N,1552.353,1,0.01700000000005275,BACKFILL_AUTO
2026-05-20 11:48:18,1779277698,CRASH300N,1552.372,1,0.019000000000005457,BACKFILL_AUTO
2026-05-20 11:48:19,1779277699,CRASH300N,1552.394,1,0.021999999999934516,BACKFILL_AUTO
2026-05-20 11:48:20,1779277700,CRASH300N,1552.397,1,0.0029999999999290594,BACKFILL_AUTO
2026-05-20 11:48:21,1779277701,CRASH300N,1552.424,1,0.027000000000043656,BACKFILL_AUTO
2026-05-20 11:48:22,1779277702,CRASH300N,1552.429,1,0.005000000000109139,BACKFILL_AUTO
2026-05-20 11:48:23,1779277703,CRASH300N,1552.45,1,0.020999999999958163,BACKFILL_AUTO
2026-05-20 11:48:24,1779277704,CRASH300N,1552.45,0,0.0,BACKFILL_AUTO
2026-05-20 11:48:25,1779277705,CRASH300N,1552.469,1,0.019000000000005457,BACKFILL_AUTO
2026-05-20 11:48:26,1779277706,CRASH300N,1552.49,1,0.020999999999958163,BACKFILL_AUTO
2026-05-20 11:48:27,1779277707,CRASH300N,1552.491,1,0.0009999999999763531,BACKFILL_AUTO
2026-05-20 11:48:28,1779277708,CRASH300N,1552.539,1,0.04800000000000182,BACKFILL_AUTO
2026-05-20 11:48:29,1779277709,CRASH300N,1552.543,1,0.0039999999999054126,BACKFILL_AUTO
2026-05-20 11:48:30,1779277710,CRASH300N,1552.544,1,0.0010000000002037268,BACKFILL_AUTO
2026-05-20 11:48:31,1779277711,CRASH300N,1552.569,1,0.024999999999863576,BACKFILL_AUTO
2026-05-20 11:48:32,1779277712,CRASH300N,1552.598,1,0.028999999999996362,BACKFILL_AUTO
2026-05-20 11:48:33,1779277713,CRASH300N,1552.603,1,0.005000000000109139,BACKFILL_AUTO
2026-05-20 11:48:34,1779277714,CRASH300N,1552.632,1,0.028999999999996362,BACKFILL_AUTO
2026-05-20 11:48:35,1779277715,CRASH300N,1552.638,1,0.005999999999858119,BACKFILL_AUTO
2026-05-20 11:48:36,1779277716,CRASH300N,1552.669,1,0.031000000000176442,BACKFILL_AUTO
2026-05-20 11:48:37,1779277717,CRASH300N,1552.683,1,0.013999999999896318,BACKFILL_AUTO
2026-05-20 11:48:38,1779277718,CRASH300N,1552.688,1,0.005000000000109139,BACKFILL_AUTO
2026-05-20 11:48:39,1779277719,CRASH300N,1552.716,1,0.027999999999792635,BACKFILL_AUTO
2026-05-20 11:48:40,1779277720,CRASH300N,1552.748,1,0.032000000000152795,BACKFILL_AUTO
2026-05-20 11:48:41,1779277721,CRASH300N,1552.753,1,0.004999999999881766,BACKFILL_AUTO
2026-05-20 11:48:42,1779277722,CRASH300N,1552.768,1,0.015000000000100044,BACKFILL_AUTO
2026-05-20 11:48:43,1779277723,CRASH300N,1552.774,1,0.005999999999858119,BACKFILL_AUTO
2026-05-20 11:48:44,1779277724,CRASH300N,1552.775,1,0.0010000000002037268,BACKFILL_AUTO
2026-05-20 11:48:45,1779277725,CRASH300N,1552.782,1,0.006999999999834472,BACKFILL_AUTO
2026-05-20 11:48:46,1779277726,CRASH300N,1552.786,1,0.004000000000132786,BACKFILL_AUTO
2026-05-20 11:48:47,1779277727,CRASH300N,1552.8,1,0.013999999999896318,BACKFILL_AUTO
2026-05-20 11:48:48,1779277728,CRASH300N,1552.807,1,0.007000000000061846,BACKFILL_AUTO
2026-05-20 11:48:49,1779277729,CRASH300N,1552.825,1,0.018000000000029104,BACKFILL_AUTO
2026-05-20 11:48:50,1779277730,CRASH300N,1552.84,1,0.01499999999987267,BACKFILL_AUTO
2026-05-20 11:48:51,1779277731,CRASH300N,1552.85,1,0.009999999999990905,BACKFILL_AUTO
2026-05-20 11:48:52,1779277732,CRASH300N,1552.872,1,0.02200000000016189,BACKFILL_AUTO
2026-05-20 11:48:53,1779277733,CRASH300N,1552.872,0,0.0,BACKFILL_AUTO
2026-05-20 11:48:54,1779277734,CRASH300N,1552.875,1,0.0029999999999290594,BACKFILL_AUTO
2026-05-20 11:48:55,1779277735,CRASH300N,1552.903,1,0.02800000000002001,BACKFILL_AUTO
2026-05-20 11:48:56,1779277736,CRASH300N,1552.926,1,0.02299999999991087,BACKFILL_AUTO
2026-05-20 11:48:57,1779277737,CRASH300N,1552.953,1,0.027000000000043656,BACKFILL_AUTO
2026-05-20 11:48:58,1779277738,CRASH300N,1552.973,1,0.01999999999998181,BACKFILL_AUTO
2026-05-20 11:48:59,1779277739,CRASH300N,1552.983,1,0.009999999999990905,BACKFILL_AUTO
2026-05-20 11:49:00,1779277740,CRASH300N,1552.992,1,0.009000000000014552,BACKFILL_AUTO
2026-05-20 11:49:01,1779277741,CRASH300N,1553.016,1,0.024000000000114596,BACKFILL_AUTO
2026-05-20 11:49:02,1779277742,CRASH300N,1553.018,1,0.0019999999999527063,BACKFILL_AUTO
2026-05-20 11:49:03,1779277743,CRASH300N,1553.02,1,0.0019999999999527063,BACKFILL_AUTO
2026-05-20 11:49:04,1779277744,CRASH300N,1553.037,1,0.01700000000005275,BACKFILL_AUTO
2026-05-20 11:49:05,1779277745,CRASH300N,1553.059,1,0.021999999999934516,BACKFILL_AUTO
2026-05-20 11:49:06,1779277746,CRASH300N,1553.06,1,0.0009999999999763531,BACKFILL_AUTO
2026-05-20 11:49:07,1779277747,CRASH300N,1553.078,1,0.018000000000029104,BACKFILL_AUTO
2026-05-20 11:49:08,1779277748,CRASH300N,1553.11,1,0.03199999999992542,BACKFILL_AUTO
2026-05-20 11:49:09,1779277749,CRASH300N,1553.12,1,0.009999999999990905,BACKFILL_AUTO
2026-05-20 11:49:10,1779277750,CRASH300N,1553.123,1,0.003000000000156433,BACKFILL_AUTO
2026-05-20 11:49:11,1779277751,CRASH300N,1553.138,1,0.01499999999987267,BACKFILL_AUTO
2026-05-20 11:49:12,1779277752,CRASH300N,1553.139,1,0.0009999999999763531,BACKFILL_AUTO
2026-05-20 11:49:13,1779277753,CRASH300N,1553.165,1,0.026000000000067303,BACKFILL_AUTO
2026-05-20 11:49:14,1779277754,CRASH300N,1553.17,1,0.005000000000109139,BACKFILL_AUTO
2026-05-20 11:49:15,1779277755,CRASH300N,1553.189,1,0.019000000000005457,BACKFILL_AUTO
2026-05-20 11:49:16,1779277756,CRASH300N,1553.189,0,0.0,BACKFILL_AUTO
2026-05-20 11:49:17,1779277757,CRASH300N,1553.21,1,0.020999999999958163,BACKFILL_AUTO
2026-05-20 11:49:18,1779277758,CRASH300N,1553.211,1,0.0009999999999763531,BACKFILL_AUTO
2026-05-20 11:49:19,1779277759,CRASH300N,1553.227,1,0.016000000000076398,BACKFILL_AUTO
2026-05-20 11:49:20,1779277760,CRASH300N,1553.252,1,0.024999999999863576,BACKFILL_AUTO
2026-05-20 11:49:21,1779277761,CRASH300N,1553.254,1,0.0019999999999527063,BACKFILL_AUTO
2026-05-20 11:49:22,1779277762,CRASH300N,1553.273,1,0.019000000000005457,BACKFILL_AUTO
2026-05-20 11:49:23,1779277763,CRASH300N,1553.28,1,0.007000000000061846,BACKFILL_AUTO
2026-05-20 11:49:24,1779277764,CRASH300N,1553.285,1,0.005000000000109139,BACKFILL_AUTO
2026-05-20 11:49:25,1779277765,CRASH300N,1553.299,1,0.013999999999896318,BACKFILL_AUTO
2026-05-20 11:49:26,1779277766,CRASH300N,1553.312,1,0.012999999999919964,BACKFILL_AUTO
2026-05-20 11:49:27,1779277767,CRASH300N,1553.341,1,0.028999999999996362,BACKFILL_AUTO
2026-05-20 11:49:28,1779277768,CRASH300N,1553.347,1,0.0060000000000854925,BACKFILL_AUTO
2026-05-20 11:49:29,1779277769,CRASH300N,1553.35,1,0.0029999999999290594,BACKFILL_AUTO
2026-05-20 11:49:30,1779277770,CRASH300N,1553.384,1,0.0340000000001055,BACKFILL_AUTO
2026-05-20 11:49:31,1779277771,CRASH300N,1553.393,1,0.009000000000014552,BACKFILL_AUTO
2026-05-20 11:49:32,1779277772,CRASH300N,1553.427,1,0.03399999999987813,BACKFILL_AUTO
2026-05-20 11:49:33,1779277773,CRASH300N,1553.437,1,0.009999999999990905,BACKFILL_AUTO
2026-05-20 11:49:34,1779277774,CRASH300N,1553.451,1,0.014000000000123691,BACKFILL_AUTO
2026-05-20 11:49:35,1779277775,CRASH300N,1553.455,1,0.0039999999999054126,BACKFILL_AUTO
2026-05-20 11:49:36,1779277776,CRASH300N,1553.487,1,0.032000000000152795,BACKFILL_AUTO
2026-05-20 11:49:37,1779277777,CRASH300N,1553.504,1,0.016999999999825377,BACKFILL_AUTO
2026-05-20 11:49:38,1779277778,CRASH300N,1553.51,1,0.0060000000000854925,BACKFILL_AUTO
2026-05-20 11:49:39,1779277779,CRASH300N,1553.53,1,0.01999999999998181,BACKFILL_AUTO
2026-05-20 11:49:40,1779277780,CRASH300N,1553.535,1,0.005000000000109139,BACKFILL_AUTO
2026-05-20 11:49:41,1779277781,CRASH300N,1553.544,1,0.009000000000014552,BACKFILL_AUTO
2026-05-20 11:49:42,1779277782,CRASH300N,1553.569,1,0.024999999999863576,BACKFILL_AUTO
2026-05-20 11:49:43,1779277783,CRASH300N,1553.59,1,0.020999999999958163,BACKFILL_AUTO
2026-05-20 11:49:44,1779277784,CRASH300N,1553.61,1,0.01999999999998181,BACKFILL_AUTO
2026-05-20 11:49:45,1779277785,CRASH300N,1553.612,1,0.00200000000018008,BACKFILL_AUTO
2026-05-20 11:49:46,1779277786,CRASH300N,1553.627,1,0.01499999999987267,BACKFILL_AUTO
2026-05-20 11:49:47,1779277787,CRASH300N,1553.634,1,0.007000000000061846,BACKFILL_AUTO
2026-05-20 11:49:48,1779277788,CRASH300N,1553.656,1,0.021999999999934516,BACKFILL_AUTO
2026-05-20 11:49:49,1779277789,CRASH300N,1553.68,1,0.024000000000114596,BACKFILL_AUTO
2026-05-20 11:49:50,1779277790,CRASH300N,1553.695,1,0.01499999999987267,BACKFILL_AUTO
2026-05-20 11:49:51,1779277791,CRASH300N,1553.706,1,0.010999999999967258,BACKFILL_AUTO
2026-05-20 11:49:52,1779277792,CRASH300N,1553.72,1,0.014000000000123691,BACKFILL_AUTO
2026-05-20 11:49:53,1779277793,CRASH300N,1553.733,1,0.012999999999919964,BACKFILL_AUTO
2026-05-20 11:49:54,1779277794,CRASH300N,1553.759,1,0.026000000000067303,BACKFILL_AUTO
2026-05-20 11:49:55,1779277795,CRASH300N,1553.778,1,0.019000000000005457,BACKFILL_AUTO
2026-05-20 11:49:56,1779277796,CRASH300N,1553.805,1,0.027000000000043656,BACKFILL_AUTO
2026-05-20 11:49:57,1779277797,CRASH300N,1553.828,1,0.02299999999991087,BACKFILL_AUTO
2026-05-20 11:49:58,1779277798,CRASH300N,1553.838,1,0.009999999999990905,BACKFILL_AUTO
2026-05-20 11:49:59,1779277799,CRASH300N,1553.845,1,0.007000000000061846,BACKFILL_AUTO
2026-05-20 11:50:00,1779277800,CRASH300N,1553.858,1,0.012999999999919964,BACKFILL_AUTO
2026-05-20 11:50:01,1779277801,CRASH300N,1553.878,1,0.01999999999998181,BACKFILL_AUTO
2026-05-20 11:50:02,1779277802,CRASH300N,1553.904,1,0.026000000000067303,BACKFILL_AUTO
2026-05-20 11:50:03,1779277803,CRASH300N,1553.907,1,0.0029999999999290594,BACKFILL_AUTO
2026-05-20 11:50:04,1779277804,CRASH300N,1553.917,1,0.009999999999990905,BACKFILL_AUTO
2026-05-20 11:50:05,1779277805,CRASH300N,1553.919,1,0.00200000000018008,BACKFILL_AUTO
2026-05-20 11:50:06,1779277806,CRASH300N,1553.938,1,0.019000000000005457,BACKFILL_AUTO
2026-05-20 11:50:07,1779277807,CRASH300N,1553.957,1,0.019000000000005457,BACKFILL_AUTO
2026-05-20 11:50:08,1779277808,CRASH300N,1553.972,1,0.01499999999987267,BACKFILL_AUTO
2026-05-20 11:50:09,1779277809,CRASH300N,1553.982,1,0.009999999999990905,BACKFILL_AUTO
2026-05-20 11:50:10,1779277810,CRASH300N,1553.999,1,0.01700000000005275,BACKFILL_AUTO
2026-05-20 11:50:11,1779277811,CRASH300N,1554.01,1,0.010999999999967258,BACKFILL_AUTO
2026-05-20 11:50:12,1779277812,CRASH300N,1554.038,1,0.02800000000002001,BACKFILL_AUTO
2026-05-20 11:50:13,1779277813,CRASH300N,1554.071,1,0.032999999999901775,BACKFILL_AUTO
2026-05-20 11:50:14,1779277814,CRASH300N,1554.077,1,0.0060000000000854925,BACKFILL_AUTO
2026-05-20 11:50:15,1779277815,CRASH300N,1554.085,1,0.008000000000038199,BACKFILL_AUTO
2026-05-20 11:50:16,1779277816,CRASH300N,1554.103,1,0.018000000000029104,BACKFILL_AUTO
2026-05-20 11:50:17,1779277817,CRASH300N,1554.141,1,0.038000000000010914,BACKFILL_AUTO
2026-05-20 11:50:18,1779277818,CRASH300N,1554.161,1,0.01999999999998181,BACKFILL_AUTO
2026-05-20 11:50:19,1779277819,CRASH300N,1554.182,1,0.020999999999958163,BACKFILL_AUTO
2026-05-20 11:50:20,1779277820,CRASH300N,1554.183,1,0.0009999999999763531,BACKFILL_AUTO
2026-05-20 11:50:21,1779277821,CRASH300N,1554.193,1,0.009999999999990905,BACKFILL_AUTO
2026-05-20 11:50:22,1779277822,CRASH300N,1554.216,1,0.02299999999991087,BACKFILL_AUTO
2026-05-20 11:50:23,1779277823,CRASH300N,1554.242,1,0.026000000000067303,BACKFILL_AUTO
2026-05-20 11:50:24,1779277824,CRASH300N,1554.245,1,0.0029999999999290594,BACKFILL_AUTO
2026-05-20 11:50:25,1779277825,CRASH300N,1554.253,1,0.008000000000038199,BACKFILL_AUTO
2026-05-20 11:50:26,1779277826,CRASH300N,1554.255,1,0.00200000000018008,BACKFILL_AUTO
2026-05-20 11:50:27,1779277827,CRASH300N,1554.262,1,0.006999999999834472,BACKFILL_AUTO
2026-05-20 11:50:28,1779277828,CRASH300N,1554.264,1,0.0019999999999527063,BACKFILL_AUTO
2026-05-20 11:50:29,1779277829,CRASH300N,1554.267,1,0.003000000000156433,BACKFILL_AUTO
2026-05-20 11:50:30,1779277830,CRASH300N,1554.286,1,0.019000000000005457,BACKFILL_AUTO
2026-05-20 11:50:31,1779277831,CRASH300N,1554.322,1,0.035999999999830834,BACKFILL_AUTO
2026-05-20 11:50:32,1779277832,CRASH300N,1554.334,1,0.012000000000170985,BACKFILL_AUTO
2026-05-20 11:50:33,1779277833,CRASH300N,1554.342,1,0.008000000000038199,BACKFILL_AUTO
2026-05-20 11:50:34,1779277834,CRASH300N,1554.352,1,0.009999999999990905,BACKFILL_AUTO
2026-05-20 11:50:35,1779277835,CRASH300N,1554.353,1,0.0009999999999763531,BACKFILL_AUTO
2026-05-20 11:50:36,1779277836,CRASH300N,1554.358,1,0.004999999999881766,BACKFILL_AUTO
2026-05-20 11:50:37,1779277837,CRASH300N,1554.37,1,0.011999999999943611,BACKFILL_AUTO
2026-05-20 11:50:38,1779277838,CRASH300N,1554.379,1,0.009000000000014552,BACKFILL_AUTO
2026-05-20 11:50:39,1779277839,CRASH300N,1554.385,1,0.0060000000000854925,BACKFILL_AUTO
2026-05-20 11:50:40,1779277840,CRASH300N,1554.414,1,0.028999999999996362,BACKFILL_AUTO
2026-05-20 11:50:41,1779277841,CRASH300N,1554.435,1,0.020999999999958163,BACKFILL_AUTO
2026-05-20 11:50:42,1779277842,CRASH300N,1554.448,1,0.013000000000147338,BACKFILL_AUTO
2026-05-20 11:50:43,1779277843,CRASH300N,1554.456,1,0.007999999999810825,BACKFILL_AUTO
2026-05-20 11:50:44,1779277844,CRASH300N,1554.477,1,0.021000000000185537,BACKFILL_AUTO
2026-05-20 11:50:45,1779277845,CRASH300N,1554.491,1,0.013999999999896318,BACKFILL_AUTO
2026-05-20 11:50:46,1779277846,CRASH300N,1554.514,1,0.02299999999991087,BACKFILL_AUTO
2026-05-20 11:50:47,1779277847,CRASH300N,1554.529,1,0.015000000000100044,BACKFILL_AUTO
2026-05-20 11:50:48,1779277848,CRASH300N,1554.544,1,0.015000000000100044,BACKFILL_AUTO
2026-05-20 11:50:49,1779277849,CRASH300N,1554.559,1,0.01499999999987267,BACKFILL_AUTO
2026-05-20 11:50:50,1779277850,CRASH300N,1554.564,1,0.005000000000109139,BACKFILL_AUTO
2026-05-20 11:50:51,1779277851,CRASH300N,1554.579,1,0.01499999999987267,BACKFILL_AUTO
2026-05-20 11:50:52,1779277852,CRASH300N,1554.584,1,0.005000000000109139,BACKFILL_AUTO
2026-05-20 11:50:53,1779277853,CRASH300N,1554.587,1,0.0029999999999290594,BACKFILL_AUTO
2026-05-20 11:50:54,1779277854,CRASH300N,1554.603,1,0.016000000000076398,BACKFILL_AUTO
2026-05-20 11:50:55,1779277855,CRASH300N,1554.609,1,0.005999999999858119,BACKFILL_AUTO
2026-05-20 11:50:56,1779277856,CRASH300N,1554.623,1,0.014000000000123691,BACKFILL_AUTO
2026-05-20 11:50:57,1779277857,CRASH300N,1554.627,1,0.0039999999999054126,BACKFILL_AUTO
2026-05-20 11:50:58,1779277858,CRASH300N,1554.634,1,0.007000000000061846,BACKFILL_AUTO
2026-05-20 11:50:59,1779277859,CRASH300N,1554.658,1,0.023999999999887223,BACKFILL_AUTO
2026-05-20 11:51:00,1779277860,CRASH300N,1554.666,1,0.008000000000038199,BACKFILL_AUTO
2026-05-20 11:51:01,1779277861,CRASH300N,1554.677,1,0.010999999999967258,BACKFILL_AUTO
2026-05-20 11:51:02,1779277862,CRASH300N,1554.693,1,0.016000000000076398,BACKFILL_AUTO
2026-05-20 11:51:03,1779277863,CRASH300N,1554.702,1,0.009000000000014552,BACKFILL_AUTO
2026-05-20 11:51:04,1779277864,CRASH300N,1554.706,1,0.0039999999999054126,BACKFILL_AUTO
2026-05-20 11:51:05,1779277865,CRASH300N,1554.715,1,0.009000000000014552,BACKFILL_AUTO
2026-05-20 11:51:06,1779277866,CRASH300N,1554.721,1,0.0060000000000854925,BACKFILL_AUTO
2026-05-20 11:51:07,1779277867,CRASH300N,1554.729,1,0.008000000000038199,BACKFILL_AUTO
2026-05-20 11:51:08,1779277868,CRASH300N,1554.744,1,0.01499999999987267,BACKFILL_AUTO
2026-05-20 11:51:09,1779277869,CRASH300N,1554.751,1,0.007000000000061846,BACKFILL_AUTO
2026-05-20 11:51:10,1779277870,CRASH300N,1554.767,1,0.016000000000076398,BACKFILL_AUTO
2026-05-20 11:51:11,1779277871,CRASH300N,1554.78,1,0.012999999999919964,BACKFILL_AUTO
2026-05-20 11:51:12,1779277872,CRASH300N,1554.789,1,0.009000000000014552,BACKFILL_AUTO
2026-05-20 11:51:13,1779277873,CRASH300N,1554.806,1,0.01700000000005275,BACKFILL_AUTO
2026-05-20 11:51:14,1779277874,CRASH300N,1554.821,1,0.01499999999987267,BACKFILL_AUTO
2026-05-20 11:51:15,1779277875,CRASH300N,1554.826,1,0.005000000000109139,BACKFILL_AUTO
2026-05-20 11:51:16,1779277876,CRASH300N,1554.86,1,0.03399999999987813,BACKFILL_AUTO
2026-05-20 11:51:17,1779277877,CRASH300N,1554.862,1,0.00200000000018008,BACKFILL_AUTO
2026-05-20 11:51:18,1779277878,CRASH300N,1554.878,1,0.015999999999849024,BACKFILL_AUTO
2026-05-20 11:51:19,1779277879,CRASH300N,1554.884,1,0.0060000000000854925,BACKFILL_AUTO
2026-05-20 11:51:20,1779277880,CRASH300N,1554.886,1,0.0019999999999527063,BACKFILL_AUTO
2026-05-20 11:51:21,1779277881,CRASH300N,1554.897,1,0.010999999999967258,BACKFILL_AUTO
2026-05-20 11:51:22,1779277882,CRASH300N,1554.919,1,0.02200000000016189,BACKFILL_AUTO
2026-05-20 11:51:23,1779277883,CRASH300N,1554.963,1,0.04399999999986903,BACKFILL_AUTO
2026-05-20 11:51:24,1779277884,CRASH300N,1551.731,-1,3.231999999999971,BACKFILL_AUTO
2026-05-20 11:51:25,1779277885,CRASH300N,1551.743,1,0.011999999999943611,BACKFILL_AUTO
2026-05-20 11:51:26,1779277886,CRASH300N,1551.747,1,0.004000000000132786,BACKFILL_AUTO
2026-05-20 11:51:27,1779277887,CRASH300N,1551.747,0,0.0,BACKFILL_AUTO
2026-05-20 11:51:28,1779277888,CRASH300N,1551.763,1,0.015999999999849024,BACKFILL_AUTO
2026-05-20 11:51:29,1779277889,CRASH300N,1551.776,1,0.013000000000147338,BACKFILL_AUTO
2026-05-20 11:51:30,1779277890,CRASH300N,1551.79,1,0.013999999999896318,BACKFILL_AUTO
2026-05-20 11:51:31,1779277891,CRASH300N,1551.802,1,0.011999999999943611,BACKFILL_AUTO
2026-05-20 11:51:32,1779277892,CRASH300N,1551.802,0,0.0,BACKFILL_AUTO
2026-05-20 11:51:33,1779277893,CRASH300N,1551.804,1,0.00200000000018008,BACKFILL_AUTO
2026-05-20 11:51:34,1779277894,CRASH300N,1551.807,1,0.0029999999999290594,BACKFILL_AUTO
2026-05-20 11:51:35,1779277895,CRASH300N,1551.812,1,0.004999999999881766,BACKFILL_AUTO
2026-05-20 11:51:36,1779277896,CRASH300N,1551.812,0,0.0,BACKFILL_AUTO
2026-05-20 11:51:37,1779277897,CRASH300N,1551.827,1,0.015000000000100044,BACKFILL_AUTO
2026-05-20 11:51:38,1779277898,CRASH300N,1551.834,1,0.007000000000061846,BACKFILL_AUTO
2026-05-20 11:51:39,1779277899,CRASH300N,1551.862,1,0.02800000000002001,BACKFILL_AUTO
2026-05-20 11:51:40,1779277900,CRASH300N,1551.877,1,0.01499999999987267,BACKFILL_AUTO
2026-05-20 11:51:41,1779277901,CRASH300N,1551.895,1,0.018000000000029104,BACKFILL_AUTO
2026-05-20 11:51:42,1779277902,CRASH300N,1551.902,1,0.007000000000061846,BACKFILL_AUTO
2026-05-20 11:51:43,1779277903,CRASH300N,1551.903,1,0.0009999999999763531,BACKFILL_AUTO
2026-05-20 11:51:44,1779277904,CRASH300N,1551.904,1,0.0009999999999763531,BACKFILL_AUTO
2026-05-20 11:51:45,1779277905,CRASH300N,1551.937,1,0.032999999999901775,BACKFILL_AUTO
2026-05-20 11:51:46,1779277906,CRASH300N,1551.958,1,0.021000000000185537,BACKFILL_AUTO
2026-05-20 11:51:47,1779277907,CRASH300N,1551.959,1,0.0009999999999763531,BACKFILL_AUTO
2026-05-20 11:51:48,1779277908,CRASH300N,1551.991,1,0.03199999999992542,BACKFILL_AUTO
2026-05-20 11:51:49,1779277909,CRASH300N,1552.005,1,0.014000000000123691,BACKFILL_AUTO
2026-05-20 11:51:50,1779277910,CRASH300N,1552.008,1,0.0029999999999290594,BACKFILL_AUTO
2026-05-20 11:51:51,1779277911,CRASH300N,1552.012,1,0.0039999999999054126,BACKFILL_AUTO
2026-05-20 11:51:52,1779277912,CRASH300N,1552.043,1,0.03099999999994907,BACKFILL_AUTO
2026-05-20 11:51:53,1779277913,CRASH300N,1552.063,1,0.020000000000209184,BACKFILL_AUTO
2026-05-20 11:51:54,1779277914,CRASH300N,1552.067,1,0.0039999999999054126,BACKFILL_AUTO
2026-05-20 11:51:55,1779277915,CRASH300N,1552.076,1,0.009000000000014552,BACKFILL_AUTO
2026-05-20 11:51:56,1779277916,CRASH300N,1552.096,1,0.01999999999998181,BACKFILL_AUTO
2026-05-20 11:51:57,1779277917,CRASH300N,1552.117,1,0.020999999999958163,BACKFILL_AUTO
2026-05-20 11:51:58,1779277918,CRASH300N,1552.157,1,0.03999999999996362,BACKFILL_AUTO
2026-05-20 11:51:59,1779277919,CRASH300N,1552.192,1,0.035000000000081855,BACKFILL_AUTO
2026-05-20 11:52:00,1779277920,CRASH300N,1552.208,1,0.016000000000076398,BACKFILL_AUTO
2026-05-20 11:52:01,1779277921,CRASH300N,1552.21,1,0.0019999999999527063,BACKFILL_AUTO
2026-05-20 11:52:02,1779277922,CRASH300N,1552.222,1,0.011999999999943611,BACKFILL_AUTO
2026-05-20 11:52:03,1779277923,CRASH300N,1552.254,1,0.03199999999992542,BACKFILL_AUTO
2026-05-20 11:52:04,1779277924,CRASH300N,1552.257,1,0.003000000000156433,BACKFILL_AUTO
2026-05-20 11:52:05,1779277925,CRASH300N,1552.258,1,0.0009999999999763531,BACKFILL_AUTO
2026-05-20 11:52:06,1779277926,CRASH300N,1552.261,1,0.0029999999999290594,BACKFILL_AUTO
2026-05-20 11:52:07,1779277927,CRASH300N,1552.267,1,0.0060000000000854925,BACKFILL_AUTO
2026-05-20 11:52:08,1779277928,CRASH300N,1552.277,1,0.009999999999990905,BACKFILL_AUTO
2026-05-20 11:52:09,1779277929,CRASH300N,1552.3,1,0.02299999999991087,BACKFILL_AUTO
2026-05-20 11:52:10,1779277930,CRASH300N,1552.31,1,0.009999999999990905,BACKFILL_AUTO
2026-05-20 11:52:11,1779277931,CRASH300N,1552.322,1,0.011999999999943611,BACKFILL_AUTO
2026-05-20 11:52:12,1779277932,CRASH300N,1552.327,1,0.005000000000109139,BACKFILL_AUTO
2026-05-20 11:52:13,1779277933,CRASH300N,1552.347,1,0.01999999999998181,BACKFILL_AUTO
2026-05-20 11:52:14,1779277934,CRASH300N,1552.365,1,0.018000000000029104,BACKFILL_AUTO
2026-05-20 11:52:15,1779277935,CRASH300N,1552.413,1,0.04800000000000182,BACKFILL_AUTO
2026-05-20 11:52:16,1779277936,CRASH300N,1552.415,1,0.0019999999999527063,BACKFILL_AUTO
2026-05-20 11:52:17,1779277937,CRASH300N,1552.431,1,0.016000000000076398,BACKFILL_AUTO
2026-05-20 11:52:18,1779277938,CRASH300N,1552.44,1,0.009000000000014552,BACKFILL_AUTO
2026-05-20 11:52:19,1779277939,CRASH300N,1552.452,1,0.011999999999943611,BACKFILL_AUTO
2026-05-20 11:52:20,1779277940,CRASH300N,1552.455,1,0.0029999999999290594,BACKFILL_AUTO
2026-05-20 11:52:21,1779277941,CRASH300N,1552.462,1,0.007000000000061846,BACKFILL_AUTO
2026-05-20 11:52:22,1779277942,CRASH300N,1552.483,1,0.020999999999958163,BACKFILL_AUTO
2026-05-20 11:52:23,1779277943,CRASH300N,1552.496,1,0.013000000000147338,BACKFILL_AUTO
2026-05-20 11:52:24,1779277944,CRASH300N,1552.524,1,0.027999999999792635,BACKFILL_AUTO
2026-05-20 11:52:25,1779277945,CRASH300N,1552.538,1,0.014000000000123691,BACKFILL_AUTO
2026-05-20 11:52:26,1779277946,CRASH300N,1552.561,1,0.02299999999991087,BACKFILL_AUTO
2026-05-20 11:52:27,1779277947,CRASH300N,1552.568,1,0.007000000000061846,BACKFILL_AUTO
2026-05-20 11:52:28,1779277948,CRASH300N,1552.585,1,0.01700000000005275,BACKFILL_AUTO
2026-05-20 11:52:29,1779277949,CRASH300N,1552.625,1,0.03999999999996362,BACKFILL_AUTO
2026-05-20 11:52:30,1779277950,CRASH300N,1552.631,1,0.0060000000000854925,BACKFILL_AUTO
2026-05-20 11:52:31,1779277951,CRASH300N,1552.665,1,0.03399999999987813,BACKFILL_AUTO
2026-05-20 11:52:32,1779277952,CRASH300N,1552.666,1,0.0009999999999763531,BACKFILL_AUTO
2026-05-20 11:52:33,1779277953,CRASH300N,1552.673,1,0.007000000000061846,BACKFILL_AUTO
2026-05-20 11:52:34,1779277954,CRASH300N,1552.716,1,0.04299999999989268,BACKFILL_AUTO
2026-05-20 11:52:35,1779277955,CRASH300N,1552.719,1,0.003000000000156433,BACKFILL_AUTO
2026-05-20 11:52:36,1779277956,CRASH300N,1552.732,1,0.012999999999919964,BACKFILL_AUTO
2026-05-20 11:52:37,1779277957,CRASH300N,1552.745,1,0.012999999999919964,BACKFILL_AUTO
2026-05-20 11:52:38,1779277958,CRASH300N,1552.772,1,0.027000000000043656,BACKFILL_AUTO
2026-05-20 11:52:39,1779277959,CRASH300N,1552.787,1,0.015000000000100044,BACKFILL_AUTO
2026-05-20 11:52:40,1779277960,CRASH300N,1552.804,1,0.01700000000005275,BACKFILL_AUTO
2026-05-20 11:52:41,1779277961,CRASH300N,1552.815,1,0.010999999999967258,BACKFILL_AUTO
2026-05-20 11:52:42,1779277962,CRASH300N,1552.825,1,0.009999999999990905,BACKFILL_AUTO
2026-05-20 11:52:43,1779277963,CRASH300N,1552.839,1,0.013999999999896318,BACKFILL_AUTO
2026-05-20 11:52:44,1779277964,CRASH300N,1552.843,1,0.004000000000132786,BACKFILL_AUTO
2026-05-20 11:52:45,1779277965,CRASH300N,1552.862,1,0.019000000000005457,BACKFILL_AUTO
2026-05-20 11:52:46,1779277966,CRASH300N,1552.868,1,0.005999999999858119,BACKFILL_AUTO
2026-05-20 11:52:47,1779277967,CRASH300N,1552.872,1,0.004000000000132786,BACKFILL_AUTO
2026-05-20 11:52:48,1779277968,CRASH300N,1552.881,1,0.009000000000014552,BACKFILL_AUTO
2026-05-20 11:52:49,1779277969,CRASH300N,1552.888,1,0.006999999999834472,BACKFILL_AUTO
2026-05-20 11:52:50,1779277970,CRASH300N,1552.905,1,0.01700000000005275,BACKFILL_AUTO
2026-05-20 11:52:51,1779277971,CRASH300N,1552.946,1,0.04099999999993997,BACKFILL_AUTO
2026-05-20 11:52:52,1779277972,CRASH300N,1552.954,1,0.008000000000038199,BACKFILL_AUTO
2026-05-20 11:52:53,1779277973,CRASH300N,1549.22,-1,3.7339999999999236,BACKFILL_AUTO
2026-05-20 11:52:54,1779277974,CRASH300N,1549.233,1,0.012999999999919964,BACKFILL_AUTO
2026-05-20 11:52:55,1779277975,CRASH300N,1549.241,1,0.008000000000038199,BACKFILL_AUTO
2026-05-20 11:52:56,1779277976,CRASH300N,1549.247,1,0.0060000000000854925,BACKFILL_AUTO
2026-05-20 11:52:57,1779277977,CRASH300N,1549.265,1,0.018000000000029104,BACKFILL_AUTO
2026-05-20 11:52:58,1779277978,CRASH300N,1549.286,1,0.020999999999958163,BACKFILL_AUTO
2026-05-20 11:52:59,1779277979,CRASH300N,1549.287,1,0.0009999999999763531,BACKFILL_AUTO
2026-05-20 11:53:00,1779277980,CRASH300N,1549.304,1,0.01700000000005275,BACKFILL_AUTO
2026-05-20 11:53:01,1779277981,CRASH300N,1549.308,1,0.0039999999999054126,BACKFILL_AUTO
2026-05-20 11:53:02,1779277982,CRASH300N,1549.308,0,0.0,BACKFILL_AUTO
2026-05-20 11:53:03,1779277983,CRASH300N,1549.312,1,0.0039999999999054126,BACKFILL_AUTO
2026-05-20 11:53:04,1779277984,CRASH300N,1549.323,1,0.011000000000194632,BACKFILL_AUTO
2026-05-20 11:53:05,1779277985,CRASH300N,1549.334,1,0.010999999999967258,BACKFILL_AUTO
2026-05-20 11:53:06,1779277986,CRASH300N,1549.354,1,0.01999999999998181,BACKFILL_AUTO
2026-05-20 11:53:07,1779277987,CRASH300N,1549.358,1,0.0039999999999054126,BACKFILL_AUTO
2026-05-20 11:53:08,1779277988,CRASH300N,1549.363,1,0.005000000000109139,BACKFILL_AUTO
2026-05-20 11:53:09,1779277989,CRASH300N,1549.375,1,0.011999999999943611,BACKFILL_AUTO
2026-05-20 11:53:10,1779277990,CRASH300N,1549.402,1,0.027000000000043656,BACKFILL_AUTO
2026-05-20 11:53:11,1779277991,CRASH300N,1549.41,1,0.008000000000038199,BACKFILL_AUTO
2026-05-20 11:53:12,1779277992,CRASH300N,1549.412,1,0.0019999999999527063,BACKFILL_AUTO
2026-05-20 11:53:13,1779277993,CRASH300N,1549.42,1,0.008000000000038199,BACKFILL_AUTO
2026-05-20 11:53:14,1779277994,CRASH300N,1549.423,1,0.0029999999999290594,BACKFILL_AUTO
2026-05-20 11:53:15,1779277995,CRASH300N,1549.436,1,0.012999999999919964,BACKFILL_AUTO
2026-05-20 11:53:16,1779277996,CRASH300N,1549.459,1,0.023000000000138243,BACKFILL_AUTO
2026-05-20 11:53:17,1779277997,CRASH300N,1549.475,1,0.015999999999849024,BACKFILL_AUTO
2026-05-20 11:53:18,1779277998,CRASH300N,1549.478,1,0.003000000000156433,BACKFILL_AUTO
2026-05-20 11:53:19,1779277999,CRASH300N,1549.51,1,0.03199999999992542,BACKFILL_AUTO
2026-05-20 11:53:20,1779278000,CRASH300N,1549.514,1,0.0039999999999054126,BACKFILL_AUTO
2026-05-20 11:53:21,1779278001,CRASH300N,1549.525,1,0.011000000000194632,BACKFILL_AUTO
2026-05-20 11:53:22,1779278002,CRASH300N,1549.528,1,0.0029999999999290594,BACKFILL_AUTO
2026-05-20 11:53:23,1779278003,CRASH300N,1549.544,1,0.016000000000076398,BACKFILL_AUTO
2026-05-20 11:53:24,1779278004,CRASH300N,1549.569,1,0.024999999999863576,BACKFILL_AUTO
2026-05-20 11:53:25,1779278005,CRASH300N,1549.582,1,0.013000000000147338,BACKFILL_AUTO
2026-05-20 11:53:26,1779278006,CRASH300N,1549.584,1,0.0019999999999527063,BACKFILL_AUTO
2026-05-20 11:53:27,1779278007,CRASH300N,1549.601,1,0.01700000000005275,BACKFILL_AUTO
2026-05-20 11:53:28,1779278008,CRASH300N,1549.61,1,0.008999999999787178,BACKFILL_AUTO
2026-05-20 11:53:29,1779278009,CRASH300N,1549.619,1,0.009000000000014552,BACKFILL_AUTO
2026-05-20 11:53:30,1779278010,CRASH300N,1549.64,1,0.021000000000185537,BACKFILL_AUTO
2026-05-20 11:53:31,1779278011,CRASH300N,1549.671,1,0.03099999999994907,BACKFILL_AUTO
2026-05-20 11:53:32,1779278012,CRASH300N,1549.673,1,0.0019999999999527063,BACKFILL_AUTO
2026-05-20 11:53:33,1779278013,CRASH300N,1549.685,1,0.011999999999943611,BACKFILL_AUTO
2026-05-20 11:53:34,1779278014,CRASH300N,1549.696,1,0.010999999999967258,BACKFILL_AUTO
2026-05-20 11:53:35,1779278015,CRASH300N,1549.703,1,0.007000000000061846,BACKFILL_AUTO
2026-05-20 11:53:36,1779278016,CRASH300N,1549.726,1,0.023000000000138243,BACKFILL_AUTO
2026-05-20 11:53:37,1779278017,CRASH300N,1549.753,1,0.026999999999816282,BACKFILL_AUTO
2026-05-20 11:53:38,1779278018,CRASH300N,1549.77,1,0.01700000000005275,BACKFILL_AUTO
2026-05-20 11:53:39,1779278019,CRASH300N,1549.797,1,0.027000000000043656,BACKFILL_AUTO
2026-05-20 11:53:40,1779278020,CRASH300N,1549.798,1,0.0009999999999763531,BACKFILL_AUTO
2026-05-20 11:53:41,1779278021,CRASH300N,1549.804,1,0.0060000000000854925,BACKFILL_AUTO
2026-05-20 11:53:42,1779278022,CRASH300N,1549.815,1,0.010999999999967258,BACKFILL_AUTO
2026-05-20 11:53:43,1779278023,CRASH300N,1549.816,1,0.0009999999999763531,BACKFILL_AUTO
2026-05-20 11:53:44,1779278024,CRASH300N,1549.836,1,0.01999999999998181,BACKFILL_AUTO
2026-05-20 11:53:45,1779278025,CRASH300N,1549.839,1,0.0029999999999290594,BACKFILL_AUTO
2026-05-20 11:53:46,1779278026,CRASH300N,1549.848,1,0.009000000000014552,BACKFILL_AUTO
2026-05-20 11:53:47,1779278027,CRASH300N,1549.87,1,0.021999999999934516,BACKFILL_AUTO
2026-05-20 11:53:48,1779278028,CRASH300N,1549.902,1,0.032000000000152795,BACKFILL_AUTO
2026-05-20 11:53:49,1779278029,CRASH300N,1549.928,1,0.026000000000067303,BACKFILL_AUTO
2026-05-20 11:53:50,1779278030,CRASH300N,1549.962,1,0.03399999999987813,BACKFILL_AUTO
2026-05-20 11:53:51,1779278031,CRASH300N,1549.978,1,0.016000000000076398,BACKFILL_AUTO
2026-05-20 11:53:52,1779278032,CRASH300N,1549.982,1,0.0039999999999054126,BACKFILL_AUTO
2026-05-20 11:53:53,1779278033,CRASH300N,1550.0,1,0.018000000000029104,BACKFILL_AUTO
2026-05-20 11:53:54,1779278034,CRASH300N,1550.013,1,0.012999999999919964,BACKFILL_AUTO
2026-05-20 11:53:55,1779278035,CRASH300N,1550.021,1,0.008000000000038199,BACKFILL_AUTO
2026-05-20 11:53:56,1779278036,CRASH300N,1550.026,1,0.005000000000109139,BACKFILL_AUTO
2026-05-20 11:53:57,1779278037,CRASH300N,1550.032,1,0.005999999999858119,BACKFILL_AUTO
2026-05-20 11:53:58,1779278038,CRASH300N,1550.034,1,0.00200000000018008,BACKFILL_AUTO
2026-05-20 11:53:59,1779278039,CRASH300N,1550.04,1,0.005999999999858119,BACKFILL_AUTO
2026-05-20 11:54:00,1779278040,CRASH300N,1550.052,1,0.011999999999943611,BACKFILL_AUTO
2026-05-20 11:54:01,1779278041,CRASH300N,1550.065,1,0.013000000000147338,BACKFILL_AUTO
2026-05-20 11:54:02,1779278042,CRASH300N,1550.103,1,0.038000000000010914,BACKFILL_AUTO
2026-05-20 11:54:03,1779278043,CRASH300N,1550.113,1,0.009999999999990905,BACKFILL_AUTO
2026-05-20 11:54:04,1779278044,CRASH300N,1550.119,1,0.005999999999858119,BACKFILL_AUTO
2026-05-20 11:54:05,1779278045,CRASH300N,1550.131,1,0.012000000000170985,BACKFILL_AUTO
2026-05-20 11:54:06,1779278046,CRASH300N,1550.143,1,0.011999999999943611,BACKFILL_AUTO
2026-05-20 11:54:07,1779278047,CRASH300N,1550.164,1,0.020999999999958163,BACKFILL_AUTO
2026-05-20 11:54:08,1779278048,CRASH300N,1550.173,1,0.009000000000014552,BACKFILL_AUTO
2026-05-20 11:54:09,1779278049,CRASH300N,1550.188,1,0.015000000000100044,BACKFILL_AUTO
2026-05-20 11:54:10,1779278050,CRASH300N,1550.189,1,0.0009999999999763531,BACKFILL_AUTO
2026-05-20 11:54:11,1779278051,CRASH300N,1550.195,1,0.005999999999858119,BACKFILL_AUTO
2026-05-20 11:54:12,1779278052,CRASH300N,1550.224,1,0.028999999999996362,BACKFILL_AUTO
2026-05-20 11:54:13,1779278053,CRASH300N,1550.259,1,0.035000000000081855,BACKFILL_AUTO
2026-05-20 11:54:14,1779278054,CRASH300N,1550.286,1,0.027000000000043656,BACKFILL_AUTO
2026-05-20 11:54:15,1779278055,CRASH300N,1550.31,1,0.023999999999887223,BACKFILL_AUTO
2026-05-20 11:54:16,1779278056,CRASH300N,1550.327,1,0.01700000000005275,BACKFILL_AUTO
2026-05-20 11:54:17,1779278057,CRASH300N,1550.356,1,0.028999999999996362,BACKFILL_AUTO
2026-05-20 11:54:18,1779278058,CRASH300N,1550.362,1,0.0060000000000854925,BACKFILL_AUTO
2026-05-20 11:54:19,1779278059,CRASH300N,1550.409,1,0.047000000000025466,BACKFILL_AUTO
2026-05-20 11:54:20,1779278060,CRASH300N,1550.44,1,0.03099999999994907,BACKFILL_AUTO
2026-05-20 11:54:21,1779278061,CRASH300N,1550.472,1,0.03199999999992542,BACKFILL_AUTO
2026-05-20 11:54:22,1779278062,CRASH300N,1550.473,1,0.0009999999999763531,BACKFILL_AUTO
2026-05-20 11:54:23,1779278063,CRASH300N,1550.507,1,0.0340000000001055,BACKFILL_AUTO
2026-05-20 11:54:24,1779278064,CRASH300N,1550.523,1,0.015999999999849024,BACKFILL_AUTO
2026-05-20 11:54:25,1779278065,CRASH300N,1550.53,1,0.007000000000061846,BACKFILL_AUTO
2026-05-20 11:54:26,1779278066,CRASH300N,1550.541,1,0.010999999999967258,BACKFILL_AUTO
2026-05-20 11:54:27,1779278067,CRASH300N,1550.549,1,0.008000000000038199,BACKFILL_AUTO
2026-05-20 11:54:28,1779278068,CRASH300N,1550.557,1,0.008000000000038199,BACKFILL_AUTO
2026-05-20 11:54:29,1779278069,CRASH300N,1550.573,1,0.016000000000076398,BACKFILL_AUTO
2026-05-20 11:54:30,1779278070,CRASH300N,1550.574,1,0.0009999999999763531,BACKFILL_AUTO
2026-05-20 11:54:31,1779278071,CRASH300N,1550.604,1,0.029999999999972715,BACKFILL_AUTO
2026-05-20 11:54:32,1779278072,CRASH300N,1550.621,1,0.01700000000005275,BACKFILL_AUTO
2026-05-20 11:54:33,1779278073,CRASH300N,1550.659,1,0.038000000000010914,BACKFILL_AUTO
2026-05-20 11:54:34,1779278074,CRASH300N,1550.683,1,0.023999999999887223,BACKFILL_AUTO
2026-05-20 11:54:35,1779278075,CRASH300N,1550.708,1,0.02500000000009095,BACKFILL_AUTO
2026-05-20 11:54:36,1779278076,CRASH300N,1550.728,1,0.01999999999998181,BACKFILL_AUTO
2026-05-20 11:54:37,1779278077,CRASH300N,1550.731,1,0.0029999999999290594,BACKFILL_AUTO
2026-05-20 11:54:38,1779278078,CRASH300N,1550.744,1,0.012999999999919964,BACKFILL_AUTO
2026-05-20 11:54:39,1779278079,CRASH300N,1550.765,1,0.021000000000185537,BACKFILL_AUTO
2026-05-20 11:54:40,1779278080,CRASH300N,1550.776,1,0.010999999999967258,BACKFILL_AUTO
2026-05-20 11:54:41,1779278081,CRASH300N,1550.79,1,0.013999999999896318,BACKFILL_AUTO
2026-05-20 11:54:42,1779278082,CRASH300N,1550.795,1,0.005000000000109139,BACKFILL_AUTO
2026-05-20 11:54:43,1779278083,CRASH300N,1550.825,1,0.029999999999972715,BACKFILL_AUTO
2026-05-20 11:54:44,1779278084,CRASH300N,1550.842,1,0.01700000000005275,BACKFILL_AUTO
2026-05-20 11:54:45,1779278085,CRASH300N,1550.85,1,0.007999999999810825,BACKFILL_AUTO
2026-05-20 11:54:46,1779278086,CRASH300N,1550.865,1,0.015000000000100044,BACKFILL_AUTO
2026-05-20 11:54:47,1779278087,CRASH300N,1550.865,0,0.0,BACKFILL_AUTO
2026-05-20 11:54:48,1779278088,CRASH300N,1550.872,1,0.007000000000061846,BACKFILL_AUTO
2026-05-20 11:54:49,1779278089,CRASH300N,1550.898,1,0.02599999999983993,BACKFILL_AUTO
2026-05-20 11:54:50,1779278090,CRASH300N,1550.901,1,0.003000000000156433,BACKFILL_AUTO
2026-05-20 11:54:51,1779278091,CRASH300N,1550.921,1,0.01999999999998181,BACKFILL_AUTO
2026-05-20 11:54:52,1779278092,CRASH300N,1550.924,1,0.0029999999999290594,BACKFILL_AUTO
2026-05-20 11:54:53,1779278093,CRASH300N,1550.96,1,0.03600000000005821,BACKFILL_AUTO
2026-05-20 11:54:54,1779278094,CRASH300N,1550.963,1,0.0029999999999290594,BACKFILL_AUTO
2026-05-20 11:54:55,1779278095,CRASH300N,1550.965,1,0.0019999999999527063,BACKFILL_AUTO
2026-05-20 11:54:56,1779278096,CRASH300N,1550.97,1,0.005000000000109139,BACKFILL_AUTO
2026-05-20 11:54:57,1779278097,CRASH300N,1550.99,1,0.01999999999998181,BACKFILL_AUTO
2026-05-20 11:54:58,1779278098,CRASH300N,1551.013,1,0.02299999999991087,BACKFILL_AUTO
2026-05-20 11:54:59,1779278099,CRASH300N,1551.04,1,0.027000000000043656,BACKFILL_AUTO
2026-05-20 11:55:00,1779278100,CRASH300N,1551.072,1,0.03199999999992542,BACKFILL_AUTO
2026-05-20 11:55:01,1779278101,CRASH300N,1551.101,1,0.029000000000223736,BACKFILL_AUTO
2026-05-20 11:55:02,1779278102,CRASH300N,1551.106,1,0.004999999999881766,BACKFILL_AUTO
2026-05-20 11:55:03,1779278103,CRASH300N,1551.109,1,0.0029999999999290594,BACKFILL_AUTO
2026-05-20 11:55:04,1779278104,CRASH300N,1551.11,1,0.0009999999999763531,BACKFILL_AUTO
2026-05-20 11:55:05,1779278105,CRASH300N,1551.129,1,0.019000000000005457,BACKFILL_AUTO
2026-05-20 11:55:06,1779278106,CRASH300N,1551.14,1,0.011000000000194632,BACKFILL_AUTO
2026-05-20 11:55:07,1779278107,CRASH300N,1551.142,1,0.0019999999999527063,BACKFILL_AUTO
2026-05-20 11:55:08,1779278108,CRASH300N,1551.147,1,0.004999999999881766,BACKFILL_AUTO
2026-05-20 11:55:09,1779278109,CRASH300N,1551.163,1,0.016000000000076398,BACKFILL_AUTO
2026-05-20 11:55:10,1779278110,CRASH300N,1551.186,1,0.02299999999991087,BACKFILL_AUTO
2026-05-20 11:55:11,1779278111,CRASH300N,1551.204,1,0.018000000000029104,BACKFILL_AUTO
2026-05-20 11:55:12,1779278112,CRASH300N,1551.215,1,0.010999999999967258,BACKFILL_AUTO
2026-05-20 11:55:13,1779278113,CRASH300N,1551.22,1,0.005000000000109139,BACKFILL_AUTO
2026-05-20 11:55:14,1779278114,CRASH300N,1551.233,1,0.012999999999919964,BACKFILL_AUTO
2026-05-20 11:55:15,1779278115,CRASH300N,1551.247,1,0.014000000000123691,BACKFILL_AUTO
2026-05-20 11:55:16,1779278116,CRASH300N,1551.256,1,0.009000000000014552,BACKFILL_AUTO
2026-05-20 11:55:17,1779278117,CRASH300N,1551.269,1,0.012999999999919964,BACKFILL_AUTO
2026-05-20 11:55:18,1779278118,CRASH300N,1551.292,1,0.02299999999991087,BACKFILL_AUTO
2026-05-20 11:55:19,1779278119,CRASH300N,1551.302,1,0.009999999999990905,BACKFILL_AUTO
2026-05-20 11:55:20,1779278120,CRASH300N,1551.324,1,0.02200000000016189,BACKFILL_AUTO
2026-05-20 11:55:21,1779278121,CRASH300N,1551.33,1,0.005999999999858119,BACKFILL_AUTO
2026-05-20 11:55:22,1779278122,CRASH300N,1551.34,1,0.009999999999990905,BACKFILL_AUTO
2026-05-20 11:55:23,1779278123,CRASH300N,1551.343,1,0.003000000000156433,BACKFILL_AUTO
2026-05-20 11:55:24,1779278124,CRASH300N,1551.368,1,0.024999999999863576,BACKFILL_AUTO
2026-05-20 11:55:25,1779278125,CRASH300N,1551.38,1,0.012000000000170985,BACKFILL_AUTO
2026-05-20 11:55:26,1779278126,CRASH300N,1551.386,1,0.005999999999858119,BACKFILL_AUTO
2026-05-20 11:55:27,1779278127,CRASH300N,1551.404,1,0.018000000000029104,BACKFILL_AUTO
2026-05-20 11:55:28,1779278128,CRASH300N,1551.43,1,0.026000000000067303,BACKFILL_AUTO
2026-05-20 11:55:29,1779278129,CRASH300N,1551.459,1,0.028999999999996362,BACKFILL_AUTO
2026-05-20 11:55:30,1779278130,CRASH300N,1551.479,1,0.01999999999998181,BACKFILL_AUTO
2026-05-20 11:55:31,1779278131,CRASH300N,1551.483,1,0.0039999999999054126,BACKFILL_AUTO
2026-05-20 11:55:32,1779278132,CRASH300N,1551.511,1,0.02800000000002001,BACKFILL_AUTO
2026-05-20 11:55:33,1779278133,CRASH300N,1551.522,1,0.010999999999967258,BACKFILL_AUTO
2026-05-20 11:55:34,1779278134,CRASH300N,1551.538,1,0.016000000000076398,BACKFILL_AUTO
2026-05-20 11:55:35,1779278135,CRASH300N,1551.544,1,0.0060000000000854925,BACKFILL_AUTO
2026-05-20 11:55:36,1779278136,CRASH300N,1551.574,1,0.029999999999972715,BACKFILL_AUTO
2026-05-20 11:55:37,1779278137,CRASH300N,1551.589,1,0.01499999999987267,BACKFILL_AUTO
2026-05-20 11:55:38,1779278138,CRASH300N,1551.606,1,0.01700000000005275,BACKFILL_AUTO
2026-05-20 11:55:39,1779278139,CRASH300N,1551.622,1,0.016000000000076398,BACKFILL_AUTO
2026-05-20 11:55:40,1779278140,CRASH300N,1551.636,1,0.013999999999896318,BACKFILL_AUTO
2026-05-20 11:55:41,1779278141,CRASH300N,1551.665,1,0.028999999999996362,BACKFILL_AUTO
2026-05-20 11:55:42,1779278142,CRASH300N,1551.686,1,0.020999999999958163,BACKFILL_AUTO
2026-05-20 11:55:43,1779278143,CRASH300N,1551.719,1,0.03300000000012915,BACKFILL_AUTO
2026-05-20 11:55:44,1779278144,CRASH300N,1551.723,1,0.0039999999999054126,BACKFILL_AUTO
2026-05-20 11:55:45,1779278145,CRASH300N,1551.746,1,0.023000000000138243,BACKFILL_AUTO
2026-05-20 11:55:46,1779278146,CRASH300N,1551.775,1,0.028999999999996362,BACKFILL_AUTO
2026-05-20 11:55:47,1779278147,CRASH300N,1551.788,1,0.012999999999919964,BACKFILL_AUTO
2026-05-20 11:55:48,1779278148,CRASH300N,1551.811,1,0.02299999999991087,BACKFILL_AUTO
2026-05-20 11:55:49,1779278149,CRASH300N,1551.826,1,0.015000000000100044,BACKFILL_AUTO
2026-05-20 11:55:50,1779278150,CRASH300N,1551.826,0,0.0,BACKFILL_AUTO
2026-05-20 11:55:51,1779278151,CRASH300N,1551.831,1,0.004999999999881766,BACKFILL_AUTO
2026-05-20 11:55:52,1779278152,CRASH300N,1551.855,1,0.024000000000114596,BACKFILL_AUTO
2026-05-20 11:55:53,1779278153,CRASH300N,1551.864,1,0.009000000000014552,BACKFILL_AUTO
2026-05-20 11:55:54,1779278154,CRASH300N,1551.88,1,0.016000000000076398,BACKFILL_AUTO
2026-05-20 11:55:55,1779278155,CRASH300N,1551.881,1,0.0009999999999763531,BACKFILL_AUTO
2026-05-20 11:55:56,1779278156,CRASH300N,1551.903,1,0.021999999999934516,BACKFILL_AUTO
2026-05-20 11:55:57,1779278157,CRASH300N,1551.908,1,0.004999999999881766,BACKFILL_AUTO
2026-05-20 11:55:58,1779278158,CRASH300N,1551.924,1,0.016000000000076398,BACKFILL_AUTO
2026-05-20 11:55:59,1779278159,CRASH300N,1551.952,1,0.02800000000002001,BACKFILL_AUTO
2026-05-20 11:56:00,1779278160,CRASH300N,1551.966,1,0.013999999999896318,BACKFILL_AUTO
2026-05-20 11:56:01,1779278161,CRASH300N,1551.991,1,0.02500000000009095,BACKFILL_AUTO
2026-05-20 11:56:02,1779278162,CRASH300N,1552.016,1,0.02500000000009095,BACKFILL_AUTO
2026-05-20 11:56:03,1779278163,CRASH300N,1552.027,1,0.010999999999967258,BACKFILL_AUTO
2026-05-20 11:56:04,1779278164,CRASH300N,1552.032,1,0.004999999999881766,BACKFILL_AUTO
2026-05-20 11:56:05,1779278165,CRASH300N,1552.034,1,0.00200000000018008,BACKFILL_AUTO
2026-05-20 11:56:06,1779278166,CRASH300N,1552.038,1,0.0039999999999054126,BACKFILL_AUTO
2026-05-20 11:56:07,1779278167,CRASH300N,1552.043,1,0.004999999999881766,BACKFILL_AUTO
2026-05-20 11:56:08,1779278168,CRASH300N,1552.059,1,0.016000000000076398,BACKFILL_AUTO
2026-05-20 11:56:09,1779278169,CRASH300N,1548.447,-1,3.61200000000008,BACKFILL_AUTO
2026-05-20 11:56:10,1779278170,CRASH300N,1548.455,1,0.008000000000038199,BACKFILL_AUTO
2026-05-20 11:56:11,1779278171,CRASH300N,1548.475,1,0.01999999999998181,BACKFILL_AUTO
2026-05-20 11:56:12,1779278172,CRASH300N,1548.483,1,0.008000000000038199,BACKFILL_AUTO
2026-05-20 11:56:13,1779278173,CRASH300N,1548.483,0,0.0,BACKFILL_AUTO
2026-05-20 11:56:14,1779278174,CRASH300N,1548.497,1,0.014000000000123691,BACKFILL_AUTO
2026-05-20 11:56:15,1779278175,CRASH300N,1548.531,1,0.03399999999987813,BACKFILL_AUTO
2026-05-20 11:56:16,1779278176,CRASH300N,1548.558,1,0.027000000000043656,BACKFILL_AUTO
2026-05-20 11:56:17,1779278177,CRASH300N,1548.56,1,0.0019999999999527063,BACKFILL_AUTO
2026-05-20 11:56:18,1779278178,CRASH300N,1548.569,1,0.009000000000014552,BACKFILL_AUTO
2026-05-20 11:56:19,1779278179,CRASH300N,1548.58,1,0.010999999999967258,BACKFILL_AUTO
2026-05-20 11:56:20,1779278180,CRASH300N,1548.582,1,0.00200000000018008,BACKFILL_AUTO
2026-05-20 11:56:21,1779278181,CRASH300N,1548.586,1,0.0039999999999054126,BACKFILL_AUTO
2026-05-20 11:56:22,1779278182,CRASH300N,1548.587,1,0.0009999999999763531,BACKFILL_AUTO
2026-05-20 11:56:23,1779278183,CRASH300N,1548.59,1,0.0029999999999290594,BACKFILL_AUTO
2026-05-20 11:56:24,1779278184,CRASH300N,1548.607,1,0.01700000000005275,BACKFILL_AUTO
2026-05-20 11:56:25,1779278185,CRASH300N,1548.618,1,0.010999999999967258,BACKFILL_AUTO
2026-05-20 11:56:26,1779278186,CRASH300N,1548.631,1,0.013000000000147338,BACKFILL_AUTO
2026-05-20 11:56:27,1779278187,CRASH300N,1548.637,1,0.005999999999858119,BACKFILL_AUTO
2026-05-20 11:56:28,1779278188,CRASH300N,1548.673,1,0.03600000000005821,BACKFILL_AUTO
2026-05-20 11:56:29,1779278189,CRASH300N,1548.695,1,0.021999999999934516,BACKFILL_AUTO
2026-05-20 11:56:30,1779278190,CRASH300N,1548.699,1,0.004000000000132786,BACKFILL_AUTO
2026-05-20 11:56:31,1779278191,CRASH300N,1548.705,1,0.005999999999858119,BACKFILL_AUTO
2026-05-20 11:56:32,1779278192,CRASH300N,1548.727,1,0.02200000000016189,BACKFILL_AUTO
2026-05-20 11:56:33,1779278193,CRASH300N,1548.744,1,0.016999999999825377,BACKFILL_AUTO
2026-05-20 11:56:34,1779278194,CRASH300N,1548.764,1,0.01999999999998181,BACKFILL_AUTO
2026-05-20 11:56:35,1779278195,CRASH300N,1548.784,1,0.020000000000209184,BACKFILL_AUTO
2026-05-20 11:56:36,1779278196,CRASH300N,1548.791,1,0.006999999999834472,BACKFILL_AUTO
2026-05-20 11:56:37,1779278197,CRASH300N,1548.817,1,0.026000000000067303,BACKFILL_AUTO
2026-05-20 11:56:38,1779278198,CRASH300N,1548.827,1,0.009999999999990905,BACKFILL_AUTO
2026-05-20 11:56:39,1779278199,CRASH300N,1548.84,1,0.012999999999919964,BACKFILL_AUTO
2026-05-20 11:56:40,1779278200,CRASH300N,1548.86,1,0.01999999999998181,BACKFILL_AUTO
2026-05-20 11:56:41,1779278201,CRASH300N,1548.869,1,0.009000000000014552,BACKFILL_AUTO
2026-05-20 11:56:42,1779278202,CRASH300N,1548.881,1,0.012000000000170985,BACKFILL_AUTO
2026-05-20 11:56:43,1779278203,CRASH300N,1548.882,1,0.0009999999999763531,BACKFILL_AUTO
2026-05-20 11:56:44,1779278204,CRASH300N,1548.889,1,0.006999999999834472,BACKFILL_AUTO
2026-05-20 11:56:45,1779278205,CRASH300N,1548.893,1,0.004000000000132786,BACKFILL_AUTO
2026-05-20 11:56:46,1779278206,CRASH300N,1548.898,1,0.004999999999881766,BACKFILL_AUTO
2026-05-20 11:56:47,1779278207,CRASH300N,1548.903,1,0.005000000000109139,BACKFILL_AUTO
2026-05-20 11:56:48,1779278208,CRASH300N,1548.907,1,0.0039999999999054126,BACKFILL_AUTO
2026-05-20 11:56:49,1779278209,CRASH300N,1548.929,1,0.02200000000016189,BACKFILL_AUTO
2026-05-20 11:56:50,1779278210,CRASH300N,1548.955,1,0.02599999999983993,BACKFILL_AUTO
2026-05-20 11:56:51,1779278211,CRASH300N,1548.973,1,0.018000000000029104,BACKFILL_AUTO
2026-05-20 11:56:52,1779278212,CRASH300N,1548.982,1,0.009000000000014552,BACKFILL_AUTO
2026-05-20 11:56:53,1779278213,CRASH300N,1548.989,1,0.007000000000061846,BACKFILL_AUTO
2026-05-20 11:56:54,1779278214,CRASH300N,1549.001,1,0.011999999999943611,BACKFILL_AUTO
2026-05-20 11:56:55,1779278215,CRASH300N,1549.012,1,0.010999999999967258,BACKFILL_AUTO
2026-05-20 11:56:56,1779278216,CRASH300N,1549.013,1,0.0009999999999763531,BACKFILL_AUTO
2026-05-20 11:56:57,1779278217,CRASH300N,1549.022,1,0.009000000000014552,BACKFILL_AUTO
2026-05-20 11:56:58,1779278218,CRASH300N,1549.036,1,0.014000000000123691,BACKFILL_AUTO
2026-05-20 11:56:59,1779278219,CRASH300N,1549.038,1,0.0019999999999527063,BACKFILL_AUTO
2026-05-20 11:57:00,1779278220,CRASH300N,1549.04,1,0.0019999999999527063,BACKFILL_AUTO
2026-05-20 11:57:01,1779278221,CRASH300N,1549.052,1,0.011999999999943611,BACKFILL_AUTO
2026-05-20 11:57:02,1779278222,CRASH300N,1549.058,1,0.0060000000000854925,BACKFILL_AUTO
2026-05-20 11:57:03,1779278223,CRASH300N,1549.076,1,0.018000000000029104,BACKFILL_AUTO
2026-05-20 11:57:04,1779278224,CRASH300N,1549.08,1,0.0039999999999054126,BACKFILL_AUTO
2026-05-20 11:57:05,1779278225,CRASH300N,1549.118,1,0.038000000000010914,BACKFILL_AUTO
2026-05-20 11:57:06,1779278226,CRASH300N,1549.127,1,0.009000000000014552,BACKFILL_AUTO
2026-05-20 11:57:07,1779278227,CRASH300N,1549.129,1,0.0019999999999527063,BACKFILL_AUTO
2026-05-20 11:57:08,1779278228,CRASH300N,1549.132,1,0.003000000000156433,BACKFILL_AUTO
2026-05-20 11:57:09,1779278229,CRASH300N,1549.159,1,0.027000000000043656,BACKFILL_AUTO
2026-05-20 11:57:10,1779278230,CRASH300N,1549.177,1,0.01799999999980173,BACKFILL_AUTO
2026-05-20 11:57:11,1779278231,CRASH300N,1549.202,1,0.02500000000009095,BACKFILL_AUTO
2026-05-20 11:57:12,1779278232,CRASH300N,1549.209,1,0.007000000000061846,BACKFILL_AUTO
2026-05-20 11:57:13,1779278233,CRASH300N,1549.243,1,0.03399999999987813,BACKFILL_AUTO
2026-05-20 11:57:14,1779278234,CRASH300N,1549.273,1,0.029999999999972715,BACKFILL_AUTO
2026-05-20 11:57:15,1779278235,CRASH300N,1549.279,1,0.0060000000000854925,BACKFILL_AUTO
2026-05-20 11:57:16,1779278236,CRASH300N,1549.287,1,0.008000000000038199,BACKFILL_AUTO
2026-05-20 11:57:17,1779278237,CRASH300N,1549.308,1,0.020999999999958163,BACKFILL_AUTO
2026-05-20 11:57:18,1779278238,CRASH300N,1549.309,1,0.0009999999999763531,BACKFILL_AUTO
2026-05-20 11:57:19,1779278239,CRASH300N,1549.323,1,0.014000000000123691,BACKFILL_AUTO
2026-05-20 11:57:20,1779278240,CRASH300N,1549.347,1,0.023999999999887223,BACKFILL_AUTO
2026-05-20 11:57:21,1779278241,CRASH300N,1549.35,1,0.0029999999999290594,BACKFILL_AUTO
2026-05-20 11:57:22,1779278242,CRASH300N,1549.362,1,0.012000000000170985,BACKFILL_AUTO
2026-05-20 11:57:23,1779278243,CRASH300N,1549.373,1,0.010999999999967258,BACKFILL_AUTO
2026-05-20 11:57:24,1779278244,CRASH300N,1549.389,1,0.015999999999849024,BACKFILL_AUTO
2026-05-20 11:57:25,1779278245,CRASH300N,1549.39,1,0.0010000000002037268,BACKFILL_AUTO
2026-05-20 11:57:26,1779278246,CRASH300N,1549.411,1,0.020999999999958163,BACKFILL_AUTO
2026-05-20 11:57:27,1779278247,CRASH300N,1549.421,1,0.009999999999990905,BACKFILL_AUTO
2026-05-20 11:57:28,1779278248,CRASH300N,1549.437,1,0.015999999999849024,BACKFILL_AUTO
2026-05-20 11:57:29,1779278249,CRASH300N,1549.438,1,0.0010000000002037268,BACKFILL_AUTO
2026-05-20 11:57:30,1779278250,CRASH300N,1549.45,1,0.011999999999943611,BACKFILL_AUTO
2026-05-20 11:57:31,1779278251,CRASH300N,1549.465,1,0.01499999999987267,BACKFILL_AUTO
2026-05-20 11:57:32,1779278252,CRASH300N,1549.473,1,0.008000000000038199,BACKFILL_AUTO
2026-05-20 11:57:33,1779278253,CRASH300N,1549.474,1,0.0009999999999763531,BACKFILL_AUTO
2026-05-20 11:57:34,1779278254,CRASH300N,1549.494,1,0.01999999999998181,BACKFILL_AUTO
2026-05-20 11:57:35,1779278255,CRASH300N,1549.495,1,0.0009999999999763531,BACKFILL_AUTO
2026-05-20 11:57:36,1779278256,CRASH300N,1549.507,1,0.012000000000170985,BACKFILL_AUTO
2026-05-20 11:57:37,1779278257,CRASH300N,1549.526,1,0.019000000000005457,BACKFILL_AUTO
2026-05-20 11:57:38,1779278258,CRASH300N,1549.533,1,0.006999999999834472,BACKFILL_AUTO
2026-05-20 11:57:39,1779278259,CRASH300N,1549.551,1,0.018000000000029104,BACKFILL_AUTO
2026-05-20 11:57:40,1779278260,CRASH300N,1549.561,1,0.009999999999990905,BACKFILL_AUTO
2026-05-20 11:57:41,1779278261,CRASH300N,1549.576,1,0.015000000000100044,BACKFILL_AUTO
2026-05-20 11:57:42,1779278262,CRASH300N,1549.604,1,0.02800000000002001,BACKFILL_AUTO
2026-05-20 11:57:43,1779278263,CRASH300N,1549.604,0,0.0,BACKFILL_AUTO
2026-05-20 11:57:44,1779278264,CRASH300N,1549.614,1,0.009999999999990905,BACKFILL_AUTO
2026-05-20 11:57:45,1779278265,CRASH300N,1549.642,1,0.02800000000002001,BACKFILL_AUTO
2026-05-20 11:57:46,1779278266,CRASH300N,1549.65,1,0.008000000000038199,BACKFILL_AUTO
2026-05-20 11:57:47,1779278267,CRASH300N,1549.681,1,0.03099999999994907,BACKFILL_AUTO
2026-05-20 11:57:48,1779278268,CRASH300N,1549.698,1,0.01700000000005275,BACKFILL_AUTO
2026-05-20 11:57:49,1779278269,CRASH300N,1549.709,1,0.010999999999967258,BACKFILL_AUTO
2026-05-20 11:57:50,1779278270,CRASH300N,1549.718,1,0.009000000000014552,BACKFILL_AUTO
2026-05-20 11:57:51,1779278271,CRASH300N,1549.732,1,0.013999999999896318,BACKFILL_AUTO
2026-05-20 11:57:52,1779278272,CRASH300N,1549.746,1,0.014000000000123691,BACKFILL_AUTO
2026-05-20 11:57:53,1779278273,CRASH300N,1549.755,1,0.009000000000014552,BACKFILL_AUTO
2026-05-20 11:57:54,1779278274,CRASH300N,1549.773,1,0.01799999999980173,BACKFILL_AUTO
2026-05-20 11:57:55,1779278275,CRASH300N,1549.799,1,0.026000000000067303,BACKFILL_AUTO
2026-05-20 11:57:56,1779278276,CRASH300N,1549.824,1,0.02500000000009095,BACKFILL_AUTO
2026-05-20 11:57:57,1779278277,CRASH300N,1549.828,1,0.0039999999999054126,BACKFILL_AUTO
2026-05-20 11:57:58,1779278278,CRASH300N,1549.851,1,0.023000000000138243,BACKFILL_AUTO
2026-05-20 11:57:59,1779278279,CRASH300N,1549.877,1,0.02599999999983993,BACKFILL_AUTO
2026-05-20 11:58:00,1779278280,CRASH300N,1549.881,1,0.004000000000132786,BACKFILL_AUTO
2026-05-20 11:58:01,1779278281,CRASH300N,1549.902,1,0.020999999999958163,BACKFILL_AUTO
2026-05-20 11:58:02,1779278282,CRASH300N,1549.914,1,0.011999999999943611,BACKFILL_AUTO
2026-05-20 11:58:03,1779278283,CRASH300N,1549.923,1,0.009000000000014552,BACKFILL_AUTO
2026-05-20 11:58:04,1779278284,CRASH300N,1549.931,1,0.008000000000038199,BACKFILL_AUTO
2026-05-20 11:58:05,1779278285,CRASH300N,1549.951,1,0.01999999999998181,BACKFILL_AUTO
2026-05-20 11:58:06,1779278286,CRASH300N,1549.953,1,0.0019999999999527063,BACKFILL_AUTO
2026-05-20 11:58:07,1779278287,CRASH300N,1549.978,1,0.02500000000009095,BACKFILL_AUTO
2026-05-20 11:58:08,1779278288,CRASH300N,1549.985,1,0.006999999999834472,BACKFILL_AUTO
2026-05-20 11:58:09,1779278289,CRASH300N,1549.987,1,0.00200000000018008,BACKFILL_AUTO
2026-05-20 11:58:10,1779278290,CRASH300N,1549.995,1,0.007999999999810825,BACKFILL_AUTO
2026-05-20 11:58:11,1779278291,CRASH300N,1549.997,1,0.00200000000018008,BACKFILL_AUTO
2026-05-20 11:58:12,1779278292,CRASH300N,1550.021,1,0.023999999999887223,BACKFILL_AUTO
2026-05-20 11:58:13,1779278293,CRASH300N,1550.027,1,0.0060000000000854925,BACKFILL_AUTO
2026-05-20 11:58:14,1779278294,CRASH300N,1550.032,1,0.004999999999881766,BACKFILL_AUTO
2026-05-20 11:58:15,1779278295,CRASH300N,1550.034,1,0.00200000000018008,BACKFILL_AUTO
2026-05-20 11:58:16,1779278296,CRASH300N,1550.067,1,0.032999999999901775,BACKFILL_AUTO
2026-05-20 11:58:17,1779278297,CRASH300N,1550.075,1,0.008000000000038199,BACKFILL_AUTO
2026-05-20 11:58:18,1779278298,CRASH300N,1550.076,1,0.0009999999999763531,BACKFILL_AUTO
2026-05-20 11:58:19,1779278299,CRASH300N,1550.09,1,0.013999999999896318,BACKFILL_AUTO
2026-05-20 11:58:20,1779278300,CRASH300N,1550.104,1,0.014000000000123691,BACKFILL_AUTO
2026-05-20 11:58:21,1779278301,CRASH300N,1550.108,1,0.0039999999999054126,BACKFILL_AUTO
2026-05-20 11:58:22,1779278302,CRASH300N,1543.869,-1,6.239000000000033,BACKFILL_AUTO
2026-05-20 11:58:23,1779278303,CRASH300N,1543.882,1,0.013000000000147338,BACKFILL_AUTO
2026-05-20 11:58:24,1779278304,CRASH300N,1543.898,1,0.015999999999849024,BACKFILL_AUTO
2026-05-20 11:58:25,1779278305,CRASH300N,1543.939,1,0.04100000000016735,BACKFILL_AUTO
2026-05-20 11:58:26,1779278306,CRASH300N,1543.946,1,0.006999999999834472,BACKFILL_AUTO
2026-05-20 11:58:27,1779278307,CRASH300N,1543.974,1,0.02800000000002001,BACKFILL_AUTO
2026-05-20 11:58:28,1779278308,CRASH300N,1543.978,1,0.004000000000132786,BACKFILL_AUTO
2026-05-20 11:58:29,1779278309,CRASH300N,1543.996,1,0.018000000000029104,BACKFILL_AUTO
2026-05-20 11:58:30,1779278310,CRASH300N,1543.996,0,0.0,BACKFILL_AUTO
2026-05-20 11:58:31,1779278311,CRASH300N,1544.02,1,0.023999999999887223,BACKFILL_AUTO
2026-05-20 11:58:32,1779278312,CRASH300N,1544.049,1,0.028999999999996362,BACKFILL_AUTO
2026-05-20 11:58:33,1779278313,CRASH300N,1544.061,1,0.011999999999943611,BACKFILL_AUTO
2026-05-20 11:58:34,1779278314,CRASH300N,1544.072,1,0.010999999999967258,BACKFILL_AUTO
2026-05-20 11:58:35,1779278315,CRASH300N,1544.076,1,0.004000000000132786,BACKFILL_AUTO
2026-05-20 11:58:36,1779278316,CRASH300N,1544.09,1,0.013999999999896318,BACKFILL_AUTO
2026-05-20 11:58:37,1779278317,CRASH300N,1544.095,1,0.005000000000109139,BACKFILL_AUTO
2026-05-20 11:58:38,1779278318,CRASH300N,1544.108,1,0.012999999999919964,BACKFILL_AUTO
2026-05-20 11:58:39,1779278319,CRASH300N,1544.117,1,0.009000000000014552,BACKFILL_AUTO
2026-05-20 11:58:40,1779278320,CRASH300N,1544.12,1,0.0029999999999290594,BACKFILL_AUTO
2026-05-20 11:58:41,1779278321,CRASH300N,1544.137,1,0.01700000000005275,BACKFILL_AUTO
2026-05-20 11:58:42,1779278322,CRASH300N,1544.161,1,0.024000000000114596,BACKFILL_AUTO
2026-05-20 11:58:43,1779278323,CRASH300N,1544.174,1,0.012999999999919964,BACKFILL_AUTO
2026-05-20 11:58:44,1779278324,CRASH300N,1544.188,1,0.014000000000123691,BACKFILL_AUTO
2026-05-20 11:58:45,1779278325,CRASH300N,1544.208,1,0.01999999999998181,BACKFILL_AUTO
2026-05-20 11:58:46,1779278326,CRASH300N,1544.219,1,0.010999999999967258,BACKFILL_AUTO
2026-05-20 11:58:47,1779278327,CRASH300N,1544.233,1,0.013999999999896318,BACKFILL_AUTO
2026-05-20 11:58:48,1779278328,CRASH300N,1544.267,1,0.0340000000001055,BACKFILL_AUTO
2026-05-20 11:58:49,1779278329,CRASH300N,1544.274,1,0.006999999999834472,BACKFILL_AUTO
2026-05-20 11:58:50,1779278330,CRASH300N,1544.304,1,0.03000000000020009,BACKFILL_AUTO
2026-05-20 11:58:51,1779278331,CRASH300N,1544.322,1,0.01799999999980173,BACKFILL_AUTO
2026-05-20 11:58:52,1779278332,CRASH300N,1544.327,1,0.005000000000109139,BACKFILL_AUTO
2026-05-20 11:58:53,1779278333,CRASH300N,1544.331,1,0.0039999999999054126,BACKFILL_AUTO
2026-05-20 11:58:54,1779278334,CRASH300N,1544.337,1,0.0060000000000854925,BACKFILL_AUTO
2026-05-20 11:58:55,1779278335,CRASH300N,1544.359,1,0.021999999999934516,BACKFILL_AUTO
2026-05-20 11:58:56,1779278336,CRASH300N,1544.36,1,0.0009999999999763531,BACKFILL_AUTO
2026-05-20 11:58:57,1779278337,CRASH300N,1544.396,1,0.03600000000005821,BACKFILL_AUTO
2026-05-20 11:58:58,1779278338,CRASH300N,1544.419,1,0.023000000000138243,BACKFILL_AUTO
2026-05-20 11:58:59,1779278339,CRASH300N,1544.425,1,0.005999999999858119,BACKFILL_AUTO
2026-05-20 11:59:00,1779278340,CRASH300N,1544.441,1,0.016000000000076398,BACKFILL_AUTO
2026-05-20 11:59:01,1779278341,CRASH300N,1544.452,1,0.010999999999967258,BACKFILL_AUTO
2026-05-20 11:59:02,1779278342,CRASH300N,1544.482,1,0.029999999999972715,BACKFILL_AUTO
2026-05-20 11:59:03,1779278343,CRASH300N,1544.493,1,0.010999999999967258,BACKFILL_AUTO
2026-05-20 11:59:04,1779278344,CRASH300N,1544.516,1,0.023000000000138243,BACKFILL_AUTO
2026-05-20 11:59:05,1779278345,CRASH300N,1544.522,1,0.005999999999858119,BACKFILL_AUTO
2026-05-20 11:59:06,1779278346,CRASH300N,1544.547,1,0.02500000000009095,BACKFILL_AUTO
2026-05-20 11:59:07,1779278347,CRASH300N,1544.58,1,0.032999999999901775,BACKFILL_AUTO
2026-05-20 11:59:08,1779278348,CRASH300N,1544.58,0,0.0,BACKFILL_AUTO
2026-05-20 11:59:09,1779278349,CRASH300N,1544.606,1,0.026000000000067303,BACKFILL_AUTO
2026-05-20 11:59:10,1779278350,CRASH300N,1544.607,1,0.0009999999999763531,BACKFILL_AUTO
2026-05-20 11:59:11,1779278351,CRASH300N,1544.611,1,0.004000000000132786,BACKFILL_AUTO
2026-05-20 11:59:12,1779278352,CRASH300N,1544.64,1,0.028999999999996362,BACKFILL_AUTO
2026-05-20 11:59:13,1779278353,CRASH300N,1544.66,1,0.01999999999998181,BACKFILL_AUTO
2026-05-20 11:59:14,1779278354,CRASH300N,1544.662,1,0.0019999999999527063,BACKFILL_AUTO
2026-05-20 11:59:15,1779278355,CRASH300N,1544.683,1,0.020999999999958163,BACKFILL_AUTO
2026-05-20 11:59:16,1779278356,CRASH300N,1544.683,0,0.0,BACKFILL_AUTO
2026-05-20 11:59:17,1779278357,CRASH300N,1544.716,1,0.032999999999901775,BACKFILL_AUTO
2026-05-20 11:59:18,1779278358,CRASH300N,1544.72,1,0.004000000000132786,BACKFILL_AUTO
2026-05-20 11:59:19,1779278359,CRASH300N,1544.73,1,0.009999999999990905,BACKFILL_AUTO
2026-05-20 11:59:20,1779278360,CRASH300N,1544.748,1,0.018000000000029104,BACKFILL_AUTO
2026-05-20 11:59:21,1779278361,CRASH300N,1544.749,1,0.0009999999999763531,BACKFILL_AUTO
2026-05-20 11:59:22,1779278362,CRASH300N,1544.749,0,0.0,BACKFILL_AUTO
2026-05-20 11:59:23,1779278363,CRASH300N,1544.766,1,0.01700000000005275,BACKFILL_AUTO
2026-05-20 11:59:24,1779278364,CRASH300N,1544.805,1,0.03899999999998727,BACKFILL_AUTO
2026-05-20 11:59:25,1779278365,CRASH300N,1544.828,1,0.02299999999991087,BACKFILL_AUTO
2026-05-20 11:59:26,1779278366,CRASH300N,1544.855,1,0.027000000000043656,BACKFILL_AUTO
2026-05-20 11:59:27,1779278367,CRASH300N,1544.896,1,0.04099999999993997,BACKFILL_AUTO
2026-05-20 11:59:28,1779278368,CRASH300N,1544.926,1,0.029999999999972715,BACKFILL_AUTO
2026-05-20 11:59:29,1779278369,CRASH300N,1544.927,1,0.0009999999999763531,BACKFILL_AUTO
2026-05-20 11:59:30,1779278370,CRASH300N,1544.931,1,0.004000000000132786,BACKFILL_AUTO
2026-05-20 11:59:31,1779278371,CRASH300N,1544.937,1,0.005999999999858119,BACKFILL_AUTO
2026-05-20 11:59:32,1779278372,CRASH300N,1544.938,1,0.0010000000002037268,BACKFILL_AUTO
2026-05-20 11:59:33,1779278373,CRASH300N,1544.954,1,0.015999999999849024,BACKFILL_AUTO
2026-05-20 11:59:34,1779278374,CRASH300N,1544.972,1,0.018000000000029104,BACKFILL_AUTO
2026-05-20 11:59:35,1779278375,CRASH300N,1544.997,1,0.02500000000009095,BACKFILL_AUTO
2026-05-20 11:59:36,1779278376,CRASH300N,1545.012,1,0.01499999999987267,BACKFILL_AUTO
2026-05-20 11:59:37,1779278377,CRASH300N,1545.038,1,0.026000000000067303,BACKFILL_AUTO
2026-05-20 11:59:38,1779278378,CRASH300N,1545.042,1,0.0039999999999054126,BACKFILL_AUTO
2026-05-20 11:59:39,1779278379,CRASH300N,1545.048,1,0.0060000000000854925,BACKFILL_AUTO
2026-05-20 11:59:40,1779278380,CRASH300N,1545.071,1,0.02299999999991087,BACKFILL_AUTO
2026-05-20 11:59:41,1779278381,CRASH300N,1545.091,1,0.01999999999998181,BACKFILL_AUTO
2026-05-20 11:59:42,1779278382,CRASH300N,1545.1,1,0.009000000000014552,BACKFILL_AUTO
2026-05-20 11:59:43,1779278383,CRASH300N,1545.1,0,0.0,BACKFILL_AUTO
2026-05-20 11:59:44,1779278384,CRASH300N,1545.115,1,0.015000000000100044,BACKFILL_AUTO
2026-05-20 11:59:45,1779278385,CRASH300N,1545.124,1,0.009000000000014552,BACKFILL_AUTO
2026-05-20 11:59:46,1779278386,CRASH300N,1545.143,1,0.019000000000005457,BACKFILL_AUTO
2026-05-20 11:59:47,1779278387,CRASH300N,1545.147,1,0.0039999999999054126,BACKFILL_AUTO
2026-05-20 11:59:48,1779278388,CRASH300N,1545.151,1,0.004000000000132786,BACKFILL_AUTO
2026-05-20 11:59:49,1779278389,CRASH300N,1545.161,1,0.009999999999990905,BACKFILL_AUTO
2026-05-20 11:59:50,1779278390,CRASH300N,1545.174,1,0.012999999999919964,BACKFILL_AUTO
2026-05-20 11:59:51,1779278391,CRASH300N,1545.194,1,0.01999999999998181,BACKFILL_AUTO
2026-05-20 11:59:52,1779278392,CRASH300N,1545.197,1,0.0029999999999290594,BACKFILL_AUTO
2026-05-20 11:59:53,1779278393,CRASH300N,1545.22,1,0.023000000000138243,BACKFILL_AUTO
2026-05-20 11:59:54,1779278394,CRASH300N,1545.26,1,0.03999999999996362,BACKFILL_AUTO
2026-05-20 11:59:55,1779278395,CRASH300N,1545.262,1,0.0019999999999527063,BACKFILL_AUTO
2026-05-20 11:59:56,1779278396,CRASH300N,1545.293,1,0.03099999999994907,BACKFILL_AUTO
2026-05-20 11:59:57,1779278397,CRASH300N,1545.315,1,0.02200000000016189,BACKFILL_AUTO
2026-05-20 11:59:58,1779278398,CRASH300N,1545.343,1,0.02800000000002001,BACKFILL_AUTO
2026-05-20 11:59:59,1779278399,CRASH300N,1545.347,1,0.0039999999999054126,BACKFILL_AUTO
2026-05-20 12:00:00,1779278400,CRASH300N,1545.371,1,0.024000000000114596,BACKFILL_AUTO
2026-05-20 12:00:01,1779278401,CRASH300N,1545.383,1,0.011999999999943611,BACKFILL_AUTO
2026-05-20 12:00:02,1779278402,CRASH300N,1545.385,1,0.0019999999999527063,BACKFILL_AUTO
2026-05-20 12:00:03,1779278403,CRASH300N,1545.414,1,0.028999999999996362,BACKFILL_AUTO
2026-05-20 12:00:04,1779278404,CRASH300N,1545.422,1,0.008000000000038199,BACKFILL_AUTO
2026-05-20 12:00:05,1779278405,CRASH300N,1545.442,1,0.01999999999998181,BACKFILL_AUTO
2026-05-20 12:00:06,1779278406,CRASH300N,1545.449,1,0.007000000000061846,BACKFILL_AUTO
2026-05-20 12:00:07,1779278407,CRASH300N,1545.478,1,0.028999999999996362,BACKFILL_AUTO
2026-05-20 12:00:08,1779278408,CRASH300N,1545.493,1,0.01499999999987267,BACKFILL_AUTO
2026-05-20 12:00:09,1779278409,CRASH300N,1545.512,1,0.019000000000005457,BACKFILL_AUTO
2026-05-20 12:00:10,1779278410,CRASH300N,1545.541,1,0.028999999999996362,BACKFILL_AUTO
2026-05-20 12:00:11,1779278411,CRASH300N,1545.563,1,0.02200000000016189,BACKFILL_AUTO
2026-05-20 12:00:12,1779278412,CRASH300N,1545.578,1,0.01499999999987267,BACKFILL_AUTO
2026-05-20 12:00:13,1779278413,CRASH300N,1545.582,1,0.004000000000132786,BACKFILL_AUTO
2026-05-20 12:00:14,1779278414,CRASH300N,1545.593,1,0.010999999999967258,BACKFILL_AUTO
2026-05-20 12:00:15,1779278415,CRASH300N,1545.602,1,0.009000000000014552,BACKFILL_AUTO
2026-05-20 12:00:16,1779278416,CRASH300N,1545.618,1,0.015999999999849024,BACKFILL_AUTO
2026-05-20 12:00:17,1779278417,CRASH300N,1545.629,1,0.010999999999967258,BACKFILL_AUTO
2026-05-20 12:00:18,1779278418,CRASH300N,1545.642,1,0.013000000000147338,BACKFILL_AUTO
2026-05-20 12:00:19,1779278419,CRASH300N,1545.655,1,0.012999999999919964,BACKFILL_AUTO
2026-05-20 12:00:20,1779278420,CRASH300N,1545.663,1,0.008000000000038199,BACKFILL_AUTO
2026-05-20 12:00:21,1779278421,CRASH300N,1545.681,1,0.018000000000029104,BACKFILL_AUTO
2026-05-20 12:00:22,1779278422,CRASH300N,1545.688,1,0.007000000000061846,BACKFILL_AUTO
2026-05-20 12:00:23,1779278423,CRASH300N,1545.719,1,0.03099999999994907,BACKFILL_AUTO
2026-05-20 12:00:24,1779278424,CRASH300N,1545.726,1,0.007000000000061846,BACKFILL_AUTO
2026-05-20 12:00:25,1779278425,CRASH300N,1545.731,1,0.004999999999881766,BACKFILL_AUTO
2026-05-20 12:00:26,1779278426,CRASH300N,1545.735,1,0.0039999999999054126,BACKFILL_AUTO
2026-05-20 12:00:27,1779278427,CRASH300N,1545.741,1,0.0060000000000854925,BACKFILL_AUTO
2026-05-20 12:00:28,1779278428,CRASH300N,1545.75,1,0.009000000000014552,BACKFILL_AUTO
2026-05-20 12:00:29,1779278429,CRASH300N,1545.752,1,0.0019999999999527063,BACKFILL_AUTO
2026-05-20 12:00:30,1779278430,CRASH300N,1545.761,1,0.009000000000014552,BACKFILL_AUTO
2026-05-20 12:00:31,1779278431,CRASH300N,1545.79,1,0.028999999999996362,BACKFILL_AUTO
2026-05-20 12:00:32,1779278432,CRASH300N,1545.794,1,0.004000000000132786,BACKFILL_AUTO
2026-05-20 12:00:33,1779278433,CRASH300N,1545.801,1,0.006999999999834472,BACKFILL_AUTO
2026-05-20 12:00:34,1779278434,CRASH300N,1545.801,0,0.0,BACKFILL_AUTO
2026-05-20 12:00:35,1779278435,CRASH300N,1545.803,1,0.00200000000018008,BACKFILL_AUTO
2026-05-20 12:00:36,1779278436,CRASH300N,1545.807,1,0.0039999999999054126,BACKFILL_AUTO
2026-05-20 12:00:37,1779278437,CRASH300N,1545.817,1,0.009999999999990905,BACKFILL_AUTO
2026-05-20 12:00:38,1779278438,CRASH300N,1545.83,1,0.012999999999919964,BACKFILL_AUTO
2026-05-20 12:00:39,1779278439,CRASH300N,1545.846,1,0.016000000000076398,BACKFILL_AUTO
2026-05-20 12:00:40,1779278440,CRASH300N,1545.869,1,0.02299999999991087,BACKFILL_AUTO
2026-05-20 12:00:41,1779278441,CRASH300N,1545.901,1,0.032000000000152795,BACKFILL_AUTO
2026-05-20 12:00:42,1779278442,CRASH300N,1545.924,1,0.02299999999991087,BACKFILL_AUTO
2026-05-20 12:00:43,1779278443,CRASH300N,1545.924,0,0.0,BACKFILL_AUTO
2026-05-20 12:00:44,1779278444,CRASH300N,1545.933,1,0.009000000000014552,BACKFILL_AUTO
2026-05-20 12:00:45,1779278445,CRASH300N,1545.964,1,0.03099999999994907,BACKFILL_AUTO
2026-05-20 12:00:46,1779278446,CRASH300N,1545.966,1,0.0019999999999527063,BACKFILL_AUTO
2026-05-20 12:00:47,1779278447,CRASH300N,1545.977,1,0.011000000000194632,BACKFILL_AUTO
2026-05-20 12:00:48,1779278448,CRASH300N,1545.995,1,0.01799999999980173,BACKFILL_AUTO
2026-05-20 12:00:49,1779278449,CRASH300N,1545.996,1,0.0010000000002037268,BACKFILL_AUTO
2026-05-20 12:00:50,1779278450,CRASH300N,1545.998,1,0.0019999999999527063,BACKFILL_AUTO
2026-05-20 12:00:51,1779278451,CRASH300N,1546.01,1,0.011999999999943611,BACKFILL_AUTO
2026-05-20 12:00:52,1779278452,CRASH300N,1546.016,1,0.0060000000000854925,BACKFILL_AUTO
2026-05-20 12:00:53,1779278453,CRASH300N,1546.02,1,0.0039999999999054126,BACKFILL_AUTO
2026-05-20 12:00:54,1779278454,CRASH300N,1546.03,1,0.009999999999990905,BACKFILL_AUTO
2026-05-20 12:00:55,1779278455,CRASH300N,1546.034,1,0.004000000000132786,BACKFILL_AUTO
2026-05-20 12:00:56,1779278456,CRASH300N,1546.048,1,0.013999999999896318,BACKFILL_AUTO
2026-05-20 12:00:57,1779278457,CRASH300N,1546.077,1,0.028999999999996362,BACKFILL_AUTO
2026-05-20 12:00:58,1779278458,CRASH300N,1546.08,1,0.0029999999999290594,BACKFILL_AUTO
2026-05-20 12:00:59,1779278459,CRASH300N,1546.099,1,0.019000000000005457,BACKFILL_AUTO
2026-05-20 12:01:00,1779278460,CRASH300N,1546.117,1,0.018000000000029104,BACKFILL_AUTO
2026-05-20 12:01:01,1779278461,CRASH300N,1546.121,1,0.004000000000132786,BACKFILL_AUTO
2026-05-20 12:01:02,1779278462,CRASH300N,1546.132,1,0.010999999999967258,BACKFILL_AUTO
2026-05-20 12:01:03,1779278463,CRASH300N,1546.133,1,0.0009999999999763531,BACKFILL_AUTO
2026-05-20 12:01:04,1779278464,CRASH300N,1546.146,1,0.012999999999919964,BACKFILL_AUTO
2026-05-20 12:01:05,1779278465,CRASH300N,1546.161,1,0.015000000000100044,BACKFILL_AUTO
2026-05-20 12:01:06,1779278466,CRASH300N,1546.162,1,0.0009999999999763531,BACKFILL_AUTO
2026-05-20 12:01:07,1779278467,CRASH300N,1546.163,1,0.0009999999999763531,BACKFILL_AUTO
2026-05-20 12:01:08,1779278468,CRASH300N,1546.188,1,0.02500000000009095,BACKFILL_AUTO
2026-05-20 12:01:09,1779278469,CRASH300N,1546.2,1,0.011999999999943611,BACKFILL_AUTO
2026-05-20 12:01:10,1779278470,CRASH300N,1546.216,1,0.015999999999849024,BACKFILL_AUTO
2026-05-20 12:01:11,1779278471,CRASH300N,1546.236,1,0.020000000000209184,BACKFILL_AUTO
2026-05-20 12:01:12,1779278472,CRASH300N,1546.262,1,0.02599999999983993,BACKFILL_AUTO
2026-05-20 12:01:13,1779278473,CRASH300N,1546.266,1,0.004000000000132786,BACKFILL_AUTO
2026-05-20 12:01:14,1779278474,CRASH300N,1546.286,1,0.01999999999998181,BACKFILL_AUTO
2026-05-20 12:01:15,1779278475,CRASH300N,1546.293,1,0.006999999999834472,BACKFILL_AUTO
2026-05-20 12:01:16,1779278476,CRASH300N,1546.309,1,0.016000000000076398,BACKFILL_AUTO
2026-05-20 12:01:17,1779278477,CRASH300N,1546.328,1,0.019000000000005457,BACKFILL_AUTO
2026-05-20 12:01:18,1779278478,CRASH300N,1546.337,1,0.009000000000014552,BACKFILL_AUTO
2026-05-20 12:01:19,1779278479,CRASH300N,1546.353,1,0.016000000000076398,BACKFILL_AUTO
2026-05-20 12:01:20,1779278480,CRASH300N,1546.361,1,0.008000000000038199,BACKFILL_AUTO
2026-05-20 12:01:21,1779278481,CRASH300N,1546.371,1,0.009999999999990905,BACKFILL_AUTO
2026-05-20 12:01:22,1779278482,CRASH300N,1546.377,1,0.005999999999858119,BACKFILL_AUTO
2026-05-20 12:01:23,1779278483,CRASH300N,1546.385,1,0.008000000000038199,BACKFILL_AUTO
2026-05-20 12:01:24,1779278484,CRASH300N,1546.405,1,0.01999999999998181,BACKFILL_AUTO
2026-05-20 12:01:25,1779278485,CRASH300N,1546.409,1,0.004000000000132786,BACKFILL_AUTO
2026-05-20 12:01:26,1779278486,CRASH300N,1546.427,1,0.01799999999980173,BACKFILL_AUTO
2026-05-20 12:01:27,1779278487,CRASH300N,1546.45,1,0.023000000000138243,BACKFILL_AUTO
2026-05-20 12:01:28,1779278488,CRASH300N,1546.459,1,0.009000000000014552,BACKFILL_AUTO
2026-05-20 12:01:29,1779278489,CRASH300N,1546.488,1,0.028999999999996362,BACKFILL_AUTO
2026-05-20 12:01:30,1779278490,CRASH300N,1546.493,1,0.004999999999881766,BACKFILL_AUTO
2026-05-20 12:01:31,1779278491,CRASH300N,1546.496,1,0.003000000000156433,BACKFILL_AUTO
2026-05-20 12:01:32,1779278492,CRASH300N,1546.507,1,0.010999999999967258,BACKFILL_AUTO
2026-05-20 12:01:33,1779278493,CRASH300N,1546.518,1,0.010999999999967258,BACKFILL_AUTO
2026-05-20 12:01:34,1779278494,CRASH300N,1546.526,1,0.008000000000038199,BACKFILL_AUTO
2026-05-20 12:01:35,1779278495,CRASH300N,1546.53,1,0.0039999999999054126,BACKFILL_AUTO
2026-05-20 12:01:36,1779278496,CRASH300N,1546.534,1,0.004000000000132786,BACKFILL_AUTO
2026-05-20 12:01:37,1779278497,CRASH300N,1546.537,1,0.0029999999999290594,BACKFILL_AUTO
2026-05-20 12:01:38,1779278498,CRASH300N,1546.551,1,0.013999999999896318,BACKFILL_AUTO
2026-05-20 12:01:39,1779278499,CRASH300N,1546.569,1,0.018000000000029104,BACKFILL_AUTO
2026-05-20 12:01:40,1779278500,CRASH300N,1546.58,1,0.010999999999967258,BACKFILL_AUTO
2026-05-20 12:01:41,1779278501,CRASH300N,1546.594,1,0.014000000000123691,BACKFILL_AUTO
2026-05-20 12:01:42,1779278502,CRASH300N,1546.596,1,0.0019999999999527063,BACKFILL_AUTO
2026-05-20 12:01:43,1779278503,CRASH300N,1546.604,1,0.008000000000038199,BACKFILL_AUTO
2026-05-20 12:01:44,1779278504,CRASH300N,1546.613,1,0.009000000000014552,BACKFILL_AUTO
2026-05-20 12:01:45,1779278505,CRASH300N,1546.625,1,0.011999999999943611,BACKFILL_AUTO
2026-05-20 12:01:46,1779278506,CRASH300N,1546.652,1,0.027000000000043656,BACKFILL_AUTO
2026-05-20 12:01:47,1779278507,CRASH300N,1546.676,1,0.023999999999887223,BACKFILL_AUTO
2026-05-20 12:01:48,1779278508,CRASH300N,1546.682,1,0.0060000000000854925,BACKFILL_AUTO
2026-05-20 12:01:49,1779278509,CRASH300N,1546.693,1,0.010999999999967258,BACKFILL_AUTO
2026-05-20 12:01:50,1779278510,CRASH300N,1546.694,1,0.0009999999999763531,BACKFILL_AUTO
2026-05-20 12:01:51,1779278511,CRASH300N,1546.698,1,0.004000000000132786,BACKFILL_AUTO
2026-05-20 12:01:52,1779278512,CRASH300N,1546.709,1,0.010999999999967258,BACKFILL_AUTO
2026-05-20 12:01:53,1779278513,CRASH300N,1546.71,1,0.0009999999999763531,BACKFILL_AUTO
2026-05-20 12:01:54,1779278514,CRASH300N,1546.741,1,0.03099999999994907,BACKFILL_AUTO
2026-05-20 12:01:55,1779278515,CRASH300N,1546.741,0,0.0,BACKFILL_AUTO
2026-05-20 12:01:56,1779278516,CRASH300N,1546.767,1,0.026000000000067303,BACKFILL_AUTO
2026-05-20 12:01:57,1779278517,CRASH300N,1546.791,1,0.023999999999887223,BACKFILL_AUTO
2026-05-20 12:01:58,1779278518,CRASH300N,1546.804,1,0.013000000000147338,BACKFILL_AUTO
2026-05-20 12:01:59,1779278519,CRASH300N,1546.808,1,0.0039999999999054126,BACKFILL_AUTO
2026-05-20 12:02:00,1779278520,CRASH300N,1546.816,1,0.008000000000038199,BACKFILL_AUTO
2026-05-20 12:02:01,1779278521,CRASH300N,1546.819,1,0.0029999999999290594,BACKFILL_AUTO
2026-05-20 12:02:02,1779278522,CRASH300N,1546.841,1,0.021999999999934516,BACKFILL_AUTO
2026-05-20 12:02:03,1779278523,CRASH300N,1546.849,1,0.008000000000038199,BACKFILL_AUTO
2026-05-20 12:02:04,1779278524,CRASH300N,1546.859,1,0.009999999999990905,BACKFILL_AUTO
2026-05-20 12:02:05,1779278525,CRASH300N,1546.886,1,0.027000000000043656,BACKFILL_AUTO
2026-05-20 12:02:06,1779278526,CRASH300N,1546.891,1,0.005000000000109139,BACKFILL_AUTO
2026-05-20 12:02:07,1779278527,CRASH300N,1546.902,1,0.010999999999967258,BACKFILL_AUTO
2026-05-20 12:02:08,1779278528,CRASH300N,1546.912,1,0.009999999999990905,BACKFILL_AUTO
2026-05-20 12:02:09,1779278529,CRASH300N,1546.939,1,0.027000000000043656,BACKFILL_AUTO
2026-05-20 12:02:10,1779278530,CRASH300N,1546.945,1,0.005999999999858119,BACKFILL_AUTO
2026-05-20 12:02:11,1779278531,CRASH300N,1546.965,1,0.01999999999998181,BACKFILL_AUTO
2026-05-20 12:02:12,1779278532,CRASH300N,1546.971,1,0.0060000000000854925,BACKFILL_AUTO
2026-05-20 12:02:13,1779278533,CRASH300N,1546.976,1,0.005000000000109139,BACKFILL_AUTO
2026-05-20 12:02:14,1779278534,CRASH300N,1546.978,1,0.0019999999999527063,BACKFILL_AUTO
2026-05-20 12:02:15,1779278535,CRASH300N,1546.987,1,0.009000000000014552,BACKFILL_AUTO
2026-05-20 12:02:16,1779278536,CRASH300N,1547.004,1,0.016999999999825377,BACKFILL_AUTO
2026-05-20 12:02:17,1779278537,CRASH300N,1547.008,1,0.004000000000132786,BACKFILL_AUTO
2026-05-20 12:02:18,1779278538,CRASH300N,1547.023,1,0.01499999999987267,BACKFILL_AUTO
2026-05-20 12:02:19,1779278539,CRASH300N,1547.026,1,0.003000000000156433,BACKFILL_AUTO
2026-05-20 12:02:20,1779278540,CRASH300N,1547.033,1,0.006999999999834472,BACKFILL_AUTO
2026-05-20 12:02:21,1779278541,CRASH300N,1547.053,1,0.020000000000209184,BACKFILL_AUTO
2026-05-20 12:02:22,1779278542,CRASH300N,1547.063,1,0.009999999999990905,BACKFILL_AUTO
2026-05-20 12:02:23,1779278543,CRASH300N,1547.077,1,0.013999999999896318,BACKFILL_AUTO
2026-05-20 12:02:24,1779278544,CRASH300N,1547.099,1,0.021999999999934516,BACKFILL_AUTO
2026-05-20 12:02:25,1779278545,CRASH300N,1547.105,1,0.0060000000000854925,BACKFILL_AUTO
2026-05-20 12:02:26,1779278546,CRASH300N,1547.11,1,0.004999999999881766,BACKFILL_AUTO
2026-05-20 12:02:27,1779278547,CRASH300N,1547.13,1,0.020000000000209184,BACKFILL_AUTO
2026-05-20 12:02:28,1779278548,CRASH300N,1547.142,1,0.011999999999943611,BACKFILL_AUTO
2026-05-20 12:02:29,1779278549,CRASH300N,1547.158,1,0.015999999999849024,BACKFILL_AUTO
2026-05-20 12:02:30,1779278550,CRASH300N,1547.167,1,0.009000000000014552,BACKFILL_AUTO
2026-05-20 12:02:31,1779278551,CRASH300N,1547.194,1,0.027000000000043656,BACKFILL_AUTO
2026-05-20 12:02:32,1779278552,CRASH300N,1547.228,1,0.0340000000001055,BACKFILL_AUTO
2026-05-20 12:02:33,1779278553,CRASH300N,1547.228,0,0.0,BACKFILL_AUTO
2026-05-20 12:02:34,1779278554,CRASH300N,1547.248,1,0.01999999999998181,BACKFILL_AUTO
2026-05-20 12:02:35,1779278555,CRASH300N,1547.25,1,0.0019999999999527063,BACKFILL_AUTO
2026-05-20 12:02:36,1779278556,CRASH300N,1547.269,1,0.019000000000005457,BACKFILL_AUTO
2026-05-20 12:02:37,1779278557,CRASH300N,1547.272,1,0.0029999999999290594,BACKFILL_AUTO
2026-05-20 12:02:38,1779278558,CRASH300N,1547.284,1,0.012000000000170985,BACKFILL_AUTO
2026-05-20 12:02:39,1779278559,CRASH300N,1547.317,1,0.032999999999901775,BACKFILL_AUTO
2026-05-20 12:02:40,1779278560,CRASH300N,1547.32,1,0.0029999999999290594,BACKFILL_AUTO
2026-05-20 12:02:41,1779278561,CRASH300N,1547.351,1,0.031000000000176442,BACKFILL_AUTO
2026-05-20 12:02:42,1779278562,CRASH300N,1547.376,1,0.024999999999863576,BACKFILL_AUTO
2026-05-20 12:02:43,1779278563,CRASH300N,1547.385,1,0.009000000000014552,BACKFILL_AUTO
2026-05-20 12:02:44,1779278564,CRASH300N,1547.397,1,0.011999999999943611,BACKFILL_AUTO
2026-05-20 12:02:45,1779278565,CRASH300N,1547.419,1,0.02200000000016189,BACKFILL_AUTO
2026-05-20 12:02:46,1779278566,CRASH300N,1547.429,1,0.009999999999990905,BACKFILL_AUTO
2026-05-20 12:02:47,1779278567,CRASH300N,1547.442,1,0.012999999999919964,BACKFILL_AUTO
2026-05-20 12:02:48,1779278568,CRASH300N,1547.463,1,0.020999999999958163,BACKFILL_AUTO
2026-05-20 12:02:49,1779278569,CRASH300N,1547.483,1,0.01999999999998181,BACKFILL_AUTO
2026-05-20 12:02:50,1779278570,CRASH300N,1547.491,1,0.008000000000038199,BACKFILL_AUTO
2026-05-20 12:02:51,1779278571,CRASH300N,1547.506,1,0.015000000000100044,BACKFILL_AUTO
2026-05-20 12:02:52,1779278572,CRASH300N,1547.525,1,0.019000000000005457,BACKFILL_AUTO
2026-05-20 12:02:53,1779278573,CRASH300N,1547.544,1,0.019000000000005457,BACKFILL_AUTO
2026-05-20 12:02:54,1779278574,CRASH300N,1547.573,1,0.028999999999996362,BACKFILL_AUTO
2026-05-20 12:02:55,1779278575,CRASH300N,1547.579,1,0.005999999999858119,BACKFILL_AUTO
2026-05-20 12:02:56,1779278576,CRASH300N,1547.603,1,0.024000000000114596,BACKFILL_AUTO
2026-05-20 12:02:57,1779278577,CRASH300N,1547.609,1,0.005999999999858119,BACKFILL_AUTO
2026-05-20 12:02:58,1779278578,CRASH300N,1547.617,1,0.008000000000038199,BACKFILL_AUTO
2026-05-20 12:02:59,1779278579,CRASH300N,1547.632,1,0.015000000000100044,BACKFILL_AUTO
2026-05-20 12:03:00,1779278580,CRASH300N,1547.648,1,0.015999999999849024,BACKFILL_AUTO
2026-05-20 12:03:01,1779278581,CRASH300N,1547.656,1,0.008000000000038199,BACKFILL_AUTO
2026-05-20 12:03:02,1779278582,CRASH300N,1547.687,1,0.03099999999994907,BACKFILL_AUTO
2026-05-20 12:03:03,1779278583,CRASH300N,1547.697,1,0.009999999999990905,BACKFILL_AUTO
2026-05-20 12:03:04,1779278584,CRASH300N,1547.708,1,0.011000000000194632,BACKFILL_AUTO
2026-05-20 12:03:05,1779278585,CRASH300N,1547.71,1,0.0019999999999527063,BACKFILL_AUTO
2026-05-20 12:03:06,1779278586,CRASH300N,1547.72,1,0.009999999999990905,BACKFILL_AUTO
2026-05-20 12:03:07,1779278587,CRASH300N,1547.737,1,0.01700000000005275,BACKFILL_AUTO
2026-05-20 12:03:08,1779278588,CRASH300N,1547.742,1,0.004999999999881766,BACKFILL_AUTO
2026-05-20 12:03:09,1779278589,CRASH300N,1547.747,1,0.005000000000109139,BACKFILL_AUTO
2026-05-20 12:03:10,1779278590,CRASH300N,1547.749,1,0.0019999999999527063,BACKFILL_AUTO
2026-05-20 12:03:11,1779278591,CRASH300N,1547.749,0,0.0,BACKFILL_AUTO
2026-05-20 12:03:12,1779278592,CRASH300N,1547.752,1,0.0029999999999290594,BACKFILL_AUTO
2026-05-20 12:03:13,1779278593,CRASH300N,1547.769,1,0.01700000000005275,BACKFILL_AUTO
2026-05-20 12:03:14,1779278594,CRASH300N,1547.801,1,0.03199999999992542,BACKFILL_AUTO
2026-05-20 12:03:15,1779278595,CRASH300N,1547.813,1,0.012000000000170985,BACKFILL_AUTO
2026-05-20 12:03:16,1779278596,CRASH300N,1547.813,0,0.0,BACKFILL_AUTO
2026-05-20 12:03:17,1779278597,CRASH300N,1547.833,1,0.01999999999998181,BACKFILL_AUTO
2026-05-20 12:03:18,1779278598,CRASH300N,1547.858,1,0.024999999999863576,BACKFILL_AUTO
2026-05-20 12:03:19,1779278599,CRASH300N,1547.865,1,0.007000000000061846,BACKFILL_AUTO
2026-05-20 12:03:20,1779278600,CRASH300N,1547.873,1,0.008000000000038199,BACKFILL_AUTO
2026-05-20 12:03:21,1779278601,CRASH300N,1547.882,1,0.009000000000014552,BACKFILL_AUTO
2026-05-20 12:03:22,1779278602,CRASH300N,1547.888,1,0.005999999999858119,BACKFILL_AUTO
2026-05-20 12:03:23,1779278603,CRASH300N,1547.903,1,0.015000000000100044,BACKFILL_AUTO
2026-05-20 12:03:24,1779278604,CRASH300N,1547.904,1,0.0009999999999763531,BACKFILL_AUTO
2026-05-20 12:03:25,1779278605,CRASH300N,1547.93,1,0.026000000000067303,BACKFILL_AUTO
2026-05-20 12:03:26,1779278606,CRASH300N,1547.94,1,0.009999999999990905,BACKFILL_AUTO
2026-05-20 12:03:27,1779278607,CRASH300N,1547.964,1,0.023999999999887223,BACKFILL_AUTO
2026-05-20 12:03:28,1779278608,CRASH300N,1547.977,1,0.013000000000147338,BACKFILL_AUTO
2026-05-20 12:03:29,1779278609,CRASH300N,1548.006,1,0.028999999999996362,BACKFILL_AUTO
2026-05-20 12:03:30,1779278610,CRASH300N,1548.028,1,0.021999999999934516,BACKFILL_AUTO
2026-05-20 12:03:31,1779278611,CRASH300N,1548.032,1,0.0039999999999054126,BACKFILL_AUTO
2026-05-20 12:03:32,1779278612,CRASH300N,1542.792,-1,5.240000000000009,BACKFILL_AUTO
2026-05-20 12:03:33,1779278613,CRASH300N,1542.826,1,0.0340000000001055,BACKFILL_AUTO
2026-05-20 12:03:34,1779278614,CRASH300N,1542.837,1,0.010999999999967258,BACKFILL_AUTO
2026-05-20 12:03:35,1779278615,CRASH300N,1542.862,1,0.02500000000009095,BACKFILL_AUTO
2026-05-20 12:03:36,1779278616,CRASH300N,1542.873,1,0.010999999999967258,BACKFILL_AUTO
2026-05-20 12:03:37,1779278617,CRASH300N,1542.875,1,0.0019999999999527063,BACKFILL_AUTO
2026-05-20 12:03:38,1779278618,CRASH300N,1542.9,1,0.02500000000009095,BACKFILL_AUTO
2026-05-20 12:03:39,1779278619,CRASH300N,1542.917,1,0.016999999999825377,BACKFILL_AUTO
2026-05-20 12:03:40,1779278620,CRASH300N,1542.919,1,0.00200000000018008,BACKFILL_AUTO
2026-05-20 12:03:41,1779278621,CRASH300N,1542.919,0,0.0,BACKFILL_AUTO
2026-05-20 12:03:42,1779278622,CRASH300N,1542.929,1,0.009999999999990905,BACKFILL_AUTO
2026-05-20 12:03:43,1779278623,CRASH300N,1542.945,1,0.015999999999849024,BACKFILL_AUTO
2026-05-20 12:03:44,1779278624,CRASH300N,1542.946,1,0.0009999999999763531,BACKFILL_AUTO
2026-05-20 12:03:45,1779278625,CRASH300N,1542.959,1,0.013000000000147338,BACKFILL_AUTO
2026-05-20 12:03:46,1779278626,CRASH300N,1542.983,1,0.023999999999887223,BACKFILL_AUTO
2026-05-20 12:03:47,1779278627,CRASH300N,1542.999,1,0.016000000000076398,BACKFILL_AUTO
2026-05-20 12:03:48,1779278628,CRASH300N,1543.008,1,0.009000000000014552,BACKFILL_AUTO
2026-05-20 12:03:49,1779278629,CRASH300N,1543.021,1,0.012999999999919964,BACKFILL_AUTO
2026-05-20 12:03:50,1779278630,CRASH300N,1543.037,1,0.016000000000076398,BACKFILL_AUTO
2026-05-20 12:03:51,1779278631,CRASH300N,1543.077,1,0.03999999999996362,BACKFILL_AUTO
2026-05-20 12:03:52,1779278632,CRASH300N,1543.081,1,0.0039999999999054126,BACKFILL_AUTO
2026-05-20 12:03:53,1779278633,CRASH300N,1543.115,1,0.0340000000001055,BACKFILL_AUTO
2026-05-20 12:03:54,1779278634,CRASH300N,1543.115,0,0.0,BACKFILL_AUTO
2026-05-20 12:03:55,1779278635,CRASH300N,1543.15,1,0.035000000000081855,BACKFILL_AUTO
2026-05-20 12:03:56,1779278636,CRASH300N,1543.155,1,0.004999999999881766,BACKFILL_AUTO
2026-05-20 12:03:57,1779278637,CRASH300N,1543.171,1,0.016000000000076398,BACKFILL_AUTO
2026-05-20 12:03:58,1779278638,CRASH300N,1543.188,1,0.01700000000005275,BACKFILL_AUTO
2026-05-20 12:03:59,1779278639,CRASH300N,1543.192,1,0.0039999999999054126,BACKFILL_AUTO
2026-05-20 12:04:00,1779278640,CRASH300N,1543.203,1,0.010999999999967258,BACKFILL_AUTO
2026-05-20 12:04:01,1779278641,CRASH300N,1543.222,1,0.019000000000005457,BACKFILL_AUTO
2026-05-20 12:04:02,1779278642,CRASH300N,1543.247,1,0.02500000000009095,BACKFILL_AUTO
2026-05-20 12:04:03,1779278643,CRASH300N,1543.272,1,0.024999999999863576,BACKFILL_AUTO
2026-05-20 12:04:04,1779278644,CRASH300N,1543.291,1,0.019000000000005457,BACKFILL_AUTO
2026-05-20 12:04:05,1779278645,CRASH300N,1543.304,1,0.013000000000147338,BACKFILL_AUTO
2026-05-20 12:04:06,1779278646,CRASH300N,1543.328,1,0.023999999999887223,BACKFILL_AUTO
2026-05-20 12:04:07,1779278647,CRASH300N,1543.341,1,0.012999999999919964,BACKFILL_AUTO
2026-05-20 12:04:08,1779278648,CRASH300N,1543.357,1,0.016000000000076398,BACKFILL_AUTO
2026-05-20 12:04:09,1779278649,CRASH300N,1543.364,1,0.007000000000061846,BACKFILL_AUTO
2026-05-20 12:04:10,1779278650,CRASH300N,1543.379,1,0.01499999999987267,BACKFILL_AUTO
2026-05-20 12:04:11,1779278651,CRASH300N,1543.384,1,0.005000000000109139,BACKFILL_AUTO
2026-05-20 12:04:12,1779278652,CRASH300N,1543.401,1,0.01700000000005275,BACKFILL_AUTO
2026-05-20 12:04:13,1779278653,CRASH300N,1543.424,1,0.02299999999991087,BACKFILL_AUTO
2026-05-20 12:04:14,1779278654,CRASH300N,1543.453,1,0.028999999999996362,BACKFILL_AUTO
2026-05-20 12:04:15,1779278655,CRASH300N,1543.459,1,0.0060000000000854925,BACKFILL_AUTO
2026-05-20 12:04:16,1779278656,CRASH300N,1543.487,1,0.02800000000002001,BACKFILL_AUTO
2026-05-20 12:04:17,1779278657,CRASH300N,1543.508,1,0.020999999999958163,BACKFILL_AUTO
2026-05-20 12:04:18,1779278658,CRASH300N,1543.521,1,0.012999999999919964,BACKFILL_AUTO
2026-05-20 12:04:19,1779278659,CRASH300N,1543.524,1,0.0029999999999290594,BACKFILL_AUTO
2026-05-20 12:04:20,1779278660,CRASH300N,1543.527,1,0.003000000000156433,BACKFILL_AUTO
2026-05-20 12:04:21,1779278661,CRASH300N,1543.548,1,0.020999999999958163,BACKFILL_AUTO
2026-05-20 12:04:22,1779278662,CRASH300N,1543.557,1,0.009000000000014552,BACKFILL_AUTO
2026-05-20 12:04:23,1779278663,CRASH300N,1543.567,1,0.009999999999990905,BACKFILL_AUTO
2026-05-20 12:04:24,1779278664,CRASH300N,1543.574,1,0.007000000000061846,BACKFILL_AUTO
2026-05-20 12:04:25,1779278665,CRASH300N,1543.578,1,0.0039999999999054126,BACKFILL_AUTO
2026-05-20 12:04:26,1779278666,CRASH300N,1543.579,1,0.0009999999999763531,BACKFILL_AUTO
2026-05-20 12:04:27,1779278667,CRASH300N,1543.6,1,0.020999999999958163,BACKFILL_AUTO
2026-05-20 12:04:28,1779278668,CRASH300N,1543.61,1,0.009999999999990905,BACKFILL_AUTO
2026-05-20 12:04:29,1779278669,CRASH300N,1543.622,1,0.012000000000170985,BACKFILL_AUTO
2026-05-20 12:04:30,1779278670,CRASH300N,1543.63,1,0.008000000000038199,BACKFILL_AUTO
2026-05-20 12:04:31,1779278671,CRASH300N,1543.64,1,0.009999999999990905,BACKFILL_AUTO
2026-05-20 12:04:32,1779278672,CRASH300N,1543.658,1,0.01799999999980173,BACKFILL_AUTO
2026-05-20 12:04:33,1779278673,CRASH300N,1543.661,1,0.003000000000156433,BACKFILL_AUTO
2026-05-20 12:04:34,1779278674,CRASH300N,1543.674,1,0.012999999999919964,BACKFILL_AUTO
2026-05-20 12:04:35,1779278675,CRASH300N,1543.683,1,0.009000000000014552,BACKFILL_AUTO
2026-05-20 12:04:36,1779278676,CRASH300N,1543.692,1,0.009000000000014552,BACKFILL_AUTO
2026-05-20 12:04:37,1779278677,CRASH300N,1543.72,1,0.02800000000002001,BACKFILL_AUTO
2026-05-20 12:04:38,1779278678,CRASH300N,1543.729,1,0.009000000000014552,BACKFILL_AUTO
2026-05-20 12:04:39,1779278679,CRASH300N,1543.734,1,0.004999999999881766,BACKFILL_AUTO
2026-05-20 12:04:40,1779278680,CRASH300N,1543.74,1,0.0060000000000854925,BACKFILL_AUTO
2026-05-20 12:04:41,1779278681,CRASH300N,1543.762,1,0.021999999999934516,BACKFILL_AUTO
2026-05-20 12:04:42,1779278682,CRASH300N,1543.783,1,0.020999999999958163,BACKFILL_AUTO
2026-05-20 12:04:43,1779278683,CRASH300N,1543.79,1,0.007000000000061846,BACKFILL_AUTO
2026-05-20 12:04:44,1779278684,CRASH300N,1543.805,1,0.015000000000100044,BACKFILL_AUTO
2026-05-20 12:04:45,1779278685,CRASH300N,1543.819,1,0.013999999999896318,BACKFILL_AUTO
2026-05-20 12:04:46,1779278686,CRASH300N,1543.838,1,0.019000000000005457,BACKFILL_AUTO
2026-05-20 12:04:47,1779278687,CRASH300N,1543.855,1,0.01700000000005275,BACKFILL_AUTO
2026-05-20 12:04:48,1779278688,CRASH300N,1543.857,1,0.0019999999999527063,BACKFILL_AUTO
2026-05-20 12:04:49,1779278689,CRASH300N,1543.867,1,0.009999999999990905,BACKFILL_AUTO
2026-05-20 12:04:50,1779278690,CRASH300N,1543.877,1,0.009999999999990905,BACKFILL_AUTO
2026-05-20 12:04:51,1779278691,CRASH300N,1543.887,1,0.009999999999990905,BACKFILL_AUTO
2026-05-20 12:04:52,1779278692,CRASH300N,1543.888,1,0.0009999999999763531,BACKFILL_AUTO
2026-05-20 12:04:53,1779278693,CRASH300N,1543.901,1,0.013000000000147338,BACKFILL_AUTO
2026-05-20 12:04:54,1779278694,CRASH300N,1543.911,1,0.009999999999990905,BACKFILL_AUTO
2026-05-20 12:04:55,1779278695,CRASH300N,1543.923,1,0.011999999999943611,BACKFILL_AUTO
2026-05-20 12:04:56,1779278696,CRASH300N,1543.928,1,0.005000000000109139,BACKFILL_AUTO
2026-05-20 12:04:57,1779278697,CRASH300N,1543.936,1,0.007999999999810825,BACKFILL_AUTO
2026-05-20 12:04:58,1779278698,CRASH300N,1543.946,1,0.009999999999990905,BACKFILL_AUTO
2026-05-20 12:04:59,1779278699,CRASH300N,1543.974,1,0.02800000000002001,BACKFILL_AUTO
2026-05-20 12:05:00,1779278700,CRASH300N,1543.982,1,0.008000000000038199,BACKFILL_AUTO
2026-05-20 12:05:01,1779278701,CRASH300N,1543.99,1,0.008000000000038199,BACKFILL_AUTO
2026-05-20 12:05:02,1779278702,CRASH300N,1544.007,1,0.01700000000005275,BACKFILL_AUTO
2026-05-20 12:05:03,1779278703,CRASH300N,1544.018,1,0.010999999999967258,BACKFILL_AUTO
2026-05-20 12:05:04,1779278704,CRASH300N,1544.037,1,0.019000000000005457,BACKFILL_AUTO
2026-05-20 12:05:05,1779278705,CRASH300N,1544.045,1,0.008000000000038199,BACKFILL_AUTO
2026-05-20 12:05:06,1779278706,CRASH300N,1544.065,1,0.01999999999998181,BACKFILL_AUTO
2026-05-20 12:05:07,1779278707,CRASH300N,1544.068,1,0.0029999999999290594,BACKFILL_AUTO
2026-05-20 12:05:08,1779278708,CRASH300N,1544.069,1,0.0009999999999763531,BACKFILL_AUTO
2026-05-20 12:05:09,1779278709,CRASH300N,1544.078,1,0.009000000000014552,BACKFILL_AUTO
2026-05-20 12:05:10,1779278710,CRASH300N,1544.09,1,0.011999999999943611,BACKFILL_AUTO
2026-05-20 12:05:11,1779278711,CRASH300N,1544.093,1,0.003000000000156433,BACKFILL_AUTO
2026-05-20 12:05:12,1779278712,CRASH300N,1544.098,1,0.004999999999881766,BACKFILL_AUTO
2026-05-20 12:05:13,1779278713,CRASH300N,1544.117,1,0.019000000000005457,BACKFILL_AUTO
2026-05-20 12:05:14,1779278714,CRASH300N,1544.124,1,0.007000000000061846,BACKFILL_AUTO
2026-05-20 12:05:15,1779278715,CRASH300N,1544.132,1,0.008000000000038199,BACKFILL_AUTO
2026-05-20 12:05:16,1779278716,CRASH300N,1544.153,1,0.020999999999958163,BACKFILL_AUTO
2026-05-20 12:05:17,1779278717,CRASH300N,1544.169,1,0.016000000000076398,BACKFILL_AUTO
2026-05-20 12:05:18,1779278718,CRASH300N,1544.184,1,0.01499999999987267,BACKFILL_AUTO
2026-05-20 12:05:19,1779278719,CRASH300N,1544.201,1,0.01700000000005275,BACKFILL_AUTO
2026-05-20 12:05:20,1779278720,CRASH300N,1544.205,1,0.0039999999999054126,BACKFILL_AUTO
2026-05-20 12:05:21,1779278721,CRASH300N,1544.208,1,0.003000000000156433,BACKFILL_AUTO
2026-05-20 12:05:22,1779278722,CRASH300N,1544.212,1,0.0039999999999054126,BACKFILL_AUTO
2026-05-20 12:05:23,1779278723,CRASH300N,1544.217,1,0.005000000000109139,BACKFILL_AUTO
2026-05-20 12:05:24,1779278724,CRASH300N,1544.223,1,0.005999999999858119,BACKFILL_AUTO
2026-05-20 12:05:25,1779278725,CRASH300N,1544.23,1,0.007000000000061846,BACKFILL_AUTO
2026-05-20 12:05:26,1779278726,CRASH300N,1544.23,0,0.0,BACKFILL_AUTO
2026-05-20 12:05:27,1779278727,CRASH300N,1544.252,1,0.021999999999934516,BACKFILL_AUTO
2026-05-20 12:05:28,1779278728,CRASH300N,1544.27,1,0.018000000000029104,BACKFILL_AUTO
2026-05-20 12:05:29,1779278729,CRASH300N,1544.277,1,0.007000000000061846,BACKFILL_AUTO
2026-05-20 12:05:30,1779278730,CRASH300N,1544.279,1,0.0019999999999527063,BACKFILL_AUTO
2026-05-20 12:05:31,1779278731,CRASH300N,1544.291,1,0.011999999999943611,BACKFILL_AUTO
2026-05-20 12:05:32,1779278732,CRASH300N,1544.295,1,0.004000000000132786,BACKFILL_AUTO
2026-05-20 12:05:33,1779278733,CRASH300N,1544.319,1,0.023999999999887223,BACKFILL_AUTO
2026-05-20 12:05:34,1779278734,CRASH300N,1544.321,1,0.0019999999999527063,BACKFILL_AUTO
2026-05-20 12:05:35,1779278735,CRASH300N,1544.335,1,0.014000000000123691,BACKFILL_AUTO
2026-05-20 12:05:36,1779278736,CRASH300N,1544.341,1,0.005999999999858119,BACKFILL_AUTO
2026-05-20 12:05:37,1779278737,CRASH300N,1544.349,1,0.008000000000038199,BACKFILL_AUTO
2026-05-20 12:05:38,1779278738,CRASH300N,1544.351,1,0.00200000000018008,BACKFILL_AUTO
2026-05-20 12:05:39,1779278739,CRASH300N,1544.367,1,0.015999999999849024,BACKFILL_AUTO
2026-05-20 12:05:40,1779278740,CRASH300N,1544.398,1,0.03099999999994907,BACKFILL_AUTO
2026-05-20 12:05:41,1779278741,CRASH300N,1544.405,1,0.007000000000061846,BACKFILL_AUTO
2026-05-20 12:05:42,1779278742,CRASH300N,1544.422,1,0.01700000000005275,BACKFILL_AUTO
2026-05-20 12:05:43,1779278743,CRASH300N,1544.449,1,0.027000000000043656,BACKFILL_AUTO
2026-05-20 12:05:44,1779278744,CRASH300N,1544.47,1,0.020999999999958163,BACKFILL_AUTO
2026-05-20 12:05:45,1779278745,CRASH300N,1544.481,1,0.010999999999967258,BACKFILL_AUTO
2026-05-20 12:05:46,1779278746,CRASH300N,1544.52,1,0.03899999999998727,BACKFILL_AUTO
2026-05-20 12:05:47,1779278747,CRASH300N,1544.526,1,0.0060000000000854925,BACKFILL_AUTO
2026-05-20 12:05:48,1779278748,CRASH300N,1544.54,1,0.013999999999896318,BACKFILL_AUTO
2026-05-20 12:05:49,1779278749,CRASH300N,1544.559,1,0.019000000000005457,BACKFILL_AUTO
2026-05-20 12:05:50,1779278750,CRASH300N,1544.581,1,0.021999999999934516,BACKFILL_AUTO
2026-05-20 12:05:51,1779278751,CRASH300N,1544.635,1,0.05400000000008731,BACKFILL_AUTO
2026-05-20 12:05:52,1779278752,CRASH300N,1544.643,1,0.008000000000038199,BACKFILL_AUTO
2026-05-20 12:05:53,1779278753,CRASH300N,1544.655,1,0.011999999999943611,BACKFILL_AUTO
2026-05-20 12:05:54,1779278754,CRASH300N,1544.656,1,0.0009999999999763531,BACKFILL_AUTO
2026-05-20 12:05:55,1779278755,CRASH300N,1544.67,1,0.014000000000123691,BACKFILL_AUTO
2026-05-20 12:05:56,1779278756,CRASH300N,1544.695,1,0.024999999999863576,BACKFILL_AUTO
2026-05-20 12:05:57,1779278757,CRASH300N,1544.695,0,0.0,BACKFILL_AUTO
2026-05-20 12:05:58,1779278758,CRASH300N,1544.714,1,0.019000000000005457,BACKFILL_AUTO
2026-05-20 12:05:59,1779278759,CRASH300N,1544.73,1,0.016000000000076398,BACKFILL_AUTO
2026-05-20 12:06:00,1779278760,CRASH300N,1544.734,1,0.0039999999999054126,BACKFILL_AUTO
2026-05-20 12:06:01,1779278761,CRASH300N,1544.757,1,0.023000000000138243,BACKFILL_AUTO
2026-05-20 12:06:02,1779278762,CRASH300N,1544.768,1,0.010999999999967258,BACKFILL_AUTO
2026-05-20 12:06:03,1779278763,CRASH300N,1544.768,0,0.0,BACKFILL_AUTO
2026-05-20 12:06:04,1779278764,CRASH300N,1544.782,1,0.013999999999896318,BACKFILL_AUTO
2026-05-20 12:06:05,1779278765,CRASH300N,1544.793,1,0.010999999999967258,BACKFILL_AUTO
2026-05-20 12:06:06,1779278766,CRASH300N,1544.793,0,0.0,BACKFILL_AUTO
2026-05-20 12:06:07,1779278767,CRASH300N,1544.803,1,0.010000000000218279,BACKFILL_AUTO
2026-05-20 12:06:08,1779278768,CRASH300N,1544.815,1,0.011999999999943611,BACKFILL_AUTO
2026-05-20 12:06:09,1779278769,CRASH300N,1544.821,1,0.005999999999858119,BACKFILL_AUTO
2026-05-20 12:06:10,1779278770,CRASH300N,1544.828,1,0.007000000000061846,BACKFILL_AUTO
2026-05-20 12:06:11,1779278771,CRASH300N,1544.847,1,0.019000000000005457,BACKFILL_AUTO
2026-05-20 12:06:12,1779278772,CRASH300N,1544.858,1,0.010999999999967258,BACKFILL_AUTO
2026-05-20 12:06:13,1779278773,CRASH300N,1544.861,1,0.003000000000156433,BACKFILL_AUTO
2026-05-20 12:06:14,1779278774,CRASH300N,1544.872,1,0.010999999999967258,BACKFILL_AUTO
2026-05-20 12:06:15,1779278775,CRASH300N,1544.873,1,0.0009999999999763531,BACKFILL_AUTO
2026-05-20 12:06:16,1779278776,CRASH300N,1544.899,1,0.02599999999983993,BACKFILL_AUTO
2026-05-20 12:06:17,1779278777,CRASH300N,1544.935,1,0.03600000000005821,BACKFILL_AUTO
2026-05-20 12:06:18,1779278778,CRASH300N,1544.938,1,0.003000000000156433,BACKFILL_AUTO
2026-05-20 12:06:19,1779278779,CRASH300N,1544.95,1,0.011999999999943611,BACKFILL_AUTO
2026-05-20 12:06:20,1779278780,CRASH300N,1544.956,1,0.005999999999858119,BACKFILL_AUTO
2026-05-20 12:06:21,1779278781,CRASH300N,1544.971,1,0.015000000000100044,BACKFILL_AUTO
2026-05-20 12:06:22,1779278782,CRASH300N,1544.977,1,0.0060000000000854925,BACKFILL_AUTO
2026-05-20 12:06:23,1779278783,CRASH300N,1545.003,1,0.02599999999983993,BACKFILL_AUTO
2026-05-20 12:06:24,1779278784,CRASH300N,1545.021,1,0.018000000000029104,BACKFILL_AUTO
2026-05-20 12:06:25,1779278785,CRASH300N,1545.036,1,0.015000000000100044,BACKFILL_AUTO
2026-05-20 12:06:26,1779278786,CRASH300N,1545.04,1,0.0039999999999054126,BACKFILL_AUTO
2026-05-20 12:06:27,1779278787,CRASH300N,1545.045,1,0.005000000000109139,BACKFILL_AUTO
2026-05-20 12:06:28,1779278788,CRASH300N,1545.061,1,0.015999999999849024,BACKFILL_AUTO
2026-05-20 12:06:29,1779278789,CRASH300N,1545.083,1,0.02200000000016189,BACKFILL_AUTO
2026-05-20 12:06:30,1779278790,CRASH300N,1545.091,1,0.007999999999810825,BACKFILL_AUTO
2026-05-20 12:06:31,1779278791,CRASH300N,1545.094,1,0.003000000000156433,BACKFILL_AUTO
2026-05-20 12:06:32,1779278792,CRASH300N,1545.11,1,0.015999999999849024,BACKFILL_AUTO
2026-05-20 12:06:33,1779278793,CRASH300N,1545.122,1,0.012000000000170985,BACKFILL_AUTO
2026-05-20 12:06:34,1779278794,CRASH300N,1545.158,1,0.035999999999830834,BACKFILL_AUTO
2026-05-20 12:06:35,1779278795,CRASH300N,1545.174,1,0.016000000000076398,BACKFILL_AUTO
2026-05-20 12:06:36,1779278796,CRASH300N,1545.18,1,0.0060000000000854925,BACKFILL_AUTO
2026-05-20 12:06:37,1779278797,CRASH300N,1545.193,1,0.012999999999919964,BACKFILL_AUTO
2026-05-20 12:06:38,1779278798,CRASH300N,1545.204,1,0.010999999999967258,BACKFILL_AUTO
2026-05-20 12:06:39,1779278799,CRASH300N,1545.215,1,0.010999999999967258,BACKFILL_AUTO
2026-05-20 12:06:40,1779278800,CRASH300N,1545.217,1,0.00200000000018008,BACKFILL_AUTO
2026-05-20 12:06:41,1779278801,CRASH300N,1545.226,1,0.009000000000014552,BACKFILL_AUTO
2026-05-20 12:06:42,1779278802,CRASH300N,1545.245,1,0.018999999999778083,BACKFILL_AUTO
2026-05-20 12:06:43,1779278803,CRASH300N,1545.258,1,0.013000000000147338,BACKFILL_AUTO
2026-05-20 12:06:44,1779278804,CRASH300N,1545.27,1,0.011999999999943611,BACKFILL_AUTO
2026-05-20 12:06:45,1779278805,CRASH300N,1545.282,1,0.011999999999943611,BACKFILL_AUTO
2026-05-20 12:06:46,1779278806,CRASH300N,1545.293,1,0.010999999999967258,BACKFILL_AUTO
2026-05-20 12:06:47,1779278807,CRASH300N,1545.302,1,0.009000000000014552,BACKFILL_AUTO
2026-05-20 12:06:48,1779278808,CRASH300N,1545.304,1,0.00200000000018008,BACKFILL_AUTO
2026-05-20 12:06:49,1779278809,CRASH300N,1545.306,1,0.0019999999999527063,BACKFILL_AUTO
2026-05-20 12:06:50,1779278810,CRASH300N,1545.314,1,0.008000000000038199,BACKFILL_AUTO
2026-05-20 12:06:51,1779278811,CRASH300N,1545.315,1,0.0009999999999763531,BACKFILL_AUTO
2026-05-20 12:06:52,1779278812,CRASH300N,1545.323,1,0.008000000000038199,BACKFILL_AUTO
2026-05-20 12:06:53,1779278813,CRASH300N,1545.339,1,0.015999999999849024,BACKFILL_AUTO
2026-05-20 12:06:54,1779278814,CRASH300N,1545.351,1,0.012000000000170985,BACKFILL_AUTO
2026-05-20 12:06:55,1779278815,CRASH300N,1545.364,1,0.012999999999919964,BACKFILL_AUTO
2026-05-20 12:06:56,1779278816,CRASH300N,1545.366,1,0.0019999999999527063,BACKFILL_AUTO
2026-05-20 12:06:57,1779278817,CRASH300N,1545.393,1,0.027000000000043656,BACKFILL_AUTO
2026-05-20 12:06:58,1779278818,CRASH300N,1545.401,1,0.008000000000038199,BACKFILL_AUTO
2026-05-20 12:06:59,1779278819,CRASH300N,1545.417,1,0.015999999999849024,BACKFILL_AUTO
2026-05-20 12:07:00,1779278820,CRASH300N,1545.428,1,0.011000000000194632,BACKFILL_AUTO
2026-05-20 12:07:01,1779278821,CRASH300N,1545.448,1,0.01999999999998181,BACKFILL_AUTO
2026-05-20 12:07:02,1779278822,CRASH300N,1545.469,1,0.020999999999958163,BACKFILL_AUTO
2026-05-20 12:07:03,1779278823,CRASH300N,1545.48,1,0.010999999999967258,BACKFILL_AUTO
2026-05-20 12:07:04,1779278824,CRASH300N,1545.482,1,0.0019999999999527063,BACKFILL_AUTO
2026-05-20 12:07:05,1779278825,CRASH300N,1545.499,1,0.01700000000005275,BACKFILL_AUTO
2026-05-20 12:07:06,1779278826,CRASH300N,1545.518,1,0.019000000000005457,BACKFILL_AUTO
2026-05-20 12:07:07,1779278827,CRASH300N,1545.533,1,0.01499999999987267,BACKFILL_AUTO
2026-05-20 12:07:08,1779278828,CRASH300N,1545.553,1,0.020000000000209184,BACKFILL_AUTO
2026-05-20 12:07:09,1779278829,CRASH300N,1545.557,1,0.0039999999999054126,BACKFILL_AUTO
2026-05-20 12:07:10,1779278830,CRASH300N,1545.572,1,0.01499999999987267,BACKFILL_AUTO
2026-05-20 12:07:11,1779278831,CRASH300N,1545.586,1,0.014000000000123691,BACKFILL_AUTO
2026-05-20 12:07:12,1779278832,CRASH300N,1545.621,1,0.035000000000081855,BACKFILL_AUTO
2026-05-20 12:07:13,1779278833,CRASH300N,1545.637,1,0.015999999999849024,BACKFILL_AUTO
2026-05-20 12:07:14,1779278834,CRASH300N,1545.638,1,0.0009999999999763531,BACKFILL_AUTO
2026-05-20 12:07:15,1779278835,CRASH300N,1545.652,1,0.014000000000123691,BACKFILL_AUTO
2026-05-20 12:07:16,1779278836,CRASH300N,1545.662,1,0.009999999999990905,BACKFILL_AUTO
2026-05-20 12:07:17,1779278837,CRASH300N,1545.679,1,0.01700000000005275,BACKFILL_AUTO
2026-05-20 12:07:18,1779278838,CRASH300N,1545.681,1,0.0019999999999527063,BACKFILL_AUTO
2026-05-20 12:07:19,1779278839,CRASH300N,1545.703,1,0.021999999999934516,BACKFILL_AUTO
2026-05-20 12:07:20,1779278840,CRASH300N,1545.731,1,0.02800000000002001,BACKFILL_AUTO
2026-05-20 12:07:21,1779278841,CRASH300N,1545.738,1,0.007000000000061846,BACKFILL_AUTO
2026-05-20 12:07:22,1779278842,CRASH300N,1545.744,1,0.005999999999858119,BACKFILL_AUTO
2026-05-20 12:07:23,1779278843,CRASH300N,1545.761,1,0.01700000000005275,BACKFILL_AUTO
2026-05-20 12:07:24,1779278844,CRASH300N,1545.786,1,0.02500000000009095,BACKFILL_AUTO
2026-05-20 12:07:25,1779278845,CRASH300N,1545.809,1,0.02299999999991087,BACKFILL_AUTO
2026-05-20 12:07:26,1779278846,CRASH300N,1545.823,1,0.014000000000123691,BACKFILL_AUTO
2026-05-20 12:07:27,1779278847,CRASH300N,1545.824,1,0.0009999999999763531,BACKFILL_AUTO
2026-05-20 12:07:28,1779278848,CRASH300N,1545.828,1,0.0039999999999054126,BACKFILL_AUTO
2026-05-20 12:07:29,1779278849,CRASH300N,1545.83,1,0.0019999999999527063,BACKFILL_AUTO
2026-05-20 12:07:30,1779278850,CRASH300N,1545.845,1,0.015000000000100044,BACKFILL_AUTO
2026-05-20 12:07:31,1779278851,CRASH300N,1545.845,0,0.0,BACKFILL_AUTO
2026-05-20 12:07:32,1779278852,CRASH300N,1545.863,1,0.018000000000029104,BACKFILL_AUTO
2026-05-20 12:07:33,1779278853,CRASH300N,1545.885,1,0.021999999999934516,BACKFILL_AUTO
2026-05-20 12:07:34,1779278854,CRASH300N,1545.912,1,0.027000000000043656,BACKFILL_AUTO
2026-05-20 12:07:35,1779278855,CRASH300N,1545.93,1,0.018000000000029104,BACKFILL_AUTO
2026-05-20 12:07:36,1779278856,CRASH300N,1545.951,1,0.020999999999958163,BACKFILL_AUTO
2026-05-20 12:07:37,1779278857,CRASH300N,1545.974,1,0.02299999999991087,BACKFILL_AUTO
2026-05-20 12:07:38,1779278858,CRASH300N,1545.981,1,0.007000000000061846,BACKFILL_AUTO
2026-05-20 12:07:39,1779278859,CRASH300N,1545.985,1,0.0039999999999054126,BACKFILL_AUTO
2026-05-20 12:07:40,1779278860,CRASH300N,1546.006,1,0.021000000000185537,BACKFILL_AUTO
2026-05-20 12:07:41,1779278861,CRASH300N,1546.029,1,0.02299999999991087,BACKFILL_AUTO
2026-05-20 12:07:42,1779278862,CRASH300N,1546.045,1,0.016000000000076398,BACKFILL_AUTO
2026-05-20 12:07:43,1779278863,CRASH300N,1546.049,1,0.0039999999999054126,BACKFILL_AUTO
2026-05-20 12:07:44,1779278864,CRASH300N,1546.054,1,0.005000000000109139,BACKFILL_AUTO
2026-05-20 12:07:45,1779278865,CRASH300N,1546.056,1,0.0019999999999527063,BACKFILL_AUTO
2026-05-20 12:07:46,1779278866,CRASH300N,1546.076,1,0.01999999999998181,BACKFILL_AUTO
2026-05-20 12:07:47,1779278867,CRASH300N,1546.086,1,0.009999999999990905,BACKFILL_AUTO
2026-05-20 12:07:48,1779278868,CRASH300N,1546.109,1,0.02299999999991087,BACKFILL_AUTO
2026-05-20 12:07:49,1779278869,CRASH300N,1546.125,1,0.016000000000076398,BACKFILL_AUTO
2026-05-20 12:07:50,1779278870,CRASH300N,1546.148,1,0.02299999999991087,BACKFILL_AUTO
2026-05-20 12:07:51,1779278871,CRASH300N,1546.152,1,0.004000000000132786,BACKFILL_AUTO
2026-05-20 12:07:52,1779278872,CRASH300N,1546.167,1,0.01499999999987267,BACKFILL_AUTO
2026-05-20 12:07:53,1779278873,CRASH300N,1546.174,1,0.007000000000061846,BACKFILL_AUTO
2026-05-20 12:07:54,1779278874,CRASH300N,1546.201,1,0.027000000000043656,BACKFILL_AUTO
2026-05-20 12:07:55,1779278875,CRASH300N,1546.204,1,0.0029999999999290594,BACKFILL_AUTO
2026-05-20 12:07:56,1779278876,CRASH300N,1546.218,1,0.014000000000123691,BACKFILL_AUTO
2026-05-20 12:07:57,1779278877,CRASH300N,1546.232,1,0.013999999999896318,BACKFILL_AUTO
2026-05-20 12:07:58,1779278878,CRASH300N,1546.233,1,0.0009999999999763531,BACKFILL_AUTO
2026-05-20 12:07:59,1779278879,CRASH300N,1546.244,1,0.010999999999967258,BACKFILL_AUTO
2026-05-20 12:08:00,1779278880,CRASH300N,1546.261,1,0.01700000000005275,BACKFILL_AUTO
2026-05-20 12:08:01,1779278881,CRASH300N,1546.288,1,0.027000000000043656,BACKFILL_AUTO
2026-05-20 12:08:02,1779278882,CRASH300N,1546.293,1,0.004999999999881766,BACKFILL_AUTO
2026-05-20 12:08:03,1779278883,CRASH300N,1546.311,1,0.018000000000029104,BACKFILL_AUTO
2026-05-20 12:08:04,1779278884,CRASH300N,1546.321,1,0.009999999999990905,BACKFILL_AUTO
2026-05-20 12:08:05,1779278885,CRASH300N,1546.326,1,0.005000000000109139,BACKFILL_AUTO
2026-05-20 12:08:06,1779278886,CRASH300N,1546.328,1,0.0019999999999527063,BACKFILL_AUTO
2026-05-20 12:08:07,1779278887,CRASH300N,1546.342,1,0.014000000000123691,BACKFILL_AUTO
2026-05-20 12:08:08,1779278888,CRASH300N,1546.36,1,0.01799999999980173,BACKFILL_AUTO
2026-05-20 12:08:09,1779278889,CRASH300N,1546.379,1,0.019000000000005457,BACKFILL_AUTO
2026-05-20 12:08:10,1779278890,CRASH300N,1546.387,1,0.008000000000038199,BACKFILL_AUTO
2026-05-20 12:08:11,1779278891,CRASH300N,1546.415,1,0.02800000000002001,BACKFILL_AUTO
2026-05-20 12:08:12,1779278892,CRASH300N,1546.429,1,0.014000000000123691,BACKFILL_AUTO
2026-05-20 12:08:13,1779278893,CRASH300N,1546.431,1,0.0019999999999527063,BACKFILL_AUTO
2026-05-20 12:08:14,1779278894,CRASH300N,1546.431,0,0.0,BACKFILL_AUTO
2026-05-20 12:08:15,1779278895,CRASH300N,1546.447,1,0.015999999999849024,BACKFILL_AUTO
2026-05-20 12:08:16,1779278896,CRASH300N,1546.448,1,0.0010000000002037268,BACKFILL_AUTO
2026-05-20 12:08:17,1779278897,CRASH300N,1546.454,1,0.005999999999858119,BACKFILL_AUTO
2026-05-20 12:08:18,1779278898,CRASH300N,1546.476,1,0.02200000000016189,BACKFILL_AUTO
2026-05-20 12:08:19,1779278899,CRASH300N,1546.476,0,0.0,BACKFILL_AUTO
2026-05-20 12:08:20,1779278900,CRASH300N,1546.492,1,0.015999999999849024,BACKFILL_AUTO
2026-05-20 12:08:21,1779278901,CRASH300N,1546.512,1,0.01999999999998181,BACKFILL_AUTO
2026-05-20 12:08:22,1779278902,CRASH300N,1546.535,1,0.023000000000138243,BACKFILL_AUTO
2026-05-20 12:08:23,1779278903,CRASH300N,1546.548,1,0.012999999999919964,BACKFILL_AUTO
2026-05-20 12:08:24,1779278904,CRASH300N,1546.568,1,0.01999999999998181,BACKFILL_AUTO
2026-05-20 12:08:25,1779278905,CRASH300N,1546.583,1,0.015000000000100044,BACKFILL_AUTO
2026-05-20 12:08:26,1779278906,CRASH300N,1546.594,1,0.010999999999967258,BACKFILL_AUTO
2026-05-20 12:08:27,1779278907,CRASH300N,1546.616,1,0.021999999999934516,BACKFILL_AUTO
2026-05-20 12:08:28,1779278908,CRASH300N,1546.619,1,0.0029999999999290594,BACKFILL_AUTO
2026-05-20 12:08:29,1779278909,CRASH300N,1546.638,1,0.019000000000005457,BACKFILL_AUTO
2026-05-20 12:08:30,1779278910,CRASH300N,1546.646,1,0.008000000000038199,BACKFILL_AUTO
2026-05-20 12:08:31,1779278911,CRASH300N,1546.653,1,0.007000000000061846,BACKFILL_AUTO
2026-05-20 12:08:32,1779278912,CRASH300N,1546.669,1,0.016000000000076398,BACKFILL_AUTO
2026-05-20 12:08:33,1779278913,CRASH300N,1546.691,1,0.021999999999934516,BACKFILL_AUTO
2026-05-20 12:08:34,1779278914,CRASH300N,1546.71,1,0.019000000000005457,BACKFILL_AUTO
2026-05-20 12:08:35,1779278915,CRASH300N,1546.731,1,0.020999999999958163,BACKFILL_AUTO
2026-05-20 12:08:36,1779278916,CRASH300N,1546.743,1,0.011999999999943611,BACKFILL_AUTO
2026-05-20 12:08:37,1779278917,CRASH300N,1546.763,1,0.01999999999998181,BACKFILL_AUTO
2026-05-20 12:08:38,1779278918,CRASH300N,1546.773,1,0.009999999999990905,BACKFILL_AUTO
2026-05-20 12:08:39,1779278919,CRASH300N,1546.778,1,0.005000000000109139,BACKFILL_AUTO
2026-05-20 12:08:40,1779278920,CRASH300N,1546.789,1,0.010999999999967258,BACKFILL_AUTO
2026-05-20 12:08:41,1779278921,CRASH300N,1546.796,1,0.007000000000061846,BACKFILL_AUTO
2026-05-20 12:08:42,1779278922,CRASH300N,1546.81,1,0.013999999999896318,BACKFILL_AUTO
2026-05-20 12:08:43,1779278923,CRASH300N,1546.821,1,0.010999999999967258,BACKFILL_AUTO
2026-05-20 12:08:44,1779278924,CRASH300N,1546.824,1,0.003000000000156433,BACKFILL_AUTO
2026-05-20 12:08:45,1779278925,CRASH300N,1546.849,1,0.024999999999863576,BACKFILL_AUTO
2026-05-20 12:08:46,1779278926,CRASH300N,1546.87,1,0.020999999999958163,BACKFILL_AUTO
2026-05-20 12:08:47,1779278927,CRASH300N,1546.893,1,0.023000000000138243,BACKFILL_AUTO
2026-05-20 12:08:48,1779278928,CRASH300N,1546.909,1,0.016000000000076398,BACKFILL_AUTO
2026-05-20 12:08:49,1779278929,CRASH300N,1546.929,1,0.01999999999998181,BACKFILL_AUTO
2026-05-20 12:08:50,1779278930,CRASH300N,1546.933,1,0.0039999999999054126,BACKFILL_AUTO
2026-05-20 12:08:51,1779278931,CRASH300N,1546.942,1,0.009000000000014552,BACKFILL_AUTO
2026-05-20 12:08:52,1779278932,CRASH300N,1546.97,1,0.02800000000002001,BACKFILL_AUTO
2026-05-20 12:08:53,1779278933,CRASH300N,1546.971,1,0.0009999999999763531,BACKFILL_AUTO
2026-05-20 12:08:54,1779278934,CRASH300N,1546.989,1,0.018000000000029104,BACKFILL_AUTO
2026-05-20 12:08:55,1779278935,CRASH300N,1547.004,1,0.01499999999987267,BACKFILL_AUTO
2026-05-20 12:08:56,1779278936,CRASH300N,1547.014,1,0.009999999999990905,BACKFILL_AUTO
2026-05-20 12:08:57,1779278937,CRASH300N,1547.044,1,0.03000000000020009,BACKFILL_AUTO
2026-05-20 12:08:58,1779278938,CRASH300N,1547.068,1,0.023999999999887223,BACKFILL_AUTO
2026-05-20 12:08:59,1779278939,CRASH300N,1547.07,1,0.0019999999999527063,BACKFILL_AUTO
2026-05-20 12:09:00,1779278940,CRASH300N,1547.088,1,0.018000000000029104,BACKFILL_AUTO
2026-05-20 12:09:01,1779278941,CRASH300N,1547.091,1,0.0029999999999290594,BACKFILL_AUTO
2026-05-20 12:09:02,1779278942,CRASH300N,1547.097,1,0.0060000000000854925,BACKFILL_AUTO
2026-05-20 12:09:03,1779278943,CRASH300N,1547.102,1,0.005000000000109139,BACKFILL_AUTO
2026-05-20 12:09:04,1779278944,CRASH300N,1547.102,0,0.0,BACKFILL_AUTO
2026-05-20 12:09:05,1779278945,CRASH300N,1547.119,1,0.016999999999825377,BACKFILL_AUTO
2026-05-20 12:09:06,1779278946,CRASH300N,1547.127,1,0.008000000000038199,BACKFILL_AUTO
2026-05-20 12:09:07,1779278947,CRASH300N,1547.136,1,0.009000000000014552,BACKFILL_AUTO
2026-05-20 12:09:08,1779278948,CRASH300N,1547.153,1,0.01700000000005275,BACKFILL_AUTO
2026-05-20 12:09:09,1779278949,CRASH300N,1547.166,1,0.012999999999919964,BACKFILL_AUTO
2026-05-20 12:09:10,1779278950,CRASH300N,1547.18,1,0.014000000000123691,BACKFILL_AUTO
2026-05-20 12:09:11,1779278951,CRASH300N,1547.19,1,0.009999999999990905,BACKFILL_AUTO
2026-05-20 12:09:12,1779278952,CRASH300N,1547.194,1,0.0039999999999054126,BACKFILL_AUTO
2026-05-20 12:09:13,1779278953,CRASH300N,1547.201,1,0.007000000000061846,BACKFILL_AUTO
2026-05-20 12:09:14,1779278954,CRASH300N,1547.223,1,0.021999999999934516,BACKFILL_AUTO
2026-05-20 12:09:15,1779278955,CRASH300N,1547.224,1,0.0009999999999763531,BACKFILL_AUTO
2026-05-20 12:09:16,1779278956,CRASH300N,1547.233,1,0.009000000000014552,BACKFILL_AUTO
2026-05-20 12:09:17,1779278957,CRASH300N,1547.24,1,0.007000000000061846,BACKFILL_AUTO
2026-05-20 12:09:18,1779278958,CRASH300N,1547.243,1,0.0029999999999290594,BACKFILL_AUTO
2026-05-20 12:09:19,1779278959,CRASH300N,1547.254,1,0.010999999999967258,BACKFILL_AUTO
2026-05-20 12:09:20,1779278960,CRASH300N,1547.259,1,0.005000000000109139,BACKFILL_AUTO
2026-05-20 12:09:21,1779278961,CRASH300N,1547.282,1,0.02299999999991087,BACKFILL_AUTO
2026-05-20 12:09:22,1779278962,CRASH300N,1547.29,1,0.008000000000038199,BACKFILL_AUTO
2026-05-20 12:09:23,1779278963,CRASH300N,1547.305,1,0.015000000000100044,BACKFILL_AUTO
2026-05-20 12:09:24,1779278964,CRASH300N,1547.306,1,0.0009999999999763531,BACKFILL_AUTO
2026-05-20 12:09:25,1779278965,CRASH300N,1547.316,1,0.009999999999990905,BACKFILL_AUTO
2026-05-20 12:09:26,1779278966,CRASH300N,1547.33,1,0.013999999999896318,BACKFILL_AUTO
2026-05-20 12:09:27,1779278967,CRASH300N,1547.349,1,0.019000000000005457,BACKFILL_AUTO
2026-05-20 12:09:28,1779278968,CRASH300N,1547.359,1,0.009999999999990905,BACKFILL_AUTO
2026-05-20 12:09:29,1779278969,CRASH300N,1547.378,1,0.019000000000005457,BACKFILL_AUTO
2026-05-20 12:09:30,1779278970,CRASH300N,1547.384,1,0.0060000000000854925,BACKFILL_AUTO
2026-05-20 12:09:31,1779278971,CRASH300N,1547.396,1,0.011999999999943611,BACKFILL_AUTO
2026-05-20 12:09:32,1779278972,CRASH300N,1547.419,1,0.023000000000138243,BACKFILL_AUTO
2026-05-20 12:09:33,1779278973,CRASH300N,1547.428,1,0.009000000000014552,BACKFILL_AUTO
2026-05-20 12:09:34,1779278974,CRASH300N,1547.441,1,0.012999999999919964,BACKFILL_AUTO
2026-05-20 12:09:35,1779278975,CRASH300N,1547.455,1,0.013999999999896318,BACKFILL_AUTO
2026-05-20 12:09:36,1779278976,CRASH300N,1547.476,1,0.021000000000185537,BACKFILL_AUTO
2026-05-20 12:09:37,1779278977,CRASH300N,1547.502,1,0.02599999999983993,BACKFILL_AUTO
2026-05-20 12:09:38,1779278978,CRASH300N,1547.515,1,0.013000000000147338,BACKFILL_AUTO
2026-05-20 12:09:39,1779278979,CRASH300N,1547.531,1,0.015999999999849024,BACKFILL_AUTO
2026-05-20 12:09:40,1779278980,CRASH300N,1547.538,1,0.007000000000061846,BACKFILL_AUTO
2026-05-20 12:09:41,1779278981,CRASH300N,1547.555,1,0.01700000000005275,BACKFILL_AUTO
2026-05-20 12:09:42,1779278982,CRASH300N,1547.571,1,0.015999999999849024,BACKFILL_AUTO
2026-05-20 12:09:43,1779278983,CRASH300N,1547.582,1,0.011000000000194632,BACKFILL_AUTO
2026-05-20 12:09:44,1779278984,CRASH300N,1547.621,1,0.03899999999998727,BACKFILL_AUTO
2026-05-20 12:09:45,1779278985,CRASH300N,1547.643,1,0.021999999999934516,BACKFILL_AUTO
2026-05-20 12:09:46,1779278986,CRASH300N,1547.645,1,0.0019999999999527063,BACKFILL_AUTO
2026-05-20 12:09:47,1779278987,CRASH300N,1547.645,0,0.0,BACKFILL_AUTO
2026-05-20 12:09:48,1779278988,CRASH300N,1547.663,1,0.018000000000029104,BACKFILL_AUTO
2026-05-20 12:09:49,1779278989,CRASH300N,1547.691,1,0.02800000000002001,BACKFILL_AUTO
2026-05-20 12:09:50,1779278990,CRASH300N,1547.704,1,0.012999999999919964,BACKFILL_AUTO
2026-05-20 12:09:51,1779278991,CRASH300N,1547.724,1,0.01999999999998181,BACKFILL_AUTO
2026-05-20 12:09:52,1779278992,CRASH300N,1547.731,1,0.007000000000061846,BACKFILL_AUTO
2026-05-20 12:09:53,1779278993,CRASH300N,1547.755,1,0.024000000000114596,BACKFILL_AUTO
2026-05-20 12:09:54,1779278994,CRASH300N,1547.766,1,0.010999999999967258,BACKFILL_AUTO
2026-05-20 12:09:55,1779278995,CRASH300N,1547.781,1,0.01499999999987267,BACKFILL_AUTO
2026-05-20 12:09:56,1779278996,CRASH300N,1547.793,1,0.011999999999943611,BACKFILL_AUTO
2026-05-20 12:09:57,1779278997,CRASH300N,1547.81,1,0.01700000000005275,BACKFILL_AUTO
2026-05-20 12:09:58,1779278998,CRASH300N,1547.834,1,0.024000000000114596,BACKFILL_AUTO
2026-05-20 12:09:59,1779278999,CRASH300N,1547.84,1,0.005999999999858119,BACKFILL_AUTO
2026-05-20 12:10:00,1779279000,CRASH300N,1547.854,1,0.014000000000123691,BACKFILL_AUTO
2026-05-20 12:10:01,1779279001,CRASH300N,1547.871,1,0.01700000000005275,BACKFILL_AUTO
2026-05-20 12:10:02,1779279002,CRASH300N,1547.878,1,0.006999999999834472,BACKFILL_AUTO
2026-05-20 12:10:03,1779279003,CRASH300N,1547.892,1,0.014000000000123691,BACKFILL_AUTO
2026-05-20 12:10:04,1779279004,CRASH300N,1547.928,1,0.03600000000005821,BACKFILL_AUTO
2026-05-20 12:10:05,1779279005,CRASH300N,1547.936,1,0.007999999999810825,BACKFILL_AUTO
2026-05-20 12:10:06,1779279006,CRASH300N,1547.95,1,0.014000000000123691,BACKFILL_AUTO
2026-05-20 12:10:07,1779279007,CRASH300N,1547.971,1,0.020999999999958163,BACKFILL_AUTO
2026-05-20 12:10:08,1779279008,CRASH300N,1548.0,1,0.028999999999996362,BACKFILL_AUTO
2026-05-20 12:10:09,1779279009,CRASH300N,1548.002,1,0.0019999999999527063,BACKFILL_AUTO
2026-05-20 12:10:10,1779279010,CRASH300N,1548.013,1,0.010999999999967258,BACKFILL_AUTO
2026-05-20 12:10:11,1779279011,CRASH300N,1548.037,1,0.024000000000114596,BACKFILL_AUTO
2026-05-20 12:10:12,1779279012,CRASH300N,1548.049,1,0.011999999999943611,BACKFILL_AUTO
2026-05-20 12:10:13,1779279013,CRASH300N,1548.079,1,0.029999999999972715,BACKFILL_AUTO
2026-05-20 12:10:14,1779279014,CRASH300N,1548.085,1,0.0060000000000854925,BACKFILL_AUTO
2026-05-20 12:10:15,1779279015,CRASH300N,1548.11,1,0.024999999999863576,BACKFILL_AUTO
2026-05-20 12:10:16,1779279016,CRASH300N,1548.114,1,0.004000000000132786,BACKFILL_AUTO
2026-05-20 12:10:17,1779279017,CRASH300N,1548.123,1,0.009000000000014552,BACKFILL_AUTO
2026-05-20 12:10:18,1779279018,CRASH300N,1548.135,1,0.011999999999943611,BACKFILL_AUTO
2026-05-20 12:10:19,1779279019,CRASH300N,1548.17,1,0.035000000000081855,BACKFILL_AUTO
2026-05-20 12:10:20,1779279020,CRASH300N,1548.173,1,0.0029999999999290594,BACKFILL_AUTO
2026-05-20 12:10:21,1779279021,CRASH300N,1548.194,1,0.020999999999958163,BACKFILL_AUTO
2026-05-20 12:10:22,1779279022,CRASH300N,1548.222,1,0.02800000000002001,BACKFILL_AUTO
2026-05-20 12:10:23,1779279023,CRASH300N,1548.222,0,0.0,BACKFILL_AUTO
2026-05-20 12:10:24,1779279024,CRASH300N,1548.24,1,0.018000000000029104,BACKFILL_AUTO
2026-05-20 12:10:25,1779279025,CRASH300N,1548.267,1,0.027000000000043656,BACKFILL_AUTO
2026-05-20 12:10:26,1779279026,CRASH300N,1548.286,1,0.019000000000005457,BACKFILL_AUTO
2026-05-20 12:10:27,1779279027,CRASH300N,1548.291,1,0.004999999999881766,BACKFILL_AUTO
2026-05-20 12:10:28,1779279028,CRASH300N,1548.294,1,0.003000000000156433,BACKFILL_AUTO
2026-05-20 12:10:29,1779279029,CRASH300N,1548.295,1,0.0009999999999763531,BACKFILL_AUTO
2026-05-20 12:10:30,1779279030,CRASH300N,1548.297,1,0.0019999999999527063,BACKFILL_AUTO
2026-05-20 12:10:31,1779279031,CRASH300N,1548.307,1,0.009999999999990905,BACKFILL_AUTO
2026-05-20 12:10:32,1779279032,CRASH300N,1548.335,1,0.02800000000002001,BACKFILL_AUTO
2026-05-20 12:10:33,1779279033,CRASH300N,1548.36,1,0.024999999999863576,BACKFILL_AUTO
2026-05-20 12:10:34,1779279034,CRASH300N,1548.367,1,0.007000000000061846,BACKFILL_AUTO
2026-05-20 12:10:35,1779279035,CRASH300N,1548.379,1,0.011999999999943611,BACKFILL_AUTO
2026-05-20 12:10:36,1779279036,CRASH300N,1548.38,1,0.0010000000002037268,BACKFILL_AUTO
2026-05-20 12:10:37,1779279037,CRASH300N,1548.389,1,0.008999999999787178,BACKFILL_AUTO
2026-05-20 12:10:38,1779279038,CRASH300N,1548.415,1,0.026000000000067303,BACKFILL_AUTO
2026-05-20 12:10:39,1779279039,CRASH300N,1548.436,1,0.020999999999958163,BACKFILL_AUTO
2026-05-20 12:10:40,1779279040,CRASH300N,1548.453,1,0.01700000000005275,BACKFILL_AUTO
2026-05-20 12:10:41,1779279041,CRASH300N,1548.462,1,0.009000000000014552,BACKFILL_AUTO
2026-05-20 12:10:42,1779279042,CRASH300N,1548.5,1,0.038000000000010914,BACKFILL_AUTO
2026-05-20 12:10:43,1779279043,CRASH300N,1548.513,1,0.012999999999919964,BACKFILL_AUTO
2026-05-20 12:10:44,1779279044,CRASH300N,1548.518,1,0.005000000000109139,BACKFILL_AUTO
2026-05-20 12:10:45,1779279045,CRASH300N,1548.52,1,0.0019999999999527063,BACKFILL_AUTO
2026-05-20 12:10:46,1779279046,CRASH300N,1548.553,1,0.03300000000012915,BACKFILL_AUTO
2026-05-20 12:10:47,1779279047,CRASH300N,1548.565,1,0.011999999999943611,BACKFILL_AUTO
2026-05-20 12:10:48,1779279048,CRASH300N,1548.581,1,0.015999999999849024,BACKFILL_AUTO
2026-05-20 12:10:49,1779279049,CRASH300N,1548.59,1,0.009000000000014552,BACKFILL_AUTO
2026-05-20 12:10:50,1779279050,CRASH300N,1548.612,1,0.02200000000016189,BACKFILL_AUTO
2026-05-20 12:10:51,1779279051,CRASH300N,1548.626,1,0.013999999999896318,BACKFILL_AUTO
2026-05-20 12:10:52,1779279052,CRASH300N,1548.655,1,0.028999999999996362,BACKFILL_AUTO
2026-05-20 12:10:53,1779279053,CRASH300N,1548.657,1,0.0019999999999527063,BACKFILL_AUTO
2026-05-20 12:10:54,1779279054,CRASH300N,1548.671,1,0.014000000000123691,BACKFILL_AUTO
2026-05-20 12:10:55,1779279055,CRASH300N,1548.677,1,0.005999999999858119,BACKFILL_AUTO
2026-05-20 12:10:56,1779279056,CRASH300N,1548.681,1,0.004000000000132786,BACKFILL_AUTO
2026-05-20 12:10:57,1779279057,CRASH300N,1548.696,1,0.01499999999987267,BACKFILL_AUTO
2026-05-20 12:10:58,1779279058,CRASH300N,1548.704,1,0.008000000000038199,BACKFILL_AUTO
2026-05-20 12:10:59,1779279059,CRASH300N,1548.73,1,0.026000000000067303,BACKFILL_AUTO
2026-05-20 12:11:00,1779279060,CRASH300N,1548.742,1,0.011999999999943611,BACKFILL_AUTO
2026-05-20 12:11:01,1779279061,CRASH300N,1548.757,1,0.015000000000100044,BACKFILL_AUTO
2026-05-20 12:11:02,1779279062,CRASH300N,1548.768,1,0.010999999999967258,BACKFILL_AUTO
2026-05-20 12:11:03,1779279063,CRASH300N,1548.794,1,0.026000000000067303,BACKFILL_AUTO
2026-05-20 12:11:04,1779279064,CRASH300N,1548.816,1,0.021999999999934516,BACKFILL_AUTO
2026-05-20 12:11:05,1779279065,CRASH300N,1548.83,1,0.013999999999896318,BACKFILL_AUTO
2026-05-20 12:11:06,1779279066,CRASH300N,1548.842,1,0.012000000000170985,BACKFILL_AUTO
2026-05-20 12:11:07,1779279067,CRASH300N,1548.864,1,0.021999999999934516,BACKFILL_AUTO
2026-05-20 12:11:08,1779279068,CRASH300N,1548.882,1,0.018000000000029104,BACKFILL_AUTO
2026-05-20 12:11:09,1779279069,CRASH300N,1548.902,1,0.01999999999998181,BACKFILL_AUTO
2026-05-20 12:11:10,1779279070,CRASH300N,1548.912,1,0.009999999999990905,BACKFILL_AUTO
2026-05-20 12:11:11,1779279071,CRASH300N,1548.917,1,0.004999999999881766,BACKFILL_AUTO
2026-05-20 12:11:12,1779279072,CRASH300N,1548.929,1,0.012000000000170985,BACKFILL_AUTO
2026-05-20 12:11:13,1779279073,CRASH300N,1548.951,1,0.021999999999934516,BACKFILL_AUTO
2026-05-20 12:11:14,1779279074,CRASH300N,1548.967,1,0.016000000000076398,BACKFILL_AUTO
2026-05-20 12:11:15,1779279075,CRASH300N,1548.969,1,0.0019999999999527063,BACKFILL_AUTO
2026-05-20 12:11:16,1779279076,CRASH300N,1549.007,1,0.038000000000010914,BACKFILL_AUTO
2026-05-20 12:11:17,1779279077,CRASH300N,1549.021,1,0.013999999999896318,BACKFILL_AUTO
2026-05-20 12:11:18,1779279078,CRASH300N,1549.057,1,0.03600000000005821,BACKFILL_AUTO
2026-05-20 12:11:19,1779279079,CRASH300N,1549.084,1,0.027000000000043656,BACKFILL_AUTO
2026-05-20 12:11:20,1779279080,CRASH300N,1549.114,1,0.029999999999972715,BACKFILL_AUTO
2026-05-20 12:11:21,1779279081,CRASH300N,1549.123,1,0.009000000000014552,BACKFILL_AUTO
2026-05-20 12:11:22,1779279082,CRASH300N,1549.137,1,0.013999999999896318,BACKFILL_AUTO
2026-05-20 12:11:23,1779279083,CRASH300N,1549.142,1,0.005000000000109139,BACKFILL_AUTO
2026-05-20 12:11:24,1779279084,CRASH300N,1549.156,1,0.013999999999896318,BACKFILL_AUTO
2026-05-20 12:11:25,1779279085,CRASH300N,1549.176,1,0.01999999999998181,BACKFILL_AUTO
2026-05-20 12:11:26,1779279086,CRASH300N,1549.203,1,0.027000000000043656,BACKFILL_AUTO
2026-05-20 12:11:27,1779279087,CRASH300N,1549.207,1,0.004000000000132786,BACKFILL_AUTO
2026-05-20 12:11:28,1779279088,CRASH300N,1549.212,1,0.004999999999881766,BACKFILL_AUTO
2026-05-20 12:11:29,1779279089,CRASH300N,1549.216,1,0.0039999999999054126,BACKFILL_AUTO
2026-05-20 12:11:30,1779279090,CRASH300N,1549.242,1,0.026000000000067303,BACKFILL_AUTO
2026-05-20 12:11:31,1779279091,CRASH300N,1549.258,1,0.016000000000076398,BACKFILL_AUTO
2026-05-20 12:11:32,1779279092,CRASH300N,1549.289,1,0.03099999999994907,BACKFILL_AUTO
2026-05-20 12:11:33,1779279093,CRASH300N,1549.291,1,0.0019999999999527063,BACKFILL_AUTO
2026-05-20 12:11:34,1779279094,CRASH300N,1549.293,1,0.0019999999999527063,BACKFILL_AUTO
2026-05-20 12:11:35,1779279095,CRASH300N,1549.293,0,0.0,BACKFILL_AUTO
2026-05-20 12:11:36,1779279096,CRASH300N,1549.297,1,0.004000000000132786,BACKFILL_AUTO
2026-05-20 12:11:37,1779279097,CRASH300N,1549.308,1,0.010999999999967258,BACKFILL_AUTO
2026-05-20 12:11:38,1779279098,CRASH300N,1549.322,1,0.013999999999896318,BACKFILL_AUTO
2026-05-20 12:11:39,1779279099,CRASH300N,1549.329,1,0.007000000000061846,BACKFILL_AUTO
2026-05-20 12:11:40,1779279100,CRASH300N,1549.348,1,0.019000000000005457,BACKFILL_AUTO
2026-05-20 12:11:41,1779279101,CRASH300N,1549.365,1,0.01700000000005275,BACKFILL_AUTO
2026-05-20 12:11:42,1779279102,CRASH300N,1549.374,1,0.009000000000014552,BACKFILL_AUTO
2026-05-20 12:11:43,1779279103,CRASH300N,1549.396,1,0.021999999999934516,BACKFILL_AUTO
2026-05-20 12:11:44,1779279104,CRASH300N,1549.415,1,0.019000000000005457,BACKFILL_AUTO
2026-05-20 12:11:45,1779279105,CRASH300N,1549.421,1,0.0060000000000854925,BACKFILL_AUTO
2026-05-20 12:11:46,1779279106,CRASH300N,1549.428,1,0.007000000000061846,BACKFILL_AUTO
2026-05-20 12:11:47,1779279107,CRASH300N,1549.446,1,0.01799999999980173,BACKFILL_AUTO
2026-05-20 12:11:48,1779279108,CRASH300N,1549.456,1,0.009999999999990905,BACKFILL_AUTO
2026-05-20 12:11:49,1779279109,CRASH300N,1549.467,1,0.011000000000194632,BACKFILL_AUTO
2026-05-20 12:11:50,1779279110,CRASH300N,1549.475,1,0.007999999999810825,BACKFILL_AUTO
2026-05-20 12:11:51,1779279111,CRASH300N,1549.483,1,0.008000000000038199,BACKFILL_AUTO
2026-05-20 12:11:52,1779279112,CRASH300N,1549.492,1,0.009000000000014552,BACKFILL_AUTO
2026-05-20 12:11:53,1779279113,CRASH300N,1549.5,1,0.008000000000038199,BACKFILL_AUTO
2026-05-20 12:11:54,1779279114,CRASH300N,1548.817,-1,0.6829999999999927,BACKFILL_AUTO
2026-05-20 12:11:55,1779279115,CRASH300N,1548.845,1,0.02800000000002001,BACKFILL_AUTO
2026-05-20 12:11:56,1779279116,CRASH300N,1548.847,1,0.0019999999999527063,BACKFILL_AUTO
2026-05-20 12:11:57,1779279117,CRASH300N,1548.852,1,0.005000000000109139,BACKFILL_AUTO
2026-05-20 12:11:58,1779279118,CRASH300N,1548.867,1,0.01499999999987267,BACKFILL_AUTO
2026-05-20 12:11:59,1779279119,CRASH300N,1548.888,1,0.020999999999958163,BACKFILL_AUTO
2026-05-20 12:12:00,1779279120,CRASH300N,1548.906,1,0.018000000000029104,BACKFILL_AUTO
2026-05-20 12:12:01,1779279121,CRASH300N,1548.909,1,0.003000000000156433,BACKFILL_AUTO
2026-05-20 12:12:02,1779279122,CRASH300N,1548.922,1,0.012999999999919964,BACKFILL_AUTO
2026-05-20 12:12:03,1779279123,CRASH300N,1548.929,1,0.007000000000061846,BACKFILL_AUTO
2026-05-20 12:12:04,1779279124,CRASH300N,1548.934,1,0.004999999999881766,BACKFILL_AUTO
2026-05-20 12:12:05,1779279125,CRASH300N,1548.947,1,0.012999999999919964,BACKFILL_AUTO
2026-05-20 12:12:06,1779279126,CRASH300N,1548.969,1,0.02200000000016189,BACKFILL_AUTO
2026-05-20 12:12:07,1779279127,CRASH300N,1548.971,1,0.0019999999999527063,BACKFILL_AUTO
2026-05-20 12:12:08,1779279128,CRASH300N,1548.976,1,0.005000000000109139,BACKFILL_AUTO
2026-05-20 12:12:09,1779279129,CRASH300N,1548.992,1,0.015999999999849024,BACKFILL_AUTO
2026-05-20 12:12:10,1779279130,CRASH300N,1549.007,1,0.015000000000100044,BACKFILL_AUTO
2026-05-20 12:12:11,1779279131,CRASH300N,1549.032,1,0.024999999999863576,BACKFILL_AUTO
2026-05-20 12:12:12,1779279132,CRASH300N,1549.045,1,0.013000000000147338,BACKFILL_AUTO
2026-05-20 12:12:13,1779279133,CRASH300N,1549.058,1,0.012999999999919964,BACKFILL_AUTO
2026-05-20 12:12:14,1779279134,CRASH300N,1549.06,1,0.0019999999999527063,BACKFILL_AUTO
2026-05-20 12:12:15,1779279135,CRASH300N,1549.062,1,0.0019999999999527063,BACKFILL_AUTO
2026-05-20 12:12:16,1779279136,CRASH300N,1549.08,1,0.018000000000029104,BACKFILL_AUTO
2026-05-20 12:12:17,1779279137,CRASH300N,1549.094,1,0.014000000000123691,BACKFILL_AUTO
2026-05-20 12:12:18,1779279138,CRASH300N,1549.111,1,0.01700000000005275,BACKFILL_AUTO
2026-05-20 12:12:19,1779279139,CRASH300N,1549.145,1,0.03399999999987813,BACKFILL_AUTO
2026-05-20 12:12:20,1779279140,CRASH300N,1549.159,1,0.014000000000123691,BACKFILL_AUTO
2026-05-20 12:12:21,1779279141,CRASH300N,1549.16,1,0.0009999999999763531,BACKFILL_AUTO
2026-05-20 12:12:22,1779279142,CRASH300N,1549.179,1,0.019000000000005457,BACKFILL_AUTO
2026-05-20 12:12:23,1779279143,CRASH300N,1549.179,0,0.0,BACKFILL_AUTO
2026-05-20 12:12:24,1779279144,CRASH300N,1549.216,1,0.03699999999980719,BACKFILL_AUTO
2026-05-20 12:12:25,1779279145,CRASH300N,1549.223,1,0.007000000000061846,BACKFILL_AUTO
2026-05-20 12:12:26,1779279146,CRASH300N,1549.243,1,0.01999999999998181,BACKFILL_AUTO
2026-05-20 12:12:27,1779279147,CRASH300N,1549.277,1,0.0340000000001055,BACKFILL_AUTO
2026-05-20 12:12:28,1779279148,CRASH300N,1549.299,1,0.021999999999934516,BACKFILL_AUTO
2026-05-20 12:12:29,1779279149,CRASH300N,1549.303,1,0.004000000000132786,BACKFILL_AUTO
2026-05-20 12:12:30,1779279150,CRASH300N,1549.319,1,0.015999999999849024,BACKFILL_AUTO
2026-05-20 12:12:31,1779279151,CRASH300N,1549.331,1,0.011999999999943611,BACKFILL_AUTO
2026-05-20 12:12:32,1779279152,CRASH300N,1549.345,1,0.014000000000123691,BACKFILL_AUTO
2026-05-20 12:12:33,1779279153,CRASH300N,1549.374,1,0.028999999999996362,BACKFILL_AUTO
2026-05-20 12:12:34,1779279154,CRASH300N,1549.392,1,0.018000000000029104,BACKFILL_AUTO
2026-05-20 12:12:35,1779279155,CRASH300N,1549.393,1,0.0009999999999763531,BACKFILL_AUTO
2026-05-20 12:12:36,1779279156,CRASH300N,1549.409,1,0.016000000000076398,BACKFILL_AUTO
2026-05-20 12:12:37,1779279157,CRASH300N,1549.412,1,0.0029999999999290594,BACKFILL_AUTO
2026-05-20 12:12:38,1779279158,CRASH300N,1549.413,1,0.0009999999999763531,BACKFILL_AUTO
2026-05-20 12:12:39,1779279159,CRASH300N,1549.413,0,0.0,BACKFILL_AUTO
2026-05-20 12:12:40,1779279160,CRASH300N,1549.426,1,0.012999999999919964,BACKFILL_AUTO
2026-05-20 12:12:41,1779279161,CRASH300N,1549.445,1,0.019000000000005457,BACKFILL_AUTO
2026-05-20 12:12:42,1779279162,CRASH300N,1549.465,1,0.01999999999998181,BACKFILL_AUTO
2026-05-20 12:12:43,1779279163,CRASH300N,1549.493,1,0.02800000000002001,BACKFILL_AUTO
2026-05-20 12:12:44,1779279164,CRASH300N,1549.5,1,0.007000000000061846,BACKFILL_AUTO
2026-05-20 12:12:45,1779279165,CRASH300N,1549.507,1,0.007000000000061846,BACKFILL_AUTO
2026-05-20 12:12:46,1779279166,CRASH300N,1549.51,1,0.0029999999999290594,BACKFILL_AUTO
2026-05-20 12:12:47,1779279167,CRASH300N,1549.532,1,0.021999999999934516,BACKFILL_AUTO
2026-05-20 12:12:48,1779279168,CRASH300N,1549.554,1,0.02200000000016189,BACKFILL_AUTO
2026-05-20 12:12:49,1779279169,CRASH300N,1549.562,1,0.007999999999810825,BACKFILL_AUTO
2026-05-20 12:12:50,1779279170,CRASH300N,1549.592,1,0.03000000000020009,BACKFILL_AUTO
2026-05-20 12:12:51,1779279171,CRASH300N,1549.596,1,0.0039999999999054126,BACKFILL_AUTO
2026-05-20 12:12:52,1779279172,CRASH300N,1549.606,1,0.009999999999990905,BACKFILL_AUTO
2026-05-20 12:12:53,1779279173,CRASH300N,1549.611,1,0.005000000000109139,BACKFILL_AUTO
2026-05-20 12:12:54,1779279174,CRASH300N,1549.622,1,0.010999999999967258,BACKFILL_AUTO
2026-05-20 12:12:55,1779279175,CRASH300N,1549.627,1,0.004999999999881766,BACKFILL_AUTO
2026-05-20 12:12:56,1779279176,CRASH300N,1549.654,1,0.027000000000043656,BACKFILL_AUTO
2026-05-20 12:12:57,1779279177,CRASH300N,1549.668,1,0.013999999999896318,BACKFILL_AUTO
2026-05-20 12:12:58,1779279178,CRASH300N,1549.673,1,0.005000000000109139,BACKFILL_AUTO
2026-05-20 12:12:59,1779279179,CRASH300N,1549.687,1,0.013999999999896318,BACKFILL_AUTO
2026-05-20 12:13:00,1779279180,CRASH300N,1549.709,1,0.02200000000016189,BACKFILL_AUTO
2026-05-20 12:13:01,1779279181,CRASH300N,1549.712,1,0.0029999999999290594,BACKFILL_AUTO
2026-05-20 12:13:02,1779279182,CRASH300N,1549.727,1,0.015000000000100044,BACKFILL_AUTO
2026-05-20 12:13:03,1779279183,CRASH300N,1549.736,1,0.009000000000014552,BACKFILL_AUTO
2026-05-20 12:13:04,1779279184,CRASH300N,1549.751,1,0.01499999999987267,BACKFILL_AUTO
2026-05-20 12:13:05,1779279185,CRASH300N,1549.76,1,0.009000000000014552,BACKFILL_AUTO
2026-05-20 12:13:06,1779279186,CRASH300N,1549.774,1,0.013999999999896318,BACKFILL_AUTO
2026-05-20 12:13:07,1779279187,CRASH300N,1549.788,1,0.014000000000123691,BACKFILL_AUTO
2026-05-20 12:13:08,1779279188,CRASH300N,1549.808,1,0.01999999999998181,BACKFILL_AUTO
2026-05-20 12:13:09,1779279189,CRASH300N,1549.812,1,0.0039999999999054126,BACKFILL_AUTO
2026-05-20 12:13:10,1779279190,CRASH300N,1549.849,1,0.03700000000003456,BACKFILL_AUTO
2026-05-20 12:13:11,1779279191,CRASH300N,1549.862,1,0.013000000000147338,BACKFILL_AUTO
2026-05-20 12:13:12,1779279192,CRASH300N,1549.867,1,0.004999999999881766,BACKFILL_AUTO
2026-05-20 12:13:13,1779279193,CRASH300N,1549.867,0,0.0,BACKFILL_AUTO
2026-05-20 12:13:14,1779279194,CRASH300N,1549.881,1,0.014000000000123691,BACKFILL_AUTO
2026-05-20 12:13:15,1779279195,CRASH300N,1549.884,1,0.0029999999999290594,BACKFILL_AUTO
2026-05-20 12:13:16,1779279196,CRASH300N,1549.884,0,0.0,BACKFILL_AUTO
2026-05-20 12:13:17,1779279197,CRASH300N,1549.9,1,0.016000000000076398,BACKFILL_AUTO
2026-05-20 12:13:18,1779279198,CRASH300N,1549.915,1,0.01499999999987267,BACKFILL_AUTO
2026-05-20 12:13:19,1779279199,CRASH300N,1549.939,1,0.024000000000114596,BACKFILL_AUTO
2026-05-20 12:13:20,1779279200,CRASH300N,1549.955,1,0.015999999999849024,BACKFILL_AUTO
2026-05-20 12:13:21,1779279201,CRASH300N,1549.973,1,0.018000000000029104,BACKFILL_AUTO
2026-05-20 12:13:22,1779279202,CRASH300N,1549.976,1,0.003000000000156433,BACKFILL_AUTO
2026-05-20 12:13:23,1779279203,CRASH300N,1549.986,1,0.009999999999990905,BACKFILL_AUTO
2026-05-20 12:13:24,1779279204,CRASH300N,1549.987,1,0.0009999999999763531,BACKFILL_AUTO
2026-05-20 12:13:25,1779279205,CRASH300N,1549.992,1,0.004999999999881766,BACKFILL_AUTO
2026-05-20 12:13:26,1779279206,CRASH300N,1550.009,1,0.01700000000005275,BACKFILL_AUTO
2026-05-20 12:13:27,1779279207,CRASH300N,1550.025,1,0.016000000000076398,BACKFILL_AUTO
2026-05-20 12:13:28,1779279208,CRASH300N,1550.03,1,0.004999999999881766,BACKFILL_AUTO
2026-05-20 12:13:29,1779279209,CRASH300N,1550.041,1,0.010999999999967258,BACKFILL_AUTO
2026-05-20 12:13:30,1779279210,CRASH300N,1550.055,1,0.014000000000123691,BACKFILL_AUTO
2026-05-20 12:13:31,1779279211,CRASH300N,1550.078,1,0.02299999999991087,BACKFILL_AUTO
2026-05-20 12:13:32,1779279212,CRASH300N,1550.1,1,0.021999999999934516,BACKFILL_AUTO
2026-05-20 12:13:33,1779279213,CRASH300N,1550.116,1,0.016000000000076398,BACKFILL_AUTO
2026-05-20 12:13:34,1779279214,CRASH300N,1550.123,1,0.007000000000061846,BACKFILL_AUTO
2026-05-20 12:13:35,1779279215,CRASH300N,1550.143,1,0.01999999999998181,BACKFILL_AUTO
2026-05-20 12:13:36,1779279216,CRASH300N,1550.156,1,0.012999999999919964,BACKFILL_AUTO
2026-05-20 12:13:37,1779279217,CRASH300N,1550.182,1,0.026000000000067303,BACKFILL_AUTO
2026-05-20 12:13:38,1779279218,CRASH300N,1550.186,1,0.0039999999999054126,BACKFILL_AUTO
2026-05-20 12:13:39,1779279219,CRASH300N,1550.211,1,0.02500000000009095,BACKFILL_AUTO
2026-05-20 12:13:40,1779279220,CRASH300N,1550.219,1,0.008000000000038199,BACKFILL_AUTO
2026-05-20 12:13:41,1779279221,CRASH300N,1550.223,1,0.0039999999999054126,BACKFILL_AUTO
2026-05-20 12:13:42,1779279222,CRASH300N,1550.232,1,0.009000000000014552,BACKFILL_AUTO
2026-05-20 12:13:43,1779279223,CRASH300N,1550.257,1,0.02500000000009095,BACKFILL_AUTO
2026-05-20 12:13:44,1779279224,CRASH300N,1550.263,1,0.005999999999858119,BACKFILL_AUTO
2026-05-20 12:13:45,1779279225,CRASH300N,1550.268,1,0.005000000000109139,BACKFILL_AUTO
2026-05-20 12:13:46,1779279226,CRASH300N,1550.28,1,0.011999999999943611,BACKFILL_AUTO
2026-05-20 12:13:47,1779279227,CRASH300N,1550.287,1,0.007000000000061846,BACKFILL_AUTO
2026-05-20 12:13:48,1779279228,CRASH300N,1550.313,1,0.026000000000067303,BACKFILL_AUTO
2026-05-20 12:13:49,1779279229,CRASH300N,1550.318,1,0.004999999999881766,BACKFILL_AUTO
2026-05-20 12:13:50,1779279230,CRASH300N,1550.332,1,0.014000000000123691,BACKFILL_AUTO
2026-05-20 12:13:51,1779279231,CRASH300N,1550.34,1,0.007999999999810825,BACKFILL_AUTO
2026-05-20 12:13:52,1779279232,CRASH300N,1550.354,1,0.014000000000123691,BACKFILL_AUTO
2026-05-20 12:13:53,1779279233,CRASH300N,1550.372,1,0.018000000000029104,BACKFILL_AUTO
2026-05-20 12:13:54,1779279234,CRASH300N,1550.372,0,0.0,BACKFILL_AUTO
2026-05-20 12:13:55,1779279235,CRASH300N,1550.401,1,0.028999999999996362,BACKFILL_AUTO
2026-05-20 12:13:56,1779279236,CRASH300N,1550.405,1,0.0039999999999054126,BACKFILL_AUTO
2026-05-20 12:13:57,1779279237,CRASH300N,1550.407,1,0.0019999999999527063,BACKFILL_AUTO
2026-05-20 12:13:58,1779279238,CRASH300N,1550.411,1,0.004000000000132786,BACKFILL_AUTO
2026-05-20 12:13:59,1779279239,CRASH300N,1550.423,1,0.011999999999943611,BACKFILL_AUTO
2026-05-20 12:14:00,1779279240,CRASH300N,1550.425,1,0.0019999999999527063,BACKFILL_AUTO
2026-05-20 12:14:01,1779279241,CRASH300N,1550.432,1,0.007000000000061846,BACKFILL_AUTO
2026-05-20 12:14:02,1779279242,CRASH300N,1550.449,1,0.01700000000005275,BACKFILL_AUTO
2026-05-20 12:14:03,1779279243,CRASH300N,1550.47,1,0.020999999999958163,BACKFILL_AUTO
2026-05-20 12:14:04,1779279244,CRASH300N,1550.482,1,0.011999999999943611,BACKFILL_AUTO
2026-05-20 12:14:05,1779279245,CRASH300N,1550.499,1,0.01700000000005275,BACKFILL_AUTO
2026-05-20 12:14:06,1779279246,CRASH300N,1550.515,1,0.016000000000076398,BACKFILL_AUTO
2026-05-20 12:14:07,1779279247,CRASH300N,1550.517,1,0.0019999999999527063,BACKFILL_AUTO
2026-05-20 12:14:08,1779279248,CRASH300N,1550.521,1,0.0039999999999054126,BACKFILL_AUTO
2026-05-20 12:14:09,1779279249,CRASH300N,1550.54,1,0.019000000000005457,BACKFILL_AUTO
2026-05-20 12:14:10,1779279250,CRASH300N,1550.54,0,0.0,BACKFILL_AUTO
2026-05-20 12:14:11,1779279251,CRASH300N,1550.552,1,0.011999999999943611,BACKFILL_AUTO
2026-05-20 12:14:12,1779279252,CRASH300N,1550.557,1,0.005000000000109139,BACKFILL_AUTO
2026-05-20 12:14:13,1779279253,CRASH300N,1550.585,1,0.02800000000002001,BACKFILL_AUTO
2026-05-20 12:14:14,1779279254,CRASH300N,1550.613,1,0.02800000000002001,BACKFILL_AUTO
2026-05-20 12:14:15,1779279255,CRASH300N,1550.642,1,0.028999999999996362,BACKFILL_AUTO
2026-05-20 12:14:16,1779279256,CRASH300N,1550.672,1,0.029999999999972715,BACKFILL_AUTO
2026-05-20 12:14:17,1779279257,CRASH300N,1550.68,1,0.008000000000038199,BACKFILL_AUTO
2026-05-20 12:14:18,1779279258,CRASH300N,1550.685,1,0.004999999999881766,BACKFILL_AUTO
2026-05-20 12:14:19,1779279259,CRASH300N,1550.704,1,0.019000000000005457,BACKFILL_AUTO
2026-05-20 12:14:20,1779279260,CRASH300N,1550.722,1,0.018000000000029104,BACKFILL_AUTO
2026-05-20 12:14:21,1779279261,CRASH300N,1550.727,1,0.005000000000109139,BACKFILL_AUTO
2026-05-20 12:14:22,1779279262,CRASH300N,1550.732,1,0.004999999999881766,BACKFILL_AUTO
2026-05-20 12:14:23,1779279263,CRASH300N,1550.76,1,0.02800000000002001,BACKFILL_AUTO
2026-05-20 12:14:24,1779279264,CRASH300N,1550.781,1,0.020999999999958163,BACKFILL_AUTO
2026-05-20 12:14:25,1779279265,CRASH300N,1550.798,1,0.01700000000005275,BACKFILL_AUTO
2026-05-20 12:14:26,1779279266,CRASH300N,1550.808,1,0.009999999999990905,BACKFILL_AUTO
2026-05-20 12:14:27,1779279267,CRASH300N,1550.818,1,0.009999999999990905,BACKFILL_AUTO
2026-05-20 12:14:28,1779279268,CRASH300N,1550.819,1,0.0009999999999763531,BACKFILL_AUTO
2026-05-20 12:14:29,1779279269,CRASH300N,1550.83,1,0.010999999999967258,BACKFILL_AUTO
2026-05-20 12:14:30,1779279270,CRASH300N,1550.846,1,0.016000000000076398,BACKFILL_AUTO
2026-05-20 12:14:31,1779279271,CRASH300N,1550.866,1,0.01999999999998181,BACKFILL_AUTO
2026-05-20 12:14:32,1779279272,CRASH300N,1550.867,1,0.0009999999999763531,BACKFILL_AUTO
2026-05-20 12:14:33,1779279273,CRASH300N,1550.895,1,0.02800000000002001,BACKFILL_AUTO
2026-05-20 12:14:34,1779279274,CRASH300N,1550.897,1,0.0019999999999527063,BACKFILL_AUTO
2026-05-20 12:14:35,1779279275,CRASH300N,1550.899,1,0.0019999999999527063,BACKFILL_AUTO
2026-05-20 12:14:36,1779279276,CRASH300N,1550.903,1,0.004000000000132786,BACKFILL_AUTO
2026-05-20 12:14:37,1779279277,CRASH300N,1550.906,1,0.0029999999999290594,BACKFILL_AUTO
2026-05-20 12:14:38,1779279278,CRASH300N,1550.912,1,0.0060000000000854925,BACKFILL_AUTO
2026-05-20 12:14:39,1779279279,CRASH300N,1550.913,1,0.0009999999999763531,BACKFILL_AUTO
2026-05-20 12:14:40,1779279280,CRASH300N,1550.913,0,0.0,BACKFILL_AUTO
2026-05-20 12:14:41,1779279281,CRASH300N,1550.915,1,0.0019999999999527063,BACKFILL_AUTO
2026-05-20 12:14:42,1779279282,CRASH300N,1550.921,1,0.0060000000000854925,BACKFILL_AUTO
2026-05-20 12:14:43,1779279283,CRASH300N,1550.922,1,0.0009999999999763531,BACKFILL_AUTO
2026-05-20 12:14:44,1779279284,CRASH300N,1550.941,1,0.019000000000005457,BACKFILL_AUTO
2026-05-20 12:14:45,1779279285,CRASH300N,1550.951,1,0.009999999999990905,BACKFILL_AUTO
2026-05-20 12:14:46,1779279286,CRASH300N,1550.983,1,0.03199999999992542,BACKFILL_AUTO
2026-05-20 12:14:47,1779279287,CRASH300N,1550.994,1,0.010999999999967258,BACKFILL_AUTO
2026-05-20 12:14:48,1779279288,CRASH300N,1551.003,1,0.009000000000014552,BACKFILL_AUTO
2026-05-20 12:14:49,1779279289,CRASH300N,1551.037,1,0.0340000000001055,BACKFILL_AUTO
2026-05-20 12:14:50,1779279290,CRASH300N,1551.073,1,0.03600000000005821,BACKFILL_AUTO
2026-05-20 12:14:51,1779279291,CRASH300N,1551.095,1,0.021999999999934516,BACKFILL_AUTO
2026-05-20 12:14:52,1779279292,CRASH300N,1551.111,1,0.016000000000076398,BACKFILL_AUTO
2026-05-20 12:14:53,1779279293,CRASH300N,1551.128,1,0.016999999999825377,BACKFILL_AUTO
2026-05-20 12:14:54,1779279294,CRASH300N,1551.131,1,0.003000000000156433,BACKFILL_AUTO
2026-05-20 12:14:55,1779279295,CRASH300N,1551.143,1,0.011999999999943611,BACKFILL_AUTO
2026-05-20 12:14:56,1779279296,CRASH300N,1551.15,1,0.007000000000061846,BACKFILL_AUTO
2026-05-20 12:14:57,1779279297,CRASH300N,1551.159,1,0.009000000000014552,BACKFILL_AUTO
2026-05-20 12:14:58,1779279298,CRASH300N,1551.161,1,0.0019999999999527063,BACKFILL_AUTO
2026-05-20 12:14:59,1779279299,CRASH300N,1551.171,1,0.009999999999990905,BACKFILL_AUTO
2026-05-20 12:15:00,1779279300,CRASH300N,1551.178,1,0.007000000000061846,BACKFILL_AUTO
2026-05-20 12:15:01,1779279301,CRASH300N,1551.181,1,0.0029999999999290594,BACKFILL_AUTO
2026-05-20 12:15:02,1779279302,CRASH300N,1551.205,1,0.023999999999887223,BACKFILL_AUTO
2026-05-20 12:15:03,1779279303,CRASH300N,1551.216,1,0.010999999999967258,BACKFILL_AUTO
2026-05-20 12:15:04,1779279304,CRASH300N,1551.221,1,0.005000000000109139,BACKFILL_AUTO
2026-05-20 12:15:05,1779279305,CRASH300N,1551.231,1,0.009999999999990905,BACKFILL_AUTO
2026-05-20 12:15:06,1779279306,CRASH300N,1551.239,1,0.008000000000038199,BACKFILL_AUTO
2026-05-20 12:15:07,1779279307,CRASH300N,1551.251,1,0.011999999999943611,BACKFILL_AUTO
2026-05-20 12:15:08,1779279308,CRASH300N,1551.251,0,0.0,BACKFILL_AUTO
2026-05-20 12:15:09,1779279309,CRASH300N,1551.279,1,0.02800000000002001,BACKFILL_AUTO
2026-05-20 12:15:10,1779279310,CRASH300N,1551.298,1,0.019000000000005457,BACKFILL_AUTO
2026-05-20 12:15:11,1779279311,CRASH300N,1551.307,1,0.009000000000014552,BACKFILL_AUTO
2026-05-20 12:15:12,1779279312,CRASH300N,1551.318,1,0.010999999999967258,BACKFILL_AUTO
2026-05-20 12:15:13,1779279313,CRASH300N,1551.368,1,0.049999999999954525,BACKFILL_AUTO
2026-05-20 12:15:14,1779279314,CRASH300N,1551.386,1,0.018000000000029104,BACKFILL_AUTO
2026-05-20 12:15:15,1779279315,CRASH300N,1551.393,1,0.007000000000061846,BACKFILL_AUTO
2026-05-20 12:15:16,1779279316,CRASH300N,1551.398,1,0.004999999999881766,BACKFILL_AUTO
2026-05-20 12:15:17,1779279317,CRASH300N,1551.401,1,0.003000000000156433,BACKFILL_AUTO
2026-05-20 12:15:18,1779279318,CRASH300N,1551.413,1,0.011999999999943611,BACKFILL_AUTO
2026-05-20 12:15:19,1779279319,CRASH300N,1551.421,1,0.008000000000038199,BACKFILL_AUTO
2026-05-20 12:15:20,1779279320,CRASH300N,1551.429,1,0.008000000000038199,BACKFILL_AUTO
2026-05-20 12:15:21,1779279321,CRASH300N,1551.434,1,0.004999999999881766,BACKFILL_AUTO
2026-05-20 12:15:22,1779279322,CRASH300N,1551.445,1,0.010999999999967258,BACKFILL_AUTO
2026-05-20 12:15:23,1779279323,CRASH300N,1551.455,1,0.009999999999990905,BACKFILL_AUTO
2026-05-20 12:15:24,1779279324,CRASH300N,1551.474,1,0.019000000000005457,BACKFILL_AUTO
2026-05-20 12:15:25,1779279325,CRASH300N,1551.483,1,0.009000000000014552,BACKFILL_AUTO
2026-05-20 12:15:26,1779279326,CRASH300N,1551.489,1,0.0060000000000854925,BACKFILL_AUTO
2026-05-20 12:15:27,1779279327,CRASH300N,1551.519,1,0.029999999999972715,BACKFILL_AUTO
2026-05-20 12:15:28,1779279328,CRASH300N,1551.54,1,0.020999999999958163,BACKFILL_AUTO
2026-05-20 12:15:29,1779279329,CRASH300N,1551.546,1,0.0060000000000854925,BACKFILL_AUTO
2026-05-20 12:15:30,1779279330,CRASH300N,1551.567,1,0.020999999999958163,BACKFILL_AUTO
2026-05-20 12:15:31,1779279331,CRASH300N,1551.585,1,0.018000000000029104,BACKFILL_AUTO
2026-05-20 12:15:32,1779279332,CRASH300N,1551.611,1,0.026000000000067303,BACKFILL_AUTO
2026-05-20 12:15:33,1779279333,CRASH300N,1551.639,1,0.027999999999792635,BACKFILL_AUTO
2026-05-20 12:15:34,1779279334,CRASH300N,1551.658,1,0.019000000000005457,BACKFILL_AUTO
2026-05-20 12:15:35,1779279335,CRASH300N,1551.686,1,0.02800000000002001,BACKFILL_AUTO
2026-05-20 12:15:36,1779279336,CRASH300N,1551.697,1,0.010999999999967258,BACKFILL_AUTO
2026-05-20 12:15:37,1779279337,CRASH300N,1551.715,1,0.018000000000029104,BACKFILL_AUTO
2026-05-20 12:15:38,1779279338,CRASH300N,1551.749,1,0.0340000000001055,BACKFILL_AUTO
2026-05-20 12:15:39,1779279339,CRASH300N,1551.765,1,0.016000000000076398,BACKFILL_AUTO
2026-05-20 12:15:40,1779279340,CRASH300N,1551.765,0,0.0,BACKFILL_AUTO
2026-05-20 12:15:41,1779279341,CRASH300N,1551.773,1,0.007999999999810825,BACKFILL_AUTO
2026-05-20 12:15:42,1779279342,CRASH300N,1551.777,1,0.004000000000132786,BACKFILL_AUTO
2026-05-20 12:15:43,1779279343,CRASH300N,1551.796,1,0.019000000000005457,BACKFILL_AUTO
2026-05-20 12:15:44,1779279344,CRASH300N,1551.802,1,0.005999999999858119,BACKFILL_AUTO
2026-05-20 12:15:45,1779279345,CRASH300N,1551.816,1,0.014000000000123691,BACKFILL_AUTO
2026-05-20 12:15:46,1779279346,CRASH300N,1551.819,1,0.0029999999999290594,BACKFILL_AUTO
2026-05-20 12:15:47,1779279347,CRASH300N,1551.842,1,0.023000000000138243,BACKFILL_AUTO
2026-05-20 12:15:48,1779279348,CRASH300N,1551.871,1,0.028999999999996362,BACKFILL_AUTO
2026-05-20 12:15:49,1779279349,CRASH300N,1551.896,1,0.024999999999863576,BACKFILL_AUTO
2026-05-20 12:15:50,1779279350,CRASH300N,1551.905,1,0.009000000000014552,BACKFILL_AUTO
2026-05-20 12:15:51,1779279351,CRASH300N,1551.913,1,0.008000000000038199,BACKFILL_AUTO
2026-05-20 12:15:52,1779279352,CRASH300N,1551.927,1,0.013999999999896318,BACKFILL_AUTO
2026-05-20 12:15:53,1779279353,CRASH300N,1551.946,1,0.019000000000005457,BACKFILL_AUTO
2026-05-20 12:15:54,1779279354,CRASH300N,1551.955,1,0.009000000000014552,BACKFILL_AUTO
2026-05-20 12:15:55,1779279355,CRASH300N,1551.993,1,0.038000000000010914,BACKFILL_AUTO
2026-05-20 12:15:56,1779279356,CRASH300N,1552.014,1,0.020999999999958163,BACKFILL_AUTO
2026-05-20 12:15:57,1779279357,CRASH300N,1552.033,1,0.019000000000005457,BACKFILL_AUTO
2026-05-20 12:15:58,1779279358,CRASH300N,1552.06,1,0.027000000000043656,BACKFILL_AUTO
2026-05-20 12:15:59,1779279359,CRASH300N,1552.092,1,0.032000000000152795,BACKFILL_AUTO
2026-05-20 12:16:00,1779279360,CRASH300N,1552.12,1,0.027999999999792635,BACKFILL_AUTO
2026-05-20 12:16:01,1779279361,CRASH300N,1552.136,1,0.016000000000076398,BACKFILL_AUTO
2026-05-20 12:16:02,1779279362,CRASH300N,1552.153,1,0.01700000000005275,BACKFILL_AUTO
2026-05-20 12:16:03,1779279363,CRASH300N,1552.169,1,0.016000000000076398,BACKFILL_AUTO
2026-05-20 12:16:04,1779279364,CRASH300N,1552.169,0,0.0,BACKFILL_AUTO
2026-05-20 12:16:05,1779279365,CRASH300N,1552.181,1,0.011999999999943611,BACKFILL_AUTO
2026-05-20 12:16:06,1779279366,CRASH300N,1552.197,1,0.015999999999849024,BACKFILL_AUTO
2026-05-20 12:16:07,1779279367,CRASH300N,1552.222,1,0.02500000000009095,BACKFILL_AUTO
2026-05-20 12:16:08,1779279368,CRASH300N,1552.24,1,0.018000000000029104,BACKFILL_AUTO
2026-05-20 12:16:09,1779279369,CRASH300N,1552.243,1,0.0029999999999290594,BACKFILL_AUTO
2026-05-20 12:16:10,1779279370,CRASH300N,1552.246,1,0.003000000000156433,BACKFILL_AUTO
2026-05-20 12:16:11,1779279371,CRASH300N,1552.248,1,0.0019999999999527063,BACKFILL_AUTO
2026-05-20 12:16:12,1779279372,CRASH300N,1552.265,1,0.01700000000005275,BACKFILL_AUTO
2026-05-20 12:16:13,1779279373,CRASH300N,1552.277,1,0.011999999999943611,BACKFILL_AUTO
2026-05-20 12:16:14,1779279374,CRASH300N,1552.286,1,0.009000000000014552,BACKFILL_AUTO
2026-05-20 12:16:15,1779279375,CRASH300N,1552.307,1,0.020999999999958163,BACKFILL_AUTO
2026-05-20 12:16:16,1779279376,CRASH300N,1552.333,1,0.026000000000067303,BACKFILL_AUTO
2026-05-20 12:16:17,1779279377,CRASH300N,1552.368,1,0.03499999999985448,BACKFILL_AUTO
2026-05-20 12:16:18,1779279378,CRASH300N,1552.398,1,0.029999999999972715,BACKFILL_AUTO
2026-05-20 12:16:19,1779279379,CRASH300N,1552.413,1,0.015000000000100044,BACKFILL_AUTO
2026-05-20 12:16:20,1779279380,CRASH300N,1552.438,1,0.02500000000009095,BACKFILL_AUTO
2026-05-20 12:16:21,1779279381,CRASH300N,1552.446,1,0.007999999999810825,BACKFILL_AUTO
2026-05-20 12:16:22,1779279382,CRASH300N,1552.455,1,0.009000000000014552,BACKFILL_AUTO
2026-05-20 12:16:23,1779279383,CRASH300N,1552.467,1,0.012000000000170985,BACKFILL_AUTO
2026-05-20 12:16:24,1779279384,CRASH300N,1552.478,1,0.010999999999967258,BACKFILL_AUTO
2026-05-20 12:16:25,1779279385,CRASH300N,1552.485,1,0.006999999999834472,BACKFILL_AUTO
2026-05-20 12:16:26,1779279386,CRASH300N,1552.495,1,0.009999999999990905,BACKFILL_AUTO
2026-05-20 12:16:27,1779279387,CRASH300N,1552.497,1,0.00200000000018008,BACKFILL_AUTO
2026-05-20 12:16:28,1779279388,CRASH300N,1552.51,1,0.012999999999919964,BACKFILL_AUTO
2026-05-20 12:16:29,1779279389,CRASH300N,1552.518,1,0.008000000000038199,BACKFILL_AUTO
2026-05-20 12:16:30,1779279390,CRASH300N,1552.52,1,0.0019999999999527063,BACKFILL_AUTO
2026-05-20 12:16:31,1779279391,CRASH300N,1552.535,1,0.015000000000100044,BACKFILL_AUTO
2026-05-20 12:16:32,1779279392,CRASH300N,1552.551,1,0.015999999999849024,BACKFILL_AUTO
2026-05-20 12:16:33,1779279393,CRASH300N,1552.563,1,0.012000000000170985,BACKFILL_AUTO
2026-05-20 12:16:34,1779279394,CRASH300N,1552.574,1,0.010999999999967258,BACKFILL_AUTO
2026-05-20 12:16:35,1779279395,CRASH300N,1552.575,1,0.0009999999999763531,BACKFILL_AUTO
2026-05-20 12:16:36,1779279396,CRASH300N,1552.585,1,0.009999999999990905,BACKFILL_AUTO
2026-05-20 12:16:37,1779279397,CRASH300N,1552.608,1,0.02299999999991087,BACKFILL_AUTO
2026-05-20 12:16:38,1779279398,CRASH300N,1552.629,1,0.020999999999958163,BACKFILL_AUTO
2026-05-20 12:16:39,1779279399,CRASH300N,1552.642,1,0.013000000000147338,BACKFILL_AUTO
2026-05-20 12:16:40,1779279400,CRASH300N,1552.652,1,0.009999999999990905,BACKFILL_AUTO
2026-05-20 12:16:41,1779279401,CRASH300N,1552.661,1,0.009000000000014552,BACKFILL_AUTO
2026-05-20 12:16:42,1779279402,CRASH300N,1552.663,1,0.0019999999999527063,BACKFILL_AUTO
2026-05-20 12:16:43,1779279403,CRASH300N,1552.676,1,0.012999999999919964,BACKFILL_AUTO
2026-05-20 12:16:44,1779279404,CRASH300N,1552.706,1,0.029999999999972715,BACKFILL_AUTO
2026-05-20 12:16:45,1779279405,CRASH300N,1552.733,1,0.027000000000043656,BACKFILL_AUTO
2026-05-20 12:16:46,1779279406,CRASH300N,1552.735,1,0.0019999999999527063,BACKFILL_AUTO
2026-05-20 12:16:47,1779279407,CRASH300N,1552.762,1,0.027000000000043656,BACKFILL_AUTO
2026-05-20 12:16:48,1779279408,CRASH300N,1552.767,1,0.005000000000109139,BACKFILL_AUTO
2026-05-20 12:16:49,1779279409,CRASH300N,1552.776,1,0.009000000000014552,BACKFILL_AUTO
2026-05-20 12:16:50,1779279410,CRASH300N,1552.794,1,0.018000000000029104,BACKFILL_AUTO
2026-05-20 12:16:51,1779279411,CRASH300N,1552.828,1,0.03399999999987813,BACKFILL_AUTO
2026-05-20 12:16:52,1779279412,CRASH300N,1552.863,1,0.035000000000081855,BACKFILL_AUTO
2026-05-20 12:16:53,1779279413,CRASH300N,1552.879,1,0.015999999999849024,BACKFILL_AUTO
2026-05-20 12:16:54,1779279414,CRASH300N,1552.906,1,0.027000000000043656,BACKFILL_AUTO
2026-05-20 12:16:55,1779279415,CRASH300N,1552.916,1,0.009999999999990905,BACKFILL_AUTO
2026-05-20 12:16:56,1779279416,CRASH300N,1552.947,1,0.03099999999994907,BACKFILL_AUTO
2026-05-20 12:16:57,1779279417,CRASH300N,1552.965,1,0.018000000000029104,BACKFILL_AUTO
2026-05-20 12:16:58,1779279418,CRASH300N,1552.98,1,0.015000000000100044,BACKFILL_AUTO
2026-05-20 12:16:59,1779279419,CRASH300N,1553.004,1,0.023999999999887223,BACKFILL_AUTO
2026-05-20 12:17:00,1779279420,CRASH300N,1553.023,1,0.019000000000005457,BACKFILL_AUTO
2026-05-20 12:17:01,1779279421,CRASH300N,1553.027,1,0.004000000000132786,BACKFILL_AUTO
2026-05-20 12:17:02,1779279422,CRASH300N,1553.035,1,0.008000000000038199,BACKFILL_AUTO
2026-05-20 12:17:03,1779279423,CRASH300N,1553.05,1,0.01499999999987267,BACKFILL_AUTO
2026-05-20 12:17:04,1779279424,CRASH300N,1553.055,1,0.005000000000109139,BACKFILL_AUTO
2026-05-20 12:17:05,1779279425,CRASH300N,1553.073,1,0.018000000000029104,BACKFILL_AUTO
2026-05-20 12:17:06,1779279426,CRASH300N,1553.078,1,0.004999999999881766,BACKFILL_AUTO
2026-05-20 12:17:07,1779279427,CRASH300N,1553.08,1,0.0019999999999527063,BACKFILL_AUTO
2026-05-20 12:17:08,1779279428,CRASH300N,1553.101,1,0.021000000000185537,BACKFILL_AUTO
2026-05-20 12:17:09,1779279429,CRASH300N,1553.104,1,0.0029999999999290594,BACKFILL_AUTO
2026-05-20 12:17:10,1779279430,CRASH300N,1553.129,1,0.024999999999863576,BACKFILL_AUTO
2026-05-20 12:17:11,1779279431,CRASH300N,1553.146,1,0.01700000000005275,BACKFILL_AUTO
2026-05-20 12:17:12,1779279432,CRASH300N,1553.157,1,0.010999999999967258,BACKFILL_AUTO
2026-05-20 12:17:13,1779279433,CRASH300N,1553.179,1,0.02200000000016189,BACKFILL_AUTO
2026-05-20 12:17:14,1779279434,CRASH300N,1553.191,1,0.011999999999943611,BACKFILL_AUTO
2026-05-20 12:17:15,1779279435,CRASH300N,1553.208,1,0.01700000000005275,BACKFILL_AUTO
2026-05-20 12:17:16,1779279436,CRASH300N,1553.217,1,0.009000000000014552,BACKFILL_AUTO
2026-05-20 12:17:17,1779279437,CRASH300N,1553.235,1,0.01799999999980173,BACKFILL_AUTO
2026-05-20 12:17:18,1779279438,CRASH300N,1553.256,1,0.021000000000185537,BACKFILL_AUTO
2026-05-20 12:17:19,1779279439,CRASH300N,1553.264,1,0.007999999999810825,BACKFILL_AUTO
2026-05-20 12:17:20,1779279440,CRASH300N,1553.277,1,0.013000000000147338,BACKFILL_AUTO
2026-05-20 12:17:21,1779279441,CRASH300N,1553.304,1,0.027000000000043656,BACKFILL_AUTO
2026-05-20 12:17:22,1779279442,CRASH300N,1553.324,1,0.01999999999998181,BACKFILL_AUTO
2026-05-20 12:17:23,1779279443,CRASH300N,1553.353,1,0.028999999999996362,BACKFILL_AUTO
2026-05-20 12:17:24,1779279444,CRASH300N,1553.354,1,0.0009999999999763531,BACKFILL_AUTO
2026-05-20 12:17:25,1779279445,CRASH300N,1553.358,1,0.0039999999999054126,BACKFILL_AUTO
2026-05-20 12:17:26,1779279446,CRASH300N,1553.359,1,0.0009999999999763531,BACKFILL_AUTO
2026-05-20 12:17:27,1779279447,CRASH300N,1553.375,1,0.016000000000076398,BACKFILL_AUTO
2026-05-20 12:17:28,1779279448,CRASH300N,1553.381,1,0.0060000000000854925,BACKFILL_AUTO
2026-05-20 12:17:29,1779279449,CRASH300N,1553.395,1,0.013999999999896318,BACKFILL_AUTO
2026-05-20 12:17:30,1779279450,CRASH300N,1553.403,1,0.008000000000038199,BACKFILL_AUTO
2026-05-20 12:17:31,1779279451,CRASH300N,1553.407,1,0.0039999999999054126,BACKFILL_AUTO
2026-05-20 12:17:32,1779279452,CRASH300N,1553.407,0,0.0,BACKFILL_AUTO
2026-05-20 12:17:33,1779279453,CRASH300N,1553.411,1,0.004000000000132786,BACKFILL_AUTO
2026-05-20 12:17:34,1779279454,CRASH300N,1553.417,1,0.005999999999858119,BACKFILL_AUTO
2026-05-20 12:17:35,1779279455,CRASH300N,1553.432,1,0.015000000000100044,BACKFILL_AUTO
2026-05-20 12:17:36,1779279456,CRASH300N,1553.443,1,0.010999999999967258,BACKFILL_AUTO
2026-05-20 12:17:37,1779279457,CRASH300N,1553.445,1,0.0019999999999527063,BACKFILL_AUTO
2026-05-20 12:17:38,1779279458,CRASH300N,1553.454,1,0.009000000000014552,BACKFILL_AUTO
2026-05-20 12:17:39,1779279459,CRASH300N,1553.474,1,0.01999999999998181,BACKFILL_AUTO
2026-05-20 12:17:40,1779279460,CRASH300N,1553.491,1,0.01700000000005275,BACKFILL_AUTO
2026-05-20 12:17:41,1779279461,CRASH300N,1553.514,1,0.02299999999991087,BACKFILL_AUTO
2026-05-20 12:17:42,1779279462,CRASH300N,1553.515,1,0.0010000000002037268,BACKFILL_AUTO
2026-05-20 12:17:43,1779279463,CRASH300N,1553.529,1,0.013999999999896318,BACKFILL_AUTO
2026-05-20 12:17:44,1779279464,CRASH300N,1553.542,1,0.012999999999919964,BACKFILL_AUTO
2026-05-20 12:17:45,1779279465,CRASH300N,1553.558,1,0.016000000000076398,BACKFILL_AUTO
2026-05-20 12:17:46,1779279466,CRASH300N,1553.572,1,0.013999999999896318,BACKFILL_AUTO
2026-05-20 12:17:47,1779279467,CRASH300N,1553.578,1,0.0060000000000854925,BACKFILL_AUTO
2026-05-20 12:17:48,1779279468,CRASH300N,1553.592,1,0.014000000000123691,BACKFILL_AUTO
2026-05-20 12:17:49,1779279469,CRASH300N,1553.599,1,0.006999999999834472,BACKFILL_AUTO
2026-05-20 12:17:50,1779279470,CRASH300N,1553.601,1,0.00200000000018008,BACKFILL_AUTO
2026-05-20 12:17:51,1779279471,CRASH300N,1553.622,1,0.020999999999958163,BACKFILL_AUTO
2026-05-20 12:17:52,1779279472,CRASH300N,1553.626,1,0.0039999999999054126,BACKFILL_AUTO
2026-05-20 12:17:53,1779279473,CRASH300N,1553.629,1,0.0029999999999290594,BACKFILL_AUTO
2026-05-20 12:17:54,1779279474,CRASH300N,1553.648,1,0.019000000000005457,BACKFILL_AUTO
2026-05-20 12:17:55,1779279475,CRASH300N,1553.657,1,0.009000000000014552,BACKFILL_AUTO
2026-05-20 12:17:56,1779279476,CRASH300N,1553.664,1,0.007000000000061846,BACKFILL_AUTO
2026-05-20 12:17:57,1779279477,CRASH300N,1553.666,1,0.0019999999999527063,BACKFILL_AUTO
2026-05-20 12:17:58,1779279478,CRASH300N,1553.686,1,0.01999999999998181,BACKFILL_AUTO
2026-05-20 12:17:59,1779279479,CRASH300N,1553.701,1,0.015000000000100044,BACKFILL_AUTO
2026-05-20 12:18:00,1779279480,CRASH300N,1553.702,1,0.0009999999999763531,BACKFILL_AUTO
2026-05-20 12:18:01,1779279481,CRASH300N,1553.708,1,0.0060000000000854925,BACKFILL_AUTO
2026-05-20 12:18:02,1779279482,CRASH300N,1553.722,1,0.013999999999896318,BACKFILL_AUTO
2026-05-20 12:18:03,1779279483,CRASH300N,1553.735,1,0.012999999999919964,BACKFILL_AUTO
2026-05-20 12:18:04,1779279484,CRASH300N,1553.761,1,0.026000000000067303,BACKFILL_AUTO
2026-05-20 12:18:05,1779279485,CRASH300N,1553.769,1,0.008000000000038199,BACKFILL_AUTO
2026-05-20 12:18:06,1779279486,CRASH300N,1553.774,1,0.004999999999881766,BACKFILL_AUTO
2026-05-20 12:18:07,1779279487,CRASH300N,1553.776,1,0.00200000000018008,BACKFILL_AUTO
2026-05-20 12:18:08,1779279488,CRASH300N,1553.788,1,0.011999999999943611,BACKFILL_AUTO
2026-05-20 12:18:09,1779279489,CRASH300N,1553.803,1,0.015000000000100044,BACKFILL_AUTO
2026-05-20 12:18:10,1779279490,CRASH300N,1553.81,1,0.006999999999834472,BACKFILL_AUTO
2026-05-20 12:18:11,1779279491,CRASH300N,1553.821,1,0.010999999999967258,BACKFILL_AUTO
2026-05-20 12:18:12,1779279492,CRASH300N,1553.841,1,0.01999999999998181,BACKFILL_AUTO
2026-05-20 12:18:13,1779279493,CRASH300N,1553.843,1,0.00200000000018008,BACKFILL_AUTO
2026-05-20 12:18:14,1779279494,CRASH300N,1553.856,1,0.012999999999919964,BACKFILL_AUTO
2026-05-20 12:18:15,1779279495,CRASH300N,1553.861,1,0.005000000000109139,BACKFILL_AUTO
2026-05-20 12:18:16,1779279496,CRASH300N,1553.881,1,0.01999999999998181,BACKFILL_AUTO
2026-05-20 12:18:17,1779279497,CRASH300N,1553.885,1,0.0039999999999054126,BACKFILL_AUTO
2026-05-20 12:18:18,1779279498,CRASH300N,1553.906,1,0.020999999999958163,BACKFILL_AUTO
2026-05-20 12:18:19,1779279499,CRASH300N,1553.912,1,0.0060000000000854925,BACKFILL_AUTO
2026-05-20 12:18:20,1779279500,CRASH300N,1553.929,1,0.01700000000005275,BACKFILL_AUTO
2026-05-20 12:18:21,1779279501,CRASH300N,1553.946,1,0.016999999999825377,BACKFILL_AUTO
2026-05-20 12:18:22,1779279502,CRASH300N,1553.952,1,0.0060000000000854925,BACKFILL_AUTO
2026-05-20 12:18:23,1779279503,CRASH300N,1553.966,1,0.013999999999896318,BACKFILL_AUTO
2026-05-20 12:18:24,1779279504,CRASH300N,1553.974,1,0.008000000000038199,BACKFILL_AUTO
2026-05-20 12:18:25,1779279505,CRASH300N,1554.004,1,0.029999999999972715,BACKFILL_AUTO
2026-05-20 12:18:26,1779279506,CRASH300N,1554.015,1,0.011000000000194632,BACKFILL_AUTO
2026-05-20 12:18:27,1779279507,CRASH300N,1554.016,1,0.0009999999999763531,BACKFILL_AUTO
2026-05-20 12:18:28,1779279508,CRASH300N,1554.02,1,0.0039999999999054126,BACKFILL_AUTO
2026-05-20 12:18:29,1779279509,CRASH300N,1554.034,1,0.014000000000123691,BACKFILL_AUTO
2026-05-20 12:18:30,1779279510,CRASH300N,1554.053,1,0.019000000000005457,BACKFILL_AUTO
2026-05-20 12:18:31,1779279511,CRASH300N,1554.076,1,0.02299999999991087,BACKFILL_AUTO
2026-05-20 12:18:32,1779279512,CRASH300N,1554.089,1,0.012999999999919964,BACKFILL_AUTO
2026-05-20 12:18:33,1779279513,CRASH300N,1554.099,1,0.009999999999990905,BACKFILL_AUTO
2026-05-20 12:18:34,1779279514,CRASH300N,1554.123,1,0.024000000000114596,BACKFILL_AUTO
2026-05-20 12:18:35,1779279515,CRASH300N,1554.141,1,0.018000000000029104,BACKFILL_AUTO
2026-05-20 12:18:36,1779279516,CRASH300N,1554.145,1,0.0039999999999054126,BACKFILL_AUTO
2026-05-20 12:18:37,1779279517,CRASH300N,1554.175,1,0.029999999999972715,BACKFILL_AUTO
2026-05-20 12:18:38,1779279518,CRASH300N,1554.179,1,0.004000000000132786,BACKFILL_AUTO
2026-05-20 12:18:39,1779279519,CRASH300N,1554.194,1,0.01499999999987267,BACKFILL_AUTO
2026-05-20 12:18:40,1779279520,CRASH300N,1554.196,1,0.0019999999999527063,BACKFILL_AUTO
2026-05-20 12:18:41,1779279521,CRASH300N,1554.215,1,0.019000000000005457,BACKFILL_AUTO
2026-05-20 12:18:42,1779279522,CRASH300N,1554.23,1,0.015000000000100044,BACKFILL_AUTO
2026-05-20 12:18:43,1779279523,CRASH300N,1554.25,1,0.01999999999998181,BACKFILL_AUTO
2026-05-20 12:18:44,1779279524,CRASH300N,1554.278,1,0.02800000000002001,BACKFILL_AUTO
2026-05-20 12:18:45,1779279525,CRASH300N,1554.293,1,0.01499999999987267,BACKFILL_AUTO
2026-05-20 12:18:46,1779279526,CRASH300N,1554.297,1,0.004000000000132786,BACKFILL_AUTO
2026-05-20 12:18:47,1779279527,CRASH300N,1554.315,1,0.018000000000029104,BACKFILL_AUTO
2026-05-20 12:18:48,1779279528,CRASH300N,1554.327,1,0.011999999999943611,BACKFILL_AUTO
2026-05-20 12:18:49,1779279529,CRASH300N,1554.33,1,0.0029999999999290594,BACKFILL_AUTO
2026-05-20 12:18:50,1779279530,CRASH300N,1554.354,1,0.024000000000114596,BACKFILL_AUTO
2026-05-20 12:18:51,1779279531,CRASH300N,1554.37,1,0.015999999999849024,BACKFILL_AUTO
2026-05-20 12:18:52,1779279532,CRASH300N,1554.379,1,0.009000000000014552,BACKFILL_AUTO
2026-05-20 12:18:53,1779279533,CRASH300N,1554.395,1,0.016000000000076398,BACKFILL_AUTO
2026-05-20 12:18:54,1779279534,CRASH300N,1554.396,1,0.0009999999999763531,BACKFILL_AUTO
2026-05-20 12:18:55,1779279535,CRASH300N,1554.413,1,0.01700000000005275,BACKFILL_AUTO
2026-05-20 12:18:56,1779279536,CRASH300N,1554.421,1,0.008000000000038199,BACKFILL_AUTO
2026-05-20 12:18:57,1779279537,CRASH300N,1554.443,1,0.021999999999934516,BACKFILL_AUTO
2026-05-20 12:18:58,1779279538,CRASH300N,1554.45,1,0.007000000000061846,BACKFILL_AUTO
2026-05-20 12:18:59,1779279539,CRASH300N,1554.467,1,0.01700000000005275,BACKFILL_AUTO
2026-05-20 12:19:00,1779279540,CRASH300N,1554.486,1,0.019000000000005457,BACKFILL_AUTO
2026-05-20 12:19:01,1779279541,CRASH300N,1554.523,1,0.03699999999980719,BACKFILL_AUTO
2026-05-20 12:19:02,1779279542,CRASH300N,1554.524,1,0.0009999999999763531,BACKFILL_AUTO
2026-05-20 12:19:03,1779279543,CRASH300N,1554.545,1,0.021000000000185537,BACKFILL_AUTO
2026-05-20 12:19:04,1779279544,CRASH300N,1554.563,1,0.018000000000029104,BACKFILL_AUTO
2026-05-20 12:19:05,1779279545,CRASH300N,1554.579,1,0.015999999999849024,BACKFILL_AUTO
2026-05-20 12:19:06,1779279546,CRASH300N,1554.593,1,0.014000000000123691,BACKFILL_AUTO
2026-05-20 12:19:07,1779279547,CRASH300N,1554.594,1,0.0009999999999763531,BACKFILL_AUTO
2026-05-20 12:19:08,1779279548,CRASH300N,1554.606,1,0.011999999999943611,BACKFILL_AUTO
2026-05-20 12:19:09,1779279549,CRASH300N,1554.62,1,0.013999999999896318,BACKFILL_AUTO
2026-05-20 12:19:10,1779279550,CRASH300N,1554.646,1,0.026000000000067303,BACKFILL_AUTO
2026-05-20 12:19:11,1779279551,CRASH300N,1554.658,1,0.011999999999943611,BACKFILL_AUTO
2026-05-20 12:19:12,1779279552,CRASH300N,1554.659,1,0.0010000000002037268,BACKFILL_AUTO
2026-05-20 12:19:13,1779279553,CRASH300N,1554.665,1,0.005999999999858119,BACKFILL_AUTO
2026-05-20 12:19:14,1779279554,CRASH300N,1554.671,1,0.0060000000000854925,BACKFILL_AUTO
2026-05-20 12:19:15,1779279555,CRASH300N,1554.692,1,0.020999999999958163,BACKFILL_AUTO
2026-05-20 12:19:16,1779279556,CRASH300N,1554.712,1,0.01999999999998181,BACKFILL_AUTO
2026-05-20 12:19:17,1779279557,CRASH300N,1554.73,1,0.018000000000029104,BACKFILL_AUTO
2026-05-20 12:19:18,1779279558,CRASH300N,1554.73,0,0.0,BACKFILL_AUTO
2026-05-20 12:19:19,1779279559,CRASH300N,1554.744,1,0.013999999999896318,BACKFILL_AUTO
2026-05-20 12:19:20,1779279560,CRASH300N,1554.764,1,0.01999999999998181,BACKFILL_AUTO
2026-05-20 12:19:21,1779279561,CRASH300N,1554.78,1,0.016000000000076398,BACKFILL_AUTO
2026-05-20 12:19:22,1779279562,CRASH300N,1554.782,1,0.0019999999999527063,BACKFILL_AUTO
2026-05-20 12:19:23,1779279563,CRASH300N,1554.79,1,0.008000000000038199,BACKFILL_AUTO
2026-05-20 12:19:24,1779279564,CRASH300N,1554.799,1,0.009000000000014552,BACKFILL_AUTO
2026-05-20 12:19:25,1779279565,CRASH300N,1554.8,1,0.0009999999999763531,BACKFILL_AUTO
2026-05-20 12:19:26,1779279566,CRASH300N,1554.815,1,0.015000000000100044,BACKFILL_AUTO
2026-05-20 12:19:27,1779279567,CRASH300N,1554.816,1,0.0009999999999763531,BACKFILL_AUTO
2026-05-20 12:19:28,1779279568,CRASH300N,1554.833,1,0.01700000000005275,BACKFILL_AUTO
2026-05-20 12:19:29,1779279569,CRASH300N,1554.845,1,0.011999999999943611,BACKFILL_AUTO
2026-05-20 12:19:30,1779279570,CRASH300N,1554.852,1,0.007000000000061846,BACKFILL_AUTO
2026-05-20 12:19:31,1779279571,CRASH300N,1554.856,1,0.0039999999999054126,BACKFILL_AUTO
2026-05-20 12:19:32,1779279572,CRASH300N,1554.877,1,0.020999999999958163,BACKFILL_AUTO
2026-05-20 12:19:33,1779279573,CRASH300N,1554.878,1,0.0009999999999763531,BACKFILL_AUTO
2026-05-20 12:19:34,1779279574,CRASH300N,1554.887,1,0.009000000000014552,BACKFILL_AUTO
2026-05-20 12:19:35,1779279575,CRASH300N,1554.888,1,0.0009999999999763531,BACKFILL_AUTO
2026-05-20 12:19:36,1779279576,CRASH300N,1554.902,1,0.014000000000123691,BACKFILL_AUTO
2026-05-20 12:19:37,1779279577,CRASH300N,1554.915,1,0.012999999999919964,BACKFILL_AUTO
2026-05-20 12:19:38,1779279578,CRASH300N,1554.924,1,0.009000000000014552,BACKFILL_AUTO
2026-05-20 12:19:39,1779279579,CRASH300N,1554.933,1,0.009000000000014552,BACKFILL_AUTO
2026-05-20 12:19:40,1779279580,CRASH300N,1554.945,1,0.011999999999943611,BACKFILL_AUTO
2026-05-20 12:19:41,1779279581,CRASH300N,1554.952,1,0.007000000000061846,BACKFILL_AUTO
2026-05-20 12:19:42,1779279582,CRASH300N,1554.96,1,0.008000000000038199,BACKFILL_AUTO
2026-05-20 12:19:43,1779279583,CRASH300N,1554.969,1,0.009000000000014552,BACKFILL_AUTO
2026-05-20 12:19:44,1779279584,CRASH300N,1554.979,1,0.009999999999990905,BACKFILL_AUTO
2026-05-20 12:19:45,1779279585,CRASH300N,1554.987,1,0.008000000000038199,BACKFILL_AUTO
2026-05-20 12:19:46,1779279586,CRASH300N,1554.993,1,0.005999999999858119,BACKFILL_AUTO
2026-05-20 12:19:47,1779279587,CRASH300N,1555.012,1,0.019000000000005457,BACKFILL_AUTO
2026-05-20 12:19:48,1779279588,CRASH300N,1555.019,1,0.007000000000061846,BACKFILL_AUTO
2026-05-20 12:19:49,1779279589,CRASH300N,1555.026,1,0.007000000000061846,BACKFILL_AUTO
2026-05-20 12:19:50,1779279590,CRASH300N,1555.049,1,0.02299999999991087,BACKFILL_AUTO
2026-05-20 12:19:51,1779279591,CRASH300N,1555.063,1,0.014000000000123691,BACKFILL_AUTO
2026-05-20 12:19:52,1779279592,CRASH300N,1555.078,1,0.01499999999987267,BACKFILL_AUTO
2026-05-20 12:19:53,1779279593,CRASH300N,1555.088,1,0.009999999999990905,BACKFILL_AUTO
2026-05-20 12:19:54,1779279594,CRASH300N,1555.109,1,0.020999999999958163,BACKFILL_AUTO
2026-05-20 12:19:55,1779279595,CRASH300N,1555.126,1,0.01700000000005275,BACKFILL_AUTO
2026-05-20 12:19:56,1779279596,CRASH300N,1555.15,1,0.024000000000114596,BACKFILL_AUTO
2026-05-20 12:19:57,1779279597,CRASH300N,1555.166,1,0.015999999999849024,BACKFILL_AUTO
2026-05-20 12:19:58,1779279598,CRASH300N,1555.176,1,0.009999999999990905,BACKFILL_AUTO
2026-05-20 12:19:59,1779279599,CRASH300N,1555.182,1,0.0060000000000854925,BACKFILL_AUTO
2026-05-20 12:20:00,1779279600,CRASH300N,1555.196,1,0.013999999999896318,BACKFILL_AUTO
2026-05-20 12:20:01,1779279601,CRASH300N,1555.212,1,0.016000000000076398,BACKFILL_AUTO
2026-05-20 12:20:02,1779279602,CRASH300N,1555.232,1,0.01999999999998181,BACKFILL_AUTO
2026-05-20 12:20:03,1779279603,CRASH300N,1555.236,1,0.004000000000132786,BACKFILL_AUTO
2026-05-20 12:20:04,1779279604,CRASH300N,1555.249,1,0.012999999999919964,BACKFILL_AUTO
2026-05-20 12:20:05,1779279605,CRASH300N,1555.258,1,0.009000000000014552,BACKFILL_AUTO
2026-05-20 12:20:06,1779279606,CRASH300N,1555.258,0,0.0,BACKFILL_AUTO
2026-05-20 12:20:07,1779279607,CRASH300N,1555.267,1,0.009000000000014552,BACKFILL_AUTO
2026-05-20 12:20:08,1779279608,CRASH300N,1555.297,1,0.029999999999972715,BACKFILL_AUTO
2026-05-20 12:20:09,1779279609,CRASH300N,1555.312,1,0.01499999999987267,BACKFILL_AUTO
2026-05-20 12:20:10,1779279610,CRASH300N,1555.321,1,0.009000000000014552,BACKFILL_AUTO
2026-05-20 12:20:11,1779279611,CRASH300N,1555.33,1,0.009000000000014552,BACKFILL_AUTO
2026-05-20 12:20:12,1779279612,CRASH300N,1555.358,1,0.02800000000002001,BACKFILL_AUTO
2026-05-20 12:20:13,1779279613,CRASH300N,1555.37,1,0.011999999999943611,BACKFILL_AUTO
2026-05-20 12:20:14,1779279614,CRASH300N,1555.38,1,0.010000000000218279,BACKFILL_AUTO
2026-05-20 12:20:15,1779279615,CRASH300N,1555.391,1,0.010999999999967258,BACKFILL_AUTO
2026-05-20 12:20:16,1779279616,CRASH300N,1555.405,1,0.013999999999896318,BACKFILL_AUTO
2026-05-20 12:20:17,1779279617,CRASH300N,1555.419,1,0.014000000000123691,BACKFILL_AUTO
2026-05-20 12:20:18,1779279618,CRASH300N,1555.434,1,0.01499999999987267,BACKFILL_AUTO
2026-05-20 12:20:19,1779279619,CRASH300N,1555.464,1,0.029999999999972715,BACKFILL_AUTO
2026-05-20 12:20:20,1779279620,CRASH300N,1555.49,1,0.026000000000067303,BACKFILL_AUTO
2026-05-20 12:20:21,1779279621,CRASH300N,1555.492,1,0.0019999999999527063,BACKFILL_AUTO
2026-05-20 12:20:22,1779279622,CRASH300N,1555.498,1,0.0060000000000854925,BACKFILL_AUTO
2026-05-20 12:20:23,1779279623,CRASH300N,1555.516,1,0.018000000000029104,BACKFILL_AUTO
2026-05-20 12:20:24,1779279624,CRASH300N,1555.521,1,0.004999999999881766,BACKFILL_AUTO
2026-05-20 12:20:25,1779279625,CRASH300N,1555.524,1,0.0029999999999290594,BACKFILL_AUTO
2026-05-20 12:20:26,1779279626,CRASH300N,1555.525,1,0.0010000000002037268,BACKFILL_AUTO
2026-05-20 12:20:27,1779279627,CRASH300N,1555.529,1,0.0039999999999054126,BACKFILL_AUTO
2026-05-20 12:20:28,1779279628,CRASH300N,1555.53,1,0.0009999999999763531,BACKFILL_AUTO
2026-05-20 12:20:29,1779279629,CRASH300N,1555.544,1,0.014000000000123691,BACKFILL_AUTO
2026-05-20 12:20:30,1779279630,CRASH300N,1555.566,1,0.021999999999934516,BACKFILL_AUTO
2026-05-20 12:20:31,1779279631,CRASH300N,1555.586,1,0.01999999999998181,BACKFILL_AUTO
2026-05-20 12:20:32,1779279632,CRASH300N,1555.606,1,0.01999999999998181,BACKFILL_AUTO
2026-05-20 12:20:33,1779279633,CRASH300N,1555.611,1,0.005000000000109139,BACKFILL_AUTO
2026-05-20 12:20:34,1779279634,CRASH300N,1555.62,1,0.008999999999787178,BACKFILL_AUTO
2026-05-20 12:20:35,1779279635,CRASH300N,1555.643,1,0.023000000000138243,BACKFILL_AUTO
2026-05-20 12:20:36,1779279636,CRASH300N,1555.658,1,0.01499999999987267,BACKFILL_AUTO
2026-05-20 12:20:37,1779279637,CRASH300N,1555.665,1,0.007000000000061846,BACKFILL_AUTO
2026-05-20 12:20:38,1779279638,CRASH300N,1555.684,1,0.019000000000005457,BACKFILL_AUTO
2026-05-20 12:20:39,1779279639,CRASH300N,1555.691,1,0.007000000000061846,BACKFILL_AUTO
2026-05-20 12:20:40,1779279640,CRASH300N,1555.72,1,0.028999999999996362,BACKFILL_AUTO
2026-05-20 12:20:41,1779279641,CRASH300N,1555.721,1,0.0009999999999763531,BACKFILL_AUTO
2026-05-20 12:20:42,1779279642,CRASH300N,1555.723,1,0.0019999999999527063,BACKFILL_AUTO
2026-05-20 12:20:43,1779279643,CRASH300N,1555.741,1,0.018000000000029104,BACKFILL_AUTO
2026-05-20 12:20:44,1779279644,CRASH300N,1555.755,1,0.014000000000123691,BACKFILL_AUTO
2026-05-20 12:20:45,1779279645,CRASH300N,1554.514,-1,1.2410000000002128,BACKFILL_AUTO
2026-05-20 12:20:46,1779279646,CRASH300N,1554.531,1,0.01700000000005275,BACKFILL_AUTO
2026-05-20 12:20:47,1779279647,CRASH300N,1554.56,1,0.028999999999996362,BACKFILL_AUTO
2026-05-20 12:20:48,1779279648,CRASH300N,1554.562,1,0.0019999999999527063,BACKFILL_AUTO
2026-05-20 12:20:49,1779279649,CRASH300N,1554.573,1,0.011000000000194632,BACKFILL_AUTO
2026-05-20 12:20:50,1779279650,CRASH300N,1554.596,1,0.02299999999991087,BACKFILL_AUTO
2026-05-20 12:20:51,1779279651,CRASH300N,1554.596,0,0.0,BACKFILL_AUTO
2026-05-20 12:20:52,1779279652,CRASH300N,1554.6,1,0.0039999999999054126,BACKFILL_AUTO
2026-05-20 12:20:53,1779279653,CRASH300N,1554.611,1,0.011000000000194632,BACKFILL_AUTO
2026-05-20 12:20:54,1779279654,CRASH300N,1554.629,1,0.01799999999980173,BACKFILL_AUTO
2026-05-20 12:20:55,1779279655,CRASH300N,1554.633,1,0.004000000000132786,BACKFILL_AUTO
2026-05-20 12:20:56,1779279656,CRASH300N,1554.634,1,0.0009999999999763531,BACKFILL_AUTO
2026-05-20 12:20:57,1779279657,CRASH300N,1554.663,1,0.028999999999996362,BACKFILL_AUTO
2026-05-20 12:20:58,1779279658,CRASH300N,1554.669,1,0.0060000000000854925,BACKFILL_AUTO
2026-05-20 12:20:59,1779279659,CRASH300N,1554.682,1,0.012999999999919964,BACKFILL_AUTO
2026-05-20 12:21:00,1779279660,CRASH300N,1554.684,1,0.0019999999999527063,BACKFILL_AUTO
2026-05-20 12:21:01,1779279661,CRASH300N,1554.693,1,0.009000000000014552,BACKFILL_AUTO
2026-05-20 12:21:02,1779279662,CRASH300N,1554.717,1,0.024000000000114596,BACKFILL_AUTO
2026-05-20 12:21:03,1779279663,CRASH300N,1554.724,1,0.006999999999834472,BACKFILL_AUTO
2026-05-20 12:21:04,1779279664,CRASH300N,1554.735,1,0.010999999999967258,BACKFILL_AUTO
2026-05-20 12:21:05,1779279665,CRASH300N,1554.749,1,0.014000000000123691,BACKFILL_AUTO
2026-05-20 12:21:06,1779279666,CRASH300N,1554.786,1,0.03700000000003456,BACKFILL_AUTO
2026-05-20 12:21:07,1779279667,CRASH300N,1554.791,1,0.004999999999881766,BACKFILL_AUTO
2026-05-20 12:21:08,1779279668,CRASH300N,1554.793,1,0.0019999999999527063,BACKFILL_AUTO
2026-05-20 12:21:09,1779279669,CRASH300N,1554.817,1,0.024000000000114596,BACKFILL_AUTO
2026-05-20 12:21:10,1779279670,CRASH300N,1554.828,1,0.010999999999967258,BACKFILL_AUTO
2026-05-20 12:21:11,1779279671,CRASH300N,1554.848,1,0.01999999999998181,BACKFILL_AUTO
2026-05-20 12:21:12,1779279672,CRASH300N,1554.859,1,0.010999999999967258,BACKFILL_AUTO
2026-05-20 12:21:13,1779279673,CRASH300N,1554.881,1,0.02200000000016189,BACKFILL_AUTO
2026-05-20 12:21:14,1779279674,CRASH300N,1554.901,1,0.01999999999998181,BACKFILL_AUTO
2026-05-20 12:21:15,1779279675,CRASH300N,1554.91,1,0.009000000000014552,BACKFILL_AUTO
2026-05-20 12:21:16,1779279676,CRASH300N,1554.918,1,0.007999999999810825,BACKFILL_AUTO
2026-05-20 12:21:17,1779279677,CRASH300N,1554.918,0,0.0,BACKFILL_AUTO
2026-05-20 12:21:18,1779279678,CRASH300N,1554.927,1,0.009000000000014552,BACKFILL_AUTO
2026-05-20 12:21:19,1779279679,CRASH300N,1554.929,1,0.00200000000018008,BACKFILL_AUTO
2026-05-20 12:21:20,1779279680,CRASH300N,1554.948,1,0.019000000000005457,BACKFILL_AUTO
2026-05-20 12:21:21,1779279681,CRASH300N,1554.967,1,0.019000000000005457,BACKFILL_AUTO
2026-05-20 12:21:22,1779279682,CRASH300N,1554.978,1,0.010999999999967258,BACKFILL_AUTO
2026-05-20 12:21:23,1779279683,CRASH300N,1554.998,1,0.01999999999998181,BACKFILL_AUTO
2026-05-20 12:21:24,1779279684,CRASH300N,1555.011,1,0.012999999999919964,BACKFILL_AUTO
2026-05-20 12:21:25,1779279685,CRASH300N,1555.031,1,0.01999999999998181,BACKFILL_AUTO
2026-05-20 12:21:26,1779279686,CRASH300N,1555.049,1,0.018000000000029104,BACKFILL_AUTO
2026-05-20 12:21:27,1779279687,CRASH300N,1555.049,0,0.0,BACKFILL_AUTO
2026-05-20 12:21:28,1779279688,CRASH300N,1555.059,1,0.009999999999990905,BACKFILL_AUTO
2026-05-20 12:21:29,1779279689,CRASH300N,1555.077,1,0.018000000000029104,BACKFILL_AUTO
2026-05-20 12:21:30,1779279690,CRASH300N,1555.088,1,0.010999999999967258,BACKFILL_AUTO
2026-05-20 12:21:31,1779279691,CRASH300N,1555.103,1,0.015000000000100044,BACKFILL_AUTO
2026-05-20 12:21:32,1779279692,CRASH300N,1555.109,1,0.005999999999858119,BACKFILL_AUTO
2026-05-20 12:21:33,1779279693,CRASH300N,1555.12,1,0.010999999999967258,BACKFILL_AUTO
2026-05-20 12:21:34,1779279694,CRASH300N,1555.134,1,0.014000000000123691,BACKFILL_AUTO
2026-05-20 12:21:35,1779279695,CRASH300N,1555.143,1,0.009000000000014552,BACKFILL_AUTO
2026-05-20 12:21:36,1779279696,CRASH300N,1555.158,1,0.01499999999987267,BACKFILL_AUTO
2026-05-20 12:21:37,1779279697,CRASH300N,1555.188,1,0.03000000000020009,BACKFILL_AUTO
2026-05-20 12:21:38,1779279698,CRASH300N,1555.189,1,0.0009999999999763531,BACKFILL_AUTO
2026-05-20 12:21:39,1779279699,CRASH300N,1555.21,1,0.020999999999958163,BACKFILL_AUTO
2026-05-20 12:21:40,1779279700,CRASH300N,1555.229,1,0.019000000000005457,BACKFILL_AUTO
2026-05-20 12:21:41,1779279701,CRASH300N,1555.238,1,0.009000000000014552,BACKFILL_AUTO
2026-05-20 12:21:42,1779279702,CRASH300N,1555.258,1,0.01999999999998181,BACKFILL_AUTO
2026-05-20 12:21:43,1779279703,CRASH300N,1555.26,1,0.0019999999999527063,BACKFILL_AUTO
2026-05-20 12:21:44,1779279704,CRASH300N,1555.269,1,0.009000000000014552,BACKFILL_AUTO
2026-05-20 12:21:45,1779279705,CRASH300N,1555.285,1,0.016000000000076398,BACKFILL_AUTO
2026-05-20 12:21:46,1779279706,CRASH300N,1555.29,1,0.004999999999881766,BACKFILL_AUTO
2026-05-20 12:21:47,1779279707,CRASH300N,1555.303,1,0.013000000000147338,BACKFILL_AUTO
2026-05-20 12:21:48,1779279708,CRASH300N,1555.308,1,0.004999999999881766,BACKFILL_AUTO
2026-05-20 12:21:49,1779279709,CRASH300N,1555.331,1,0.02299999999991087,BACKFILL_AUTO
2026-05-20 12:21:50,1779279710,CRASH300N,1555.34,1,0.009000000000014552,BACKFILL_AUTO
2026-05-20 12:21:51,1779279711,CRASH300N,1555.343,1,0.003000000000156433,BACKFILL_AUTO
2026-05-20 12:21:52,1779279712,CRASH300N,1555.355,1,0.011999999999943611,BACKFILL_AUTO
2026-05-20 12:21:53,1779279713,CRASH300N,1555.369,1,0.013999999999896318,BACKFILL_AUTO
2026-05-20 12:21:54,1779279714,CRASH300N,1555.383,1,0.014000000000123691,BACKFILL_AUTO
2026-05-20 12:21:55,1779279715,CRASH300N,1555.399,1,0.015999999999849024,BACKFILL_AUTO
2026-05-20 12:21:56,1779279716,CRASH300N,1555.406,1,0.007000000000061846,BACKFILL_AUTO
2026-05-20 12:21:57,1779279717,CRASH300N,1555.418,1,0.011999999999943611,BACKFILL_AUTO
2026-05-20 12:21:58,1779279718,CRASH300N,1555.434,1,0.016000000000076398,BACKFILL_AUTO
2026-05-20 12:21:59,1779279719,CRASH300N,1555.46,1,0.026000000000067303,BACKFILL_AUTO
2026-05-20 12:22:00,1779279720,CRASH300N,1555.485,1,0.024999999999863576,BACKFILL_AUTO
2026-05-20 12:22:01,1779279721,CRASH300N,1555.497,1,0.012000000000170985,BACKFILL_AUTO
2026-05-20 12:22:02,1779279722,CRASH300N,1555.498,1,0.0009999999999763531,BACKFILL_AUTO
2026-05-20 12:22:03,1779279723,CRASH300N,1555.521,1,0.02299999999991087,BACKFILL_AUTO
2026-05-20 12:22:04,1779279724,CRASH300N,1555.536,1,0.015000000000100044,BACKFILL_AUTO
2026-05-20 12:22:05,1779279725,CRASH300N,1555.547,1,0.010999999999967258,BACKFILL_AUTO
2026-05-20 12:22:06,1779279726,CRASH300N,1555.579,1,0.03199999999992542,BACKFILL_AUTO
2026-05-20 12:22:07,1779279727,CRASH300N,1555.597,1,0.018000000000029104,BACKFILL_AUTO
2026-05-20 12:22:08,1779279728,CRASH300N,1555.609,1,0.011999999999943611,BACKFILL_AUTO
2026-05-20 12:22:09,1779279729,CRASH300N,1555.62,1,0.010999999999967258,BACKFILL_AUTO
2026-05-20 12:22:10,1779279730,CRASH300N,1555.637,1,0.01700000000005275,BACKFILL_AUTO
2026-05-20 12:22:11,1779279731,CRASH300N,1555.661,1,0.024000000000114596,BACKFILL_AUTO
2026-05-20 12:22:12,1779279732,CRASH300N,1555.67,1,0.009000000000014552,BACKFILL_AUTO
2026-05-20 12:22:13,1779279733,CRASH300N,1555.692,1,0.021999999999934516,BACKFILL_AUTO
2026-05-20 12:22:14,1779279734,CRASH300N,1555.72,1,0.02800000000002001,BACKFILL_AUTO
2026-05-20 12:22:15,1779279735,CRASH300N,1555.745,1,0.024999999999863576,BACKFILL_AUTO
2026-05-20 12:22:16,1779279736,CRASH300N,1555.75,1,0.005000000000109139,BACKFILL_AUTO
2026-05-20 12:22:17,1779279737,CRASH300N,1555.753,1,0.0029999999999290594,BACKFILL_AUTO
2026-05-20 12:22:18,1779279738,CRASH300N,1555.761,1,0.008000000000038199,BACKFILL_AUTO
2026-05-20 12:22:19,1779279739,CRASH300N,1555.775,1,0.014000000000123691,BACKFILL_AUTO
2026-05-20 12:22:20,1779279740,CRASH300N,1555.779,1,0.0039999999999054126,BACKFILL_AUTO
2026-05-20 12:22:21,1779279741,CRASH300N,1555.78,1,0.0009999999999763531,BACKFILL_AUTO
2026-05-20 12:22:22,1779279742,CRASH300N,1555.787,1,0.007000000000061846,BACKFILL_AUTO
2026-05-20 12:22:23,1779279743,CRASH300N,1555.787,0,0.0,BACKFILL_AUTO
2026-05-20 12:22:24,1779279744,CRASH300N,1555.803,1,0.016000000000076398,BACKFILL_AUTO
2026-05-20 12:22:25,1779279745,CRASH300N,1555.803,0,0.0,BACKFILL_AUTO
2026-05-20 12:22:26,1779279746,CRASH300N,1555.822,1,0.018999999999778083,BACKFILL_AUTO
2026-05-20 12:22:27,1779279747,CRASH300N,1555.83,1,0.008000000000038199,BACKFILL_AUTO
2026-05-20 12:22:28,1779279748,CRASH300N,1555.833,1,0.003000000000156433,BACKFILL_AUTO
2026-05-20 12:22:29,1779279749,CRASH300N,1555.85,1,0.016999999999825377,BACKFILL_AUTO
2026-05-20 12:22:30,1779279750,CRASH300N,1555.852,1,0.00200000000018008,BACKFILL_AUTO
2026-05-20 12:22:31,1779279751,CRASH300N,1555.869,1,0.016999999999825377,BACKFILL_AUTO
2026-05-20 12:22:32,1779279752,CRASH300N,1555.869,0,0.0,BACKFILL_AUTO
2026-05-20 12:22:33,1779279753,CRASH300N,1555.873,1,0.004000000000132786,BACKFILL_AUTO
2026-05-20 12:22:34,1779279754,CRASH300N,1555.879,1,0.005999999999858119,BACKFILL_AUTO
2026-05-20 12:22:35,1779279755,CRASH300N,1555.88,1,0.0010000000002037268,BACKFILL_AUTO
2026-05-20 12:22:36,1779279756,CRASH300N,1555.902,1,0.021999999999934516,BACKFILL_AUTO
2026-05-20 12:22:37,1779279757,CRASH300N,1555.91,1,0.008000000000038199,BACKFILL_AUTO
2026-05-20 12:22:38,1779279758,CRASH300N,1555.919,1,0.009000000000014552,BACKFILL_AUTO
2026-05-20 12:22:39,1779279759,CRASH300N,1555.962,1,0.04299999999989268,BACKFILL_AUTO
2026-05-20 12:22:40,1779279760,CRASH300N,1555.966,1,0.0039999999999054126,BACKFILL_AUTO
2026-05-20 12:22:41,1779279761,CRASH300N,1555.969,1,0.003000000000156433,BACKFILL_AUTO
2026-05-20 12:22:42,1779279762,CRASH300N,1555.998,1,0.028999999999996362,BACKFILL_AUTO
2026-05-20 12:22:43,1779279763,CRASH300N,1556.018,1,0.01999999999998181,BACKFILL_AUTO
2026-05-20 12:22:44,1779279764,CRASH300N,1556.032,1,0.013999999999896318,BACKFILL_AUTO
2026-05-20 12:22:45,1779279765,CRASH300N,1556.032,0,0.0,BACKFILL_AUTO
2026-05-20 12:22:46,1779279766,CRASH300N,1556.034,1,0.00200000000018008,BACKFILL_AUTO
2026-05-20 12:22:47,1779279767,CRASH300N,1556.051,1,0.016999999999825377,BACKFILL_AUTO
2026-05-20 12:22:48,1779279768,CRASH300N,1556.062,1,0.010999999999967258,BACKFILL_AUTO
2026-05-20 12:22:49,1779279769,CRASH300N,1556.076,1,0.014000000000123691,BACKFILL_AUTO
2026-05-20 12:22:50,1779279770,CRASH300N,1556.093,1,0.01700000000005275,BACKFILL_AUTO
2026-05-20 12:22:51,1779279771,CRASH300N,1556.094,1,0.0009999999999763531,BACKFILL_AUTO
2026-05-20 12:22:52,1779279772,CRASH300N,1556.117,1,0.02299999999991087,BACKFILL_AUTO
2026-05-20 12:22:53,1779279773,CRASH300N,1556.118,1,0.0009999999999763531,BACKFILL_AUTO
2026-05-20 12:22:54,1779279774,CRASH300N,1556.13,1,0.012000000000170985,BACKFILL_AUTO
2026-05-20 12:22:55,1779279775,CRASH300N,1556.131,1,0.0009999999999763531,BACKFILL_AUTO
2026-05-20 12:22:56,1779279776,CRASH300N,1556.132,1,0.0009999999999763531,BACKFILL_AUTO
2026-05-20 12:22:57,1779279777,CRASH300N,1556.147,1,0.01499999999987267,BACKFILL_AUTO
2026-05-20 12:22:58,1779279778,CRASH300N,1556.17,1,0.023000000000138243,BACKFILL_AUTO
2026-05-20 12:22:59,1779279779,CRASH300N,1556.173,1,0.0029999999999290594,BACKFILL_AUTO
2026-05-20 12:23:00,1779279780,CRASH300N,1556.189,1,0.016000000000076398,BACKFILL_AUTO
2026-05-20 12:23:01,1779279781,CRASH300N,1556.197,1,0.007999999999810825,BACKFILL_AUTO
2026-05-20 12:23:02,1779279782,CRASH300N,1556.204,1,0.007000000000061846,BACKFILL_AUTO
2026-05-20 12:23:03,1779279783,CRASH300N,1556.215,1,0.010999999999967258,BACKFILL_AUTO
2026-05-20 12:23:04,1779279784,CRASH300N,1556.22,1,0.005000000000109139,BACKFILL_AUTO
2026-05-20 12:23:05,1779279785,CRASH300N,1556.245,1,0.024999999999863576,BACKFILL_AUTO
2026-05-20 12:23:06,1779279786,CRASH300N,1556.262,1,0.01700000000005275,BACKFILL_AUTO
2026-05-20 12:23:07,1779279787,CRASH300N,1556.275,1,0.013000000000147338,BACKFILL_AUTO
2026-05-20 12:23:08,1779279788,CRASH300N,1556.283,1,0.007999999999810825,BACKFILL_AUTO
2026-05-20 12:23:09,1779279789,CRASH300N,1556.289,1,0.0060000000000854925,BACKFILL_AUTO
2026-05-20 12:23:10,1779279790,CRASH300N,1556.29,1,0.0009999999999763531,BACKFILL_AUTO
2026-05-20 12:23:11,1779279791,CRASH300N,1556.301,1,0.010999999999967258,BACKFILL_AUTO
2026-05-20 12:23:12,1779279792,CRASH300N,1556.306,1,0.005000000000109139,BACKFILL_AUTO
2026-05-20 12:23:13,1779279793,CRASH300N,1556.309,1,0.0029999999999290594,BACKFILL_AUTO
2026-05-20 12:23:14,1779279794,CRASH300N,1556.322,1,0.012999999999919964,BACKFILL_AUTO
2026-05-20 12:23:15,1779279795,CRASH300N,1556.322,0,0.0,BACKFILL_AUTO
2026-05-20 12:23:16,1779279796,CRASH300N,1556.333,1,0.011000000000194632,BACKFILL_AUTO
2026-05-20 12:23:17,1779279797,CRASH300N,1556.334,1,0.0009999999999763531,BACKFILL_AUTO
2026-05-20 12:23:18,1779279798,CRASH300N,1556.338,1,0.0039999999999054126,BACKFILL_AUTO
2026-05-20 12:23:19,1779279799,CRASH300N,1556.353,1,0.015000000000100044,BACKFILL_AUTO
2026-05-20 12:23:20,1779279800,CRASH300N,1556.354,1,0.0009999999999763531,BACKFILL_AUTO
2026-05-20 12:23:21,1779279801,CRASH300N,1556.356,1,0.0019999999999527063,BACKFILL_AUTO
2026-05-20 12:23:22,1779279802,CRASH300N,1556.376,1,0.01999999999998181,BACKFILL_AUTO
2026-05-20 12:23:23,1779279803,CRASH300N,1556.377,1,0.0009999999999763531,BACKFILL_AUTO
2026-05-20 12:23:24,1779279804,CRASH300N,1556.378,1,0.0009999999999763531,BACKFILL_AUTO
2026-05-20 12:23:25,1779279805,CRASH300N,1556.413,1,0.035000000000081855,BACKFILL_AUTO
2026-05-20 12:23:26,1779279806,CRASH300N,1556.413,0,0.0,BACKFILL_AUTO
2026-05-20 12:23:27,1779279807,CRASH300N,1556.438,1,0.02500000000009095,BACKFILL_AUTO
2026-05-20 12:23:28,1779279808,CRASH300N,1556.454,1,0.015999999999849024,BACKFILL_AUTO
2026-05-20 12:23:29,1779279809,CRASH300N,1556.47,1,0.016000000000076398,BACKFILL_AUTO
2026-05-20 12:23:30,1779279810,CRASH300N,1556.487,1,0.01700000000005275,BACKFILL_AUTO
2026-05-20 12:23:31,1779279811,CRASH300N,1556.492,1,0.004999999999881766,BACKFILL_AUTO
2026-05-20 12:23:32,1779279812,CRASH300N,1556.499,1,0.007000000000061846,BACKFILL_AUTO
2026-05-20 12:23:33,1779279813,CRASH300N,1556.502,1,0.0029999999999290594,BACKFILL_AUTO
2026-05-20 12:23:34,1779279814,CRASH300N,1556.532,1,0.029999999999972715,BACKFILL_AUTO
2026-05-20 12:23:35,1779279815,CRASH300N,1556.532,0,0.0,BACKFILL_AUTO
2026-05-20 12:23:36,1779279816,CRASH300N,1556.54,1,0.008000000000038199,BACKFILL_AUTO
2026-05-20 12:23:37,1779279817,CRASH300N,1556.556,1,0.016000000000076398,BACKFILL_AUTO
2026-05-20 12:23:38,1779279818,CRASH300N,1556.566,1,0.009999999999990905,BACKFILL_AUTO
2026-05-20 12:23:39,1779279819,CRASH300N,1556.577,1,0.010999999999967258,BACKFILL_AUTO
2026-05-20 12:23:40,1779279820,CRASH300N,1556.583,1,0.0060000000000854925,BACKFILL_AUTO
2026-05-20 12:23:41,1779279821,CRASH300N,1556.591,1,0.007999999999810825,BACKFILL_AUTO
2026-05-20 12:23:42,1779279822,CRASH300N,1556.614,1,0.023000000000138243,BACKFILL_AUTO
2026-05-20 12:23:43,1779279823,CRASH300N,1556.616,1,0.0019999999999527063,BACKFILL_AUTO
2026-05-20 12:23:44,1779279824,CRASH300N,1556.63,1,0.014000000000123691,BACKFILL_AUTO
2026-05-20 12:23:45,1779279825,CRASH300N,1556.631,1,0.0009999999999763531,BACKFILL_AUTO
2026-05-20 12:23:46,1779279826,CRASH300N,1556.64,1,0.009000000000014552,BACKFILL_AUTO
2026-05-20 12:23:47,1779279827,CRASH300N,1556.643,1,0.0029999999999290594,BACKFILL_AUTO
2026-05-20 12:23:48,1779279828,CRASH300N,1556.653,1,0.009999999999990905,BACKFILL_AUTO
2026-05-20 12:23:49,1779279829,CRASH300N,1556.662,1,0.009000000000014552,BACKFILL_AUTO
2026-05-20 12:23:50,1779279830,CRASH300N,1556.681,1,0.019000000000005457,BACKFILL_AUTO
2026-05-20 12:23:51,1779279831,CRASH300N,1556.691,1,0.009999999999990905,BACKFILL_AUTO
2026-05-20 12:23:52,1779279832,CRASH300N,1556.702,1,0.010999999999967258,BACKFILL_AUTO
2026-05-20 12:23:53,1779279833,CRASH300N,1556.716,1,0.013999999999896318,BACKFILL_AUTO
2026-05-20 12:23:54,1779279834,CRASH300N,1556.737,1,0.021000000000185537,BACKFILL_AUTO
2026-05-20 12:23:55,1779279835,CRASH300N,1556.739,1,0.0019999999999527063,BACKFILL_AUTO
2026-05-20 12:23:56,1779279836,CRASH300N,1556.765,1,0.026000000000067303,BACKFILL_AUTO
2026-05-20 12:23:57,1779279837,CRASH300N,1556.785,1,0.01999999999998181,BACKFILL_AUTO
2026-05-20 12:23:58,1779279838,CRASH300N,1556.794,1,0.009000000000014552,BACKFILL_AUTO
2026-05-20 12:23:59,1779279839,CRASH300N,1556.802,1,0.007999999999810825,BACKFILL_AUTO
2026-05-20 12:24:00,1779279840,CRASH300N,1556.814,1,0.012000000000170985,BACKFILL_AUTO
2026-05-20 12:24:01,1779279841,CRASH300N,1556.816,1,0.0019999999999527063,BACKFILL_AUTO
2026-05-20 12:24:02,1779279842,CRASH300N,1556.82,1,0.0039999999999054126,BACKFILL_AUTO
2026-05-20 12:24:03,1779279843,CRASH300N,1556.834,1,0.014000000000123691,BACKFILL_AUTO
2026-05-20 12:24:04,1779279844,CRASH300N,1556.84,1,0.005999999999858119,BACKFILL_AUTO
2026-05-20 12:24:05,1779279845,CRASH300N,1556.842,1,0.00200000000018008,BACKFILL_AUTO
2026-05-20 12:24:06,1779279846,CRASH300N,1556.865,1,0.02299999999991087,BACKFILL_AUTO
2026-05-20 12:24:07,1779279847,CRASH300N,1556.899,1,0.03399999999987813,BACKFILL_AUTO
2026-05-20 12:24:08,1779279848,CRASH300N,1556.908,1,0.009000000000014552,BACKFILL_AUTO
2026-05-20 12:24:09,1779279849,CRASH300N,1556.934,1,0.026000000000067303,BACKFILL_AUTO
2026-05-20 12:24:10,1779279850,CRASH300N,1556.947,1,0.012999999999919964,BACKFILL_AUTO
2026-05-20 12:24:11,1779279851,CRASH300N,1556.961,1,0.014000000000123691,BACKFILL_AUTO
2026-05-20 12:24:12,1779279852,CRASH300N,1556.969,1,0.008000000000038199,BACKFILL_AUTO
2026-05-20 12:24:13,1779279853,CRASH300N,1556.986,1,0.01700000000005275,BACKFILL_AUTO
2026-05-20 12:24:14,1779279854,CRASH300N,1556.989,1,0.0029999999999290594,BACKFILL_AUTO
2026-05-20 12:24:15,1779279855,CRASH300N,1557.016,1,0.027000000000043656,BACKFILL_AUTO
2026-05-20 12:24:16,1779279856,CRASH300N,1557.032,1,0.015999999999849024,BACKFILL_AUTO
2026-05-20 12:24:17,1779279857,CRASH300N,1557.059,1,0.027000000000043656,BACKFILL_AUTO
2026-05-20 12:24:18,1779279858,CRASH300N,1557.064,1,0.005000000000109139,BACKFILL_AUTO
2026-05-20 12:24:19,1779279859,CRASH300N,1557.07,1,0.005999999999858119,BACKFILL_AUTO
2026-05-20 12:24:20,1779279860,CRASH300N,1557.085,1,0.015000000000100044,BACKFILL_AUTO
2026-05-20 12:24:21,1779279861,CRASH300N,1557.09,1,0.004999999999881766,BACKFILL_AUTO
2026-05-20 12:24:22,1779279862,CRASH300N,1557.123,1,0.03300000000012915,BACKFILL_AUTO
2026-05-20 12:24:23,1779279863,CRASH300N,1557.139,1,0.015999999999849024,BACKFILL_AUTO
2026-05-20 12:24:24,1779279864,CRASH300N,1557.161,1,0.02200000000016189,BACKFILL_AUTO
2026-05-20 12:24:25,1779279865,CRASH300N,1557.169,1,0.008000000000038199,BACKFILL_AUTO
2026-05-20 12:24:26,1779279866,CRASH300N,1557.187,1,0.01799999999980173,BACKFILL_AUTO
2026-05-20 12:24:27,1779279867,CRASH300N,1557.189,1,0.00200000000018008,BACKFILL_AUTO
2026-05-20 12:24:28,1779279868,CRASH300N,1557.201,1,0.011999999999943611,BACKFILL_AUTO
2026-05-20 12:24:29,1779279869,CRASH300N,1557.224,1,0.02299999999991087,BACKFILL_AUTO
2026-05-20 12:24:30,1779279870,CRASH300N,1557.236,1,0.012000000000170985,BACKFILL_AUTO
2026-05-20 12:24:31,1779279871,CRASH300N,1557.254,1,0.01799999999980173,BACKFILL_AUTO
2026-05-20 12:24:32,1779279872,CRASH300N,1557.283,1,0.028999999999996362,BACKFILL_AUTO
2026-05-20 12:24:33,1779279873,CRASH300N,1557.307,1,0.024000000000114596,BACKFILL_AUTO
2026-05-20 12:24:34,1779279874,CRASH300N,1557.316,1,0.009000000000014552,BACKFILL_AUTO
2026-05-20 12:24:35,1779279875,CRASH300N,1557.326,1,0.009999999999990905,BACKFILL_AUTO
2026-05-20 12:24:36,1779279876,CRASH300N,1557.338,1,0.011999999999943611,BACKFILL_AUTO
2026-05-20 12:24:37,1779279877,CRASH300N,1557.341,1,0.0029999999999290594,BACKFILL_AUTO
2026-05-20 12:24:38,1779279878,CRASH300N,1557.371,1,0.03000000000020009,BACKFILL_AUTO
2026-05-20 12:24:39,1779279879,CRASH300N,1557.39,1,0.019000000000005457,BACKFILL_AUTO
2026-05-20 12:24:40,1779279880,CRASH300N,1557.413,1,0.02299999999991087,BACKFILL_AUTO
2026-05-20 12:24:41,1779279881,CRASH300N,1557.438,1,0.02500000000009095,BACKFILL_AUTO
2026-05-20 12:24:42,1779279882,CRASH300N,1557.466,1,0.027999999999792635,BACKFILL_AUTO
2026-05-20 12:24:43,1779279883,CRASH300N,1557.493,1,0.027000000000043656,BACKFILL_AUTO
2026-05-20 12:24:44,1779279884,CRASH300N,1557.497,1,0.004000000000132786,BACKFILL_AUTO
2026-05-20 12:24:45,1779279885,CRASH300N,1557.514,1,0.016999999999825377,BACKFILL_AUTO
2026-05-20 12:24:46,1779279886,CRASH300N,1557.518,1,0.004000000000132786,BACKFILL_AUTO
2026-05-20 12:24:47,1779279887,CRASH300N,1557.518,0,0.0,BACKFILL_AUTO
2026-05-20 12:24:48,1779279888,CRASH300N,1557.535,1,0.01700000000005275,BACKFILL_AUTO
2026-05-20 12:24:49,1779279889,CRASH300N,1557.545,1,0.009999999999990905,BACKFILL_AUTO
2026-05-20 12:24:50,1779279890,CRASH300N,1557.568,1,0.02299999999991087,BACKFILL_AUTO
2026-05-20 12:24:51,1779279891,CRASH300N,1557.595,1,0.027000000000043656,BACKFILL_AUTO
2026-05-20 12:24:52,1779279892,CRASH300N,1557.637,1,0.041999999999916326,BACKFILL_AUTO
2026-05-20 12:24:53,1779279893,CRASH300N,1557.641,1,0.004000000000132786,BACKFILL_AUTO
2026-05-20 12:24:54,1779279894,CRASH300N,1557.655,1,0.013999999999896318,BACKFILL_AUTO
2026-05-20 12:24:55,1779279895,CRASH300N,1557.662,1,0.007000000000061846,BACKFILL_AUTO
2026-05-20 12:24:56,1779279896,CRASH300N,1557.679,1,0.01700000000005275,BACKFILL_AUTO
2026-05-20 12:24:57,1779279897,CRASH300N,1557.683,1,0.0039999999999054126,BACKFILL_AUTO
2026-05-20 12:24:58,1779279898,CRASH300N,1557.699,1,0.016000000000076398,BACKFILL_AUTO
2026-05-20 12:24:59,1779279899,CRASH300N,1557.716,1,0.016999999999825377,BACKFILL_AUTO
2026-05-20 12:25:00,1779279900,CRASH300N,1557.74,1,0.024000000000114596,BACKFILL_AUTO
2026-05-20 12:25:01,1779279901,CRASH300N,1557.76,1,0.01999999999998181,BACKFILL_AUTO
2026-05-20 12:25:02,1779279902,CRASH300N,1557.791,1,0.03099999999994907,BACKFILL_AUTO
2026-05-20 12:25:03,1779279903,CRASH300N,1557.797,1,0.0060000000000854925,BACKFILL_AUTO
2026-05-20 12:25:04,1779279904,CRASH300N,1557.81,1,0.012999999999919964,BACKFILL_AUTO
2026-05-20 12:25:05,1779279905,CRASH300N,1557.838,1,0.02800000000002001,BACKFILL_AUTO
2026-05-20 12:25:06,1779279906,CRASH300N,1557.875,1,0.03700000000003456,BACKFILL_AUTO
2026-05-20 12:25:07,1779279907,CRASH300N,1557.895,1,0.01999999999998181,BACKFILL_AUTO
2026-05-20 12:25:08,1779279908,CRASH300N,1557.897,1,0.0019999999999527063,BACKFILL_AUTO
2026-05-20 12:25:09,1779279909,CRASH300N,1557.914,1,0.01700000000005275,BACKFILL_AUTO
2026-05-20 12:25:10,1779279910,CRASH300N,1557.92,1,0.0060000000000854925,BACKFILL_AUTO
2026-05-20 12:25:11,1779279911,CRASH300N,1557.929,1,0.009000000000014552,BACKFILL_AUTO
2026-05-20 12:25:12,1779279912,CRASH300N,1557.943,1,0.013999999999896318,BACKFILL_AUTO
2026-05-20 12:25:13,1779279913,CRASH300N,1557.957,1,0.014000000000123691,BACKFILL_AUTO
2026-05-20 12:25:14,1779279914,CRASH300N,1557.964,1,0.006999999999834472,BACKFILL_AUTO
2026-05-20 12:25:15,1779279915,CRASH300N,1557.982,1,0.018000000000029104,BACKFILL_AUTO
2026-05-20 12:25:16,1779279916,CRASH300N,1558.009,1,0.027000000000043656,BACKFILL_AUTO
2026-05-20 12:25:17,1779279917,CRASH300N,1558.009,0,0.0,BACKFILL_AUTO
2026-05-20 12:25:18,1779279918,CRASH300N,1558.017,1,0.008000000000038199,BACKFILL_AUTO
2026-05-20 12:25:19,1779279919,CRASH300N,1558.022,1,0.004999999999881766,BACKFILL_AUTO
2026-05-20 12:25:20,1779279920,CRASH300N,1558.051,1,0.028999999999996362,BACKFILL_AUTO
2026-05-20 12:25:21,1779279921,CRASH300N,1558.053,1,0.00200000000018008,BACKFILL_AUTO
2026-05-20 12:25:22,1779279922,CRASH300N,1558.056,1,0.0029999999999290594,BACKFILL_AUTO
2026-05-20 12:25:23,1779279923,CRASH300N,1558.056,0,0.0,BACKFILL_AUTO
2026-05-20 12:25:24,1779279924,CRASH300N,1558.077,1,0.020999999999958163,BACKFILL_AUTO
2026-05-20 12:25:25,1779279925,CRASH300N,1558.082,1,0.005000000000109139,BACKFILL_AUTO
2026-05-20 12:25:26,1779279926,CRASH300N,1558.124,1,0.041999999999916326,BACKFILL_AUTO
2026-05-20 12:25:27,1779279927,CRASH300N,1558.14,1,0.016000000000076398,BACKFILL_AUTO
2026-05-20 12:25:28,1779279928,CRASH300N,1558.162,1,0.021999999999934516,BACKFILL_AUTO
2026-05-20 12:25:29,1779279929,CRASH300N,1558.184,1,0.021999999999934516,BACKFILL_AUTO
2026-05-20 12:25:30,1779279930,CRASH300N,1558.19,1,0.0060000000000854925,BACKFILL_AUTO
2026-05-20 12:25:31,1779279931,CRASH300N,1558.201,1,0.010999999999967258,BACKFILL_AUTO
2026-05-20 12:25:32,1779279932,CRASH300N,1558.229,1,0.02800000000002001,BACKFILL_AUTO
2026-05-20 12:25:33,1779279933,CRASH300N,1558.232,1,0.0029999999999290594,BACKFILL_AUTO
2026-05-20 12:25:34,1779279934,CRASH300N,1558.247,1,0.015000000000100044,BACKFILL_AUTO
2026-05-20 12:25:35,1779279935,CRASH300N,1558.257,1,0.009999999999990905,BACKFILL_AUTO
2026-05-20 12:25:36,1779279936,CRASH300N,1558.267,1,0.009999999999990905,BACKFILL_AUTO
2026-05-20 12:25:37,1779279937,CRASH300N,1558.272,1,0.004999999999881766,BACKFILL_AUTO
2026-05-20 12:25:38,1779279938,CRASH300N,1558.297,1,0.02500000000009095,BACKFILL_AUTO
2026-05-20 12:25:39,1779279939,CRASH300N,1558.299,1,0.0019999999999527063,BACKFILL_AUTO
2026-05-20 12:25:40,1779279940,CRASH300N,1558.312,1,0.012999999999919964,BACKFILL_AUTO
2026-05-20 12:25:41,1779279941,CRASH300N,1558.337,1,0.02500000000009095,BACKFILL_AUTO
2026-05-20 12:25:42,1779279942,CRASH300N,1558.35,1,0.012999999999919964,BACKFILL_AUTO
2026-05-20 12:25:43,1779279943,CRASH300N,1558.365,1,0.015000000000100044,BACKFILL_AUTO
2026-05-20 12:25:44,1779279944,CRASH300N,1558.365,0,0.0,BACKFILL_AUTO
2026-05-20 12:25:45,1779279945,CRASH300N,1558.387,1,0.021999999999934516,BACKFILL_AUTO
2026-05-20 12:25:46,1779279946,CRASH300N,1558.427,1,0.03999999999996362,BACKFILL_AUTO
2026-05-20 12:25:47,1779279947,CRASH300N,1558.433,1,0.0060000000000854925,BACKFILL_AUTO
2026-05-20 12:25:48,1779279948,CRASH300N,1558.445,1,0.011999999999943611,BACKFILL_AUTO
2026-05-20 12:25:49,1779279949,CRASH300N,1558.458,1,0.013000000000147338,BACKFILL_AUTO
2026-05-20 12:25:50,1779279950,CRASH300N,1558.475,1,0.016999999999825377,BACKFILL_AUTO
2026-05-20 12:25:51,1779279951,CRASH300N,1558.495,1,0.01999999999998181,BACKFILL_AUTO
2026-05-20 12:25:52,1779279952,CRASH300N,1558.498,1,0.003000000000156433,BACKFILL_AUTO
2026-05-20 12:25:53,1779279953,CRASH300N,1558.501,1,0.0029999999999290594,BACKFILL_AUTO
2026-05-20 12:25:54,1779279954,CRASH300N,1558.523,1,0.021999999999934516,BACKFILL_AUTO
2026-05-20 12:25:55,1779279955,CRASH300N,1558.555,1,0.032000000000152795,BACKFILL_AUTO
2026-05-20 12:25:56,1779279956,CRASH300N,1558.564,1,0.009000000000014552,BACKFILL_AUTO
2026-05-20 12:25:57,1779279957,CRASH300N,1558.589,1,0.024999999999863576,BACKFILL_AUTO
2026-05-20 12:25:58,1779279958,CRASH300N,1558.611,1,0.02200000000016189,BACKFILL_AUTO
2026-05-20 12:25:59,1779279959,CRASH300N,1558.638,1,0.026999999999816282,BACKFILL_AUTO
2026-05-20 12:26:00,1779279960,CRASH300N,1558.656,1,0.018000000000029104,BACKFILL_AUTO
2026-05-20 12:26:01,1779279961,CRASH300N,1558.688,1,0.032000000000152795,BACKFILL_AUTO
2026-05-20 12:26:02,1779279962,CRASH300N,1558.707,1,0.019000000000005457,BACKFILL_AUTO
2026-05-20 12:26:03,1779279963,CRASH300N,1558.738,1,0.03099999999994907,BACKFILL_AUTO
2026-05-20 12:26:04,1779279964,CRASH300N,1558.749,1,0.010999999999967258,BACKFILL_AUTO
2026-05-20 12:26:05,1779279965,CRASH300N,1558.752,1,0.0029999999999290594,BACKFILL_AUTO
2026-05-20 12:26:06,1779279966,CRASH300N,1558.758,1,0.0060000000000854925,BACKFILL_AUTO
2026-05-20 12:26:07,1779279967,CRASH300N,1558.767,1,0.009000000000014552,BACKFILL_AUTO
2026-05-20 12:26:08,1779279968,CRASH300N,1558.789,1,0.021999999999934516,BACKFILL_AUTO
2026-05-20 12:26:09,1779279969,CRASH300N,1558.798,1,0.009000000000014552,BACKFILL_AUTO
2026-05-20 12:26:10,1779279970,CRASH300N,1558.807,1,0.009000000000014552,BACKFILL_AUTO
2026-05-20 12:26:11,1779279971,CRASH300N,1558.835,1,0.02800000000002001,BACKFILL_AUTO
2026-05-20 12:26:12,1779279972,CRASH300N,1558.838,1,0.0029999999999290594,BACKFILL_AUTO
2026-05-20 12:26:13,1779279973,CRASH300N,1558.844,1,0.0060000000000854925,BACKFILL_AUTO
2026-05-20 12:26:14,1779279974,CRASH300N,1558.864,1,0.01999999999998181,BACKFILL_AUTO
2026-05-20 12:26:15,1779279975,CRASH300N,1558.893,1,0.028999999999996362,BACKFILL_AUTO
2026-05-20 12:26:16,1779279976,CRASH300N,1558.904,1,0.010999999999967258,BACKFILL_AUTO
2026-05-20 12:26:17,1779279977,CRASH300N,1558.915,1,0.010999999999967258,BACKFILL_AUTO
2026-05-20 12:26:18,1779279978,CRASH300N,1558.935,1,0.01999999999998181,BACKFILL_AUTO
2026-05-20 12:26:19,1779279979,CRASH300N,1558.935,0,0.0,BACKFILL_AUTO
2026-05-20 12:26:20,1779279980,CRASH300N,1558.954,1,0.019000000000005457,BACKFILL_AUTO
2026-05-20 12:26:21,1779279981,CRASH300N,1558.954,0,0.0,BACKFILL_AUTO
2026-05-20 12:26:22,1779279982,CRASH300N,1558.961,1,0.007000000000061846,BACKFILL_AUTO
2026-05-20 12:26:23,1779279983,CRASH300N,1558.982,1,0.020999999999958163,BACKFILL_AUTO
2026-05-20 12:26:24,1779279984,CRASH300N,1558.989,1,0.007000000000061846,BACKFILL_AUTO
2026-05-20 12:26:25,1779279985,CRASH300N,1558.999,1,0.009999999999990905,BACKFILL_AUTO
2026-05-20 12:26:26,1779279986,CRASH300N,1559.006,1,0.007000000000061846,BACKFILL_AUTO
2026-05-20 12:26:27,1779279987,CRASH300N,1559.027,1,0.020999999999958163,BACKFILL_AUTO
2026-05-20 12:26:28,1779279988,CRASH300N,1559.037,1,0.009999999999990905,BACKFILL_AUTO
2026-05-20 12:26:29,1779279989,CRASH300N,1559.062,1,0.024999999999863576,BACKFILL_AUTO
2026-05-20 12:26:30,1779279990,CRASH300N,1559.068,1,0.0060000000000854925,BACKFILL_AUTO
2026-05-20 12:26:31,1779279991,CRASH300N,1559.079,1,0.010999999999967258,BACKFILL_AUTO
2026-05-20 12:26:32,1779279992,CRASH300N,1559.098,1,0.019000000000005457,BACKFILL_AUTO
2026-05-20 12:26:33,1779279993,CRASH300N,1559.1,1,0.0019999999999527063,BACKFILL_AUTO
2026-05-20 12:26:34,1779279994,CRASH300N,1559.123,1,0.023000000000138243,BACKFILL_AUTO
2026-05-20 12:26:35,1779279995,CRASH300N,1559.13,1,0.007000000000061846,BACKFILL_AUTO
2026-05-20 12:26:36,1779279996,CRASH300N,1559.137,1,0.006999999999834472,BACKFILL_AUTO
2026-05-20 12:26:37,1779279997,CRASH300N,1559.18,1,0.04300000000012005,BACKFILL_AUTO
2026-05-20 12:26:38,1779279998,CRASH300N,1559.183,1,0.0029999999999290594,BACKFILL_AUTO
2026-05-20 12:26:39,1779279999,CRASH300N,1559.211,1,0.02800000000002001,BACKFILL_AUTO
2026-05-20 12:26:40,1779280000,CRASH300N,1559.238,1,0.027000000000043656,BACKFILL_AUTO
2026-05-20 12:26:41,1779280001,CRASH300N,1559.263,1,0.024999999999863576,BACKFILL_AUTO
2026-05-20 12:26:42,1779280002,CRASH300N,1559.268,1,0.005000000000109139,BACKFILL_AUTO
2026-05-20 12:26:43,1779280003,CRASH300N,1559.285,1,0.01700000000005275,BACKFILL_AUTO
2026-05-20 12:26:44,1779280004,CRASH300N,1559.31,1,0.024999999999863576,BACKFILL_AUTO
2026-05-20 12:26:45,1779280005,CRASH300N,1559.323,1,0.013000000000147338,BACKFILL_AUTO
2026-05-20 12:26:46,1779280006,CRASH300N,1559.34,1,0.016999999999825377,BACKFILL_AUTO
2026-05-20 12:26:47,1779280007,CRASH300N,1559.363,1,0.023000000000138243,BACKFILL_AUTO
2026-05-20 12:26:48,1779280008,CRASH300N,1559.383,1,0.01999999999998181,BACKFILL_AUTO
2026-05-20 12:26:49,1779280009,CRASH300N,1559.399,1,0.015999999999849024,BACKFILL_AUTO
2026-05-20 12:26:50,1779280010,CRASH300N,1559.401,1,0.00200000000018008,BACKFILL_AUTO
2026-05-20 12:26:51,1779280011,CRASH300N,1559.424,1,0.02299999999991087,BACKFILL_AUTO
2026-05-20 12:26:52,1779280012,CRASH300N,1559.437,1,0.012999999999919964,BACKFILL_AUTO
2026-05-20 12:26:53,1779280013,CRASH300N,1559.449,1,0.012000000000170985,BACKFILL_AUTO
2026-05-20 12:26:54,1779280014,CRASH300N,1559.449,0,0.0,BACKFILL_AUTO
2026-05-20 12:26:55,1779280015,CRASH300N,1559.459,1,0.009999999999990905,BACKFILL_AUTO
2026-05-20 12:26:56,1779280016,CRASH300N,1559.462,1,0.0029999999999290594,BACKFILL_AUTO
2026-05-20 12:26:57,1779280017,CRASH300N,1559.489,1,0.027000000000043656,BACKFILL_AUTO
2026-05-20 12:26:58,1779280018,CRASH300N,1559.502,1,0.012999999999919964,BACKFILL_AUTO
2026-05-20 12:26:59,1779280019,CRASH300N,1559.508,1,0.0060000000000854925,BACKFILL_AUTO
2026-05-20 12:27:00,1779280020,CRASH300N,1559.516,1,0.008000000000038199,BACKFILL_AUTO
2026-05-20 12:27:01,1779280021,CRASH300N,1559.522,1,0.005999999999858119,BACKFILL_AUTO
2026-05-20 12:27:02,1779280022,CRASH300N,1559.53,1,0.008000000000038199,BACKFILL_AUTO
2026-05-20 12:27:03,1779280023,CRASH300N,1559.543,1,0.012999999999919964,BACKFILL_AUTO
2026-05-20 12:27:04,1779280024,CRASH300N,1559.551,1,0.008000000000038199,BACKFILL_AUTO
2026-05-20 12:27:05,1779280025,CRASH300N,1559.574,1,0.023000000000138243,BACKFILL_AUTO
2026-05-20 12:27:06,1779280026,CRASH300N,1559.596,1,0.021999999999934516,BACKFILL_AUTO
2026-05-20 12:27:07,1779280027,CRASH300N,1559.601,1,0.005000000000109139,BACKFILL_AUTO
2026-05-20 12:27:08,1779280028,CRASH300N,1559.609,1,0.007999999999810825,BACKFILL_AUTO
2026-05-20 12:27:09,1779280029,CRASH300N,1559.616,1,0.007000000000061846,BACKFILL_AUTO
2026-05-20 12:27:10,1779280030,CRASH300N,1559.637,1,0.020999999999958163,BACKFILL_AUTO
2026-05-20 12:27:11,1779280031,CRASH300N,1559.654,1,0.01700000000005275,BACKFILL_AUTO
2026-05-20 12:27:12,1779280032,CRASH300N,1559.659,1,0.005000000000109139,BACKFILL_AUTO
2026-05-20 12:27:13,1779280033,CRASH300N,1559.671,1,0.011999999999943611,BACKFILL_AUTO
2026-05-20 12:27:14,1779280034,CRASH300N,1559.69,1,0.019000000000005457,BACKFILL_AUTO
2026-05-20 12:27:15,1779280035,CRASH300N,1559.712,1,0.021999999999934516,BACKFILL_AUTO
2026-05-20 12:27:16,1779280036,CRASH300N,1559.718,1,0.0060000000000854925,BACKFILL_AUTO
2026-05-20 12:27:17,1779280037,CRASH300N,1559.737,1,0.019000000000005457,BACKFILL_AUTO
2026-05-20 12:27:18,1779280038,CRASH300N,1559.75,1,0.012999999999919964,BACKFILL_AUTO
2026-05-20 12:27:19,1779280039,CRASH300N,1559.755,1,0.005000000000109139,BACKFILL_AUTO
2026-05-20 12:27:20,1779280040,CRASH300N,1559.766,1,0.010999999999967258,BACKFILL_AUTO
2026-05-20 12:27:21,1779280041,CRASH300N,1559.772,1,0.005999999999858119,BACKFILL_AUTO
2026-05-20 12:27:22,1779280042,CRASH300N,1559.775,1,0.003000000000156433,BACKFILL_AUTO
2026-05-20 12:27:23,1779280043,CRASH300N,1559.782,1,0.006999999999834472,BACKFILL_AUTO
2026-05-20 12:27:24,1779280044,CRASH300N,1559.79,1,0.008000000000038199,BACKFILL_AUTO
2026-05-20 12:27:25,1779280045,CRASH300N,1559.794,1,0.004000000000132786,BACKFILL_AUTO
2026-05-20 12:27:26,1779280046,CRASH300N,1559.799,1,0.004999999999881766,BACKFILL_AUTO
2026-05-20 12:27:27,1779280047,CRASH300N,1559.812,1,0.012999999999919964,BACKFILL_AUTO
2026-05-20 12:27:28,1779280048,CRASH300N,1559.837,1,0.02500000000009095,BACKFILL_AUTO
2026-05-20 12:27:29,1779280049,CRASH300N,1559.852,1,0.015000000000100044,BACKFILL_AUTO
2026-05-20 12:27:30,1779280050,CRASH300N,1559.856,1,0.0039999999999054126,BACKFILL_AUTO
2026-05-20 12:27:31,1779280051,CRASH300N,1559.887,1,0.03099999999994907,BACKFILL_AUTO
2026-05-20 12:27:32,1779280052,CRASH300N,1559.897,1,0.009999999999990905,BACKFILL_AUTO
2026-05-20 12:27:33,1779280053,CRASH300N,1559.925,1,0.02800000000002001,BACKFILL_AUTO
2026-05-20 12:27:34,1779280054,CRASH300N,1559.931,1,0.0060000000000854925,BACKFILL_AUTO
2026-05-20 12:27:35,1779280055,CRASH300N,1559.936,1,0.004999999999881766,BACKFILL_AUTO
2026-05-20 12:27:36,1779280056,CRASH300N,1559.965,1,0.028999999999996362,BACKFILL_AUTO
2026-05-20 12:27:37,1779280057,CRASH300N,1559.984,1,0.019000000000005457,BACKFILL_AUTO
2026-05-20 12:27:38,1779280058,CRASH300N,1560.014,1,0.029999999999972715,BACKFILL_AUTO
2026-05-20 12:27:39,1779280059,CRASH300N,1560.015,1,0.0010000000002037268,BACKFILL_AUTO
2026-05-20 12:27:40,1779280060,CRASH300N,1560.023,1,0.007999999999810825,BACKFILL_AUTO
2026-05-20 12:27:41,1779280061,CRASH300N,1560.054,1,0.031000000000176442,BACKFILL_AUTO
2026-05-20 12:27:42,1779280062,CRASH300N,1560.076,1,0.021999999999934516,BACKFILL_AUTO
2026-05-20 12:27:43,1779280063,CRASH300N,1560.106,1,0.029999999999972715,BACKFILL_AUTO
2026-05-20 12:27:44,1779280064,CRASH300N,1560.119,1,0.012999999999919964,BACKFILL_AUTO
2026-05-20 12:27:45,1779280065,CRASH300N,1560.151,1,0.032000000000152795,BACKFILL_AUTO
2026-05-20 12:27:46,1779280066,CRASH300N,1560.163,1,0.011999999999943611,BACKFILL_AUTO
2026-05-20 12:27:47,1779280067,CRASH300N,1560.166,1,0.0029999999999290594,BACKFILL_AUTO
2026-05-20 12:27:48,1779280068,CRASH300N,1560.179,1,0.013000000000147338,BACKFILL_AUTO
2026-05-20 12:27:49,1779280069,CRASH300N,1560.185,1,0.005999999999858119,BACKFILL_AUTO
2026-05-20 12:27:50,1779280070,CRASH300N,1560.195,1,0.009999999999990905,BACKFILL_AUTO
2026-05-20 12:27:51,1779280071,CRASH300N,1560.215,1,0.01999999999998181,BACKFILL_AUTO
2026-05-20 12:27:52,1779280072,CRASH300N,1560.244,1,0.028999999999996362,BACKFILL_AUTO
2026-05-20 12:27:53,1779280073,CRASH300N,1560.25,1,0.0060000000000854925,BACKFILL_AUTO
2026-05-20 12:27:54,1779280074,CRASH300N,1560.281,1,0.03099999999994907,BACKFILL_AUTO
2026-05-20 12:27:55,1779280075,CRASH300N,1560.287,1,0.0060000000000854925,BACKFILL_AUTO
2026-05-20 12:27:56,1779280076,CRASH300N,1560.317,1,0.029999999999972715,BACKFILL_AUTO
2026-05-20 12:27:57,1779280077,CRASH300N,1560.319,1,0.0019999999999527063,BACKFILL_AUTO
2026-05-20 12:27:58,1779280078,CRASH300N,1560.334,1,0.015000000000100044,BACKFILL_AUTO
2026-05-20 12:27:59,1779280079,CRASH300N,1560.371,1,0.03700000000003456,BACKFILL_AUTO
2026-05-20 12:28:00,1779280080,CRASH300N,1560.386,1,0.01499999999987267,BACKFILL_AUTO
2026-05-20 12:28:01,1779280081,CRASH300N,1560.388,1,0.0019999999999527063,BACKFILL_AUTO
2026-05-20 12:28:02,1779280082,CRASH300N,1560.411,1,0.023000000000138243,BACKFILL_AUTO
2026-05-20 12:28:03,1779280083,CRASH300N,1560.434,1,0.02299999999991087,BACKFILL_AUTO
2026-05-20 12:28:04,1779280084,CRASH300N,1560.445,1,0.010999999999967258,BACKFILL_AUTO
2026-05-20 12:28:05,1779280085,CRASH300N,1560.461,1,0.016000000000076398,BACKFILL_AUTO
2026-05-20 12:28:06,1779280086,CRASH300N,1560.469,1,0.008000000000038199,BACKFILL_AUTO
2026-05-20 12:28:07,1779280087,CRASH300N,1560.495,1,0.02599999999983993,BACKFILL_AUTO
2026-05-20 12:28:08,1779280088,CRASH300N,1560.498,1,0.003000000000156433,BACKFILL_AUTO
2026-05-20 12:28:09,1779280089,CRASH300N,1560.513,1,0.01499999999987267,BACKFILL_AUTO
2026-05-20 12:28:10,1779280090,CRASH300N,1560.544,1,0.031000000000176442,BACKFILL_AUTO
2026-05-20 12:28:11,1779280091,CRASH300N,1560.567,1,0.02299999999991087,BACKFILL_AUTO
2026-05-20 12:28:12,1779280092,CRASH300N,1560.596,1,0.028999999999996362,BACKFILL_AUTO
2026-05-20 12:28:13,1779280093,CRASH300N,1560.6,1,0.0039999999999054126,BACKFILL_AUTO
2026-05-20 12:28:14,1779280094,CRASH300N,1560.623,1,0.023000000000138243,BACKFILL_AUTO
2026-05-20 12:28:15,1779280095,CRASH300N,1560.649,1,0.02599999999983993,BACKFILL_AUTO
2026-05-20 12:28:16,1779280096,CRASH300N,1560.658,1,0.009000000000014552,BACKFILL_AUTO
2026-05-20 12:28:17,1779280097,CRASH300N,1560.67,1,0.012000000000170985,BACKFILL_AUTO
2026-05-20 12:28:18,1779280098,CRASH300N,1560.693,1,0.02299999999991087,BACKFILL_AUTO
2026-05-20 12:28:19,1779280099,CRASH300N,1560.716,1,0.02299999999991087,BACKFILL_AUTO
2026-05-20 12:28:20,1779280100,CRASH300N,1560.724,1,0.008000000000038199,BACKFILL_AUTO
2026-05-20 12:28:21,1779280101,CRASH300N,1560.736,1,0.012000000000170985,BACKFILL_AUTO
2026-05-20 12:28:22,1779280102,CRASH300N,1560.755,1,0.019000000000005457,BACKFILL_AUTO
2026-05-20 12:28:23,1779280103,CRASH300N,1560.762,1,0.006999999999834472,BACKFILL_AUTO
2026-05-20 12:28:24,1779280104,CRASH300N,1560.766,1,0.004000000000132786,BACKFILL_AUTO
2026-05-20 12:28:25,1779280105,CRASH300N,1560.777,1,0.010999999999967258,BACKFILL_AUTO
2026-05-20 12:28:26,1779280106,CRASH300N,1560.785,1,0.008000000000038199,BACKFILL_AUTO
2026-05-20 12:28:27,1779280107,CRASH300N,1560.79,1,0.004999999999881766,BACKFILL_AUTO
2026-05-20 12:28:28,1779280108,CRASH300N,1560.805,1,0.015000000000100044,BACKFILL_AUTO
2026-05-20 12:28:29,1779280109,CRASH300N,1560.833,1,0.02800000000002001,BACKFILL_AUTO
2026-05-20 12:28:30,1779280110,CRASH300N,1560.85,1,0.016999999999825377,BACKFILL_AUTO
2026-05-20 12:28:31,1779280111,CRASH300N,1560.872,1,0.02200000000016189,BACKFILL_AUTO
2026-05-20 12:28:32,1779280112,CRASH300N,1560.888,1,0.015999999999849024,BACKFILL_AUTO
2026-05-20 12:28:33,1779280113,CRASH300N,1560.892,1,0.004000000000132786,BACKFILL_AUTO
2026-05-20 12:28:34,1779280114,CRASH300N,1560.903,1,0.010999999999967258,BACKFILL_AUTO
2026-05-20 12:28:35,1779280115,CRASH300N,1560.907,1,0.0039999999999054126,BACKFILL_AUTO
2026-05-20 12:28:36,1779280116,CRASH300N,1560.92,1,0.013000000000147338,BACKFILL_AUTO
2026-05-20 12:28:37,1779280117,CRASH300N,1560.932,1,0.011999999999943611,BACKFILL_AUTO
2026-05-20 12:28:38,1779280118,CRASH300N,1560.945,1,0.012999999999919964,BACKFILL_AUTO
2026-05-20 12:28:39,1779280119,CRASH300N,1560.954,1,0.009000000000014552,BACKFILL_AUTO
2026-05-20 12:28:40,1779280120,CRASH300N,1560.961,1,0.007000000000061846,BACKFILL_AUTO
2026-05-20 12:28:41,1779280121,CRASH300N,1560.968,1,0.007000000000061846,BACKFILL_AUTO
2026-05-20 12:28:42,1779280122,CRASH300N,1560.98,1,0.011999999999943611,BACKFILL_AUTO
2026-05-20 12:28:43,1779280123,CRASH300N,1560.994,1,0.013999999999896318,BACKFILL_AUTO
2026-05-20 12:28:44,1779280124,CRASH300N,1561.001,1,0.007000000000061846,BACKFILL_AUTO
2026-05-20 12:28:45,1779280125,CRASH300N,1561.021,1,0.01999999999998181,BACKFILL_AUTO
2026-05-20 12:28:46,1779280126,CRASH300N,1561.041,1,0.01999999999998181,BACKFILL_AUTO
2026-05-20 12:28:47,1779280127,CRASH300N,1561.056,1,0.015000000000100044,BACKFILL_AUTO
2026-05-20 12:28:48,1779280128,CRASH300N,1561.074,1,0.018000000000029104,BACKFILL_AUTO
2026-05-20 12:28:49,1779280129,CRASH300N,1561.084,1,0.009999999999990905,BACKFILL_AUTO
2026-05-20 12:28:50,1779280130,CRASH300N,1561.091,1,0.006999999999834472,BACKFILL_AUTO
2026-05-20 12:28:51,1779280131,CRASH300N,1561.117,1,0.026000000000067303,BACKFILL_AUTO
2026-05-20 12:28:52,1779280132,CRASH300N,1561.131,1,0.014000000000123691,BACKFILL_AUTO
2026-05-20 12:28:53,1779280133,CRASH300N,1561.138,1,0.006999999999834472,BACKFILL_AUTO
2026-05-20 12:28:54,1779280134,CRASH300N,1561.14,1,0.00200000000018008,BACKFILL_AUTO
2026-05-20 12:28:55,1779280135,CRASH300N,1561.153,1,0.012999999999919964,BACKFILL_AUTO
2026-05-20 12:28:56,1779280136,CRASH300N,1561.161,1,0.008000000000038199,BACKFILL_AUTO
2026-05-20 12:28:57,1779280137,CRASH300N,1561.169,1,0.008000000000038199,BACKFILL_AUTO
2026-05-20 12:28:58,1779280138,CRASH300N,1561.21,1,0.04099999999993997,BACKFILL_AUTO
2026-05-20 12:28:59,1779280139,CRASH300N,1561.212,1,0.0019999999999527063,BACKFILL_AUTO
2026-05-20 12:29:00,1779280140,CRASH300N,1561.226,1,0.014000000000123691,BACKFILL_AUTO
2026-05-20 12:29:01,1779280141,CRASH300N,1561.245,1,0.018999999999778083,BACKFILL_AUTO
2026-05-20 12:29:02,1779280142,CRASH300N,1561.258,1,0.013000000000147338,BACKFILL_AUTO
2026-05-20 12:29:03,1779280143,CRASH300N,1561.278,1,0.01999999999998181,BACKFILL_AUTO
2026-05-20 12:29:04,1779280144,CRASH300N,1561.293,1,0.01499999999987267,BACKFILL_AUTO
2026-05-20 12:29:05,1779280145,CRASH300N,1561.301,1,0.008000000000038199,BACKFILL_AUTO
2026-05-20 12:29:06,1779280146,CRASH300N,1561.324,1,0.023000000000138243,BACKFILL_AUTO
2026-05-20 12:29:07,1779280147,CRASH300N,1561.329,1,0.004999999999881766,BACKFILL_AUTO
2026-05-20 12:29:08,1779280148,CRASH300N,1561.329,0,0.0,BACKFILL_AUTO
2026-05-20 12:29:09,1779280149,CRASH300N,1561.336,1,0.007000000000061846,BACKFILL_AUTO
2026-05-20 12:29:10,1779280150,CRASH300N,1561.342,1,0.0060000000000854925,BACKFILL_AUTO
2026-05-20 12:29:11,1779280151,CRASH300N,1561.369,1,0.026999999999816282,BACKFILL_AUTO
2026-05-20 12:29:12,1779280152,CRASH300N,1561.38,1,0.011000000000194632,BACKFILL_AUTO
2026-05-20 12:29:13,1779280153,CRASH300N,1561.401,1,0.020999999999958163,BACKFILL_AUTO
2026-05-20 12:29:14,1779280154,CRASH300N,1561.413,1,0.011999999999943611,BACKFILL_AUTO
2026-05-20 12:29:15,1779280155,CRASH300N,1561.42,1,0.007000000000061846,BACKFILL_AUTO
2026-05-20 12:29:16,1779280156,CRASH300N,1561.426,1,0.005999999999858119,BACKFILL_AUTO
2026-05-20 12:29:17,1779280157,CRASH300N,1561.449,1,0.023000000000138243,BACKFILL_AUTO
2026-05-20 12:29:18,1779280158,CRASH300N,1561.454,1,0.004999999999881766,BACKFILL_AUTO
2026-05-20 12:29:19,1779280159,CRASH300N,1561.474,1,0.01999999999998181,BACKFILL_AUTO
2026-05-20 12:29:20,1779280160,CRASH300N,1561.489,1,0.015000000000100044,BACKFILL_AUTO
2026-05-20 12:29:21,1779280161,CRASH300N,1561.513,1,0.023999999999887223,BACKFILL_AUTO
2026-05-20 12:29:22,1779280162,CRASH300N,1561.514,1,0.0009999999999763531,BACKFILL_AUTO
2026-05-20 12:29:23,1779280163,CRASH300N,1561.533,1,0.019000000000005457,BACKFILL_AUTO
2026-05-20 12:29:24,1779280164,CRASH300N,1561.546,1,0.013000000000147338,BACKFILL_AUTO
2026-05-20 12:29:25,1779280165,CRASH300N,1561.549,1,0.0029999999999290594,BACKFILL_AUTO
2026-05-20 12:29:26,1779280166,CRASH300N,1561.563,1,0.014000000000123691,BACKFILL_AUTO
2026-05-20 12:29:27,1779280167,CRASH300N,1561.586,1,0.02299999999991087,BACKFILL_AUTO
2026-05-20 12:29:28,1779280168,CRASH300N,1561.595,1,0.009000000000014552,BACKFILL_AUTO
2026-05-20 12:29:29,1779280169,CRASH300N,1561.607,1,0.011999999999943611,BACKFILL_AUTO
2026-05-20 12:29:30,1779280170,CRASH300N,1561.615,1,0.008000000000038199,BACKFILL_AUTO
2026-05-20 12:29:31,1779280171,CRASH300N,1561.647,1,0.03199999999992542,BACKFILL_AUTO
2026-05-20 12:29:32,1779280172,CRASH300N,1561.671,1,0.024000000000114596,BACKFILL_AUTO
2026-05-20 12:29:33,1779280173,CRASH300N,1561.677,1,0.005999999999858119,BACKFILL_AUTO
2026-05-20 12:29:34,1779280174,CRASH300N,1561.689,1,0.012000000000170985,BACKFILL_AUTO
2026-05-20 12:29:35,1779280175,CRASH300N,1561.702,1,0.012999999999919964,BACKFILL_AUTO
2026-05-20 12:29:36,1779280176,CRASH300N,1561.71,1,0.008000000000038199,BACKFILL_AUTO
2026-05-20 12:29:37,1779280177,CRASH300N,1561.717,1,0.007000000000061846,BACKFILL_AUTO
2026-05-20 12:29:38,1779280178,CRASH300N,1561.741,1,0.023999999999887223,BACKFILL_AUTO
2026-05-20 12:29:39,1779280179,CRASH300N,1561.764,1,0.02299999999991087,BACKFILL_AUTO
2026-05-20 12:29:40,1779280180,CRASH300N,1561.767,1,0.003000000000156433,BACKFILL_AUTO
2026-05-20 12:29:41,1779280181,CRASH300N,1561.795,1,0.02800000000002001,BACKFILL_AUTO
2026-05-20 12:29:42,1779280182,CRASH300N,1561.802,1,0.006999999999834472,BACKFILL_AUTO
2026-05-20 12:29:43,1779280183,CRASH300N,1561.812,1,0.009999999999990905,BACKFILL_AUTO
2026-05-20 12:29:44,1779280184,CRASH300N,1561.824,1,0.012000000000170985,BACKFILL_AUTO
2026-05-20 12:29:45,1779280185,CRASH300N,1561.828,1,0.0039999999999054126,BACKFILL_AUTO
2026-05-20 12:29:46,1779280186,CRASH300N,1561.842,1,0.014000000000123691,BACKFILL_AUTO
2026-05-20 12:29:47,1779280187,CRASH300N,1561.848,1,0.005999999999858119,BACKFILL_AUTO
2026-05-20 12:29:48,1779280188,CRASH300N,1561.874,1,0.026000000000067303,BACKFILL_AUTO
2026-05-20 12:29:49,1779280189,CRASH300N,1561.885,1,0.010999999999967258,BACKFILL_AUTO
2026-05-20 12:29:50,1779280190,CRASH300N,1561.898,1,0.012999999999919964,BACKFILL_AUTO
2026-05-20 12:29:51,1779280191,CRASH300N,1561.904,1,0.0060000000000854925,BACKFILL_AUTO
2026-05-20 12:29:52,1779280192,CRASH300N,1561.908,1,0.0039999999999054126,BACKFILL_AUTO
2026-05-20 12:29:53,1779280193,CRASH300N,1561.942,1,0.0340000000001055,BACKFILL_AUTO
2026-05-20 12:29:54,1779280194,CRASH300N,1561.955,1,0.012999999999919964,BACKFILL_AUTO
2026-05-20 12:29:55,1779280195,CRASH300N,1561.959,1,0.004000000000132786,BACKFILL_AUTO
2026-05-20 12:29:56,1779280196,CRASH300N,1561.966,1,0.006999999999834472,BACKFILL_AUTO
2026-05-20 12:29:57,1779280197,CRASH300N,1561.98,1,0.014000000000123691,BACKFILL_AUTO
2026-05-20 12:29:58,1779280198,CRASH300N,1562.006,1,0.026000000000067303,BACKFILL_AUTO
2026-05-20 12:29:59,1779280199,CRASH300N,1562.014,1,0.007999999999810825,BACKFILL_AUTO
2026-05-20 12:30:00,1779280200,CRASH300N,1562.017,1,0.003000000000156433,BACKFILL_AUTO
2026-05-20 12:30:01,1779280201,CRASH300N,1562.02,1,0.0029999999999290594,BACKFILL_AUTO
2026-05-20 12:30:02,1779280202,CRASH300N,1562.038,1,0.018000000000029104,BACKFILL_AUTO
2026-05-20 12:30:03,1779280203,CRASH300N,1562.054,1,0.016000000000076398,BACKFILL_AUTO
2026-05-20 12:30:04,1779280204,CRASH300N,1562.067,1,0.012999999999919964,BACKFILL_AUTO
2026-05-20 12:30:05,1779280205,CRASH300N,1562.075,1,0.008000000000038199,BACKFILL_AUTO
2026-05-20 12:30:06,1779280206,CRASH300N,1562.083,1,0.008000000000038199,BACKFILL_AUTO
2026-05-20 12:30:07,1779280207,CRASH300N,1562.097,1,0.013999999999896318,BACKFILL_AUTO
2026-05-20 12:30:08,1779280208,CRASH300N,1562.121,1,0.024000000000114596,BACKFILL_AUTO
2026-05-20 12:30:09,1779280209,CRASH300N,1562.141,1,0.01999999999998181,BACKFILL_AUTO
