timestamp,unix_time,instrument,price,direction,tick_size,session_id
2026-07-13 09:43:34,1783935814,R_10,4796.02,0,,BACKFILL_AUTO
2026-07-13 09:43:36,1783935816,R_10,4796.117,1,0.09699999999975262,BACKFILL_AUTO
2026-07-13 09:43:38,1783935818,R_10,4796.043,-1,0.07400000000052387,BACKFILL_AUTO
2026-07-13 09:43:40,1783935820,R_10,4796.163,1,0.11999999999989086,BACKFILL_AUTO
2026-07-13 09:43:42,1783935822,R_10,4796.218,1,0.05500000000029104,BACKFILL_AUTO
2026-07-13 09:43:44,1783935824,R_10,4796.292,1,0.07400000000052387,BACKFILL_AUTO
2026-07-13 09:43:46,1783935826,R_10,4796.368,1,0.07600000000002183,BACKFILL_AUTO
2026-07-13 09:43:48,1783935828,R_10,4796.518,1,0.1499999999996362,BACKFILL_AUTO
2026-07-13 09:43:50,1783935830,R_10,4796.466,-1,0.05199999999967986,BACKFILL_AUTO
2026-07-13 09:43:52,1783935832,R_10,4796.336,-1,0.13000000000010914,BACKFILL_AUTO
2026-07-13 09:43:54,1783935834,R_10,4796.522,1,0.1859999999996944,BACKFILL_AUTO
2026-07-13 09:43:56,1783935836,R_10,4796.422,-1,0.1000000000003638,BACKFILL_AUTO
2026-07-13 09:43:58,1783935838,R_10,4796.56,1,0.13800000000082946,BACKFILL_AUTO
2026-07-13 09:44:00,1783935840,R_10,4796.474,-1,0.0860000000002401,BACKFILL_AUTO
2026-07-13 09:44:02,1783935842,R_10,4796.399,-1,0.0749999999998181,BACKFILL_AUTO
2026-07-13 09:44:04,1783935844,R_10,4796.175,-1,0.22400000000016007,BACKFILL_AUTO
2026-07-13 09:44:06,1783935846,R_10,4796.218,1,0.042999999999665306,BACKFILL_AUTO
2026-07-13 09:44:08,1783935848,R_10,4796.218,0,0.0,BACKFILL_AUTO
2026-07-13 09:44:10,1783935850,R_10,4796.193,-1,0.024999999999636202,BACKFILL_AUTO
2026-07-13 09:44:12,1783935852,R_10,4796.272,1,0.07899999999972351,BACKFILL_AUTO
2026-07-13 09:44:14,1783935854,R_10,4796.367,1,0.09500000000025466,BACKFILL_AUTO
2026-07-13 09:44:16,1783935856,R_10,4796.229,-1,0.13799999999991996,BACKFILL_AUTO
2026-07-13 09:44:18,1783935858,R_10,4796.433,1,0.2039999999997235,BACKFILL_AUTO
2026-07-13 09:44:20,1783935860,R_10,4796.397,-1,0.03600000000005821,BACKFILL_AUTO
2026-07-13 09:44:22,1783935862,R_10,4796.271,-1,0.12600000000020373,BACKFILL_AUTO
2026-07-13 09:44:24,1783935864,R_10,4796.219,-1,0.05199999999967986,BACKFILL_AUTO
2026-07-13 09:44:26,1783935866,R_10,4796.434,1,0.21500000000014552,BACKFILL_AUTO
2026-07-13 09:44:28,1783935868,R_10,4796.521,1,0.08699999999953434,BACKFILL_AUTO
2026-07-13 09:44:30,1783935870,R_10,4796.511,-1,0.009999999999308784,BACKFILL_AUTO
2026-07-13 09:44:32,1783935872,R_10,4796.632,1,0.12099999999918509,BACKFILL_AUTO
2026-07-13 09:44:34,1783935874,R_10,4796.641,1,0.009000000000014552,BACKFILL_AUTO
2026-07-13 09:44:36,1783935876,R_10,4796.563,-1,0.07799999999951979,BACKFILL_AUTO
2026-07-13 09:44:38,1783935878,R_10,4796.376,-1,0.18699999999989814,BACKFILL_AUTO
2026-07-13 09:44:40,1783935880,R_10,4796.334,-1,0.042000000000371074,BACKFILL_AUTO
2026-07-13 09:44:42,1783935882,R_10,4796.626,1,0.2920000000003711,BACKFILL_AUTO
2026-07-13 09:44:44,1783935884,R_10,4796.604,-1,0.021999999999934516,BACKFILL_AUTO
2026-07-13 09:44:46,1783935886,R_10,4796.436,-1,0.1680000000005748,BACKFILL_AUTO
2026-07-13 09:44:48,1783935888,R_10,4796.588,1,0.15200000000004366,BACKFILL_AUTO
2026-07-13 09:44:50,1783935890,R_10,4796.637,1,0.04899999999997817,BACKFILL_AUTO
2026-07-13 09:44:52,1783935892,R_10,4796.458,-1,0.1790000000000873,BACKFILL_AUTO
2026-07-13 09:44:54,1783935894,R_10,4796.624,1,0.16600000000016735,BACKFILL_AUTO
2026-07-13 09:44:56,1783935896,R_10,4796.474,-1,0.1499999999996362,BACKFILL_AUTO
2026-07-13 09:44:58,1783935898,R_10,4796.558,1,0.08399999999983265,BACKFILL_AUTO
2026-07-13 09:45:00,1783935900,R_10,4796.637,1,0.07899999999972351,BACKFILL_AUTO
2026-07-13 09:45:02,1783935902,R_10,4796.656,1,0.01900000000023283,BACKFILL_AUTO
2026-07-13 09:45:04,1783935904,R_10,4796.621,-1,0.03499999999985448,BACKFILL_AUTO
2026-07-13 09:45:06,1783935906,R_10,4796.749,1,0.12799999999970169,BACKFILL_AUTO
2026-07-13 09:45:08,1783935908,R_10,4796.761,1,0.012000000000625732,BACKFILL_AUTO
2026-07-13 09:45:10,1783935910,R_10,4796.73,-1,0.031000000000858563,BACKFILL_AUTO
2026-07-13 09:45:12,1783935912,R_10,4796.762,1,0.032000000000152795,BACKFILL_AUTO
2026-07-13 09:45:14,1783935914,R_10,4796.702,-1,0.05999999999949068,BACKFILL_AUTO
2026-07-13 09:45:16,1783935916,R_10,4796.683,-1,0.01900000000023283,BACKFILL_AUTO
2026-07-13 09:45:18,1783935918,R_10,4796.506,-1,0.17699999999967986,BACKFILL_AUTO
2026-07-13 09:45:20,1783935920,R_10,4796.555,1,0.04899999999997817,BACKFILL_AUTO
2026-07-13 09:45:22,1783935922,R_10,4796.649,1,0.09400000000005093,BACKFILL_AUTO
2026-07-13 09:45:24,1783935924,R_10,4796.658,1,0.009000000000014552,BACKFILL_AUTO
2026-07-13 09:45:26,1783935926,R_10,4796.607,-1,0.051000000000385626,BACKFILL_AUTO
2026-07-13 09:45:28,1783935928,R_10,4796.505,-1,0.10199999999986176,BACKFILL_AUTO
2026-07-13 09:45:30,1783935930,R_10,4796.643,1,0.13799999999991996,BACKFILL_AUTO
2026-07-13 09:45:32,1783935932,R_10,4796.639,-1,0.0039999999999054126,BACKFILL_AUTO
2026-07-13 09:45:34,1783935934,R_10,4796.598,-1,0.04100000000016735,BACKFILL_AUTO
2026-07-13 09:45:36,1783935936,R_10,4796.668,1,0.06999999999970896,BACKFILL_AUTO
2026-07-13 09:45:38,1783935938,R_10,4796.934,1,0.26600000000053114,BACKFILL_AUTO
2026-07-13 09:45:40,1783935940,R_10,4797.072,1,0.13799999999991996,BACKFILL_AUTO
2026-07-13 09:45:42,1783935942,R_10,4797.16,1,0.08799999999973807,BACKFILL_AUTO
2026-07-13 09:45:44,1783935944,R_10,4797.078,-1,0.0819999999994252,BACKFILL_AUTO
2026-07-13 09:45:46,1783935946,R_10,4797.052,-1,0.026000000000749424,BACKFILL_AUTO
2026-07-13 09:45:48,1783935948,R_10,4796.907,-1,0.14499999999952706,BACKFILL_AUTO
2026-07-13 09:45:50,1783935950,R_10,4796.725,-1,0.181999999999789,BACKFILL_AUTO
2026-07-13 09:45:52,1783935952,R_10,4796.67,-1,0.05500000000029104,BACKFILL_AUTO
2026-07-13 09:45:54,1783935954,R_10,4796.647,-1,0.023000000000138243,BACKFILL_AUTO
2026-07-13 09:45:56,1783935956,R_10,4796.856,1,0.20899999999983265,BACKFILL_AUTO
2026-07-13 09:45:58,1783935958,R_10,4796.642,-1,0.2139999999999418,BACKFILL_AUTO
2026-07-13 09:46:00,1783935960,R_10,4796.622,-1,0.019999999999527063,BACKFILL_AUTO
2026-07-13 09:46:02,1783935962,R_10,4796.708,1,0.08599999999933061,BACKFILL_AUTO
2026-07-13 09:46:04,1783935964,R_10,4796.533,-1,0.1749999999992724,BACKFILL_AUTO
2026-07-13 09:46:06,1783935966,R_10,4796.725,1,0.19200000000000728,BACKFILL_AUTO
2026-07-13 09:46:08,1783935968,R_10,4796.974,1,0.24899999999979627,BACKFILL_AUTO
2026-07-13 09:46:10,1783935970,R_10,4797.08,1,0.10599999999976717,BACKFILL_AUTO
2026-07-13 09:46:12,1783935972,R_10,4797.17,1,0.09000000000014552,BACKFILL_AUTO
2026-07-13 09:46:14,1783935974,R_10,4797.107,-1,0.06300000000010186,BACKFILL_AUTO
2026-07-13 09:46:16,1783935976,R_10,4797.193,1,0.0860000000002401,BACKFILL_AUTO
2026-07-13 09:46:18,1783935978,R_10,4797.267,1,0.07399999999961437,BACKFILL_AUTO
2026-07-13 09:46:20,1783935980,R_10,4797.055,-1,0.21199999999953434,BACKFILL_AUTO
2026-07-13 09:46:22,1783935982,R_10,4797.095,1,0.03999999999996362,BACKFILL_AUTO
2026-07-13 09:46:24,1783935984,R_10,4797.127,1,0.032000000000152795,BACKFILL_AUTO
2026-07-13 09:46:26,1783935986,R_10,4797.172,1,0.044999999999163265,BACKFILL_AUTO
2026-07-13 09:46:28,1783935988,R_10,4797.12,-1,0.05199999999967986,BACKFILL_AUTO
2026-07-13 09:46:30,1783935990,R_10,4796.909,-1,0.2110000000002401,BACKFILL_AUTO
2026-07-13 09:46:32,1783935992,R_10,4796.724,-1,0.18499999999949068,BACKFILL_AUTO
2026-07-13 09:46:34,1783935994,R_10,4796.82,1,0.09599999999954889,BACKFILL_AUTO
2026-07-13 09:46:36,1783935996,R_10,4796.626,-1,0.19399999999950523,BACKFILL_AUTO
2026-07-13 09:46:38,1783935998,R_10,4796.798,1,0.17199999999957072,BACKFILL_AUTO
2026-07-13 09:46:40,1783936000,R_10,4796.612,-1,0.1859999999996944,BACKFILL_AUTO
2026-07-13 09:46:42,1783936002,R_10,4796.627,1,0.015000000000327418,BACKFILL_AUTO
2026-07-13 09:46:44,1783936004,R_10,4796.729,1,0.10199999999986176,BACKFILL_AUTO
2026-07-13 09:46:46,1783936006,R_10,4796.635,-1,0.09400000000005093,BACKFILL_AUTO
2026-07-13 09:46:48,1783936008,R_10,4796.622,-1,0.012999999999919964,BACKFILL_AUTO
2026-07-13 09:46:50,1783936010,R_10,4796.71,1,0.08799999999973807,BACKFILL_AUTO
2026-07-13 09:46:52,1783936012,R_10,4796.669,-1,0.04100000000016735,BACKFILL_AUTO
2026-07-13 09:46:54,1783936014,R_10,4796.602,-1,0.06700000000000728,BACKFILL_AUTO
2026-07-13 09:46:56,1783936016,R_10,4796.612,1,0.010000000000218279,BACKFILL_AUTO
2026-07-13 09:46:58,1783936018,R_10,4796.667,1,0.05500000000029104,BACKFILL_AUTO
2026-07-13 09:47:00,1783936020,R_10,4796.813,1,0.1459999999997308,BACKFILL_AUTO
2026-07-13 09:47:02,1783936022,R_10,4796.74,-1,0.07300000000032014,BACKFILL_AUTO
2026-07-13 09:47:04,1783936024,R_10,4796.73,-1,0.010000000000218279,BACKFILL_AUTO
2026-07-13 09:47:06,1783936026,R_10,4796.707,-1,0.02299999999922875,BACKFILL_AUTO
2026-07-13 09:47:08,1783936028,R_10,4796.79,1,0.08299999999962893,BACKFILL_AUTO
2026-07-13 09:47:10,1783936030,R_10,4796.503,-1,0.28700000000026193,BACKFILL_AUTO
2026-07-13 09:47:12,1783936032,R_10,4796.401,-1,0.10199999999986176,BACKFILL_AUTO
2026-07-13 09:47:14,1783936034,R_10,4796.452,1,0.051000000000385626,BACKFILL_AUTO
2026-07-13 09:47:16,1783936036,R_10,4796.55,1,0.09799999999995634,BACKFILL_AUTO
2026-07-13 09:47:18,1783936038,R_10,4796.72,1,0.17000000000007276,BACKFILL_AUTO
2026-07-13 09:47:20,1783936040,R_10,4796.855,1,0.13499999999930878,BACKFILL_AUTO
2026-07-13 09:47:22,1783936042,R_10,4796.619,-1,0.2359999999998763,BACKFILL_AUTO
2026-07-13 09:47:24,1783936044,R_10,4796.589,-1,0.02999999999974534,BACKFILL_AUTO
2026-07-13 09:47:26,1783936046,R_10,4796.57,-1,0.01900000000023283,BACKFILL_AUTO
2026-07-13 09:47:28,1783936048,R_10,4796.304,-1,0.26599999999962165,BACKFILL_AUTO
2026-07-13 09:47:30,1783936050,R_10,4796.297,-1,0.007000000000516593,BACKFILL_AUTO
2026-07-13 09:47:32,1783936052,R_10,4796.449,1,0.15200000000004366,BACKFILL_AUTO
2026-07-13 09:47:34,1783936054,R_10,4796.379,-1,0.06999999999970896,BACKFILL_AUTO
2026-07-13 09:47:36,1783936056,R_10,4796.567,1,0.18800000000010186,BACKFILL_AUTO
2026-07-13 09:47:38,1783936058,R_10,4796.569,1,0.0020000000004074536,BACKFILL_AUTO
2026-07-13 09:47:40,1783936060,R_10,4796.477,-1,0.09200000000055297,BACKFILL_AUTO
2026-07-13 09:47:42,1783936062,R_10,4796.647,1,0.17000000000007276,BACKFILL_AUTO
2026-07-13 09:47:44,1783936064,R_10,4796.608,-1,0.03899999999975989,BACKFILL_AUTO
2026-07-13 09:47:46,1783936066,R_10,4796.46,-1,0.14800000000013824,BACKFILL_AUTO
2026-07-13 09:47:48,1783936068,R_10,4796.415,-1,0.04500000000007276,BACKFILL_AUTO
2026-07-13 09:47:50,1783936070,R_10,4796.27,-1,0.14499999999952706,BACKFILL_AUTO
2026-07-13 09:47:52,1783936072,R_10,4796.262,-1,0.00800000000072032,BACKFILL_AUTO
2026-07-13 09:47:54,1783936074,R_10,4796.307,1,0.04500000000007276,BACKFILL_AUTO
2026-07-13 09:47:56,1783936076,R_10,4796.34,1,0.03300000000035652,BACKFILL_AUTO
2026-07-13 09:47:58,1783936078,R_10,4796.249,-1,0.09100000000034925,BACKFILL_AUTO
2026-07-13 09:48:00,1783936080,R_10,4796.197,-1,0.05199999999967986,BACKFILL_AUTO
2026-07-13 09:48:02,1783936082,R_10,4796.276,1,0.07899999999972351,BACKFILL_AUTO
2026-07-13 09:48:04,1783936084,R_10,4796.104,-1,0.17199999999957072,BACKFILL_AUTO
2026-07-13 09:48:06,1783936086,R_10,4796.106,1,0.001999999999497959,BACKFILL_AUTO
2026-07-13 09:48:08,1783936088,R_10,4795.992,-1,0.113999999999578,BACKFILL_AUTO
2026-07-13 09:48:10,1783936090,R_10,4795.981,-1,0.011000000000422006,BACKFILL_AUTO
2026-07-13 09:48:12,1783936092,R_10,4796.056,1,0.0749999999998181,BACKFILL_AUTO
2026-07-13 09:48:14,1783936094,R_10,4796.062,1,0.006000000000312866,BACKFILL_AUTO
2026-07-13 09:48:16,1783936096,R_10,4796.018,-1,0.04399999999986903,BACKFILL_AUTO
2026-07-13 09:48:18,1783936098,R_10,4795.981,-1,0.037000000000261934,BACKFILL_AUTO
2026-07-13 09:48:20,1783936100,R_10,4795.919,-1,0.06199999999989814,BACKFILL_AUTO
2026-07-13 09:48:22,1783936102,R_10,4795.973,1,0.05400000000008731,BACKFILL_AUTO
2026-07-13 09:48:24,1783936104,R_10,4796.013,1,0.03999999999996362,BACKFILL_AUTO
2026-07-13 09:48:26,1783936106,R_10,4796.048,1,0.03499999999985448,BACKFILL_AUTO
2026-07-13 09:48:28,1783936108,R_10,4796.018,-1,0.02999999999974534,BACKFILL_AUTO
2026-07-13 09:48:30,1783936110,R_10,4796.195,1,0.17699999999967986,BACKFILL_AUTO
2026-07-13 09:48:32,1783936112,R_10,4796.479,1,0.28400000000056025,BACKFILL_AUTO
2026-07-13 09:48:34,1783936114,R_10,4796.55,1,0.07099999999991269,BACKFILL_AUTO
2026-07-13 09:48:36,1783936116,R_10,4796.462,-1,0.08799999999973807,BACKFILL_AUTO
2026-07-13 09:48:38,1783936118,R_10,4796.431,-1,0.031000000000858563,BACKFILL_AUTO
2026-07-13 09:48:40,1783936120,R_10,4796.405,-1,0.02599999999983993,BACKFILL_AUTO
2026-07-13 09:48:42,1783936122,R_10,4796.256,-1,0.14899999999943248,BACKFILL_AUTO
2026-07-13 09:48:44,1783936124,R_10,4796.624,1,0.3679999999994834,BACKFILL_AUTO
2026-07-13 09:48:46,1783936126,R_10,4796.487,-1,0.13699999999971624,BACKFILL_AUTO
2026-07-13 09:48:48,1783936128,R_10,4796.639,1,0.15200000000004366,BACKFILL_AUTO
2026-07-13 09:48:50,1783936130,R_10,4796.657,1,0.018000000000029104,BACKFILL_AUTO
2026-07-13 09:48:52,1783936132,R_10,4796.733,1,0.07600000000002183,BACKFILL_AUTO
2026-07-13 09:48:54,1783936134,R_10,4796.582,-1,0.15099999999983993,BACKFILL_AUTO
2026-07-13 09:48:56,1783936136,R_10,4796.495,-1,0.08700000000044383,BACKFILL_AUTO
2026-07-13 09:48:58,1783936138,R_10,4796.64,1,0.14500000000043656,BACKFILL_AUTO
2026-07-13 09:49:00,1783936140,R_10,4796.604,-1,0.03600000000005821,BACKFILL_AUTO
2026-07-13 09:49:02,1783936142,R_10,4796.579,-1,0.025000000000545697,BACKFILL_AUTO
2026-07-13 09:49:04,1783936144,R_10,4796.586,1,0.007000000000516593,BACKFILL_AUTO
2026-07-13 09:49:06,1783936146,R_10,4796.62,1,0.033999999999650754,BACKFILL_AUTO
2026-07-13 09:49:08,1783936148,R_10,4796.602,-1,0.018000000000029104,BACKFILL_AUTO
2026-07-13 09:49:10,1783936150,R_10,4796.712,1,0.11000000000058208,BACKFILL_AUTO
2026-07-13 09:49:12,1783936152,R_10,4796.685,-1,0.027000000000043656,BACKFILL_AUTO
2026-07-13 09:49:14,1783936154,R_10,4796.696,1,0.01099999999951251,BACKFILL_AUTO
2026-07-13 09:49:16,1783936156,R_10,4796.679,-1,0.016999999999825377,BACKFILL_AUTO
2026-07-13 09:49:18,1783936158,R_10,4796.688,1,0.009000000000014552,BACKFILL_AUTO
2026-07-13 09:49:20,1783936160,R_10,4796.896,1,0.20799999999962893,BACKFILL_AUTO
2026-07-13 09:49:22,1783936162,R_10,4796.945,1,0.04899999999997817,BACKFILL_AUTO
2026-07-13 09:49:24,1783936164,R_10,4796.959,1,0.014000000000123691,BACKFILL_AUTO
2026-07-13 09:49:26,1783936166,R_10,4797.11,1,0.15099999999983993,BACKFILL_AUTO
2026-07-13 09:49:28,1783936168,R_10,4797.112,1,0.0020000000004074536,BACKFILL_AUTO
2026-07-13 09:49:30,1783936170,R_10,4796.986,-1,0.12600000000020373,BACKFILL_AUTO
2026-07-13 09:49:32,1783936172,R_10,4796.691,-1,0.29500000000007276,BACKFILL_AUTO
2026-07-13 09:49:34,1783936174,R_10,4796.859,1,0.1680000000005748,BACKFILL_AUTO
2026-07-13 09:49:36,1783936176,R_10,4797.023,1,0.1639999999997599,BACKFILL_AUTO
2026-07-13 09:49:38,1783936178,R_10,4796.926,-1,0.09699999999975262,BACKFILL_AUTO
2026-07-13 09:49:40,1783936180,R_10,4797.04,1,0.113999999999578,BACKFILL_AUTO
2026-07-13 09:49:42,1783936182,R_10,4797.032,-1,0.007999999999810825,BACKFILL_AUTO
2026-07-13 09:49:44,1783936184,R_10,4796.98,-1,0.05200000000058935,BACKFILL_AUTO
2026-07-13 09:49:46,1783936186,R_10,4796.909,-1,0.07099999999991269,BACKFILL_AUTO
2026-07-13 09:49:48,1783936188,R_10,4796.89,-1,0.018999999999323336,BACKFILL_AUTO
2026-07-13 09:49:50,1783936190,R_10,4796.789,-1,0.10100000000056752,BACKFILL_AUTO
2026-07-13 09:49:52,1783936192,R_10,4796.783,-1,0.0059999999994033715,BACKFILL_AUTO
2026-07-13 09:49:54,1783936194,R_10,4796.729,-1,0.05400000000008731,BACKFILL_AUTO
2026-07-13 09:49:56,1783936196,R_10,4796.76,1,0.03099999999994907,BACKFILL_AUTO
2026-07-13 09:49:58,1783936198,R_10,4796.619,-1,0.14100000000053114,BACKFILL_AUTO
2026-07-13 09:50:00,1783936200,R_10,4796.563,-1,0.05599999999958527,BACKFILL_AUTO
2026-07-13 09:50:02,1783936202,R_10,4796.589,1,0.02599999999983993,BACKFILL_AUTO
2026-07-13 09:50:04,1783936204,R_10,4796.515,-1,0.07399999999961437,BACKFILL_AUTO
2026-07-13 09:50:06,1783936206,R_10,4796.62,1,0.10499999999956344,BACKFILL_AUTO
2026-07-13 09:50:08,1783936208,R_10,4796.614,-1,0.006000000000312866,BACKFILL_AUTO
2026-07-13 09:50:10,1783936210,R_10,4796.527,-1,0.08699999999953434,BACKFILL_AUTO
2026-07-13 09:50:12,1783936212,R_10,4796.49,-1,0.037000000000261934,BACKFILL_AUTO
2026-07-13 09:50:14,1783936214,R_10,4796.473,-1,0.016999999999825377,BACKFILL_AUTO
2026-07-13 09:50:16,1783936216,R_10,4796.413,-1,0.06000000000040018,BACKFILL_AUTO
2026-07-13 09:50:18,1783936218,R_10,4796.244,-1,0.16899999999986903,BACKFILL_AUTO
2026-07-13 09:50:20,1783936220,R_10,4796.015,-1,0.22899999999935972,BACKFILL_AUTO
2026-07-13 09:50:22,1783936222,R_10,4796.024,1,0.009000000000014552,BACKFILL_AUTO
2026-07-13 09:50:24,1783936224,R_10,4796.113,1,0.08899999999994179,BACKFILL_AUTO
2026-07-13 09:50:26,1783936226,R_10,4796.118,1,0.005000000000109139,BACKFILL_AUTO
2026-07-13 09:50:28,1783936228,R_10,4795.98,-1,0.13800000000082946,BACKFILL_AUTO
2026-07-13 09:50:30,1783936230,R_10,4795.931,-1,0.04899999999997817,BACKFILL_AUTO
2026-07-13 09:50:32,1783936232,R_10,4795.873,-1,0.057999999999992724,BACKFILL_AUTO
2026-07-13 09:50:34,1783936234,R_10,4795.776,-1,0.09699999999975262,BACKFILL_AUTO
2026-07-13 09:50:36,1783936236,R_10,4795.861,1,0.08500000000003638,BACKFILL_AUTO
2026-07-13 09:50:38,1783936238,R_10,4796.009,1,0.14800000000013824,BACKFILL_AUTO
2026-07-13 09:50:40,1783936240,R_10,4795.909,-1,0.1000000000003638,BACKFILL_AUTO
2026-07-13 09:50:42,1783936242,R_10,4795.813,-1,0.09599999999954889,BACKFILL_AUTO
2026-07-13 09:50:44,1783936244,R_10,4795.907,1,0.09400000000005093,BACKFILL_AUTO
2026-07-13 09:50:46,1783936246,R_10,4796.004,1,0.09699999999975262,BACKFILL_AUTO
2026-07-13 09:50:48,1783936248,R_10,4795.924,-1,0.07999999999992724,BACKFILL_AUTO
2026-07-13 09:50:50,1783936250,R_10,4796.002,1,0.07800000000042928,BACKFILL_AUTO
2026-07-13 09:50:52,1783936252,R_10,4796.162,1,0.15999999999985448,BACKFILL_AUTO
2026-07-13 09:50:54,1783936254,R_10,4796.219,1,0.056999999999789,BACKFILL_AUTO
2026-07-13 09:50:56,1783936256,R_10,4796.158,-1,0.06099999999969441,BACKFILL_AUTO
2026-07-13 09:50:58,1783936258,R_10,4796.088,-1,0.07000000000061846,BACKFILL_AUTO
2026-07-13 09:51:00,1783936260,R_10,4795.942,-1,0.1459999999997308,BACKFILL_AUTO
2026-07-13 09:51:02,1783936262,R_10,4796.05,1,0.10800000000017462,BACKFILL_AUTO
2026-07-13 09:51:04,1783936264,R_10,4796.075,1,0.024999999999636202,BACKFILL_AUTO
2026-07-13 09:51:06,1783936266,R_10,4796.13,1,0.05500000000029104,BACKFILL_AUTO
2026-07-13 09:51:08,1783936268,R_10,4796.072,-1,0.057999999999992724,BACKFILL_AUTO
2026-07-13 09:51:10,1783936270,R_10,4796.123,1,0.05099999999947613,BACKFILL_AUTO
2026-07-13 09:51:12,1783936272,R_10,4795.963,-1,0.15999999999985448,BACKFILL_AUTO
2026-07-13 09:51:14,1783936274,R_10,4796.027,1,0.06400000000030559,BACKFILL_AUTO
2026-07-13 09:51:16,1783936276,R_10,4796.14,1,0.11300000000028376,BACKFILL_AUTO
2026-07-13 09:51:18,1783936278,R_10,4796.191,1,0.05099999999947613,BACKFILL_AUTO
2026-07-13 09:51:20,1783936280,R_10,4796.078,-1,0.11299999999937427,BACKFILL_AUTO
2026-07-13 09:51:22,1783936282,R_10,4796.084,1,0.0059999999994033715,BACKFILL_AUTO
2026-07-13 09:51:24,1783936284,R_10,4796.13,1,0.046000000000276486,BACKFILL_AUTO
2026-07-13 09:51:26,1783936286,R_10,4796.076,-1,0.05400000000008731,BACKFILL_AUTO
2026-07-13 09:51:28,1783936288,R_10,4796.046,-1,0.02999999999974534,BACKFILL_AUTO
2026-07-13 09:51:30,1783936290,R_10,4795.975,-1,0.07099999999991269,BACKFILL_AUTO
2026-07-13 09:51:32,1783936292,R_10,4796.178,1,0.2029999999995198,BACKFILL_AUTO
2026-07-13 09:51:34,1783936294,R_10,4796.119,-1,0.05900000000019645,BACKFILL_AUTO
2026-07-13 09:51:36,1783936296,R_10,4796.225,1,0.10600000000067666,BACKFILL_AUTO
2026-07-13 09:51:38,1783936298,R_10,4796.084,-1,0.14100000000053114,BACKFILL_AUTO
2026-07-13 09:51:40,1783936300,R_10,4796.29,1,0.20600000000013097,BACKFILL_AUTO
2026-07-13 09:51:42,1783936302,R_10,4796.317,1,0.027000000000043656,BACKFILL_AUTO
2026-07-13 09:51:44,1783936304,R_10,4796.338,1,0.02099999999973079,BACKFILL_AUTO
2026-07-13 09:51:46,1783936306,R_10,4796.542,1,0.204000000000633,BACKFILL_AUTO
2026-07-13 09:51:48,1783936308,R_10,4796.369,-1,0.17300000000068394,BACKFILL_AUTO
2026-07-13 09:51:50,1783936310,R_10,4796.345,-1,0.023999999999432475,BACKFILL_AUTO
2026-07-13 09:51:52,1783936312,R_10,4796.248,-1,0.09700000000066211,BACKFILL_AUTO
2026-07-13 09:51:54,1783936314,R_10,4796.195,-1,0.052999999999883585,BACKFILL_AUTO
2026-07-13 09:51:56,1783936316,R_10,4796.215,1,0.020000000000436557,BACKFILL_AUTO
2026-07-13 09:51:58,1783936318,R_10,4796.306,1,0.09099999999943975,BACKFILL_AUTO
2026-07-13 09:52:00,1783936320,R_10,4796.462,1,0.15600000000085856,BACKFILL_AUTO
2026-07-13 09:52:02,1783936322,R_10,4796.398,-1,0.06400000000030559,BACKFILL_AUTO
2026-07-13 09:52:04,1783936324,R_10,4796.328,-1,0.06999999999970896,BACKFILL_AUTO
2026-07-13 09:52:06,1783936326,R_10,4796.478,1,0.1499999999996362,BACKFILL_AUTO
2026-07-13 09:52:08,1783936328,R_10,4796.617,1,0.1390000000001237,BACKFILL_AUTO
2026-07-13 09:52:10,1783936330,R_10,4796.432,-1,0.18500000000040018,BACKFILL_AUTO
2026-07-13 09:52:12,1783936332,R_10,4796.559,1,0.12700000000040745,BACKFILL_AUTO
2026-07-13 09:52:14,1783936334,R_10,4796.568,1,0.009000000000014552,BACKFILL_AUTO
2026-07-13 09:52:16,1783936336,R_10,4796.663,1,0.09499999999934516,BACKFILL_AUTO
2026-07-13 09:52:18,1783936338,R_10,4796.81,1,0.147000000000844,BACKFILL_AUTO
2026-07-13 09:52:20,1783936340,R_10,4796.963,1,0.1529999999993379,BACKFILL_AUTO
2026-07-13 09:52:22,1783936342,R_10,4797.011,1,0.04800000000068394,BACKFILL_AUTO
2026-07-13 09:52:24,1783936344,R_10,4797.009,-1,0.0020000000004074536,BACKFILL_AUTO
2026-07-13 09:52:26,1783936346,R_10,4796.819,-1,0.18999999999959982,BACKFILL_AUTO
2026-07-13 09:52:28,1783936348,R_10,4796.768,-1,0.051000000000385626,BACKFILL_AUTO
2026-07-13 09:52:30,1783936350,R_10,4796.854,1,0.0860000000002401,BACKFILL_AUTO
2026-07-13 09:52:32,1783936352,R_10,4796.953,1,0.09900000000016007,BACKFILL_AUTO
2026-07-13 09:52:34,1783936354,R_10,4796.848,-1,0.10500000000047294,BACKFILL_AUTO
2026-07-13 09:52:36,1783936356,R_10,4796.696,-1,0.15200000000004366,BACKFILL_AUTO
2026-07-13 09:52:38,1783936358,R_10,4796.785,1,0.08899999999994179,BACKFILL_AUTO
2026-07-13 09:52:40,1783936360,R_10,4796.756,-1,0.028999999999541615,BACKFILL_AUTO
2026-07-13 09:52:42,1783936362,R_10,4796.661,-1,0.09500000000025466,BACKFILL_AUTO
2026-07-13 09:52:44,1783936364,R_10,4796.494,-1,0.16700000000037107,BACKFILL_AUTO
2026-07-13 09:52:46,1783936366,R_10,4796.33,-1,0.1639999999997599,BACKFILL_AUTO
2026-07-13 09:52:48,1783936368,R_10,4796.262,-1,0.068000000000211,BACKFILL_AUTO
2026-07-13 09:52:50,1783936370,R_10,4796.283,1,0.021000000000640284,BACKFILL_AUTO
2026-07-13 09:52:52,1783936372,R_10,4796.236,-1,0.04700000000048021,BACKFILL_AUTO
2026-07-13 09:52:54,1783936374,R_10,4796.289,1,0.052999999999883585,BACKFILL_AUTO
2026-07-13 09:52:56,1783936376,R_10,4796.464,1,0.1750000000001819,BACKFILL_AUTO
2026-07-13 09:52:58,1783936378,R_10,4796.541,1,0.07700000000022555,BACKFILL_AUTO
2026-07-13 09:53:00,1783936380,R_10,4796.577,1,0.03600000000005821,BACKFILL_AUTO
2026-07-13 09:53:02,1783936382,R_10,4796.753,1,0.17599999999947613,BACKFILL_AUTO
2026-07-13 09:53:04,1783936384,R_10,4797.0,1,0.24700000000029831,BACKFILL_AUTO
2026-07-13 09:53:06,1783936386,R_10,4797.042,1,0.042000000000371074,BACKFILL_AUTO
2026-07-13 09:53:08,1783936388,R_10,4796.966,-1,0.07600000000002183,BACKFILL_AUTO
2026-07-13 09:53:10,1783936390,R_10,4797.073,1,0.1069999999999709,BACKFILL_AUTO
2026-07-13 09:53:12,1783936392,R_10,4797.304,1,0.23099999999976717,BACKFILL_AUTO
2026-07-13 09:53:14,1783936394,R_10,4797.033,-1,0.2709999999997308,BACKFILL_AUTO
2026-07-13 09:53:16,1783936396,R_10,4797.0,-1,0.03300000000035652,BACKFILL_AUTO
2026-07-13 09:53:18,1783936398,R_10,4797.058,1,0.057999999999992724,BACKFILL_AUTO
2026-07-13 09:53:20,1783936400,R_10,4796.906,-1,0.15200000000004366,BACKFILL_AUTO
2026-07-13 09:53:22,1783936402,R_10,4796.979,1,0.07300000000032014,BACKFILL_AUTO
2026-07-13 09:53:24,1783936404,R_10,4797.034,1,0.054999999999381544,BACKFILL_AUTO
2026-07-13 09:53:26,1783936406,R_10,4797.269,1,0.23500000000058208,BACKFILL_AUTO
2026-07-13 09:53:28,1783936408,R_10,4797.156,-1,0.11300000000028376,BACKFILL_AUTO
2026-07-13 09:53:30,1783936410,R_10,4797.105,-1,0.051000000000385626,BACKFILL_AUTO
2026-07-13 09:53:32,1783936412,R_10,4796.904,-1,0.20099999999911233,BACKFILL_AUTO
2026-07-13 09:53:34,1783936414,R_10,4797.075,1,0.170999999999367,BACKFILL_AUTO
2026-07-13 09:53:36,1783936416,R_10,4797.173,1,0.09799999999995634,BACKFILL_AUTO
2026-07-13 09:53:38,1783936418,R_10,4797.208,1,0.03499999999985448,BACKFILL_AUTO
2026-07-13 09:53:40,1783936420,R_10,4797.233,1,0.025000000000545697,BACKFILL_AUTO
2026-07-13 09:53:42,1783936422,R_10,4797.265,1,0.032000000000152795,BACKFILL_AUTO
2026-07-13 09:53:44,1783936424,R_10,4797.105,-1,0.16000000000076398,BACKFILL_AUTO
2026-07-13 09:53:46,1783936426,R_10,4797.235,1,0.13000000000010914,BACKFILL_AUTO
2026-07-13 09:53:48,1783936428,R_10,4797.434,1,0.19900000000052387,BACKFILL_AUTO
2026-07-13 09:53:50,1783936430,R_10,4797.436,1,0.001999999999497959,BACKFILL_AUTO
2026-07-13 09:53:52,1783936432,R_10,4797.468,1,0.032000000000152795,BACKFILL_AUTO
2026-07-13 09:53:54,1783936434,R_10,4797.635,1,0.16700000000037107,BACKFILL_AUTO
2026-07-13 09:53:56,1783936436,R_10,4797.818,1,0.18299999999999272,BACKFILL_AUTO
2026-07-13 09:53:58,1783936438,R_10,4797.774,-1,0.04399999999986903,BACKFILL_AUTO
2026-07-13 09:54:00,1783936440,R_10,4797.649,-1,0.125,BACKFILL_AUTO
2026-07-13 09:54:02,1783936442,R_10,4797.652,1,0.0029999999997016857,BACKFILL_AUTO
2026-07-13 09:54:04,1783936444,R_10,4797.291,-1,0.3609999999998763,BACKFILL_AUTO
2026-07-13 09:54:06,1783936446,R_10,4797.193,-1,0.09799999999995634,BACKFILL_AUTO
2026-07-13 09:54:08,1783936448,R_10,4797.276,1,0.08299999999962893,BACKFILL_AUTO
2026-07-13 09:54:10,1783936450,R_10,4797.157,-1,0.11899999999968713,BACKFILL_AUTO
2026-07-13 09:54:12,1783936452,R_10,4797.143,-1,0.014000000000123691,BACKFILL_AUTO
2026-07-13 09:54:14,1783936454,R_10,4796.998,-1,0.14500000000043656,BACKFILL_AUTO
2026-07-13 09:54:16,1783936456,R_10,4796.959,-1,0.03899999999975989,BACKFILL_AUTO
2026-07-13 09:54:18,1783936458,R_10,4796.869,-1,0.09000000000014552,BACKFILL_AUTO
2026-07-13 09:54:20,1783936460,R_10,4797.038,1,0.16899999999986903,BACKFILL_AUTO
2026-07-13 09:54:22,1783936462,R_10,4797.081,1,0.0430000000005748,BACKFILL_AUTO
2026-07-13 09:54:24,1783936464,R_10,4796.837,-1,0.24399999999968713,BACKFILL_AUTO
2026-07-13 09:54:26,1783936466,R_10,4797.035,1,0.19799999999941065,BACKFILL_AUTO
2026-07-13 09:54:28,1783936468,R_10,4797.136,1,0.10100000000056752,BACKFILL_AUTO
2026-07-13 09:54:30,1783936470,R_10,4797.276,1,0.13999999999941792,BACKFILL_AUTO
2026-07-13 09:54:32,1783936472,R_10,4797.254,-1,0.021999999999934516,BACKFILL_AUTO
2026-07-13 09:54:34,1783936474,R_10,4797.343,1,0.08899999999994179,BACKFILL_AUTO
2026-07-13 09:54:36,1783936476,R_10,4797.392,1,0.04899999999997817,BACKFILL_AUTO
2026-07-13 09:54:38,1783936478,R_10,4797.373,-1,0.01900000000023283,BACKFILL_AUTO
2026-07-13 09:54:40,1783936480,R_10,4797.121,-1,0.25199999999949796,BACKFILL_AUTO
2026-07-13 09:54:42,1783936482,R_10,4797.256,1,0.13500000000021828,BACKFILL_AUTO
2026-07-13 09:54:44,1783936484,R_10,4797.167,-1,0.08899999999994179,BACKFILL_AUTO
2026-07-13 09:54:46,1783936486,R_10,4797.108,-1,0.05900000000019645,BACKFILL_AUTO
2026-07-13 09:54:48,1783936488,R_10,4796.987,-1,0.12100000000009459,BACKFILL_AUTO
2026-07-13 09:54:50,1783936490,R_10,4797.076,1,0.08899999999994179,BACKFILL_AUTO
2026-07-13 09:54:52,1783936492,R_10,4796.881,-1,0.19499999999970896,BACKFILL_AUTO
2026-07-13 09:54:54,1783936494,R_10,4796.812,-1,0.06900000000041473,BACKFILL_AUTO
2026-07-13 09:54:56,1783936496,R_10,4796.591,-1,0.2209999999995489,BACKFILL_AUTO
2026-07-13 09:54:58,1783936498,R_10,4796.84,1,0.24899999999979627,BACKFILL_AUTO
2026-07-13 09:55:00,1783936500,R_10,4796.702,-1,0.13799999999991996,BACKFILL_AUTO
2026-07-13 09:55:02,1783936502,R_10,4796.695,-1,0.007000000000516593,BACKFILL_AUTO
2026-07-13 09:55:04,1783936504,R_10,4796.727,1,0.032000000000152795,BACKFILL_AUTO
2026-07-13 09:55:06,1783936506,R_10,4796.571,-1,0.15599999999994907,BACKFILL_AUTO
2026-07-13 09:55:08,1783936508,R_10,4796.661,1,0.09000000000014552,BACKFILL_AUTO
2026-07-13 09:55:10,1783936510,R_10,4796.466,-1,0.19499999999970896,BACKFILL_AUTO
2026-07-13 09:55:12,1783936512,R_10,4796.218,-1,0.24800000000050204,BACKFILL_AUTO
2026-07-13 09:55:14,1783936514,R_10,4796.214,-1,0.0039999999999054126,BACKFILL_AUTO
2026-07-13 09:55:16,1783936516,R_10,4796.252,1,0.03800000000046566,BACKFILL_AUTO
2026-07-13 09:55:18,1783936518,R_10,4796.238,-1,0.014000000000123691,BACKFILL_AUTO
2026-07-13 09:55:20,1783936520,R_10,4796.157,-1,0.08100000000013097,BACKFILL_AUTO
2026-07-13 09:55:22,1783936522,R_10,4796.207,1,0.0500000000001819,BACKFILL_AUTO
2026-07-13 09:55:24,1783936524,R_10,4796.145,-1,0.06199999999989814,BACKFILL_AUTO
2026-07-13 09:55:26,1783936526,R_10,4796.206,1,0.06099999999969441,BACKFILL_AUTO
2026-07-13 09:55:28,1783936528,R_10,4796.158,-1,0.047999999999774445,BACKFILL_AUTO
2026-07-13 09:55:30,1783936530,R_10,4796.037,-1,0.12100000000009459,BACKFILL_AUTO
2026-07-13 09:55:32,1783936532,R_10,4796.109,1,0.07200000000011642,BACKFILL_AUTO
2026-07-13 09:55:34,1783936534,R_10,4796.234,1,0.125,BACKFILL_AUTO
2026-07-13 09:55:36,1783936536,R_10,4796.28,1,0.04599999999936699,BACKFILL_AUTO
2026-07-13 09:55:38,1783936538,R_10,4796.5,1,0.22000000000025466,BACKFILL_AUTO
2026-07-13 09:55:40,1783936540,R_10,4796.333,-1,0.16700000000037107,BACKFILL_AUTO
2026-07-13 09:55:42,1783936542,R_10,4796.422,1,0.08899999999994179,BACKFILL_AUTO
2026-07-13 09:55:44,1783936544,R_10,4796.148,-1,0.2739999999994325,BACKFILL_AUTO
2026-07-13 09:55:46,1783936546,R_10,4796.04,-1,0.10800000000017462,BACKFILL_AUTO
2026-07-13 09:55:48,1783936548,R_10,4796.105,1,0.06499999999959982,BACKFILL_AUTO
2026-07-13 09:55:50,1783936550,R_10,4796.116,1,0.011000000000422006,BACKFILL_AUTO
2026-07-13 09:55:52,1783936552,R_10,4796.408,1,0.2920000000003711,BACKFILL_AUTO
2026-07-13 09:55:54,1783936554,R_10,4796.511,1,0.10300000000006548,BACKFILL_AUTO
2026-07-13 09:55:56,1783936556,R_10,4796.536,1,0.024999999999636202,BACKFILL_AUTO
2026-07-13 09:55:58,1783936558,R_10,4796.43,-1,0.10599999999976717,BACKFILL_AUTO
2026-07-13 09:56:00,1783936560,R_10,4796.296,-1,0.13400000000001455,BACKFILL_AUTO
2026-07-13 09:56:02,1783936562,R_10,4796.261,-1,0.03499999999985448,BACKFILL_AUTO
2026-07-13 09:56:04,1783936564,R_10,4796.259,-1,0.0020000000004074536,BACKFILL_AUTO
2026-07-13 09:56:06,1783936566,R_10,4796.274,1,0.015000000000327418,BACKFILL_AUTO
2026-07-13 09:56:08,1783936568,R_10,4796.244,-1,0.030000000000654836,BACKFILL_AUTO
2026-07-13 09:56:10,1783936570,R_10,4796.217,-1,0.027000000000043656,BACKFILL_AUTO
2026-07-13 09:56:12,1783936572,R_10,4796.394,1,0.17700000000058935,BACKFILL_AUTO
2026-07-13 09:56:14,1783936574,R_10,4796.506,1,0.11200000000008004,BACKFILL_AUTO
2026-07-13 09:56:16,1783936576,R_10,4796.353,-1,0.15300000000024738,BACKFILL_AUTO
2026-07-13 09:56:18,1783936578,R_10,4796.477,1,0.12399999999979627,BACKFILL_AUTO
2026-07-13 09:56:20,1783936580,R_10,4796.432,-1,0.04500000000007276,BACKFILL_AUTO
2026-07-13 09:56:22,1783936582,R_10,4796.375,-1,0.056999999999789,BACKFILL_AUTO
2026-07-13 09:56:24,1783936584,R_10,4796.525,1,0.1499999999996362,BACKFILL_AUTO
2026-07-13 09:56:26,1783936586,R_10,4796.366,-1,0.15899999999965075,BACKFILL_AUTO
2026-07-13 09:56:28,1783936588,R_10,4796.311,-1,0.05500000000029104,BACKFILL_AUTO
2026-07-13 09:56:30,1783936590,R_10,4796.289,-1,0.021999999999934516,BACKFILL_AUTO
2026-07-13 09:56:32,1783936592,R_10,4796.128,-1,0.1610000000000582,BACKFILL_AUTO
2026-07-13 09:56:34,1783936594,R_10,4796.181,1,0.052999999999883585,BACKFILL_AUTO
2026-07-13 09:56:36,1783936596,R_10,4796.016,-1,0.16499999999996362,BACKFILL_AUTO
2026-07-13 09:56:38,1783936598,R_10,4796.185,1,0.16900000000077853,BACKFILL_AUTO
2026-07-13 09:56:40,1783936600,R_10,4796.25,1,0.06499999999959982,BACKFILL_AUTO
2026-07-13 09:56:42,1783936602,R_10,4796.434,1,0.18400000000019645,BACKFILL_AUTO
2026-07-13 09:56:44,1783936604,R_10,4796.421,-1,0.012999999999919964,BACKFILL_AUTO
2026-07-13 09:56:46,1783936606,R_10,4796.482,1,0.06099999999969441,BACKFILL_AUTO
2026-07-13 09:56:48,1783936608,R_10,4796.42,-1,0.06199999999989814,BACKFILL_AUTO
2026-07-13 09:56:50,1783936610,R_10,4796.375,-1,0.04500000000007276,BACKFILL_AUTO
2026-07-13 09:56:52,1783936612,R_10,4796.522,1,0.14699999999993452,BACKFILL_AUTO
2026-07-13 09:56:54,1783936614,R_10,4796.394,-1,0.12799999999970169,BACKFILL_AUTO
2026-07-13 09:56:56,1783936616,R_10,4796.395,1,0.0010000000002037268,BACKFILL_AUTO
2026-07-13 09:56:58,1783936618,R_10,4796.483,1,0.08799999999973807,BACKFILL_AUTO
2026-07-13 09:57:00,1783936620,R_10,4796.325,-1,0.15800000000035652,BACKFILL_AUTO
2026-07-13 09:57:02,1783936622,R_10,4796.327,1,0.0020000000004074536,BACKFILL_AUTO
2026-07-13 09:57:04,1783936624,R_10,4796.338,1,0.01099999999951251,BACKFILL_AUTO
2026-07-13 09:57:06,1783936626,R_10,4796.454,1,0.11599999999998545,BACKFILL_AUTO
2026-07-13 09:57:08,1783936628,R_10,4796.308,-1,0.1459999999997308,BACKFILL_AUTO
2026-07-13 09:57:10,1783936630,R_10,4796.222,-1,0.0860000000002401,BACKFILL_AUTO
2026-07-13 09:57:12,1783936632,R_10,4796.378,1,0.15599999999994907,BACKFILL_AUTO
2026-07-13 09:57:14,1783936634,R_10,4796.425,1,0.04700000000048021,BACKFILL_AUTO
2026-07-13 09:57:16,1783936636,R_10,4796.272,-1,0.15300000000024738,BACKFILL_AUTO
2026-07-13 09:57:18,1783936638,R_10,4796.617,1,0.34500000000025466,BACKFILL_AUTO
2026-07-13 09:57:20,1783936640,R_10,4796.611,-1,0.006000000000312866,BACKFILL_AUTO
2026-07-13 09:57:22,1783936642,R_10,4796.579,-1,0.032000000000152795,BACKFILL_AUTO
2026-07-13 09:57:24,1783936644,R_10,4796.599,1,0.020000000000436557,BACKFILL_AUTO
2026-07-13 09:57:26,1783936646,R_10,4796.535,-1,0.06400000000030559,BACKFILL_AUTO
2026-07-13 09:57:28,1783936648,R_10,4796.451,-1,0.08399999999983265,BACKFILL_AUTO
2026-07-13 09:57:30,1783936650,R_10,4796.524,1,0.07300000000032014,BACKFILL_AUTO
2026-07-13 09:57:32,1783936652,R_10,4796.614,1,0.08999999999923602,BACKFILL_AUTO
2026-07-13 09:57:34,1783936654,R_10,4796.634,1,0.020000000000436557,BACKFILL_AUTO
2026-07-13 09:57:36,1783936656,R_10,4796.505,-1,0.1289999999999054,BACKFILL_AUTO
2026-07-13 09:57:38,1783936658,R_10,4796.628,1,0.12299999999959255,BACKFILL_AUTO
2026-07-13 09:57:40,1783936660,R_10,4796.562,-1,0.06599999999980355,BACKFILL_AUTO
2026-07-13 09:57:42,1783936662,R_10,4796.538,-1,0.02400000000034197,BACKFILL_AUTO
2026-07-13 09:57:44,1783936664,R_10,4796.736,1,0.19800000000032014,BACKFILL_AUTO
2026-07-13 09:57:46,1783936666,R_10,4796.669,-1,0.06700000000000728,BACKFILL_AUTO
2026-07-13 09:57:48,1783936668,R_10,4796.561,-1,0.10800000000017462,BACKFILL_AUTO
2026-07-13 09:57:50,1783936670,R_10,4796.684,1,0.12300000000050204,BACKFILL_AUTO
2026-07-13 09:57:52,1783936672,R_10,4796.613,-1,0.07099999999991269,BACKFILL_AUTO
2026-07-13 09:57:54,1783936674,R_10,4796.706,1,0.0929999999998472,BACKFILL_AUTO
2026-07-13 09:57:56,1783936676,R_10,4796.891,1,0.18499999999949068,BACKFILL_AUTO
2026-07-13 09:57:58,1783936678,R_10,4796.922,1,0.03099999999994907,BACKFILL_AUTO
2026-07-13 09:58:00,1783936680,R_10,4796.88,-1,0.04199999999946158,BACKFILL_AUTO
2026-07-13 09:58:02,1783936682,R_10,4796.771,-1,0.10900000000037835,BACKFILL_AUTO
2026-07-13 09:58:04,1783936684,R_10,4796.802,1,0.03099999999994907,BACKFILL_AUTO
2026-07-13 09:58:06,1783936686,R_10,4796.755,-1,0.04699999999957072,BACKFILL_AUTO
2026-07-13 09:58:08,1783936688,R_10,4796.878,1,0.12299999999959255,BACKFILL_AUTO
2026-07-13 09:58:10,1783936690,R_10,4797.063,1,0.18500000000040018,BACKFILL_AUTO
2026-07-13 09:58:12,1783936692,R_10,4797.015,-1,0.047999999999774445,BACKFILL_AUTO
2026-07-13 09:58:14,1783936694,R_10,4796.94,-1,0.0750000000007276,BACKFILL_AUTO
2026-07-13 09:58:16,1783936696,R_10,4796.917,-1,0.02299999999922875,BACKFILL_AUTO
2026-07-13 09:58:18,1783936698,R_10,4796.863,-1,0.05400000000008731,BACKFILL_AUTO
2026-07-13 09:58:20,1783936700,R_10,4796.938,1,0.0749999999998181,BACKFILL_AUTO
2026-07-13 09:58:22,1783936702,R_10,4796.929,-1,0.009000000000014552,BACKFILL_AUTO
2026-07-13 09:58:24,1783936704,R_10,4796.874,-1,0.05500000000029104,BACKFILL_AUTO
2026-07-13 09:58:26,1783936706,R_10,4796.884,1,0.010000000000218279,BACKFILL_AUTO
2026-07-13 09:58:28,1783936708,R_10,4796.763,-1,0.12100000000009459,BACKFILL_AUTO
2026-07-13 09:58:30,1783936710,R_10,4796.861,1,0.09799999999995634,BACKFILL_AUTO
2026-07-13 09:58:32,1783936712,R_10,4796.725,-1,0.1359999999995125,BACKFILL_AUTO
2026-07-13 09:58:34,1783936714,R_10,4796.765,1,0.03999999999996362,BACKFILL_AUTO
2026-07-13 09:58:36,1783936716,R_10,4796.703,-1,0.06199999999989814,BACKFILL_AUTO
2026-07-13 09:58:38,1783936718,R_10,4796.811,1,0.10799999999926513,BACKFILL_AUTO
2026-07-13 09:58:40,1783936720,R_10,4796.813,1,0.0020000000004074536,BACKFILL_AUTO
2026-07-13 09:58:42,1783936722,R_10,4796.73,-1,0.08300000000053842,BACKFILL_AUTO
2026-07-13 09:58:44,1783936724,R_10,4796.743,1,0.01300000000082946,BACKFILL_AUTO
2026-07-13 09:58:46,1783936726,R_10,4796.976,1,0.23299999999926513,BACKFILL_AUTO
2026-07-13 09:58:48,1783936728,R_10,4796.724,-1,0.25199999999949796,BACKFILL_AUTO
2026-07-13 09:58:50,1783936730,R_10,4796.647,-1,0.07700000000022555,BACKFILL_AUTO
2026-07-13 09:58:52,1783936732,R_10,4796.783,1,0.136000000000422,BACKFILL_AUTO
2026-07-13 09:58:54,1783936734,R_10,4796.923,1,0.13999999999941792,BACKFILL_AUTO
2026-07-13 09:58:56,1783936736,R_10,4796.871,-1,0.05199999999967986,BACKFILL_AUTO
2026-07-13 09:58:58,1783936738,R_10,4796.821,-1,0.0500000000001819,BACKFILL_AUTO
2026-07-13 09:59:00,1783936740,R_10,4796.66,-1,0.1610000000000582,BACKFILL_AUTO
2026-07-13 09:59:02,1783936742,R_10,4796.858,1,0.19800000000032014,BACKFILL_AUTO
2026-07-13 09:59:04,1783936744,R_10,4797.055,1,0.19700000000011642,BACKFILL_AUTO
2026-07-13 09:59:06,1783936746,R_10,4797.087,1,0.032000000000152795,BACKFILL_AUTO
2026-07-13 09:59:08,1783936748,R_10,4797.1,1,0.012999999999919964,BACKFILL_AUTO
2026-07-13 09:59:10,1783936750,R_10,4796.926,-1,0.17399999999997817,BACKFILL_AUTO
2026-07-13 09:59:12,1783936752,R_10,4796.912,-1,0.014000000000123691,BACKFILL_AUTO
2026-07-13 09:59:14,1783936754,R_10,4796.608,-1,0.3040000000000873,BACKFILL_AUTO
2026-07-13 09:59:16,1783936756,R_10,4796.685,1,0.07700000000022555,BACKFILL_AUTO
2026-07-13 09:59:18,1783936758,R_10,4796.888,1,0.2029999999995198,BACKFILL_AUTO
2026-07-13 09:59:20,1783936760,R_10,4797.113,1,0.2250000000003638,BACKFILL_AUTO
2026-07-13 09:59:22,1783936762,R_10,4797.093,-1,0.020000000000436557,BACKFILL_AUTO
2026-07-13 09:59:24,1783936764,R_10,4796.996,-1,0.09699999999975262,BACKFILL_AUTO
2026-07-13 09:59:26,1783936766,R_10,4796.949,-1,0.04700000000048021,BACKFILL_AUTO
2026-07-13 09:59:28,1783936768,R_10,4797.056,1,0.1069999999999709,BACKFILL_AUTO
2026-07-13 09:59:30,1783936770,R_10,4797.001,-1,0.054999999999381544,BACKFILL_AUTO
2026-07-13 09:59:32,1783936772,R_10,4797.055,1,0.05400000000008731,BACKFILL_AUTO
2026-07-13 09:59:34,1783936774,R_10,4796.948,-1,0.1069999999999709,BACKFILL_AUTO
2026-07-13 09:59:36,1783936776,R_10,4796.932,-1,0.016000000000531145,BACKFILL_AUTO
2026-07-13 09:59:38,1783936778,R_10,4797.072,1,0.14000000000032742,BACKFILL_AUTO
2026-07-13 09:59:40,1783936780,R_10,4797.064,-1,0.007999999999810825,BACKFILL_AUTO
2026-07-13 09:59:42,1783936782,R_10,4797.156,1,0.09199999999964348,BACKFILL_AUTO
2026-07-13 09:59:44,1783936784,R_10,4797.157,1,0.0010000000002037268,BACKFILL_AUTO
2026-07-13 09:59:46,1783936786,R_10,4797.187,1,0.02999999999974534,BACKFILL_AUTO
2026-07-13 09:59:48,1783936788,R_10,4797.025,-1,0.16200000000026193,BACKFILL_AUTO
2026-07-13 09:59:50,1783936790,R_10,4796.914,-1,0.11099999999987631,BACKFILL_AUTO
2026-07-13 09:59:52,1783936792,R_10,4796.774,-1,0.13999999999941792,BACKFILL_AUTO
2026-07-13 09:59:54,1783936794,R_10,4796.598,-1,0.17600000000038563,BACKFILL_AUTO
2026-07-13 09:59:56,1783936796,R_10,4796.509,-1,0.08899999999994179,BACKFILL_AUTO
2026-07-13 09:59:58,1783936798,R_10,4796.543,1,0.033999999999650754,BACKFILL_AUTO
2026-07-13 10:00:00,1783936800,R_10,4796.593,1,0.0500000000001819,BACKFILL_AUTO
2026-07-13 10:00:02,1783936802,R_10,4796.473,-1,0.11999999999989086,BACKFILL_AUTO
2026-07-13 10:00:04,1783936804,R_10,4796.489,1,0.01599999999962165,BACKFILL_AUTO
2026-07-13 10:00:06,1783936806,R_10,4796.358,-1,0.13099999999940337,BACKFILL_AUTO
2026-07-13 10:00:08,1783936808,R_10,4796.446,1,0.08799999999973807,BACKFILL_AUTO
2026-07-13 10:00:10,1783936810,R_10,4796.554,1,0.10800000000017462,BACKFILL_AUTO
2026-07-13 10:00:12,1783936812,R_10,4796.5,-1,0.05400000000008731,BACKFILL_AUTO
2026-07-13 10:00:14,1783936814,R_10,4796.479,-1,0.02099999999973079,BACKFILL_AUTO
2026-07-13 10:00:16,1783936816,R_10,4796.519,1,0.03999999999996362,BACKFILL_AUTO
2026-07-13 10:00:18,1783936818,R_10,4796.452,-1,0.06700000000000728,BACKFILL_AUTO
2026-07-13 10:00:20,1783936820,R_10,4796.494,1,0.04199999999946158,BACKFILL_AUTO
2026-07-13 10:00:22,1783936822,R_10,4796.468,-1,0.02599999999983993,BACKFILL_AUTO
2026-07-13 10:00:24,1783936824,R_10,4796.45,-1,0.018000000000029104,BACKFILL_AUTO
2026-07-13 10:00:26,1783936826,R_10,4796.385,-1,0.06499999999959982,BACKFILL_AUTO
2026-07-13 10:00:28,1783936828,R_10,4796.579,1,0.19399999999950523,BACKFILL_AUTO
2026-07-13 10:00:30,1783936830,R_10,4796.472,-1,0.1069999999999709,BACKFILL_AUTO
2026-07-13 10:00:32,1783936832,R_10,4796.41,-1,0.06199999999989814,BACKFILL_AUTO
2026-07-13 10:00:34,1783936834,R_10,4796.199,-1,0.2110000000002401,BACKFILL_AUTO
2026-07-13 10:00:36,1783936836,R_10,4796.274,1,0.0750000000007276,BACKFILL_AUTO
2026-07-13 10:00:38,1783936838,R_10,4796.283,1,0.009000000000014552,BACKFILL_AUTO
2026-07-13 10:00:40,1783936840,R_10,4796.386,1,0.10300000000006548,BACKFILL_AUTO
2026-07-13 10:00:42,1783936842,R_10,4796.162,-1,0.22400000000016007,BACKFILL_AUTO
2026-07-13 10:00:44,1783936844,R_10,4796.224,1,0.06199999999989814,BACKFILL_AUTO
2026-07-13 10:00:46,1783936846,R_10,4796.498,1,0.2739999999994325,BACKFILL_AUTO
2026-07-13 10:00:48,1783936848,R_10,4796.358,-1,0.13999999999941792,BACKFILL_AUTO
2026-07-13 10:00:50,1783936850,R_10,4796.098,-1,0.2600000000002183,BACKFILL_AUTO
2026-07-13 10:00:52,1783936852,R_10,4796.03,-1,0.068000000000211,BACKFILL_AUTO
2026-07-13 10:00:54,1783936854,R_10,4796.104,1,0.07400000000052387,BACKFILL_AUTO
2026-07-13 10:00:56,1783936856,R_10,4796.014,-1,0.09000000000014552,BACKFILL_AUTO
2026-07-13 10:00:58,1783936858,R_10,4795.987,-1,0.027000000000043656,BACKFILL_AUTO
2026-07-13 10:01:00,1783936860,R_10,4796.05,1,0.06300000000010186,BACKFILL_AUTO
2026-07-13 10:01:02,1783936862,R_10,4796.095,1,0.04500000000007276,BACKFILL_AUTO
2026-07-13 10:01:04,1783936864,R_10,4796.044,-1,0.051000000000385626,BACKFILL_AUTO
2026-07-13 10:01:06,1783936866,R_10,4795.963,-1,0.08100000000013097,BACKFILL_AUTO
2026-07-13 10:01:08,1783936868,R_10,4796.031,1,0.068000000000211,BACKFILL_AUTO
2026-07-13 10:01:10,1783936870,R_10,4795.837,-1,0.19399999999950523,BACKFILL_AUTO
2026-07-13 10:01:12,1783936872,R_10,4795.866,1,0.028999999999541615,BACKFILL_AUTO
2026-07-13 10:01:14,1783936874,R_10,4795.839,-1,0.027000000000043656,BACKFILL_AUTO
2026-07-13 10:01:16,1783936876,R_10,4795.966,1,0.12700000000040745,BACKFILL_AUTO
2026-07-13 10:01:18,1783936878,R_10,4795.944,-1,0.021999999999934516,BACKFILL_AUTO
2026-07-13 10:01:20,1783936880,R_10,4796.015,1,0.07099999999991269,BACKFILL_AUTO
2026-07-13 10:01:22,1783936882,R_10,4796.173,1,0.15799999999944703,BACKFILL_AUTO
2026-07-13 10:01:24,1783936884,R_10,4796.096,-1,0.07700000000022555,BACKFILL_AUTO
2026-07-13 10:01:26,1783936886,R_10,4796.086,-1,0.009999999999308784,BACKFILL_AUTO
2026-07-13 10:01:28,1783936888,R_10,4796.271,1,0.18499999999949068,BACKFILL_AUTO
2026-07-13 10:01:30,1783936890,R_10,4796.083,-1,0.18800000000010186,BACKFILL_AUTO
2026-07-13 10:01:32,1783936892,R_10,4796.208,1,0.125,BACKFILL_AUTO
2026-07-13 10:01:34,1783936894,R_10,4796.081,-1,0.12699999999949796,BACKFILL_AUTO
2026-07-13 10:01:36,1783936896,R_10,4795.869,-1,0.21200000000044383,BACKFILL_AUTO
2026-07-13 10:01:38,1783936898,R_10,4795.721,-1,0.14800000000013824,BACKFILL_AUTO
2026-07-13 10:01:40,1783936900,R_10,4795.775,1,0.05400000000008731,BACKFILL_AUTO
2026-07-13 10:01:42,1783936902,R_10,4795.737,-1,0.03799999999955617,BACKFILL_AUTO
2026-07-13 10:01:44,1783936904,R_10,4795.699,-1,0.03800000000046566,BACKFILL_AUTO
2026-07-13 10:01:46,1783936906,R_10,4795.697,-1,0.001999999999497959,BACKFILL_AUTO
2026-07-13 10:01:48,1783936908,R_10,4795.656,-1,0.04100000000016735,BACKFILL_AUTO
2026-07-13 10:01:50,1783936910,R_10,4795.652,-1,0.0039999999999054126,BACKFILL_AUTO
2026-07-13 10:01:52,1783936912,R_10,4795.7,1,0.047999999999774445,BACKFILL_AUTO
2026-07-13 10:01:54,1783936914,R_10,4795.739,1,0.03899999999975989,BACKFILL_AUTO
2026-07-13 10:01:56,1783936916,R_10,4795.748,1,0.009000000000014552,BACKFILL_AUTO
2026-07-13 10:01:58,1783936918,R_10,4795.707,-1,0.04099999999925785,BACKFILL_AUTO
2026-07-13 10:02:00,1783936920,R_10,4795.542,-1,0.16499999999996362,BACKFILL_AUTO
2026-07-13 10:02:02,1783936922,R_10,4795.433,-1,0.10900000000037835,BACKFILL_AUTO
2026-07-13 10:02:04,1783936924,R_10,4795.651,1,0.2179999999998472,BACKFILL_AUTO
2026-07-13 10:02:06,1783936926,R_10,4795.627,-1,0.023999999999432475,BACKFILL_AUTO
2026-07-13 10:02:08,1783936928,R_10,4795.41,-1,0.21700000000055297,BACKFILL_AUTO
2026-07-13 10:02:10,1783936930,R_10,4795.429,1,0.01900000000023283,BACKFILL_AUTO
2026-07-13 10:02:12,1783936932,R_10,4795.359,-1,0.06999999999970896,BACKFILL_AUTO
2026-07-13 10:02:14,1783936934,R_10,4795.132,-1,0.22700000000077125,BACKFILL_AUTO
2026-07-13 10:02:16,1783936936,R_10,4795.303,1,0.1710000000002765,BACKFILL_AUTO
2026-07-13 10:02:18,1783936938,R_10,4795.535,1,0.2319999999999709,BACKFILL_AUTO
2026-07-13 10:02:20,1783936940,R_10,4795.852,1,0.3170000000000073,BACKFILL_AUTO
2026-07-13 10:02:22,1783936942,R_10,4795.896,1,0.04399999999986903,BACKFILL_AUTO
2026-07-13 10:02:24,1783936944,R_10,4795.895,-1,0.0009999999992942321,BACKFILL_AUTO
2026-07-13 10:02:26,1783936946,R_10,4795.956,1,0.06099999999969441,BACKFILL_AUTO
2026-07-13 10:02:28,1783936948,R_10,4795.982,1,0.02599999999983993,BACKFILL_AUTO
2026-07-13 10:02:30,1783936950,R_10,4796.138,1,0.15599999999994907,BACKFILL_AUTO
2026-07-13 10:02:32,1783936952,R_10,4796.332,1,0.19400000000041473,BACKFILL_AUTO
2026-07-13 10:02:34,1783936954,R_10,4796.271,-1,0.061000000000603904,BACKFILL_AUTO
2026-07-13 10:02:36,1783936956,R_10,4796.485,1,0.2139999999999418,BACKFILL_AUTO
2026-07-13 10:02:38,1783936958,R_10,4796.58,1,0.09500000000025466,BACKFILL_AUTO
2026-07-13 10:02:40,1783936960,R_10,4796.579,-1,0.0010000000002037268,BACKFILL_AUTO
2026-07-13 10:02:42,1783936962,R_10,4796.652,1,0.07300000000032014,BACKFILL_AUTO
2026-07-13 10:02:44,1783936964,R_10,4796.755,1,0.10300000000006548,BACKFILL_AUTO
2026-07-13 10:02:46,1783936966,R_10,4796.813,1,0.057999999999992724,BACKFILL_AUTO
2026-07-13 10:02:48,1783936968,R_10,4796.651,-1,0.16200000000026193,BACKFILL_AUTO
2026-07-13 10:02:50,1783936970,R_10,4796.594,-1,0.056999999999789,BACKFILL_AUTO
2026-07-13 10:02:52,1783936972,R_10,4796.39,-1,0.2039999999997235,BACKFILL_AUTO
2026-07-13 10:02:54,1783936974,R_10,4796.463,1,0.07299999999941065,BACKFILL_AUTO
2026-07-13 10:02:56,1783936976,R_10,4796.538,1,0.0749999999998181,BACKFILL_AUTO
2026-07-13 10:02:58,1783936978,R_10,4796.608,1,0.07000000000061846,BACKFILL_AUTO
2026-07-13 10:03:00,1783936980,R_10,4796.761,1,0.15300000000024738,BACKFILL_AUTO
2026-07-13 10:03:02,1783936982,R_10,4796.886,1,0.125,BACKFILL_AUTO
2026-07-13 10:03:04,1783936984,R_10,4796.778,-1,0.10800000000017462,BACKFILL_AUTO
2026-07-13 10:03:06,1783936986,R_10,4796.686,-1,0.09200000000055297,BACKFILL_AUTO
2026-07-13 10:03:08,1783936988,R_10,4796.752,1,0.06600000000071304,BACKFILL_AUTO
2026-07-13 10:03:10,1783936990,R_10,4796.992,1,0.23999999999978172,BACKFILL_AUTO
2026-07-13 10:03:12,1783936992,R_10,4796.878,-1,0.11400000000048749,BACKFILL_AUTO
2026-07-13 10:03:14,1783936994,R_10,4797.133,1,0.25500000000010914,BACKFILL_AUTO
2026-07-13 10:03:16,1783936996,R_10,4797.209,1,0.07600000000002183,BACKFILL_AUTO
2026-07-13 10:03:18,1783936998,R_10,4797.328,1,0.11900000000059663,BACKFILL_AUTO
2026-07-13 10:03:20,1783937000,R_10,4797.28,-1,0.04800000000068394,BACKFILL_AUTO
2026-07-13 10:03:22,1783937002,R_10,4797.416,1,0.136000000000422,BACKFILL_AUTO
2026-07-13 10:03:24,1783937004,R_10,4797.437,1,0.02099999999973079,BACKFILL_AUTO
2026-07-13 10:03:26,1783937006,R_10,4797.384,-1,0.052999999999883585,BACKFILL_AUTO
2026-07-13 10:03:28,1783937008,R_10,4797.526,1,0.14199999999982538,BACKFILL_AUTO
2026-07-13 10:03:30,1783937010,R_10,4797.286,-1,0.23999999999978172,BACKFILL_AUTO
2026-07-13 10:03:32,1783937012,R_10,4797.448,1,0.16200000000026193,BACKFILL_AUTO
2026-07-13 10:03:34,1783937014,R_10,4797.215,-1,0.23300000000017462,BACKFILL_AUTO
2026-07-13 10:03:36,1783937016,R_10,4797.447,1,0.2319999999999709,BACKFILL_AUTO
2026-07-13 10:03:38,1783937018,R_10,4797.31,-1,0.13699999999971624,BACKFILL_AUTO
2026-07-13 10:03:40,1783937020,R_10,4797.25,-1,0.06000000000040018,BACKFILL_AUTO
2026-07-13 10:03:42,1783937022,R_10,4797.033,-1,0.21699999999964348,BACKFILL_AUTO
2026-07-13 10:03:44,1783937024,R_10,4797.047,1,0.013999999999214197,BACKFILL_AUTO
2026-07-13 10:03:46,1783937026,R_10,4797.101,1,0.05400000000008731,BACKFILL_AUTO
2026-07-13 10:03:48,1783937028,R_10,4796.849,-1,0.25199999999949796,BACKFILL_AUTO
2026-07-13 10:03:50,1783937030,R_10,4796.951,1,0.10199999999986176,BACKFILL_AUTO
2026-07-13 10:03:52,1783937032,R_10,4797.057,1,0.10599999999976717,BACKFILL_AUTO
2026-07-13 10:03:54,1783937034,R_10,4797.128,1,0.07099999999991269,BACKFILL_AUTO
2026-07-13 10:03:56,1783937036,R_10,4797.251,1,0.12300000000050204,BACKFILL_AUTO
2026-07-13 10:03:58,1783937038,R_10,4797.174,-1,0.07700000000022555,BACKFILL_AUTO
2026-07-13 10:04:00,1783937040,R_10,4797.074,-1,0.1000000000003638,BACKFILL_AUTO
2026-07-13 10:04:02,1783937042,R_10,4797.312,1,0.23800000000028376,BACKFILL_AUTO
2026-07-13 10:04:04,1783937044,R_10,4797.333,1,0.02099999999973079,BACKFILL_AUTO
2026-07-13 10:04:06,1783937046,R_10,4797.184,-1,0.14899999999943248,BACKFILL_AUTO
2026-07-13 10:04:08,1783937048,R_10,4797.028,-1,0.15599999999994907,BACKFILL_AUTO
2026-07-13 10:04:10,1783937050,R_10,4796.904,-1,0.12399999999979627,BACKFILL_AUTO
2026-07-13 10:04:12,1783937052,R_10,4796.85,-1,0.05400000000008731,BACKFILL_AUTO
2026-07-13 10:04:14,1783937054,R_10,4796.741,-1,0.10900000000037835,BACKFILL_AUTO
2026-07-13 10:04:16,1783937056,R_10,4796.763,1,0.021999999999934516,BACKFILL_AUTO
2026-07-13 10:04:18,1783937058,R_10,4796.806,1,0.042999999999665306,BACKFILL_AUTO
2026-07-13 10:04:20,1783937060,R_10,4796.809,1,0.0030000000006111804,BACKFILL_AUTO
2026-07-13 10:04:22,1783937062,R_10,4796.792,-1,0.016999999999825377,BACKFILL_AUTO
2026-07-13 10:04:24,1783937064,R_10,4796.708,-1,0.08400000000074215,BACKFILL_AUTO
2026-07-13 10:04:26,1783937066,R_10,4796.608,-1,0.0999999999994543,BACKFILL_AUTO
2026-07-13 10:04:28,1783937068,R_10,4796.646,1,0.03799999999955617,BACKFILL_AUTO
2026-07-13 10:04:30,1783937070,R_10,4796.661,1,0.015000000000327418,BACKFILL_AUTO
2026-07-13 10:04:32,1783937072,R_10,4796.745,1,0.08399999999983265,BACKFILL_AUTO
2026-07-13 10:04:34,1783937074,R_10,4796.741,-1,0.0039999999999054126,BACKFILL_AUTO
2026-07-13 10:04:36,1783937076,R_10,4796.857,1,0.11599999999998545,BACKFILL_AUTO
2026-07-13 10:04:38,1783937078,R_10,4796.665,-1,0.19200000000000728,BACKFILL_AUTO
2026-07-13 10:04:40,1783937080,R_10,4796.718,1,0.052999999999883585,BACKFILL_AUTO
2026-07-13 10:04:42,1783937082,R_10,4796.679,-1,0.03899999999975989,BACKFILL_AUTO
2026-07-13 10:04:44,1783937084,R_10,4796.861,1,0.181999999999789,BACKFILL_AUTO
2026-07-13 10:04:46,1783937086,R_10,4796.976,1,0.11499999999978172,BACKFILL_AUTO
2026-07-13 10:04:48,1783937088,R_10,4797.169,1,0.193000000000211,BACKFILL_AUTO
2026-07-13 10:04:50,1783937090,R_10,4797.243,1,0.07400000000052387,BACKFILL_AUTO
2026-07-13 10:04:52,1783937092,R_10,4797.096,-1,0.147000000000844,BACKFILL_AUTO
2026-07-13 10:04:54,1783937094,R_10,4796.977,-1,0.11899999999968713,BACKFILL_AUTO
2026-07-13 10:04:56,1783937096,R_10,4796.839,-1,0.13799999999991996,BACKFILL_AUTO
2026-07-13 10:04:58,1783937098,R_10,4796.881,1,0.042000000000371074,BACKFILL_AUTO
2026-07-13 10:05:00,1783937100,R_10,4796.935,1,0.05400000000008731,BACKFILL_AUTO
2026-07-13 10:05:02,1783937102,R_10,4796.804,-1,0.13100000000031287,BACKFILL_AUTO
2026-07-13 10:05:04,1783937104,R_10,4796.728,-1,0.07600000000002183,BACKFILL_AUTO
2026-07-13 10:05:06,1783937106,R_10,4796.909,1,0.18099999999958527,BACKFILL_AUTO
2026-07-13 10:05:08,1783937108,R_10,4796.829,-1,0.07999999999992724,BACKFILL_AUTO
2026-07-13 10:05:10,1783937110,R_10,4796.554,-1,0.2749999999996362,BACKFILL_AUTO
2026-07-13 10:05:12,1783937112,R_10,4796.801,1,0.24700000000029831,BACKFILL_AUTO
2026-07-13 10:05:14,1783937114,R_10,4796.726,-1,0.0750000000007276,BACKFILL_AUTO
2026-07-13 10:05:16,1783937116,R_10,4796.805,1,0.07900000000063301,BACKFILL_AUTO
2026-07-13 10:05:18,1783937118,R_10,4796.718,-1,0.08700000000044383,BACKFILL_AUTO
2026-07-13 10:05:20,1783937120,R_10,4796.801,1,0.08300000000053842,BACKFILL_AUTO
2026-07-13 10:05:22,1783937122,R_10,4796.875,1,0.07399999999961437,BACKFILL_AUTO
2026-07-13 10:05:24,1783937124,R_10,4796.832,-1,0.042999999999665306,BACKFILL_AUTO
2026-07-13 10:05:26,1783937126,R_10,4796.854,1,0.021999999999934516,BACKFILL_AUTO
2026-07-13 10:05:28,1783937128,R_10,4796.949,1,0.09499999999934516,BACKFILL_AUTO
2026-07-13 10:05:30,1783937130,R_10,4796.904,-1,0.044999999999163265,BACKFILL_AUTO
2026-07-13 10:05:32,1783937132,R_10,4797.08,1,0.17599999999947613,BACKFILL_AUTO
2026-07-13 10:05:34,1783937134,R_10,4797.101,1,0.02099999999973079,BACKFILL_AUTO
2026-07-13 10:05:36,1783937136,R_10,4797.2,1,0.09900000000016007,BACKFILL_AUTO
2026-07-13 10:05:38,1783937138,R_10,4797.211,1,0.011000000000422006,BACKFILL_AUTO
2026-07-13 10:05:40,1783937140,R_10,4797.317,1,0.10599999999976717,BACKFILL_AUTO
2026-07-13 10:05:42,1783937142,R_10,4797.313,-1,0.0039999999999054126,BACKFILL_AUTO
2026-07-13 10:05:44,1783937144,R_10,4797.496,1,0.18299999999999272,BACKFILL_AUTO
2026-07-13 10:05:46,1783937146,R_10,4797.358,-1,0.13799999999991996,BACKFILL_AUTO
2026-07-13 10:05:48,1783937148,R_10,4797.358,0,0.0,BACKFILL_AUTO
2026-07-13 10:05:50,1783937150,R_10,4797.396,1,0.03799999999955617,BACKFILL_AUTO
2026-07-13 10:05:52,1783937152,R_10,4797.295,-1,0.10099999999965803,BACKFILL_AUTO
2026-07-13 10:05:54,1783937154,R_10,4797.184,-1,0.11099999999987631,BACKFILL_AUTO
2026-07-13 10:05:56,1783937156,R_10,4797.227,1,0.042999999999665306,BACKFILL_AUTO
2026-07-13 10:05:58,1783937158,R_10,4797.182,-1,0.04500000000007276,BACKFILL_AUTO
2026-07-13 10:06:00,1783937160,R_10,4797.217,1,0.03499999999985448,BACKFILL_AUTO
2026-07-13 10:06:02,1783937162,R_10,4797.418,1,0.20100000000002183,BACKFILL_AUTO
2026-07-13 10:06:04,1783937164,R_10,4797.395,-1,0.02299999999922875,BACKFILL_AUTO
2026-07-13 10:06:06,1783937166,R_10,4797.379,-1,0.016000000000531145,BACKFILL_AUTO
2026-07-13 10:06:08,1783937168,R_10,4797.485,1,0.10599999999976717,BACKFILL_AUTO
2026-07-13 10:06:10,1783937170,R_10,4797.399,-1,0.08599999999933061,BACKFILL_AUTO
2026-07-13 10:06:12,1783937172,R_10,4797.503,1,0.10399999999935972,BACKFILL_AUTO
2026-07-13 10:06:14,1783937174,R_10,4797.344,-1,0.15899999999965075,BACKFILL_AUTO
2026-07-13 10:06:16,1783937176,R_10,4797.375,1,0.03099999999994907,BACKFILL_AUTO
2026-07-13 10:06:18,1783937178,R_10,4797.341,-1,0.033999999999650754,BACKFILL_AUTO
2026-07-13 10:06:20,1783937180,R_10,4797.386,1,0.04500000000007276,BACKFILL_AUTO
2026-07-13 10:06:22,1783937182,R_10,4797.559,1,0.17299999999977445,BACKFILL_AUTO
2026-07-13 10:06:24,1783937184,R_10,4797.482,-1,0.07700000000022555,BACKFILL_AUTO
2026-07-13 10:06:26,1783937186,R_10,4797.439,-1,0.042999999999665306,BACKFILL_AUTO
2026-07-13 10:06:28,1783937188,R_10,4797.558,1,0.11899999999968713,BACKFILL_AUTO
2026-07-13 10:06:30,1783937190,R_10,4797.817,1,0.25900000000001455,BACKFILL_AUTO
2026-07-13 10:06:32,1783937192,R_10,4797.743,-1,0.07399999999961437,BACKFILL_AUTO
2026-07-13 10:06:34,1783937194,R_10,4797.872,1,0.1289999999999054,BACKFILL_AUTO
2026-07-13 10:06:36,1783937196,R_10,4797.696,-1,0.17600000000038563,BACKFILL_AUTO
2026-07-13 10:06:38,1783937198,R_10,4797.731,1,0.03499999999985448,BACKFILL_AUTO
2026-07-13 10:06:40,1783937200,R_10,4797.851,1,0.11999999999989086,BACKFILL_AUTO
2026-07-13 10:06:42,1783937202,R_10,4797.966,1,0.11500000000069122,BACKFILL_AUTO
2026-07-13 10:06:44,1783937204,R_10,4798.053,1,0.08699999999953434,BACKFILL_AUTO
2026-07-13 10:06:46,1783937206,R_10,4798.088,1,0.03499999999985448,BACKFILL_AUTO
2026-07-13 10:06:48,1783937208,R_10,4798.276,1,0.18800000000010186,BACKFILL_AUTO
2026-07-13 10:06:50,1783937210,R_10,4798.278,1,0.0020000000004074536,BACKFILL_AUTO
2026-07-13 10:06:52,1783937212,R_10,4798.037,-1,0.24099999999998545,BACKFILL_AUTO
2026-07-13 10:06:54,1783937214,R_10,4797.928,-1,0.10900000000037835,BACKFILL_AUTO
2026-07-13 10:06:56,1783937216,R_10,4797.897,-1,0.03099999999994907,BACKFILL_AUTO
2026-07-13 10:06:58,1783937218,R_10,4797.738,-1,0.15899999999965075,BACKFILL_AUTO
2026-07-13 10:07:00,1783937220,R_10,4797.704,-1,0.03400000000056025,BACKFILL_AUTO
2026-07-13 10:07:02,1783937222,R_10,4797.929,1,0.2250000000003638,BACKFILL_AUTO
2026-07-13 10:07:04,1783937224,R_10,4797.882,-1,0.04700000000048021,BACKFILL_AUTO
2026-07-13 10:07:06,1783937226,R_10,4797.9,1,0.018000000000029104,BACKFILL_AUTO
2026-07-13 10:07:08,1783937228,R_10,4797.784,-1,0.11599999999998545,BACKFILL_AUTO
2026-07-13 10:07:10,1783937230,R_10,4797.957,1,0.17300000000068394,BACKFILL_AUTO
2026-07-13 10:07:12,1783937232,R_10,4797.914,-1,0.0430000000005748,BACKFILL_AUTO
2026-07-13 10:07:14,1783937234,R_10,4797.879,-1,0.03499999999985448,BACKFILL_AUTO
2026-07-13 10:07:16,1783937236,R_10,4798.025,1,0.1459999999997308,BACKFILL_AUTO
2026-07-13 10:07:18,1783937238,R_10,4797.98,-1,0.04500000000007276,BACKFILL_AUTO
2026-07-13 10:07:20,1783937240,R_10,4797.96,-1,0.019999999999527063,BACKFILL_AUTO
2026-07-13 10:07:22,1783937242,R_10,4797.83,-1,0.13000000000010914,BACKFILL_AUTO
2026-07-13 10:07:24,1783937244,R_10,4797.816,-1,0.014000000000123691,BACKFILL_AUTO
2026-07-13 10:07:26,1783937246,R_10,4797.589,-1,0.22699999999986176,BACKFILL_AUTO
2026-07-13 10:07:28,1783937248,R_10,4797.439,-1,0.1499999999996362,BACKFILL_AUTO
2026-07-13 10:07:30,1783937250,R_10,4797.38,-1,0.05900000000019645,BACKFILL_AUTO
2026-07-13 10:07:32,1783937252,R_10,4797.285,-1,0.09500000000025466,BACKFILL_AUTO
2026-07-13 10:07:34,1783937254,R_10,4797.286,1,0.0010000000002037268,BACKFILL_AUTO
2026-07-13 10:07:36,1783937256,R_10,4797.228,-1,0.057999999999992724,BACKFILL_AUTO
2026-07-13 10:07:38,1783937258,R_10,4797.465,1,0.23700000000008004,BACKFILL_AUTO
2026-07-13 10:07:40,1783937260,R_10,4797.578,1,0.11300000000028376,BACKFILL_AUTO
2026-07-13 10:07:42,1783937262,R_10,4797.462,-1,0.11599999999998545,BACKFILL_AUTO
2026-07-13 10:07:44,1783937264,R_10,4797.631,1,0.16899999999986903,BACKFILL_AUTO
2026-07-13 10:07:46,1783937266,R_10,4797.556,-1,0.0750000000007276,BACKFILL_AUTO
2026-07-13 10:07:48,1783937268,R_10,4797.541,-1,0.014999999999417923,BACKFILL_AUTO
2026-07-13 10:07:50,1783937270,R_10,4797.738,1,0.19700000000011642,BACKFILL_AUTO
2026-07-13 10:07:52,1783937272,R_10,4797.659,-1,0.07900000000063301,BACKFILL_AUTO
2026-07-13 10:07:54,1783937274,R_10,4797.744,1,0.08500000000003638,BACKFILL_AUTO
2026-07-13 10:07:56,1783937276,R_10,4797.929,1,0.18500000000040018,BACKFILL_AUTO
2026-07-13 10:07:58,1783937278,R_10,4798.119,1,0.18999999999959982,BACKFILL_AUTO
2026-07-13 10:08:00,1783937280,R_10,4798.362,1,0.2430000000003929,BACKFILL_AUTO
2026-07-13 10:08:02,1783937282,R_10,4798.394,1,0.032000000000152795,BACKFILL_AUTO
2026-07-13 10:08:04,1783937284,R_10,4798.492,1,0.09799999999995634,BACKFILL_AUTO
2026-07-13 10:08:06,1783937286,R_10,4798.768,1,0.27599999999983993,BACKFILL_AUTO
2026-07-13 10:08:08,1783937288,R_10,4798.683,-1,0.08500000000003638,BACKFILL_AUTO
2026-07-13 10:08:10,1783937290,R_10,4798.783,1,0.1000000000003638,BACKFILL_AUTO
2026-07-13 10:08:12,1783937292,R_10,4798.847,1,0.0639999999993961,BACKFILL_AUTO
2026-07-13 10:08:14,1783937294,R_10,4798.948,1,0.10100000000056752,BACKFILL_AUTO
2026-07-13 10:08:16,1783937296,R_10,4799.059,1,0.11099999999987631,BACKFILL_AUTO
2026-07-13 10:08:18,1783937298,R_10,4799.23,1,0.170999999999367,BACKFILL_AUTO
2026-07-13 10:08:20,1783937300,R_10,4799.288,1,0.057999999999992724,BACKFILL_AUTO
2026-07-13 10:08:22,1783937302,R_10,4799.407,1,0.11900000000059663,BACKFILL_AUTO
2026-07-13 10:08:24,1783937304,R_10,4799.476,1,0.06899999999950523,BACKFILL_AUTO
2026-07-13 10:08:26,1783937306,R_10,4799.54,1,0.06400000000030559,BACKFILL_AUTO
2026-07-13 10:08:28,1783937308,R_10,4799.605,1,0.06499999999959982,BACKFILL_AUTO
2026-07-13 10:08:30,1783937310,R_10,4799.601,-1,0.0039999999999054126,BACKFILL_AUTO
2026-07-13 10:08:32,1783937312,R_10,4799.624,1,0.023000000000138243,BACKFILL_AUTO
2026-07-13 10:08:34,1783937314,R_10,4799.596,-1,0.028000000000247383,BACKFILL_AUTO
2026-07-13 10:08:36,1783937316,R_10,4799.808,1,0.21200000000044383,BACKFILL_AUTO
2026-07-13 10:08:38,1783937318,R_10,4799.997,1,0.1890000000003056,BACKFILL_AUTO
2026-07-13 10:08:40,1783937320,R_10,4800.186,1,0.1889999999993961,BACKFILL_AUTO
2026-07-13 10:08:42,1783937322,R_10,4800.111,-1,0.0749999999998181,BACKFILL_AUTO
2026-07-13 10:08:44,1783937324,R_10,4800.053,-1,0.057999999999992724,BACKFILL_AUTO
2026-07-13 10:08:46,1783937326,R_10,4799.94,-1,0.11300000000028376,BACKFILL_AUTO
2026-07-13 10:08:48,1783937328,R_10,4800.008,1,0.068000000000211,BACKFILL_AUTO
2026-07-13 10:08:50,1783937330,R_10,4800.19,1,0.181999999999789,BACKFILL_AUTO
2026-07-13 10:08:52,1783937332,R_10,4800.196,1,0.006000000000312866,BACKFILL_AUTO
2026-07-13 10:08:54,1783937334,R_10,4800.134,-1,0.06199999999989814,BACKFILL_AUTO
2026-07-13 10:08:56,1783937336,R_10,4800.109,-1,0.024999999999636202,BACKFILL_AUTO
2026-07-13 10:08:58,1783937338,R_10,4800.124,1,0.014999999999417923,BACKFILL_AUTO
2026-07-13 10:09:00,1783937340,R_10,4800.186,1,0.06199999999989814,BACKFILL_AUTO
2026-07-13 10:09:02,1783937342,R_10,4800.159,-1,0.027000000000043656,BACKFILL_AUTO
2026-07-13 10:09:04,1783937344,R_10,4800.349,1,0.19000000000050932,BACKFILL_AUTO
2026-07-13 10:09:06,1783937346,R_10,4800.452,1,0.10300000000006548,BACKFILL_AUTO
2026-07-13 10:09:08,1783937348,R_10,4800.509,1,0.056999999999789,BACKFILL_AUTO
2026-07-13 10:09:10,1783937350,R_10,4800.9,1,0.39099999999962165,BACKFILL_AUTO
2026-07-13 10:09:12,1783937352,R_10,4800.936,1,0.03600000000005821,BACKFILL_AUTO
2026-07-13 10:09:14,1783937354,R_10,4800.967,1,0.03099999999994907,BACKFILL_AUTO
2026-07-13 10:09:16,1783937356,R_10,4801.061,1,0.09400000000005093,BACKFILL_AUTO
2026-07-13 10:09:18,1783937358,R_10,4801.216,1,0.15500000000065484,BACKFILL_AUTO
2026-07-13 10:09:20,1783937360,R_10,4801.232,1,0.01599999999962165,BACKFILL_AUTO
2026-07-13 10:09:22,1783937362,R_10,4801.255,1,0.023000000000138243,BACKFILL_AUTO
2026-07-13 10:09:24,1783937364,R_10,4801.181,-1,0.07400000000052387,BACKFILL_AUTO
2026-07-13 10:09:26,1783937366,R_10,4801.269,1,0.08800000000064756,BACKFILL_AUTO
2026-07-13 10:09:28,1783937368,R_10,4801.251,-1,0.018000000000029104,BACKFILL_AUTO
2026-07-13 10:09:30,1783937370,R_10,4801.343,1,0.09199999999964348,BACKFILL_AUTO
2026-07-13 10:09:32,1783937372,R_10,4801.349,1,0.006000000000312866,BACKFILL_AUTO
2026-07-13 10:09:34,1783937374,R_10,4801.326,-1,0.023000000000138243,BACKFILL_AUTO
2026-07-13 10:09:36,1783937376,R_10,4801.357,1,0.03099999999994907,BACKFILL_AUTO
2026-07-13 10:09:38,1783937378,R_10,4801.476,1,0.11899999999968713,BACKFILL_AUTO
2026-07-13 10:09:40,1783937380,R_10,4801.571,1,0.09500000000025466,BACKFILL_AUTO
2026-07-13 10:09:42,1783937382,R_10,4801.57,-1,0.0010000000002037268,BACKFILL_AUTO
2026-07-13 10:09:44,1783937384,R_10,4801.422,-1,0.14800000000013824,BACKFILL_AUTO
2026-07-13 10:09:46,1783937386,R_10,4801.465,1,0.0430000000005748,BACKFILL_AUTO
2026-07-13 10:09:48,1783937388,R_10,4801.35,-1,0.11499999999978172,BACKFILL_AUTO
2026-07-13 10:09:50,1783937390,R_10,4801.334,-1,0.016000000000531145,BACKFILL_AUTO
2026-07-13 10:09:52,1783937392,R_10,4801.205,-1,0.1289999999999054,BACKFILL_AUTO
2026-07-13 10:09:54,1783937394,R_10,4801.168,-1,0.037000000000261934,BACKFILL_AUTO
2026-07-13 10:09:56,1783937396,R_10,4801.128,-1,0.03999999999996362,BACKFILL_AUTO
2026-07-13 10:09:58,1783937398,R_10,4801.131,1,0.0030000000006111804,BACKFILL_AUTO
2026-07-13 10:10:00,1783937400,R_10,4800.993,-1,0.13799999999991996,BACKFILL_AUTO
2026-07-13 10:10:02,1783937402,R_10,4801.135,1,0.14199999999982538,BACKFILL_AUTO
2026-07-13 10:10:04,1783937404,R_10,4801.185,1,0.0500000000001819,BACKFILL_AUTO
2026-07-13 10:10:06,1783937406,R_10,4801.101,-1,0.08400000000074215,BACKFILL_AUTO
2026-07-13 10:10:08,1783937408,R_10,4801.056,-1,0.04500000000007276,BACKFILL_AUTO
2026-07-13 10:10:10,1783937410,R_10,4801.1,1,0.04400000000077853,BACKFILL_AUTO
2026-07-13 10:10:12,1783937412,R_10,4801.077,-1,0.023000000000138243,BACKFILL_AUTO
2026-07-13 10:10:14,1783937414,R_10,4801.074,-1,0.0030000000006111804,BACKFILL_AUTO
2026-07-13 10:10:16,1783937416,R_10,4801.078,1,0.004000000000814907,BACKFILL_AUTO
2026-07-13 10:10:18,1783937418,R_10,4801.125,1,0.04699999999957072,BACKFILL_AUTO
2026-07-13 10:10:20,1783937420,R_10,4801.414,1,0.2889999999997599,BACKFILL_AUTO
2026-07-13 10:10:22,1783937422,R_10,4801.495,1,0.08100000000013097,BACKFILL_AUTO
2026-07-13 10:10:24,1783937424,R_10,4801.641,1,0.1459999999997308,BACKFILL_AUTO
2026-07-13 10:10:26,1783937426,R_10,4801.864,1,0.22299999999995634,BACKFILL_AUTO
2026-07-13 10:10:28,1783937428,R_10,4801.813,-1,0.05099999999947613,BACKFILL_AUTO
2026-07-13 10:10:30,1783937430,R_10,4801.708,-1,0.10500000000047294,BACKFILL_AUTO
2026-07-13 10:10:32,1783937432,R_10,4801.712,1,0.004000000000814907,BACKFILL_AUTO
2026-07-13 10:10:34,1783937434,R_10,4801.698,-1,0.014000000000123691,BACKFILL_AUTO
2026-07-13 10:10:36,1783937436,R_10,4801.562,-1,0.136000000000422,BACKFILL_AUTO
2026-07-13 10:10:38,1783937438,R_10,4801.493,-1,0.06899999999950523,BACKFILL_AUTO
2026-07-13 10:10:40,1783937440,R_10,4801.477,-1,0.016000000000531145,BACKFILL_AUTO
2026-07-13 10:10:42,1783937442,R_10,4801.525,1,0.047999999999774445,BACKFILL_AUTO
2026-07-13 10:10:44,1783937444,R_10,4801.485,-1,0.03999999999996362,BACKFILL_AUTO
2026-07-13 10:10:46,1783937446,R_10,4801.466,-1,0.018999999999323336,BACKFILL_AUTO
2026-07-13 10:10:48,1783937448,R_10,4801.362,-1,0.10400000000026921,BACKFILL_AUTO
2026-07-13 10:10:50,1783937450,R_10,4801.316,-1,0.046000000000276486,BACKFILL_AUTO
2026-07-13 10:10:52,1783937452,R_10,4801.295,-1,0.02099999999973079,BACKFILL_AUTO
2026-07-13 10:10:54,1783937454,R_10,4801.296,1,0.0010000000002037268,BACKFILL_AUTO
2026-07-13 10:10:56,1783937456,R_10,4801.339,1,0.042999999999665306,BACKFILL_AUTO
2026-07-13 10:10:58,1783937458,R_10,4801.276,-1,0.06300000000010186,BACKFILL_AUTO
2026-07-13 10:11:00,1783937460,R_10,4801.375,1,0.09900000000016007,BACKFILL_AUTO
2026-07-13 10:11:02,1783937462,R_10,4801.393,1,0.018000000000029104,BACKFILL_AUTO
2026-07-13 10:11:04,1783937464,R_10,4801.235,-1,0.15800000000035652,BACKFILL_AUTO
2026-07-13 10:11:06,1783937466,R_10,4801.409,1,0.17399999999997817,BACKFILL_AUTO
2026-07-13 10:11:08,1783937468,R_10,4801.301,-1,0.10799999999926513,BACKFILL_AUTO
2026-07-13 10:11:10,1783937470,R_10,4801.312,1,0.01099999999951251,BACKFILL_AUTO
2026-07-13 10:11:12,1783937472,R_10,4801.355,1,0.042999999999665306,BACKFILL_AUTO
2026-07-13 10:11:14,1783937474,R_10,4801.299,-1,0.05599999999958527,BACKFILL_AUTO
2026-07-13 10:11:16,1783937476,R_10,4801.093,-1,0.20600000000013097,BACKFILL_AUTO
2026-07-13 10:11:18,1783937478,R_10,4801.042,-1,0.05099999999947613,BACKFILL_AUTO
2026-07-13 10:11:20,1783937480,R_10,4801.163,1,0.12099999999918509,BACKFILL_AUTO
2026-07-13 10:11:22,1783937482,R_10,4801.045,-1,0.11799999999948341,BACKFILL_AUTO
2026-07-13 10:11:24,1783937484,R_10,4801.026,-1,0.01900000000023283,BACKFILL_AUTO
2026-07-13 10:11:26,1783937486,R_10,4801.187,1,0.1610000000000582,BACKFILL_AUTO
2026-07-13 10:11:28,1783937488,R_10,4801.052,-1,0.13500000000021828,BACKFILL_AUTO
2026-07-13 10:11:30,1783937490,R_10,4801.202,1,0.1500000000005457,BACKFILL_AUTO
2026-07-13 10:11:32,1783937492,R_10,4801.172,-1,0.030000000000654836,BACKFILL_AUTO
2026-07-13 10:11:34,1783937494,R_10,4801.127,-1,0.044999999999163265,BACKFILL_AUTO
2026-07-13 10:11:36,1783937496,R_10,4801.06,-1,0.06700000000000728,BACKFILL_AUTO
2026-07-13 10:11:38,1783937498,R_10,4801.151,1,0.09099999999943975,BACKFILL_AUTO
2026-07-13 10:11:40,1783937500,R_10,4801.176,1,0.025000000000545697,BACKFILL_AUTO
2026-07-13 10:11:42,1783937502,R_10,4800.89,-1,0.2860000000000582,BACKFILL_AUTO
2026-07-13 10:11:44,1783937504,R_10,4800.828,-1,0.06199999999989814,BACKFILL_AUTO
2026-07-13 10:11:46,1783937506,R_10,4800.75,-1,0.07800000000042928,BACKFILL_AUTO
2026-07-13 10:11:48,1783937508,R_10,4800.749,-1,0.0010000000002037268,BACKFILL_AUTO
2026-07-13 10:11:50,1783937510,R_10,4800.574,-1,0.1750000000001819,BACKFILL_AUTO
2026-07-13 10:11:52,1783937512,R_10,4800.498,-1,0.07600000000002183,BACKFILL_AUTO
2026-07-13 10:11:54,1783937514,R_10,4800.37,-1,0.12799999999970169,BACKFILL_AUTO
2026-07-13 10:11:56,1783937516,R_10,4800.312,-1,0.057999999999992724,BACKFILL_AUTO
2026-07-13 10:11:58,1783937518,R_10,4800.27,-1,0.04199999999946158,BACKFILL_AUTO
2026-07-13 10:12:00,1783937520,R_10,4800.235,-1,0.035000000000763976,BACKFILL_AUTO
2026-07-13 10:12:02,1783937522,R_10,4800.201,-1,0.033999999999650754,BACKFILL_AUTO
2026-07-13 10:12:04,1783937524,R_10,4800.185,-1,0.01599999999962165,BACKFILL_AUTO
2026-07-13 10:12:06,1783937526,R_10,4800.143,-1,0.042000000000371074,BACKFILL_AUTO
2026-07-13 10:12:08,1783937528,R_10,4800.061,-1,0.0820000000003347,BACKFILL_AUTO
2026-07-13 10:12:10,1783937530,R_10,4799.908,-1,0.1529999999993379,BACKFILL_AUTO
2026-07-13 10:12:12,1783937532,R_10,4799.993,1,0.08500000000003638,BACKFILL_AUTO
2026-07-13 10:12:14,1783937534,R_10,4800.015,1,0.021999999999934516,BACKFILL_AUTO
2026-07-13 10:12:16,1783937536,R_10,4799.935,-1,0.07999999999992724,BACKFILL_AUTO
2026-07-13 10:12:18,1783937538,R_10,4799.704,-1,0.23100000000067666,BACKFILL_AUTO
2026-07-13 10:12:20,1783937540,R_10,4799.763,1,0.05900000000019645,BACKFILL_AUTO
2026-07-13 10:12:22,1783937542,R_10,4799.972,1,0.20899999999983265,BACKFILL_AUTO
2026-07-13 10:12:24,1783937544,R_10,4800.071,1,0.09900000000016007,BACKFILL_AUTO
2026-07-13 10:12:26,1783937546,R_10,4799.989,-1,0.0820000000003347,BACKFILL_AUTO
2026-07-13 10:12:28,1783937548,R_10,4800.078,1,0.08900000000085129,BACKFILL_AUTO
2026-07-13 10:12:30,1783937550,R_10,4799.911,-1,0.16700000000037107,BACKFILL_AUTO
2026-07-13 10:12:32,1783937552,R_10,4799.79,-1,0.12100000000009459,BACKFILL_AUTO
2026-07-13 10:12:34,1783937554,R_10,4799.809,1,0.01900000000023283,BACKFILL_AUTO
2026-07-13 10:12:36,1783937556,R_10,4799.745,-1,0.06400000000030559,BACKFILL_AUTO
2026-07-13 10:12:38,1783937558,R_10,4799.703,-1,0.04199999999946158,BACKFILL_AUTO
2026-07-13 10:12:40,1783937560,R_10,4799.739,1,0.03599999999914871,BACKFILL_AUTO
2026-07-13 10:12:42,1783937562,R_10,4799.623,-1,0.11599999999998545,BACKFILL_AUTO
2026-07-13 10:12:44,1783937564,R_10,4799.58,-1,0.042999999999665306,BACKFILL_AUTO
2026-07-13 10:12:46,1783937566,R_10,4799.465,-1,0.11499999999978172,BACKFILL_AUTO
2026-07-13 10:12:48,1783937568,R_10,4799.43,-1,0.03499999999985448,BACKFILL_AUTO
2026-07-13 10:12:50,1783937570,R_10,4799.54,1,0.10999999999967258,BACKFILL_AUTO
2026-07-13 10:12:52,1783937572,R_10,4799.553,1,0.012999999999919964,BACKFILL_AUTO
2026-07-13 10:12:54,1783937574,R_10,4799.375,-1,0.17799999999988358,BACKFILL_AUTO
2026-07-13 10:12:56,1783937576,R_10,4799.312,-1,0.06300000000010186,BACKFILL_AUTO
2026-07-13 10:12:58,1783937578,R_10,4799.481,1,0.16899999999986903,BACKFILL_AUTO
2026-07-13 10:13:00,1783937580,R_10,4799.474,-1,0.006999999999607098,BACKFILL_AUTO
2026-07-13 10:13:02,1783937582,R_10,4799.49,1,0.01599999999962165,BACKFILL_AUTO
2026-07-13 10:13:04,1783937584,R_10,4799.521,1,0.03099999999994907,BACKFILL_AUTO
2026-07-13 10:13:06,1783937586,R_10,4799.439,-1,0.0819999999994252,BACKFILL_AUTO
2026-07-13 10:13:08,1783937588,R_10,4799.265,-1,0.17399999999997817,BACKFILL_AUTO
2026-07-13 10:13:10,1783937590,R_10,4799.225,-1,0.03999999999996362,BACKFILL_AUTO
2026-07-13 10:13:12,1783937592,R_10,4799.331,1,0.10599999999976717,BACKFILL_AUTO
2026-07-13 10:13:14,1783937594,R_10,4799.363,1,0.032000000000152795,BACKFILL_AUTO
2026-07-13 10:13:16,1783937596,R_10,4799.436,1,0.07299999999941065,BACKFILL_AUTO
2026-07-13 10:13:18,1783937598,R_10,4799.655,1,0.21900000000005093,BACKFILL_AUTO
2026-07-13 10:13:20,1783937600,R_10,4799.527,-1,0.12799999999970169,BACKFILL_AUTO
2026-07-13 10:13:22,1783937602,R_10,4799.463,-1,0.06400000000030559,BACKFILL_AUTO
2026-07-13 10:13:24,1783937604,R_10,4799.234,-1,0.22899999999935972,BACKFILL_AUTO
2026-07-13 10:13:26,1783937606,R_10,4799.205,-1,0.02900000000045111,BACKFILL_AUTO
2026-07-13 10:13:28,1783937608,R_10,4799.201,-1,0.0039999999999054126,BACKFILL_AUTO
2026-07-13 10:13:30,1783937610,R_10,4799.258,1,0.056999999999789,BACKFILL_AUTO
2026-07-13 10:13:32,1783937612,R_10,4799.181,-1,0.07700000000022555,BACKFILL_AUTO
2026-07-13 10:13:34,1783937614,R_10,4799.405,1,0.22400000000016007,BACKFILL_AUTO
2026-07-13 10:13:36,1783937616,R_10,4799.597,1,0.19200000000000728,BACKFILL_AUTO
2026-07-13 10:13:38,1783937618,R_10,4799.514,-1,0.08299999999962893,BACKFILL_AUTO
2026-07-13 10:13:40,1783937620,R_10,4799.677,1,0.16299999999955617,BACKFILL_AUTO
2026-07-13 10:13:42,1783937622,R_10,4799.573,-1,0.10399999999935972,BACKFILL_AUTO
2026-07-13 10:13:44,1783937624,R_10,4799.492,-1,0.08100000000013097,BACKFILL_AUTO
2026-07-13 10:13:46,1783937626,R_10,4799.654,1,0.16200000000026193,BACKFILL_AUTO
2026-07-13 10:13:48,1783937628,R_10,4799.859,1,0.20499999999992724,BACKFILL_AUTO
2026-07-13 10:13:50,1783937630,R_10,4799.792,-1,0.06700000000000728,BACKFILL_AUTO
2026-07-13 10:13:52,1783937632,R_10,4799.896,1,0.10399999999935972,BACKFILL_AUTO
2026-07-13 10:13:54,1783937634,R_10,4799.894,-1,0.001999999999497959,BACKFILL_AUTO
2026-07-13 10:13:56,1783937636,R_10,4800.01,1,0.11599999999998545,BACKFILL_AUTO
2026-07-13 10:13:58,1783937638,R_10,4799.966,-1,0.04399999999986903,BACKFILL_AUTO
2026-07-13 10:14:00,1783937640,R_10,4799.919,-1,0.04700000000048021,BACKFILL_AUTO
2026-07-13 10:14:02,1783937642,R_10,4799.898,-1,0.02099999999973079,BACKFILL_AUTO
2026-07-13 10:14:04,1783937644,R_10,4800.048,1,0.1499999999996362,BACKFILL_AUTO
2026-07-13 10:14:06,1783937646,R_10,4800.033,-1,0.014999999999417923,BACKFILL_AUTO
2026-07-13 10:14:08,1783937648,R_10,4799.96,-1,0.07300000000032014,BACKFILL_AUTO
2026-07-13 10:14:10,1783937650,R_10,4799.764,-1,0.1959999999999127,BACKFILL_AUTO
2026-07-13 10:14:12,1783937652,R_10,4799.678,-1,0.0860000000002401,BACKFILL_AUTO
2026-07-13 10:14:14,1783937654,R_10,4799.678,0,0.0,BACKFILL_AUTO
2026-07-13 10:14:16,1783937656,R_10,4799.635,-1,0.042999999999665306,BACKFILL_AUTO
2026-07-13 10:14:18,1783937658,R_10,4799.696,1,0.06099999999969441,BACKFILL_AUTO
2026-07-13 10:14:20,1783937660,R_10,4799.537,-1,0.15899999999965075,BACKFILL_AUTO
2026-07-13 10:14:22,1783937662,R_10,4799.459,-1,0.07800000000042928,BACKFILL_AUTO
2026-07-13 10:14:24,1783937664,R_10,4799.291,-1,0.1679999999996653,BACKFILL_AUTO
2026-07-13 10:14:26,1783937666,R_10,4799.366,1,0.0749999999998181,BACKFILL_AUTO
2026-07-13 10:14:28,1783937668,R_10,4799.407,1,0.04100000000016735,BACKFILL_AUTO
2026-07-13 10:14:30,1783937670,R_10,4799.384,-1,0.023000000000138243,BACKFILL_AUTO
2026-07-13 10:14:32,1783937672,R_10,4799.419,1,0.03499999999985448,BACKFILL_AUTO
2026-07-13 10:14:34,1783937674,R_10,4799.61,1,0.19099999999980355,BACKFILL_AUTO
2026-07-13 10:14:36,1783937676,R_10,4799.668,1,0.057999999999992724,BACKFILL_AUTO
2026-07-13 10:14:38,1783937678,R_10,4799.617,-1,0.05099999999947613,BACKFILL_AUTO
2026-07-13 10:14:40,1783937680,R_10,4799.74,1,0.12299999999959255,BACKFILL_AUTO
2026-07-13 10:14:42,1783937682,R_10,4799.721,-1,0.01900000000023283,BACKFILL_AUTO
2026-07-13 10:14:44,1783937684,R_10,4799.711,-1,0.009999999999308784,BACKFILL_AUTO
2026-07-13 10:14:46,1783937686,R_10,4799.67,-1,0.04100000000016735,BACKFILL_AUTO
2026-07-13 10:14:48,1783937688,R_10,4799.72,1,0.0500000000001819,BACKFILL_AUTO
2026-07-13 10:14:50,1783937690,R_10,4799.825,1,0.10499999999956344,BACKFILL_AUTO
2026-07-13 10:14:52,1783937692,R_10,4799.944,1,0.11900000000059663,BACKFILL_AUTO
2026-07-13 10:14:54,1783937694,R_10,4799.643,-1,0.3010000000003856,BACKFILL_AUTO
2026-07-13 10:14:56,1783937696,R_10,4799.607,-1,0.03600000000005821,BACKFILL_AUTO
2026-07-13 10:14:58,1783937698,R_10,4799.498,-1,0.10900000000037835,BACKFILL_AUTO
2026-07-13 10:15:00,1783937700,R_10,4799.513,1,0.015000000000327418,BACKFILL_AUTO
2026-07-13 10:15:02,1783937702,R_10,4799.59,1,0.07700000000022555,BACKFILL_AUTO
2026-07-13 10:15:04,1783937704,R_10,4799.623,1,0.03299999999944703,BACKFILL_AUTO
2026-07-13 10:15:06,1783937706,R_10,4799.614,-1,0.009000000000014552,BACKFILL_AUTO
2026-07-13 10:15:08,1783937708,R_10,4799.496,-1,0.11799999999948341,BACKFILL_AUTO
2026-07-13 10:15:10,1783937710,R_10,4799.377,-1,0.11899999999968713,BACKFILL_AUTO
2026-07-13 10:15:12,1783937712,R_10,4799.535,1,0.15799999999944703,BACKFILL_AUTO
2026-07-13 10:15:14,1783937714,R_10,4799.447,-1,0.08799999999973807,BACKFILL_AUTO
2026-07-13 10:15:16,1783937716,R_10,4799.18,-1,0.2669999999998254,BACKFILL_AUTO
2026-07-13 10:15:18,1783937718,R_10,4799.229,1,0.04899999999997817,BACKFILL_AUTO
2026-07-13 10:15:20,1783937720,R_10,4799.054,-1,0.1750000000001819,BACKFILL_AUTO
2026-07-13 10:15:22,1783937722,R_10,4798.832,-1,0.22199999999975262,BACKFILL_AUTO
2026-07-13 10:15:24,1783937724,R_10,4799.053,1,0.2209999999995489,BACKFILL_AUTO
2026-07-13 10:15:26,1783937726,R_10,4799.07,1,0.016999999999825377,BACKFILL_AUTO
2026-07-13 10:15:28,1783937728,R_10,4799.022,-1,0.047999999999774445,BACKFILL_AUTO
2026-07-13 10:15:30,1783937730,R_10,4798.892,-1,0.13000000000010914,BACKFILL_AUTO
2026-07-13 10:15:32,1783937732,R_10,4798.956,1,0.06400000000030559,BACKFILL_AUTO
2026-07-13 10:15:34,1783937734,R_10,4799.011,1,0.05500000000029104,BACKFILL_AUTO
2026-07-13 10:15:36,1783937736,R_10,4798.864,-1,0.147000000000844,BACKFILL_AUTO
2026-07-13 10:15:38,1783937738,R_10,4798.906,1,0.042000000000371074,BACKFILL_AUTO
2026-07-13 10:15:40,1783937740,R_10,4798.997,1,0.09100000000034925,BACKFILL_AUTO
2026-07-13 10:15:42,1783937742,R_10,4799.142,1,0.14499999999952706,BACKFILL_AUTO
2026-07-13 10:15:44,1783937744,R_10,4799.277,1,0.13500000000021828,BACKFILL_AUTO
2026-07-13 10:15:46,1783937746,R_10,4799.267,-1,0.010000000000218279,BACKFILL_AUTO
2026-07-13 10:15:48,1783937748,R_10,4799.388,1,0.12100000000009459,BACKFILL_AUTO
2026-07-13 10:15:50,1783937750,R_10,4799.178,-1,0.21000000000003638,BACKFILL_AUTO
2026-07-13 10:15:52,1783937752,R_10,4799.059,-1,0.11899999999968713,BACKFILL_AUTO
2026-07-13 10:15:54,1783937754,R_10,4799.177,1,0.11799999999948341,BACKFILL_AUTO
2026-07-13 10:15:56,1783937756,R_10,4799.278,1,0.10100000000056752,BACKFILL_AUTO
2026-07-13 10:15:58,1783937758,R_10,4799.236,-1,0.042000000000371074,BACKFILL_AUTO
2026-07-13 10:16:00,1783937760,R_10,4799.121,-1,0.11499999999978172,BACKFILL_AUTO
2026-07-13 10:16:02,1783937762,R_10,4799.248,1,0.12699999999949796,BACKFILL_AUTO
2026-07-13 10:16:04,1783937764,R_10,4799.246,-1,0.001999999999497959,BACKFILL_AUTO
2026-07-13 10:16:06,1783937766,R_10,4799.13,-1,0.11599999999998545,BACKFILL_AUTO
2026-07-13 10:16:08,1783937768,R_10,4799.291,1,0.1610000000000582,BACKFILL_AUTO
2026-07-13 10:16:10,1783937770,R_10,4799.224,-1,0.06700000000000728,BACKFILL_AUTO
2026-07-13 10:16:12,1783937772,R_10,4799.177,-1,0.04700000000048021,BACKFILL_AUTO
2026-07-13 10:16:14,1783937774,R_10,4799.317,1,0.14000000000032742,BACKFILL_AUTO
2026-07-13 10:16:16,1783937776,R_10,4799.217,-1,0.1000000000003638,BACKFILL_AUTO
2026-07-13 10:16:18,1783937778,R_10,4799.496,1,0.2790000000004511,BACKFILL_AUTO
2026-07-13 10:16:20,1783937780,R_10,4799.311,-1,0.18500000000040018,BACKFILL_AUTO
2026-07-13 10:16:22,1783937782,R_10,4799.421,1,0.11000000000058208,BACKFILL_AUTO
2026-07-13 10:16:24,1783937784,R_10,4799.487,1,0.06599999999980355,BACKFILL_AUTO
2026-07-13 10:16:26,1783937786,R_10,4799.205,-1,0.2820000000001528,BACKFILL_AUTO
2026-07-13 10:16:28,1783937788,R_10,4799.165,-1,0.03999999999996362,BACKFILL_AUTO
2026-07-13 10:16:30,1783937790,R_10,4799.252,1,0.08700000000044383,BACKFILL_AUTO
2026-07-13 10:16:32,1783937792,R_10,4799.139,-1,0.11300000000028376,BACKFILL_AUTO
2026-07-13 10:16:34,1783937794,R_10,4799.177,1,0.03799999999955617,BACKFILL_AUTO
2026-07-13 10:16:36,1783937796,R_10,4799.305,1,0.12800000000061118,BACKFILL_AUTO
2026-07-13 10:16:38,1783937798,R_10,4799.317,1,0.011999999999716238,BACKFILL_AUTO
2026-07-13 10:16:40,1783937800,R_10,4799.249,-1,0.068000000000211,BACKFILL_AUTO
2026-07-13 10:16:42,1783937802,R_10,4799.25,1,0.0010000000002037268,BACKFILL_AUTO
2026-07-13 10:16:44,1783937804,R_10,4799.201,-1,0.04899999999997817,BACKFILL_AUTO
2026-07-13 10:16:46,1783937806,R_10,4799.219,1,0.018000000000029104,BACKFILL_AUTO
2026-07-13 10:16:48,1783937808,R_10,4799.229,1,0.010000000000218279,BACKFILL_AUTO
2026-07-13 10:16:50,1783937810,R_10,4799.315,1,0.08599999999933061,BACKFILL_AUTO
2026-07-13 10:16:52,1783937812,R_10,4799.243,-1,0.07199999999920692,BACKFILL_AUTO
2026-07-13 10:16:54,1783937814,R_10,4799.294,1,0.05099999999947613,BACKFILL_AUTO
2026-07-13 10:16:56,1783937816,R_10,4799.44,1,0.1459999999997308,BACKFILL_AUTO
2026-07-13 10:16:58,1783937818,R_10,4799.363,-1,0.07699999999931606,BACKFILL_AUTO
2026-07-13 10:17:00,1783937820,R_10,4799.165,-1,0.19800000000032014,BACKFILL_AUTO
2026-07-13 10:17:02,1783937822,R_10,4799.38,1,0.21500000000014552,BACKFILL_AUTO
2026-07-13 10:17:04,1783937824,R_10,4799.474,1,0.09400000000005093,BACKFILL_AUTO
2026-07-13 10:17:06,1783937826,R_10,4799.368,-1,0.10599999999976717,BACKFILL_AUTO
2026-07-13 10:17:08,1783937828,R_10,4799.169,-1,0.19900000000052387,BACKFILL_AUTO
2026-07-13 10:17:10,1783937830,R_10,4798.938,-1,0.23099999999976717,BACKFILL_AUTO
2026-07-13 10:17:12,1783937832,R_10,4799.017,1,0.07899999999972351,BACKFILL_AUTO
2026-07-13 10:17:14,1783937834,R_10,4798.978,-1,0.03899999999975989,BACKFILL_AUTO
2026-07-13 10:17:16,1783937836,R_10,4799.035,1,0.056999999999789,BACKFILL_AUTO
2026-07-13 10:17:18,1783937838,R_10,4798.975,-1,0.05999999999949068,BACKFILL_AUTO
2026-07-13 10:17:20,1783937840,R_10,4799.054,1,0.07899999999972351,BACKFILL_AUTO
2026-07-13 10:17:22,1783937842,R_10,4799.172,1,0.11799999999948341,BACKFILL_AUTO
2026-07-13 10:17:24,1783937844,R_10,4799.106,-1,0.06599999999980355,BACKFILL_AUTO
2026-07-13 10:17:26,1783937846,R_10,4798.969,-1,0.13699999999971624,BACKFILL_AUTO
2026-07-13 10:17:28,1783937848,R_10,4799.015,1,0.046000000000276486,BACKFILL_AUTO
2026-07-13 10:17:30,1783937850,R_10,4799.177,1,0.16199999999935244,BACKFILL_AUTO
2026-07-13 10:17:32,1783937852,R_10,4799.156,-1,0.02099999999973079,BACKFILL_AUTO
2026-07-13 10:17:34,1783937854,R_10,4799.295,1,0.1390000000001237,BACKFILL_AUTO
2026-07-13 10:17:36,1783937856,R_10,4799.259,-1,0.03600000000005821,BACKFILL_AUTO
2026-07-13 10:17:38,1783937858,R_10,4799.18,-1,0.07899999999972351,BACKFILL_AUTO
2026-07-13 10:17:40,1783937860,R_10,4799.183,1,0.0029999999997016857,BACKFILL_AUTO
2026-07-13 10:17:42,1783937862,R_10,4799.341,1,0.15800000000035652,BACKFILL_AUTO
2026-07-13 10:17:44,1783937864,R_10,4799.146,-1,0.19500000000061846,BACKFILL_AUTO
2026-07-13 10:17:46,1783937866,R_10,4799.033,-1,0.11299999999937427,BACKFILL_AUTO
2026-07-13 10:17:48,1783937868,R_10,4799.164,1,0.13099999999940337,BACKFILL_AUTO
2026-07-13 10:17:50,1783937870,R_10,4799.193,1,0.02900000000045111,BACKFILL_AUTO
2026-07-13 10:17:52,1783937872,R_10,4799.278,1,0.08500000000003638,BACKFILL_AUTO
2026-07-13 10:17:54,1783937874,R_10,4799.189,-1,0.08899999999994179,BACKFILL_AUTO
2026-07-13 10:17:56,1783937876,R_10,4799.0,-1,0.1890000000003056,BACKFILL_AUTO
2026-07-13 10:17:58,1783937878,R_10,4798.921,-1,0.07899999999972351,BACKFILL_AUTO
2026-07-13 10:18:00,1783937880,R_10,4799.029,1,0.10800000000017462,BACKFILL_AUTO
2026-07-13 10:18:02,1783937882,R_10,4798.899,-1,0.13000000000010914,BACKFILL_AUTO
2026-07-13 10:18:04,1783937884,R_10,4798.629,-1,0.27000000000043656,BACKFILL_AUTO
2026-07-13 10:18:06,1783937886,R_10,4798.667,1,0.03800000000046566,BACKFILL_AUTO
2026-07-13 10:18:08,1783937888,R_10,4798.644,-1,0.023000000000138243,BACKFILL_AUTO
2026-07-13 10:18:10,1783937890,R_10,4798.622,-1,0.021999999999934516,BACKFILL_AUTO
2026-07-13 10:18:12,1783937892,R_10,4798.657,1,0.03499999999985448,BACKFILL_AUTO
2026-07-13 10:18:14,1783937894,R_10,4798.672,1,0.014999999999417923,BACKFILL_AUTO
2026-07-13 10:18:16,1783937896,R_10,4798.678,1,0.006000000000312866,BACKFILL_AUTO
2026-07-13 10:18:18,1783937898,R_10,4798.823,1,0.14500000000043656,BACKFILL_AUTO
2026-07-13 10:18:20,1783937900,R_10,4798.87,1,0.04699999999957072,BACKFILL_AUTO
2026-07-13 10:18:22,1783937902,R_10,4798.919,1,0.04899999999997817,BACKFILL_AUTO
2026-07-13 10:18:24,1783937904,R_10,4798.724,-1,0.19499999999970896,BACKFILL_AUTO
2026-07-13 10:18:26,1783937906,R_10,4798.91,1,0.1859999999996944,BACKFILL_AUTO
2026-07-13 10:18:28,1783937908,R_10,4799.015,1,0.10500000000047294,BACKFILL_AUTO
2026-07-13 10:18:30,1783937910,R_10,4799.164,1,0.14899999999943248,BACKFILL_AUTO
2026-07-13 10:18:32,1783937912,R_10,4799.156,-1,0.007999999999810825,BACKFILL_AUTO
2026-07-13 10:18:34,1783937914,R_10,4799.25,1,0.09400000000005093,BACKFILL_AUTO
2026-07-13 10:18:36,1783937916,R_10,4799.23,-1,0.020000000000436557,BACKFILL_AUTO
2026-07-13 10:18:38,1783937918,R_10,4799.387,1,0.1570000000001528,BACKFILL_AUTO
2026-07-13 10:18:40,1783937920,R_10,4799.294,-1,0.0929999999998472,BACKFILL_AUTO
2026-07-13 10:18:42,1783937922,R_10,4799.368,1,0.07400000000052387,BACKFILL_AUTO
2026-07-13 10:18:44,1783937924,R_10,4799.291,-1,0.07700000000022555,BACKFILL_AUTO
2026-07-13 10:18:46,1783937926,R_10,4799.305,1,0.014000000000123691,BACKFILL_AUTO
2026-07-13 10:18:48,1783937928,R_10,4799.486,1,0.18099999999958527,BACKFILL_AUTO
2026-07-13 10:18:50,1783937930,R_10,4799.345,-1,0.14099999999962165,BACKFILL_AUTO
2026-07-13 10:18:52,1783937932,R_10,4799.522,1,0.17699999999967986,BACKFILL_AUTO
2026-07-13 10:18:54,1783937934,R_10,4799.476,-1,0.046000000000276486,BACKFILL_AUTO
2026-07-13 10:18:56,1783937936,R_10,4799.371,-1,0.10499999999956344,BACKFILL_AUTO
2026-07-13 10:18:58,1783937938,R_10,4799.651,1,0.27999999999974534,BACKFILL_AUTO
2026-07-13 10:19:00,1783937940,R_10,4799.406,-1,0.24499999999989086,BACKFILL_AUTO
2026-07-13 10:19:02,1783937942,R_10,4799.252,-1,0.15399999999954161,BACKFILL_AUTO
2026-07-13 10:19:04,1783937944,R_10,4799.142,-1,0.11000000000058208,BACKFILL_AUTO
2026-07-13 10:19:06,1783937946,R_10,4799.103,-1,0.03899999999975989,BACKFILL_AUTO
2026-07-13 10:19:08,1783937948,R_10,4799.03,-1,0.07300000000032014,BACKFILL_AUTO
2026-07-13 10:19:10,1783937950,R_10,4799.096,1,0.06599999999980355,BACKFILL_AUTO
2026-07-13 10:19:12,1783937952,R_10,4799.24,1,0.14400000000023283,BACKFILL_AUTO
2026-07-13 10:19:14,1783937954,R_10,4799.058,-1,0.181999999999789,BACKFILL_AUTO
2026-07-13 10:19:16,1783937956,R_10,4799.145,1,0.08700000000044383,BACKFILL_AUTO
2026-07-13 10:19:18,1783937958,R_10,4799.249,1,0.10399999999935972,BACKFILL_AUTO
2026-07-13 10:19:20,1783937960,R_10,4799.165,-1,0.08399999999983265,BACKFILL_AUTO
2026-07-13 10:19:22,1783937962,R_10,4799.305,1,0.14000000000032742,BACKFILL_AUTO
2026-07-13 10:19:24,1783937964,R_10,4799.425,1,0.11999999999989086,BACKFILL_AUTO
2026-07-13 10:19:26,1783937966,R_10,4799.18,-1,0.24499999999989086,BACKFILL_AUTO
2026-07-13 10:19:28,1783937968,R_10,4799.105,-1,0.0750000000007276,BACKFILL_AUTO
2026-07-13 10:19:30,1783937970,R_10,4799.067,-1,0.03799999999955617,BACKFILL_AUTO
2026-07-13 10:19:32,1783937972,R_10,4799.005,-1,0.06199999999989814,BACKFILL_AUTO
2026-07-13 10:19:34,1783937974,R_10,4799.1,1,0.09500000000025466,BACKFILL_AUTO
2026-07-13 10:19:36,1783937976,R_10,4799.086,-1,0.014000000000123691,BACKFILL_AUTO
2026-07-13 10:19:38,1783937978,R_10,4799.278,1,0.19200000000000728,BACKFILL_AUTO
2026-07-13 10:19:40,1783937980,R_10,4799.292,1,0.014000000000123691,BACKFILL_AUTO
2026-07-13 10:19:42,1783937982,R_10,4799.119,-1,0.17300000000068394,BACKFILL_AUTO
2026-07-13 10:19:44,1783937984,R_10,4799.299,1,0.18000000000029104,BACKFILL_AUTO
2026-07-13 10:19:46,1783937986,R_10,4799.384,1,0.08500000000003638,BACKFILL_AUTO
2026-07-13 10:19:48,1783937988,R_10,4799.584,1,0.1999999999998181,BACKFILL_AUTO
2026-07-13 10:19:50,1783937990,R_10,4799.687,1,0.10300000000006548,BACKFILL_AUTO
2026-07-13 10:19:52,1783937992,R_10,4799.797,1,0.10999999999967258,BACKFILL_AUTO
2026-07-13 10:19:54,1783937994,R_10,4800.086,1,0.2890000000006694,BACKFILL_AUTO
2026-07-13 10:19:56,1783937996,R_10,4800.095,1,0.009000000000014552,BACKFILL_AUTO
2026-07-13 10:19:58,1783937998,R_10,4800.042,-1,0.052999999999883585,BACKFILL_AUTO
2026-07-13 10:20:00,1783938000,R_10,4800.349,1,0.306999999999789,BACKFILL_AUTO
2026-07-13 10:20:02,1783938002,R_10,4800.498,1,0.14899999999943248,BACKFILL_AUTO
2026-07-13 10:20:04,1783938004,R_10,4800.455,-1,0.042999999999665306,BACKFILL_AUTO
2026-07-13 10:20:06,1783938006,R_10,4800.392,-1,0.06300000000010186,BACKFILL_AUTO
2026-07-13 10:20:08,1783938008,R_10,4800.201,-1,0.19099999999980355,BACKFILL_AUTO
2026-07-13 10:20:10,1783938010,R_10,4800.05,-1,0.15099999999983993,BACKFILL_AUTO
2026-07-13 10:20:12,1783938012,R_10,4800.116,1,0.06599999999980355,BACKFILL_AUTO
2026-07-13 10:20:14,1783938014,R_10,4800.12,1,0.0039999999999054126,BACKFILL_AUTO
2026-07-13 10:20:16,1783938016,R_10,4800.22,1,0.1000000000003638,BACKFILL_AUTO
2026-07-13 10:20:18,1783938018,R_10,4800.127,-1,0.0929999999998472,BACKFILL_AUTO
2026-07-13 10:20:20,1783938020,R_10,4800.137,1,0.009999999999308784,BACKFILL_AUTO
2026-07-13 10:20:22,1783938022,R_10,4799.743,-1,0.39399999999932334,BACKFILL_AUTO
2026-07-13 10:20:24,1783938024,R_10,4799.737,-1,0.006000000000312866,BACKFILL_AUTO
2026-07-13 10:20:26,1783938026,R_10,4799.651,-1,0.0860000000002401,BACKFILL_AUTO
2026-07-13 10:20:28,1783938028,R_10,4799.783,1,0.1320000000005166,BACKFILL_AUTO
2026-07-13 10:20:30,1783938030,R_10,4799.796,1,0.012999999999919964,BACKFILL_AUTO
2026-07-13 10:20:32,1783938032,R_10,4799.79,-1,0.006000000000312866,BACKFILL_AUTO
2026-07-13 10:20:34,1783938034,R_10,4799.648,-1,0.14199999999982538,BACKFILL_AUTO
2026-07-13 10:20:36,1783938036,R_10,4799.594,-1,0.05400000000008731,BACKFILL_AUTO
2026-07-13 10:20:38,1783938038,R_10,4799.722,1,0.12799999999970169,BACKFILL_AUTO
2026-07-13 10:20:40,1783938040,R_10,4799.821,1,0.09900000000016007,BACKFILL_AUTO
2026-07-13 10:20:42,1783938042,R_10,4799.72,-1,0.10099999999965803,BACKFILL_AUTO
2026-07-13 10:20:44,1783938044,R_10,4799.714,-1,0.006000000000312866,BACKFILL_AUTO
2026-07-13 10:20:46,1783938046,R_10,4799.631,-1,0.08299999999962893,BACKFILL_AUTO
2026-07-13 10:20:48,1783938048,R_10,4799.571,-1,0.06000000000040018,BACKFILL_AUTO
2026-07-13 10:20:50,1783938050,R_10,4799.762,1,0.19099999999980355,BACKFILL_AUTO
2026-07-13 10:20:52,1783938052,R_10,4799.738,-1,0.023999999999432475,BACKFILL_AUTO
2026-07-13 10:20:54,1783938054,R_10,4799.916,1,0.17799999999988358,BACKFILL_AUTO
2026-07-13 10:20:56,1783938056,R_10,4799.987,1,0.07099999999991269,BACKFILL_AUTO
2026-07-13 10:20:58,1783938058,R_10,4799.745,-1,0.24200000000018917,BACKFILL_AUTO
2026-07-13 10:21:00,1783938060,R_10,4799.803,1,0.057999999999992724,BACKFILL_AUTO
2026-07-13 10:21:02,1783938062,R_10,4799.714,-1,0.08899999999994179,BACKFILL_AUTO
2026-07-13 10:21:04,1783938064,R_10,4799.582,-1,0.1319999999996071,BACKFILL_AUTO
2026-07-13 10:21:06,1783938066,R_10,4799.794,1,0.21199999999953434,BACKFILL_AUTO
2026-07-13 10:21:08,1783938068,R_10,4799.604,-1,0.18999999999959982,BACKFILL_AUTO
2026-07-13 10:21:10,1783938070,R_10,4799.472,-1,0.1320000000005166,BACKFILL_AUTO
2026-07-13 10:21:12,1783938072,R_10,4799.57,1,0.09799999999995634,BACKFILL_AUTO
2026-07-13 10:21:14,1783938074,R_10,4799.627,1,0.05700000000069849,BACKFILL_AUTO
2026-07-13 10:21:16,1783938076,R_10,4799.811,1,0.18399999999928696,BACKFILL_AUTO
2026-07-13 10:21:18,1783938078,R_10,4799.757,-1,0.05400000000008731,BACKFILL_AUTO
2026-07-13 10:21:20,1783938080,R_10,4799.743,-1,0.013999999999214197,BACKFILL_AUTO
2026-07-13 10:21:22,1783938082,R_10,4799.748,1,0.004999999999199645,BACKFILL_AUTO
2026-07-13 10:21:24,1783938084,R_10,4800.042,1,0.2940000000007785,BACKFILL_AUTO
2026-07-13 10:21:26,1783938086,R_10,4799.93,-1,0.11200000000008004,BACKFILL_AUTO
2026-07-13 10:21:28,1783938088,R_10,4799.748,-1,0.1820000000006985,BACKFILL_AUTO
2026-07-13 10:21:30,1783938090,R_10,4799.687,-1,0.06099999999969441,BACKFILL_AUTO
2026-07-13 10:21:32,1783938092,R_10,4799.632,-1,0.05500000000029104,BACKFILL_AUTO
2026-07-13 10:21:34,1783938094,R_10,4799.519,-1,0.11299999999937427,BACKFILL_AUTO
2026-07-13 10:21:36,1783938096,R_10,4799.526,1,0.006999999999607098,BACKFILL_AUTO
2026-07-13 10:21:38,1783938098,R_10,4799.482,-1,0.04399999999986903,BACKFILL_AUTO
2026-07-13 10:21:40,1783938100,R_10,4799.468,-1,0.014000000000123691,BACKFILL_AUTO
2026-07-13 10:21:42,1783938102,R_10,4799.437,-1,0.03099999999994907,BACKFILL_AUTO
2026-07-13 10:21:44,1783938104,R_10,4799.324,-1,0.11300000000028376,BACKFILL_AUTO
2026-07-13 10:21:46,1783938106,R_10,4799.419,1,0.09500000000025466,BACKFILL_AUTO
2026-07-13 10:21:48,1783938108,R_10,4799.207,-1,0.21199999999953434,BACKFILL_AUTO
2026-07-13 10:21:50,1783938110,R_10,4799.379,1,0.17199999999957072,BACKFILL_AUTO
2026-07-13 10:21:52,1783938112,R_10,4799.337,-1,0.04199999999946158,BACKFILL_AUTO
2026-07-13 10:21:54,1783938114,R_10,4799.409,1,0.07199999999920692,BACKFILL_AUTO
2026-07-13 10:21:56,1783938116,R_10,4799.56,1,0.15100000000074942,BACKFILL_AUTO
2026-07-13 10:21:58,1783938118,R_10,4799.739,1,0.17899999999917782,BACKFILL_AUTO
2026-07-13 10:22:00,1783938120,R_10,4799.608,-1,0.13099999999940337,BACKFILL_AUTO
2026-07-13 10:22:02,1783938122,R_10,4799.517,-1,0.09100000000034925,BACKFILL_AUTO
2026-07-13 10:22:04,1783938124,R_10,4799.454,-1,0.06300000000010186,BACKFILL_AUTO
2026-07-13 10:22:06,1783938126,R_10,4799.375,-1,0.07899999999972351,BACKFILL_AUTO
2026-07-13 10:22:08,1783938128,R_10,4799.279,-1,0.09599999999954889,BACKFILL_AUTO
2026-07-13 10:22:10,1783938130,R_10,4799.128,-1,0.15100000000074942,BACKFILL_AUTO
2026-07-13 10:22:12,1783938132,R_10,4799.137,1,0.009000000000014552,BACKFILL_AUTO
2026-07-13 10:22:14,1783938134,R_10,4799.249,1,0.11200000000008004,BACKFILL_AUTO
2026-07-13 10:22:16,1783938136,R_10,4799.12,-1,0.1289999999999054,BACKFILL_AUTO
2026-07-13 10:22:18,1783938138,R_10,4799.05,-1,0.06999999999970896,BACKFILL_AUTO
2026-07-13 10:22:20,1783938140,R_10,4799.039,-1,0.011000000000422006,BACKFILL_AUTO
2026-07-13 10:22:22,1783938142,R_10,4798.982,-1,0.056999999999789,BACKFILL_AUTO
2026-07-13 10:22:24,1783938144,R_10,4799.151,1,0.16899999999986903,BACKFILL_AUTO
2026-07-13 10:22:26,1783938146,R_10,4799.009,-1,0.14199999999982538,BACKFILL_AUTO
2026-07-13 10:22:28,1783938148,R_10,4799.034,1,0.024999999999636202,BACKFILL_AUTO
2026-07-13 10:22:30,1783938150,R_10,4799.222,1,0.18800000000010186,BACKFILL_AUTO
2026-07-13 10:22:32,1783938152,R_10,4799.396,1,0.17399999999997817,BACKFILL_AUTO
2026-07-13 10:22:34,1783938154,R_10,4799.454,1,0.057999999999992724,BACKFILL_AUTO
2026-07-13 10:22:36,1783938156,R_10,4799.582,1,0.12800000000061118,BACKFILL_AUTO
2026-07-13 10:22:38,1783938158,R_10,4799.706,1,0.12399999999979627,BACKFILL_AUTO
2026-07-13 10:22:40,1783938160,R_10,4799.469,-1,0.23700000000008004,BACKFILL_AUTO
2026-07-13 10:22:42,1783938162,R_10,4799.486,1,0.016999999999825377,BACKFILL_AUTO
2026-07-13 10:22:44,1783938164,R_10,4799.452,-1,0.033999999999650754,BACKFILL_AUTO
2026-07-13 10:22:46,1783938166,R_10,4799.382,-1,0.07000000000061846,BACKFILL_AUTO
2026-07-13 10:22:48,1783938168,R_10,4799.383,1,0.0010000000002037268,BACKFILL_AUTO
2026-07-13 10:22:50,1783938170,R_10,4799.376,-1,0.006999999999607098,BACKFILL_AUTO
2026-07-13 10:22:52,1783938172,R_10,4799.475,1,0.09900000000016007,BACKFILL_AUTO
2026-07-13 10:22:54,1783938174,R_10,4799.51,1,0.03499999999985448,BACKFILL_AUTO
2026-07-13 10:22:56,1783938176,R_10,4799.668,1,0.15799999999944703,BACKFILL_AUTO
2026-07-13 10:22:58,1783938178,R_10,4799.501,-1,0.16699999999946158,BACKFILL_AUTO
2026-07-13 10:23:00,1783938180,R_10,4799.346,-1,0.15500000000065484,BACKFILL_AUTO
2026-07-13 10:23:02,1783938182,R_10,4799.607,1,0.261000000000422,BACKFILL_AUTO
2026-07-13 10:23:04,1783938184,R_10,4799.798,1,0.19099999999980355,BACKFILL_AUTO
2026-07-13 10:23:06,1783938186,R_10,4799.971,1,0.17299999999977445,BACKFILL_AUTO
2026-07-13 10:23:08,1783938188,R_10,4799.853,-1,0.11799999999948341,BACKFILL_AUTO
2026-07-13 10:23:10,1783938190,R_10,4799.753,-1,0.1000000000003638,BACKFILL_AUTO
2026-07-13 10:23:12,1783938192,R_10,4799.682,-1,0.07099999999991269,BACKFILL_AUTO
2026-07-13 10:23:14,1783938194,R_10,4799.621,-1,0.06099999999969441,BACKFILL_AUTO
2026-07-13 10:23:16,1783938196,R_10,4799.52,-1,0.10099999999965803,BACKFILL_AUTO
2026-07-13 10:23:18,1783938198,R_10,4799.614,1,0.09399999999914144,BACKFILL_AUTO
2026-07-13 10:23:20,1783938200,R_10,4799.717,1,0.10300000000006548,BACKFILL_AUTO
2026-07-13 10:23:22,1783938202,R_10,4799.842,1,0.125,BACKFILL_AUTO
2026-07-13 10:23:24,1783938204,R_10,4800.05,1,0.20800000000053842,BACKFILL_AUTO
2026-07-13 10:23:26,1783938206,R_10,4800.096,1,0.04599999999936699,BACKFILL_AUTO
2026-07-13 10:23:28,1783938208,R_10,4800.208,1,0.11200000000008004,BACKFILL_AUTO
2026-07-13 10:23:30,1783938210,R_10,4800.26,1,0.05200000000058935,BACKFILL_AUTO
2026-07-13 10:23:32,1783938212,R_10,4800.178,-1,0.0820000000003347,BACKFILL_AUTO
2026-07-13 10:23:34,1783938214,R_10,4800.209,1,0.03099999999994907,BACKFILL_AUTO
2026-07-13 10:23:36,1783938216,R_10,4800.315,1,0.10599999999976717,BACKFILL_AUTO
2026-07-13 10:23:38,1783938218,R_10,4800.58,1,0.2650000000003274,BACKFILL_AUTO
2026-07-13 10:23:40,1783938220,R_10,4800.479,-1,0.10099999999965803,BACKFILL_AUTO
2026-07-13 10:23:42,1783938222,R_10,4800.483,1,0.0039999999999054126,BACKFILL_AUTO
2026-07-13 10:23:44,1783938224,R_10,4800.511,1,0.028000000000247383,BACKFILL_AUTO
2026-07-13 10:23:46,1783938226,R_10,4800.531,1,0.019999999999527063,BACKFILL_AUTO
2026-07-13 10:23:48,1783938228,R_10,4800.614,1,0.08299999999962893,BACKFILL_AUTO
2026-07-13 10:23:50,1783938230,R_10,4800.887,1,0.27300000000013824,BACKFILL_AUTO
2026-07-13 10:23:52,1783938232,R_10,4800.972,1,0.08500000000003638,BACKFILL_AUTO
2026-07-13 10:23:54,1783938234,R_10,4801.198,1,0.22600000000056752,BACKFILL_AUTO
2026-07-13 10:23:56,1783938236,R_10,4801.172,-1,0.026000000000749424,BACKFILL_AUTO
2026-07-13 10:23:58,1783938238,R_10,4801.315,1,0.1430000000000291,BACKFILL_AUTO
2026-07-13 10:24:00,1783938240,R_10,4801.27,-1,0.044999999999163265,BACKFILL_AUTO
2026-07-13 10:24:02,1783938242,R_10,4801.161,-1,0.10900000000037835,BACKFILL_AUTO
2026-07-13 10:24:04,1783938244,R_10,4801.4,1,0.238999999999578,BACKFILL_AUTO
2026-07-13 10:24:06,1783938246,R_10,4801.435,1,0.035000000000763976,BACKFILL_AUTO
2026-07-13 10:24:08,1783938248,R_10,4801.618,1,0.18299999999999272,BACKFILL_AUTO
2026-07-13 10:24:10,1783938250,R_10,4801.363,-1,0.25500000000010914,BACKFILL_AUTO
2026-07-13 10:24:12,1783938252,R_10,4801.347,-1,0.016000000000531145,BACKFILL_AUTO
2026-07-13 10:24:14,1783938254,R_10,4801.443,1,0.09600000000045839,BACKFILL_AUTO
2026-07-13 10:24:16,1783938256,R_10,4801.513,1,0.06999999999970896,BACKFILL_AUTO
2026-07-13 10:24:18,1783938258,R_10,4801.552,1,0.03899999999975989,BACKFILL_AUTO
2026-07-13 10:24:20,1783938260,R_10,4801.352,-1,0.1999999999998181,BACKFILL_AUTO
2026-07-13 10:24:22,1783938262,R_10,4801.489,1,0.13699999999971624,BACKFILL_AUTO
2026-07-13 10:24:24,1783938264,R_10,4801.383,-1,0.10599999999976717,BACKFILL_AUTO
2026-07-13 10:24:26,1783938266,R_10,4801.373,-1,0.010000000000218279,BACKFILL_AUTO
2026-07-13 10:24:28,1783938268,R_10,4801.267,-1,0.10599999999976717,BACKFILL_AUTO
2026-07-13 10:24:30,1783938270,R_10,4801.385,1,0.1180000000003929,BACKFILL_AUTO
2026-07-13 10:24:32,1783938272,R_10,4801.461,1,0.07600000000002183,BACKFILL_AUTO
2026-07-13 10:24:34,1783938274,R_10,4801.342,-1,0.11900000000059663,BACKFILL_AUTO
2026-07-13 10:24:36,1783938276,R_10,4801.622,1,0.28000000000065484,BACKFILL_AUTO
2026-07-13 10:24:38,1783938278,R_10,4801.609,-1,0.012999999999919964,BACKFILL_AUTO
2026-07-13 10:24:40,1783938280,R_10,4801.855,1,0.2459999999991851,BACKFILL_AUTO
2026-07-13 10:24:42,1783938282,R_10,4801.849,-1,0.0059999999994033715,BACKFILL_AUTO
2026-07-13 10:24:44,1783938284,R_10,4802.073,1,0.22400000000016007,BACKFILL_AUTO
2026-07-13 10:24:46,1783938286,R_10,4801.997,-1,0.07600000000002183,BACKFILL_AUTO
2026-07-13 10:24:48,1783938288,R_10,4802.125,1,0.12799999999970169,BACKFILL_AUTO
2026-07-13 10:24:50,1783938290,R_10,4802.121,-1,0.0039999999999054126,BACKFILL_AUTO
2026-07-13 10:24:52,1783938292,R_10,4801.922,-1,0.19900000000052387,BACKFILL_AUTO
2026-07-13 10:24:54,1783938294,R_10,4801.783,-1,0.1389999999992142,BACKFILL_AUTO
2026-07-13 10:24:56,1783938296,R_10,4801.746,-1,0.037000000000261934,BACKFILL_AUTO
2026-07-13 10:24:58,1783938298,R_10,4801.911,1,0.16499999999996362,BACKFILL_AUTO
2026-07-13 10:25:00,1783938300,R_10,4801.741,-1,0.17000000000007276,BACKFILL_AUTO
2026-07-13 10:25:02,1783938302,R_10,4801.694,-1,0.04699999999957072,BACKFILL_AUTO
2026-07-13 10:25:04,1783938304,R_10,4801.767,1,0.07299999999941065,BACKFILL_AUTO
2026-07-13 10:25:06,1783938306,R_10,4801.537,-1,0.22999999999956344,BACKFILL_AUTO
2026-07-13 10:25:08,1783938308,R_10,4801.48,-1,0.05700000000069849,BACKFILL_AUTO
2026-07-13 10:25:10,1783938310,R_10,4801.466,-1,0.013999999999214197,BACKFILL_AUTO
2026-07-13 10:25:12,1783938312,R_10,4801.426,-1,0.03999999999996362,BACKFILL_AUTO
2026-07-13 10:25:14,1783938314,R_10,4801.387,-1,0.03900000000066939,BACKFILL_AUTO
2026-07-13 10:25:16,1783938316,R_10,4801.533,1,0.14600000000064028,BACKFILL_AUTO
2026-07-13 10:25:18,1783938318,R_10,4801.406,-1,0.12700000000040745,BACKFILL_AUTO
2026-07-13 10:25:20,1783938320,R_10,4801.338,-1,0.068000000000211,BACKFILL_AUTO
2026-07-13 10:25:22,1783938322,R_10,4801.648,1,0.3100000000004002,BACKFILL_AUTO
2026-07-13 10:25:24,1783938324,R_10,4801.462,-1,0.1859999999996944,BACKFILL_AUTO
2026-07-13 10:25:26,1783938326,R_10,4801.412,-1,0.0500000000001819,BACKFILL_AUTO
2026-07-13 10:25:28,1783938328,R_10,4801.329,-1,0.08300000000053842,BACKFILL_AUTO
2026-07-13 10:25:30,1783938330,R_10,4801.392,1,0.06300000000010186,BACKFILL_AUTO
2026-07-13 10:25:32,1783938332,R_10,4801.307,-1,0.08500000000003638,BACKFILL_AUTO
2026-07-13 10:25:34,1783938334,R_10,4801.376,1,0.06900000000041473,BACKFILL_AUTO
2026-07-13 10:25:36,1783938336,R_10,4801.328,-1,0.047999999999774445,BACKFILL_AUTO
2026-07-13 10:25:38,1783938338,R_10,4801.325,-1,0.0030000000006111804,BACKFILL_AUTO
2026-07-13 10:25:40,1783938340,R_10,4801.38,1,0.05500000000029104,BACKFILL_AUTO
2026-07-13 10:25:42,1783938342,R_10,4801.315,-1,0.06500000000050932,BACKFILL_AUTO
2026-07-13 10:25:44,1783938344,R_10,4801.399,1,0.08400000000074215,BACKFILL_AUTO
2026-07-13 10:25:46,1783938346,R_10,4801.367,-1,0.032000000000152795,BACKFILL_AUTO
2026-07-13 10:25:48,1783938348,R_10,4801.327,-1,0.03999999999996362,BACKFILL_AUTO
2026-07-13 10:25:50,1783938350,R_10,4801.303,-1,0.02400000000034197,BACKFILL_AUTO
2026-07-13 10:25:52,1783938352,R_10,4801.306,1,0.0029999999997016857,BACKFILL_AUTO
2026-07-13 10:25:54,1783938354,R_10,4801.083,-1,0.22299999999995634,BACKFILL_AUTO
2026-07-13 10:25:56,1783938356,R_10,4801.089,1,0.006000000000312866,BACKFILL_AUTO
2026-07-13 10:25:58,1783938358,R_10,4801.183,1,0.09400000000005093,BACKFILL_AUTO
2026-07-13 10:26:00,1783938360,R_10,4800.987,-1,0.1959999999999127,BACKFILL_AUTO
2026-07-13 10:26:02,1783938362,R_10,4800.971,-1,0.016000000000531145,BACKFILL_AUTO
2026-07-13 10:26:04,1783938364,R_10,4800.851,-1,0.11999999999989086,BACKFILL_AUTO
2026-07-13 10:26:06,1783938366,R_10,4800.839,-1,0.011999999999716238,BACKFILL_AUTO
2026-07-13 10:26:08,1783938368,R_10,4800.852,1,0.012999999999919964,BACKFILL_AUTO
2026-07-13 10:26:10,1783938370,R_10,4800.964,1,0.11200000000008004,BACKFILL_AUTO
2026-07-13 10:26:12,1783938372,R_10,4800.831,-1,0.13299999999981083,BACKFILL_AUTO
2026-07-13 10:26:14,1783938374,R_10,4800.832,1,0.0010000000002037268,BACKFILL_AUTO
2026-07-13 10:26:16,1783938376,R_10,4800.978,1,0.1459999999997308,BACKFILL_AUTO
2026-07-13 10:26:18,1783938378,R_10,4800.957,-1,0.02099999999973079,BACKFILL_AUTO
2026-07-13 10:26:20,1783938380,R_10,4801.119,1,0.16199999999935244,BACKFILL_AUTO
2026-07-13 10:26:22,1783938382,R_10,4801.113,-1,0.0059999999994033715,BACKFILL_AUTO
2026-07-13 10:26:24,1783938384,R_10,4801.385,1,0.2719999999999345,BACKFILL_AUTO
2026-07-13 10:26:26,1783938386,R_10,4801.356,-1,0.02900000000045111,BACKFILL_AUTO
2026-07-13 10:26:28,1783938388,R_10,4801.371,1,0.015000000000327418,BACKFILL_AUTO
2026-07-13 10:26:30,1783938390,R_10,4801.384,1,0.012999999999919964,BACKFILL_AUTO
2026-07-13 10:26:32,1783938392,R_10,4801.525,1,0.14099999999962165,BACKFILL_AUTO
2026-07-13 10:26:34,1783938394,R_10,4801.272,-1,0.2529999999997017,BACKFILL_AUTO
2026-07-13 10:26:36,1783938396,R_10,4801.306,1,0.033999999999650754,BACKFILL_AUTO
2026-07-13 10:26:38,1783938398,R_10,4801.209,-1,0.09699999999975262,BACKFILL_AUTO
2026-07-13 10:26:40,1783938400,R_10,4801.194,-1,0.014999999999417923,BACKFILL_AUTO
2026-07-13 10:26:42,1783938402,R_10,4801.13,-1,0.06400000000030559,BACKFILL_AUTO
2026-07-13 10:26:44,1783938404,R_10,4800.878,-1,0.25200000000040745,BACKFILL_AUTO
2026-07-13 10:26:46,1783938406,R_10,4800.988,1,0.11000000000058208,BACKFILL_AUTO
2026-07-13 10:26:48,1783938408,R_10,4801.158,1,0.17000000000007276,BACKFILL_AUTO
2026-07-13 10:26:50,1783938410,R_10,4801.231,1,0.07299999999941065,BACKFILL_AUTO
2026-07-13 10:26:52,1783938412,R_10,4801.226,-1,0.005000000000109139,BACKFILL_AUTO
2026-07-13 10:26:54,1783938414,R_10,4801.213,-1,0.012999999999919964,BACKFILL_AUTO
2026-07-13 10:26:56,1783938416,R_10,4801.304,1,0.09100000000034925,BACKFILL_AUTO
2026-07-13 10:26:58,1783938418,R_10,4801.361,1,0.056999999999789,BACKFILL_AUTO
2026-07-13 10:27:00,1783938420,R_10,4801.375,1,0.014000000000123691,BACKFILL_AUTO
2026-07-13 10:27:02,1783938422,R_10,4801.521,1,0.1459999999997308,BACKFILL_AUTO
2026-07-13 10:27:04,1783938424,R_10,4801.575,1,0.05400000000008731,BACKFILL_AUTO
2026-07-13 10:27:06,1783938426,R_10,4801.506,-1,0.06899999999950523,BACKFILL_AUTO
2026-07-13 10:27:08,1783938428,R_10,4801.545,1,0.03899999999975989,BACKFILL_AUTO
2026-07-13 10:27:10,1783938430,R_10,4801.441,-1,0.10400000000026921,BACKFILL_AUTO
2026-07-13 10:27:12,1783938432,R_10,4801.231,-1,0.21000000000003638,BACKFILL_AUTO
2026-07-13 10:27:14,1783938434,R_10,4801.019,-1,0.21199999999953434,BACKFILL_AUTO
2026-07-13 10:27:16,1783938436,R_10,4801.052,1,0.03299999999944703,BACKFILL_AUTO
2026-07-13 10:27:18,1783938438,R_10,4801.074,1,0.021999999999934516,BACKFILL_AUTO
2026-07-13 10:27:20,1783938440,R_10,4800.944,-1,0.12999999999919964,BACKFILL_AUTO
2026-07-13 10:27:22,1783938442,R_10,4801.037,1,0.0929999999998472,BACKFILL_AUTO
2026-07-13 10:27:24,1783938444,R_10,4800.994,-1,0.0430000000005748,BACKFILL_AUTO
2026-07-13 10:27:26,1783938446,R_10,4801.016,1,0.021999999999934516,BACKFILL_AUTO
2026-07-13 10:27:28,1783938448,R_10,4800.866,-1,0.1499999999996362,BACKFILL_AUTO
2026-07-13 10:27:30,1783938450,R_10,4800.918,1,0.05199999999967986,BACKFILL_AUTO
2026-07-13 10:27:32,1783938452,R_10,4800.857,-1,0.06099999999969441,BACKFILL_AUTO
2026-07-13 10:27:34,1783938454,R_10,4800.964,1,0.1069999999999709,BACKFILL_AUTO
2026-07-13 10:27:36,1783938456,R_10,4800.945,-1,0.01900000000023283,BACKFILL_AUTO
2026-07-13 10:27:38,1783938458,R_10,4801.05,1,0.10500000000047294,BACKFILL_AUTO
2026-07-13 10:27:40,1783938460,R_10,4800.94,-1,0.11000000000058208,BACKFILL_AUTO
2026-07-13 10:27:42,1783938462,R_10,4800.992,1,0.05200000000058935,BACKFILL_AUTO
2026-07-13 10:27:44,1783938464,R_10,4800.991,-1,0.0010000000002037268,BACKFILL_AUTO
2026-07-13 10:27:46,1783938466,R_10,4800.929,-1,0.06199999999989814,BACKFILL_AUTO
2026-07-13 10:27:48,1783938468,R_10,4800.928,-1,0.0010000000002037268,BACKFILL_AUTO
2026-07-13 10:27:50,1783938470,R_10,4801.11,1,0.181999999999789,BACKFILL_AUTO
2026-07-13 10:27:52,1783938472,R_10,4801.138,1,0.028000000000247383,BACKFILL_AUTO
2026-07-13 10:27:54,1783938474,R_10,4801.232,1,0.09400000000005093,BACKFILL_AUTO
2026-07-13 10:27:56,1783938476,R_10,4801.046,-1,0.1859999999996944,BACKFILL_AUTO
2026-07-13 10:27:58,1783938478,R_10,4801.155,1,0.10899999999946886,BACKFILL_AUTO
2026-07-13 10:28:00,1783938480,R_10,4801.189,1,0.03400000000056025,BACKFILL_AUTO
2026-07-13 10:28:02,1783938482,R_10,4801.0,-1,0.1890000000003056,BACKFILL_AUTO
2026-07-13 10:28:04,1783938484,R_10,4800.89,-1,0.10999999999967258,BACKFILL_AUTO
2026-07-13 10:28:06,1783938486,R_10,4801.023,1,0.13299999999981083,BACKFILL_AUTO
2026-07-13 10:28:08,1783938488,R_10,4801.138,1,0.11499999999978172,BACKFILL_AUTO
2026-07-13 10:28:10,1783938490,R_10,4801.28,1,0.14199999999982538,BACKFILL_AUTO
2026-07-13 10:28:12,1783938492,R_10,4801.155,-1,0.125,BACKFILL_AUTO
2026-07-13 10:28:14,1783938494,R_10,4801.394,1,0.2390000000004875,BACKFILL_AUTO
2026-07-13 10:28:16,1783938496,R_10,4801.462,1,0.068000000000211,BACKFILL_AUTO
2026-07-13 10:28:18,1783938498,R_10,4801.607,1,0.14499999999952706,BACKFILL_AUTO
2026-07-13 10:28:20,1783938500,R_10,4801.68,1,0.07300000000032014,BACKFILL_AUTO
2026-07-13 10:28:22,1783938502,R_10,4801.484,-1,0.1959999999999127,BACKFILL_AUTO
2026-07-13 10:28:24,1783938504,R_10,4801.459,-1,0.025000000000545697,BACKFILL_AUTO
2026-07-13 10:28:26,1783938506,R_10,4801.66,1,0.20100000000002183,BACKFILL_AUTO
2026-07-13 10:28:28,1783938508,R_10,4801.65,-1,0.010000000000218279,BACKFILL_AUTO
2026-07-13 10:28:30,1783938510,R_10,4801.642,-1,0.007999999999810825,BACKFILL_AUTO
2026-07-13 10:28:32,1783938512,R_10,4801.59,-1,0.05199999999967986,BACKFILL_AUTO
2026-07-13 10:28:34,1783938514,R_10,4801.651,1,0.06099999999969441,BACKFILL_AUTO
2026-07-13 10:28:36,1783938516,R_10,4801.652,1,0.0010000000002037268,BACKFILL_AUTO
2026-07-13 10:28:38,1783938518,R_10,4801.62,-1,0.032000000000152795,BACKFILL_AUTO
2026-07-13 10:28:40,1783938520,R_10,4801.668,1,0.047999999999774445,BACKFILL_AUTO
2026-07-13 10:28:42,1783938522,R_10,4801.724,1,0.056000000000494765,BACKFILL_AUTO
2026-07-13 10:28:44,1783938524,R_10,4801.518,-1,0.20600000000013097,BACKFILL_AUTO
2026-07-13 10:28:46,1783938526,R_10,4801.699,1,0.18099999999958527,BACKFILL_AUTO
2026-07-13 10:28:48,1783938528,R_10,4801.684,-1,0.014999999999417923,BACKFILL_AUTO
2026-07-13 10:28:50,1783938530,R_10,4801.636,-1,0.047999999999774445,BACKFILL_AUTO
2026-07-13 10:28:52,1783938532,R_10,4801.679,1,0.042999999999665306,BACKFILL_AUTO
2026-07-13 10:28:54,1783938534,R_10,4801.462,-1,0.21699999999964348,BACKFILL_AUTO
2026-07-13 10:28:56,1783938536,R_10,4801.345,-1,0.11700000000018917,BACKFILL_AUTO
2026-07-13 10:28:58,1783938538,R_10,4801.432,1,0.08699999999953434,BACKFILL_AUTO
2026-07-13 10:29:00,1783938540,R_10,4801.47,1,0.03800000000046566,BACKFILL_AUTO
2026-07-13 10:29:02,1783938542,R_10,4801.59,1,0.11999999999989086,BACKFILL_AUTO
2026-07-13 10:29:04,1783938544,R_10,4801.576,-1,0.014000000000123691,BACKFILL_AUTO
2026-07-13 10:29:06,1783938546,R_10,4801.765,1,0.1890000000003056,BACKFILL_AUTO
2026-07-13 10:29:08,1783938548,R_10,4801.868,1,0.10300000000006548,BACKFILL_AUTO
2026-07-13 10:29:10,1783938550,R_10,4802.054,1,0.1859999999996944,BACKFILL_AUTO
2026-07-13 10:29:12,1783938552,R_10,4801.994,-1,0.06000000000040018,BACKFILL_AUTO
2026-07-13 10:29:14,1783938554,R_10,4801.813,-1,0.18099999999958527,BACKFILL_AUTO
2026-07-13 10:29:16,1783938556,R_10,4801.711,-1,0.10199999999986176,BACKFILL_AUTO
2026-07-13 10:29:18,1783938558,R_10,4801.663,-1,0.04800000000068394,BACKFILL_AUTO
2026-07-13 10:29:20,1783938560,R_10,4801.567,-1,0.09599999999954889,BACKFILL_AUTO
2026-07-13 10:29:22,1783938562,R_10,4801.425,-1,0.14199999999982538,BACKFILL_AUTO
2026-07-13 10:29:24,1783938564,R_10,4801.457,1,0.032000000000152795,BACKFILL_AUTO
2026-07-13 10:29:26,1783938566,R_10,4801.521,1,0.0639999999993961,BACKFILL_AUTO
2026-07-13 10:29:28,1783938568,R_10,4801.514,-1,0.006999999999607098,BACKFILL_AUTO
2026-07-13 10:29:30,1783938570,R_10,4801.545,1,0.03099999999994907,BACKFILL_AUTO
2026-07-13 10:29:32,1783938572,R_10,4801.791,1,0.2460000000000946,BACKFILL_AUTO
2026-07-13 10:29:34,1783938574,R_10,4801.979,1,0.18800000000010186,BACKFILL_AUTO
2026-07-13 10:29:36,1783938576,R_10,4802.031,1,0.05199999999967986,BACKFILL_AUTO
2026-07-13 10:29:38,1783938578,R_10,4801.972,-1,0.05900000000019645,BACKFILL_AUTO
2026-07-13 10:29:40,1783938580,R_10,4801.999,1,0.027000000000043656,BACKFILL_AUTO
2026-07-13 10:29:42,1783938582,R_10,4801.9,-1,0.09900000000016007,BACKFILL_AUTO
2026-07-13 10:29:44,1783938584,R_10,4801.676,-1,0.22399999999925058,BACKFILL_AUTO
2026-07-13 10:29:46,1783938586,R_10,4801.566,-1,0.11000000000058208,BACKFILL_AUTO
2026-07-13 10:29:48,1783938588,R_10,4801.743,1,0.17700000000058935,BACKFILL_AUTO
2026-07-13 10:29:50,1783938590,R_10,4802.049,1,0.30599999999958527,BACKFILL_AUTO
2026-07-13 10:29:52,1783938592,R_10,4802.127,1,0.07800000000042928,BACKFILL_AUTO
2026-07-13 10:29:54,1783938594,R_10,4802.24,1,0.11299999999937427,BACKFILL_AUTO
2026-07-13 10:29:56,1783938596,R_10,4802.322,1,0.0820000000003347,BACKFILL_AUTO
2026-07-13 10:29:58,1783938598,R_10,4802.253,-1,0.06900000000041473,BACKFILL_AUTO
2026-07-13 10:30:00,1783938600,R_10,4802.08,-1,0.17299999999977445,BACKFILL_AUTO
2026-07-13 10:30:02,1783938602,R_10,4802.02,-1,0.05999999999949068,BACKFILL_AUTO
2026-07-13 10:30:04,1783938604,R_10,4802.119,1,0.09899999999925058,BACKFILL_AUTO
2026-07-13 10:30:06,1783938606,R_10,4802.244,1,0.125,BACKFILL_AUTO
2026-07-13 10:30:08,1783938608,R_10,4802.276,1,0.032000000000152795,BACKFILL_AUTO
2026-07-13 10:30:10,1783938610,R_10,4802.287,1,0.011000000000422006,BACKFILL_AUTO
2026-07-13 10:30:12,1783938612,R_10,4802.134,-1,0.15300000000024738,BACKFILL_AUTO
2026-07-13 10:30:14,1783938614,R_10,4802.091,-1,0.042999999999665306,BACKFILL_AUTO
2026-07-13 10:30:16,1783938616,R_10,4801.968,-1,0.12300000000050204,BACKFILL_AUTO
2026-07-13 10:30:18,1783938618,R_10,4801.895,-1,0.07299999999941065,BACKFILL_AUTO
2026-07-13 10:30:20,1783938620,R_10,4802.054,1,0.15899999999965075,BACKFILL_AUTO
2026-07-13 10:30:22,1783938622,R_10,4802.213,1,0.15899999999965075,BACKFILL_AUTO
2026-07-13 10:30:24,1783938624,R_10,4802.319,1,0.10600000000067666,BACKFILL_AUTO
2026-07-13 10:30:26,1783938626,R_10,4802.35,1,0.03099999999994907,BACKFILL_AUTO
2026-07-13 10:30:28,1783938628,R_10,4802.267,-1,0.08300000000053842,BACKFILL_AUTO
2026-07-13 10:30:30,1783938630,R_10,4802.214,-1,0.052999999999883585,BACKFILL_AUTO
2026-07-13 10:30:32,1783938632,R_10,4802.361,1,0.14699999999993452,BACKFILL_AUTO
2026-07-13 10:30:34,1783938634,R_10,4802.342,-1,0.01900000000023283,BACKFILL_AUTO
2026-07-13 10:30:36,1783938636,R_10,4802.337,-1,0.004999999999199645,BACKFILL_AUTO
2026-07-13 10:30:38,1783938638,R_10,4802.28,-1,0.05700000000069849,BACKFILL_AUTO
2026-07-13 10:30:40,1783938640,R_10,4802.087,-1,0.1929999999993015,BACKFILL_AUTO
2026-07-13 10:30:42,1783938642,R_10,4802.239,1,0.15199999999913416,BACKFILL_AUTO
2026-07-13 10:30:44,1783938644,R_10,4802.394,1,0.15500000000065484,BACKFILL_AUTO
2026-07-13 10:30:46,1783938646,R_10,4802.466,1,0.07200000000011642,BACKFILL_AUTO
2026-07-13 10:30:48,1783938648,R_10,4802.487,1,0.02099999999973079,BACKFILL_AUTO
2026-07-13 10:30:50,1783938650,R_10,4802.517,1,0.02999999999974534,BACKFILL_AUTO
2026-07-13 10:30:52,1783938652,R_10,4802.504,-1,0.012999999999919964,BACKFILL_AUTO
2026-07-13 10:30:54,1783938654,R_10,4802.631,1,0.12700000000040745,BACKFILL_AUTO
2026-07-13 10:30:56,1783938656,R_10,4802.913,1,0.2819999999992433,BACKFILL_AUTO
2026-07-13 10:30:58,1783938658,R_10,4802.803,-1,0.10999999999967258,BACKFILL_AUTO
2026-07-13 10:31:00,1783938660,R_10,4802.735,-1,0.068000000000211,BACKFILL_AUTO
2026-07-13 10:31:02,1783938662,R_10,4802.748,1,0.012999999999919964,BACKFILL_AUTO
2026-07-13 10:31:04,1783938664,R_10,4802.79,1,0.042000000000371074,BACKFILL_AUTO
2026-07-13 10:31:06,1783938666,R_10,4802.757,-1,0.03300000000035652,BACKFILL_AUTO
2026-07-13 10:31:08,1783938668,R_10,4802.508,-1,0.24899999999979627,BACKFILL_AUTO
2026-07-13 10:31:10,1783938670,R_10,4802.385,-1,0.12299999999959255,BACKFILL_AUTO
2026-07-13 10:31:12,1783938672,R_10,4802.42,1,0.03499999999985448,BACKFILL_AUTO
2026-07-13 10:31:14,1783938674,R_10,4802.435,1,0.015000000000327418,BACKFILL_AUTO
2026-07-13 10:31:16,1783938676,R_10,4802.636,1,0.20100000000002183,BACKFILL_AUTO
2026-07-13 10:31:18,1783938678,R_10,4802.755,1,0.11899999999968713,BACKFILL_AUTO
2026-07-13 10:31:20,1783938680,R_10,4802.536,-1,0.21900000000005093,BACKFILL_AUTO
2026-07-13 10:31:22,1783938682,R_10,4802.424,-1,0.11200000000008004,BACKFILL_AUTO
2026-07-13 10:31:24,1783938684,R_10,4802.411,-1,0.012999999999919964,BACKFILL_AUTO
2026-07-13 10:31:26,1783938686,R_10,4802.3,-1,0.11099999999987631,BACKFILL_AUTO
2026-07-13 10:31:28,1783938688,R_10,4802.291,-1,0.009000000000014552,BACKFILL_AUTO
2026-07-13 10:31:30,1783938690,R_10,4802.298,1,0.006999999999607098,BACKFILL_AUTO
2026-07-13 10:31:32,1783938692,R_10,4802.457,1,0.15900000000056025,BACKFILL_AUTO
2026-07-13 10:31:34,1783938694,R_10,4802.544,1,0.08699999999953434,BACKFILL_AUTO
2026-07-13 10:31:36,1783938696,R_10,4802.553,1,0.009000000000014552,BACKFILL_AUTO
2026-07-13 10:31:38,1783938698,R_10,4802.625,1,0.07200000000011642,BACKFILL_AUTO
2026-07-13 10:31:40,1783938700,R_10,4802.544,-1,0.08100000000013097,BACKFILL_AUTO
2026-07-13 10:31:42,1783938702,R_10,4802.517,-1,0.027000000000043656,BACKFILL_AUTO
2026-07-13 10:31:44,1783938704,R_10,4802.596,1,0.07899999999972351,BACKFILL_AUTO
2026-07-13 10:31:46,1783938706,R_10,4802.754,1,0.15800000000035652,BACKFILL_AUTO
2026-07-13 10:31:48,1783938708,R_10,4802.65,-1,0.10400000000026921,BACKFILL_AUTO
2026-07-13 10:31:50,1783938710,R_10,4802.461,-1,0.1889999999993961,BACKFILL_AUTO
2026-07-13 10:31:52,1783938712,R_10,4802.422,-1,0.03900000000066939,BACKFILL_AUTO
2026-07-13 10:31:54,1783938714,R_10,4802.507,1,0.08500000000003638,BACKFILL_AUTO
2026-07-13 10:31:56,1783938716,R_10,4802.456,-1,0.05099999999947613,BACKFILL_AUTO
2026-07-13 10:31:58,1783938718,R_10,4802.451,-1,0.005000000000109139,BACKFILL_AUTO
2026-07-13 10:32:00,1783938720,R_10,4802.338,-1,0.11300000000028376,BACKFILL_AUTO
2026-07-13 10:32:02,1783938722,R_10,4802.433,1,0.09500000000025466,BACKFILL_AUTO
2026-07-13 10:32:04,1783938724,R_10,4802.416,-1,0.016999999999825377,BACKFILL_AUTO
2026-07-13 10:32:06,1783938726,R_10,4802.403,-1,0.012999999999919964,BACKFILL_AUTO
2026-07-13 10:32:08,1783938728,R_10,4802.55,1,0.14699999999993452,BACKFILL_AUTO
2026-07-13 10:32:10,1783938730,R_10,4802.461,-1,0.08899999999994179,BACKFILL_AUTO
2026-07-13 10:32:12,1783938732,R_10,4802.633,1,0.17199999999957072,BACKFILL_AUTO
2026-07-13 10:32:14,1783938734,R_10,4802.482,-1,0.15099999999983993,BACKFILL_AUTO
2026-07-13 10:32:16,1783938736,R_10,4802.446,-1,0.03600000000005821,BACKFILL_AUTO
2026-07-13 10:32:18,1783938738,R_10,4802.533,1,0.08700000000044383,BACKFILL_AUTO
2026-07-13 10:32:20,1783938740,R_10,4802.493,-1,0.03999999999996362,BACKFILL_AUTO
2026-07-13 10:32:22,1783938742,R_10,4802.308,-1,0.18500000000040018,BACKFILL_AUTO
2026-07-13 10:32:24,1783938744,R_10,4802.308,0,0.0,BACKFILL_AUTO
2026-07-13 10:32:26,1783938746,R_10,4802.363,1,0.05500000000029104,BACKFILL_AUTO
2026-07-13 10:32:28,1783938748,R_10,4802.206,-1,0.1570000000001528,BACKFILL_AUTO
2026-07-13 10:32:30,1783938750,R_10,4802.291,1,0.08500000000003638,BACKFILL_AUTO
2026-07-13 10:32:32,1783938752,R_10,4802.155,-1,0.136000000000422,BACKFILL_AUTO
2026-07-13 10:32:34,1783938754,R_10,4802.093,-1,0.06199999999989814,BACKFILL_AUTO
2026-07-13 10:32:36,1783938756,R_10,4802.217,1,0.12399999999979627,BACKFILL_AUTO
2026-07-13 10:32:38,1783938758,R_10,4802.113,-1,0.10399999999935972,BACKFILL_AUTO
2026-07-13 10:32:40,1783938760,R_10,4802.13,1,0.016999999999825377,BACKFILL_AUTO
2026-07-13 10:32:42,1783938762,R_10,4802.109,-1,0.02099999999973079,BACKFILL_AUTO
2026-07-13 10:32:44,1783938764,R_10,4802.153,1,0.04399999999986903,BACKFILL_AUTO
2026-07-13 10:32:46,1783938766,R_10,4802.063,-1,0.09000000000014552,BACKFILL_AUTO
2026-07-13 10:32:48,1783938768,R_10,4801.982,-1,0.08100000000013097,BACKFILL_AUTO
2026-07-13 10:32:50,1783938770,R_10,4802.113,1,0.13100000000031287,BACKFILL_AUTO
2026-07-13 10:32:52,1783938772,R_10,4802.164,1,0.05099999999947613,BACKFILL_AUTO
2026-07-13 10:32:54,1783938774,R_10,4802.24,1,0.07600000000002183,BACKFILL_AUTO
2026-07-13 10:32:56,1783938776,R_10,4802.325,1,0.08500000000003638,BACKFILL_AUTO
2026-07-13 10:32:58,1783938778,R_10,4802.211,-1,0.113999999999578,BACKFILL_AUTO
2026-07-13 10:33:00,1783938780,R_10,4802.34,1,0.1289999999999054,BACKFILL_AUTO
2026-07-13 10:33:02,1783938782,R_10,4802.304,-1,0.03600000000005821,BACKFILL_AUTO
2026-07-13 10:33:04,1783938784,R_10,4802.511,1,0.2070000000003347,BACKFILL_AUTO
2026-07-13 10:33:06,1783938786,R_10,4802.501,-1,0.010000000000218279,BACKFILL_AUTO
2026-07-13 10:33:08,1783938788,R_10,4802.491,-1,0.010000000000218279,BACKFILL_AUTO
2026-07-13 10:33:10,1783938790,R_10,4802.33,-1,0.1610000000000582,BACKFILL_AUTO
2026-07-13 10:33:12,1783938792,R_10,4802.222,-1,0.10800000000017462,BACKFILL_AUTO
2026-07-13 10:33:14,1783938794,R_10,4802.352,1,0.13000000000010914,BACKFILL_AUTO
2026-07-13 10:33:16,1783938796,R_10,4802.271,-1,0.08100000000013097,BACKFILL_AUTO
2026-07-13 10:33:18,1783938798,R_10,4802.116,-1,0.15499999999974534,BACKFILL_AUTO
2026-07-13 10:33:20,1783938800,R_10,4802.112,-1,0.0039999999999054126,BACKFILL_AUTO
2026-07-13 10:33:22,1783938802,R_10,4802.145,1,0.03300000000035652,BACKFILL_AUTO
2026-07-13 10:33:24,1783938804,R_10,4802.212,1,0.06700000000000728,BACKFILL_AUTO
2026-07-13 10:33:26,1783938806,R_10,4802.229,1,0.016999999999825377,BACKFILL_AUTO
2026-07-13 10:33:28,1783938808,R_10,4802.16,-1,0.06900000000041473,BACKFILL_AUTO
2026-07-13 10:33:30,1783938810,R_10,4801.954,-1,0.20600000000013097,BACKFILL_AUTO
2026-07-13 10:33:32,1783938812,R_10,4801.956,1,0.0020000000004074536,BACKFILL_AUTO
2026-07-13 10:33:34,1783938814,R_10,4802.138,1,0.181999999999789,BACKFILL_AUTO
2026-07-13 10:33:36,1783938816,R_10,4802.297,1,0.15899999999965075,BACKFILL_AUTO
2026-07-13 10:33:38,1783938818,R_10,4802.264,-1,0.03299999999944703,BACKFILL_AUTO
2026-07-13 10:33:40,1783938820,R_10,4802.316,1,0.05199999999967986,BACKFILL_AUTO
2026-07-13 10:33:42,1783938822,R_10,4802.331,1,0.015000000000327418,BACKFILL_AUTO
2026-07-13 10:33:44,1783938824,R_10,4802.178,-1,0.15300000000024738,BACKFILL_AUTO
2026-07-13 10:33:46,1783938826,R_10,4802.149,-1,0.028999999999541615,BACKFILL_AUTO
2026-07-13 10:33:48,1783938828,R_10,4802.208,1,0.058999999999286956,BACKFILL_AUTO
2026-07-13 10:33:50,1783938830,R_10,4802.062,-1,0.1459999999997308,BACKFILL_AUTO
2026-07-13 10:33:52,1783938832,R_10,4802.017,-1,0.04500000000007276,BACKFILL_AUTO
2026-07-13 10:33:54,1783938834,R_10,4802.162,1,0.14500000000043656,BACKFILL_AUTO
2026-07-13 10:33:56,1783938836,R_10,4801.953,-1,0.20899999999983265,BACKFILL_AUTO
2026-07-13 10:33:58,1783938838,R_10,4802.257,1,0.3039999999991778,BACKFILL_AUTO
2026-07-13 10:34:00,1783938840,R_10,4802.211,-1,0.04599999999936699,BACKFILL_AUTO
2026-07-13 10:34:02,1783938842,R_10,4802.268,1,0.056999999999789,BACKFILL_AUTO
2026-07-13 10:34:04,1783938844,R_10,4802.411,1,0.1430000000000291,BACKFILL_AUTO
2026-07-13 10:34:06,1783938846,R_10,4802.48,1,0.06899999999950523,BACKFILL_AUTO
2026-07-13 10:34:08,1783938848,R_10,4802.3,-1,0.17999999999938154,BACKFILL_AUTO
2026-07-13 10:34:10,1783938850,R_10,4802.21,-1,0.09000000000014552,BACKFILL_AUTO
2026-07-13 10:34:12,1783938852,R_10,4802.265,1,0.05500000000029104,BACKFILL_AUTO
2026-07-13 10:34:14,1783938854,R_10,4802.359,1,0.09400000000005093,BACKFILL_AUTO
2026-07-13 10:34:16,1783938856,R_10,4802.568,1,0.20899999999983265,BACKFILL_AUTO
2026-07-13 10:34:18,1783938858,R_10,4802.469,-1,0.09900000000016007,BACKFILL_AUTO
2026-07-13 10:34:20,1783938860,R_10,4802.679,1,0.21000000000003638,BACKFILL_AUTO
2026-07-13 10:34:22,1783938862,R_10,4802.618,-1,0.06099999999969441,BACKFILL_AUTO
2026-07-13 10:34:24,1783938864,R_10,4802.61,-1,0.00800000000072032,BACKFILL_AUTO
2026-07-13 10:34:26,1783938866,R_10,4802.529,-1,0.08099999999922147,BACKFILL_AUTO
2026-07-13 10:34:28,1783938868,R_10,4802.677,1,0.14799999999922875,BACKFILL_AUTO
2026-07-13 10:34:30,1783938870,R_10,4802.584,-1,0.0929999999998472,BACKFILL_AUTO
2026-07-13 10:34:32,1783938872,R_10,4802.487,-1,0.09699999999975262,BACKFILL_AUTO
2026-07-13 10:34:34,1783938874,R_10,4802.262,-1,0.2250000000003638,BACKFILL_AUTO
2026-07-13 10:34:36,1783938876,R_10,4802.301,1,0.03900000000066939,BACKFILL_AUTO
2026-07-13 10:34:38,1783938878,R_10,4802.361,1,0.05999999999949068,BACKFILL_AUTO
2026-07-13 10:34:40,1783938880,R_10,4802.385,1,0.02400000000034197,BACKFILL_AUTO
2026-07-13 10:34:42,1783938882,R_10,4802.423,1,0.03799999999955617,BACKFILL_AUTO
2026-07-13 10:34:44,1783938884,R_10,4802.334,-1,0.08899999999994179,BACKFILL_AUTO
2026-07-13 10:34:46,1783938886,R_10,4802.295,-1,0.03899999999975989,BACKFILL_AUTO
2026-07-13 10:34:48,1783938888,R_10,4802.244,-1,0.051000000000385626,BACKFILL_AUTO
2026-07-13 10:34:50,1783938890,R_10,4802.322,1,0.07800000000042928,BACKFILL_AUTO
2026-07-13 10:34:52,1783938892,R_10,4802.074,-1,0.24800000000050204,BACKFILL_AUTO
2026-07-13 10:34:54,1783938894,R_10,4801.974,-1,0.0999999999994543,BACKFILL_AUTO
2026-07-13 10:34:56,1783938896,R_10,4802.094,1,0.11999999999989086,BACKFILL_AUTO
2026-07-13 10:34:58,1783938898,R_10,4802.258,1,0.1639999999997599,BACKFILL_AUTO
2026-07-13 10:35:00,1783938900,R_10,4802.364,1,0.10599999999976717,BACKFILL_AUTO
2026-07-13 10:35:02,1783938902,R_10,4802.293,-1,0.07099999999991269,BACKFILL_AUTO
2026-07-13 10:35:04,1783938904,R_10,4802.176,-1,0.11699999999927968,BACKFILL_AUTO
2026-07-13 10:35:06,1783938906,R_10,4802.106,-1,0.07000000000061846,BACKFILL_AUTO
2026-07-13 10:35:08,1783938908,R_10,4802.22,1,0.11400000000048749,BACKFILL_AUTO
2026-07-13 10:35:10,1783938910,R_10,4802.132,-1,0.08800000000064756,BACKFILL_AUTO
2026-07-13 10:35:12,1783938912,R_10,4802.259,1,0.12700000000040745,BACKFILL_AUTO
2026-07-13 10:35:14,1783938914,R_10,4802.159,-1,0.1000000000003638,BACKFILL_AUTO
2026-07-13 10:35:16,1783938916,R_10,4802.354,1,0.19500000000061846,BACKFILL_AUTO
2026-07-13 10:35:18,1783938918,R_10,4802.366,1,0.011999999999716238,BACKFILL_AUTO
2026-07-13 10:35:20,1783938920,R_10,4802.573,1,0.2070000000003347,BACKFILL_AUTO
2026-07-13 10:35:22,1783938922,R_10,4802.575,1,0.001999999999497959,BACKFILL_AUTO
2026-07-13 10:35:24,1783938924,R_10,4802.673,1,0.09799999999995634,BACKFILL_AUTO
2026-07-13 10:35:26,1783938926,R_10,4802.734,1,0.061000000000603904,BACKFILL_AUTO
2026-07-13 10:35:28,1783938928,R_10,4802.581,-1,0.15300000000024738,BACKFILL_AUTO
2026-07-13 10:35:30,1783938930,R_10,4802.478,-1,0.10300000000006548,BACKFILL_AUTO
2026-07-13 10:35:32,1783938932,R_10,4802.416,-1,0.06199999999989814,BACKFILL_AUTO
2026-07-13 10:35:34,1783938934,R_10,4802.307,-1,0.10900000000037835,BACKFILL_AUTO
2026-07-13 10:35:36,1783938936,R_10,4802.442,1,0.13500000000021828,BACKFILL_AUTO
2026-07-13 10:35:38,1783938938,R_10,4802.628,1,0.1859999999996944,BACKFILL_AUTO
2026-07-13 10:35:40,1783938940,R_10,4802.624,-1,0.0039999999999054126,BACKFILL_AUTO
2026-07-13 10:35:42,1783938942,R_10,4802.683,1,0.05900000000019645,BACKFILL_AUTO
2026-07-13 10:35:44,1783938944,R_10,4802.648,-1,0.03499999999985448,BACKFILL_AUTO
2026-07-13 10:35:46,1783938946,R_10,4802.676,1,0.028000000000247383,BACKFILL_AUTO
2026-07-13 10:35:48,1783938948,R_10,4802.798,1,0.12199999999938882,BACKFILL_AUTO
2026-07-13 10:35:50,1783938950,R_10,4802.813,1,0.015000000000327418,BACKFILL_AUTO
2026-07-13 10:35:52,1783938952,R_10,4802.883,1,0.06999999999970896,BACKFILL_AUTO
2026-07-13 10:35:54,1783938954,R_10,4803.067,1,0.18400000000019645,BACKFILL_AUTO
2026-07-13 10:35:56,1783938956,R_10,4803.196,1,0.1289999999999054,BACKFILL_AUTO
2026-07-13 10:35:58,1783938958,R_10,4803.216,1,0.020000000000436557,BACKFILL_AUTO
2026-07-13 10:36:00,1783938960,R_10,4803.238,1,0.021999999999934516,BACKFILL_AUTO
2026-07-13 10:36:02,1783938962,R_10,4803.229,-1,0.009000000000014552,BACKFILL_AUTO
2026-07-13 10:36:04,1783938964,R_10,4803.368,1,0.1390000000001237,BACKFILL_AUTO
2026-07-13 10:36:06,1783938966,R_10,4803.226,-1,0.14200000000073487,BACKFILL_AUTO
2026-07-13 10:36:08,1783938968,R_10,4803.443,1,0.21700000000055297,BACKFILL_AUTO
2026-07-13 10:36:10,1783938970,R_10,4803.476,1,0.03299999999944703,BACKFILL_AUTO
2026-07-13 10:36:12,1783938972,R_10,4803.564,1,0.08800000000064756,BACKFILL_AUTO
2026-07-13 10:36:14,1783938974,R_10,4803.76,1,0.1959999999999127,BACKFILL_AUTO
2026-07-13 10:36:16,1783938976,R_10,4803.746,-1,0.014000000000123691,BACKFILL_AUTO
2026-07-13 10:36:18,1783938978,R_10,4803.679,-1,0.06700000000000728,BACKFILL_AUTO
2026-07-13 10:36:20,1783938980,R_10,4803.551,-1,0.12799999999970169,BACKFILL_AUTO
2026-07-13 10:36:22,1783938982,R_10,4803.55,-1,0.0010000000002037268,BACKFILL_AUTO
2026-07-13 10:36:24,1783938984,R_10,4803.552,1,0.001999999999497959,BACKFILL_AUTO
2026-07-13 10:36:26,1783938986,R_10,4803.637,1,0.08500000000003638,BACKFILL_AUTO
2026-07-13 10:36:28,1783938988,R_10,4803.649,1,0.012000000000625732,BACKFILL_AUTO
2026-07-13 10:36:30,1783938990,R_10,4803.533,-1,0.11599999999998545,BACKFILL_AUTO
2026-07-13 10:36:32,1783938992,R_10,4803.497,-1,0.03600000000005821,BACKFILL_AUTO
2026-07-13 10:36:34,1783938994,R_10,4803.495,-1,0.0020000000004074536,BACKFILL_AUTO
2026-07-13 10:36:36,1783938996,R_10,4803.506,1,0.011000000000422006,BACKFILL_AUTO
2026-07-13 10:36:38,1783938998,R_10,4803.332,-1,0.17399999999997817,BACKFILL_AUTO
2026-07-13 10:36:40,1783939000,R_10,4803.209,-1,0.12300000000050204,BACKFILL_AUTO
2026-07-13 10:36:42,1783939002,R_10,4803.238,1,0.02900000000045111,BACKFILL_AUTO
2026-07-13 10:36:44,1783939004,R_10,4803.069,-1,0.16899999999986903,BACKFILL_AUTO
2026-07-13 10:36:46,1783939006,R_10,4803.044,-1,0.025000000000545697,BACKFILL_AUTO
2026-07-13 10:36:48,1783939008,R_10,4802.938,-1,0.10599999999976717,BACKFILL_AUTO
2026-07-13 10:36:50,1783939010,R_10,4802.846,-1,0.09200000000055297,BACKFILL_AUTO
2026-07-13 10:36:52,1783939012,R_10,4802.944,1,0.09800000000086584,BACKFILL_AUTO
2026-07-13 10:36:54,1783939014,R_10,4802.744,-1,0.2000000000007276,BACKFILL_AUTO
2026-07-13 10:36:56,1783939016,R_10,4802.809,1,0.06500000000050932,BACKFILL_AUTO
2026-07-13 10:36:58,1783939018,R_10,4802.814,1,0.005000000000109139,BACKFILL_AUTO
2026-07-13 10:37:00,1783939020,R_10,4802.784,-1,0.030000000000654836,BACKFILL_AUTO
2026-07-13 10:37:02,1783939022,R_10,4802.555,-1,0.22899999999935972,BACKFILL_AUTO
2026-07-13 10:37:04,1783939024,R_10,4802.588,1,0.03299999999944703,BACKFILL_AUTO
2026-07-13 10:37:06,1783939026,R_10,4802.578,-1,0.009999999999308784,BACKFILL_AUTO
2026-07-13 10:37:08,1783939028,R_10,4802.652,1,0.07399999999961437,BACKFILL_AUTO
2026-07-13 10:37:10,1783939030,R_10,4802.829,1,0.17699999999967986,BACKFILL_AUTO
2026-07-13 10:37:12,1783939032,R_10,4802.968,1,0.1390000000001237,BACKFILL_AUTO
2026-07-13 10:37:14,1783939034,R_10,4803.133,1,0.16499999999996362,BACKFILL_AUTO
2026-07-13 10:37:16,1783939036,R_10,4803.125,-1,0.007999999999810825,BACKFILL_AUTO
2026-07-13 10:37:18,1783939038,R_10,4803.104,-1,0.02099999999973079,BACKFILL_AUTO
2026-07-13 10:37:20,1783939040,R_10,4803.143,1,0.03899999999975989,BACKFILL_AUTO
2026-07-13 10:37:22,1783939042,R_10,4803.144,1,0.0010000000002037268,BACKFILL_AUTO
2026-07-13 10:37:24,1783939044,R_10,4803.044,-1,0.1000000000003638,BACKFILL_AUTO
2026-07-13 10:37:26,1783939046,R_10,4803.084,1,0.03999999999996362,BACKFILL_AUTO
2026-07-13 10:37:28,1783939048,R_10,4803.287,1,0.20300000000042928,BACKFILL_AUTO
2026-07-13 10:37:30,1783939050,R_10,4803.272,-1,0.015000000000327418,BACKFILL_AUTO
2026-07-13 10:37:32,1783939052,R_10,4803.059,-1,0.21299999999973807,BACKFILL_AUTO
2026-07-13 10:37:34,1783939054,R_10,4803.033,-1,0.02599999999983993,BACKFILL_AUTO
2026-07-13 10:37:36,1783939056,R_10,4802.798,-1,0.23500000000058208,BACKFILL_AUTO
2026-07-13 10:37:38,1783939058,R_10,4802.744,-1,0.05400000000008731,BACKFILL_AUTO
2026-07-13 10:37:40,1783939060,R_10,4802.716,-1,0.027999999999337888,BACKFILL_AUTO
2026-07-13 10:37:42,1783939062,R_10,4802.955,1,0.238999999999578,BACKFILL_AUTO
2026-07-13 10:37:44,1783939064,R_10,4803.053,1,0.09799999999995634,BACKFILL_AUTO
2026-07-13 10:37:46,1783939066,R_10,4803.3,1,0.24700000000029831,BACKFILL_AUTO
2026-07-13 10:37:48,1783939068,R_10,4803.398,1,0.09799999999995634,BACKFILL_AUTO
2026-07-13 10:37:50,1783939070,R_10,4803.328,-1,0.06999999999970896,BACKFILL_AUTO
2026-07-13 10:37:52,1783939072,R_10,4803.412,1,0.08399999999983265,BACKFILL_AUTO
2026-07-13 10:37:54,1783939074,R_10,4803.492,1,0.07999999999992724,BACKFILL_AUTO
2026-07-13 10:37:56,1783939076,R_10,4803.596,1,0.10399999999935972,BACKFILL_AUTO
2026-07-13 10:37:58,1783939078,R_10,4803.603,1,0.007000000000516593,BACKFILL_AUTO
2026-07-13 10:38:00,1783939080,R_10,4803.508,-1,0.09500000000025466,BACKFILL_AUTO
2026-07-13 10:38:02,1783939082,R_10,4803.493,-1,0.014999999999417923,BACKFILL_AUTO
2026-07-13 10:38:04,1783939084,R_10,4803.423,-1,0.07000000000061846,BACKFILL_AUTO
2026-07-13 10:38:06,1783939086,R_10,4803.381,-1,0.04199999999946158,BACKFILL_AUTO
2026-07-13 10:38:08,1783939088,R_10,4803.516,1,0.13499999999930878,BACKFILL_AUTO
2026-07-13 10:38:10,1783939090,R_10,4803.604,1,0.08800000000064756,BACKFILL_AUTO
2026-07-13 10:38:12,1783939092,R_10,4803.534,-1,0.07000000000061846,BACKFILL_AUTO
2026-07-13 10:38:14,1783939094,R_10,4803.425,-1,0.10899999999946886,BACKFILL_AUTO
2026-07-13 10:38:16,1783939096,R_10,4803.561,1,0.1359999999995125,BACKFILL_AUTO
2026-07-13 10:38:18,1783939098,R_10,4803.564,1,0.0030000000006111804,BACKFILL_AUTO
2026-07-13 10:38:20,1783939100,R_10,4803.478,-1,0.0860000000002401,BACKFILL_AUTO
2026-07-13 10:38:22,1783939102,R_10,4803.425,-1,0.052999999999883585,BACKFILL_AUTO
2026-07-13 10:38:24,1783939104,R_10,4803.382,-1,0.0430000000005748,BACKFILL_AUTO
2026-07-13 10:38:26,1783939106,R_10,4803.303,-1,0.07899999999972351,BACKFILL_AUTO
2026-07-13 10:38:28,1783939108,R_10,4803.239,-1,0.06400000000030559,BACKFILL_AUTO
2026-07-13 10:38:30,1783939110,R_10,4803.287,1,0.04800000000068394,BACKFILL_AUTO
2026-07-13 10:38:32,1783939112,R_10,4803.254,-1,0.03300000000035652,BACKFILL_AUTO
2026-07-13 10:38:34,1783939114,R_10,4802.987,-1,0.2669999999998254,BACKFILL_AUTO
2026-07-13 10:38:36,1783939116,R_10,4803.06,1,0.07300000000032014,BACKFILL_AUTO
2026-07-13 10:38:38,1783939118,R_10,4802.946,-1,0.11400000000048749,BACKFILL_AUTO
2026-07-13 10:38:40,1783939120,R_10,4802.771,-1,0.1750000000001819,BACKFILL_AUTO
2026-07-13 10:38:42,1783939122,R_10,4802.775,1,0.0039999999999054126,BACKFILL_AUTO
2026-07-13 10:38:44,1783939124,R_10,4802.706,-1,0.06899999999950523,BACKFILL_AUTO
2026-07-13 10:38:46,1783939126,R_10,4802.819,1,0.11300000000028376,BACKFILL_AUTO
2026-07-13 10:38:48,1783939128,R_10,4802.786,-1,0.03300000000035652,BACKFILL_AUTO
2026-07-13 10:38:50,1783939130,R_10,4802.727,-1,0.05900000000019645,BACKFILL_AUTO
2026-07-13 10:38:52,1783939132,R_10,4802.575,-1,0.15200000000004366,BACKFILL_AUTO
2026-07-13 10:38:54,1783939134,R_10,4802.76,1,0.18500000000040018,BACKFILL_AUTO
2026-07-13 10:38:56,1783939136,R_10,4802.663,-1,0.09700000000066211,BACKFILL_AUTO
2026-07-13 10:38:58,1783939138,R_10,4802.809,1,0.14600000000064028,BACKFILL_AUTO
2026-07-13 10:39:00,1783939140,R_10,4802.929,1,0.11999999999989086,BACKFILL_AUTO
2026-07-13 10:39:02,1783939142,R_10,4802.903,-1,0.02599999999983993,BACKFILL_AUTO
2026-07-13 10:39:04,1783939144,R_10,4802.82,-1,0.08300000000053842,BACKFILL_AUTO
2026-07-13 10:39:06,1783939146,R_10,4802.939,1,0.11900000000059663,BACKFILL_AUTO
2026-07-13 10:39:08,1783939148,R_10,4802.966,1,0.027000000000043656,BACKFILL_AUTO
2026-07-13 10:39:10,1783939150,R_10,4803.027,1,0.06099999999969441,BACKFILL_AUTO
2026-07-13 10:39:12,1783939152,R_10,4803.052,1,0.024999999999636202,BACKFILL_AUTO
2026-07-13 10:39:14,1783939154,R_10,4803.121,1,0.06900000000041473,BACKFILL_AUTO
2026-07-13 10:39:16,1783939156,R_10,4803.134,1,0.012999999999919964,BACKFILL_AUTO
2026-07-13 10:39:18,1783939158,R_10,4802.983,-1,0.15099999999983993,BACKFILL_AUTO
2026-07-13 10:39:20,1783939160,R_10,4803.105,1,0.12199999999938882,BACKFILL_AUTO
2026-07-13 10:39:22,1783939162,R_10,4803.266,1,0.1610000000000582,BACKFILL_AUTO
2026-07-13 10:39:24,1783939164,R_10,4803.38,1,0.11400000000048749,BACKFILL_AUTO
2026-07-13 10:39:26,1783939166,R_10,4803.259,-1,0.12100000000009459,BACKFILL_AUTO
2026-07-13 10:39:28,1783939168,R_10,4803.241,-1,0.018000000000029104,BACKFILL_AUTO
2026-07-13 10:39:30,1783939170,R_10,4803.358,1,0.11700000000018917,BACKFILL_AUTO
2026-07-13 10:39:32,1783939172,R_10,4803.355,-1,0.0030000000006111804,BACKFILL_AUTO
2026-07-13 10:39:34,1783939174,R_10,4803.326,-1,0.028999999999541615,BACKFILL_AUTO
2026-07-13 10:39:36,1783939176,R_10,4803.126,-1,0.1999999999998181,BACKFILL_AUTO
2026-07-13 10:39:38,1783939178,R_10,4803.084,-1,0.042000000000371074,BACKFILL_AUTO
2026-07-13 10:39:40,1783939180,R_10,4802.926,-1,0.15799999999944703,BACKFILL_AUTO
2026-07-13 10:39:42,1783939182,R_10,4802.928,1,0.001999999999497959,BACKFILL_AUTO
2026-07-13 10:39:44,1783939184,R_10,4803.043,1,0.11499999999978172,BACKFILL_AUTO
2026-07-13 10:39:46,1783939186,R_10,4802.988,-1,0.054999999999381544,BACKFILL_AUTO
2026-07-13 10:39:48,1783939188,R_10,4803.169,1,0.18099999999958527,BACKFILL_AUTO
2026-07-13 10:39:50,1783939190,R_10,4803.115,-1,0.05400000000008731,BACKFILL_AUTO
2026-07-13 10:39:52,1783939192,R_10,4803.157,1,0.042000000000371074,BACKFILL_AUTO
2026-07-13 10:39:54,1783939194,R_10,4803.035,-1,0.12200000000029831,BACKFILL_AUTO
2026-07-13 10:39:56,1783939196,R_10,4802.91,-1,0.125,BACKFILL_AUTO
2026-07-13 10:39:58,1783939198,R_10,4802.837,-1,0.07299999999941065,BACKFILL_AUTO
2026-07-13 10:40:00,1783939200,R_10,4802.744,-1,0.0930000000007567,BACKFILL_AUTO
2026-07-13 10:40:02,1783939202,R_10,4802.968,1,0.22400000000016007,BACKFILL_AUTO
2026-07-13 10:40:04,1783939204,R_10,4802.928,-1,0.03999999999996362,BACKFILL_AUTO
2026-07-13 10:40:06,1783939206,R_10,4803.025,1,0.09699999999975262,BACKFILL_AUTO
2026-07-13 10:40:08,1783939208,R_10,4803.04,1,0.015000000000327418,BACKFILL_AUTO
2026-07-13 10:40:10,1783939210,R_10,4802.963,-1,0.07700000000022555,BACKFILL_AUTO
2026-07-13 10:40:12,1783939212,R_10,4803.059,1,0.09600000000045839,BACKFILL_AUTO
2026-07-13 10:40:14,1783939214,R_10,4803.051,-1,0.007999999999810825,BACKFILL_AUTO
2026-07-13 10:40:16,1783939216,R_10,4803.058,1,0.006999999999607098,BACKFILL_AUTO
2026-07-13 10:40:18,1783939218,R_10,4802.981,-1,0.07700000000022555,BACKFILL_AUTO
2026-07-13 10:40:20,1783939220,R_10,4803.052,1,0.07099999999991269,BACKFILL_AUTO
2026-07-13 10:40:22,1783939222,R_10,4803.031,-1,0.02099999999973079,BACKFILL_AUTO
2026-07-13 10:40:24,1783939224,R_10,4803.134,1,0.10300000000006548,BACKFILL_AUTO
2026-07-13 10:40:26,1783939226,R_10,4803.288,1,0.15399999999954161,BACKFILL_AUTO
2026-07-13 10:40:28,1783939228,R_10,4803.429,1,0.14100000000053114,BACKFILL_AUTO
2026-07-13 10:40:30,1783939230,R_10,4803.439,1,0.010000000000218279,BACKFILL_AUTO
2026-07-13 10:40:32,1783939232,R_10,4803.241,-1,0.19800000000032014,BACKFILL_AUTO
2026-07-13 10:40:34,1783939234,R_10,4803.232,-1,0.009000000000014552,BACKFILL_AUTO
2026-07-13 10:40:36,1783939236,R_10,4803.142,-1,0.09000000000014552,BACKFILL_AUTO
2026-07-13 10:40:38,1783939238,R_10,4803.219,1,0.07700000000022555,BACKFILL_AUTO
2026-07-13 10:40:40,1783939240,R_10,4803.213,-1,0.006000000000312866,BACKFILL_AUTO
2026-07-13 10:40:42,1783939242,R_10,4803.261,1,0.04800000000068394,BACKFILL_AUTO
2026-07-13 10:40:44,1783939244,R_10,4803.351,1,0.08999999999923602,BACKFILL_AUTO
2026-07-13 10:40:46,1783939246,R_10,4803.327,-1,0.023999999999432475,BACKFILL_AUTO
2026-07-13 10:40:48,1783939248,R_10,4803.381,1,0.05400000000008731,BACKFILL_AUTO
2026-07-13 10:40:50,1783939250,R_10,4803.424,1,0.042999999999665306,BACKFILL_AUTO
2026-07-13 10:40:52,1783939252,R_10,4803.391,-1,0.03300000000035652,BACKFILL_AUTO
2026-07-13 10:40:54,1783939254,R_10,4803.598,1,0.2070000000003347,BACKFILL_AUTO
2026-07-13 10:40:56,1783939256,R_10,4803.626,1,0.028000000000247383,BACKFILL_AUTO
2026-07-13 10:40:58,1783939258,R_10,4803.701,1,0.0749999999998181,BACKFILL_AUTO
2026-07-13 10:41:00,1783939260,R_10,4803.801,1,0.1000000000003638,BACKFILL_AUTO
2026-07-13 10:41:02,1783939262,R_10,4803.747,-1,0.05400000000008731,BACKFILL_AUTO
2026-07-13 10:41:04,1783939264,R_10,4803.771,1,0.023999999999432475,BACKFILL_AUTO
2026-07-13 10:41:06,1783939266,R_10,4803.753,-1,0.018000000000029104,BACKFILL_AUTO
2026-07-13 10:41:08,1783939268,R_10,4803.771,1,0.018000000000029104,BACKFILL_AUTO
2026-07-13 10:41:10,1783939270,R_10,4804.001,1,0.23000000000047294,BACKFILL_AUTO
2026-07-13 10:41:12,1783939272,R_10,4803.803,-1,0.19800000000032014,BACKFILL_AUTO
2026-07-13 10:41:14,1783939274,R_10,4803.614,-1,0.1890000000003056,BACKFILL_AUTO
2026-07-13 10:41:16,1783939276,R_10,4803.53,-1,0.08399999999983265,BACKFILL_AUTO
2026-07-13 10:41:18,1783939278,R_10,4803.598,1,0.068000000000211,BACKFILL_AUTO
2026-07-13 10:41:20,1783939280,R_10,4803.598,0,0.0,BACKFILL_AUTO
2026-07-13 10:41:22,1783939282,R_10,4803.569,-1,0.028999999999541615,BACKFILL_AUTO
2026-07-13 10:41:24,1783939284,R_10,4803.488,-1,0.08100000000013097,BACKFILL_AUTO
2026-07-13 10:41:26,1783939286,R_10,4803.474,-1,0.014000000000123691,BACKFILL_AUTO
2026-07-13 10:41:28,1783939288,R_10,4803.531,1,0.056999999999789,BACKFILL_AUTO
2026-07-13 10:41:30,1783939290,R_10,4803.688,1,0.1570000000001528,BACKFILL_AUTO
2026-07-13 10:41:32,1783939292,R_10,4803.671,-1,0.016999999999825377,BACKFILL_AUTO
2026-07-13 10:41:34,1783939294,R_10,4803.657,-1,0.014000000000123691,BACKFILL_AUTO
2026-07-13 10:41:36,1783939296,R_10,4803.529,-1,0.12799999999970169,BACKFILL_AUTO
2026-07-13 10:41:38,1783939298,R_10,4803.564,1,0.03499999999985448,BACKFILL_AUTO
2026-07-13 10:41:40,1783939300,R_10,4803.426,-1,0.13799999999991996,BACKFILL_AUTO
2026-07-13 10:41:42,1783939302,R_10,4803.383,-1,0.0430000000005748,BACKFILL_AUTO
2026-07-13 10:41:44,1783939304,R_10,4803.478,1,0.09500000000025466,BACKFILL_AUTO
2026-07-13 10:41:46,1783939306,R_10,4803.556,1,0.07799999999951979,BACKFILL_AUTO
2026-07-13 10:41:48,1783939308,R_10,4803.223,-1,0.3329999999996289,BACKFILL_AUTO
2026-07-13 10:41:50,1783939310,R_10,4803.219,-1,0.0039999999999054126,BACKFILL_AUTO
2026-07-13 10:41:52,1783939312,R_10,4803.158,-1,0.06099999999969441,BACKFILL_AUTO
2026-07-13 10:41:54,1783939314,R_10,4803.001,-1,0.1570000000001528,BACKFILL_AUTO
2026-07-13 10:41:56,1783939316,R_10,4802.935,-1,0.06599999999980355,BACKFILL_AUTO
2026-07-13 10:41:58,1783939318,R_10,4803.019,1,0.08399999999983265,BACKFILL_AUTO
2026-07-13 10:42:00,1783939320,R_10,4803.152,1,0.13299999999981083,BACKFILL_AUTO
2026-07-13 10:42:02,1783939322,R_10,4803.212,1,0.06000000000040018,BACKFILL_AUTO
2026-07-13 10:42:04,1783939324,R_10,4803.284,1,0.07199999999920692,BACKFILL_AUTO
2026-07-13 10:42:06,1783939326,R_10,4803.079,-1,0.20499999999992724,BACKFILL_AUTO
2026-07-13 10:42:08,1783939328,R_10,4803.121,1,0.042000000000371074,BACKFILL_AUTO
2026-07-13 10:42:10,1783939330,R_10,4803.136,1,0.015000000000327418,BACKFILL_AUTO
2026-07-13 10:42:12,1783939332,R_10,4803.395,1,0.25900000000001455,BACKFILL_AUTO
2026-07-13 10:42:14,1783939334,R_10,4803.371,-1,0.02400000000034197,BACKFILL_AUTO
2026-07-13 10:42:16,1783939336,R_10,4803.435,1,0.06400000000030559,BACKFILL_AUTO
2026-07-13 10:42:18,1783939338,R_10,4803.186,-1,0.24900000000070577,BACKFILL_AUTO
2026-07-13 10:42:20,1783939340,R_10,4803.268,1,0.0820000000003347,BACKFILL_AUTO
2026-07-13 10:42:22,1783939342,R_10,4803.556,1,0.28799999999955617,BACKFILL_AUTO
2026-07-13 10:42:24,1783939344,R_10,4803.662,1,0.10600000000067666,BACKFILL_AUTO
2026-07-13 10:42:26,1783939346,R_10,4803.566,-1,0.09600000000045839,BACKFILL_AUTO
2026-07-13 10:42:28,1783939348,R_10,4803.653,1,0.08700000000044383,BACKFILL_AUTO
2026-07-13 10:42:30,1783939350,R_10,4803.678,1,0.024999999999636202,BACKFILL_AUTO
2026-07-13 10:42:32,1783939352,R_10,4803.909,1,0.23099999999976717,BACKFILL_AUTO
2026-07-13 10:42:34,1783939354,R_10,4803.918,1,0.009000000000014552,BACKFILL_AUTO
2026-07-13 10:42:36,1783939356,R_10,4803.809,-1,0.10899999999946886,BACKFILL_AUTO
2026-07-13 10:42:38,1783939358,R_10,4803.963,1,0.15399999999954161,BACKFILL_AUTO
2026-07-13 10:42:40,1783939360,R_10,4804.048,1,0.08500000000003638,BACKFILL_AUTO
2026-07-13 10:42:42,1783939362,R_10,4804.159,1,0.11099999999987631,BACKFILL_AUTO
2026-07-13 10:42:44,1783939364,R_10,4804.113,-1,0.04599999999936699,BACKFILL_AUTO
2026-07-13 10:42:46,1783939366,R_10,4804.46,1,0.3469999999997526,BACKFILL_AUTO
2026-07-13 10:42:48,1783939368,R_10,4804.385,-1,0.0749999999998181,BACKFILL_AUTO
2026-07-13 10:42:50,1783939370,R_10,4804.434,1,0.04899999999997817,BACKFILL_AUTO
2026-07-13 10:42:52,1783939372,R_10,4804.479,1,0.04500000000007276,BACKFILL_AUTO
2026-07-13 10:42:54,1783939374,R_10,4804.638,1,0.15899999999965075,BACKFILL_AUTO
2026-07-13 10:42:56,1783939376,R_10,4804.689,1,0.051000000000385626,BACKFILL_AUTO
2026-07-13 10:42:58,1783939378,R_10,4804.573,-1,0.11599999999998545,BACKFILL_AUTO
2026-07-13 10:43:00,1783939380,R_10,4804.469,-1,0.10400000000026921,BACKFILL_AUTO
2026-07-13 10:43:02,1783939382,R_10,4804.384,-1,0.08500000000003638,BACKFILL_AUTO
2026-07-13 10:43:04,1783939384,R_10,4804.201,-1,0.18299999999999272,BACKFILL_AUTO
2026-07-13 10:43:06,1783939386,R_10,4804.265,1,0.06400000000030559,BACKFILL_AUTO
2026-07-13 10:43:08,1783939388,R_10,4804.194,-1,0.07099999999991269,BACKFILL_AUTO
2026-07-13 10:43:10,1783939390,R_10,4804.26,1,0.06599999999980355,BACKFILL_AUTO
2026-07-13 10:43:12,1783939392,R_10,4804.257,-1,0.0030000000006111804,BACKFILL_AUTO
2026-07-13 10:43:14,1783939394,R_10,4804.255,-1,0.001999999999497959,BACKFILL_AUTO
2026-07-13 10:43:16,1783939396,R_10,4804.143,-1,0.11200000000008004,BACKFILL_AUTO
2026-07-13 10:43:18,1783939398,R_10,4804.245,1,0.10199999999986176,BACKFILL_AUTO
2026-07-13 10:43:20,1783939400,R_10,4804.077,-1,0.1679999999996653,BACKFILL_AUTO
2026-07-13 10:43:22,1783939402,R_10,4804.167,1,0.09000000000014552,BACKFILL_AUTO
2026-07-13 10:43:24,1783939404,R_10,4804.137,-1,0.030000000000654836,BACKFILL_AUTO
2026-07-13 10:43:26,1783939406,R_10,4804.151,1,0.014000000000123691,BACKFILL_AUTO
2026-07-13 10:43:28,1783939408,R_10,4804.098,-1,0.052999999999883585,BACKFILL_AUTO
2026-07-13 10:43:30,1783939410,R_10,4804.307,1,0.20899999999983265,BACKFILL_AUTO
2026-07-13 10:43:32,1783939412,R_10,4804.246,-1,0.06099999999969441,BACKFILL_AUTO
2026-07-13 10:43:34,1783939414,R_10,4804.259,1,0.012999999999919964,BACKFILL_AUTO
2026-07-13 10:43:36,1783939416,R_10,4804.33,1,0.07099999999991269,BACKFILL_AUTO
2026-07-13 10:43:38,1783939418,R_10,4804.377,1,0.04700000000048021,BACKFILL_AUTO
2026-07-13 10:43:40,1783939420,R_10,4804.469,1,0.09199999999964348,BACKFILL_AUTO
2026-07-13 10:43:42,1783939422,R_10,4804.459,-1,0.010000000000218279,BACKFILL_AUTO
2026-07-13 10:43:44,1783939424,R_10,4804.273,-1,0.1859999999996944,BACKFILL_AUTO
2026-07-13 10:43:46,1783939426,R_10,4804.394,1,0.12100000000009459,BACKFILL_AUTO
2026-07-13 10:43:48,1783939428,R_10,4804.364,-1,0.030000000000654836,BACKFILL_AUTO
2026-07-13 10:43:50,1783939430,R_10,4804.277,-1,0.08699999999953434,BACKFILL_AUTO
2026-07-13 10:43:52,1783939432,R_10,4804.279,1,0.0020000000004074536,BACKFILL_AUTO
2026-07-13 10:43:54,1783939434,R_10,4804.194,-1,0.08500000000003638,BACKFILL_AUTO
2026-07-13 10:43:56,1783939436,R_10,4804.139,-1,0.05500000000029104,BACKFILL_AUTO
2026-07-13 10:43:58,1783939438,R_10,4804.062,-1,0.07700000000022555,BACKFILL_AUTO
2026-07-13 10:44:00,1783939440,R_10,4804.102,1,0.03999999999996362,BACKFILL_AUTO
2026-07-13 10:44:02,1783939442,R_10,4804.062,-1,0.03999999999996362,BACKFILL_AUTO
2026-07-13 10:44:04,1783939444,R_10,4803.887,-1,0.1750000000001819,BACKFILL_AUTO
2026-07-13 10:44:06,1783939446,R_10,4803.938,1,0.051000000000385626,BACKFILL_AUTO
2026-07-13 10:44:08,1783939448,R_10,4803.914,-1,0.02400000000034197,BACKFILL_AUTO
2026-07-13 10:44:10,1783939450,R_10,4803.973,1,0.05900000000019645,BACKFILL_AUTO
2026-07-13 10:44:12,1783939452,R_10,4804.114,1,0.14099999999962165,BACKFILL_AUTO
2026-07-13 10:44:14,1783939454,R_10,4804.048,-1,0.06599999999980355,BACKFILL_AUTO
2026-07-13 10:44:16,1783939456,R_10,4803.988,-1,0.05999999999949068,BACKFILL_AUTO
2026-07-13 10:44:18,1783939458,R_10,4804.026,1,0.03799999999955617,BACKFILL_AUTO
2026-07-13 10:44:20,1783939460,R_10,4803.933,-1,0.0929999999998472,BACKFILL_AUTO
2026-07-13 10:44:22,1783939462,R_10,4803.795,-1,0.13799999999991996,BACKFILL_AUTO
2026-07-13 10:44:24,1783939464,R_10,4803.663,-1,0.1320000000005166,BACKFILL_AUTO
2026-07-13 10:44:26,1783939466,R_10,4803.66,-1,0.0029999999997016857,BACKFILL_AUTO
2026-07-13 10:44:28,1783939468,R_10,4803.542,-1,0.11799999999948341,BACKFILL_AUTO
2026-07-13 10:44:30,1783939470,R_10,4803.393,-1,0.14900000000034197,BACKFILL_AUTO
2026-07-13 10:44:32,1783939472,R_10,4803.549,1,0.15599999999994907,BACKFILL_AUTO
2026-07-13 10:44:34,1783939474,R_10,4803.487,-1,0.06199999999989814,BACKFILL_AUTO
2026-07-13 10:44:36,1783939476,R_10,4803.331,-1,0.15599999999994907,BACKFILL_AUTO
2026-07-13 10:44:38,1783939478,R_10,4803.292,-1,0.03899999999975989,BACKFILL_AUTO
2026-07-13 10:44:40,1783939480,R_10,4803.101,-1,0.19100000000071304,BACKFILL_AUTO
2026-07-13 10:44:42,1783939482,R_10,4803.353,1,0.25200000000040745,BACKFILL_AUTO
2026-07-13 10:44:44,1783939484,R_10,4803.495,1,0.14199999999982538,BACKFILL_AUTO
2026-07-13 10:44:46,1783939486,R_10,4803.532,1,0.037000000000261934,BACKFILL_AUTO
2026-07-13 10:44:48,1783939488,R_10,4803.549,1,0.016999999999825377,BACKFILL_AUTO
2026-07-13 10:44:50,1783939490,R_10,4803.53,-1,0.01900000000023283,BACKFILL_AUTO
2026-07-13 10:44:52,1783939492,R_10,4803.365,-1,0.16499999999996362,BACKFILL_AUTO
2026-07-13 10:44:54,1783939494,R_10,4803.482,1,0.11700000000018917,BACKFILL_AUTO
2026-07-13 10:44:56,1783939496,R_10,4803.368,-1,0.113999999999578,BACKFILL_AUTO
2026-07-13 10:44:58,1783939498,R_10,4803.247,-1,0.12100000000009459,BACKFILL_AUTO
2026-07-13 10:45:00,1783939500,R_10,4803.117,-1,0.13000000000010914,BACKFILL_AUTO
2026-07-13 10:45:02,1783939502,R_10,4803.144,1,0.027000000000043656,BACKFILL_AUTO
2026-07-13 10:45:04,1783939504,R_10,4803.136,-1,0.007999999999810825,BACKFILL_AUTO
2026-07-13 10:45:06,1783939506,R_10,4803.229,1,0.0929999999998472,BACKFILL_AUTO
2026-07-13 10:45:08,1783939508,R_10,4803.127,-1,0.10199999999986176,BACKFILL_AUTO
2026-07-13 10:45:10,1783939510,R_10,4803.073,-1,0.05400000000008731,BACKFILL_AUTO
2026-07-13 10:45:12,1783939512,R_10,4803.193,1,0.11999999999989086,BACKFILL_AUTO
2026-07-13 10:45:14,1783939514,R_10,4802.986,-1,0.2070000000003347,BACKFILL_AUTO
2026-07-13 10:45:16,1783939516,R_10,4803.175,1,0.1890000000003056,BACKFILL_AUTO
2026-07-13 10:45:18,1783939518,R_10,4803.152,-1,0.023000000000138243,BACKFILL_AUTO
2026-07-13 10:45:20,1783939520,R_10,4803.049,-1,0.10300000000006548,BACKFILL_AUTO
2026-07-13 10:45:22,1783939522,R_10,4803.059,1,0.010000000000218279,BACKFILL_AUTO
2026-07-13 10:45:24,1783939524,R_10,4803.052,-1,0.007000000000516593,BACKFILL_AUTO
2026-07-13 10:45:26,1783939526,R_10,4802.95,-1,0.10199999999986176,BACKFILL_AUTO
2026-07-13 10:45:28,1783939528,R_10,4802.928,-1,0.021999999999934516,BACKFILL_AUTO
2026-07-13 10:45:30,1783939530,R_10,4803.123,1,0.19499999999970896,BACKFILL_AUTO
2026-07-13 10:45:32,1783939532,R_10,4803.103,-1,0.019999999999527063,BACKFILL_AUTO
2026-07-13 10:45:34,1783939534,R_10,4803.032,-1,0.07099999999991269,BACKFILL_AUTO
2026-07-13 10:45:36,1783939536,R_10,4803.015,-1,0.016999999999825377,BACKFILL_AUTO
2026-07-13 10:45:38,1783939538,R_10,4803.047,1,0.0319999999992433,BACKFILL_AUTO
2026-07-13 10:45:40,1783939540,R_10,4803.268,1,0.22100000000045839,BACKFILL_AUTO
2026-07-13 10:45:42,1783939542,R_10,4803.322,1,0.05400000000008731,BACKFILL_AUTO
2026-07-13 10:45:44,1783939544,R_10,4803.255,-1,0.06700000000000728,BACKFILL_AUTO
2026-07-13 10:45:46,1783939546,R_10,4803.177,-1,0.07800000000042928,BACKFILL_AUTO
2026-07-13 10:45:48,1783939548,R_10,4803.183,1,0.006000000000312866,BACKFILL_AUTO
2026-07-13 10:45:50,1783939550,R_10,4803.079,-1,0.10400000000026921,BACKFILL_AUTO
2026-07-13 10:45:52,1783939552,R_10,4803.301,1,0.2220000000006621,BACKFILL_AUTO
2026-07-13 10:45:54,1783939554,R_10,4803.498,1,0.19699999999920692,BACKFILL_AUTO
2026-07-13 10:45:56,1783939556,R_10,4803.482,-1,0.01599999999962165,BACKFILL_AUTO
2026-07-13 10:45:58,1783939558,R_10,4803.342,-1,0.14000000000032742,BACKFILL_AUTO
2026-07-13 10:46:00,1783939560,R_10,4803.514,1,0.1720000000004802,BACKFILL_AUTO
2026-07-13 10:46:02,1783939562,R_10,4803.633,1,0.11899999999968713,BACKFILL_AUTO
2026-07-13 10:46:04,1783939564,R_10,4803.661,1,0.028000000000247383,BACKFILL_AUTO
2026-07-13 10:46:06,1783939566,R_10,4803.577,-1,0.08399999999983265,BACKFILL_AUTO
2026-07-13 10:46:08,1783939568,R_10,4803.728,1,0.15099999999983993,BACKFILL_AUTO
2026-07-13 10:46:10,1783939570,R_10,4803.852,1,0.12399999999979627,BACKFILL_AUTO
2026-07-13 10:46:12,1783939572,R_10,4804.095,1,0.2430000000003929,BACKFILL_AUTO
2026-07-13 10:46:14,1783939574,R_10,4803.989,-1,0.10600000000067666,BACKFILL_AUTO
2026-07-13 10:46:16,1783939576,R_10,4803.777,-1,0.21199999999953434,BACKFILL_AUTO
2026-07-13 10:46:18,1783939578,R_10,4803.819,1,0.042000000000371074,BACKFILL_AUTO
2026-07-13 10:46:20,1783939580,R_10,4803.809,-1,0.010000000000218279,BACKFILL_AUTO
2026-07-13 10:46:22,1783939582,R_10,4803.762,-1,0.04700000000048021,BACKFILL_AUTO
2026-07-13 10:46:24,1783939584,R_10,4803.84,1,0.07800000000042928,BACKFILL_AUTO
2026-07-13 10:46:26,1783939586,R_10,4803.856,1,0.01599999999962165,BACKFILL_AUTO
2026-07-13 10:46:28,1783939588,R_10,4804.002,1,0.14600000000064028,BACKFILL_AUTO
2026-07-13 10:46:30,1783939590,R_10,4804.169,1,0.16699999999946158,BACKFILL_AUTO
2026-07-13 10:46:32,1783939592,R_10,4804.16,-1,0.009000000000014552,BACKFILL_AUTO
2026-07-13 10:46:34,1783939594,R_10,4803.97,-1,0.18999999999959982,BACKFILL_AUTO
2026-07-13 10:46:36,1783939596,R_10,4803.787,-1,0.18299999999999272,BACKFILL_AUTO
2026-07-13 10:46:38,1783939598,R_10,4803.8,1,0.012999999999919964,BACKFILL_AUTO
2026-07-13 10:46:40,1783939600,R_10,4803.81,1,0.010000000000218279,BACKFILL_AUTO
2026-07-13 10:46:42,1783939602,R_10,4803.662,-1,0.14800000000013824,BACKFILL_AUTO
2026-07-13 10:46:44,1783939604,R_10,4803.682,1,0.019999999999527063,BACKFILL_AUTO
2026-07-13 10:46:46,1783939606,R_10,4803.833,1,0.15099999999983993,BACKFILL_AUTO
2026-07-13 10:46:48,1783939608,R_10,4803.474,-1,0.35899999999946886,BACKFILL_AUTO
2026-07-13 10:46:50,1783939610,R_10,4803.517,1,0.042999999999665306,BACKFILL_AUTO
2026-07-13 10:46:52,1783939612,R_10,4803.624,1,0.1069999999999709,BACKFILL_AUTO
2026-07-13 10:46:54,1783939614,R_10,4803.444,-1,0.17999999999938154,BACKFILL_AUTO
2026-07-13 10:46:56,1783939616,R_10,4803.422,-1,0.02200000000084401,BACKFILL_AUTO
2026-07-13 10:46:58,1783939618,R_10,4803.281,-1,0.14099999999962165,BACKFILL_AUTO
2026-07-13 10:47:00,1783939620,R_10,4803.282,1,0.0010000000002037268,BACKFILL_AUTO
2026-07-13 10:47:02,1783939622,R_10,4803.184,-1,0.09799999999995634,BACKFILL_AUTO
2026-07-13 10:47:04,1783939624,R_10,4803.29,1,0.10599999999976717,BACKFILL_AUTO
2026-07-13 10:47:06,1783939626,R_10,4803.193,-1,0.09699999999975262,BACKFILL_AUTO
2026-07-13 10:47:08,1783939628,R_10,4803.179,-1,0.014000000000123691,BACKFILL_AUTO
2026-07-13 10:47:10,1783939630,R_10,4803.135,-1,0.04399999999986903,BACKFILL_AUTO
2026-07-13 10:47:12,1783939632,R_10,4803.041,-1,0.09400000000005093,BACKFILL_AUTO
2026-07-13 10:47:14,1783939634,R_10,4803.121,1,0.07999999999992724,BACKFILL_AUTO
2026-07-13 10:47:16,1783939636,R_10,4803.217,1,0.09599999999954889,BACKFILL_AUTO
2026-07-13 10:47:18,1783939638,R_10,4803.097,-1,0.11999999999989086,BACKFILL_AUTO
2026-07-13 10:47:20,1783939640,R_10,4803.046,-1,0.05099999999947613,BACKFILL_AUTO
2026-07-13 10:47:22,1783939642,R_10,4802.976,-1,0.07000000000061846,BACKFILL_AUTO
2026-07-13 10:47:24,1783939644,R_10,4802.853,-1,0.12299999999959255,BACKFILL_AUTO
2026-07-13 10:47:26,1783939646,R_10,4802.852,-1,0.0010000000002037268,BACKFILL_AUTO
2026-07-13 10:47:28,1783939648,R_10,4802.706,-1,0.1459999999997308,BACKFILL_AUTO
2026-07-13 10:47:30,1783939650,R_10,4802.632,-1,0.07400000000052387,BACKFILL_AUTO
2026-07-13 10:47:32,1783939652,R_10,4802.748,1,0.11599999999998545,BACKFILL_AUTO
2026-07-13 10:47:34,1783939654,R_10,4802.734,-1,0.013999999999214197,BACKFILL_AUTO
2026-07-13 10:47:36,1783939656,R_10,4802.79,1,0.05599999999958527,BACKFILL_AUTO
2026-07-13 10:47:38,1783939658,R_10,4802.808,1,0.018000000000029104,BACKFILL_AUTO
2026-07-13 10:47:40,1783939660,R_10,4802.612,-1,0.1959999999999127,BACKFILL_AUTO
2026-07-13 10:47:42,1783939662,R_10,4802.525,-1,0.08700000000044383,BACKFILL_AUTO
2026-07-13 10:47:44,1783939664,R_10,4802.605,1,0.07999999999992724,BACKFILL_AUTO
2026-07-13 10:47:46,1783939666,R_10,4802.679,1,0.07400000000052387,BACKFILL_AUTO
2026-07-13 10:47:48,1783939668,R_10,4802.697,1,0.018000000000029104,BACKFILL_AUTO
2026-07-13 10:47:50,1783939670,R_10,4802.701,1,0.0039999999999054126,BACKFILL_AUTO
2026-07-13 10:47:52,1783939672,R_10,4802.69,-1,0.011000000000422006,BACKFILL_AUTO
2026-07-13 10:47:54,1783939674,R_10,4802.57,-1,0.11999999999989086,BACKFILL_AUTO
2026-07-13 10:47:56,1783939676,R_10,4802.519,-1,0.05099999999947613,BACKFILL_AUTO
2026-07-13 10:47:58,1783939678,R_10,4802.31,-1,0.20899999999983265,BACKFILL_AUTO
2026-07-13 10:48:00,1783939680,R_10,4802.222,-1,0.08800000000064756,BACKFILL_AUTO
2026-07-13 10:48:02,1783939682,R_10,4801.951,-1,0.2709999999997308,BACKFILL_AUTO
2026-07-13 10:48:04,1783939684,R_10,4801.849,-1,0.10199999999986176,BACKFILL_AUTO
2026-07-13 10:48:06,1783939686,R_10,4801.796,-1,0.052999999999883585,BACKFILL_AUTO
2026-07-13 10:48:08,1783939688,R_10,4801.834,1,0.03799999999955617,BACKFILL_AUTO
2026-07-13 10:48:10,1783939690,R_10,4801.733,-1,0.10099999999965803,BACKFILL_AUTO
2026-07-13 10:48:12,1783939692,R_10,4801.795,1,0.06199999999989814,BACKFILL_AUTO
2026-07-13 10:48:14,1783939694,R_10,4801.741,-1,0.05400000000008731,BACKFILL_AUTO
2026-07-13 10:48:16,1783939696,R_10,4801.798,1,0.056999999999789,BACKFILL_AUTO
2026-07-13 10:48:18,1783939698,R_10,4801.927,1,0.1289999999999054,BACKFILL_AUTO
2026-07-13 10:48:20,1783939700,R_10,4801.902,-1,0.024999999999636202,BACKFILL_AUTO
2026-07-13 10:48:22,1783939702,R_10,4802.151,1,0.24899999999979627,BACKFILL_AUTO
2026-07-13 10:48:24,1783939704,R_10,4802.213,1,0.06199999999989814,BACKFILL_AUTO
2026-07-13 10:48:26,1783939706,R_10,4802.276,1,0.06300000000010186,BACKFILL_AUTO
2026-07-13 10:48:28,1783939708,R_10,4801.968,-1,0.3079999999999927,BACKFILL_AUTO
2026-07-13 10:48:30,1783939710,R_10,4801.916,-1,0.05199999999967986,BACKFILL_AUTO
2026-07-13 10:48:32,1783939712,R_10,4802.154,1,0.23800000000028376,BACKFILL_AUTO
2026-07-13 10:48:34,1783939714,R_10,4802.22,1,0.06599999999980355,BACKFILL_AUTO
2026-07-13 10:48:36,1783939716,R_10,4802.268,1,0.047999999999774445,BACKFILL_AUTO
2026-07-13 10:48:38,1783939718,R_10,4802.322,1,0.05400000000008731,BACKFILL_AUTO
2026-07-13 10:48:40,1783939720,R_10,4802.504,1,0.181999999999789,BACKFILL_AUTO
2026-07-13 10:48:42,1783939722,R_10,4802.599,1,0.09500000000025466,BACKFILL_AUTO
2026-07-13 10:48:44,1783939724,R_10,4802.539,-1,0.06000000000040018,BACKFILL_AUTO
2026-07-13 10:48:46,1783939726,R_10,4802.479,-1,0.05999999999949068,BACKFILL_AUTO
2026-07-13 10:48:48,1783939728,R_10,4802.378,-1,0.10100000000056752,BACKFILL_AUTO
2026-07-13 10:48:50,1783939730,R_10,4802.436,1,0.057999999999992724,BACKFILL_AUTO
2026-07-13 10:48:52,1783939732,R_10,4802.381,-1,0.054999999999381544,BACKFILL_AUTO
2026-07-13 10:48:54,1783939734,R_10,4802.361,-1,0.020000000000436557,BACKFILL_AUTO
2026-07-13 10:48:56,1783939736,R_10,4802.279,-1,0.0819999999994252,BACKFILL_AUTO
2026-07-13 10:48:58,1783939738,R_10,4801.927,-1,0.35200000000077125,BACKFILL_AUTO
2026-07-13 10:49:00,1783939740,R_10,4801.9,-1,0.027000000000043656,BACKFILL_AUTO
2026-07-13 10:49:02,1783939742,R_10,4801.894,-1,0.0059999999994033715,BACKFILL_AUTO
2026-07-13 10:49:04,1783939744,R_10,4801.823,-1,0.07099999999991269,BACKFILL_AUTO
2026-07-13 10:49:06,1783939746,R_10,4801.724,-1,0.09900000000016007,BACKFILL_AUTO
2026-07-13 10:49:08,1783939748,R_10,4801.603,-1,0.12100000000009459,BACKFILL_AUTO
2026-07-13 10:49:10,1783939750,R_10,4801.567,-1,0.03600000000005821,BACKFILL_AUTO
2026-07-13 10:49:12,1783939752,R_10,4801.581,1,0.014000000000123691,BACKFILL_AUTO
2026-07-13 10:49:14,1783939754,R_10,4801.55,-1,0.03099999999994907,BACKFILL_AUTO
2026-07-13 10:49:16,1783939756,R_10,4801.729,1,0.1790000000000873,BACKFILL_AUTO
2026-07-13 10:49:18,1783939758,R_10,4801.672,-1,0.05700000000069849,BACKFILL_AUTO
2026-07-13 10:49:20,1783939760,R_10,4801.708,1,0.03600000000005821,BACKFILL_AUTO
2026-07-13 10:49:22,1783939762,R_10,4801.677,-1,0.03099999999994907,BACKFILL_AUTO
2026-07-13 10:49:24,1783939764,R_10,4801.603,-1,0.07399999999961437,BACKFILL_AUTO
2026-07-13 10:49:26,1783939766,R_10,4801.382,-1,0.22100000000045839,BACKFILL_AUTO
2026-07-13 10:49:28,1783939768,R_10,4801.294,-1,0.08799999999973807,BACKFILL_AUTO
2026-07-13 10:49:30,1783939770,R_10,4801.08,-1,0.2139999999999418,BACKFILL_AUTO
2026-07-13 10:49:32,1783939772,R_10,4801.298,1,0.2179999999998472,BACKFILL_AUTO
2026-07-13 10:49:34,1783939774,R_10,4801.092,-1,0.20600000000013097,BACKFILL_AUTO
2026-07-13 10:49:36,1783939776,R_10,4801.139,1,0.04700000000048021,BACKFILL_AUTO
2026-07-13 10:49:38,1783939778,R_10,4801.256,1,0.11700000000018917,BACKFILL_AUTO
2026-07-13 10:49:40,1783939780,R_10,4801.203,-1,0.052999999999883585,BACKFILL_AUTO
2026-07-13 10:49:42,1783939782,R_10,4801.33,1,0.12699999999949796,BACKFILL_AUTO
2026-07-13 10:49:44,1783939784,R_10,4801.264,-1,0.06599999999980355,BACKFILL_AUTO
2026-07-13 10:49:46,1783939786,R_10,4801.288,1,0.023999999999432475,BACKFILL_AUTO
2026-07-13 10:49:48,1783939788,R_10,4801.448,1,0.16000000000076398,BACKFILL_AUTO
2026-07-13 10:49:50,1783939790,R_10,4801.378,-1,0.07000000000061846,BACKFILL_AUTO
2026-07-13 10:49:52,1783939792,R_10,4801.344,-1,0.033999999999650754,BACKFILL_AUTO
2026-07-13 10:49:54,1783939794,R_10,4801.305,-1,0.03899999999975989,BACKFILL_AUTO
2026-07-13 10:49:56,1783939796,R_10,4801.0,-1,0.30500000000029104,BACKFILL_AUTO
2026-07-13 10:49:58,1783939798,R_10,4800.91,-1,0.09000000000014552,BACKFILL_AUTO
2026-07-13 10:50:00,1783939800,R_10,4800.775,-1,0.13500000000021828,BACKFILL_AUTO
2026-07-13 10:50:02,1783939802,R_10,4800.7,-1,0.0749999999998181,BACKFILL_AUTO
2026-07-13 10:50:04,1783939804,R_10,4800.592,-1,0.10800000000017462,BACKFILL_AUTO
2026-07-13 10:50:06,1783939806,R_10,4800.606,1,0.014000000000123691,BACKFILL_AUTO
2026-07-13 10:50:08,1783939808,R_10,4800.641,1,0.03499999999985448,BACKFILL_AUTO
2026-07-13 10:50:10,1783939810,R_10,4800.6,-1,0.04099999999925785,BACKFILL_AUTO
2026-07-13 10:50:12,1783939812,R_10,4800.545,-1,0.05500000000029104,BACKFILL_AUTO
2026-07-13 10:50:14,1783939814,R_10,4800.57,1,0.024999999999636202,BACKFILL_AUTO
2026-07-13 10:50:16,1783939816,R_10,4800.383,-1,0.18699999999989814,BACKFILL_AUTO
2026-07-13 10:50:18,1783939818,R_10,4800.388,1,0.005000000000109139,BACKFILL_AUTO
2026-07-13 10:50:20,1783939820,R_10,4800.333,-1,0.05500000000029104,BACKFILL_AUTO
2026-07-13 10:50:22,1783939822,R_10,4800.451,1,0.1180000000003929,BACKFILL_AUTO
2026-07-13 10:50:24,1783939824,R_10,4800.435,-1,0.01599999999962165,BACKFILL_AUTO
2026-07-13 10:50:26,1783939826,R_10,4800.498,1,0.06299999999919237,BACKFILL_AUTO
2026-07-13 10:50:28,1783939828,R_10,4800.425,-1,0.07299999999941065,BACKFILL_AUTO
2026-07-13 10:50:30,1783939830,R_10,4800.47,1,0.04500000000007276,BACKFILL_AUTO
2026-07-13 10:50:32,1783939832,R_10,4800.407,-1,0.06300000000010186,BACKFILL_AUTO
2026-07-13 10:50:34,1783939834,R_10,4800.437,1,0.02999999999974534,BACKFILL_AUTO
2026-07-13 10:50:36,1783939836,R_10,4800.489,1,0.05199999999967986,BACKFILL_AUTO
2026-07-13 10:50:38,1783939838,R_10,4800.47,-1,0.018999999999323336,BACKFILL_AUTO
2026-07-13 10:50:40,1783939840,R_10,4800.57,1,0.0999999999994543,BACKFILL_AUTO
2026-07-13 10:50:42,1783939842,R_10,4800.586,1,0.016000000000531145,BACKFILL_AUTO
2026-07-13 10:50:44,1783939844,R_10,4800.737,1,0.15099999999983993,BACKFILL_AUTO
2026-07-13 10:50:46,1783939846,R_10,4800.769,1,0.032000000000152795,BACKFILL_AUTO
2026-07-13 10:50:48,1783939848,R_10,4800.755,-1,0.014000000000123691,BACKFILL_AUTO
2026-07-13 10:50:50,1783939850,R_10,4801.008,1,0.2529999999997017,BACKFILL_AUTO
2026-07-13 10:50:52,1783939852,R_10,4801.044,1,0.03600000000005821,BACKFILL_AUTO
2026-07-13 10:50:54,1783939854,R_10,4800.809,-1,0.23499999999967258,BACKFILL_AUTO
2026-07-13 10:50:56,1783939856,R_10,4800.751,-1,0.057999999999992724,BACKFILL_AUTO
2026-07-13 10:50:58,1783939858,R_10,4800.868,1,0.11700000000018917,BACKFILL_AUTO
2026-07-13 10:51:00,1783939860,R_10,4801.063,1,0.19499999999970896,BACKFILL_AUTO
2026-07-13 10:51:02,1783939862,R_10,4801.175,1,0.11200000000008004,BACKFILL_AUTO
2026-07-13 10:51:04,1783939864,R_10,4801.087,-1,0.08799999999973807,BACKFILL_AUTO
2026-07-13 10:51:06,1783939866,R_10,4800.715,-1,0.3720000000002983,BACKFILL_AUTO
2026-07-13 10:51:08,1783939868,R_10,4800.671,-1,0.04399999999986903,BACKFILL_AUTO
2026-07-13 10:51:10,1783939870,R_10,4800.879,1,0.20799999999962893,BACKFILL_AUTO
2026-07-13 10:51:12,1783939872,R_10,4800.692,-1,0.18699999999989814,BACKFILL_AUTO
2026-07-13 10:51:14,1783939874,R_10,4800.733,1,0.04100000000016735,BACKFILL_AUTO
2026-07-13 10:51:16,1783939876,R_10,4800.939,1,0.20600000000013097,BACKFILL_AUTO
2026-07-13 10:51:18,1783939878,R_10,4801.003,1,0.0639999999993961,BACKFILL_AUTO
2026-07-13 10:51:20,1783939880,R_10,4800.998,-1,0.005000000000109139,BACKFILL_AUTO
2026-07-13 10:51:22,1783939882,R_10,4800.84,-1,0.15799999999944703,BACKFILL_AUTO
2026-07-13 10:51:24,1783939884,R_10,4800.932,1,0.09199999999964348,BACKFILL_AUTO
2026-07-13 10:51:26,1783939886,R_10,4800.87,-1,0.06199999999989814,BACKFILL_AUTO
2026-07-13 10:51:28,1783939888,R_10,4801.08,1,0.21000000000003638,BACKFILL_AUTO
2026-07-13 10:51:30,1783939890,R_10,4801.282,1,0.20200000000022555,BACKFILL_AUTO
2026-07-13 10:51:32,1783939892,R_10,4801.243,-1,0.03899999999975989,BACKFILL_AUTO
2026-07-13 10:51:34,1783939894,R_10,4801.393,1,0.1499999999996362,BACKFILL_AUTO
2026-07-13 10:51:36,1783939896,R_10,4801.207,-1,0.1859999999996944,BACKFILL_AUTO
2026-07-13 10:51:38,1783939898,R_10,4801.056,-1,0.15100000000074942,BACKFILL_AUTO
2026-07-13 10:51:40,1783939900,R_10,4801.334,1,0.2780000000002474,BACKFILL_AUTO
2026-07-13 10:51:42,1783939902,R_10,4801.414,1,0.07999999999992724,BACKFILL_AUTO
2026-07-13 10:51:44,1783939904,R_10,4801.486,1,0.07200000000011642,BACKFILL_AUTO
2026-07-13 10:51:46,1783939906,R_10,4801.405,-1,0.08100000000013097,BACKFILL_AUTO
2026-07-13 10:51:48,1783939908,R_10,4801.239,-1,0.16600000000016735,BACKFILL_AUTO
2026-07-13 10:51:50,1783939910,R_10,4801.055,-1,0.18399999999928696,BACKFILL_AUTO
2026-07-13 10:51:52,1783939912,R_10,4801.074,1,0.018999999999323336,BACKFILL_AUTO
2026-07-13 10:51:54,1783939914,R_10,4801.187,1,0.11300000000028376,BACKFILL_AUTO
2026-07-13 10:51:56,1783939916,R_10,4801.161,-1,0.02599999999983993,BACKFILL_AUTO
2026-07-13 10:51:58,1783939918,R_10,4801.23,1,0.06899999999950523,BACKFILL_AUTO
2026-07-13 10:52:00,1783939920,R_10,4801.267,1,0.037000000000261934,BACKFILL_AUTO
2026-07-13 10:52:02,1783939922,R_10,4801.142,-1,0.125,BACKFILL_AUTO
2026-07-13 10:52:04,1783939924,R_10,4801.113,-1,0.028999999999541615,BACKFILL_AUTO
2026-07-13 10:52:06,1783939926,R_10,4801.096,-1,0.01700000000073487,BACKFILL_AUTO
2026-07-13 10:52:08,1783939928,R_10,4801.004,-1,0.09199999999964348,BACKFILL_AUTO
2026-07-13 10:52:10,1783939930,R_10,4801.071,1,0.06700000000000728,BACKFILL_AUTO
2026-07-13 10:52:12,1783939932,R_10,4801.111,1,0.03999999999996362,BACKFILL_AUTO
2026-07-13 10:52:14,1783939934,R_10,4801.185,1,0.07400000000052387,BACKFILL_AUTO
2026-07-13 10:52:16,1783939936,R_10,4801.153,-1,0.032000000000152795,BACKFILL_AUTO
2026-07-13 10:52:18,1783939938,R_10,4801.226,1,0.07299999999941065,BACKFILL_AUTO
2026-07-13 10:52:20,1783939940,R_10,4801.187,-1,0.03899999999975989,BACKFILL_AUTO
2026-07-13 10:52:22,1783939942,R_10,4800.9,-1,0.28700000000026193,BACKFILL_AUTO
2026-07-13 10:52:24,1783939944,R_10,4800.923,1,0.023000000000138243,BACKFILL_AUTO
2026-07-13 10:52:26,1783939946,R_10,4800.962,1,0.03900000000066939,BACKFILL_AUTO
2026-07-13 10:52:28,1783939948,R_10,4800.979,1,0.016999999999825377,BACKFILL_AUTO
2026-07-13 10:52:30,1783939950,R_10,4800.57,-1,0.40900000000056025,BACKFILL_AUTO
2026-07-13 10:52:32,1783939952,R_10,4800.64,1,0.07000000000061846,BACKFILL_AUTO
2026-07-13 10:52:34,1783939954,R_10,4800.654,1,0.014000000000123691,BACKFILL_AUTO
2026-07-13 10:52:36,1783939956,R_10,4800.612,-1,0.042000000000371074,BACKFILL_AUTO
2026-07-13 10:52:38,1783939958,R_10,4800.475,-1,0.13699999999971624,BACKFILL_AUTO
2026-07-13 10:52:40,1783939960,R_10,4800.325,-1,0.1500000000005457,BACKFILL_AUTO
2026-07-13 10:52:42,1783939962,R_10,4800.197,-1,0.12799999999970169,BACKFILL_AUTO
2026-07-13 10:52:44,1783939964,R_10,4800.404,1,0.2070000000003347,BACKFILL_AUTO
2026-07-13 10:52:46,1783939966,R_10,4800.518,1,0.113999999999578,BACKFILL_AUTO
2026-07-13 10:52:48,1783939968,R_10,4800.451,-1,0.06700000000000728,BACKFILL_AUTO
2026-07-13 10:52:50,1783939970,R_10,4800.463,1,0.011999999999716238,BACKFILL_AUTO
2026-07-13 10:52:52,1783939972,R_10,4800.388,-1,0.0749999999998181,BACKFILL_AUTO
2026-07-13 10:52:54,1783939974,R_10,4800.219,-1,0.16899999999986903,BACKFILL_AUTO
2026-07-13 10:52:56,1783939976,R_10,4800.085,-1,0.13400000000001455,BACKFILL_AUTO
2026-07-13 10:52:58,1783939978,R_10,4800.019,-1,0.06599999999980355,BACKFILL_AUTO
2026-07-13 10:53:00,1783939980,R_10,4799.924,-1,0.09500000000025466,BACKFILL_AUTO
2026-07-13 10:53:02,1783939982,R_10,4799.926,1,0.0020000000004074536,BACKFILL_AUTO
2026-07-13 10:53:04,1783939984,R_10,4800.04,1,0.113999999999578,BACKFILL_AUTO
2026-07-13 10:53:06,1783939986,R_10,4799.973,-1,0.06700000000000728,BACKFILL_AUTO
2026-07-13 10:53:08,1783939988,R_10,4799.789,-1,0.18400000000019645,BACKFILL_AUTO
2026-07-13 10:53:10,1783939990,R_10,4799.892,1,0.10300000000006548,BACKFILL_AUTO
2026-07-13 10:53:12,1783939992,R_10,4799.864,-1,0.028000000000247383,BACKFILL_AUTO
2026-07-13 10:53:14,1783939994,R_10,4799.906,1,0.042000000000371074,BACKFILL_AUTO
2026-07-13 10:53:16,1783939996,R_10,4799.866,-1,0.03999999999996362,BACKFILL_AUTO
2026-07-13 10:53:18,1783939998,R_10,4799.841,-1,0.024999999999636202,BACKFILL_AUTO
2026-07-13 10:53:20,1783940000,R_10,4799.604,-1,0.23700000000008004,BACKFILL_AUTO
2026-07-13 10:53:22,1783940002,R_10,4799.652,1,0.047999999999774445,BACKFILL_AUTO
2026-07-13 10:53:24,1783940004,R_10,4799.57,-1,0.0820000000003347,BACKFILL_AUTO
2026-07-13 10:53:26,1783940006,R_10,4799.676,1,0.10600000000067666,BACKFILL_AUTO
2026-07-13 10:53:28,1783940008,R_10,4799.852,1,0.17599999999947613,BACKFILL_AUTO
2026-07-13 10:53:30,1783940010,R_10,4799.696,-1,0.15599999999994907,BACKFILL_AUTO
2026-07-13 10:53:32,1783940012,R_10,4799.612,-1,0.08399999999983265,BACKFILL_AUTO
2026-07-13 10:53:34,1783940014,R_10,4799.671,1,0.05900000000019645,BACKFILL_AUTO
2026-07-13 10:53:36,1783940016,R_10,4799.728,1,0.056999999999789,BACKFILL_AUTO
2026-07-13 10:53:38,1783940018,R_10,4799.718,-1,0.010000000000218279,BACKFILL_AUTO
2026-07-13 10:53:40,1783940020,R_10,4799.87,1,0.15200000000004366,BACKFILL_AUTO
2026-07-13 10:53:42,1783940022,R_10,4800.057,1,0.18699999999989814,BACKFILL_AUTO
2026-07-13 10:53:44,1783940024,R_10,4799.774,-1,0.282999999999447,BACKFILL_AUTO
2026-07-13 10:53:46,1783940026,R_10,4799.7,-1,0.07400000000052387,BACKFILL_AUTO
2026-07-13 10:53:48,1783940028,R_10,4799.689,-1,0.01099999999951251,BACKFILL_AUTO
2026-07-13 10:53:50,1783940030,R_10,4799.764,1,0.0749999999998181,BACKFILL_AUTO
2026-07-13 10:53:52,1783940032,R_10,4799.666,-1,0.09799999999995634,BACKFILL_AUTO
2026-07-13 10:53:54,1783940034,R_10,4799.719,1,0.052999999999883585,BACKFILL_AUTO
2026-07-13 10:53:56,1783940036,R_10,4799.92,1,0.20100000000002183,BACKFILL_AUTO
2026-07-13 10:53:58,1783940038,R_10,4799.975,1,0.05500000000029104,BACKFILL_AUTO
2026-07-13 10:54:00,1783940040,R_10,4799.889,-1,0.0860000000002401,BACKFILL_AUTO
2026-07-13 10:54:02,1783940042,R_10,4799.66,-1,0.2290000000002692,BACKFILL_AUTO
2026-07-13 10:54:04,1783940044,R_10,4799.756,1,0.09600000000045839,BACKFILL_AUTO
2026-07-13 10:54:06,1783940046,R_10,4799.738,-1,0.018000000000029104,BACKFILL_AUTO
2026-07-13 10:54:08,1783940048,R_10,4799.693,-1,0.04500000000007276,BACKFILL_AUTO
2026-07-13 10:54:10,1783940050,R_10,4799.847,1,0.15399999999954161,BACKFILL_AUTO
2026-07-13 10:54:12,1783940052,R_10,4800.163,1,0.31599999999980355,BACKFILL_AUTO
2026-07-13 10:54:14,1783940054,R_10,4800.111,-1,0.05199999999967986,BACKFILL_AUTO
2026-07-13 10:54:16,1783940056,R_10,4800.028,-1,0.08299999999962893,BACKFILL_AUTO
2026-07-13 10:54:18,1783940058,R_10,4800.01,-1,0.018000000000029104,BACKFILL_AUTO
2026-07-13 10:54:20,1783940060,R_10,4799.948,-1,0.06199999999989814,BACKFILL_AUTO
2026-07-13 10:54:22,1783940062,R_10,4799.884,-1,0.06400000000030559,BACKFILL_AUTO
2026-07-13 10:54:24,1783940064,R_10,4799.68,-1,0.2039999999997235,BACKFILL_AUTO
2026-07-13 10:54:26,1783940066,R_10,4799.824,1,0.14399999999932334,BACKFILL_AUTO
2026-07-13 10:54:28,1783940068,R_10,4799.772,-1,0.05199999999967986,BACKFILL_AUTO
2026-07-13 10:54:30,1783940070,R_10,4799.672,-1,0.1000000000003638,BACKFILL_AUTO
2026-07-13 10:54:32,1783940072,R_10,4799.645,-1,0.02699999999913416,BACKFILL_AUTO
2026-07-13 10:54:34,1783940074,R_10,4799.702,1,0.056999999999789,BACKFILL_AUTO
2026-07-13 10:54:36,1783940076,R_10,4799.871,1,0.16899999999986903,BACKFILL_AUTO
2026-07-13 10:54:38,1783940078,R_10,4799.815,-1,0.056000000000494765,BACKFILL_AUTO
2026-07-13 10:54:40,1783940080,R_10,4799.604,-1,0.2109999999993306,BACKFILL_AUTO
2026-07-13 10:54:42,1783940082,R_10,4799.594,-1,0.010000000000218279,BACKFILL_AUTO
2026-07-13 10:54:44,1783940084,R_10,4799.492,-1,0.10199999999986176,BACKFILL_AUTO
2026-07-13 10:54:46,1783940086,R_10,4799.259,-1,0.23300000000017462,BACKFILL_AUTO
2026-07-13 10:54:48,1783940088,R_10,4799.026,-1,0.23300000000017462,BACKFILL_AUTO
2026-07-13 10:54:50,1783940090,R_10,4798.889,-1,0.13699999999971624,BACKFILL_AUTO
2026-07-13 10:54:52,1783940092,R_10,4798.789,-1,0.1000000000003638,BACKFILL_AUTO
2026-07-13 10:54:54,1783940094,R_10,4798.655,-1,0.13400000000001455,BACKFILL_AUTO
2026-07-13 10:54:56,1783940096,R_10,4798.54,-1,0.11499999999978172,BACKFILL_AUTO
2026-07-13 10:54:58,1783940098,R_10,4798.35,-1,0.18999999999959982,BACKFILL_AUTO
2026-07-13 10:55:00,1783940100,R_10,4798.388,1,0.03799999999955617,BACKFILL_AUTO
2026-07-13 10:55:02,1783940102,R_10,4798.469,1,0.08100000000013097,BACKFILL_AUTO
2026-07-13 10:55:04,1783940104,R_10,4798.476,1,0.006999999999607098,BACKFILL_AUTO
2026-07-13 10:55:06,1783940106,R_10,4798.386,-1,0.08999999999923602,BACKFILL_AUTO
2026-07-13 10:55:08,1783940108,R_10,4798.367,-1,0.01900000000023283,BACKFILL_AUTO
2026-07-13 10:55:10,1783940110,R_10,4798.521,1,0.15399999999954161,BACKFILL_AUTO
2026-07-13 10:55:12,1783940112,R_10,4798.613,1,0.09200000000055297,BACKFILL_AUTO
2026-07-13 10:55:14,1783940114,R_10,4798.582,-1,0.03099999999994907,BACKFILL_AUTO
2026-07-13 10:55:16,1783940116,R_10,4798.611,1,0.028999999999541615,BACKFILL_AUTO
2026-07-13 10:55:18,1783940118,R_10,4798.771,1,0.15999999999985448,BACKFILL_AUTO
2026-07-13 10:55:20,1783940120,R_10,4798.946,1,0.1750000000001819,BACKFILL_AUTO
2026-07-13 10:55:22,1783940122,R_10,4799.102,1,0.15599999999994907,BACKFILL_AUTO
2026-07-13 10:55:24,1783940124,R_10,4798.892,-1,0.21000000000003638,BACKFILL_AUTO
2026-07-13 10:55:26,1783940126,R_10,4798.689,-1,0.2029999999995198,BACKFILL_AUTO
2026-07-13 10:55:28,1783940128,R_10,4798.892,1,0.2029999999995198,BACKFILL_AUTO
2026-07-13 10:55:30,1783940130,R_10,4798.863,-1,0.028999999999541615,BACKFILL_AUTO
2026-07-13 10:55:32,1783940132,R_10,4798.633,-1,0.23000000000047294,BACKFILL_AUTO
2026-07-13 10:55:34,1783940134,R_10,4798.567,-1,0.06599999999980355,BACKFILL_AUTO
2026-07-13 10:55:36,1783940136,R_10,4798.632,1,0.06499999999959982,BACKFILL_AUTO
2026-07-13 10:55:38,1783940138,R_10,4798.501,-1,0.13099999999940337,BACKFILL_AUTO
2026-07-13 10:55:40,1783940140,R_10,4798.439,-1,0.06199999999989814,BACKFILL_AUTO
2026-07-13 10:55:42,1783940142,R_10,4798.409,-1,0.030000000000654836,BACKFILL_AUTO
2026-07-13 10:55:44,1783940144,R_10,4798.249,-1,0.15999999999985448,BACKFILL_AUTO
2026-07-13 10:55:46,1783940146,R_10,4798.218,-1,0.03099999999994907,BACKFILL_AUTO
2026-07-13 10:55:48,1783940148,R_10,4798.224,1,0.006000000000312866,BACKFILL_AUTO
2026-07-13 10:55:50,1783940150,R_10,4798.251,1,0.027000000000043656,BACKFILL_AUTO
2026-07-13 10:55:52,1783940152,R_10,4798.439,1,0.18800000000010186,BACKFILL_AUTO
2026-07-13 10:55:54,1783940154,R_10,4798.653,1,0.2139999999999418,BACKFILL_AUTO
2026-07-13 10:55:56,1783940156,R_10,4798.592,-1,0.061000000000603904,BACKFILL_AUTO
2026-07-13 10:55:58,1783940158,R_10,4798.568,-1,0.023999999999432475,BACKFILL_AUTO
2026-07-13 10:56:00,1783940160,R_10,4798.4,-1,0.1680000000005748,BACKFILL_AUTO
2026-07-13 10:56:02,1783940162,R_10,4798.4,0,0.0,BACKFILL_AUTO
2026-07-13 10:56:04,1783940164,R_10,4798.39,-1,0.009999999999308784,BACKFILL_AUTO
2026-07-13 10:56:06,1783940166,R_10,4798.358,-1,0.032000000000152795,BACKFILL_AUTO
2026-07-13 10:56:08,1783940168,R_10,4798.478,1,0.11999999999989086,BACKFILL_AUTO
2026-07-13 10:56:10,1783940170,R_10,4798.465,-1,0.012999999999919964,BACKFILL_AUTO
2026-07-13 10:56:12,1783940172,R_10,4798.477,1,0.011999999999716238,BACKFILL_AUTO
2026-07-13 10:56:14,1783940174,R_10,4798.435,-1,0.04199999999946158,BACKFILL_AUTO
2026-07-13 10:56:16,1783940176,R_10,4798.251,-1,0.18400000000019645,BACKFILL_AUTO
2026-07-13 10:56:18,1783940178,R_10,4798.11,-1,0.14100000000053114,BACKFILL_AUTO
2026-07-13 10:56:20,1783940180,R_10,4798.115,1,0.005000000000109139,BACKFILL_AUTO
2026-07-13 10:56:22,1783940182,R_10,4798.53,1,0.4149999999999636,BACKFILL_AUTO
2026-07-13 10:56:24,1783940184,R_10,4798.626,1,0.09600000000045839,BACKFILL_AUTO
2026-07-13 10:56:26,1783940186,R_10,4798.642,1,0.01599999999962165,BACKFILL_AUTO
2026-07-13 10:56:28,1783940188,R_10,4798.711,1,0.06900000000041473,BACKFILL_AUTO
2026-07-13 10:56:30,1783940190,R_10,4798.772,1,0.06099999999969441,BACKFILL_AUTO
2026-07-13 10:56:32,1783940192,R_10,4798.752,-1,0.019999999999527063,BACKFILL_AUTO
2026-07-13 10:56:34,1783940194,R_10,4798.463,-1,0.2890000000006694,BACKFILL_AUTO
2026-07-13 10:56:36,1783940196,R_10,4798.541,1,0.07800000000042928,BACKFILL_AUTO
2026-07-13 10:56:38,1783940198,R_10,4798.307,-1,0.23400000000037835,BACKFILL_AUTO
2026-07-13 10:56:40,1783940200,R_10,4798.375,1,0.068000000000211,BACKFILL_AUTO
2026-07-13 10:56:42,1783940202,R_10,4798.175,-1,0.1999999999998181,BACKFILL_AUTO
2026-07-13 10:56:44,1783940204,R_10,4797.835,-1,0.3400000000001455,BACKFILL_AUTO
2026-07-13 10:56:46,1783940206,R_10,4797.819,-1,0.01599999999962165,BACKFILL_AUTO
2026-07-13 10:56:48,1783940208,R_10,4797.873,1,0.05399999999917782,BACKFILL_AUTO
2026-07-13 10:56:50,1783940210,R_10,4797.896,1,0.023000000000138243,BACKFILL_AUTO
2026-07-13 10:56:52,1783940212,R_10,4797.864,-1,0.032000000000152795,BACKFILL_AUTO
2026-07-13 10:56:54,1783940214,R_10,4798.055,1,0.19100000000071304,BACKFILL_AUTO
2026-07-13 10:56:56,1783940216,R_10,4798.069,1,0.014000000000123691,BACKFILL_AUTO
2026-07-13 10:56:58,1783940218,R_10,4798.178,1,0.10899999999946886,BACKFILL_AUTO
2026-07-13 10:57:00,1783940220,R_10,4798.332,1,0.1540000000004511,BACKFILL_AUTO
2026-07-13 10:57:02,1783940222,R_10,4798.312,-1,0.020000000000436557,BACKFILL_AUTO
2026-07-13 10:57:04,1783940224,R_10,4798.44,1,0.12799999999970169,BACKFILL_AUTO
2026-07-13 10:57:06,1783940226,R_10,4798.536,1,0.09600000000045839,BACKFILL_AUTO
2026-07-13 10:57:08,1783940228,R_10,4798.732,1,0.1959999999999127,BACKFILL_AUTO
2026-07-13 10:57:10,1783940230,R_10,4798.897,1,0.16499999999996362,BACKFILL_AUTO
2026-07-13 10:57:12,1783940232,R_10,4798.781,-1,0.11599999999998545,BACKFILL_AUTO
2026-07-13 10:57:14,1783940234,R_10,4798.95,1,0.16899999999986903,BACKFILL_AUTO
2026-07-13 10:57:16,1783940236,R_10,4798.836,-1,0.113999999999578,BACKFILL_AUTO
2026-07-13 10:57:18,1783940238,R_10,4798.789,-1,0.04700000000048021,BACKFILL_AUTO
2026-07-13 10:57:20,1783940240,R_10,4798.746,-1,0.042999999999665306,BACKFILL_AUTO
2026-07-13 10:57:22,1783940242,R_10,4798.73,-1,0.016000000000531145,BACKFILL_AUTO
2026-07-13 10:57:24,1783940244,R_10,4798.59,-1,0.13999999999941792,BACKFILL_AUTO
2026-07-13 10:57:26,1783940246,R_10,4798.452,-1,0.13799999999991996,BACKFILL_AUTO
2026-07-13 10:57:28,1783940248,R_10,4798.181,-1,0.2710000000006403,BACKFILL_AUTO
2026-07-13 10:57:30,1783940250,R_10,4798.182,1,0.0010000000002037268,BACKFILL_AUTO
2026-07-13 10:57:32,1783940252,R_10,4798.31,1,0.12800000000061118,BACKFILL_AUTO
2026-07-13 10:57:34,1783940254,R_10,4798.391,1,0.08099999999922147,BACKFILL_AUTO
2026-07-13 10:57:36,1783940256,R_10,4798.534,1,0.1430000000000291,BACKFILL_AUTO
2026-07-13 10:57:38,1783940258,R_10,4798.379,-1,0.15499999999974534,BACKFILL_AUTO
2026-07-13 10:57:40,1783940260,R_10,4798.435,1,0.056000000000494765,BACKFILL_AUTO
2026-07-13 10:57:42,1783940262,R_10,4798.459,1,0.023999999999432475,BACKFILL_AUTO
2026-07-13 10:57:44,1783940264,R_10,4798.397,-1,0.06199999999989814,BACKFILL_AUTO
2026-07-13 10:57:46,1783940266,R_10,4798.247,-1,0.1499999999996362,BACKFILL_AUTO
2026-07-13 10:57:48,1783940268,R_10,4798.256,1,0.009000000000014552,BACKFILL_AUTO
2026-07-13 10:57:50,1783940270,R_10,4798.179,-1,0.07700000000022555,BACKFILL_AUTO
2026-07-13 10:57:52,1783940272,R_10,4798.376,1,0.19700000000011642,BACKFILL_AUTO
2026-07-13 10:57:54,1783940274,R_10,4798.345,-1,0.03099999999994907,BACKFILL_AUTO
2026-07-13 10:57:56,1783940276,R_10,4798.325,-1,0.020000000000436557,BACKFILL_AUTO
2026-07-13 10:57:58,1783940278,R_10,4798.211,-1,0.113999999999578,BACKFILL_AUTO
2026-07-13 10:58:00,1783940280,R_10,4798.068,-1,0.1430000000000291,BACKFILL_AUTO
2026-07-13 10:58:02,1783940282,R_10,4798.131,1,0.06300000000010186,BACKFILL_AUTO
2026-07-13 10:58:04,1783940284,R_10,4798.09,-1,0.04100000000016735,BACKFILL_AUTO
2026-07-13 10:58:06,1783940286,R_10,4798.214,1,0.12399999999979627,BACKFILL_AUTO
2026-07-13 10:58:08,1783940288,R_10,4798.251,1,0.037000000000261934,BACKFILL_AUTO
2026-07-13 10:58:10,1783940290,R_10,4798.166,-1,0.08500000000003638,BACKFILL_AUTO
2026-07-13 10:58:12,1783940292,R_10,4798.137,-1,0.02900000000045111,BACKFILL_AUTO
2026-07-13 10:58:14,1783940294,R_10,4797.967,-1,0.17000000000007276,BACKFILL_AUTO
2026-07-13 10:58:16,1783940296,R_10,4797.951,-1,0.01599999999962165,BACKFILL_AUTO
2026-07-13 10:58:18,1783940298,R_10,4797.991,1,0.03999999999996362,BACKFILL_AUTO
2026-07-13 10:58:20,1783940300,R_10,4797.982,-1,0.009000000000014552,BACKFILL_AUTO
2026-07-13 10:58:22,1783940302,R_10,4798.064,1,0.0820000000003347,BACKFILL_AUTO
2026-07-13 10:58:24,1783940304,R_10,4798.099,1,0.03499999999985448,BACKFILL_AUTO
2026-07-13 10:58:26,1783940306,R_10,4797.961,-1,0.13799999999991996,BACKFILL_AUTO
2026-07-13 10:58:28,1783940308,R_10,4798.189,1,0.22800000000006548,BACKFILL_AUTO
2026-07-13 10:58:30,1783940310,R_10,4798.213,1,0.023999999999432475,BACKFILL_AUTO
2026-07-13 10:58:32,1783940312,R_10,4798.124,-1,0.08899999999994179,BACKFILL_AUTO
2026-07-13 10:58:34,1783940314,R_10,4798.313,1,0.1890000000003056,BACKFILL_AUTO
2026-07-13 10:58:36,1783940316,R_10,4798.432,1,0.11899999999968713,BACKFILL_AUTO
2026-07-13 10:58:38,1783940318,R_10,4798.587,1,0.15500000000065484,BACKFILL_AUTO
2026-07-13 10:58:40,1783940320,R_10,4798.555,-1,0.032000000000152795,BACKFILL_AUTO
2026-07-13 10:58:42,1783940322,R_10,4798.431,-1,0.12400000000070577,BACKFILL_AUTO
2026-07-13 10:58:44,1783940324,R_10,4798.633,1,0.20200000000022555,BACKFILL_AUTO
2026-07-13 10:58:46,1783940326,R_10,4798.673,1,0.03999999999996362,BACKFILL_AUTO
2026-07-13 10:58:48,1783940328,R_10,4798.666,-1,0.006999999999607098,BACKFILL_AUTO
2026-07-13 10:58:50,1783940330,R_10,4798.599,-1,0.06700000000000728,BACKFILL_AUTO
2026-07-13 10:58:52,1783940332,R_10,4798.698,1,0.09900000000016007,BACKFILL_AUTO
2026-07-13 10:58:54,1783940334,R_10,4798.621,-1,0.07700000000022555,BACKFILL_AUTO
2026-07-13 10:58:56,1783940336,R_10,4798.59,-1,0.03099999999994907,BACKFILL_AUTO
2026-07-13 10:58:58,1783940338,R_10,4798.446,-1,0.14400000000023283,BACKFILL_AUTO
2026-07-13 10:59:00,1783940340,R_10,4798.344,-1,0.10199999999986176,BACKFILL_AUTO
2026-07-13 10:59:02,1783940342,R_10,4798.246,-1,0.09799999999995634,BACKFILL_AUTO
2026-07-13 10:59:04,1783940344,R_10,4798.446,1,0.1999999999998181,BACKFILL_AUTO
2026-07-13 10:59:06,1783940346,R_10,4798.611,1,0.16499999999996362,BACKFILL_AUTO
2026-07-13 10:59:08,1783940348,R_10,4798.558,-1,0.052999999999883585,BACKFILL_AUTO
2026-07-13 10:59:10,1783940350,R_10,4798.385,-1,0.17299999999977445,BACKFILL_AUTO
2026-07-13 10:59:12,1783940352,R_10,4798.553,1,0.1679999999996653,BACKFILL_AUTO
2026-07-13 10:59:14,1783940354,R_10,4798.51,-1,0.042999999999665306,BACKFILL_AUTO
2026-07-13 10:59:16,1783940356,R_10,4798.504,-1,0.006000000000312866,BACKFILL_AUTO
2026-07-13 10:59:18,1783940358,R_10,4798.246,-1,0.2579999999998108,BACKFILL_AUTO
2026-07-13 10:59:20,1783940360,R_10,4798.115,-1,0.13100000000031287,BACKFILL_AUTO
2026-07-13 10:59:22,1783940362,R_10,4798.093,-1,0.021999999999934516,BACKFILL_AUTO
2026-07-13 10:59:24,1783940364,R_10,4798.043,-1,0.0500000000001819,BACKFILL_AUTO
2026-07-13 10:59:26,1783940366,R_10,4798.112,1,0.06900000000041473,BACKFILL_AUTO
2026-07-13 10:59:28,1783940368,R_10,4797.888,-1,0.22400000000016007,BACKFILL_AUTO
2026-07-13 10:59:30,1783940370,R_10,4797.959,1,0.07099999999991269,BACKFILL_AUTO
2026-07-13 10:59:32,1783940372,R_10,4797.886,-1,0.07299999999941065,BACKFILL_AUTO
2026-07-13 10:59:34,1783940374,R_10,4797.881,-1,0.005000000000109139,BACKFILL_AUTO
2026-07-13 10:59:36,1783940376,R_10,4797.74,-1,0.14100000000053114,BACKFILL_AUTO
2026-07-13 10:59:38,1783940378,R_10,4797.58,-1,0.15999999999985448,BACKFILL_AUTO
2026-07-13 10:59:40,1783940380,R_10,4797.628,1,0.047999999999774445,BACKFILL_AUTO
2026-07-13 10:59:42,1783940382,R_10,4797.665,1,0.037000000000261934,BACKFILL_AUTO
2026-07-13 10:59:44,1783940384,R_10,4797.638,-1,0.027000000000043656,BACKFILL_AUTO
2026-07-13 10:59:46,1783940386,R_10,4797.632,-1,0.006000000000312866,BACKFILL_AUTO
2026-07-13 10:59:48,1783940388,R_10,4797.515,-1,0.11699999999927968,BACKFILL_AUTO
2026-07-13 10:59:50,1783940390,R_10,4797.605,1,0.08999999999923602,BACKFILL_AUTO
2026-07-13 10:59:52,1783940392,R_10,4797.81,1,0.20500000000083674,BACKFILL_AUTO
2026-07-13 10:59:54,1783940394,R_10,4798.016,1,0.20599999999922147,BACKFILL_AUTO
2026-07-13 10:59:56,1783940396,R_10,4797.892,-1,0.12399999999979627,BACKFILL_AUTO
2026-07-13 10:59:58,1783940398,R_10,4797.904,1,0.012000000000625732,BACKFILL_AUTO
2026-07-13 11:00:00,1783940400,R_10,4797.807,-1,0.09700000000066211,BACKFILL_AUTO
2026-07-13 11:00:02,1783940402,R_10,4797.847,1,0.03999999999996362,BACKFILL_AUTO
2026-07-13 11:00:04,1783940404,R_10,4797.838,-1,0.009000000000014552,BACKFILL_AUTO
2026-07-13 11:00:06,1783940406,R_10,4797.975,1,0.13700000000062573,BACKFILL_AUTO
2026-07-13 11:00:08,1783940408,R_10,4797.988,1,0.012999999999919964,BACKFILL_AUTO
2026-07-13 11:00:10,1783940410,R_10,4797.763,-1,0.2250000000003638,BACKFILL_AUTO
2026-07-13 11:00:12,1783940412,R_10,4797.466,-1,0.2969999999995707,BACKFILL_AUTO
2026-07-13 11:00:14,1783940414,R_10,4797.658,1,0.19200000000000728,BACKFILL_AUTO
2026-07-13 11:00:16,1783940416,R_10,4797.508,-1,0.1500000000005457,BACKFILL_AUTO
2026-07-13 11:00:18,1783940418,R_10,4797.507,-1,0.0010000000002037268,BACKFILL_AUTO
2026-07-13 11:00:20,1783940420,R_10,4797.56,1,0.05300000000079308,BACKFILL_AUTO
2026-07-13 11:00:22,1783940422,R_10,4797.579,1,0.018999999999323336,BACKFILL_AUTO
2026-07-13 11:00:24,1783940424,R_10,4797.705,1,0.12600000000020373,BACKFILL_AUTO
2026-07-13 11:00:26,1783940426,R_10,4797.72,1,0.015000000000327418,BACKFILL_AUTO
2026-07-13 11:00:28,1783940428,R_10,4797.932,1,0.21199999999953434,BACKFILL_AUTO
2026-07-13 11:00:30,1783940430,R_10,4797.976,1,0.04399999999986903,BACKFILL_AUTO
2026-07-13 11:00:32,1783940432,R_10,4797.965,-1,0.01099999999951251,BACKFILL_AUTO
2026-07-13 11:00:34,1783940434,R_10,4798.112,1,0.14699999999993452,BACKFILL_AUTO
2026-07-13 11:00:36,1783940436,R_10,4798.127,1,0.015000000000327418,BACKFILL_AUTO
2026-07-13 11:00:38,1783940438,R_10,4798.209,1,0.0819999999994252,BACKFILL_AUTO
2026-07-13 11:00:40,1783940440,R_10,4798.259,1,0.0500000000001819,BACKFILL_AUTO
2026-07-13 11:00:42,1783940442,R_10,4798.257,-1,0.0020000000004074536,BACKFILL_AUTO
2026-07-13 11:00:44,1783940444,R_10,4798.163,-1,0.09400000000005093,BACKFILL_AUTO
2026-07-13 11:00:46,1783940446,R_10,4798.228,1,0.06500000000050932,BACKFILL_AUTO
2026-07-13 11:00:48,1783940448,R_10,4798.2,-1,0.028000000000247383,BACKFILL_AUTO
2026-07-13 11:00:50,1783940450,R_10,4798.395,1,0.19500000000061846,BACKFILL_AUTO
2026-07-13 11:00:52,1783940452,R_10,4798.553,1,0.15799999999944703,BACKFILL_AUTO
2026-07-13 11:00:54,1783940454,R_10,4798.484,-1,0.06899999999950523,BACKFILL_AUTO
2026-07-13 11:00:56,1783940456,R_10,4798.538,1,0.05399999999917782,BACKFILL_AUTO
2026-07-13 11:00:58,1783940458,R_10,4798.498,-1,0.03999999999996362,BACKFILL_AUTO
2026-07-13 11:01:00,1783940460,R_10,4798.646,1,0.14800000000013824,BACKFILL_AUTO
2026-07-13 11:01:02,1783940462,R_10,4798.409,-1,0.23700000000008004,BACKFILL_AUTO
2026-07-13 11:01:04,1783940464,R_10,4798.357,-1,0.05199999999967986,BACKFILL_AUTO
2026-07-13 11:01:06,1783940466,R_10,4798.48,1,0.12299999999959255,BACKFILL_AUTO
2026-07-13 11:01:08,1783940468,R_10,4798.585,1,0.10500000000047294,BACKFILL_AUTO
2026-07-13 11:01:10,1783940470,R_10,4798.614,1,0.028999999999541615,BACKFILL_AUTO
2026-07-13 11:01:12,1783940472,R_10,4798.567,-1,0.04699999999957072,BACKFILL_AUTO
2026-07-13 11:01:14,1783940474,R_10,4798.563,-1,0.0039999999999054126,BACKFILL_AUTO
2026-07-13 11:01:16,1783940476,R_10,4798.54,-1,0.023000000000138243,BACKFILL_AUTO
2026-07-13 11:01:18,1783940478,R_10,4798.359,-1,0.18099999999958527,BACKFILL_AUTO
2026-07-13 11:01:20,1783940480,R_10,4798.419,1,0.05999999999949068,BACKFILL_AUTO
2026-07-13 11:01:22,1783940482,R_10,4798.411,-1,0.007999999999810825,BACKFILL_AUTO
2026-07-13 11:01:24,1783940484,R_10,4798.236,-1,0.1750000000001819,BACKFILL_AUTO
2026-07-13 11:01:26,1783940486,R_10,4797.982,-1,0.2539999999999054,BACKFILL_AUTO
2026-07-13 11:01:28,1783940488,R_10,4797.957,-1,0.024999999999636202,BACKFILL_AUTO
2026-07-13 11:01:30,1783940490,R_10,4798.016,1,0.058999999999286956,BACKFILL_AUTO
2026-07-13 11:01:32,1783940492,R_10,4798.369,1,0.3530000000000655,BACKFILL_AUTO
2026-07-13 11:01:34,1783940494,R_10,4798.364,-1,0.005000000000109139,BACKFILL_AUTO
2026-07-13 11:01:36,1783940496,R_10,4798.387,1,0.023000000000138243,BACKFILL_AUTO
2026-07-13 11:01:38,1783940498,R_10,4798.428,1,0.04100000000016735,BACKFILL_AUTO
2026-07-13 11:01:40,1783940500,R_10,4798.459,1,0.03099999999994907,BACKFILL_AUTO
2026-07-13 11:01:42,1783940502,R_10,4798.469,1,0.010000000000218279,BACKFILL_AUTO
2026-07-13 11:01:44,1783940504,R_10,4798.292,-1,0.17699999999967986,BACKFILL_AUTO
2026-07-13 11:01:46,1783940506,R_10,4798.337,1,0.04500000000007276,BACKFILL_AUTO
2026-07-13 11:01:48,1783940508,R_10,4798.213,-1,0.12400000000070577,BACKFILL_AUTO
2026-07-13 11:01:50,1783940510,R_10,4798.322,1,0.10900000000037835,BACKFILL_AUTO
2026-07-13 11:01:52,1783940512,R_10,4798.162,-1,0.15999999999985448,BACKFILL_AUTO
2026-07-13 11:01:54,1783940514,R_10,4798.167,1,0.005000000000109139,BACKFILL_AUTO
2026-07-13 11:01:56,1783940516,R_10,4797.957,-1,0.21000000000003638,BACKFILL_AUTO
2026-07-13 11:01:58,1783940518,R_10,4797.778,-1,0.1790000000000873,BACKFILL_AUTO
2026-07-13 11:02:00,1783940520,R_10,4797.837,1,0.05900000000019645,BACKFILL_AUTO
2026-07-13 11:02:02,1783940522,R_10,4797.876,1,0.03899999999975989,BACKFILL_AUTO
2026-07-13 11:02:04,1783940524,R_10,4797.788,-1,0.08800000000064756,BACKFILL_AUTO
2026-07-13 11:02:06,1783940526,R_10,4797.968,1,0.18000000000029104,BACKFILL_AUTO
2026-07-13 11:02:08,1783940528,R_10,4797.882,-1,0.0860000000002401,BACKFILL_AUTO
2026-07-13 11:02:10,1783940530,R_10,4797.918,1,0.03600000000005821,BACKFILL_AUTO
2026-07-13 11:02:12,1783940532,R_10,4797.835,-1,0.08299999999962893,BACKFILL_AUTO
2026-07-13 11:02:14,1783940534,R_10,4797.742,-1,0.0929999999998472,BACKFILL_AUTO
2026-07-13 11:02:16,1783940536,R_10,4797.836,1,0.09400000000005093,BACKFILL_AUTO
2026-07-13 11:02:18,1783940538,R_10,4797.748,-1,0.08800000000064756,BACKFILL_AUTO
2026-07-13 11:02:20,1783940540,R_10,4797.756,1,0.00800000000072032,BACKFILL_AUTO
2026-07-13 11:02:22,1783940542,R_10,4797.654,-1,0.10199999999986176,BACKFILL_AUTO
2026-07-13 11:02:24,1783940544,R_10,4797.62,-1,0.03400000000056025,BACKFILL_AUTO
2026-07-13 11:02:26,1783940546,R_10,4797.299,-1,0.3209999999999127,BACKFILL_AUTO
2026-07-13 11:02:28,1783940548,R_10,4797.41,1,0.11099999999987631,BACKFILL_AUTO
2026-07-13 11:02:30,1783940550,R_10,4797.416,1,0.006000000000312866,BACKFILL_AUTO
2026-07-13 11:02:32,1783940552,R_10,4797.203,-1,0.21299999999973807,BACKFILL_AUTO
2026-07-13 11:02:34,1783940554,R_10,4797.121,-1,0.0820000000003347,BACKFILL_AUTO
2026-07-13 11:02:36,1783940556,R_10,4797.32,1,0.19899999999961437,BACKFILL_AUTO
2026-07-13 11:02:38,1783940558,R_10,4797.387,1,0.06700000000000728,BACKFILL_AUTO
2026-07-13 11:02:40,1783940560,R_10,4797.501,1,0.11400000000048749,BACKFILL_AUTO
2026-07-13 11:02:42,1783940562,R_10,4797.489,-1,0.012000000000625732,BACKFILL_AUTO
2026-07-13 11:02:44,1783940564,R_10,4797.657,1,0.1680000000005748,BACKFILL_AUTO
2026-07-13 11:02:46,1783940566,R_10,4797.619,-1,0.03800000000046566,BACKFILL_AUTO
2026-07-13 11:02:48,1783940568,R_10,4797.5,-1,0.11899999999968713,BACKFILL_AUTO
2026-07-13 11:02:50,1783940570,R_10,4797.365,-1,0.13500000000021828,BACKFILL_AUTO
2026-07-13 11:02:52,1783940572,R_10,4797.232,-1,0.13299999999981083,BACKFILL_AUTO
2026-07-13 11:02:54,1783940574,R_10,4797.31,1,0.07800000000042928,BACKFILL_AUTO
2026-07-13 11:02:56,1783940576,R_10,4797.304,-1,0.006000000000312866,BACKFILL_AUTO
2026-07-13 11:02:58,1783940578,R_10,4797.433,1,0.1289999999999054,BACKFILL_AUTO
2026-07-13 11:03:00,1783940580,R_10,4797.401,-1,0.032000000000152795,BACKFILL_AUTO
2026-07-13 11:03:02,1783940582,R_10,4797.494,1,0.0929999999998472,BACKFILL_AUTO
2026-07-13 11:03:04,1783940584,R_10,4797.353,-1,0.14099999999962165,BACKFILL_AUTO
2026-07-13 11:03:06,1783940586,R_10,4797.253,-1,0.1000000000003638,BACKFILL_AUTO
2026-07-13 11:03:08,1783940588,R_10,4797.237,-1,0.01599999999962165,BACKFILL_AUTO
2026-07-13 11:03:10,1783940590,R_10,4796.936,-1,0.3010000000003856,BACKFILL_AUTO
2026-07-13 11:03:12,1783940592,R_10,4797.063,1,0.12700000000040745,BACKFILL_AUTO
2026-07-13 11:03:14,1783940594,R_10,4796.908,-1,0.15499999999974534,BACKFILL_AUTO
2026-07-13 11:03:16,1783940596,R_10,4796.721,-1,0.18700000000080763,BACKFILL_AUTO
2026-07-13 11:03:18,1783940598,R_10,4796.824,1,0.10300000000006548,BACKFILL_AUTO
2026-07-13 11:03:20,1783940600,R_10,4796.827,1,0.0030000000006111804,BACKFILL_AUTO
2026-07-13 11:03:22,1783940602,R_10,4796.615,-1,0.21200000000044383,BACKFILL_AUTO
2026-07-13 11:03:24,1783940604,R_10,4796.435,-1,0.17999999999938154,BACKFILL_AUTO
2026-07-13 11:03:26,1783940606,R_10,4796.405,-1,0.030000000000654836,BACKFILL_AUTO
2026-07-13 11:03:28,1783940608,R_10,4796.469,1,0.06400000000030559,BACKFILL_AUTO
2026-07-13 11:03:30,1783940610,R_10,4796.516,1,0.04699999999957072,BACKFILL_AUTO
2026-07-13 11:03:32,1783940612,R_10,4796.428,-1,0.08799999999973807,BACKFILL_AUTO
2026-07-13 11:03:34,1783940614,R_10,4796.483,1,0.05500000000029104,BACKFILL_AUTO
2026-07-13 11:03:36,1783940616,R_10,4796.527,1,0.04399999999986903,BACKFILL_AUTO
2026-07-13 11:03:38,1783940618,R_10,4796.548,1,0.02099999999973079,BACKFILL_AUTO
2026-07-13 11:03:40,1783940620,R_10,4796.571,1,0.023000000000138243,BACKFILL_AUTO
2026-07-13 11:03:42,1783940622,R_10,4796.582,1,0.011000000000422006,BACKFILL_AUTO
2026-07-13 11:03:44,1783940624,R_10,4796.509,-1,0.07300000000032014,BACKFILL_AUTO
2026-07-13 11:03:46,1783940626,R_10,4796.574,1,0.06499999999959982,BACKFILL_AUTO
2026-07-13 11:03:48,1783940628,R_10,4796.671,1,0.09700000000066211,BACKFILL_AUTO
2026-07-13 11:03:50,1783940630,R_10,4796.631,-1,0.03999999999996362,BACKFILL_AUTO
2026-07-13 11:03:52,1783940632,R_10,4796.736,1,0.10499999999956344,BACKFILL_AUTO
2026-07-13 11:03:54,1783940634,R_10,4796.723,-1,0.012999999999919964,BACKFILL_AUTO
2026-07-13 11:03:56,1783940636,R_10,4796.711,-1,0.011999999999716238,BACKFILL_AUTO
2026-07-13 11:03:58,1783940638,R_10,4796.74,1,0.028999999999541615,BACKFILL_AUTO
2026-07-13 11:04:00,1783940640,R_10,4796.886,1,0.14600000000064028,BACKFILL_AUTO
2026-07-13 11:04:02,1783940642,R_10,4796.867,-1,0.01900000000023283,BACKFILL_AUTO
2026-07-13 11:04:04,1783940644,R_10,4796.793,-1,0.07400000000052387,BACKFILL_AUTO
2026-07-13 11:04:06,1783940646,R_10,4796.641,-1,0.15200000000004366,BACKFILL_AUTO
2026-07-13 11:04:08,1783940648,R_10,4796.796,1,0.15500000000065484,BACKFILL_AUTO
2026-07-13 11:04:10,1783940650,R_10,4796.636,-1,0.15999999999985448,BACKFILL_AUTO
2026-07-13 11:04:12,1783940652,R_10,4796.792,1,0.15599999999994907,BACKFILL_AUTO
2026-07-13 11:04:14,1783940654,R_10,4796.904,1,0.11200000000008004,BACKFILL_AUTO
2026-07-13 11:04:16,1783940656,R_10,4796.846,-1,0.05800000000090222,BACKFILL_AUTO
2026-07-13 11:04:18,1783940658,R_10,4796.784,-1,0.06199999999989814,BACKFILL_AUTO
2026-07-13 11:04:20,1783940660,R_10,4796.697,-1,0.08699999999953434,BACKFILL_AUTO
2026-07-13 11:04:22,1783940662,R_10,4796.901,1,0.2039999999997235,BACKFILL_AUTO
2026-07-13 11:04:24,1783940664,R_10,4796.994,1,0.0929999999998472,BACKFILL_AUTO
2026-07-13 11:04:26,1783940666,R_10,4796.983,-1,0.01099999999951251,BACKFILL_AUTO
2026-07-13 11:04:28,1783940668,R_10,4796.865,-1,0.1180000000003929,BACKFILL_AUTO
2026-07-13 11:04:30,1783940670,R_10,4796.989,1,0.12399999999979627,BACKFILL_AUTO
2026-07-13 11:04:32,1783940672,R_10,4797.08,1,0.09100000000034925,BACKFILL_AUTO
2026-07-13 11:04:34,1783940674,R_10,4797.094,1,0.014000000000123691,BACKFILL_AUTO
2026-07-13 11:04:36,1783940676,R_10,4797.145,1,0.051000000000385626,BACKFILL_AUTO
2026-07-13 11:04:38,1783940678,R_10,4797.001,-1,0.14400000000023283,BACKFILL_AUTO
2026-07-13 11:04:40,1783940680,R_10,4796.904,-1,0.09699999999975262,BACKFILL_AUTO
2026-07-13 11:04:42,1783940682,R_10,4796.822,-1,0.0820000000003347,BACKFILL_AUTO
2026-07-13 11:04:44,1783940684,R_10,4796.884,1,0.06199999999989814,BACKFILL_AUTO
2026-07-13 11:04:46,1783940686,R_10,4797.032,1,0.14800000000013824,BACKFILL_AUTO
2026-07-13 11:04:48,1783940688,R_10,4797.082,1,0.0500000000001819,BACKFILL_AUTO
2026-07-13 11:04:50,1783940690,R_10,4797.114,1,0.0319999999992433,BACKFILL_AUTO
2026-07-13 11:04:52,1783940692,R_10,4797.299,1,0.18500000000040018,BACKFILL_AUTO
2026-07-13 11:04:54,1783940694,R_10,4797.433,1,0.13400000000001455,BACKFILL_AUTO
2026-07-13 11:04:56,1783940696,R_10,4797.539,1,0.10599999999976717,BACKFILL_AUTO
2026-07-13 11:04:58,1783940698,R_10,4797.53,-1,0.009000000000014552,BACKFILL_AUTO
2026-07-13 11:05:00,1783940700,R_10,4797.378,-1,0.15200000000004366,BACKFILL_AUTO
2026-07-13 11:05:02,1783940702,R_10,4797.21,-1,0.1679999999996653,BACKFILL_AUTO
2026-07-13 11:05:04,1783940704,R_10,4797.274,1,0.06400000000030559,BACKFILL_AUTO
2026-07-13 11:05:06,1783940706,R_10,4797.185,-1,0.08899999999994179,BACKFILL_AUTO
2026-07-13 11:05:08,1783940708,R_10,4797.315,1,0.12999999999919964,BACKFILL_AUTO
2026-07-13 11:05:10,1783940710,R_10,4797.315,0,0.0,BACKFILL_AUTO
2026-07-13 11:05:12,1783940712,R_10,4797.314,-1,0.0009999999992942321,BACKFILL_AUTO
2026-07-13 11:05:14,1783940714,R_10,4797.298,-1,0.016000000000531145,BACKFILL_AUTO
2026-07-13 11:05:16,1783940716,R_10,4797.453,1,0.15500000000065484,BACKFILL_AUTO
2026-07-13 11:05:18,1783940718,R_10,4797.429,-1,0.02400000000034197,BACKFILL_AUTO
2026-07-13 11:05:20,1783940720,R_10,4797.526,1,0.09699999999975262,BACKFILL_AUTO
2026-07-13 11:05:22,1783940722,R_10,4797.579,1,0.052999999999883585,BACKFILL_AUTO
2026-07-13 11:05:24,1783940724,R_10,4797.416,-1,0.16299999999955617,BACKFILL_AUTO
2026-07-13 11:05:26,1783940726,R_10,4797.606,1,0.18999999999959982,BACKFILL_AUTO
2026-07-13 11:05:28,1783940728,R_10,4797.433,-1,0.17299999999977445,BACKFILL_AUTO
2026-07-13 11:05:30,1783940730,R_10,4797.421,-1,0.011999999999716238,BACKFILL_AUTO
2026-07-13 11:05:32,1783940732,R_10,4797.289,-1,0.1320000000005166,BACKFILL_AUTO
2026-07-13 11:05:34,1783940734,R_10,4797.337,1,0.04800000000068394,BACKFILL_AUTO
2026-07-13 11:05:36,1783940736,R_10,4797.459,1,0.12199999999938882,BACKFILL_AUTO
2026-07-13 11:05:38,1783940738,R_10,4797.463,1,0.0039999999999054126,BACKFILL_AUTO
2026-07-13 11:05:40,1783940740,R_10,4797.56,1,0.09700000000066211,BACKFILL_AUTO
2026-07-13 11:05:42,1783940742,R_10,4797.423,-1,0.13700000000062573,BACKFILL_AUTO
2026-07-13 11:05:44,1783940744,R_10,4797.263,-1,0.15999999999985448,BACKFILL_AUTO
2026-07-13 11:05:46,1783940746,R_10,4797.341,1,0.07800000000042928,BACKFILL_AUTO
2026-07-13 11:05:48,1783940748,R_10,4797.399,1,0.057999999999992724,BACKFILL_AUTO
2026-07-13 11:05:50,1783940750,R_10,4797.417,1,0.018000000000029104,BACKFILL_AUTO
2026-07-13 11:05:52,1783940752,R_10,4797.469,1,0.05199999999967986,BACKFILL_AUTO
2026-07-13 11:05:54,1783940754,R_10,4797.623,1,0.15399999999954161,BACKFILL_AUTO
2026-07-13 11:05:56,1783940756,R_10,4797.38,-1,0.2429999999994834,BACKFILL_AUTO
2026-07-13 11:05:58,1783940758,R_10,4797.419,1,0.03899999999975989,BACKFILL_AUTO
2026-07-13 11:06:00,1783940760,R_10,4797.31,-1,0.10899999999946886,BACKFILL_AUTO
2026-07-13 11:06:02,1783940762,R_10,4797.42,1,0.10999999999967258,BACKFILL_AUTO
2026-07-13 11:06:04,1783940764,R_10,4797.215,-1,0.20499999999992724,BACKFILL_AUTO
2026-07-13 11:06:06,1783940766,R_10,4797.154,-1,0.06099999999969441,BACKFILL_AUTO
2026-07-13 11:06:08,1783940768,R_10,4797.104,-1,0.0500000000001819,BACKFILL_AUTO
2026-07-13 11:06:10,1783940770,R_10,4797.323,1,0.21900000000005093,BACKFILL_AUTO
2026-07-13 11:06:12,1783940772,R_10,4797.331,1,0.007999999999810825,BACKFILL_AUTO
2026-07-13 11:06:14,1783940774,R_10,4797.394,1,0.06300000000010186,BACKFILL_AUTO
2026-07-13 11:06:16,1783940776,R_10,4797.427,1,0.03299999999944703,BACKFILL_AUTO
2026-07-13 11:06:18,1783940778,R_10,4797.389,-1,0.03799999999955617,BACKFILL_AUTO
2026-07-13 11:06:20,1783940780,R_10,4797.384,-1,0.005000000000109139,BACKFILL_AUTO
2026-07-13 11:06:22,1783940782,R_10,4797.434,1,0.0500000000001819,BACKFILL_AUTO
2026-07-13 11:06:24,1783940784,R_10,4797.328,-1,0.10599999999976717,BACKFILL_AUTO
2026-07-13 11:06:26,1783940786,R_10,4797.488,1,0.15999999999985448,BACKFILL_AUTO
2026-07-13 11:06:28,1783940788,R_10,4797.403,-1,0.08500000000003638,BACKFILL_AUTO
2026-07-13 11:06:30,1783940790,R_10,4797.227,-1,0.17600000000038563,BACKFILL_AUTO
2026-07-13 11:06:32,1783940792,R_10,4797.32,1,0.0929999999998472,BACKFILL_AUTO
2026-07-13 11:06:34,1783940794,R_10,4797.1,-1,0.21999999999934516,BACKFILL_AUTO
2026-07-13 11:06:36,1783940796,R_10,4797.245,1,0.14499999999952706,BACKFILL_AUTO
2026-07-13 11:06:38,1783940798,R_10,4797.219,-1,0.02599999999983993,BACKFILL_AUTO
2026-07-13 11:06:40,1783940800,R_10,4797.165,-1,0.05400000000008731,BACKFILL_AUTO
2026-07-13 11:06:42,1783940802,R_10,4797.288,1,0.12299999999959255,BACKFILL_AUTO
2026-07-13 11:06:44,1783940804,R_10,4797.125,-1,0.16299999999955617,BACKFILL_AUTO
2026-07-13 11:06:46,1783940806,R_10,4797.202,1,0.07700000000022555,BACKFILL_AUTO
2026-07-13 11:06:48,1783940808,R_10,4797.113,-1,0.08899999999994179,BACKFILL_AUTO
2026-07-13 11:06:50,1783940810,R_10,4796.777,-1,0.3360000000002401,BACKFILL_AUTO
2026-07-13 11:06:52,1783940812,R_10,4796.617,-1,0.15999999999985448,BACKFILL_AUTO
2026-07-13 11:06:54,1783940814,R_10,4796.902,1,0.2849999999998545,BACKFILL_AUTO
2026-07-13 11:06:56,1783940816,R_10,4796.951,1,0.04899999999997817,BACKFILL_AUTO
2026-07-13 11:06:58,1783940818,R_10,4796.919,-1,0.032000000000152795,BACKFILL_AUTO
2026-07-13 11:07:00,1783940820,R_10,4796.917,-1,0.001999999999497959,BACKFILL_AUTO
2026-07-13 11:07:02,1783940822,R_10,4796.95,1,0.03299999999944703,BACKFILL_AUTO
2026-07-13 11:07:04,1783940824,R_10,4796.797,-1,0.15300000000024738,BACKFILL_AUTO
2026-07-13 11:07:06,1783940826,R_10,4796.743,-1,0.05399999999917782,BACKFILL_AUTO
2026-07-13 11:07:08,1783940828,R_10,4796.707,-1,0.03600000000005821,BACKFILL_AUTO
2026-07-13 11:07:10,1783940830,R_10,4796.609,-1,0.09799999999995634,BACKFILL_AUTO
2026-07-13 11:07:12,1783940832,R_10,4796.711,1,0.10199999999986176,BACKFILL_AUTO
2026-07-13 11:07:14,1783940834,R_10,4796.54,-1,0.1710000000002765,BACKFILL_AUTO
2026-07-13 11:07:16,1783940836,R_10,4796.533,-1,0.006999999999607098,BACKFILL_AUTO
2026-07-13 11:07:18,1783940838,R_10,4796.415,-1,0.1180000000003929,BACKFILL_AUTO
2026-07-13 11:07:20,1783940840,R_10,4796.372,-1,0.042999999999665306,BACKFILL_AUTO
2026-07-13 11:07:22,1783940842,R_10,4796.397,1,0.024999999999636202,BACKFILL_AUTO
2026-07-13 11:07:24,1783940844,R_10,4796.451,1,0.05400000000008731,BACKFILL_AUTO
2026-07-13 11:07:26,1783940846,R_10,4796.543,1,0.09199999999964348,BACKFILL_AUTO
2026-07-13 11:07:28,1783940848,R_10,4796.452,-1,0.09099999999943975,BACKFILL_AUTO
2026-07-13 11:07:30,1783940850,R_10,4796.461,1,0.009000000000014552,BACKFILL_AUTO
2026-07-13 11:07:32,1783940852,R_10,4796.462,1,0.0010000000002037268,BACKFILL_AUTO
2026-07-13 11:07:34,1783940854,R_10,4796.585,1,0.12299999999959255,BACKFILL_AUTO
2026-07-13 11:07:36,1783940856,R_10,4796.468,-1,0.11700000000018917,BACKFILL_AUTO
2026-07-13 11:07:38,1783940858,R_10,4796.643,1,0.1750000000001819,BACKFILL_AUTO
2026-07-13 11:07:40,1783940860,R_10,4796.492,-1,0.15099999999983993,BACKFILL_AUTO
2026-07-13 11:07:42,1783940862,R_10,4796.427,-1,0.06500000000050932,BACKFILL_AUTO
2026-07-13 11:07:44,1783940864,R_10,4796.397,-1,0.02999999999974534,BACKFILL_AUTO
2026-07-13 11:07:46,1783940866,R_10,4796.258,-1,0.1390000000001237,BACKFILL_AUTO
2026-07-13 11:07:48,1783940868,R_10,4796.467,1,0.20899999999983265,BACKFILL_AUTO
2026-07-13 11:07:50,1783940870,R_10,4796.339,-1,0.12799999999970169,BACKFILL_AUTO
2026-07-13 11:07:52,1783940872,R_10,4796.196,-1,0.1430000000000291,BACKFILL_AUTO
2026-07-13 11:07:54,1783940874,R_10,4796.153,-1,0.042999999999665306,BACKFILL_AUTO
2026-07-13 11:07:56,1783940876,R_10,4795.974,-1,0.1790000000000873,BACKFILL_AUTO
2026-07-13 11:07:58,1783940878,R_10,4795.743,-1,0.23099999999976717,BACKFILL_AUTO
2026-07-13 11:08:00,1783940880,R_10,4795.87,1,0.12699999999949796,BACKFILL_AUTO
2026-07-13 11:08:02,1783940882,R_10,4795.867,-1,0.0029999999997016857,BACKFILL_AUTO
2026-07-13 11:08:04,1783940884,R_10,4795.86,-1,0.007000000000516593,BACKFILL_AUTO
2026-07-13 11:08:06,1783940886,R_10,4795.828,-1,0.0319999999992433,BACKFILL_AUTO
2026-07-13 11:08:08,1783940888,R_10,4795.796,-1,0.032000000000152795,BACKFILL_AUTO
2026-07-13 11:08:10,1783940890,R_10,4795.936,1,0.13999999999941792,BACKFILL_AUTO
2026-07-13 11:08:12,1783940892,R_10,4795.744,-1,0.19200000000000728,BACKFILL_AUTO
2026-07-13 11:08:14,1783940894,R_10,4795.818,1,0.07400000000052387,BACKFILL_AUTO
2026-07-13 11:08:16,1783940896,R_10,4795.767,-1,0.051000000000385626,BACKFILL_AUTO
2026-07-13 11:08:18,1783940898,R_10,4795.929,1,0.16200000000026193,BACKFILL_AUTO
2026-07-13 11:08:20,1783940900,R_10,4796.082,1,0.15300000000024738,BACKFILL_AUTO
2026-07-13 11:08:22,1783940902,R_10,4796.274,1,0.19200000000000728,BACKFILL_AUTO
2026-07-13 11:08:24,1783940904,R_10,4796.323,1,0.04899999999997817,BACKFILL_AUTO
2026-07-13 11:08:26,1783940906,R_10,4796.355,1,0.0319999999992433,BACKFILL_AUTO
2026-07-13 11:08:28,1783940908,R_10,4796.499,1,0.14400000000023283,BACKFILL_AUTO
2026-07-13 11:08:30,1783940910,R_10,4796.515,1,0.016000000000531145,BACKFILL_AUTO
2026-07-13 11:08:32,1783940912,R_10,4796.742,1,0.22699999999986176,BACKFILL_AUTO
2026-07-13 11:08:34,1783940914,R_10,4796.847,1,0.10499999999956344,BACKFILL_AUTO
2026-07-13 11:08:36,1783940916,R_10,4796.84,-1,0.006999999999607098,BACKFILL_AUTO
2026-07-13 11:08:38,1783940918,R_10,4796.741,-1,0.09900000000016007,BACKFILL_AUTO
2026-07-13 11:08:40,1783940920,R_10,4796.721,-1,0.020000000000436557,BACKFILL_AUTO
2026-07-13 11:08:42,1783940922,R_10,4796.582,-1,0.1389999999992142,BACKFILL_AUTO
2026-07-13 11:08:44,1783940924,R_10,4796.503,-1,0.07900000000063301,BACKFILL_AUTO
2026-07-13 11:08:46,1783940926,R_10,4796.499,-1,0.0039999999999054126,BACKFILL_AUTO
2026-07-13 11:08:48,1783940928,R_10,4796.325,-1,0.17399999999997817,BACKFILL_AUTO
2026-07-13 11:08:50,1783940930,R_10,4796.316,-1,0.009000000000014552,BACKFILL_AUTO
2026-07-13 11:08:52,1783940932,R_10,4796.377,1,0.061000000000603904,BACKFILL_AUTO
2026-07-13 11:08:54,1783940934,R_10,4796.403,1,0.02599999999983993,BACKFILL_AUTO
2026-07-13 11:08:56,1783940936,R_10,4796.413,1,0.009999999999308784,BACKFILL_AUTO
2026-07-13 11:08:58,1783940938,R_10,4796.504,1,0.09100000000034925,BACKFILL_AUTO
2026-07-13 11:09:00,1783940940,R_10,4796.242,-1,0.26199999999971624,BACKFILL_AUTO
2026-07-13 11:09:02,1783940942,R_10,4796.267,1,0.024999999999636202,BACKFILL_AUTO
2026-07-13 11:09:04,1783940944,R_10,4796.282,1,0.015000000000327418,BACKFILL_AUTO
2026-07-13 11:09:06,1783940946,R_10,4796.222,-1,0.06000000000040018,BACKFILL_AUTO
2026-07-13 11:09:08,1783940948,R_10,4796.326,1,0.10400000000026921,BACKFILL_AUTO
2026-07-13 11:09:10,1783940950,R_10,4796.325,-1,0.0010000000002037268,BACKFILL_AUTO
2026-07-13 11:09:12,1783940952,R_10,4796.474,1,0.14900000000034197,BACKFILL_AUTO
2026-07-13 11:09:14,1783940954,R_10,4796.539,1,0.06499999999959982,BACKFILL_AUTO
2026-07-13 11:09:16,1783940956,R_10,4796.498,-1,0.04100000000016735,BACKFILL_AUTO
2026-07-13 11:09:18,1783940958,R_10,4796.466,-1,0.0319999999992433,BACKFILL_AUTO
2026-07-13 11:09:20,1783940960,R_10,4796.414,-1,0.05200000000058935,BACKFILL_AUTO
2026-07-13 11:09:22,1783940962,R_10,4796.517,1,0.10300000000006548,BACKFILL_AUTO
2026-07-13 11:09:24,1783940964,R_10,4796.653,1,0.136000000000422,BACKFILL_AUTO
2026-07-13 11:09:26,1783940966,R_10,4796.53,-1,0.12300000000050204,BACKFILL_AUTO
2026-07-13 11:09:28,1783940968,R_10,4796.566,1,0.03600000000005821,BACKFILL_AUTO
2026-07-13 11:09:30,1783940970,R_10,4796.454,-1,0.11200000000008004,BACKFILL_AUTO
2026-07-13 11:09:32,1783940972,R_10,4796.327,-1,0.12699999999949796,BACKFILL_AUTO
2026-07-13 11:09:34,1783940974,R_10,4796.556,1,0.22899999999935972,BACKFILL_AUTO
2026-07-13 11:09:36,1783940976,R_10,4796.75,1,0.19400000000041473,BACKFILL_AUTO
2026-07-13 11:09:38,1783940978,R_10,4796.734,-1,0.01599999999962165,BACKFILL_AUTO
2026-07-13 11:09:40,1783940980,R_10,4796.81,1,0.07600000000002183,BACKFILL_AUTO
2026-07-13 11:09:42,1783940982,R_10,4797.022,1,0.21199999999953434,BACKFILL_AUTO
2026-07-13 11:09:44,1783940984,R_10,4796.953,-1,0.06899999999950523,BACKFILL_AUTO
2026-07-13 11:09:46,1783940986,R_10,4796.856,-1,0.09700000000066211,BACKFILL_AUTO
2026-07-13 11:09:48,1783940988,R_10,4796.947,1,0.09100000000034925,BACKFILL_AUTO
2026-07-13 11:09:50,1783940990,R_10,4796.908,-1,0.03899999999975989,BACKFILL_AUTO
2026-07-13 11:09:52,1783940992,R_10,4797.064,1,0.15599999999994907,BACKFILL_AUTO
2026-07-13 11:09:54,1783940994,R_10,4797.004,-1,0.06000000000040018,BACKFILL_AUTO
2026-07-13 11:09:56,1783940996,R_10,4796.852,-1,0.15200000000004366,BACKFILL_AUTO
2026-07-13 11:09:58,1783940998,R_10,4796.757,-1,0.09500000000025466,BACKFILL_AUTO
2026-07-13 11:10:00,1783941000,R_10,4796.607,-1,0.1499999999996362,BACKFILL_AUTO
2026-07-13 11:10:02,1783941002,R_10,4796.477,-1,0.13000000000010914,BACKFILL_AUTO
2026-07-13 11:10:04,1783941004,R_10,4796.467,-1,0.010000000000218279,BACKFILL_AUTO
2026-07-13 11:10:06,1783941006,R_10,4796.411,-1,0.05599999999958527,BACKFILL_AUTO
2026-07-13 11:10:08,1783941008,R_10,4796.436,1,0.024999999999636202,BACKFILL_AUTO
2026-07-13 11:10:10,1783941010,R_10,4796.448,1,0.012000000000625732,BACKFILL_AUTO
2026-07-13 11:10:12,1783941012,R_10,4796.415,-1,0.03300000000035652,BACKFILL_AUTO
2026-07-13 11:10:14,1783941014,R_10,4796.357,-1,0.057999999999992724,BACKFILL_AUTO
2026-07-13 11:10:16,1783941016,R_10,4796.392,1,0.03499999999985448,BACKFILL_AUTO
2026-07-13 11:10:18,1783941018,R_10,4796.322,-1,0.06999999999970896,BACKFILL_AUTO
2026-07-13 11:10:20,1783941020,R_10,4796.515,1,0.193000000000211,BACKFILL_AUTO
2026-07-13 11:10:22,1783941022,R_10,4796.496,-1,0.01900000000023283,BACKFILL_AUTO
2026-07-13 11:10:24,1783941024,R_10,4796.434,-1,0.06199999999989814,BACKFILL_AUTO
2026-07-13 11:10:26,1783941026,R_10,4796.236,-1,0.19800000000032014,BACKFILL_AUTO
2026-07-13 11:10:28,1783941028,R_10,4796.321,1,0.08500000000003638,BACKFILL_AUTO
2026-07-13 11:10:30,1783941030,R_10,4796.32,-1,0.0010000000002037268,BACKFILL_AUTO
2026-07-13 11:10:32,1783941032,R_10,4796.333,1,0.012999999999919964,BACKFILL_AUTO
2026-07-13 11:10:34,1783941034,R_10,4796.308,-1,0.024999999999636202,BACKFILL_AUTO
2026-07-13 11:10:36,1783941036,R_10,4796.317,1,0.009000000000014552,BACKFILL_AUTO
2026-07-13 11:10:38,1783941038,R_10,4796.435,1,0.1180000000003929,BACKFILL_AUTO
2026-07-13 11:10:40,1783941040,R_10,4796.415,-1,0.020000000000436557,BACKFILL_AUTO
2026-07-13 11:10:42,1783941042,R_10,4796.247,-1,0.1679999999996653,BACKFILL_AUTO
2026-07-13 11:10:44,1783941044,R_10,4796.21,-1,0.037000000000261934,BACKFILL_AUTO
2026-07-13 11:10:46,1783941046,R_10,4796.125,-1,0.08500000000003638,BACKFILL_AUTO
2026-07-13 11:10:48,1783941048,R_10,4795.981,-1,0.14400000000023283,BACKFILL_AUTO
2026-07-13 11:10:50,1783941050,R_10,4796.14,1,0.15900000000056025,BACKFILL_AUTO
2026-07-13 11:10:52,1783941052,R_10,4796.245,1,0.10499999999956344,BACKFILL_AUTO
2026-07-13 11:10:54,1783941054,R_10,4796.207,-1,0.03799999999955617,BACKFILL_AUTO
2026-07-13 11:10:56,1783941056,R_10,4796.174,-1,0.03300000000035652,BACKFILL_AUTO
2026-07-13 11:10:58,1783941058,R_10,4796.211,1,0.037000000000261934,BACKFILL_AUTO
2026-07-13 11:11:00,1783941060,R_10,4796.352,1,0.14099999999962165,BACKFILL_AUTO
2026-07-13 11:11:02,1783941062,R_10,4796.537,1,0.18500000000040018,BACKFILL_AUTO
2026-07-13 11:11:04,1783941064,R_10,4796.75,1,0.21299999999973807,BACKFILL_AUTO
2026-07-13 11:11:06,1783941066,R_10,4796.729,-1,0.02099999999973079,BACKFILL_AUTO
2026-07-13 11:11:08,1783941068,R_10,4796.578,-1,0.15099999999983993,BACKFILL_AUTO
2026-07-13 11:11:10,1783941070,R_10,4796.517,-1,0.061000000000603904,BACKFILL_AUTO
2026-07-13 11:11:12,1783941072,R_10,4796.393,-1,0.12399999999979627,BACKFILL_AUTO
2026-07-13 11:11:14,1783941074,R_10,4796.31,-1,0.08299999999962893,BACKFILL_AUTO
2026-07-13 11:11:16,1783941076,R_10,4796.311,1,0.0009999999992942321,BACKFILL_AUTO
2026-07-13 11:11:18,1783941078,R_10,4796.279,-1,0.0319999999992433,BACKFILL_AUTO
2026-07-13 11:11:20,1783941080,R_10,4796.192,-1,0.08700000000044383,BACKFILL_AUTO
2026-07-13 11:11:22,1783941082,R_10,4796.291,1,0.09900000000016007,BACKFILL_AUTO
2026-07-13 11:11:24,1783941084,R_10,4796.428,1,0.13699999999971624,BACKFILL_AUTO
2026-07-13 11:11:26,1783941086,R_10,4796.525,1,0.09699999999975262,BACKFILL_AUTO
2026-07-13 11:11:28,1783941088,R_10,4796.624,1,0.09900000000016007,BACKFILL_AUTO
2026-07-13 11:11:30,1783941090,R_10,4796.616,-1,0.007999999999810825,BACKFILL_AUTO
2026-07-13 11:11:32,1783941092,R_10,4796.639,1,0.023000000000138243,BACKFILL_AUTO
2026-07-13 11:11:34,1783941094,R_10,4796.743,1,0.10400000000026921,BACKFILL_AUTO
2026-07-13 11:11:36,1783941096,R_10,4796.67,-1,0.07300000000032014,BACKFILL_AUTO
2026-07-13 11:11:38,1783941098,R_10,4796.673,1,0.0029999999997016857,BACKFILL_AUTO
2026-07-13 11:11:40,1783941100,R_10,4796.636,-1,0.03699999999935244,BACKFILL_AUTO
2026-07-13 11:11:42,1783941102,R_10,4796.794,1,0.15799999999944703,BACKFILL_AUTO
2026-07-13 11:11:44,1783941104,R_10,4796.433,-1,0.3609999999998763,BACKFILL_AUTO
2026-07-13 11:11:46,1783941106,R_10,4796.393,-1,0.03999999999996362,BACKFILL_AUTO
2026-07-13 11:11:48,1783941108,R_10,4796.475,1,0.0820000000003347,BACKFILL_AUTO
2026-07-13 11:11:50,1783941110,R_10,4796.396,-1,0.07900000000063301,BACKFILL_AUTO
2026-07-13 11:11:52,1783941112,R_10,4796.462,1,0.06600000000071304,BACKFILL_AUTO
2026-07-13 11:11:54,1783941114,R_10,4796.45,-1,0.012000000000625732,BACKFILL_AUTO
2026-07-13 11:11:56,1783941116,R_10,4796.53,1,0.07999999999992724,BACKFILL_AUTO
2026-07-13 11:11:58,1783941118,R_10,4796.416,-1,0.113999999999578,BACKFILL_AUTO
2026-07-13 11:12:00,1783941120,R_10,4796.478,1,0.06199999999989814,BACKFILL_AUTO
2026-07-13 11:12:02,1783941122,R_10,4796.452,-1,0.02599999999983993,BACKFILL_AUTO
2026-07-13 11:12:04,1783941124,R_10,4796.465,1,0.012999999999919964,BACKFILL_AUTO
2026-07-13 11:12:06,1783941126,R_10,4796.393,-1,0.07200000000011642,BACKFILL_AUTO
2026-07-13 11:12:08,1783941128,R_10,4796.405,1,0.011999999999716238,BACKFILL_AUTO
2026-07-13 11:12:10,1783941130,R_10,4796.484,1,0.07900000000063301,BACKFILL_AUTO
2026-07-13 11:12:12,1783941132,R_10,4796.367,-1,0.11700000000018917,BACKFILL_AUTO
2026-07-13 11:12:14,1783941134,R_10,4796.36,-1,0.007000000000516593,BACKFILL_AUTO
2026-07-13 11:12:16,1783941136,R_10,4796.51,1,0.1500000000005457,BACKFILL_AUTO
2026-07-13 11:12:18,1783941138,R_10,4796.469,-1,0.04100000000016735,BACKFILL_AUTO
2026-07-13 11:12:20,1783941140,R_10,4796.58,1,0.11099999999987631,BACKFILL_AUTO
2026-07-13 11:12:22,1783941142,R_10,4796.667,1,0.08700000000044383,BACKFILL_AUTO
2026-07-13 11:12:24,1783941144,R_10,4796.871,1,0.2039999999997235,BACKFILL_AUTO
2026-07-13 11:12:26,1783941146,R_10,4796.772,-1,0.09900000000016007,BACKFILL_AUTO
2026-07-13 11:12:28,1783941148,R_10,4796.646,-1,0.12600000000020373,BACKFILL_AUTO
2026-07-13 11:12:30,1783941150,R_10,4796.62,-1,0.02599999999983993,BACKFILL_AUTO
2026-07-13 11:12:32,1783941152,R_10,4796.49,-1,0.13000000000010914,BACKFILL_AUTO
2026-07-13 11:12:34,1783941154,R_10,4796.537,1,0.04700000000048021,BACKFILL_AUTO
2026-07-13 11:12:36,1783941156,R_10,4796.435,-1,0.10199999999986176,BACKFILL_AUTO
2026-07-13 11:12:38,1783941158,R_10,4796.454,1,0.018999999999323336,BACKFILL_AUTO
2026-07-13 11:12:40,1783941160,R_10,4796.404,-1,0.049999999999272404,BACKFILL_AUTO
2026-07-13 11:12:42,1783941162,R_10,4796.539,1,0.13499999999930878,BACKFILL_AUTO
2026-07-13 11:12:44,1783941164,R_10,4796.3,-1,0.238999999999578,BACKFILL_AUTO
2026-07-13 11:12:46,1783941166,R_10,4796.382,1,0.0819999999994252,BACKFILL_AUTO
2026-07-13 11:12:48,1783941168,R_10,4796.301,-1,0.08099999999922147,BACKFILL_AUTO
2026-07-13 11:12:50,1783941170,R_10,4796.33,1,0.028999999999541615,BACKFILL_AUTO
2026-07-13 11:12:52,1783941172,R_10,4796.481,1,0.15099999999983993,BACKFILL_AUTO
2026-07-13 11:12:54,1783941174,R_10,4796.36,-1,0.12100000000009459,BACKFILL_AUTO
2026-07-13 11:12:56,1783941176,R_10,4796.471,1,0.11099999999987631,BACKFILL_AUTO
2026-07-13 11:12:58,1783941178,R_10,4796.363,-1,0.10799999999926513,BACKFILL_AUTO
2026-07-13 11:13:00,1783941180,R_10,4796.356,-1,0.007000000000516593,BACKFILL_AUTO
2026-07-13 11:13:02,1783941182,R_10,4796.341,-1,0.014999999999417923,BACKFILL_AUTO
2026-07-13 11:13:04,1783941184,R_10,4796.076,-1,0.2650000000003274,BACKFILL_AUTO
2026-07-13 11:13:06,1783941186,R_10,4795.954,-1,0.12200000000029831,BACKFILL_AUTO
2026-07-13 11:13:08,1783941188,R_10,4795.921,-1,0.03299999999944703,BACKFILL_AUTO
2026-07-13 11:13:10,1783941190,R_10,4795.725,-1,0.1959999999999127,BACKFILL_AUTO
2026-07-13 11:13:12,1783941192,R_10,4795.658,-1,0.06700000000000728,BACKFILL_AUTO
2026-07-13 11:13:14,1783941194,R_10,4795.773,1,0.11499999999978172,BACKFILL_AUTO
2026-07-13 11:13:16,1783941196,R_10,4795.836,1,0.06300000000010186,BACKFILL_AUTO
2026-07-13 11:13:18,1783941198,R_10,4795.896,1,0.05999999999949068,BACKFILL_AUTO
2026-07-13 11:13:20,1783941200,R_10,4795.922,1,0.02599999999983993,BACKFILL_AUTO
2026-07-13 11:13:22,1783941202,R_10,4796.043,1,0.12100000000009459,BACKFILL_AUTO
2026-07-13 11:13:24,1783941204,R_10,4796.21,1,0.16700000000037107,BACKFILL_AUTO
2026-07-13 11:13:26,1783941206,R_10,4796.242,1,0.032000000000152795,BACKFILL_AUTO
2026-07-13 11:13:28,1783941208,R_10,4796.221,-1,0.021000000000640284,BACKFILL_AUTO
2026-07-13 11:13:30,1783941210,R_10,4796.21,-1,0.01099999999951251,BACKFILL_AUTO
2026-07-13 11:13:32,1783941212,R_10,4796.199,-1,0.011000000000422006,BACKFILL_AUTO
2026-07-13 11:13:34,1783941214,R_10,4796.01,-1,0.1889999999993961,BACKFILL_AUTO
2026-07-13 11:13:36,1783941216,R_10,4795.801,-1,0.20899999999983265,BACKFILL_AUTO
2026-07-13 11:13:38,1783941218,R_10,4795.552,-1,0.24900000000070577,BACKFILL_AUTO
2026-07-13 11:13:40,1783941220,R_10,4795.438,-1,0.113999999999578,BACKFILL_AUTO
2026-07-13 11:13:42,1783941222,R_10,4795.694,1,0.25600000000031287,BACKFILL_AUTO
2026-07-13 11:13:44,1783941224,R_10,4795.454,-1,0.24000000000069122,BACKFILL_AUTO
2026-07-13 11:13:46,1783941226,R_10,4795.341,-1,0.11299999999937427,BACKFILL_AUTO
2026-07-13 11:13:48,1783941228,R_10,4795.353,1,0.011999999999716238,BACKFILL_AUTO
2026-07-13 11:13:50,1783941230,R_10,4795.294,-1,0.05900000000019645,BACKFILL_AUTO
2026-07-13 11:13:52,1783941232,R_10,4795.339,1,0.04500000000007276,BACKFILL_AUTO
2026-07-13 11:13:54,1783941234,R_10,4795.253,-1,0.0860000000002401,BACKFILL_AUTO
2026-07-13 11:13:56,1783941236,R_10,4795.165,-1,0.08799999999973807,BACKFILL_AUTO
2026-07-13 11:13:58,1783941238,R_10,4795.113,-1,0.05199999999967986,BACKFILL_AUTO
2026-07-13 11:14:00,1783941240,R_10,4795.162,1,0.04899999999997817,BACKFILL_AUTO
2026-07-13 11:14:02,1783941242,R_10,4795.046,-1,0.11599999999998545,BACKFILL_AUTO
2026-07-13 11:14:04,1783941244,R_10,4795.033,-1,0.012999999999919964,BACKFILL_AUTO
2026-07-13 11:14:06,1783941246,R_10,4794.984,-1,0.04899999999997817,BACKFILL_AUTO
2026-07-13 11:14:08,1783941248,R_10,4794.751,-1,0.23300000000017462,BACKFILL_AUTO
2026-07-13 11:14:10,1783941250,R_10,4794.69,-1,0.061000000000603904,BACKFILL_AUTO
2026-07-13 11:14:12,1783941252,R_10,4794.713,1,0.023000000000138243,BACKFILL_AUTO
2026-07-13 11:14:14,1783941254,R_10,4794.634,-1,0.07899999999972351,BACKFILL_AUTO
2026-07-13 11:14:16,1783941256,R_10,4794.565,-1,0.06900000000041473,BACKFILL_AUTO
2026-07-13 11:14:18,1783941258,R_10,4794.628,1,0.06300000000010186,BACKFILL_AUTO
2026-07-13 11:14:20,1783941260,R_10,4794.644,1,0.016000000000531145,BACKFILL_AUTO
2026-07-13 11:14:22,1783941262,R_10,4794.634,-1,0.010000000000218279,BACKFILL_AUTO
2026-07-13 11:14:24,1783941264,R_10,4794.65,1,0.01599999999962165,BACKFILL_AUTO
2026-07-13 11:14:26,1783941266,R_10,4794.672,1,0.021999999999934516,BACKFILL_AUTO
2026-07-13 11:14:28,1783941268,R_10,4794.786,1,0.11400000000048749,BACKFILL_AUTO
2026-07-13 11:14:30,1783941270,R_10,4794.689,-1,0.09699999999975262,BACKFILL_AUTO
2026-07-13 11:14:32,1783941272,R_10,4794.57,-1,0.11900000000059663,BACKFILL_AUTO
2026-07-13 11:14:34,1783941274,R_10,4794.548,-1,0.021999999999934516,BACKFILL_AUTO
2026-07-13 11:14:36,1783941276,R_10,4794.648,1,0.1000000000003638,BACKFILL_AUTO
2026-07-13 11:14:38,1783941278,R_10,4794.658,1,0.010000000000218279,BACKFILL_AUTO
2026-07-13 11:14:40,1783941280,R_10,4794.704,1,0.04599999999936699,BACKFILL_AUTO
2026-07-13 11:14:42,1783941282,R_10,4794.506,-1,0.19799999999941065,BACKFILL_AUTO
2026-07-13 11:14:44,1783941284,R_10,4794.464,-1,0.042000000000371074,BACKFILL_AUTO
2026-07-13 11:14:46,1783941286,R_10,4794.58,1,0.11599999999998545,BACKFILL_AUTO
2026-07-13 11:14:48,1783941288,R_10,4794.763,1,0.18299999999999272,BACKFILL_AUTO
2026-07-13 11:14:50,1783941290,R_10,4794.536,-1,0.22699999999986176,BACKFILL_AUTO
2026-07-13 11:14:52,1783941292,R_10,4794.517,-1,0.01900000000023283,BACKFILL_AUTO
2026-07-13 11:14:54,1783941294,R_10,4794.527,1,0.010000000000218279,BACKFILL_AUTO
2026-07-13 11:14:56,1783941296,R_10,4794.52,-1,0.006999999999607098,BACKFILL_AUTO
2026-07-13 11:14:58,1783941298,R_10,4794.44,-1,0.08000000000083674,BACKFILL_AUTO
2026-07-13 11:15:00,1783941300,R_10,4794.39,-1,0.049999999999272404,BACKFILL_AUTO
2026-07-13 11:15:02,1783941302,R_10,4794.51,1,0.11999999999989086,BACKFILL_AUTO
2026-07-13 11:15:04,1783941304,R_10,4794.324,-1,0.1860000000006039,BACKFILL_AUTO
2026-07-13 11:15:06,1783941306,R_10,4794.22,-1,0.10399999999935972,BACKFILL_AUTO
2026-07-13 11:15:08,1783941308,R_10,4794.184,-1,0.03600000000005821,BACKFILL_AUTO
2026-07-13 11:15:10,1783941310,R_10,4794.29,1,0.10599999999976717,BACKFILL_AUTO
2026-07-13 11:15:12,1783941312,R_10,4794.369,1,0.07899999999972351,BACKFILL_AUTO
2026-07-13 11:15:14,1783941314,R_10,4794.391,1,0.021999999999934516,BACKFILL_AUTO
2026-07-13 11:15:16,1783941316,R_10,4794.166,-1,0.2249999999994543,BACKFILL_AUTO
2026-07-13 11:15:18,1783941318,R_10,4794.081,-1,0.08500000000003638,BACKFILL_AUTO
2026-07-13 11:15:20,1783941320,R_10,4793.995,-1,0.0860000000002401,BACKFILL_AUTO
2026-07-13 11:15:22,1783941322,R_10,4793.973,-1,0.021999999999934516,BACKFILL_AUTO
2026-07-13 11:15:24,1783941324,R_10,4793.953,-1,0.019999999999527063,BACKFILL_AUTO
2026-07-13 11:15:26,1783941326,R_10,4793.637,-1,0.31600000000071304,BACKFILL_AUTO
2026-07-13 11:15:28,1783941328,R_10,4793.52,-1,0.11699999999927968,BACKFILL_AUTO
2026-07-13 11:15:30,1783941330,R_10,4793.736,1,0.21599999999943975,BACKFILL_AUTO
2026-07-13 11:15:32,1783941332,R_10,4793.672,-1,0.06400000000030559,BACKFILL_AUTO
2026-07-13 11:15:34,1783941334,R_10,4793.716,1,0.04400000000077853,BACKFILL_AUTO
2026-07-13 11:15:36,1783941336,R_10,4793.665,-1,0.051000000000385626,BACKFILL_AUTO
2026-07-13 11:15:38,1783941338,R_10,4793.815,1,0.1499999999996362,BACKFILL_AUTO
2026-07-13 11:15:40,1783941340,R_10,4793.734,-1,0.08099999999922147,BACKFILL_AUTO
2026-07-13 11:15:42,1783941342,R_10,4793.709,-1,0.025000000000545697,BACKFILL_AUTO
2026-07-13 11:15:44,1783941344,R_10,4793.579,-1,0.13000000000010914,BACKFILL_AUTO
2026-07-13 11:15:46,1783941346,R_10,4793.427,-1,0.15200000000004366,BACKFILL_AUTO
2026-07-13 11:15:48,1783941348,R_10,4793.324,-1,0.10300000000006548,BACKFILL_AUTO
2026-07-13 11:15:50,1783941350,R_10,4793.442,1,0.1180000000003929,BACKFILL_AUTO
2026-07-13 11:15:52,1783941352,R_10,4793.687,1,0.24499999999989086,BACKFILL_AUTO
2026-07-13 11:15:54,1783941354,R_10,4793.473,-1,0.2139999999999418,BACKFILL_AUTO
2026-07-13 11:15:56,1783941356,R_10,4793.455,-1,0.018000000000029104,BACKFILL_AUTO
2026-07-13 11:15:58,1783941358,R_10,4793.458,1,0.0029999999997016857,BACKFILL_AUTO
2026-07-13 11:16:00,1783941360,R_10,4793.439,-1,0.018999999999323336,BACKFILL_AUTO
2026-07-13 11:16:02,1783941362,R_10,4793.367,-1,0.07200000000011642,BACKFILL_AUTO
2026-07-13 11:16:04,1783941364,R_10,4793.218,-1,0.14900000000034197,BACKFILL_AUTO
2026-07-13 11:16:06,1783941366,R_10,4793.449,1,0.23099999999976717,BACKFILL_AUTO
2026-07-13 11:16:08,1783941368,R_10,4793.251,-1,0.19799999999941065,BACKFILL_AUTO
2026-07-13 11:16:10,1783941370,R_10,4793.3,1,0.04899999999997817,BACKFILL_AUTO
2026-07-13 11:16:12,1783941372,R_10,4793.331,1,0.03099999999994907,BACKFILL_AUTO
2026-07-13 11:16:14,1783941374,R_10,4793.348,1,0.016999999999825377,BACKFILL_AUTO
2026-07-13 11:16:16,1783941376,R_10,4793.404,1,0.056000000000494765,BACKFILL_AUTO
2026-07-13 11:16:18,1783941378,R_10,4793.36,-1,0.04400000000077853,BACKFILL_AUTO
2026-07-13 11:16:20,1783941380,R_10,4793.417,1,0.05700000000069849,BACKFILL_AUTO
2026-07-13 11:16:22,1783941382,R_10,4793.37,-1,0.04700000000048021,BACKFILL_AUTO
2026-07-13 11:16:24,1783941384,R_10,4793.458,1,0.08799999999973807,BACKFILL_AUTO
2026-07-13 11:16:26,1783941386,R_10,4793.442,-1,0.01599999999962165,BACKFILL_AUTO
2026-07-13 11:16:28,1783941388,R_10,4793.364,-1,0.07800000000042928,BACKFILL_AUTO
2026-07-13 11:16:30,1783941390,R_10,4793.286,-1,0.07799999999951979,BACKFILL_AUTO
2026-07-13 11:16:32,1783941392,R_10,4793.086,-1,0.1999999999998181,BACKFILL_AUTO
2026-07-13 11:16:34,1783941394,R_10,4792.997,-1,0.08899999999994179,BACKFILL_AUTO
2026-07-13 11:16:36,1783941396,R_10,4792.927,-1,0.07000000000061846,BACKFILL_AUTO
2026-07-13 11:16:38,1783941398,R_10,4793.019,1,0.09200000000055297,BACKFILL_AUTO
2026-07-13 11:16:40,1783941400,R_10,4792.922,-1,0.09700000000066211,BACKFILL_AUTO
2026-07-13 11:16:42,1783941402,R_10,4792.69,-1,0.2319999999999709,BACKFILL_AUTO
2026-07-13 11:16:44,1783941404,R_10,4792.755,1,0.06500000000050932,BACKFILL_AUTO
2026-07-13 11:16:46,1783941406,R_10,4792.456,-1,0.29899999999997817,BACKFILL_AUTO
2026-07-13 11:16:48,1783941408,R_10,4792.531,1,0.0749999999998181,BACKFILL_AUTO
2026-07-13 11:16:50,1783941410,R_10,4792.451,-1,0.07999999999992724,BACKFILL_AUTO
2026-07-13 11:16:52,1783941412,R_10,4792.452,1,0.0010000000002037268,BACKFILL_AUTO
2026-07-13 11:16:54,1783941414,R_10,4792.459,1,0.006999999999607098,BACKFILL_AUTO
2026-07-13 11:16:56,1783941416,R_10,4792.426,-1,0.03299999999944703,BACKFILL_AUTO
2026-07-13 11:16:58,1783941418,R_10,4792.289,-1,0.13700000000062573,BACKFILL_AUTO
2026-07-13 11:17:00,1783941420,R_10,4792.143,-1,0.1459999999997308,BACKFILL_AUTO
2026-07-13 11:17:02,1783941422,R_10,4792.15,1,0.006999999999607098,BACKFILL_AUTO
2026-07-13 11:17:04,1783941424,R_10,4792.254,1,0.10400000000026921,BACKFILL_AUTO
2026-07-13 11:17:06,1783941426,R_10,4792.449,1,0.19499999999970896,BACKFILL_AUTO
2026-07-13 11:17:08,1783941428,R_10,4792.488,1,0.03900000000066939,BACKFILL_AUTO
2026-07-13 11:17:10,1783941430,R_10,4792.442,-1,0.046000000000276486,BACKFILL_AUTO
2026-07-13 11:17:12,1783941432,R_10,4792.28,-1,0.16200000000026193,BACKFILL_AUTO
2026-07-13 11:17:14,1783941434,R_10,4792.398,1,0.1180000000003929,BACKFILL_AUTO
2026-07-13 11:17:16,1783941436,R_10,4792.424,1,0.02599999999983993,BACKFILL_AUTO
2026-07-13 11:17:18,1783941438,R_10,4792.217,-1,0.2070000000003347,BACKFILL_AUTO
2026-07-13 11:17:20,1783941440,R_10,4792.193,-1,0.023999999999432475,BACKFILL_AUTO
2026-07-13 11:17:22,1783941442,R_10,4792.023,-1,0.17000000000007276,BACKFILL_AUTO
2026-07-13 11:17:24,1783941444,R_10,4792.028,1,0.005000000000109139,BACKFILL_AUTO
2026-07-13 11:17:26,1783941446,R_10,4791.89,-1,0.13799999999991996,BACKFILL_AUTO
2026-07-13 11:17:28,1783941448,R_10,4791.713,-1,0.17700000000058935,BACKFILL_AUTO
2026-07-13 11:17:30,1783941450,R_10,4791.716,1,0.0030000000006111804,BACKFILL_AUTO
2026-07-13 11:17:32,1783941452,R_10,4791.785,1,0.06899999999950523,BACKFILL_AUTO
2026-07-13 11:17:34,1783941454,R_10,4791.748,-1,0.037000000000261934,BACKFILL_AUTO
2026-07-13 11:17:36,1783941456,R_10,4791.954,1,0.20600000000013097,BACKFILL_AUTO
2026-07-13 11:17:38,1783941458,R_10,4791.781,-1,0.17299999999977445,BACKFILL_AUTO
2026-07-13 11:17:40,1783941460,R_10,4791.94,1,0.15899999999965075,BACKFILL_AUTO
2026-07-13 11:17:42,1783941462,R_10,4792.076,1,0.136000000000422,BACKFILL_AUTO
2026-07-13 11:17:44,1783941464,R_10,4792.136,1,0.06000000000040018,BACKFILL_AUTO
2026-07-13 11:17:46,1783941466,R_10,4792.2,1,0.0639999999993961,BACKFILL_AUTO
2026-07-13 11:17:48,1783941468,R_10,4792.299,1,0.09900000000016007,BACKFILL_AUTO
2026-07-13 11:17:50,1783941470,R_10,4792.052,-1,0.24700000000029831,BACKFILL_AUTO
2026-07-13 11:17:52,1783941472,R_10,4791.95,-1,0.10199999999986176,BACKFILL_AUTO
2026-07-13 11:17:54,1783941474,R_10,4792.075,1,0.125,BACKFILL_AUTO
2026-07-13 11:17:56,1783941476,R_10,4792.079,1,0.0039999999999054126,BACKFILL_AUTO
2026-07-13 11:17:58,1783941478,R_10,4792.033,-1,0.04599999999936699,BACKFILL_AUTO
2026-07-13 11:18:00,1783941480,R_10,4792.221,1,0.18799999999919237,BACKFILL_AUTO
2026-07-13 11:18:02,1783941482,R_10,4792.164,-1,0.056999999999789,BACKFILL_AUTO
2026-07-13 11:18:04,1783941484,R_10,4792.331,1,0.16700000000037107,BACKFILL_AUTO
2026-07-13 11:18:06,1783941486,R_10,4792.352,1,0.02099999999973079,BACKFILL_AUTO
2026-07-13 11:18:08,1783941488,R_10,4792.482,1,0.13000000000010914,BACKFILL_AUTO
2026-07-13 11:18:10,1783941490,R_10,4792.566,1,0.08399999999983265,BACKFILL_AUTO
2026-07-13 11:18:12,1783941492,R_10,4792.619,1,0.052999999999883585,BACKFILL_AUTO
2026-07-13 11:18:14,1783941494,R_10,4792.593,-1,0.02599999999983993,BACKFILL_AUTO
2026-07-13 11:18:16,1783941496,R_10,4792.51,-1,0.08299999999962893,BACKFILL_AUTO
2026-07-13 11:18:18,1783941498,R_10,4792.481,-1,0.02900000000045111,BACKFILL_AUTO
2026-07-13 11:18:20,1783941500,R_10,4792.456,-1,0.024999999999636202,BACKFILL_AUTO
2026-07-13 11:18:22,1783941502,R_10,4792.4,-1,0.056000000000494765,BACKFILL_AUTO
2026-07-13 11:18:24,1783941504,R_10,4792.367,-1,0.03299999999944703,BACKFILL_AUTO
2026-07-13 11:18:26,1783941506,R_10,4792.314,-1,0.052999999999883585,BACKFILL_AUTO
2026-07-13 11:18:28,1783941508,R_10,4792.492,1,0.17799999999988358,BACKFILL_AUTO
2026-07-13 11:18:30,1783941510,R_10,4792.63,1,0.13799999999991996,BACKFILL_AUTO
2026-07-13 11:18:32,1783941512,R_10,4792.607,-1,0.023000000000138243,BACKFILL_AUTO
2026-07-13 11:18:34,1783941514,R_10,4792.651,1,0.04399999999986903,BACKFILL_AUTO
2026-07-13 11:18:36,1783941516,R_10,4792.646,-1,0.005000000000109139,BACKFILL_AUTO
2026-07-13 11:18:38,1783941518,R_10,4792.466,-1,0.17999999999938154,BACKFILL_AUTO
2026-07-13 11:18:40,1783941520,R_10,4792.459,-1,0.007000000000516593,BACKFILL_AUTO
2026-07-13 11:18:42,1783941522,R_10,4792.318,-1,0.14099999999962165,BACKFILL_AUTO
2026-07-13 11:18:44,1783941524,R_10,4792.313,-1,0.005000000000109139,BACKFILL_AUTO
2026-07-13 11:18:46,1783941526,R_10,4792.282,-1,0.03099999999994907,BACKFILL_AUTO
2026-07-13 11:18:48,1783941528,R_10,4792.172,-1,0.11000000000058208,BACKFILL_AUTO
2026-07-13 11:18:50,1783941530,R_10,4792.11,-1,0.06199999999989814,BACKFILL_AUTO
2026-07-13 11:18:52,1783941532,R_10,4792.082,-1,0.027999999999337888,BACKFILL_AUTO
2026-07-13 11:18:54,1783941534,R_10,4791.873,-1,0.20900000000074215,BACKFILL_AUTO
2026-07-13 11:18:56,1783941536,R_10,4791.748,-1,0.125,BACKFILL_AUTO
2026-07-13 11:18:58,1783941538,R_10,4791.596,-1,0.15200000000004366,BACKFILL_AUTO
2026-07-13 11:19:00,1783941540,R_10,4791.659,1,0.06300000000010186,BACKFILL_AUTO
2026-07-13 11:19:02,1783941542,R_10,4791.867,1,0.20800000000053842,BACKFILL_AUTO
2026-07-13 11:19:04,1783941544,R_10,4791.639,-1,0.22800000000006548,BACKFILL_AUTO
2026-07-13 11:19:06,1783941546,R_10,4791.701,1,0.06199999999989814,BACKFILL_AUTO
2026-07-13 11:19:08,1783941548,R_10,4791.538,-1,0.16300000000046566,BACKFILL_AUTO
2026-07-13 11:19:10,1783941550,R_10,4791.415,-1,0.12299999999959255,BACKFILL_AUTO
2026-07-13 11:19:12,1783941552,R_10,4791.294,-1,0.12100000000009459,BACKFILL_AUTO
2026-07-13 11:19:14,1783941554,R_10,4791.154,-1,0.13999999999941792,BACKFILL_AUTO
2026-07-13 11:19:16,1783941556,R_10,4791.166,1,0.011999999999716238,BACKFILL_AUTO
2026-07-13 11:19:18,1783941558,R_10,4790.87,-1,0.2960000000002765,BACKFILL_AUTO
2026-07-13 11:19:20,1783941560,R_10,4791.04,1,0.17000000000007276,BACKFILL_AUTO
2026-07-13 11:19:22,1783941562,R_10,4791.106,1,0.06599999999980355,BACKFILL_AUTO
2026-07-13 11:19:24,1783941564,R_10,4791.046,-1,0.05999999999949068,BACKFILL_AUTO
2026-07-13 11:19:26,1783941566,R_10,4791.061,1,0.014999999999417923,BACKFILL_AUTO
2026-07-13 11:19:28,1783941568,R_10,4791.005,-1,0.05599999999958527,BACKFILL_AUTO
2026-07-13 11:19:30,1783941570,R_10,4790.966,-1,0.03899999999975989,BACKFILL_AUTO
2026-07-13 11:19:32,1783941572,R_10,4791.02,1,0.05400000000008731,BACKFILL_AUTO
2026-07-13 11:19:34,1783941574,R_10,4791.219,1,0.19899999999961437,BACKFILL_AUTO
2026-07-13 11:19:36,1783941576,R_10,4791.074,-1,0.14500000000043656,BACKFILL_AUTO
2026-07-13 11:19:38,1783941578,R_10,4791.118,1,0.04400000000077853,BACKFILL_AUTO
2026-07-13 11:19:40,1783941580,R_10,4791.192,1,0.07399999999961437,BACKFILL_AUTO
2026-07-13 11:19:42,1783941582,R_10,4791.162,-1,0.02999999999974534,BACKFILL_AUTO
2026-07-13 11:19:44,1783941584,R_10,4791.089,-1,0.07300000000032014,BACKFILL_AUTO
2026-07-13 11:19:46,1783941586,R_10,4791.081,-1,0.007999999999810825,BACKFILL_AUTO
2026-07-13 11:19:48,1783941588,R_10,4791.044,-1,0.037000000000261934,BACKFILL_AUTO
2026-07-13 11:19:50,1783941590,R_10,4791.16,1,0.11599999999998545,BACKFILL_AUTO
2026-07-13 11:19:52,1783941592,R_10,4791.239,1,0.07899999999972351,BACKFILL_AUTO
2026-07-13 11:19:54,1783941594,R_10,4791.34,1,0.10100000000056752,BACKFILL_AUTO
2026-07-13 11:19:56,1783941596,R_10,4791.034,-1,0.30600000000049477,BACKFILL_AUTO
2026-07-13 11:19:58,1783941598,R_10,4790.941,-1,0.0929999999998472,BACKFILL_AUTO
2026-07-13 11:20:00,1783941600,R_10,4790.948,1,0.007000000000516593,BACKFILL_AUTO
2026-07-13 11:20:02,1783941602,R_10,4791.007,1,0.058999999999286956,BACKFILL_AUTO
2026-07-13 11:20:04,1783941604,R_10,4790.822,-1,0.18499999999949068,BACKFILL_AUTO
2026-07-13 11:20:06,1783941606,R_10,4790.719,-1,0.10300000000006548,BACKFILL_AUTO
2026-07-13 11:20:08,1783941608,R_10,4790.724,1,0.005000000000109139,BACKFILL_AUTO
2026-07-13 11:20:10,1783941610,R_10,4790.473,-1,0.2510000000002037,BACKFILL_AUTO
2026-07-13 11:20:12,1783941612,R_10,4790.374,-1,0.09900000000016007,BACKFILL_AUTO
2026-07-13 11:20:14,1783941614,R_10,4790.217,-1,0.1570000000001528,BACKFILL_AUTO
2026-07-13 11:20:16,1783941616,R_10,4790.295,1,0.07800000000042928,BACKFILL_AUTO
2026-07-13 11:20:18,1783941618,R_10,4790.422,1,0.12699999999949796,BACKFILL_AUTO
2026-07-13 11:20:20,1783941620,R_10,4790.412,-1,0.009999999999308784,BACKFILL_AUTO
2026-07-13 11:20:22,1783941622,R_10,4790.249,-1,0.16300000000046566,BACKFILL_AUTO
2026-07-13 11:20:24,1783941624,R_10,4789.971,-1,0.2780000000002474,BACKFILL_AUTO
2026-07-13 11:20:26,1783941626,R_10,4789.985,1,0.014000000000123691,BACKFILL_AUTO
2026-07-13 11:20:28,1783941628,R_10,4790.005,1,0.020000000000436557,BACKFILL_AUTO
2026-07-13 11:20:30,1783941630,R_10,4789.875,-1,0.13000000000010914,BACKFILL_AUTO
2026-07-13 11:20:32,1783941632,R_10,4789.778,-1,0.09699999999975262,BACKFILL_AUTO
2026-07-13 11:20:34,1783941634,R_10,4789.764,-1,0.014000000000123691,BACKFILL_AUTO
2026-07-13 11:20:36,1783941636,R_10,4789.726,-1,0.03800000000046566,BACKFILL_AUTO
2026-07-13 11:20:38,1783941638,R_10,4789.765,1,0.03900000000066939,BACKFILL_AUTO
2026-07-13 11:20:40,1783941640,R_10,4789.763,-1,0.0020000000004074536,BACKFILL_AUTO
2026-07-13 11:20:42,1783941642,R_10,4789.773,1,0.010000000000218279,BACKFILL_AUTO
2026-07-13 11:20:44,1783941644,R_10,4789.767,-1,0.006000000000312866,BACKFILL_AUTO
2026-07-13 11:20:46,1783941646,R_10,4789.644,-1,0.12299999999959255,BACKFILL_AUTO
2026-07-13 11:20:48,1783941648,R_10,4789.511,-1,0.13299999999981083,BACKFILL_AUTO
2026-07-13 11:20:50,1783941650,R_10,4789.328,-1,0.18299999999999272,BACKFILL_AUTO
2026-07-13 11:20:52,1783941652,R_10,4789.451,1,0.12299999999959255,BACKFILL_AUTO
2026-07-13 11:20:54,1783941654,R_10,4789.379,-1,0.07200000000011642,BACKFILL_AUTO
2026-07-13 11:20:56,1783941656,R_10,4789.25,-1,0.1289999999999054,BACKFILL_AUTO
2026-07-13 11:20:58,1783941658,R_10,4789.243,-1,0.006999999999607098,BACKFILL_AUTO
2026-07-13 11:21:00,1783941660,R_10,4789.271,1,0.027999999999337888,BACKFILL_AUTO
2026-07-13 11:21:02,1783941662,R_10,4789.306,1,0.03499999999985448,BACKFILL_AUTO
2026-07-13 11:21:04,1783941664,R_10,4789.489,1,0.18299999999999272,BACKFILL_AUTO
2026-07-13 11:21:06,1783941666,R_10,4789.566,1,0.07700000000022555,BACKFILL_AUTO
2026-07-13 11:21:08,1783941668,R_10,4789.635,1,0.06900000000041473,BACKFILL_AUTO
2026-07-13 11:21:10,1783941670,R_10,4789.561,-1,0.07400000000052387,BACKFILL_AUTO
2026-07-13 11:21:12,1783941672,R_10,4789.434,-1,0.12699999999949796,BACKFILL_AUTO
2026-07-13 11:21:14,1783941674,R_10,4789.441,1,0.006999999999607098,BACKFILL_AUTO
2026-07-13 11:21:16,1783941676,R_10,4789.251,-1,0.18999999999959982,BACKFILL_AUTO
2026-07-13 11:21:18,1783941678,R_10,4789.402,1,0.15099999999983993,BACKFILL_AUTO
2026-07-13 11:21:20,1783941680,R_10,4789.495,1,0.0929999999998472,BACKFILL_AUTO
2026-07-13 11:21:22,1783941682,R_10,4789.497,1,0.0020000000004074536,BACKFILL_AUTO
2026-07-13 11:21:24,1783941684,R_10,4789.61,1,0.11299999999937427,BACKFILL_AUTO
2026-07-13 11:21:26,1783941686,R_10,4789.439,-1,0.170999999999367,BACKFILL_AUTO
2026-07-13 11:21:28,1783941688,R_10,4789.347,-1,0.09200000000055297,BACKFILL_AUTO
2026-07-13 11:21:30,1783941690,R_10,4789.201,-1,0.1459999999997308,BACKFILL_AUTO
2026-07-13 11:21:32,1783941692,R_10,4789.139,-1,0.06199999999989814,BACKFILL_AUTO
2026-07-13 11:21:34,1783941694,R_10,4789.075,-1,0.06400000000030559,BACKFILL_AUTO
2026-07-13 11:21:36,1783941696,R_10,4789.181,1,0.10599999999976717,BACKFILL_AUTO
2026-07-13 11:21:38,1783941698,R_10,4789.182,1,0.0010000000002037268,BACKFILL_AUTO
2026-07-13 11:21:40,1783941700,R_10,4789.209,1,0.027000000000043656,BACKFILL_AUTO
2026-07-13 11:21:42,1783941702,R_10,4789.202,-1,0.006999999999607098,BACKFILL_AUTO
2026-07-13 11:21:44,1783941704,R_10,4789.252,1,0.0500000000001819,BACKFILL_AUTO
2026-07-13 11:21:46,1783941706,R_10,4789.251,-1,0.0010000000002037268,BACKFILL_AUTO
2026-07-13 11:21:48,1783941708,R_10,4789.148,-1,0.10300000000006548,BACKFILL_AUTO
2026-07-13 11:21:50,1783941710,R_10,4789.219,1,0.07099999999991269,BACKFILL_AUTO
2026-07-13 11:21:52,1783941712,R_10,4789.291,1,0.07200000000011642,BACKFILL_AUTO
2026-07-13 11:21:54,1783941714,R_10,4789.265,-1,0.02599999999983993,BACKFILL_AUTO
2026-07-13 11:21:56,1783941716,R_10,4789.608,1,0.3429999999998472,BACKFILL_AUTO
2026-07-13 11:21:58,1783941718,R_10,4789.819,1,0.2110000000002401,BACKFILL_AUTO
2026-07-13 11:22:00,1783941720,R_10,4789.601,-1,0.2180000000007567,BACKFILL_AUTO
2026-07-13 11:22:02,1783941722,R_10,4789.588,-1,0.012999999999919964,BACKFILL_AUTO
2026-07-13 11:22:04,1783941724,R_10,4789.657,1,0.06900000000041473,BACKFILL_AUTO
2026-07-13 11:22:06,1783941726,R_10,4789.612,-1,0.04500000000007276,BACKFILL_AUTO
2026-07-13 11:22:08,1783941728,R_10,4789.511,-1,0.10099999999965803,BACKFILL_AUTO
2026-07-13 11:22:10,1783941730,R_10,4789.534,1,0.02299999999922875,BACKFILL_AUTO
2026-07-13 11:22:12,1783941732,R_10,4789.609,1,0.0750000000007276,BACKFILL_AUTO
2026-07-13 11:22:14,1783941734,R_10,4789.497,-1,0.11200000000008004,BACKFILL_AUTO
2026-07-13 11:22:16,1783941736,R_10,4789.62,1,0.12299999999959255,BACKFILL_AUTO
2026-07-13 11:22:18,1783941738,R_10,4789.722,1,0.10199999999986176,BACKFILL_AUTO
2026-07-13 11:22:20,1783941740,R_10,4789.706,-1,0.01599999999962165,BACKFILL_AUTO
2026-07-13 11:22:22,1783941742,R_10,4789.642,-1,0.06400000000030559,BACKFILL_AUTO
2026-07-13 11:22:24,1783941744,R_10,4789.527,-1,0.11499999999978172,BACKFILL_AUTO
2026-07-13 11:22:26,1783941746,R_10,4789.603,1,0.07600000000002183,BACKFILL_AUTO
2026-07-13 11:22:28,1783941748,R_10,4789.774,1,0.1710000000002765,BACKFILL_AUTO
2026-07-13 11:22:30,1783941750,R_10,4789.654,-1,0.11999999999989086,BACKFILL_AUTO
2026-07-13 11:22:32,1783941752,R_10,4789.81,1,0.15599999999994907,BACKFILL_AUTO
2026-07-13 11:22:34,1783941754,R_10,4789.746,-1,0.06400000000030559,BACKFILL_AUTO
2026-07-13 11:22:36,1783941756,R_10,4789.8,1,0.05400000000008731,BACKFILL_AUTO
2026-07-13 11:22:38,1783941758,R_10,4789.81,1,0.010000000000218279,BACKFILL_AUTO
2026-07-13 11:22:40,1783941760,R_10,4789.592,-1,0.2180000000007567,BACKFILL_AUTO
2026-07-13 11:22:42,1783941762,R_10,4789.65,1,0.057999999999992724,BACKFILL_AUTO
2026-07-13 11:22:44,1783941764,R_10,4789.75,1,0.1000000000003638,BACKFILL_AUTO
2026-07-13 11:22:46,1783941766,R_10,4789.632,-1,0.1180000000003929,BACKFILL_AUTO
2026-07-13 11:22:48,1783941768,R_10,4789.577,-1,0.054999999999381544,BACKFILL_AUTO
2026-07-13 11:22:50,1783941770,R_10,4789.44,-1,0.13700000000062573,BACKFILL_AUTO
2026-07-13 11:22:52,1783941772,R_10,4789.457,1,0.01700000000073487,BACKFILL_AUTO
2026-07-13 11:22:54,1783941774,R_10,4789.582,1,0.125,BACKFILL_AUTO
2026-07-13 11:22:56,1783941776,R_10,4789.787,1,0.20499999999992724,BACKFILL_AUTO
2026-07-13 11:22:58,1783941778,R_10,4789.657,-1,0.13000000000010914,BACKFILL_AUTO
2026-07-13 11:23:00,1783941780,R_10,4789.669,1,0.011999999999716238,BACKFILL_AUTO
2026-07-13 11:23:02,1783941782,R_10,4789.77,1,0.10100000000056752,BACKFILL_AUTO
2026-07-13 11:23:04,1783941784,R_10,4789.616,-1,0.1540000000004511,BACKFILL_AUTO
2026-07-13 11:23:06,1783941786,R_10,4789.596,-1,0.020000000000436557,BACKFILL_AUTO
2026-07-13 11:23:08,1783941788,R_10,4789.729,1,0.13300000000072032,BACKFILL_AUTO
2026-07-13 11:23:10,1783941790,R_10,4789.83,1,0.10099999999965803,BACKFILL_AUTO
2026-07-13 11:23:12,1783941792,R_10,4789.997,1,0.16700000000037107,BACKFILL_AUTO
2026-07-13 11:23:14,1783941794,R_10,4789.943,-1,0.05400000000008731,BACKFILL_AUTO
2026-07-13 11:23:16,1783941796,R_10,4789.934,-1,0.009000000000014552,BACKFILL_AUTO
2026-07-13 11:23:18,1783941798,R_10,4790.121,1,0.18699999999989814,BACKFILL_AUTO
2026-07-13 11:23:20,1783941800,R_10,4790.204,1,0.08299999999962893,BACKFILL_AUTO
2026-07-13 11:23:22,1783941802,R_10,4790.272,1,0.068000000000211,BACKFILL_AUTO
2026-07-13 11:23:24,1783941804,R_10,4790.219,-1,0.052999999999883585,BACKFILL_AUTO
2026-07-13 11:23:26,1783941806,R_10,4790.136,-1,0.08299999999962893,BACKFILL_AUTO
2026-07-13 11:23:28,1783941808,R_10,4790.143,1,0.006999999999607098,BACKFILL_AUTO
2026-07-13 11:23:30,1783941810,R_10,4790.16,1,0.016999999999825377,BACKFILL_AUTO
2026-07-13 11:23:32,1783941812,R_10,4789.932,-1,0.22800000000006548,BACKFILL_AUTO
2026-07-13 11:23:34,1783941814,R_10,4789.943,1,0.011000000000422006,BACKFILL_AUTO
2026-07-13 11:23:36,1783941816,R_10,4790.003,1,0.05999999999949068,BACKFILL_AUTO
2026-07-13 11:23:38,1783941818,R_10,4789.985,-1,0.018000000000029104,BACKFILL_AUTO
2026-07-13 11:23:40,1783941820,R_10,4790.084,1,0.09900000000016007,BACKFILL_AUTO
2026-07-13 11:23:42,1783941822,R_10,4790.092,1,0.007999999999810825,BACKFILL_AUTO
2026-07-13 11:23:44,1783941824,R_10,4789.935,-1,0.1569999999992433,BACKFILL_AUTO
2026-07-13 11:23:46,1783941826,R_10,4789.826,-1,0.10900000000037835,BACKFILL_AUTO
2026-07-13 11:23:48,1783941828,R_10,4789.98,1,0.15399999999954161,BACKFILL_AUTO
2026-07-13 11:23:50,1783941830,R_10,4790.182,1,0.20200000000022555,BACKFILL_AUTO
2026-07-13 11:23:52,1783941832,R_10,4789.918,-1,0.2640000000001237,BACKFILL_AUTO
2026-07-13 11:23:54,1783941834,R_10,4789.883,-1,0.03499999999985448,BACKFILL_AUTO
2026-07-13 11:23:56,1783941836,R_10,4790.088,1,0.20499999999992724,BACKFILL_AUTO
2026-07-13 11:23:58,1783941838,R_10,4790.026,-1,0.06199999999989814,BACKFILL_AUTO
2026-07-13 11:24:00,1783941840,R_10,4790.034,1,0.007999999999810825,BACKFILL_AUTO
2026-07-13 11:24:02,1783941842,R_10,4789.894,-1,0.13999999999941792,BACKFILL_AUTO
2026-07-13 11:24:04,1783941844,R_10,4789.894,0,0.0,BACKFILL_AUTO
2026-07-13 11:24:06,1783941846,R_10,4789.893,-1,0.0010000000002037268,BACKFILL_AUTO
2026-07-13 11:24:08,1783941848,R_10,4789.883,-1,0.010000000000218279,BACKFILL_AUTO
2026-07-13 11:24:10,1783941850,R_10,4789.998,1,0.11499999999978172,BACKFILL_AUTO
2026-07-13 11:24:12,1783941852,R_10,4789.992,-1,0.0059999999994033715,BACKFILL_AUTO
2026-07-13 11:24:14,1783941854,R_10,4789.907,-1,0.08500000000003638,BACKFILL_AUTO
2026-07-13 11:24:16,1783941856,R_10,4789.799,-1,0.10800000000017462,BACKFILL_AUTO
2026-07-13 11:24:18,1783941858,R_10,4789.868,1,0.06900000000041473,BACKFILL_AUTO
2026-07-13 11:24:20,1783941860,R_10,4789.93,1,0.06199999999989814,BACKFILL_AUTO
2026-07-13 11:24:22,1783941862,R_10,4789.93,0,0.0,BACKFILL_AUTO
2026-07-13 11:24:24,1783941864,R_10,4789.904,-1,0.02599999999983993,BACKFILL_AUTO
2026-07-13 11:24:26,1783941866,R_10,4789.983,1,0.07899999999972351,BACKFILL_AUTO
2026-07-13 11:24:28,1783941868,R_10,4790.002,1,0.01900000000023283,BACKFILL_AUTO
2026-07-13 11:24:30,1783941870,R_10,4790.171,1,0.16899999999986903,BACKFILL_AUTO
2026-07-13 11:24:32,1783941872,R_10,4790.261,1,0.09000000000014552,BACKFILL_AUTO
2026-07-13 11:24:34,1783941874,R_10,4790.468,1,0.2069999999994252,BACKFILL_AUTO
2026-07-13 11:24:36,1783941876,R_10,4790.525,1,0.056999999999789,BACKFILL_AUTO
2026-07-13 11:24:38,1783941878,R_10,4790.421,-1,0.10399999999935972,BACKFILL_AUTO
2026-07-13 11:24:40,1783941880,R_10,4790.363,-1,0.057999999999992724,BACKFILL_AUTO
2026-07-13 11:24:42,1783941882,R_10,4790.258,-1,0.10500000000047294,BACKFILL_AUTO
2026-07-13 11:24:44,1783941884,R_10,4790.298,1,0.03999999999996362,BACKFILL_AUTO
2026-07-13 11:24:46,1783941886,R_10,4790.301,1,0.0030000000006111804,BACKFILL_AUTO
2026-07-13 11:24:48,1783941888,R_10,4790.137,-1,0.1640000000006694,BACKFILL_AUTO
2026-07-13 11:24:50,1783941890,R_10,4790.181,1,0.04399999999986903,BACKFILL_AUTO
2026-07-13 11:24:52,1783941892,R_10,4790.296,1,0.11500000000069122,BACKFILL_AUTO
2026-07-13 11:24:54,1783941894,R_10,4790.599,1,0.3029999999998836,BACKFILL_AUTO
2026-07-13 11:24:56,1783941896,R_10,4790.501,-1,0.09799999999995634,BACKFILL_AUTO
2026-07-13 11:24:58,1783941898,R_10,4790.528,1,0.027000000000043656,BACKFILL_AUTO
2026-07-13 11:25:00,1783941900,R_10,4790.543,1,0.014999999999417923,BACKFILL_AUTO
2026-07-13 11:25:02,1783941902,R_10,4790.543,0,0.0,BACKFILL_AUTO
2026-07-13 11:25:04,1783941904,R_10,4790.42,-1,0.12299999999959255,BACKFILL_AUTO
2026-07-13 11:25:06,1783941906,R_10,4790.398,-1,0.021999999999934516,BACKFILL_AUTO
2026-07-13 11:25:08,1783941908,R_10,4790.295,-1,0.10300000000006548,BACKFILL_AUTO
2026-07-13 11:25:10,1783941910,R_10,4789.955,-1,0.3400000000001455,BACKFILL_AUTO
2026-07-13 11:25:12,1783941912,R_10,4790.177,1,0.22199999999975262,BACKFILL_AUTO
2026-07-13 11:25:14,1783941914,R_10,4789.893,-1,0.28399999999965075,BACKFILL_AUTO
2026-07-13 11:25:16,1783941916,R_10,4790.043,1,0.1499999999996362,BACKFILL_AUTO
2026-07-13 11:25:18,1783941918,R_10,4789.947,-1,0.09599999999954889,BACKFILL_AUTO
2026-07-13 11:25:20,1783941920,R_10,4790.077,1,0.13000000000010914,BACKFILL_AUTO
2026-07-13 11:25:22,1783941922,R_10,4789.928,-1,0.14900000000034197,BACKFILL_AUTO
2026-07-13 11:25:24,1783941924,R_10,4789.954,1,0.02599999999983993,BACKFILL_AUTO
2026-07-13 11:25:26,1783941926,R_10,4790.042,1,0.08800000000064756,BACKFILL_AUTO
2026-07-13 11:25:28,1783941928,R_10,4790.018,-1,0.02400000000034197,BACKFILL_AUTO
2026-07-13 11:25:30,1783941930,R_10,4790.065,1,0.04699999999957072,BACKFILL_AUTO
2026-07-13 11:25:32,1783941932,R_10,4790.139,1,0.07400000000052387,BACKFILL_AUTO
2026-07-13 11:25:34,1783941934,R_10,4790.248,1,0.10899999999946886,BACKFILL_AUTO
2026-07-13 11:25:36,1783941936,R_10,4790.244,-1,0.0039999999999054126,BACKFILL_AUTO
2026-07-13 11:25:38,1783941938,R_10,4790.198,-1,0.04599999999936699,BACKFILL_AUTO
2026-07-13 11:25:40,1783941940,R_10,4790.38,1,0.181999999999789,BACKFILL_AUTO
2026-07-13 11:25:42,1783941942,R_10,4790.426,1,0.046000000000276486,BACKFILL_AUTO
2026-07-13 11:25:44,1783941944,R_10,4790.283,-1,0.1430000000000291,BACKFILL_AUTO
2026-07-13 11:25:46,1783941946,R_10,4790.443,1,0.15999999999985448,BACKFILL_AUTO
2026-07-13 11:25:48,1783941948,R_10,4790.303,-1,0.14000000000032742,BACKFILL_AUTO
2026-07-13 11:25:50,1783941950,R_10,4790.327,1,0.02400000000034197,BACKFILL_AUTO
2026-07-13 11:25:52,1783941952,R_10,4790.488,1,0.1610000000000582,BACKFILL_AUTO
2026-07-13 11:25:54,1783941954,R_10,4790.531,1,0.042999999999665306,BACKFILL_AUTO
2026-07-13 11:25:56,1783941956,R_10,4790.615,1,0.08399999999983265,BACKFILL_AUTO
2026-07-13 11:25:58,1783941958,R_10,4790.514,-1,0.10099999999965803,BACKFILL_AUTO
2026-07-13 11:26:00,1783941960,R_10,4790.5,-1,0.014000000000123691,BACKFILL_AUTO
2026-07-13 11:26:02,1783941962,R_10,4790.36,-1,0.14000000000032742,BACKFILL_AUTO
2026-07-13 11:26:04,1783941964,R_10,4790.302,-1,0.057999999999992724,BACKFILL_AUTO
2026-07-13 11:26:06,1783941966,R_10,4790.309,1,0.007000000000516593,BACKFILL_AUTO
2026-07-13 11:26:08,1783941968,R_10,4790.317,1,0.007999999999810825,BACKFILL_AUTO
2026-07-13 11:26:10,1783941970,R_10,4790.103,-1,0.2139999999999418,BACKFILL_AUTO
2026-07-13 11:26:12,1783941972,R_10,4789.954,-1,0.14900000000034197,BACKFILL_AUTO
2026-07-13 11:26:14,1783941974,R_10,4790.009,1,0.05500000000029104,BACKFILL_AUTO
2026-07-13 11:26:16,1783941976,R_10,4790.147,1,0.13799999999991996,BACKFILL_AUTO
2026-07-13 11:26:18,1783941978,R_10,4790.108,-1,0.03899999999975989,BACKFILL_AUTO
2026-07-13 11:26:20,1783941980,R_10,4790.06,-1,0.047999999999774445,BACKFILL_AUTO
2026-07-13 11:26:22,1783941982,R_10,4790.103,1,0.042999999999665306,BACKFILL_AUTO
2026-07-13 11:26:24,1783941984,R_10,4790.143,1,0.03999999999996362,BACKFILL_AUTO
2026-07-13 11:26:26,1783941986,R_10,4790.108,-1,0.03499999999985448,BACKFILL_AUTO
2026-07-13 11:26:28,1783941988,R_10,4790.064,-1,0.04399999999986903,BACKFILL_AUTO
2026-07-13 11:26:30,1783941990,R_10,4790.28,1,0.21599999999943975,BACKFILL_AUTO
2026-07-13 11:26:32,1783941992,R_10,4790.107,-1,0.17299999999977445,BACKFILL_AUTO
2026-07-13 11:26:34,1783941994,R_10,4790.323,1,0.21600000000034925,BACKFILL_AUTO
2026-07-13 11:26:36,1783941996,R_10,4790.251,-1,0.07200000000011642,BACKFILL_AUTO
2026-07-13 11:26:38,1783941998,R_10,4790.218,-1,0.03300000000035652,BACKFILL_AUTO
2026-07-13 11:26:40,1783942000,R_10,4790.408,1,0.19000000000050932,BACKFILL_AUTO
2026-07-13 11:26:42,1783942002,R_10,4790.318,-1,0.09000000000014552,BACKFILL_AUTO
2026-07-13 11:26:44,1783942004,R_10,4790.406,1,0.08799999999973807,BACKFILL_AUTO
2026-07-13 11:26:46,1783942006,R_10,4790.317,-1,0.08899999999994179,BACKFILL_AUTO
2026-07-13 11:26:48,1783942008,R_10,4790.565,1,0.24799999999959255,BACKFILL_AUTO
2026-07-13 11:26:50,1783942010,R_10,4790.492,-1,0.07299999999941065,BACKFILL_AUTO
2026-07-13 11:26:52,1783942012,R_10,4790.587,1,0.09500000000025466,BACKFILL_AUTO
2026-07-13 11:26:54,1783942014,R_10,4790.662,1,0.0749999999998181,BACKFILL_AUTO
2026-07-13 11:26:56,1783942016,R_10,4790.75,1,0.08799999999973807,BACKFILL_AUTO
2026-07-13 11:26:58,1783942018,R_10,4790.923,1,0.17299999999977445,BACKFILL_AUTO
2026-07-13 11:27:00,1783942020,R_10,4791.099,1,0.17600000000038563,BACKFILL_AUTO
2026-07-13 11:27:02,1783942022,R_10,4791.146,1,0.04699999999957072,BACKFILL_AUTO
2026-07-13 11:27:04,1783942024,R_10,4791.367,1,0.22100000000045839,BACKFILL_AUTO
2026-07-13 11:27:06,1783942026,R_10,4791.36,-1,0.007000000000516593,BACKFILL_AUTO
2026-07-13 11:27:08,1783942028,R_10,4791.458,1,0.09799999999995634,BACKFILL_AUTO
2026-07-13 11:27:10,1783942030,R_10,4791.595,1,0.13700000000062573,BACKFILL_AUTO
2026-07-13 11:27:12,1783942032,R_10,4791.668,1,0.07299999999941065,BACKFILL_AUTO
2026-07-13 11:27:14,1783942034,R_10,4791.839,1,0.1710000000002765,BACKFILL_AUTO
2026-07-13 11:27:16,1783942036,R_10,4791.882,1,0.042999999999665306,BACKFILL_AUTO
2026-07-13 11:27:18,1783942038,R_10,4791.791,-1,0.09099999999943975,BACKFILL_AUTO
2026-07-13 11:27:20,1783942040,R_10,4791.833,1,0.04199999999946158,BACKFILL_AUTO
2026-07-13 11:27:22,1783942042,R_10,4791.797,-1,0.03600000000005821,BACKFILL_AUTO
2026-07-13 11:27:24,1783942044,R_10,4791.691,-1,0.10599999999976717,BACKFILL_AUTO
2026-07-13 11:27:26,1783942046,R_10,4791.661,-1,0.02999999999974534,BACKFILL_AUTO
2026-07-13 11:27:28,1783942048,R_10,4791.768,1,0.1069999999999709,BACKFILL_AUTO
2026-07-13 11:27:30,1783942050,R_10,4791.629,-1,0.1390000000001237,BACKFILL_AUTO
2026-07-13 11:27:32,1783942052,R_10,4791.823,1,0.19400000000041473,BACKFILL_AUTO
2026-07-13 11:27:34,1783942054,R_10,4791.562,-1,0.261000000000422,BACKFILL_AUTO
2026-07-13 11:27:36,1783942056,R_10,4791.71,1,0.14800000000013824,BACKFILL_AUTO
2026-07-13 11:27:38,1783942058,R_10,4791.548,-1,0.16200000000026193,BACKFILL_AUTO
2026-07-13 11:27:40,1783942060,R_10,4791.544,-1,0.0039999999999054126,BACKFILL_AUTO
2026-07-13 11:27:42,1783942062,R_10,4791.407,-1,0.13699999999971624,BACKFILL_AUTO
2026-07-13 11:27:44,1783942064,R_10,4791.505,1,0.09799999999995634,BACKFILL_AUTO
2026-07-13 11:27:46,1783942066,R_10,4791.575,1,0.06999999999970896,BACKFILL_AUTO
2026-07-13 11:27:48,1783942068,R_10,4791.653,1,0.07800000000042928,BACKFILL_AUTO
2026-07-13 11:27:50,1783942070,R_10,4791.559,-1,0.09400000000005093,BACKFILL_AUTO
2026-07-13 11:27:52,1783942072,R_10,4791.577,1,0.018000000000029104,BACKFILL_AUTO
2026-07-13 11:27:54,1783942074,R_10,4791.561,-1,0.016000000000531145,BACKFILL_AUTO
2026-07-13 11:27:56,1783942076,R_10,4791.469,-1,0.09199999999964348,BACKFILL_AUTO
2026-07-13 11:27:58,1783942078,R_10,4791.488,1,0.01900000000023283,BACKFILL_AUTO
2026-07-13 11:28:00,1783942080,R_10,4791.394,-1,0.09400000000005093,BACKFILL_AUTO
2026-07-13 11:28:02,1783942082,R_10,4791.345,-1,0.04899999999997817,BACKFILL_AUTO
2026-07-13 11:28:04,1783942084,R_10,4791.464,1,0.11899999999968713,BACKFILL_AUTO
2026-07-13 11:28:06,1783942086,R_10,4791.454,-1,0.010000000000218279,BACKFILL_AUTO
2026-07-13 11:28:08,1783942088,R_10,4791.635,1,0.18100000000049477,BACKFILL_AUTO
2026-07-13 11:28:10,1783942090,R_10,4791.616,-1,0.01900000000023283,BACKFILL_AUTO
2026-07-13 11:28:12,1783942092,R_10,4791.561,-1,0.05500000000029104,BACKFILL_AUTO
2026-07-13 11:28:14,1783942094,R_10,4791.672,1,0.11099999999987631,BACKFILL_AUTO
2026-07-13 11:28:16,1783942096,R_10,4791.853,1,0.18100000000049477,BACKFILL_AUTO
2026-07-13 11:28:18,1783942098,R_10,4791.746,-1,0.1069999999999709,BACKFILL_AUTO
2026-07-13 11:28:20,1783942100,R_10,4791.775,1,0.028999999999541615,BACKFILL_AUTO
2026-07-13 11:28:22,1783942102,R_10,4791.702,-1,0.07299999999941065,BACKFILL_AUTO
2026-07-13 11:28:24,1783942104,R_10,4791.806,1,0.10399999999935972,BACKFILL_AUTO
2026-07-13 11:28:26,1783942106,R_10,4791.866,1,0.06000000000040018,BACKFILL_AUTO
2026-07-13 11:28:28,1783942108,R_10,4791.922,1,0.05599999999958527,BACKFILL_AUTO
2026-07-13 11:28:30,1783942110,R_10,4792.081,1,0.15900000000056025,BACKFILL_AUTO
2026-07-13 11:28:32,1783942112,R_10,4792.222,1,0.14099999999962165,BACKFILL_AUTO
2026-07-13 11:28:34,1783942114,R_10,4792.19,-1,0.032000000000152795,BACKFILL_AUTO
2026-07-13 11:28:36,1783942116,R_10,4792.236,1,0.046000000000276486,BACKFILL_AUTO
2026-07-13 11:28:38,1783942118,R_10,4792.277,1,0.04100000000016735,BACKFILL_AUTO
2026-07-13 11:28:40,1783942120,R_10,4792.105,-1,0.1720000000004802,BACKFILL_AUTO
2026-07-13 11:28:42,1783942122,R_10,4792.072,-1,0.03299999999944703,BACKFILL_AUTO
2026-07-13 11:28:44,1783942124,R_10,4791.971,-1,0.10100000000056752,BACKFILL_AUTO
2026-07-13 11:28:46,1783942126,R_10,4791.799,-1,0.17199999999957072,BACKFILL_AUTO
2026-07-13 11:28:48,1783942128,R_10,4791.917,1,0.1180000000003929,BACKFILL_AUTO
2026-07-13 11:28:50,1783942130,R_10,4792.011,1,0.09400000000005093,BACKFILL_AUTO
2026-07-13 11:28:52,1783942132,R_10,4791.93,-1,0.08100000000013097,BACKFILL_AUTO
2026-07-13 11:28:54,1783942134,R_10,4791.909,-1,0.021000000000640284,BACKFILL_AUTO
2026-07-13 11:28:56,1783942136,R_10,4792.021,1,0.11200000000008004,BACKFILL_AUTO
2026-07-13 11:28:58,1783942138,R_10,4792.044,1,0.023000000000138243,BACKFILL_AUTO
2026-07-13 11:29:00,1783942140,R_10,4792.127,1,0.08300000000053842,BACKFILL_AUTO
2026-07-13 11:29:02,1783942142,R_10,4792.287,1,0.15999999999985448,BACKFILL_AUTO
2026-07-13 11:29:04,1783942144,R_10,4792.021,-1,0.26600000000053114,BACKFILL_AUTO
2026-07-13 11:29:06,1783942146,R_10,4791.669,-1,0.35199999999986176,BACKFILL_AUTO
2026-07-13 11:29:08,1783942148,R_10,4791.648,-1,0.02099999999973079,BACKFILL_AUTO
2026-07-13 11:29:10,1783942150,R_10,4791.722,1,0.07399999999961437,BACKFILL_AUTO
2026-07-13 11:29:12,1783942152,R_10,4791.574,-1,0.14800000000013824,BACKFILL_AUTO
2026-07-13 11:29:14,1783942154,R_10,4791.698,1,0.12400000000070577,BACKFILL_AUTO
2026-07-13 11:29:16,1783942156,R_10,4791.661,-1,0.037000000000261934,BACKFILL_AUTO
2026-07-13 11:29:18,1783942158,R_10,4791.518,-1,0.1430000000000291,BACKFILL_AUTO
2026-07-13 11:29:20,1783942160,R_10,4791.8,1,0.2820000000001528,BACKFILL_AUTO
2026-07-13 11:29:22,1783942162,R_10,4791.891,1,0.09099999999943975,BACKFILL_AUTO
2026-07-13 11:29:24,1783942164,R_10,4791.916,1,0.025000000000545697,BACKFILL_AUTO
2026-07-13 11:29:26,1783942166,R_10,4792.041,1,0.125,BACKFILL_AUTO
2026-07-13 11:29:28,1783942168,R_10,4792.121,1,0.07999999999992724,BACKFILL_AUTO
2026-07-13 11:29:30,1783942170,R_10,4791.862,-1,0.25900000000001455,BACKFILL_AUTO
2026-07-13 11:29:32,1783942172,R_10,4791.92,1,0.057999999999992724,BACKFILL_AUTO
2026-07-13 11:29:34,1783942174,R_10,4791.952,1,0.032000000000152795,BACKFILL_AUTO
2026-07-13 11:29:36,1783942176,R_10,4791.927,-1,0.025000000000545697,BACKFILL_AUTO
2026-07-13 11:29:38,1783942178,R_10,4791.693,-1,0.23399999999946886,BACKFILL_AUTO
2026-07-13 11:29:40,1783942180,R_10,4791.76,1,0.06700000000000728,BACKFILL_AUTO
2026-07-13 11:29:42,1783942182,R_10,4791.95,1,0.18999999999959982,BACKFILL_AUTO
2026-07-13 11:29:44,1783942184,R_10,4791.862,-1,0.08799999999973807,BACKFILL_AUTO
2026-07-13 11:29:46,1783942186,R_10,4791.855,-1,0.007000000000516593,BACKFILL_AUTO
2026-07-13 11:29:48,1783942188,R_10,4791.886,1,0.031000000000858563,BACKFILL_AUTO
2026-07-13 11:29:50,1783942190,R_10,4792.018,1,0.1319999999996071,BACKFILL_AUTO
2026-07-13 11:29:52,1783942192,R_10,4792.062,1,0.04399999999986903,BACKFILL_AUTO
2026-07-13 11:29:54,1783942194,R_10,4791.936,-1,0.12600000000020373,BACKFILL_AUTO
2026-07-13 11:29:56,1783942196,R_10,4792.0,1,0.06400000000030559,BACKFILL_AUTO
2026-07-13 11:29:58,1783942198,R_10,4791.901,-1,0.09900000000016007,BACKFILL_AUTO
2026-07-13 11:30:00,1783942200,R_10,4791.831,-1,0.06999999999970896,BACKFILL_AUTO
2026-07-13 11:30:02,1783942202,R_10,4791.685,-1,0.1459999999997308,BACKFILL_AUTO
2026-07-13 11:30:04,1783942204,R_10,4791.572,-1,0.11300000000028376,BACKFILL_AUTO
2026-07-13 11:30:06,1783942206,R_10,4791.436,-1,0.136000000000422,BACKFILL_AUTO
2026-07-13 11:30:08,1783942208,R_10,4791.21,-1,0.22599999999965803,BACKFILL_AUTO
2026-07-13 11:30:10,1783942210,R_10,4791.114,-1,0.09600000000045839,BACKFILL_AUTO
2026-07-13 11:30:12,1783942212,R_10,4791.197,1,0.08300000000053842,BACKFILL_AUTO
2026-07-13 11:30:14,1783942214,R_10,4791.225,1,0.028000000000247383,BACKFILL_AUTO
2026-07-13 11:30:16,1783942216,R_10,4791.314,1,0.08899999999994179,BACKFILL_AUTO
2026-07-13 11:30:18,1783942218,R_10,4791.283,-1,0.03099999999994907,BACKFILL_AUTO
2026-07-13 11:30:20,1783942220,R_10,4791.299,1,0.01599999999962165,BACKFILL_AUTO
2026-07-13 11:30:22,1783942222,R_10,4791.433,1,0.13400000000001455,BACKFILL_AUTO
2026-07-13 11:30:24,1783942224,R_10,4791.363,-1,0.06999999999970896,BACKFILL_AUTO
2026-07-13 11:30:26,1783942226,R_10,4791.235,-1,0.12800000000061118,BACKFILL_AUTO
2026-07-13 11:30:28,1783942228,R_10,4791.165,-1,0.06999999999970896,BACKFILL_AUTO
2026-07-13 11:30:30,1783942230,R_10,4791.248,1,0.08299999999962893,BACKFILL_AUTO
2026-07-13 11:30:32,1783942232,R_10,4790.987,-1,0.2609999999995125,BACKFILL_AUTO
2026-07-13 11:30:34,1783942234,R_10,4791.079,1,0.09199999999964348,BACKFILL_AUTO
2026-07-13 11:30:36,1783942236,R_10,4790.995,-1,0.08399999999983265,BACKFILL_AUTO
2026-07-13 11:30:38,1783942238,R_10,4791.089,1,0.09400000000005093,BACKFILL_AUTO
2026-07-13 11:30:40,1783942240,R_10,4791.104,1,0.015000000000327418,BACKFILL_AUTO
2026-07-13 11:30:42,1783942242,R_10,4791.323,1,0.21900000000005093,BACKFILL_AUTO
2026-07-13 11:30:44,1783942244,R_10,4791.468,1,0.14499999999952706,BACKFILL_AUTO
2026-07-13 11:30:46,1783942246,R_10,4791.287,-1,0.18099999999958527,BACKFILL_AUTO
2026-07-13 11:30:48,1783942248,R_10,4791.442,1,0.15499999999974534,BACKFILL_AUTO
2026-07-13 11:30:50,1783942250,R_10,4791.866,1,0.42399999999997817,BACKFILL_AUTO
2026-07-13 11:30:52,1783942252,R_10,4791.892,1,0.02599999999983993,BACKFILL_AUTO
2026-07-13 11:30:54,1783942254,R_10,4792.104,1,0.21200000000044383,BACKFILL_AUTO
2026-07-13 11:30:56,1783942256,R_10,4792.103,-1,0.0010000000002037268,BACKFILL_AUTO
2026-07-13 11:30:58,1783942258,R_10,4792.207,1,0.10400000000026921,BACKFILL_AUTO
2026-07-13 11:31:00,1783942260,R_10,4792.263,1,0.05599999999958527,BACKFILL_AUTO
2026-07-13 11:31:02,1783942262,R_10,4792.045,-1,0.2179999999998472,BACKFILL_AUTO
2026-07-13 11:31:04,1783942264,R_10,4792.135,1,0.09000000000014552,BACKFILL_AUTO
2026-07-13 11:31:06,1783942266,R_10,4792.141,1,0.0059999999994033715,BACKFILL_AUTO
2026-07-13 11:31:08,1783942268,R_10,4792.0,-1,0.14099999999962165,BACKFILL_AUTO
2026-07-13 11:31:10,1783942270,R_10,4791.951,-1,0.04899999999997817,BACKFILL_AUTO
2026-07-13 11:31:12,1783942272,R_10,4791.982,1,0.03099999999994907,BACKFILL_AUTO
2026-07-13 11:31:14,1783942274,R_10,4792.04,1,0.057999999999992724,BACKFILL_AUTO
2026-07-13 11:31:16,1783942276,R_10,4791.992,-1,0.047999999999774445,BACKFILL_AUTO
2026-07-13 11:31:18,1783942278,R_10,4792.058,1,0.06599999999980355,BACKFILL_AUTO
2026-07-13 11:31:20,1783942280,R_10,4792.229,1,0.1710000000002765,BACKFILL_AUTO
2026-07-13 11:31:22,1783942282,R_10,4792.337,1,0.10800000000017462,BACKFILL_AUTO
2026-07-13 11:31:24,1783942284,R_10,4792.503,1,0.16599999999925785,BACKFILL_AUTO
2026-07-13 11:31:26,1783942286,R_10,4792.649,1,0.14600000000064028,BACKFILL_AUTO
2026-07-13 11:31:28,1783942288,R_10,4792.931,1,0.2819999999992433,BACKFILL_AUTO
2026-07-13 11:31:30,1783942290,R_10,4792.89,-1,0.04099999999925785,BACKFILL_AUTO
2026-07-13 11:31:32,1783942292,R_10,4792.986,1,0.09599999999954889,BACKFILL_AUTO
2026-07-13 11:31:34,1783942294,R_10,4793.014,1,0.028000000000247383,BACKFILL_AUTO
2026-07-13 11:31:36,1783942296,R_10,4792.75,-1,0.2640000000001237,BACKFILL_AUTO
2026-07-13 11:31:38,1783942298,R_10,4792.814,1,0.06400000000030559,BACKFILL_AUTO
2026-07-13 11:31:40,1783942300,R_10,4792.832,1,0.018000000000029104,BACKFILL_AUTO
2026-07-13 11:31:42,1783942302,R_10,4793.093,1,0.2609999999995125,BACKFILL_AUTO
2026-07-13 11:31:44,1783942304,R_10,4792.9,-1,0.193000000000211,BACKFILL_AUTO
2026-07-13 11:31:46,1783942306,R_10,4792.866,-1,0.033999999999650754,BACKFILL_AUTO
2026-07-13 11:31:48,1783942308,R_10,4792.959,1,0.0929999999998472,BACKFILL_AUTO
2026-07-13 11:31:50,1783942310,R_10,4792.847,-1,0.11200000000008004,BACKFILL_AUTO
2026-07-13 11:31:52,1783942312,R_10,4792.937,1,0.09000000000014552,BACKFILL_AUTO
2026-07-13 11:31:54,1783942314,R_10,4792.969,1,0.032000000000152795,BACKFILL_AUTO
2026-07-13 11:31:56,1783942316,R_10,4793.005,1,0.03600000000005821,BACKFILL_AUTO
2026-07-13 11:31:58,1783942318,R_10,4793.051,1,0.046000000000276486,BACKFILL_AUTO
2026-07-13 11:32:00,1783942320,R_10,4792.891,-1,0.16000000000076398,BACKFILL_AUTO
2026-07-13 11:32:02,1783942322,R_10,4792.964,1,0.07300000000032014,BACKFILL_AUTO
2026-07-13 11:32:04,1783942324,R_10,4793.053,1,0.08899999999994179,BACKFILL_AUTO
2026-07-13 11:32:06,1783942326,R_10,4793.153,1,0.1000000000003638,BACKFILL_AUTO
2026-07-13 11:32:08,1783942328,R_10,4793.215,1,0.06199999999989814,BACKFILL_AUTO
2026-07-13 11:32:10,1783942330,R_10,4793.441,1,0.22599999999965803,BACKFILL_AUTO
2026-07-13 11:32:12,1783942332,R_10,4793.46,1,0.01900000000023283,BACKFILL_AUTO
2026-07-13 11:32:14,1783942334,R_10,4793.219,-1,0.24099999999998545,BACKFILL_AUTO
2026-07-13 11:32:16,1783942336,R_10,4793.12,-1,0.09900000000016007,BACKFILL_AUTO
2026-07-13 11:32:18,1783942338,R_10,4793.178,1,0.057999999999992724,BACKFILL_AUTO
2026-07-13 11:32:20,1783942340,R_10,4793.166,-1,0.011999999999716238,BACKFILL_AUTO
2026-07-13 11:32:22,1783942342,R_10,4793.174,1,0.007999999999810825,BACKFILL_AUTO
2026-07-13 11:32:24,1783942344,R_10,4793.236,1,0.06199999999989814,BACKFILL_AUTO
2026-07-13 11:32:26,1783942346,R_10,4793.13,-1,0.10599999999976717,BACKFILL_AUTO
2026-07-13 11:32:28,1783942348,R_10,4793.275,1,0.14499999999952706,BACKFILL_AUTO
2026-07-13 11:32:30,1783942350,R_10,4793.227,-1,0.047999999999774445,BACKFILL_AUTO
2026-07-13 11:32:32,1783942352,R_10,4793.422,1,0.19499999999970896,BACKFILL_AUTO
2026-07-13 11:32:34,1783942354,R_10,4793.58,1,0.15800000000035652,BACKFILL_AUTO
2026-07-13 11:32:36,1783942356,R_10,4793.88,1,0.3000000000001819,BACKFILL_AUTO
2026-07-13 11:32:38,1783942358,R_10,4793.878,-1,0.0020000000004074536,BACKFILL_AUTO
2026-07-13 11:32:40,1783942360,R_10,4793.833,-1,0.04500000000007276,BACKFILL_AUTO
2026-07-13 11:32:42,1783942362,R_10,4793.807,-1,0.02599999999983993,BACKFILL_AUTO
2026-07-13 11:32:44,1783942364,R_10,4793.714,-1,0.0929999999998472,BACKFILL_AUTO
2026-07-13 11:32:46,1783942366,R_10,4793.77,1,0.056000000000494765,BACKFILL_AUTO
2026-07-13 11:32:48,1783942368,R_10,4793.793,1,0.02299999999922875,BACKFILL_AUTO
2026-07-13 11:32:50,1783942370,R_10,4793.657,-1,0.1359999999995125,BACKFILL_AUTO
2026-07-13 11:32:52,1783942372,R_10,4793.57,-1,0.08700000000044383,BACKFILL_AUTO
2026-07-13 11:32:54,1783942374,R_10,4793.556,-1,0.014000000000123691,BACKFILL_AUTO
2026-07-13 11:32:56,1783942376,R_10,4793.677,1,0.12100000000009459,BACKFILL_AUTO
2026-07-13 11:32:58,1783942378,R_10,4793.602,-1,0.0749999999998181,BACKFILL_AUTO
2026-07-13 11:33:00,1783942380,R_10,4793.862,1,0.2600000000002183,BACKFILL_AUTO
2026-07-13 11:33:02,1783942382,R_10,4794.041,1,0.1790000000000873,BACKFILL_AUTO
2026-07-13 11:33:04,1783942384,R_10,4794.003,-1,0.03800000000046566,BACKFILL_AUTO
2026-07-13 11:33:06,1783942386,R_10,4793.815,-1,0.18800000000010186,BACKFILL_AUTO
2026-07-13 11:33:08,1783942388,R_10,4793.806,-1,0.009000000000014552,BACKFILL_AUTO
2026-07-13 11:33:10,1783942390,R_10,4793.629,-1,0.17699999999967986,BACKFILL_AUTO
2026-07-13 11:33:12,1783942392,R_10,4793.662,1,0.03300000000035652,BACKFILL_AUTO
2026-07-13 11:33:14,1783942394,R_10,4793.656,-1,0.006000000000312866,BACKFILL_AUTO
2026-07-13 11:33:16,1783942396,R_10,4793.643,-1,0.012999999999919964,BACKFILL_AUTO
2026-07-13 11:33:18,1783942398,R_10,4793.804,1,0.1610000000000582,BACKFILL_AUTO
2026-07-13 11:33:20,1783942400,R_10,4793.493,-1,0.3109999999996944,BACKFILL_AUTO
2026-07-13 11:33:22,1783942402,R_10,4793.373,-1,0.12000000000080036,BACKFILL_AUTO
2026-07-13 11:33:24,1783942404,R_10,4793.344,-1,0.028999999999541615,BACKFILL_AUTO
2026-07-13 11:33:26,1783942406,R_10,4793.579,1,0.23499999999967258,BACKFILL_AUTO
2026-07-13 11:33:28,1783942408,R_10,4793.512,-1,0.06700000000000728,BACKFILL_AUTO
2026-07-13 11:33:30,1783942410,R_10,4793.608,1,0.09600000000045839,BACKFILL_AUTO
2026-07-13 11:33:32,1783942412,R_10,4793.42,-1,0.18800000000010186,BACKFILL_AUTO
2026-07-13 11:33:34,1783942414,R_10,4793.428,1,0.007999999999810825,BACKFILL_AUTO
2026-07-13 11:33:36,1783942416,R_10,4793.548,1,0.11999999999989086,BACKFILL_AUTO
2026-07-13 11:33:38,1783942418,R_10,4793.515,-1,0.03299999999944703,BACKFILL_AUTO
2026-07-13 11:33:40,1783942420,R_10,4793.494,-1,0.021000000000640284,BACKFILL_AUTO
2026-07-13 11:33:42,1783942422,R_10,4793.415,-1,0.07899999999972351,BACKFILL_AUTO
2026-07-13 11:33:44,1783942424,R_10,4793.561,1,0.1459999999997308,BACKFILL_AUTO
2026-07-13 11:33:46,1783942426,R_10,4793.401,-1,0.15999999999985448,BACKFILL_AUTO
2026-07-13 11:33:48,1783942428,R_10,4793.36,-1,0.04100000000016735,BACKFILL_AUTO
2026-07-13 11:33:50,1783942430,R_10,4793.218,-1,0.14199999999982538,BACKFILL_AUTO
2026-07-13 11:33:52,1783942432,R_10,4793.238,1,0.020000000000436557,BACKFILL_AUTO
2026-07-13 11:33:54,1783942434,R_10,4793.373,1,0.13499999999930878,BACKFILL_AUTO
2026-07-13 11:33:56,1783942436,R_10,4793.477,1,0.10400000000026921,BACKFILL_AUTO
2026-07-13 11:33:58,1783942438,R_10,4793.682,1,0.20499999999992724,BACKFILL_AUTO
2026-07-13 11:34:00,1783942440,R_10,4793.902,1,0.22000000000025466,BACKFILL_AUTO
2026-07-13 11:34:02,1783942442,R_10,4793.889,-1,0.012999999999919964,BACKFILL_AUTO
2026-07-13 11:34:04,1783942444,R_10,4793.667,-1,0.22199999999975262,BACKFILL_AUTO
2026-07-13 11:34:06,1783942446,R_10,4793.613,-1,0.05400000000008731,BACKFILL_AUTO
2026-07-13 11:34:08,1783942448,R_10,4793.659,1,0.04599999999936699,BACKFILL_AUTO
2026-07-13 11:34:10,1783942450,R_10,4793.79,1,0.13100000000031287,BACKFILL_AUTO
2026-07-13 11:34:12,1783942452,R_10,4793.944,1,0.1540000000004511,BACKFILL_AUTO
2026-07-13 11:34:14,1783942454,R_10,4793.86,-1,0.08400000000074215,BACKFILL_AUTO
2026-07-13 11:34:16,1783942456,R_10,4793.909,1,0.04899999999997817,BACKFILL_AUTO
2026-07-13 11:34:18,1783942458,R_10,4793.883,-1,0.02599999999983993,BACKFILL_AUTO
2026-07-13 11:34:20,1783942460,R_10,4793.791,-1,0.09199999999964348,BACKFILL_AUTO
2026-07-13 11:34:22,1783942462,R_10,4793.498,-1,0.2930000000005748,BACKFILL_AUTO
2026-07-13 11:34:24,1783942464,R_10,4793.733,1,0.23500000000058208,BACKFILL_AUTO
2026-07-13 11:34:26,1783942466,R_10,4793.762,1,0.028999999999541615,BACKFILL_AUTO
2026-07-13 11:34:28,1783942468,R_10,4793.624,-1,0.13799999999991996,BACKFILL_AUTO
2026-07-13 11:34:30,1783942470,R_10,4793.485,-1,0.1390000000001237,BACKFILL_AUTO
2026-07-13 11:34:32,1783942472,R_10,4793.271,-1,0.2139999999999418,BACKFILL_AUTO
2026-07-13 11:34:34,1783942474,R_10,4793.483,1,0.21200000000044383,BACKFILL_AUTO
2026-07-13 11:34:36,1783942476,R_10,4793.437,-1,0.046000000000276486,BACKFILL_AUTO
2026-07-13 11:34:38,1783942478,R_10,4793.169,-1,0.2680000000000291,BACKFILL_AUTO
2026-07-13 11:34:40,1783942480,R_10,4793.241,1,0.07200000000011642,BACKFILL_AUTO
2026-07-13 11:34:42,1783942482,R_10,4793.234,-1,0.006999999999607098,BACKFILL_AUTO
2026-07-13 11:34:44,1783942484,R_10,4792.993,-1,0.24099999999998545,BACKFILL_AUTO
2026-07-13 11:34:46,1783942486,R_10,4793.397,1,0.4039999999995416,BACKFILL_AUTO
2026-07-13 11:34:48,1783942488,R_10,4793.323,-1,0.07399999999961437,BACKFILL_AUTO
2026-07-13 11:34:50,1783942490,R_10,4793.324,1,0.0009999999992942321,BACKFILL_AUTO
2026-07-13 11:34:52,1783942492,R_10,4793.479,1,0.15500000000065484,BACKFILL_AUTO
2026-07-13 11:34:54,1783942494,R_10,4793.256,-1,0.22299999999995634,BACKFILL_AUTO
2026-07-13 11:34:56,1783942496,R_10,4793.345,1,0.08899999999994179,BACKFILL_AUTO
2026-07-13 11:34:58,1783942498,R_10,4793.379,1,0.033999999999650754,BACKFILL_AUTO
2026-07-13 11:35:00,1783942500,R_10,4793.289,-1,0.09000000000014552,BACKFILL_AUTO
2026-07-13 11:35:02,1783942502,R_10,4793.114,-1,0.1750000000001819,BACKFILL_AUTO
2026-07-13 11:35:04,1783942504,R_10,4793.136,1,0.02200000000084401,BACKFILL_AUTO
2026-07-13 11:35:06,1783942506,R_10,4792.942,-1,0.19400000000041473,BACKFILL_AUTO
2026-07-13 11:35:08,1783942508,R_10,4792.922,-1,0.020000000000436557,BACKFILL_AUTO
2026-07-13 11:35:10,1783942510,R_10,4792.768,-1,0.15399999999954161,BACKFILL_AUTO
2026-07-13 11:35:12,1783942512,R_10,4792.593,-1,0.1750000000001819,BACKFILL_AUTO
2026-07-13 11:35:14,1783942514,R_10,4792.439,-1,0.15399999999954161,BACKFILL_AUTO
2026-07-13 11:35:16,1783942516,R_10,4792.209,-1,0.23000000000047294,BACKFILL_AUTO
2026-07-13 11:35:18,1783942518,R_10,4792.3,1,0.09100000000034925,BACKFILL_AUTO
2026-07-13 11:35:20,1783942520,R_10,4792.368,1,0.068000000000211,BACKFILL_AUTO
2026-07-13 11:35:22,1783942522,R_10,4792.368,0,0.0,BACKFILL_AUTO
2026-07-13 11:35:24,1783942524,R_10,4792.203,-1,0.16499999999996362,BACKFILL_AUTO
2026-07-13 11:35:26,1783942526,R_10,4792.162,-1,0.04100000000016735,BACKFILL_AUTO
2026-07-13 11:35:28,1783942528,R_10,4792.22,1,0.057999999999992724,BACKFILL_AUTO
2026-07-13 11:35:30,1783942530,R_10,4792.234,1,0.014000000000123691,BACKFILL_AUTO
2026-07-13 11:35:32,1783942532,R_10,4792.207,-1,0.027000000000043656,BACKFILL_AUTO
2026-07-13 11:35:34,1783942534,R_10,4792.189,-1,0.018000000000029104,BACKFILL_AUTO
2026-07-13 11:35:36,1783942536,R_10,4792.235,1,0.04599999999936699,BACKFILL_AUTO
2026-07-13 11:35:38,1783942538,R_10,4792.225,-1,0.009999999999308784,BACKFILL_AUTO
2026-07-13 11:35:40,1783942540,R_10,4792.211,-1,0.014000000000123691,BACKFILL_AUTO
2026-07-13 11:35:42,1783942542,R_10,4792.353,1,0.14199999999982538,BACKFILL_AUTO
2026-07-13 11:35:44,1783942544,R_10,4792.411,1,0.057999999999992724,BACKFILL_AUTO
2026-07-13 11:35:46,1783942546,R_10,4792.415,1,0.0039999999999054126,BACKFILL_AUTO
2026-07-13 11:35:48,1783942548,R_10,4792.468,1,0.052999999999883585,BACKFILL_AUTO
2026-07-13 11:35:50,1783942550,R_10,4792.53,1,0.06199999999989814,BACKFILL_AUTO
2026-07-13 11:35:52,1783942552,R_10,4792.43,-1,0.0999999999994543,BACKFILL_AUTO
2026-07-13 11:35:54,1783942554,R_10,4792.337,-1,0.0929999999998472,BACKFILL_AUTO
2026-07-13 11:35:56,1783942556,R_10,4792.345,1,0.007999999999810825,BACKFILL_AUTO
2026-07-13 11:35:58,1783942558,R_10,4792.466,1,0.12100000000009459,BACKFILL_AUTO
2026-07-13 11:36:00,1783942560,R_10,4792.222,-1,0.24400000000059663,BACKFILL_AUTO
2026-07-13 11:36:02,1783942562,R_10,4792.245,1,0.023000000000138243,BACKFILL_AUTO
2026-07-13 11:36:04,1783942564,R_10,4792.2,-1,0.04500000000007276,BACKFILL_AUTO
2026-07-13 11:36:06,1783942566,R_10,4792.269,1,0.06900000000041473,BACKFILL_AUTO
2026-07-13 11:36:08,1783942568,R_10,4792.292,1,0.023000000000138243,BACKFILL_AUTO
2026-07-13 11:36:10,1783942570,R_10,4792.256,-1,0.03600000000005821,BACKFILL_AUTO
2026-07-13 11:36:12,1783942572,R_10,4792.127,-1,0.1289999999999054,BACKFILL_AUTO
2026-07-13 11:36:14,1783942574,R_10,4792.083,-1,0.04400000000077853,BACKFILL_AUTO
2026-07-13 11:36:16,1783942576,R_10,4792.128,1,0.04500000000007276,BACKFILL_AUTO
2026-07-13 11:36:18,1783942578,R_10,4792.069,-1,0.058999999999286956,BACKFILL_AUTO
2026-07-13 11:36:20,1783942580,R_10,4792.032,-1,0.037000000000261934,BACKFILL_AUTO
2026-07-13 11:36:22,1783942582,R_10,4792.166,1,0.13400000000001455,BACKFILL_AUTO
2026-07-13 11:36:24,1783942584,R_10,4792.179,1,0.012999999999919964,BACKFILL_AUTO
2026-07-13 11:36:26,1783942586,R_10,4792.306,1,0.12699999999949796,BACKFILL_AUTO
2026-07-13 11:36:28,1783942588,R_10,4792.367,1,0.061000000000603904,BACKFILL_AUTO
2026-07-13 11:36:30,1783942590,R_10,4792.349,-1,0.018000000000029104,BACKFILL_AUTO
2026-07-13 11:36:32,1783942592,R_10,4792.407,1,0.057999999999992724,BACKFILL_AUTO
2026-07-13 11:36:34,1783942594,R_10,4792.493,1,0.0860000000002401,BACKFILL_AUTO
2026-07-13 11:36:36,1783942596,R_10,4792.532,1,0.03899999999975989,BACKFILL_AUTO
2026-07-13 11:36:38,1783942598,R_10,4792.689,1,0.1570000000001528,BACKFILL_AUTO
2026-07-13 11:36:40,1783942600,R_10,4792.57,-1,0.11900000000059663,BACKFILL_AUTO
2026-07-13 11:36:42,1783942602,R_10,4792.555,-1,0.014999999999417923,BACKFILL_AUTO
2026-07-13 11:36:44,1783942604,R_10,4792.738,1,0.18299999999999272,BACKFILL_AUTO
2026-07-13 11:36:46,1783942606,R_10,4792.768,1,0.02999999999974534,BACKFILL_AUTO
2026-07-13 11:36:48,1783942608,R_10,4792.811,1,0.042999999999665306,BACKFILL_AUTO
2026-07-13 11:36:50,1783942610,R_10,4792.759,-1,0.05199999999967986,BACKFILL_AUTO
2026-07-13 11:36:52,1783942612,R_10,4792.687,-1,0.07200000000011642,BACKFILL_AUTO
2026-07-13 11:36:54,1783942614,R_10,4792.659,-1,0.028000000000247383,BACKFILL_AUTO
2026-07-13 11:36:56,1783942616,R_10,4792.698,1,0.03900000000066939,BACKFILL_AUTO
2026-07-13 11:36:58,1783942618,R_10,4792.749,1,0.05099999999947613,BACKFILL_AUTO
2026-07-13 11:37:00,1783942620,R_10,4792.799,1,0.0500000000001819,BACKFILL_AUTO
2026-07-13 11:37:02,1783942622,R_10,4792.583,-1,0.21600000000034925,BACKFILL_AUTO
2026-07-13 11:37:04,1783942624,R_10,4792.496,-1,0.08699999999953434,BACKFILL_AUTO
2026-07-13 11:37:06,1783942626,R_10,4792.465,-1,0.03099999999994907,BACKFILL_AUTO
2026-07-13 11:37:08,1783942628,R_10,4792.567,1,0.10199999999986176,BACKFILL_AUTO
2026-07-13 11:37:10,1783942630,R_10,4792.679,1,0.11200000000008004,BACKFILL_AUTO
2026-07-13 11:37:12,1783942632,R_10,4792.56,-1,0.11899999999968713,BACKFILL_AUTO
2026-07-13 11:37:14,1783942634,R_10,4792.689,1,0.1289999999999054,BACKFILL_AUTO
2026-07-13 11:37:16,1783942636,R_10,4792.784,1,0.09499999999934516,BACKFILL_AUTO
2026-07-13 11:37:18,1783942638,R_10,4792.713,-1,0.07099999999991269,BACKFILL_AUTO
2026-07-13 11:37:20,1783942640,R_10,4792.432,-1,0.28099999999994907,BACKFILL_AUTO
2026-07-13 11:37:22,1783942642,R_10,4792.418,-1,0.014000000000123691,BACKFILL_AUTO
2026-07-13 11:37:24,1783942644,R_10,4792.464,1,0.046000000000276486,BACKFILL_AUTO
2026-07-13 11:37:26,1783942646,R_10,4792.4,-1,0.06400000000030559,BACKFILL_AUTO
2026-07-13 11:37:28,1783942648,R_10,4792.232,-1,0.1679999999996653,BACKFILL_AUTO
2026-07-13 11:37:30,1783942650,R_10,4792.255,1,0.023000000000138243,BACKFILL_AUTO
2026-07-13 11:37:32,1783942652,R_10,4792.227,-1,0.028000000000247383,BACKFILL_AUTO
2026-07-13 11:37:34,1783942654,R_10,4792.021,-1,0.20600000000013097,BACKFILL_AUTO
2026-07-13 11:37:36,1783942656,R_10,4791.905,-1,0.11599999999998545,BACKFILL_AUTO
2026-07-13 11:37:38,1783942658,R_10,4791.903,-1,0.001999999999497959,BACKFILL_AUTO
2026-07-13 11:37:40,1783942660,R_10,4791.836,-1,0.06700000000000728,BACKFILL_AUTO
2026-07-13 11:37:42,1783942662,R_10,4791.979,1,0.1430000000000291,BACKFILL_AUTO
2026-07-13 11:37:44,1783942664,R_10,4792.008,1,0.028999999999541615,BACKFILL_AUTO
2026-07-13 11:37:46,1783942666,R_10,4791.769,-1,0.238999999999578,BACKFILL_AUTO
2026-07-13 11:37:48,1783942668,R_10,4791.735,-1,0.03400000000056025,BACKFILL_AUTO
2026-07-13 11:37:50,1783942670,R_10,4791.647,-1,0.08799999999973807,BACKFILL_AUTO
2026-07-13 11:37:52,1783942672,R_10,4791.785,1,0.13799999999991996,BACKFILL_AUTO
2026-07-13 11:37:54,1783942674,R_10,4791.831,1,0.046000000000276486,BACKFILL_AUTO
2026-07-13 11:37:56,1783942676,R_10,4791.735,-1,0.09600000000045839,BACKFILL_AUTO
2026-07-13 11:37:58,1783942678,R_10,4791.89,1,0.15500000000065484,BACKFILL_AUTO
2026-07-13 11:38:00,1783942680,R_10,4791.949,1,0.058999999999286956,BACKFILL_AUTO
2026-07-13 11:38:02,1783942682,R_10,4791.762,-1,0.18699999999989814,BACKFILL_AUTO
2026-07-13 11:38:04,1783942684,R_10,4791.668,-1,0.09400000000005093,BACKFILL_AUTO
2026-07-13 11:38:06,1783942686,R_10,4791.481,-1,0.18699999999989814,BACKFILL_AUTO
2026-07-13 11:38:08,1783942688,R_10,4791.477,-1,0.0039999999999054126,BACKFILL_AUTO
2026-07-13 11:38:10,1783942690,R_10,4791.475,-1,0.001999999999497959,BACKFILL_AUTO
2026-07-13 11:38:12,1783942692,R_10,4791.563,1,0.08799999999973807,BACKFILL_AUTO
2026-07-13 11:38:14,1783942694,R_10,4791.712,1,0.14900000000034197,BACKFILL_AUTO
2026-07-13 11:38:16,1783942696,R_10,4791.659,-1,0.05300000000079308,BACKFILL_AUTO
2026-07-13 11:38:18,1783942698,R_10,4791.777,1,0.1180000000003929,BACKFILL_AUTO
2026-07-13 11:38:20,1783942700,R_10,4791.886,1,0.10900000000037835,BACKFILL_AUTO
2026-07-13 11:38:22,1783942702,R_10,4791.912,1,0.02599999999983993,BACKFILL_AUTO
2026-07-13 11:38:24,1783942704,R_10,4791.896,-1,0.016000000000531145,BACKFILL_AUTO
2026-07-13 11:38:26,1783942706,R_10,4791.858,-1,0.03799999999955617,BACKFILL_AUTO
2026-07-13 11:38:28,1783942708,R_10,4792.041,1,0.18299999999999272,BACKFILL_AUTO
2026-07-13 11:38:30,1783942710,R_10,4792.079,1,0.03799999999955617,BACKFILL_AUTO
2026-07-13 11:38:32,1783942712,R_10,4791.983,-1,0.09599999999954889,BACKFILL_AUTO
2026-07-13 11:38:34,1783942714,R_10,4792.002,1,0.01900000000023283,BACKFILL_AUTO
2026-07-13 11:38:36,1783942716,R_10,4792.034,1,0.0319999999992433,BACKFILL_AUTO
2026-07-13 11:38:38,1783942718,R_10,4791.962,-1,0.07199999999920692,BACKFILL_AUTO
2026-07-13 11:38:40,1783942720,R_10,4791.682,-1,0.28000000000065484,BACKFILL_AUTO
2026-07-13 11:38:42,1783942722,R_10,4791.719,1,0.037000000000261934,BACKFILL_AUTO
2026-07-13 11:38:44,1783942724,R_10,4791.818,1,0.09900000000016007,BACKFILL_AUTO
2026-07-13 11:38:46,1783942726,R_10,4791.977,1,0.15899999999965075,BACKFILL_AUTO
2026-07-13 11:38:48,1783942728,R_10,4792.101,1,0.12399999999979627,BACKFILL_AUTO
2026-07-13 11:38:50,1783942730,R_10,4792.076,-1,0.024999999999636202,BACKFILL_AUTO
2026-07-13 11:38:52,1783942732,R_10,4792.186,1,0.10999999999967258,BACKFILL_AUTO
2026-07-13 11:38:54,1783942734,R_10,4792.316,1,0.13000000000010914,BACKFILL_AUTO
2026-07-13 11:38:56,1783942736,R_10,4792.089,-1,0.22699999999986176,BACKFILL_AUTO
2026-07-13 11:38:58,1783942738,R_10,4792.054,-1,0.03499999999985448,BACKFILL_AUTO
2026-07-13 11:39:00,1783942740,R_10,4791.88,-1,0.17399999999997817,BACKFILL_AUTO
2026-07-13 11:39:02,1783942742,R_10,4791.981,1,0.10099999999965803,BACKFILL_AUTO
2026-07-13 11:39:04,1783942744,R_10,4791.947,-1,0.033999999999650754,BACKFILL_AUTO
2026-07-13 11:39:06,1783942746,R_10,4791.725,-1,0.22199999999975262,BACKFILL_AUTO
2026-07-13 11:39:08,1783942748,R_10,4791.619,-1,0.10600000000067666,BACKFILL_AUTO
2026-07-13 11:39:10,1783942750,R_10,4791.84,1,0.22100000000045839,BACKFILL_AUTO
2026-07-13 11:39:12,1783942752,R_10,4791.768,-1,0.07200000000011642,BACKFILL_AUTO
2026-07-13 11:39:14,1783942754,R_10,4791.645,-1,0.12299999999959255,BACKFILL_AUTO
2026-07-13 11:39:16,1783942756,R_10,4791.774,1,0.1289999999999054,BACKFILL_AUTO
2026-07-13 11:39:18,1783942758,R_10,4791.864,1,0.08999999999923602,BACKFILL_AUTO
2026-07-13 11:39:20,1783942760,R_10,4791.633,-1,0.23099999999976717,BACKFILL_AUTO
2026-07-13 11:39:22,1783942762,R_10,4791.801,1,0.1680000000005748,BACKFILL_AUTO
2026-07-13 11:39:24,1783942764,R_10,4791.753,-1,0.04800000000068394,BACKFILL_AUTO
2026-07-13 11:39:26,1783942766,R_10,4791.548,-1,0.20499999999992724,BACKFILL_AUTO
2026-07-13 11:39:28,1783942768,R_10,4791.627,1,0.07900000000063301,BACKFILL_AUTO
2026-07-13 11:39:30,1783942770,R_10,4791.748,1,0.12099999999918509,BACKFILL_AUTO
2026-07-13 11:39:32,1783942772,R_10,4791.668,-1,0.07999999999992724,BACKFILL_AUTO
2026-07-13 11:39:34,1783942774,R_10,4791.706,1,0.03800000000046566,BACKFILL_AUTO
2026-07-13 11:39:36,1783942776,R_10,4791.796,1,0.09000000000014552,BACKFILL_AUTO
2026-07-13 11:39:38,1783942778,R_10,4791.604,-1,0.19200000000000728,BACKFILL_AUTO
2026-07-13 11:39:40,1783942780,R_10,4791.468,-1,0.136000000000422,BACKFILL_AUTO
2026-07-13 11:39:42,1783942782,R_10,4791.536,1,0.068000000000211,BACKFILL_AUTO
2026-07-13 11:39:44,1783942784,R_10,4791.68,1,0.14400000000023283,BACKFILL_AUTO
2026-07-13 11:39:46,1783942786,R_10,4791.523,-1,0.1570000000001528,BACKFILL_AUTO
2026-07-13 11:39:48,1783942788,R_10,4791.351,-1,0.1720000000004802,BACKFILL_AUTO
2026-07-13 11:39:50,1783942790,R_10,4791.404,1,0.05300000000079308,BACKFILL_AUTO
2026-07-13 11:39:52,1783942792,R_10,4791.525,1,0.12099999999918509,BACKFILL_AUTO
2026-07-13 11:39:54,1783942794,R_10,4791.468,-1,0.056999999999789,BACKFILL_AUTO
2026-07-13 11:39:56,1783942796,R_10,4791.361,-1,0.1069999999999709,BACKFILL_AUTO
2026-07-13 11:39:58,1783942798,R_10,4791.56,1,0.19900000000052387,BACKFILL_AUTO
2026-07-13 11:40:00,1783942800,R_10,4791.51,-1,0.0500000000001819,BACKFILL_AUTO
2026-07-13 11:40:02,1783942802,R_10,4791.495,-1,0.015000000000327418,BACKFILL_AUTO
2026-07-13 11:40:04,1783942804,R_10,4791.754,1,0.25900000000001455,BACKFILL_AUTO
2026-07-13 11:40:06,1783942806,R_10,4791.728,-1,0.02599999999983993,BACKFILL_AUTO
2026-07-13 11:40:08,1783942808,R_10,4791.738,1,0.010000000000218279,BACKFILL_AUTO
2026-07-13 11:40:10,1783942810,R_10,4791.815,1,0.07699999999931606,BACKFILL_AUTO
2026-07-13 11:40:12,1783942812,R_10,4791.728,-1,0.08699999999953434,BACKFILL_AUTO
2026-07-13 11:40:14,1783942814,R_10,4791.653,-1,0.0749999999998181,BACKFILL_AUTO
2026-07-13 11:40:16,1783942816,R_10,4791.52,-1,0.13299999999981083,BACKFILL_AUTO
2026-07-13 11:40:18,1783942818,R_10,4791.44,-1,0.08000000000083674,BACKFILL_AUTO
2026-07-13 11:40:20,1783942820,R_10,4791.526,1,0.0860000000002401,BACKFILL_AUTO
2026-07-13 11:40:22,1783942822,R_10,4791.651,1,0.125,BACKFILL_AUTO
2026-07-13 11:40:24,1783942824,R_10,4791.646,-1,0.005000000000109139,BACKFILL_AUTO
2026-07-13 11:40:26,1783942826,R_10,4791.601,-1,0.04500000000007276,BACKFILL_AUTO
2026-07-13 11:40:28,1783942828,R_10,4791.784,1,0.18299999999999272,BACKFILL_AUTO
2026-07-13 11:40:30,1783942830,R_10,4791.681,-1,0.10300000000006548,BACKFILL_AUTO
2026-07-13 11:40:32,1783942832,R_10,4791.637,-1,0.04399999999986903,BACKFILL_AUTO
2026-07-13 11:40:34,1783942834,R_10,4791.648,1,0.011000000000422006,BACKFILL_AUTO
2026-07-13 11:40:36,1783942836,R_10,4791.649,1,0.0010000000002037268,BACKFILL_AUTO
2026-07-13 11:40:38,1783942838,R_10,4791.792,1,0.1430000000000291,BACKFILL_AUTO
2026-07-13 11:40:40,1783942840,R_10,4791.78,-1,0.012000000000625732,BACKFILL_AUTO
2026-07-13 11:40:42,1783942842,R_10,4791.786,1,0.006000000000312866,BACKFILL_AUTO
2026-07-13 11:40:44,1783942844,R_10,4791.827,1,0.04100000000016735,BACKFILL_AUTO
2026-07-13 11:40:46,1783942846,R_10,4791.879,1,0.05199999999967986,BACKFILL_AUTO
2026-07-13 11:40:48,1783942848,R_10,4791.917,1,0.03800000000046566,BACKFILL_AUTO
2026-07-13 11:40:50,1783942850,R_10,4791.732,-1,0.18500000000040018,BACKFILL_AUTO
2026-07-13 11:40:52,1783942852,R_10,4791.634,-1,0.09799999999995634,BACKFILL_AUTO
2026-07-13 11:40:54,1783942854,R_10,4791.479,-1,0.15499999999974534,BACKFILL_AUTO
2026-07-13 11:40:56,1783942856,R_10,4791.6,1,0.12100000000009459,BACKFILL_AUTO
2026-07-13 11:40:58,1783942858,R_10,4791.5,-1,0.1000000000003638,BACKFILL_AUTO
2026-07-13 11:41:00,1783942860,R_10,4791.567,1,0.06700000000000728,BACKFILL_AUTO
2026-07-13 11:41:02,1783942862,R_10,4791.616,1,0.04899999999997817,BACKFILL_AUTO
2026-07-13 11:41:04,1783942864,R_10,4791.49,-1,0.12600000000020373,BACKFILL_AUTO
2026-07-13 11:41:06,1783942866,R_10,4791.439,-1,0.05099999999947613,BACKFILL_AUTO
2026-07-13 11:41:08,1783942868,R_10,4791.564,1,0.125,BACKFILL_AUTO
2026-07-13 11:41:10,1783942870,R_10,4791.532,-1,0.032000000000152795,BACKFILL_AUTO
2026-07-13 11:41:12,1783942872,R_10,4791.759,1,0.22699999999986176,BACKFILL_AUTO
2026-07-13 11:41:14,1783942874,R_10,4791.646,-1,0.11300000000028376,BACKFILL_AUTO
2026-07-13 11:41:16,1783942876,R_10,4791.783,1,0.13700000000062573,BACKFILL_AUTO
2026-07-13 11:41:18,1783942878,R_10,4791.76,-1,0.023000000000138243,BACKFILL_AUTO
2026-07-13 11:41:20,1783942880,R_10,4791.69,-1,0.07000000000061846,BACKFILL_AUTO
2026-07-13 11:41:22,1783942882,R_10,4791.549,-1,0.14099999999962165,BACKFILL_AUTO
2026-07-13 11:41:24,1783942884,R_10,4791.673,1,0.12399999999979627,BACKFILL_AUTO
2026-07-13 11:41:26,1783942886,R_10,4791.514,-1,0.15899999999965075,BACKFILL_AUTO
2026-07-13 11:41:28,1783942888,R_10,4791.336,-1,0.17799999999988358,BACKFILL_AUTO
2026-07-13 11:41:30,1783942890,R_10,4791.606,1,0.26999999999952706,BACKFILL_AUTO
2026-07-13 11:41:32,1783942892,R_10,4791.64,1,0.03400000000056025,BACKFILL_AUTO
2026-07-13 11:41:34,1783942894,R_10,4791.635,-1,0.005000000000109139,BACKFILL_AUTO
2026-07-13 11:41:36,1783942896,R_10,4791.282,-1,0.3530000000000655,BACKFILL_AUTO
2026-07-13 11:41:38,1783942898,R_10,4791.388,1,0.10599999999976717,BACKFILL_AUTO
2026-07-13 11:41:40,1783942900,R_10,4791.447,1,0.05900000000019645,BACKFILL_AUTO
2026-07-13 11:41:42,1783942902,R_10,4791.664,1,0.21699999999964348,BACKFILL_AUTO
2026-07-13 11:41:44,1783942904,R_10,4791.699,1,0.03499999999985448,BACKFILL_AUTO
2026-07-13 11:41:46,1783942906,R_10,4791.785,1,0.0860000000002401,BACKFILL_AUTO
2026-07-13 11:41:48,1783942908,R_10,4791.704,-1,0.08100000000013097,BACKFILL_AUTO
2026-07-13 11:41:50,1783942910,R_10,4791.516,-1,0.18800000000010186,BACKFILL_AUTO
2026-07-13 11:41:52,1783942912,R_10,4791.678,1,0.16200000000026193,BACKFILL_AUTO
2026-07-13 11:41:54,1783942914,R_10,4791.839,1,0.1610000000000582,BACKFILL_AUTO
2026-07-13 11:41:56,1783942916,R_10,4791.844,1,0.005000000000109139,BACKFILL_AUTO
2026-07-13 11:41:58,1783942918,R_10,4791.829,-1,0.015000000000327418,BACKFILL_AUTO
2026-07-13 11:42:00,1783942920,R_10,4791.825,-1,0.0039999999999054126,BACKFILL_AUTO
2026-07-13 11:42:02,1783942922,R_10,4791.818,-1,0.006999999999607098,BACKFILL_AUTO
2026-07-13 11:42:04,1783942924,R_10,4791.915,1,0.09699999999975262,BACKFILL_AUTO
2026-07-13 11:42:06,1783942926,R_10,4792.152,1,0.23700000000008004,BACKFILL_AUTO
2026-07-13 11:42:08,1783942928,R_10,4792.071,-1,0.08100000000013097,BACKFILL_AUTO
2026-07-13 11:42:10,1783942930,R_10,4792.287,1,0.21600000000034925,BACKFILL_AUTO
2026-07-13 11:42:12,1783942932,R_10,4792.266,-1,0.021000000000640284,BACKFILL_AUTO
2026-07-13 11:42:14,1783942934,R_10,4792.174,-1,0.09199999999964348,BACKFILL_AUTO
2026-07-13 11:42:16,1783942936,R_10,4791.922,-1,0.25200000000040745,BACKFILL_AUTO
2026-07-13 11:42:18,1783942938,R_10,4791.924,1,0.0020000000004074536,BACKFILL_AUTO
2026-07-13 11:42:20,1783942940,R_10,4791.921,-1,0.0029999999997016857,BACKFILL_AUTO
2026-07-13 11:42:22,1783942942,R_10,4791.873,-1,0.04800000000068394,BACKFILL_AUTO
2026-07-13 11:42:24,1783942944,R_10,4791.738,-1,0.13499999999930878,BACKFILL_AUTO
2026-07-13 11:42:26,1783942946,R_10,4791.479,-1,0.25900000000001455,BACKFILL_AUTO
2026-07-13 11:42:28,1783942948,R_10,4791.483,1,0.0039999999999054126,BACKFILL_AUTO
2026-07-13 11:42:30,1783942950,R_10,4791.352,-1,0.13100000000031287,BACKFILL_AUTO
2026-07-13 11:42:32,1783942952,R_10,4791.27,-1,0.0819999999994252,BACKFILL_AUTO
2026-07-13 11:42:34,1783942954,R_10,4791.404,1,0.13400000000001455,BACKFILL_AUTO
2026-07-13 11:42:36,1783942956,R_10,4791.258,-1,0.14600000000064028,BACKFILL_AUTO
2026-07-13 11:42:38,1783942958,R_10,4791.311,1,0.052999999999883585,BACKFILL_AUTO
2026-07-13 11:42:40,1783942960,R_10,4791.268,-1,0.042999999999665306,BACKFILL_AUTO
2026-07-13 11:42:42,1783942962,R_10,4791.389,1,0.12100000000009459,BACKFILL_AUTO
2026-07-13 11:42:44,1783942964,R_10,4791.508,1,0.11899999999968713,BACKFILL_AUTO
2026-07-13 11:42:46,1783942966,R_10,4791.265,-1,0.2429999999994834,BACKFILL_AUTO
2026-07-13 11:42:48,1783942968,R_10,4791.253,-1,0.012000000000625732,BACKFILL_AUTO
2026-07-13 11:42:50,1783942970,R_10,4791.26,1,0.007000000000516593,BACKFILL_AUTO
2026-07-13 11:42:52,1783942972,R_10,4791.266,1,0.0059999999994033715,BACKFILL_AUTO
2026-07-13 11:42:54,1783942974,R_10,4791.224,-1,0.04199999999946158,BACKFILL_AUTO
2026-07-13 11:42:56,1783942976,R_10,4791.356,1,0.1319999999996071,BACKFILL_AUTO
2026-07-13 11:42:58,1783942978,R_10,4791.459,1,0.10300000000006548,BACKFILL_AUTO
2026-07-13 11:43:00,1783942980,R_10,4791.497,1,0.03800000000046566,BACKFILL_AUTO
2026-07-13 11:43:02,1783942982,R_10,4791.51,1,0.012999999999919964,BACKFILL_AUTO
2026-07-13 11:43:04,1783942984,R_10,4791.619,1,0.10899999999946886,BACKFILL_AUTO
2026-07-13 11:43:06,1783942986,R_10,4791.425,-1,0.19399999999950523,BACKFILL_AUTO
2026-07-13 11:43:08,1783942988,R_10,4791.387,-1,0.03800000000046566,BACKFILL_AUTO
2026-07-13 11:43:10,1783942990,R_10,4791.35,-1,0.03699999999935244,BACKFILL_AUTO
2026-07-13 11:43:12,1783942992,R_10,4791.457,1,0.1069999999999709,BACKFILL_AUTO
2026-07-13 11:43:14,1783942994,R_10,4791.273,-1,0.18400000000019645,BACKFILL_AUTO
2026-07-13 11:43:16,1783942996,R_10,4791.186,-1,0.08700000000044383,BACKFILL_AUTO
2026-07-13 11:43:18,1783942998,R_10,4791.092,-1,0.09400000000005093,BACKFILL_AUTO
2026-07-13 11:43:20,1783943000,R_10,4791.16,1,0.068000000000211,BACKFILL_AUTO
2026-07-13 11:43:22,1783943002,R_10,4791.002,-1,0.15799999999944703,BACKFILL_AUTO
2026-07-13 11:43:24,1783943004,R_10,4790.948,-1,0.05400000000008731,BACKFILL_AUTO
2026-07-13 11:43:26,1783943006,R_10,4790.877,-1,0.07099999999991269,BACKFILL_AUTO
2026-07-13 11:43:28,1783943008,R_10,4790.83,-1,0.04700000000048021,BACKFILL_AUTO
2026-07-13 11:43:30,1783943010,R_10,4790.888,1,0.057999999999992724,BACKFILL_AUTO
2026-07-13 11:43:32,1783943012,R_10,4790.772,-1,0.11599999999998545,BACKFILL_AUTO
2026-07-13 11:43:34,1783943014,R_10,4790.798,1,0.02599999999983993,BACKFILL_AUTO
2026-07-13 11:43:36,1783943016,R_10,4790.659,-1,0.1390000000001237,BACKFILL_AUTO
2026-07-13 11:43:38,1783943018,R_10,4790.745,1,0.0860000000002401,BACKFILL_AUTO
2026-07-13 11:43:40,1783943020,R_10,4790.706,-1,0.03899999999975989,BACKFILL_AUTO
2026-07-13 11:43:42,1783943022,R_10,4790.733,1,0.027000000000043656,BACKFILL_AUTO
2026-07-13 11:43:44,1783943024,R_10,4790.925,1,0.19200000000000728,BACKFILL_AUTO
2026-07-13 11:43:46,1783943026,R_10,4790.975,1,0.0500000000001819,BACKFILL_AUTO
2026-07-13 11:43:48,1783943028,R_10,4791.106,1,0.13099999999940337,BACKFILL_AUTO
2026-07-13 11:43:50,1783943030,R_10,4791.057,-1,0.04899999999997817,BACKFILL_AUTO
2026-07-13 11:43:52,1783943032,R_10,4791.226,1,0.16899999999986903,BACKFILL_AUTO
2026-07-13 11:43:54,1783943034,R_10,4791.105,-1,0.12100000000009459,BACKFILL_AUTO
2026-07-13 11:43:56,1783943036,R_10,4791.293,1,0.18800000000010186,BACKFILL_AUTO
2026-07-13 11:43:58,1783943038,R_10,4791.406,1,0.11300000000028376,BACKFILL_AUTO
2026-07-13 11:44:00,1783943040,R_10,4791.44,1,0.033999999999650754,BACKFILL_AUTO
2026-07-13 11:44:02,1783943042,R_10,4791.534,1,0.09400000000005093,BACKFILL_AUTO
2026-07-13 11:44:04,1783943044,R_10,4791.435,-1,0.09899999999925058,BACKFILL_AUTO
2026-07-13 11:44:06,1783943046,R_10,4791.482,1,0.04699999999957072,BACKFILL_AUTO
2026-07-13 11:44:08,1783943048,R_10,4791.487,1,0.005000000000109139,BACKFILL_AUTO
2026-07-13 11:44:10,1783943050,R_10,4791.355,-1,0.1320000000005166,BACKFILL_AUTO
2026-07-13 11:44:12,1783943052,R_10,4791.52,1,0.16500000000087311,BACKFILL_AUTO
2026-07-13 11:44:14,1783943054,R_10,4791.429,-1,0.09100000000034925,BACKFILL_AUTO
2026-07-13 11:44:16,1783943056,R_10,4791.447,1,0.018000000000029104,BACKFILL_AUTO
2026-07-13 11:44:18,1783943058,R_10,4791.516,1,0.06899999999950523,BACKFILL_AUTO
2026-07-13 11:44:20,1783943060,R_10,4791.535,1,0.01900000000023283,BACKFILL_AUTO
2026-07-13 11:44:22,1783943062,R_10,4791.736,1,0.20100000000002183,BACKFILL_AUTO
2026-07-13 11:44:24,1783943064,R_10,4791.688,-1,0.047999999999774445,BACKFILL_AUTO
2026-07-13 11:44:26,1783943066,R_10,4791.781,1,0.0929999999998472,BACKFILL_AUTO
2026-07-13 11:44:28,1783943068,R_10,4791.645,-1,0.1359999999995125,BACKFILL_AUTO
2026-07-13 11:44:30,1783943070,R_10,4791.498,-1,0.147000000000844,BACKFILL_AUTO
2026-07-13 11:44:32,1783943072,R_10,4791.452,-1,0.04599999999936699,BACKFILL_AUTO
2026-07-13 11:44:34,1783943074,R_10,4791.401,-1,0.051000000000385626,BACKFILL_AUTO
2026-07-13 11:44:36,1783943076,R_10,4791.3,-1,0.10099999999965803,BACKFILL_AUTO
2026-07-13 11:44:38,1783943078,R_10,4791.449,1,0.14899999999943248,BACKFILL_AUTO
2026-07-13 11:44:40,1783943080,R_10,4791.638,1,0.1890000000003056,BACKFILL_AUTO
2026-07-13 11:44:42,1783943082,R_10,4791.482,-1,0.15599999999994907,BACKFILL_AUTO
2026-07-13 11:44:44,1783943084,R_10,4791.392,-1,0.09000000000014552,BACKFILL_AUTO
2026-07-13 11:44:46,1783943086,R_10,4791.475,1,0.08300000000053842,BACKFILL_AUTO
2026-07-13 11:44:48,1783943088,R_10,4791.445,-1,0.030000000000654836,BACKFILL_AUTO
2026-07-13 11:44:50,1783943090,R_10,4791.607,1,0.16200000000026193,BACKFILL_AUTO
2026-07-13 11:44:52,1783943092,R_10,4791.755,1,0.14800000000013824,BACKFILL_AUTO
2026-07-13 11:44:54,1783943094,R_10,4791.965,1,0.21000000000003638,BACKFILL_AUTO
2026-07-13 11:44:56,1783943096,R_10,4791.835,-1,0.13000000000010914,BACKFILL_AUTO
2026-07-13 11:44:58,1783943098,R_10,4791.938,1,0.10300000000006548,BACKFILL_AUTO
2026-07-13 11:45:00,1783943100,R_10,4792.042,1,0.10400000000026921,BACKFILL_AUTO
2026-07-13 11:45:02,1783943102,R_10,4791.926,-1,0.11599999999998545,BACKFILL_AUTO
2026-07-13 11:45:04,1783943104,R_10,4792.007,1,0.08099999999922147,BACKFILL_AUTO
2026-07-13 11:45:06,1783943106,R_10,4791.871,-1,0.1359999999995125,BACKFILL_AUTO
2026-07-13 11:45:08,1783943108,R_10,4791.924,1,0.052999999999883585,BACKFILL_AUTO
2026-07-13 11:45:10,1783943110,R_10,4791.816,-1,0.10800000000017462,BACKFILL_AUTO
2026-07-13 11:45:12,1783943112,R_10,4791.904,1,0.08800000000064756,BACKFILL_AUTO
2026-07-13 11:45:14,1783943114,R_10,4791.835,-1,0.06900000000041473,BACKFILL_AUTO
2026-07-13 11:45:16,1783943116,R_10,4791.845,1,0.010000000000218279,BACKFILL_AUTO
2026-07-13 11:45:18,1783943118,R_10,4791.728,-1,0.11700000000018917,BACKFILL_AUTO
2026-07-13 11:45:20,1783943120,R_10,4791.714,-1,0.014000000000123691,BACKFILL_AUTO
2026-07-13 11:45:22,1783943122,R_10,4791.691,-1,0.023000000000138243,BACKFILL_AUTO
2026-07-13 11:45:24,1783943124,R_10,4791.495,-1,0.1959999999999127,BACKFILL_AUTO
2026-07-13 11:45:26,1783943126,R_10,4791.701,1,0.20600000000013097,BACKFILL_AUTO
2026-07-13 11:45:28,1783943128,R_10,4791.882,1,0.18099999999958527,BACKFILL_AUTO
2026-07-13 11:45:30,1783943130,R_10,4791.814,-1,0.06799999999930151,BACKFILL_AUTO
2026-07-13 11:45:32,1783943132,R_10,4791.694,-1,0.11999999999989086,BACKFILL_AUTO
2026-07-13 11:45:34,1783943134,R_10,4791.7,1,0.0059999999994033715,BACKFILL_AUTO
2026-07-13 11:45:36,1783943136,R_10,4791.727,1,0.027000000000043656,BACKFILL_AUTO
2026-07-13 11:45:38,1783943138,R_10,4791.722,-1,0.005000000000109139,BACKFILL_AUTO
2026-07-13 11:45:40,1783943140,R_10,4791.739,1,0.016999999999825377,BACKFILL_AUTO
2026-07-13 11:45:42,1783943142,R_10,4791.63,-1,0.10899999999946886,BACKFILL_AUTO
2026-07-13 11:45:44,1783943144,R_10,4791.608,-1,0.021999999999934516,BACKFILL_AUTO
2026-07-13 11:45:46,1783943146,R_10,4791.618,1,0.010000000000218279,BACKFILL_AUTO
2026-07-13 11:45:48,1783943148,R_10,4791.647,1,0.028999999999541615,BACKFILL_AUTO
2026-07-13 11:45:50,1783943150,R_10,4791.592,-1,0.05500000000029104,BACKFILL_AUTO
2026-07-13 11:45:52,1783943152,R_10,4791.579,-1,0.012999999999919964,BACKFILL_AUTO
2026-07-13 11:45:54,1783943154,R_10,4791.72,1,0.14100000000053114,BACKFILL_AUTO
2026-07-13 11:45:56,1783943156,R_10,4791.784,1,0.0639999999993961,BACKFILL_AUTO
2026-07-13 11:45:58,1783943158,R_10,4791.767,-1,0.016999999999825377,BACKFILL_AUTO
2026-07-13 11:46:00,1783943160,R_10,4791.817,1,0.0500000000001819,BACKFILL_AUTO
2026-07-13 11:46:02,1783943162,R_10,4791.86,1,0.042999999999665306,BACKFILL_AUTO
2026-07-13 11:46:04,1783943164,R_10,4791.675,-1,0.18499999999949068,BACKFILL_AUTO
2026-07-13 11:46:06,1783943166,R_10,4791.996,1,0.3209999999999127,BACKFILL_AUTO
2026-07-13 11:46:08,1783943168,R_10,4792.003,1,0.006999999999607098,BACKFILL_AUTO
2026-07-13 11:46:10,1783943170,R_10,4791.73,-1,0.27300000000013824,BACKFILL_AUTO
2026-07-13 11:46:12,1783943172,R_10,4791.607,-1,0.12299999999959255,BACKFILL_AUTO
2026-07-13 11:46:14,1783943174,R_10,4791.59,-1,0.016999999999825377,BACKFILL_AUTO
2026-07-13 11:46:16,1783943176,R_10,4791.715,1,0.125,BACKFILL_AUTO
2026-07-13 11:46:18,1783943178,R_10,4791.752,1,0.037000000000261934,BACKFILL_AUTO
2026-07-13 11:46:20,1783943180,R_10,4791.667,-1,0.08500000000003638,BACKFILL_AUTO
2026-07-13 11:46:22,1783943182,R_10,4791.648,-1,0.01900000000023283,BACKFILL_AUTO
2026-07-13 11:46:24,1783943184,R_10,4791.734,1,0.0860000000002401,BACKFILL_AUTO
2026-07-13 11:46:26,1783943186,R_10,4791.6,-1,0.13400000000001455,BACKFILL_AUTO
2026-07-13 11:46:28,1783943188,R_10,4791.673,1,0.07299999999941065,BACKFILL_AUTO
2026-07-13 11:46:30,1783943190,R_10,4791.822,1,0.14900000000034197,BACKFILL_AUTO
2026-07-13 11:46:32,1783943192,R_10,4791.75,-1,0.07200000000011642,BACKFILL_AUTO
2026-07-13 11:46:34,1783943194,R_10,4791.933,1,0.18299999999999272,BACKFILL_AUTO
2026-07-13 11:46:36,1783943196,R_10,4791.968,1,0.03499999999985448,BACKFILL_AUTO
2026-07-13 11:46:38,1783943198,R_10,4791.919,-1,0.04899999999997817,BACKFILL_AUTO
2026-07-13 11:46:40,1783943200,R_10,4792.033,1,0.11400000000048749,BACKFILL_AUTO
2026-07-13 11:46:42,1783943202,R_10,4792.269,1,0.2359999999998763,BACKFILL_AUTO
2026-07-13 11:46:44,1783943204,R_10,4792.325,1,0.05599999999958527,BACKFILL_AUTO
2026-07-13 11:46:46,1783943206,R_10,4792.22,-1,0.10499999999956344,BACKFILL_AUTO
2026-07-13 11:46:48,1783943208,R_10,4792.279,1,0.05900000000019645,BACKFILL_AUTO
2026-07-13 11:46:50,1783943210,R_10,4792.276,-1,0.0030000000006111804,BACKFILL_AUTO
2026-07-13 11:46:52,1783943212,R_10,4792.278,1,0.0020000000004074536,BACKFILL_AUTO
2026-07-13 11:46:54,1783943214,R_10,4792.111,-1,0.16700000000037107,BACKFILL_AUTO
2026-07-13 11:46:56,1783943216,R_10,4792.067,-1,0.04399999999986903,BACKFILL_AUTO
2026-07-13 11:46:58,1783943218,R_10,4792.179,1,0.11200000000008004,BACKFILL_AUTO
2026-07-13 11:47:00,1783943220,R_10,4792.241,1,0.06199999999989814,BACKFILL_AUTO
2026-07-13 11:47:02,1783943222,R_10,4791.993,-1,0.24799999999959255,BACKFILL_AUTO
2026-07-13 11:47:04,1783943224,R_10,4792.01,1,0.016999999999825377,BACKFILL_AUTO
2026-07-13 11:47:06,1783943226,R_10,4792.111,1,0.10099999999965803,BACKFILL_AUTO
2026-07-13 11:47:08,1783943228,R_10,4792.16,1,0.04899999999997817,BACKFILL_AUTO
2026-07-13 11:47:10,1783943230,R_10,4792.194,1,0.03400000000056025,BACKFILL_AUTO
2026-07-13 11:47:12,1783943232,R_10,4792.349,1,0.15499999999974534,BACKFILL_AUTO
2026-07-13 11:47:14,1783943234,R_10,4792.242,-1,0.1069999999999709,BACKFILL_AUTO
2026-07-13 11:47:16,1783943236,R_10,4791.964,-1,0.2780000000002474,BACKFILL_AUTO
2026-07-13 11:47:18,1783943238,R_10,4791.833,-1,0.13100000000031287,BACKFILL_AUTO
2026-07-13 11:47:20,1783943240,R_10,4791.986,1,0.15300000000024738,BACKFILL_AUTO
2026-07-13 11:47:22,1783943242,R_10,4791.971,-1,0.015000000000327418,BACKFILL_AUTO
2026-07-13 11:47:24,1783943244,R_10,4792.11,1,0.1390000000001237,BACKFILL_AUTO
2026-07-13 11:47:26,1783943246,R_10,4792.182,1,0.07200000000011642,BACKFILL_AUTO
2026-07-13 11:47:28,1783943248,R_10,4792.237,1,0.05500000000029104,BACKFILL_AUTO
2026-07-13 11:47:30,1783943250,R_10,4792.468,1,0.23099999999976717,BACKFILL_AUTO
2026-07-13 11:47:32,1783943252,R_10,4792.309,-1,0.15899999999965075,BACKFILL_AUTO
2026-07-13 11:47:34,1783943254,R_10,4792.135,-1,0.17399999999997817,BACKFILL_AUTO
2026-07-13 11:47:36,1783943256,R_10,4792.108,-1,0.027000000000043656,BACKFILL_AUTO
2026-07-13 11:47:38,1783943258,R_10,4791.993,-1,0.11499999999978172,BACKFILL_AUTO
2026-07-13 11:47:40,1783943260,R_10,4792.139,1,0.1459999999997308,BACKFILL_AUTO
2026-07-13 11:47:42,1783943262,R_10,4792.072,-1,0.06700000000000728,BACKFILL_AUTO
2026-07-13 11:47:44,1783943264,R_10,4792.123,1,0.05099999999947613,BACKFILL_AUTO
2026-07-13 11:47:46,1783943266,R_10,4792.124,1,0.0010000000002037268,BACKFILL_AUTO
2026-07-13 11:47:48,1783943268,R_10,4792.211,1,0.08700000000044383,BACKFILL_AUTO
2026-07-13 11:47:50,1783943270,R_10,4792.209,-1,0.0020000000004074536,BACKFILL_AUTO
2026-07-13 11:47:52,1783943272,R_10,4792.253,1,0.04399999999986903,BACKFILL_AUTO
2026-07-13 11:47:54,1783943274,R_10,4792.412,1,0.15900000000056025,BACKFILL_AUTO
2026-07-13 11:47:56,1783943276,R_10,4792.363,-1,0.04899999999997817,BACKFILL_AUTO
2026-07-13 11:47:58,1783943278,R_10,4792.31,-1,0.052999999999883585,BACKFILL_AUTO
2026-07-13 11:48:00,1783943280,R_10,4792.429,1,0.11899999999968713,BACKFILL_AUTO
2026-07-13 11:48:02,1783943282,R_10,4792.7,1,0.2709999999997308,BACKFILL_AUTO
2026-07-13 11:48:04,1783943284,R_10,4792.588,-1,0.11200000000008004,BACKFILL_AUTO
2026-07-13 11:48:06,1783943286,R_10,4792.574,-1,0.014000000000123691,BACKFILL_AUTO
2026-07-13 11:48:08,1783943288,R_10,4792.603,1,0.02900000000045111,BACKFILL_AUTO
2026-07-13 11:48:10,1783943290,R_10,4792.541,-1,0.06199999999989814,BACKFILL_AUTO
2026-07-13 11:48:12,1783943292,R_10,4792.443,-1,0.09799999999995634,BACKFILL_AUTO
2026-07-13 11:48:14,1783943294,R_10,4792.33,-1,0.11300000000028376,BACKFILL_AUTO
2026-07-13 11:48:16,1783943296,R_10,4792.229,-1,0.10099999999965803,BACKFILL_AUTO
2026-07-13 11:48:18,1783943298,R_10,4792.282,1,0.052999999999883585,BACKFILL_AUTO
2026-07-13 11:48:20,1783943300,R_10,4792.208,-1,0.07400000000052387,BACKFILL_AUTO
2026-07-13 11:48:22,1783943302,R_10,4792.324,1,0.11599999999998545,BACKFILL_AUTO
2026-07-13 11:48:24,1783943304,R_10,4792.333,1,0.009000000000014552,BACKFILL_AUTO
2026-07-13 11:48:26,1783943306,R_10,4792.283,-1,0.049999999999272404,BACKFILL_AUTO
2026-07-13 11:48:28,1783943308,R_10,4792.196,-1,0.08700000000044383,BACKFILL_AUTO
2026-07-13 11:48:30,1783943310,R_10,4792.333,1,0.13699999999971624,BACKFILL_AUTO
2026-07-13 11:48:32,1783943312,R_10,4792.387,1,0.05400000000008731,BACKFILL_AUTO
2026-07-13 11:48:34,1783943314,R_10,4792.249,-1,0.13799999999991996,BACKFILL_AUTO
2026-07-13 11:48:36,1783943316,R_10,4792.297,1,0.047999999999774445,BACKFILL_AUTO
2026-07-13 11:48:38,1783943318,R_10,4792.234,-1,0.06299999999919237,BACKFILL_AUTO
2026-07-13 11:48:40,1783943320,R_10,4792.018,-1,0.21600000000034925,BACKFILL_AUTO
2026-07-13 11:48:42,1783943322,R_10,4791.97,-1,0.047999999999774445,BACKFILL_AUTO
2026-07-13 11:48:44,1783943324,R_10,4792.008,1,0.03799999999955617,BACKFILL_AUTO
2026-07-13 11:48:46,1783943326,R_10,4792.115,1,0.1069999999999709,BACKFILL_AUTO
2026-07-13 11:48:48,1783943328,R_10,4792.149,1,0.03400000000056025,BACKFILL_AUTO
2026-07-13 11:48:50,1783943330,R_10,4792.059,-1,0.09000000000014552,BACKFILL_AUTO
2026-07-13 11:48:52,1783943332,R_10,4791.954,-1,0.10500000000047294,BACKFILL_AUTO
2026-07-13 11:48:54,1783943334,R_10,4791.784,-1,0.17000000000007276,BACKFILL_AUTO
2026-07-13 11:48:56,1783943336,R_10,4791.89,1,0.10600000000067666,BACKFILL_AUTO
2026-07-13 11:48:58,1783943338,R_10,4791.791,-1,0.09900000000016007,BACKFILL_AUTO
2026-07-13 11:49:00,1783943340,R_10,4791.748,-1,0.0430000000005748,BACKFILL_AUTO
2026-07-13 11:49:02,1783943342,R_10,4791.38,-1,0.3679999999994834,BACKFILL_AUTO
2026-07-13 11:49:04,1783943344,R_10,4791.355,-1,0.025000000000545697,BACKFILL_AUTO
2026-07-13 11:49:06,1783943346,R_10,4791.289,-1,0.06599999999980355,BACKFILL_AUTO
2026-07-13 11:49:08,1783943348,R_10,4791.35,1,0.061000000000603904,BACKFILL_AUTO
2026-07-13 11:49:10,1783943350,R_10,4791.224,-1,0.12600000000020373,BACKFILL_AUTO
2026-07-13 11:49:12,1783943352,R_10,4791.303,1,0.07899999999972351,BACKFILL_AUTO
2026-07-13 11:49:14,1783943354,R_10,4791.239,-1,0.06400000000030559,BACKFILL_AUTO
2026-07-13 11:49:16,1783943356,R_10,4791.237,-1,0.001999999999497959,BACKFILL_AUTO
2026-07-13 11:49:18,1783943358,R_10,4791.277,1,0.03999999999996362,BACKFILL_AUTO
2026-07-13 11:49:20,1783943360,R_10,4791.229,-1,0.047999999999774445,BACKFILL_AUTO
2026-07-13 11:49:22,1783943362,R_10,4791.186,-1,0.0430000000005748,BACKFILL_AUTO
2026-07-13 11:49:24,1783943364,R_10,4791.098,-1,0.08799999999973807,BACKFILL_AUTO
2026-07-13 11:49:26,1783943366,R_10,4791.125,1,0.027000000000043656,BACKFILL_AUTO
2026-07-13 11:49:28,1783943368,R_10,4791.07,-1,0.05500000000029104,BACKFILL_AUTO
2026-07-13 11:49:30,1783943370,R_10,4791.087,1,0.01700000000073487,BACKFILL_AUTO
2026-07-13 11:49:32,1783943372,R_10,4791.256,1,0.16899999999986903,BACKFILL_AUTO
2026-07-13 11:49:34,1783943374,R_10,4791.291,1,0.03499999999985448,BACKFILL_AUTO
2026-07-13 11:49:36,1783943376,R_10,4791.584,1,0.2929999999996653,BACKFILL_AUTO
2026-07-13 11:49:38,1783943378,R_10,4791.639,1,0.05500000000029104,BACKFILL_AUTO
2026-07-13 11:49:40,1783943380,R_10,4791.58,-1,0.05900000000019645,BACKFILL_AUTO
2026-07-13 11:49:42,1783943382,R_10,4791.464,-1,0.11599999999998545,BACKFILL_AUTO
2026-07-13 11:49:44,1783943384,R_10,4791.476,1,0.011999999999716238,BACKFILL_AUTO
2026-07-13 11:49:46,1783943386,R_10,4791.659,1,0.18299999999999272,BACKFILL_AUTO
2026-07-13 11:49:48,1783943388,R_10,4791.507,-1,0.15200000000004366,BACKFILL_AUTO
2026-07-13 11:49:50,1783943390,R_10,4791.492,-1,0.014999999999417923,BACKFILL_AUTO
2026-07-13 11:49:52,1783943392,R_10,4791.284,-1,0.20800000000053842,BACKFILL_AUTO
2026-07-13 11:49:54,1783943394,R_10,4791.358,1,0.07400000000052387,BACKFILL_AUTO
2026-07-13 11:49:56,1783943396,R_10,4791.246,-1,0.11200000000008004,BACKFILL_AUTO
2026-07-13 11:49:58,1783943398,R_10,4791.27,1,0.02400000000034197,BACKFILL_AUTO
2026-07-13 11:50:00,1783943400,R_10,4791.338,1,0.06799999999930151,BACKFILL_AUTO
2026-07-13 11:50:02,1783943402,R_10,4791.309,-1,0.028999999999541615,BACKFILL_AUTO
2026-07-13 11:50:04,1783943404,R_10,4791.36,1,0.05099999999947613,BACKFILL_AUTO
2026-07-13 11:50:06,1783943406,R_10,4791.584,1,0.22400000000016007,BACKFILL_AUTO
2026-07-13 11:50:08,1783943408,R_10,4791.573,-1,0.01099999999951251,BACKFILL_AUTO
2026-07-13 11:50:10,1783943410,R_10,4791.644,1,0.07099999999991269,BACKFILL_AUTO
2026-07-13 11:50:12,1783943412,R_10,4791.796,1,0.15200000000004366,BACKFILL_AUTO
2026-07-13 11:50:14,1783943414,R_10,4791.565,-1,0.23100000000067666,BACKFILL_AUTO
2026-07-13 11:50:16,1783943416,R_10,4791.477,-1,0.08799999999973807,BACKFILL_AUTO
2026-07-13 11:50:18,1783943418,R_10,4791.142,-1,0.3350000000000364,BACKFILL_AUTO
2026-07-13 11:50:20,1783943420,R_10,4791.245,1,0.10300000000006548,BACKFILL_AUTO
2026-07-13 11:50:22,1783943422,R_10,4791.05,-1,0.19499999999970896,BACKFILL_AUTO
2026-07-13 11:50:24,1783943424,R_10,4791.175,1,0.125,BACKFILL_AUTO
2026-07-13 11:50:26,1783943426,R_10,4791.201,1,0.02599999999983993,BACKFILL_AUTO
2026-07-13 11:50:28,1783943428,R_10,4791.006,-1,0.19499999999970896,BACKFILL_AUTO
2026-07-13 11:50:30,1783943430,R_10,4791.28,1,0.2739999999994325,BACKFILL_AUTO
2026-07-13 11:50:32,1783943432,R_10,4791.344,1,0.06400000000030559,BACKFILL_AUTO
2026-07-13 11:50:34,1783943434,R_10,4791.287,-1,0.056999999999789,BACKFILL_AUTO
2026-07-13 11:50:36,1783943436,R_10,4791.407,1,0.11999999999989086,BACKFILL_AUTO
2026-07-13 11:50:38,1783943438,R_10,4791.285,-1,0.12200000000029831,BACKFILL_AUTO
2026-07-13 11:50:40,1783943440,R_10,4791.331,1,0.046000000000276486,BACKFILL_AUTO
2026-07-13 11:50:42,1783943442,R_10,4791.262,-1,0.06900000000041473,BACKFILL_AUTO
2026-07-13 11:50:44,1783943444,R_10,4791.213,-1,0.04899999999997817,BACKFILL_AUTO
2026-07-13 11:50:46,1783943446,R_10,4791.331,1,0.1180000000003929,BACKFILL_AUTO
2026-07-13 11:50:48,1783943448,R_10,4791.212,-1,0.11899999999968713,BACKFILL_AUTO
2026-07-13 11:50:50,1783943450,R_10,4791.178,-1,0.03400000000056025,BACKFILL_AUTO
2026-07-13 11:50:52,1783943452,R_10,4791.068,-1,0.10999999999967258,BACKFILL_AUTO
2026-07-13 11:50:54,1783943454,R_10,4791.107,1,0.03899999999975989,BACKFILL_AUTO
2026-07-13 11:50:56,1783943456,R_10,4791.179,1,0.07200000000011642,BACKFILL_AUTO
2026-07-13 11:50:58,1783943458,R_10,4791.269,1,0.09000000000014552,BACKFILL_AUTO
2026-07-13 11:51:00,1783943460,R_10,4791.134,-1,0.13500000000021828,BACKFILL_AUTO
2026-07-13 11:51:02,1783943462,R_10,4791.241,1,0.1069999999999709,BACKFILL_AUTO
2026-07-13 11:51:04,1783943464,R_10,4791.294,1,0.052999999999883585,BACKFILL_AUTO
2026-07-13 11:51:06,1783943466,R_10,4791.272,-1,0.021999999999934516,BACKFILL_AUTO
2026-07-13 11:51:08,1783943468,R_10,4791.326,1,0.05400000000008731,BACKFILL_AUTO
2026-07-13 11:51:10,1783943470,R_10,4791.418,1,0.09199999999964348,BACKFILL_AUTO
2026-07-13 11:51:12,1783943472,R_10,4791.402,-1,0.01599999999962165,BACKFILL_AUTO
2026-07-13 11:51:14,1783943474,R_10,4791.332,-1,0.06999999999970896,BACKFILL_AUTO
2026-07-13 11:51:16,1783943476,R_10,4791.583,1,0.25099999999929423,BACKFILL_AUTO
2026-07-13 11:51:18,1783943478,R_10,4791.601,1,0.018000000000029104,BACKFILL_AUTO
2026-07-13 11:51:20,1783943480,R_10,4791.714,1,0.11300000000028376,BACKFILL_AUTO
2026-07-13 11:51:22,1783943482,R_10,4791.605,-1,0.10900000000037835,BACKFILL_AUTO
2026-07-13 11:51:24,1783943484,R_10,4791.562,-1,0.042999999999665306,BACKFILL_AUTO
2026-07-13 11:51:26,1783943486,R_10,4791.547,-1,0.015000000000327418,BACKFILL_AUTO
2026-07-13 11:51:28,1783943488,R_10,4791.686,1,0.1390000000001237,BACKFILL_AUTO
2026-07-13 11:51:30,1783943490,R_10,4791.72,1,0.03400000000056025,BACKFILL_AUTO
2026-07-13 11:51:32,1783943492,R_10,4791.74,1,0.019999999999527063,BACKFILL_AUTO
2026-07-13 11:51:34,1783943494,R_10,4791.897,1,0.1570000000001528,BACKFILL_AUTO
2026-07-13 11:51:36,1783943496,R_10,4791.945,1,0.047999999999774445,BACKFILL_AUTO
2026-07-13 11:51:38,1783943498,R_10,4791.959,1,0.014000000000123691,BACKFILL_AUTO
2026-07-13 11:51:40,1783943500,R_10,4792.133,1,0.17399999999997817,BACKFILL_AUTO
2026-07-13 11:51:42,1783943502,R_10,4792.118,-1,0.014999999999417923,BACKFILL_AUTO
2026-07-13 11:51:44,1783943504,R_10,4791.972,-1,0.14600000000064028,BACKFILL_AUTO
2026-07-13 11:51:46,1783943506,R_10,4791.82,-1,0.15200000000004366,BACKFILL_AUTO
2026-07-13 11:51:48,1783943508,R_10,4791.753,-1,0.06700000000000728,BACKFILL_AUTO
2026-07-13 11:51:50,1783943510,R_10,4791.939,1,0.1860000000006039,BACKFILL_AUTO
2026-07-13 11:51:52,1783943512,R_10,4791.955,1,0.01599999999962165,BACKFILL_AUTO
2026-07-13 11:51:54,1783943514,R_10,4792.174,1,0.21900000000005093,BACKFILL_AUTO
2026-07-13 11:51:56,1783943516,R_10,4791.927,-1,0.24700000000029831,BACKFILL_AUTO
2026-07-13 11:51:58,1783943518,R_10,4791.949,1,0.021999999999934516,BACKFILL_AUTO
2026-07-13 11:52:00,1783943520,R_10,4791.743,-1,0.20599999999922147,BACKFILL_AUTO
2026-07-13 11:52:02,1783943522,R_10,4791.46,-1,0.2830000000003565,BACKFILL_AUTO
2026-07-13 11:52:04,1783943524,R_10,4791.525,1,0.06499999999959982,BACKFILL_AUTO
2026-07-13 11:52:06,1783943526,R_10,4791.411,-1,0.113999999999578,BACKFILL_AUTO
2026-07-13 11:52:08,1783943528,R_10,4791.384,-1,0.027000000000043656,BACKFILL_AUTO
2026-07-13 11:52:10,1783943530,R_10,4791.394,1,0.010000000000218279,BACKFILL_AUTO
2026-07-13 11:52:12,1783943532,R_10,4791.439,1,0.04500000000007276,BACKFILL_AUTO
2026-07-13 11:52:14,1783943534,R_10,4791.558,1,0.11899999999968713,BACKFILL_AUTO
2026-07-13 11:52:16,1783943536,R_10,4791.395,-1,0.16299999999955617,BACKFILL_AUTO
2026-07-13 11:52:18,1783943538,R_10,4791.209,-1,0.1860000000006039,BACKFILL_AUTO
2026-07-13 11:52:20,1783943540,R_10,4791.216,1,0.007000000000516593,BACKFILL_AUTO
2026-07-13 11:52:22,1783943542,R_10,4791.241,1,0.024999999999636202,BACKFILL_AUTO
2026-07-13 11:52:24,1783943544,R_10,4791.135,-1,0.10599999999976717,BACKFILL_AUTO
2026-07-13 11:52:26,1783943546,R_10,4790.962,-1,0.17299999999977445,BACKFILL_AUTO
2026-07-13 11:52:28,1783943548,R_10,4790.833,-1,0.1290000000008149,BACKFILL_AUTO
2026-07-13 11:52:30,1783943550,R_10,4790.878,1,0.04500000000007276,BACKFILL_AUTO
2026-07-13 11:52:32,1783943552,R_10,4790.636,-1,0.24199999999927968,BACKFILL_AUTO
2026-07-13 11:52:34,1783943554,R_10,4790.637,1,0.0009999999992942321,BACKFILL_AUTO
2026-07-13 11:52:36,1783943556,R_10,4790.573,-1,0.0639999999993961,BACKFILL_AUTO
2026-07-13 11:52:38,1783943558,R_10,4790.666,1,0.0929999999998472,BACKFILL_AUTO
2026-07-13 11:52:40,1783943560,R_10,4790.672,1,0.0059999999994033715,BACKFILL_AUTO
2026-07-13 11:52:42,1783943562,R_10,4790.483,-1,0.1889999999993961,BACKFILL_AUTO
2026-07-13 11:52:44,1783943564,R_10,4790.381,-1,0.10199999999986176,BACKFILL_AUTO
2026-07-13 11:52:46,1783943566,R_10,4790.543,1,0.16199999999935244,BACKFILL_AUTO
2026-07-13 11:52:48,1783943568,R_10,4790.384,-1,0.15899999999965075,BACKFILL_AUTO
2026-07-13 11:52:50,1783943570,R_10,4790.467,1,0.08299999999962893,BACKFILL_AUTO
2026-07-13 11:52:52,1783943572,R_10,4790.494,1,0.027000000000043656,BACKFILL_AUTO
2026-07-13 11:52:54,1783943574,R_10,4790.145,-1,0.3489999999992506,BACKFILL_AUTO
2026-07-13 11:52:56,1783943576,R_10,4790.104,-1,0.04100000000016735,BACKFILL_AUTO
2026-07-13 11:52:58,1783943578,R_10,4789.985,-1,0.11900000000059663,BACKFILL_AUTO
2026-07-13 11:53:00,1783943580,R_10,4790.094,1,0.10900000000037835,BACKFILL_AUTO
2026-07-13 11:53:02,1783943582,R_10,4790.071,-1,0.023000000000138243,BACKFILL_AUTO
2026-07-13 11:53:04,1783943584,R_10,4790.095,1,0.02400000000034197,BACKFILL_AUTO
2026-07-13 11:53:06,1783943586,R_10,4790.276,1,0.18099999999958527,BACKFILL_AUTO
2026-07-13 11:53:08,1783943588,R_10,4790.13,-1,0.1459999999997308,BACKFILL_AUTO
2026-07-13 11:53:10,1783943590,R_10,4790.067,-1,0.06300000000010186,BACKFILL_AUTO
2026-07-13 11:53:12,1783943592,R_10,4790.247,1,0.18000000000029104,BACKFILL_AUTO
2026-07-13 11:53:14,1783943594,R_10,4790.349,1,0.10199999999986176,BACKFILL_AUTO
2026-07-13 11:53:16,1783943596,R_10,4790.213,-1,0.136000000000422,BACKFILL_AUTO
2026-07-13 11:53:18,1783943598,R_10,4790.049,-1,0.1639999999997599,BACKFILL_AUTO
2026-07-13 11:53:20,1783943600,R_10,4790.121,1,0.07200000000011642,BACKFILL_AUTO
2026-07-13 11:53:22,1783943602,R_10,4790.335,1,0.2139999999999418,BACKFILL_AUTO
2026-07-13 11:53:24,1783943604,R_10,4790.601,1,0.26599999999962165,BACKFILL_AUTO
2026-07-13 11:53:26,1783943606,R_10,4790.735,1,0.13400000000001455,BACKFILL_AUTO
2026-07-13 11:53:28,1783943608,R_10,4790.76,1,0.025000000000545697,BACKFILL_AUTO
2026-07-13 11:53:30,1783943610,R_10,4790.731,-1,0.02900000000045111,BACKFILL_AUTO
2026-07-13 11:53:32,1783943612,R_10,4790.575,-1,0.15599999999994907,BACKFILL_AUTO
2026-07-13 11:53:34,1783943614,R_10,4790.406,-1,0.16899999999986903,BACKFILL_AUTO
2026-07-13 11:53:36,1783943616,R_10,4790.611,1,0.20499999999992724,BACKFILL_AUTO
2026-07-13 11:53:38,1783943618,R_10,4790.463,-1,0.14800000000013824,BACKFILL_AUTO
2026-07-13 11:53:40,1783943620,R_10,4790.621,1,0.15800000000035652,BACKFILL_AUTO
2026-07-13 11:53:42,1783943622,R_10,4790.619,-1,0.0020000000004074536,BACKFILL_AUTO
2026-07-13 11:53:44,1783943624,R_10,4790.618,-1,0.0009999999992942321,BACKFILL_AUTO
2026-07-13 11:53:46,1783943626,R_10,4790.585,-1,0.03300000000035652,BACKFILL_AUTO
2026-07-13 11:53:48,1783943628,R_10,4790.537,-1,0.047999999999774445,BACKFILL_AUTO
2026-07-13 11:53:50,1783943630,R_10,4790.504,-1,0.03300000000035652,BACKFILL_AUTO
2026-07-13 11:53:52,1783943632,R_10,4790.395,-1,0.10899999999946886,BACKFILL_AUTO
2026-07-13 11:53:54,1783943634,R_10,4790.512,1,0.11699999999927968,BACKFILL_AUTO
2026-07-13 11:53:56,1783943636,R_10,4790.555,1,0.0430000000005748,BACKFILL_AUTO
2026-07-13 11:53:58,1783943638,R_10,4790.659,1,0.10399999999935972,BACKFILL_AUTO
2026-07-13 11:54:00,1783943640,R_10,4790.612,-1,0.04699999999957072,BACKFILL_AUTO
2026-07-13 11:54:02,1783943642,R_10,4790.518,-1,0.09400000000005093,BACKFILL_AUTO
2026-07-13 11:54:04,1783943644,R_10,4790.602,1,0.08399999999983265,BACKFILL_AUTO
2026-07-13 11:54:06,1783943646,R_10,4790.596,-1,0.006000000000312866,BACKFILL_AUTO
2026-07-13 11:54:08,1783943648,R_10,4790.596,0,0.0,BACKFILL_AUTO
2026-07-13 11:54:10,1783943650,R_10,4790.757,1,0.1610000000000582,BACKFILL_AUTO
2026-07-13 11:54:12,1783943652,R_10,4790.633,-1,0.12399999999979627,BACKFILL_AUTO
2026-07-13 11:54:14,1783943654,R_10,4790.634,1,0.0010000000002037268,BACKFILL_AUTO
2026-07-13 11:54:16,1783943656,R_10,4790.553,-1,0.08100000000013097,BACKFILL_AUTO
2026-07-13 11:54:18,1783943658,R_10,4790.728,1,0.1750000000001819,BACKFILL_AUTO
2026-07-13 11:54:20,1783943660,R_10,4790.822,1,0.09400000000005093,BACKFILL_AUTO
2026-07-13 11:54:22,1783943662,R_10,4790.98,1,0.15799999999944703,BACKFILL_AUTO
2026-07-13 11:54:24,1783943664,R_10,4790.908,-1,0.07199999999920692,BACKFILL_AUTO
2026-07-13 11:54:26,1783943666,R_10,4790.888,-1,0.020000000000436557,BACKFILL_AUTO
2026-07-13 11:54:28,1783943668,R_10,4790.789,-1,0.09900000000016007,BACKFILL_AUTO
2026-07-13 11:54:30,1783943670,R_10,4790.663,-1,0.12600000000020373,BACKFILL_AUTO
2026-07-13 11:54:32,1783943672,R_10,4790.596,-1,0.06700000000000728,BACKFILL_AUTO
2026-07-13 11:54:34,1783943674,R_10,4790.637,1,0.04100000000016735,BACKFILL_AUTO
2026-07-13 11:54:36,1783943676,R_10,4790.763,1,0.12600000000020373,BACKFILL_AUTO
2026-07-13 11:54:38,1783943678,R_10,4790.788,1,0.024999999999636202,BACKFILL_AUTO
2026-07-13 11:54:40,1783943680,R_10,4790.741,-1,0.04699999999957072,BACKFILL_AUTO
2026-07-13 11:54:42,1783943682,R_10,4790.651,-1,0.09000000000014552,BACKFILL_AUTO
2026-07-13 11:54:44,1783943684,R_10,4790.832,1,0.18100000000049477,BACKFILL_AUTO
2026-07-13 11:54:46,1783943686,R_10,4790.789,-1,0.0430000000005748,BACKFILL_AUTO
2026-07-13 11:54:48,1783943688,R_10,4790.73,-1,0.05900000000019645,BACKFILL_AUTO
2026-07-13 11:54:50,1783943690,R_10,4790.835,1,0.10500000000047294,BACKFILL_AUTO
2026-07-13 11:54:52,1783943692,R_10,4790.885,1,0.0500000000001819,BACKFILL_AUTO
2026-07-13 11:54:54,1783943694,R_10,4790.948,1,0.06300000000010186,BACKFILL_AUTO
2026-07-13 11:54:56,1783943696,R_10,4790.882,-1,0.06600000000071304,BACKFILL_AUTO
2026-07-13 11:54:58,1783943698,R_10,4791.14,1,0.2580000000007203,BACKFILL_AUTO
2026-07-13 11:55:00,1783943700,R_10,4791.099,-1,0.04100000000016735,BACKFILL_AUTO
2026-07-13 11:55:02,1783943702,R_10,4791.187,1,0.08799999999973807,BACKFILL_AUTO
2026-07-13 11:55:04,1783943704,R_10,4790.972,-1,0.21500000000014552,BACKFILL_AUTO
2026-07-13 11:55:06,1783943706,R_10,4790.983,1,0.011000000000422006,BACKFILL_AUTO
2026-07-13 11:55:08,1783943708,R_10,4790.918,-1,0.06500000000050932,BACKFILL_AUTO
2026-07-13 11:55:10,1783943710,R_10,4790.824,-1,0.09400000000005093,BACKFILL_AUTO
2026-07-13 11:55:12,1783943712,R_10,4790.757,-1,0.06700000000000728,BACKFILL_AUTO
2026-07-13 11:55:14,1783943714,R_10,4790.947,1,0.19000000000050932,BACKFILL_AUTO
2026-07-13 11:55:16,1783943716,R_10,4790.815,-1,0.1320000000005166,BACKFILL_AUTO
2026-07-13 11:55:18,1783943718,R_10,4790.94,1,0.125,BACKFILL_AUTO
2026-07-13 11:55:20,1783943720,R_10,4790.867,-1,0.07299999999941065,BACKFILL_AUTO
2026-07-13 11:55:22,1783943722,R_10,4790.783,-1,0.08399999999983265,BACKFILL_AUTO
2026-07-13 11:55:24,1783943724,R_10,4790.816,1,0.03299999999944703,BACKFILL_AUTO
2026-07-13 11:55:26,1783943726,R_10,4790.63,-1,0.1859999999996944,BACKFILL_AUTO
2026-07-13 11:55:28,1783943728,R_10,4790.73,1,0.0999999999994543,BACKFILL_AUTO
2026-07-13 11:55:30,1783943730,R_10,4790.668,-1,0.06199999999989814,BACKFILL_AUTO
2026-07-13 11:55:32,1783943732,R_10,4790.824,1,0.15599999999994907,BACKFILL_AUTO
2026-07-13 11:55:34,1783943734,R_10,4790.826,1,0.0020000000004074536,BACKFILL_AUTO
2026-07-13 11:55:36,1783943736,R_10,4790.755,-1,0.07099999999991269,BACKFILL_AUTO
2026-07-13 11:55:38,1783943738,R_10,4790.736,-1,0.01900000000023283,BACKFILL_AUTO
2026-07-13 11:55:40,1783943740,R_10,4790.645,-1,0.09099999999943975,BACKFILL_AUTO
2026-07-13 11:55:42,1783943742,R_10,4790.609,-1,0.03600000000005821,BACKFILL_AUTO
2026-07-13 11:55:44,1783943744,R_10,4790.499,-1,0.11000000000058208,BACKFILL_AUTO
2026-07-13 11:55:46,1783943746,R_10,4790.602,1,0.10300000000006548,BACKFILL_AUTO
2026-07-13 11:55:48,1783943748,R_10,4790.807,1,0.20499999999992724,BACKFILL_AUTO
2026-07-13 11:55:50,1783943750,R_10,4790.905,1,0.09799999999995634,BACKFILL_AUTO
2026-07-13 11:55:52,1783943752,R_10,4790.93,1,0.025000000000545697,BACKFILL_AUTO
2026-07-13 11:55:54,1783943754,R_10,4790.92,-1,0.010000000000218279,BACKFILL_AUTO
2026-07-13 11:55:56,1783943756,R_10,4790.729,-1,0.19099999999980355,BACKFILL_AUTO
2026-07-13 11:55:58,1783943758,R_10,4790.699,-1,0.030000000000654836,BACKFILL_AUTO
2026-07-13 11:56:00,1783943760,R_10,4790.815,1,0.11599999999998545,BACKFILL_AUTO
2026-07-13 11:56:02,1783943762,R_10,4790.842,1,0.027000000000043656,BACKFILL_AUTO
2026-07-13 11:56:04,1783943764,R_10,4791.027,1,0.18500000000040018,BACKFILL_AUTO
2026-07-13 11:56:06,1783943766,R_10,4791.064,1,0.037000000000261934,BACKFILL_AUTO
2026-07-13 11:56:08,1783943768,R_10,4791.081,1,0.016999999999825377,BACKFILL_AUTO
2026-07-13 11:56:10,1783943770,R_10,4791.074,-1,0.007000000000516593,BACKFILL_AUTO
2026-07-13 11:56:12,1783943772,R_10,4791.051,-1,0.02299999999922875,BACKFILL_AUTO
2026-07-13 11:56:14,1783943774,R_10,4791.266,1,0.21499999999923602,BACKFILL_AUTO
2026-07-13 11:56:16,1783943776,R_10,4791.465,1,0.19900000000052387,BACKFILL_AUTO
2026-07-13 11:56:18,1783943778,R_10,4791.573,1,0.10800000000017462,BACKFILL_AUTO
2026-07-13 11:56:20,1783943780,R_10,4791.535,-1,0.03800000000046566,BACKFILL_AUTO
2026-07-13 11:56:22,1783943782,R_10,4791.459,-1,0.07600000000002183,BACKFILL_AUTO
2026-07-13 11:56:24,1783943784,R_10,4791.39,-1,0.06899999999950523,BACKFILL_AUTO
2026-07-13 11:56:26,1783943786,R_10,4791.361,-1,0.02900000000045111,BACKFILL_AUTO
2026-07-13 11:56:28,1783943788,R_10,4791.374,1,0.012999999999919964,BACKFILL_AUTO
2026-07-13 11:56:30,1783943790,R_10,4791.405,1,0.03099999999994907,BACKFILL_AUTO
2026-07-13 11:56:32,1783943792,R_10,4791.24,-1,0.16499999999996362,BACKFILL_AUTO
2026-07-13 11:56:34,1783943794,R_10,4791.101,-1,0.1390000000001237,BACKFILL_AUTO
2026-07-13 11:56:36,1783943796,R_10,4791.067,-1,0.033999999999650754,BACKFILL_AUTO
2026-07-13 11:56:38,1783943798,R_10,4791.099,1,0.032000000000152795,BACKFILL_AUTO
2026-07-13 11:56:40,1783943800,R_10,4791.124,1,0.024999999999636202,BACKFILL_AUTO
2026-07-13 11:56:42,1783943802,R_10,4791.293,1,0.16899999999986903,BACKFILL_AUTO
2026-07-13 11:56:44,1783943804,R_10,4791.337,1,0.04400000000077853,BACKFILL_AUTO
2026-07-13 11:56:46,1783943806,R_10,4791.493,1,0.15599999999994907,BACKFILL_AUTO
2026-07-13 11:56:48,1783943808,R_10,4791.505,1,0.011999999999716238,BACKFILL_AUTO
2026-07-13 11:56:50,1783943810,R_10,4791.692,1,0.18699999999989814,BACKFILL_AUTO
2026-07-13 11:56:52,1783943812,R_10,4791.761,1,0.06900000000041473,BACKFILL_AUTO
2026-07-13 11:56:54,1783943814,R_10,4791.742,-1,0.01900000000023283,BACKFILL_AUTO
2026-07-13 11:56:56,1783943816,R_10,4791.738,-1,0.0039999999999054126,BACKFILL_AUTO
2026-07-13 11:56:58,1783943818,R_10,4791.769,1,0.03099999999994907,BACKFILL_AUTO
2026-07-13 11:57:00,1783943820,R_10,4791.832,1,0.06300000000010186,BACKFILL_AUTO
2026-07-13 11:57:02,1783943822,R_10,4791.863,1,0.03099999999994907,BACKFILL_AUTO
2026-07-13 11:57:04,1783943824,R_10,4791.802,-1,0.061000000000603904,BACKFILL_AUTO
2026-07-13 11:57:06,1783943826,R_10,4791.859,1,0.05700000000069849,BACKFILL_AUTO
2026-07-13 11:57:08,1783943828,R_10,4791.809,-1,0.0500000000001819,BACKFILL_AUTO
2026-07-13 11:57:10,1783943830,R_10,4791.709,-1,0.1000000000003638,BACKFILL_AUTO
2026-07-13 11:57:12,1783943832,R_10,4791.658,-1,0.05099999999947613,BACKFILL_AUTO
2026-07-13 11:57:14,1783943834,R_10,4791.64,-1,0.018000000000029104,BACKFILL_AUTO
2026-07-13 11:57:16,1783943836,R_10,4791.756,1,0.11599999999998545,BACKFILL_AUTO
2026-07-13 11:57:18,1783943838,R_10,4791.754,-1,0.0020000000004074536,BACKFILL_AUTO
2026-07-13 11:57:20,1783943840,R_10,4791.815,1,0.06099999999969441,BACKFILL_AUTO
2026-07-13 11:57:22,1783943842,R_10,4791.781,-1,0.033999999999650754,BACKFILL_AUTO
2026-07-13 11:57:24,1783943844,R_10,4791.515,-1,0.26599999999962165,BACKFILL_AUTO
2026-07-13 11:57:26,1783943846,R_10,4791.477,-1,0.03800000000046566,BACKFILL_AUTO
2026-07-13 11:57:28,1783943848,R_10,4791.523,1,0.046000000000276486,BACKFILL_AUTO
2026-07-13 11:57:30,1783943850,R_10,4791.498,-1,0.025000000000545697,BACKFILL_AUTO
2026-07-13 11:57:32,1783943852,R_10,4791.459,-1,0.03899999999975989,BACKFILL_AUTO
2026-07-13 11:57:34,1783943854,R_10,4791.448,-1,0.01099999999951251,BACKFILL_AUTO
2026-07-13 11:57:36,1783943856,R_10,4791.676,1,0.22800000000006548,BACKFILL_AUTO
2026-07-13 11:57:38,1783943858,R_10,4791.958,1,0.2819999999992433,BACKFILL_AUTO
2026-07-13 11:57:40,1783943860,R_10,4791.914,-1,0.04399999999986903,BACKFILL_AUTO
2026-07-13 11:57:42,1783943862,R_10,4792.013,1,0.09900000000016007,BACKFILL_AUTO
2026-07-13 11:57:44,1783943864,R_10,4791.99,-1,0.023000000000138243,BACKFILL_AUTO
2026-07-13 11:57:46,1783943866,R_10,4791.886,-1,0.10399999999935972,BACKFILL_AUTO
2026-07-13 11:57:48,1783943868,R_10,4792.023,1,0.13699999999971624,BACKFILL_AUTO
2026-07-13 11:57:50,1783943870,R_10,4792.091,1,0.068000000000211,BACKFILL_AUTO
2026-07-13 11:57:52,1783943872,R_10,4792.139,1,0.047999999999774445,BACKFILL_AUTO
2026-07-13 11:57:54,1783943874,R_10,4791.946,-1,0.193000000000211,BACKFILL_AUTO
2026-07-13 11:57:56,1783943876,R_10,4792.111,1,0.16499999999996362,BACKFILL_AUTO
2026-07-13 11:57:58,1783943878,R_10,4792.024,-1,0.08699999999953434,BACKFILL_AUTO
2026-07-13 11:58:00,1783943880,R_10,4792.174,1,0.1499999999996362,BACKFILL_AUTO
2026-07-13 11:58:02,1783943882,R_10,4792.165,-1,0.009000000000014552,BACKFILL_AUTO
2026-07-13 11:58:04,1783943884,R_10,4791.971,-1,0.19400000000041473,BACKFILL_AUTO
2026-07-13 11:58:06,1783943886,R_10,4791.856,-1,0.11499999999978172,BACKFILL_AUTO
2026-07-13 11:58:08,1783943888,R_10,4791.673,-1,0.18299999999999272,BACKFILL_AUTO
2026-07-13 11:58:10,1783943890,R_10,4791.473,-1,0.1999999999998181,BACKFILL_AUTO
2026-07-13 11:58:12,1783943892,R_10,4791.418,-1,0.05500000000029104,BACKFILL_AUTO
2026-07-13 11:58:14,1783943894,R_10,4791.238,-1,0.17999999999938154,BACKFILL_AUTO
2026-07-13 11:58:16,1783943896,R_10,4791.227,-1,0.011000000000422006,BACKFILL_AUTO
2026-07-13 11:58:18,1783943898,R_10,4791.25,1,0.023000000000138243,BACKFILL_AUTO
2026-07-13 11:58:20,1783943900,R_10,4791.302,1,0.05199999999967986,BACKFILL_AUTO
2026-07-13 11:58:22,1783943902,R_10,4791.512,1,0.21000000000003638,BACKFILL_AUTO
2026-07-13 11:58:24,1783943904,R_10,4791.46,-1,0.05199999999967986,BACKFILL_AUTO
2026-07-13 11:58:26,1783943906,R_10,4791.687,1,0.22699999999986176,BACKFILL_AUTO
2026-07-13 11:58:28,1783943908,R_10,4791.847,1,0.15999999999985448,BACKFILL_AUTO
2026-07-13 11:58:30,1783943910,R_10,4791.941,1,0.09400000000005093,BACKFILL_AUTO
2026-07-13 11:58:32,1783943912,R_10,4791.786,-1,0.15499999999974534,BACKFILL_AUTO
2026-07-13 11:58:34,1783943914,R_10,4791.923,1,0.13699999999971624,BACKFILL_AUTO
2026-07-13 11:58:36,1783943916,R_10,4792.01,1,0.08700000000044383,BACKFILL_AUTO
2026-07-13 11:58:38,1783943918,R_10,4791.991,-1,0.01900000000023283,BACKFILL_AUTO
2026-07-13 11:58:40,1783943920,R_10,4791.882,-1,0.10900000000037835,BACKFILL_AUTO
2026-07-13 11:58:42,1783943922,R_10,4792.067,1,0.18500000000040018,BACKFILL_AUTO
2026-07-13 11:58:44,1783943924,R_10,4791.842,-1,0.2250000000003638,BACKFILL_AUTO
2026-07-13 11:58:46,1783943926,R_10,4791.74,-1,0.10199999999986176,BACKFILL_AUTO
2026-07-13 11:58:48,1783943928,R_10,4791.694,-1,0.04599999999936699,BACKFILL_AUTO
2026-07-13 11:58:50,1783943930,R_10,4791.81,1,0.11599999999998545,BACKFILL_AUTO
2026-07-13 11:58:52,1783943932,R_10,4791.686,-1,0.12400000000070577,BACKFILL_AUTO
2026-07-13 11:58:54,1783943934,R_10,4791.659,-1,0.027000000000043656,BACKFILL_AUTO
2026-07-13 11:58:56,1783943936,R_10,4791.562,-1,0.09699999999975262,BACKFILL_AUTO
2026-07-13 11:58:58,1783943938,R_10,4791.614,1,0.05199999999967986,BACKFILL_AUTO
2026-07-13 11:59:00,1783943940,R_10,4791.534,-1,0.07999999999992724,BACKFILL_AUTO
2026-07-13 11:59:02,1783943942,R_10,4791.602,1,0.068000000000211,BACKFILL_AUTO
2026-07-13 11:59:04,1783943944,R_10,4791.62,1,0.018000000000029104,BACKFILL_AUTO
2026-07-13 11:59:06,1783943946,R_10,4791.456,-1,0.1639999999997599,BACKFILL_AUTO
2026-07-13 11:59:08,1783943948,R_10,4791.357,-1,0.09900000000016007,BACKFILL_AUTO
2026-07-13 11:59:10,1783943950,R_10,4791.405,1,0.047999999999774445,BACKFILL_AUTO
2026-07-13 11:59:12,1783943952,R_10,4791.631,1,0.22600000000056752,BACKFILL_AUTO
2026-07-13 11:59:14,1783943954,R_10,4791.62,-1,0.011000000000422006,BACKFILL_AUTO
2026-07-13 11:59:16,1783943956,R_10,4791.629,1,0.009000000000014552,BACKFILL_AUTO
2026-07-13 11:59:18,1783943958,R_10,4791.764,1,0.13500000000021828,BACKFILL_AUTO
2026-07-13 11:59:20,1783943960,R_10,4791.722,-1,0.042000000000371074,BACKFILL_AUTO
2026-07-13 11:59:22,1783943962,R_10,4791.681,-1,0.04100000000016735,BACKFILL_AUTO
2026-07-13 11:59:24,1783943964,R_10,4791.706,1,0.025000000000545697,BACKFILL_AUTO
2026-07-13 11:59:26,1783943966,R_10,4791.701,-1,0.005000000000109139,BACKFILL_AUTO
2026-07-13 11:59:28,1783943968,R_10,4791.822,1,0.12100000000009459,BACKFILL_AUTO
2026-07-13 11:59:30,1783943970,R_10,4791.742,-1,0.07999999999992724,BACKFILL_AUTO
2026-07-13 11:59:32,1783943972,R_10,4791.806,1,0.0639999999993961,BACKFILL_AUTO
2026-07-13 11:59:34,1783943974,R_10,4791.78,-1,0.02599999999983993,BACKFILL_AUTO
2026-07-13 11:59:36,1783943976,R_10,4791.766,-1,0.014000000000123691,BACKFILL_AUTO
2026-07-13 11:59:38,1783943978,R_10,4791.62,-1,0.1459999999997308,BACKFILL_AUTO
2026-07-13 11:59:40,1783943980,R_10,4791.628,1,0.007999999999810825,BACKFILL_AUTO
2026-07-13 11:59:42,1783943982,R_10,4791.635,1,0.007000000000516593,BACKFILL_AUTO
2026-07-13 11:59:44,1783943984,R_10,4791.548,-1,0.08700000000044383,BACKFILL_AUTO
2026-07-13 11:59:46,1783943986,R_10,4791.633,1,0.08500000000003638,BACKFILL_AUTO
2026-07-13 11:59:48,1783943988,R_10,4791.67,1,0.037000000000261934,BACKFILL_AUTO
2026-07-13 11:59:50,1783943990,R_10,4791.492,-1,0.17799999999988358,BACKFILL_AUTO
2026-07-13 11:59:52,1783943992,R_10,4791.316,-1,0.17600000000038563,BACKFILL_AUTO
2026-07-13 11:59:54,1783943994,R_10,4791.372,1,0.056000000000494765,BACKFILL_AUTO
2026-07-13 11:59:56,1783943996,R_10,4791.286,-1,0.0860000000002401,BACKFILL_AUTO
2026-07-13 11:59:58,1783943998,R_10,4791.292,1,0.006000000000312866,BACKFILL_AUTO
2026-07-13 12:00:00,1783944000,R_10,4791.427,1,0.13499999999930878,BACKFILL_AUTO
2026-07-13 12:00:02,1783944002,R_10,4791.457,1,0.030000000000654836,BACKFILL_AUTO
2026-07-13 12:00:04,1783944004,R_10,4791.412,-1,0.04500000000007276,BACKFILL_AUTO
2026-07-13 12:00:06,1783944006,R_10,4791.298,-1,0.11400000000048749,BACKFILL_AUTO
2026-07-13 12:00:08,1783944008,R_10,4791.207,-1,0.09099999999943975,BACKFILL_AUTO
2026-07-13 12:00:10,1783944010,R_10,4790.944,-1,0.26299999999991996,BACKFILL_AUTO
2026-07-13 12:00:12,1783944012,R_10,4791.007,1,0.06299999999919237,BACKFILL_AUTO
2026-07-13 12:00:14,1783944014,R_10,4790.913,-1,0.09400000000005093,BACKFILL_AUTO
2026-07-13 12:00:16,1783944016,R_10,4791.06,1,0.147000000000844,BACKFILL_AUTO
2026-07-13 12:00:18,1783944018,R_10,4791.204,1,0.14399999999932334,BACKFILL_AUTO
2026-07-13 12:00:20,1783944020,R_10,4791.271,1,0.06700000000000728,BACKFILL_AUTO
2026-07-13 12:00:22,1783944022,R_10,4791.129,-1,0.14199999999982538,BACKFILL_AUTO
2026-07-13 12:00:24,1783944024,R_10,4791.046,-1,0.08299999999962893,BACKFILL_AUTO
2026-07-13 12:00:26,1783944026,R_10,4790.984,-1,0.06199999999989814,BACKFILL_AUTO
2026-07-13 12:00:28,1783944028,R_10,4790.948,-1,0.03600000000005821,BACKFILL_AUTO
2026-07-13 12:00:30,1783944030,R_10,4790.887,-1,0.061000000000603904,BACKFILL_AUTO
2026-07-13 12:00:32,1783944032,R_10,4790.853,-1,0.033999999999650754,BACKFILL_AUTO
2026-07-13 12:00:34,1783944034,R_10,4790.805,-1,0.047999999999774445,BACKFILL_AUTO
2026-07-13 12:00:36,1783944036,R_10,4790.612,-1,0.193000000000211,BACKFILL_AUTO
2026-07-13 12:00:38,1783944038,R_10,4790.72,1,0.10800000000017462,BACKFILL_AUTO
2026-07-13 12:00:40,1783944040,R_10,4790.691,-1,0.02900000000045111,BACKFILL_AUTO
2026-07-13 12:00:42,1783944042,R_10,4790.621,-1,0.06999999999970896,BACKFILL_AUTO
2026-07-13 12:00:44,1783944044,R_10,4790.717,1,0.09599999999954889,BACKFILL_AUTO
2026-07-13 12:00:46,1783944046,R_10,4790.579,-1,0.13799999999991996,BACKFILL_AUTO
2026-07-13 12:00:48,1783944048,R_10,4790.537,-1,0.04199999999946158,BACKFILL_AUTO
2026-07-13 12:00:50,1783944050,R_10,4790.661,1,0.12399999999979627,BACKFILL_AUTO
2026-07-13 12:00:52,1783944052,R_10,4790.694,1,0.03300000000035652,BACKFILL_AUTO
2026-07-13 12:00:54,1783944054,R_10,4790.695,1,0.0009999999992942321,BACKFILL_AUTO
2026-07-13 12:00:56,1783944056,R_10,4790.725,1,0.030000000000654836,BACKFILL_AUTO
2026-07-13 12:00:58,1783944058,R_10,4790.622,-1,0.10300000000006548,BACKFILL_AUTO
2026-07-13 12:01:00,1783944060,R_10,4790.468,-1,0.1540000000004511,BACKFILL_AUTO
2026-07-13 12:01:02,1783944062,R_10,4790.664,1,0.1959999999999127,BACKFILL_AUTO
2026-07-13 12:01:04,1783944064,R_10,4790.951,1,0.28700000000026193,BACKFILL_AUTO
2026-07-13 12:01:06,1783944066,R_10,4791.026,1,0.0749999999998181,BACKFILL_AUTO
2026-07-13 12:01:08,1783944068,R_10,4791.087,1,0.061000000000603904,BACKFILL_AUTO
2026-07-13 12:01:10,1783944070,R_10,4790.886,-1,0.20100000000002183,BACKFILL_AUTO
2026-07-13 12:01:12,1783944072,R_10,4790.909,1,0.02299999999922875,BACKFILL_AUTO
2026-07-13 12:01:14,1783944074,R_10,4790.905,-1,0.0039999999999054126,BACKFILL_AUTO
2026-07-13 12:01:16,1783944076,R_10,4790.868,-1,0.03699999999935244,BACKFILL_AUTO
2026-07-13 12:01:18,1783944078,R_10,4790.783,-1,0.08500000000003638,BACKFILL_AUTO
2026-07-13 12:01:20,1783944080,R_10,4790.973,1,0.18999999999959982,BACKFILL_AUTO
2026-07-13 12:01:22,1783944082,R_10,4790.946,-1,0.027000000000043656,BACKFILL_AUTO
2026-07-13 12:01:24,1783944084,R_10,4791.059,1,0.11300000000028376,BACKFILL_AUTO
2026-07-13 12:01:26,1783944086,R_10,4791.033,-1,0.02599999999983993,BACKFILL_AUTO
2026-07-13 12:01:28,1783944088,R_10,4790.966,-1,0.06700000000000728,BACKFILL_AUTO
2026-07-13 12:01:30,1783944090,R_10,4790.969,1,0.0029999999997016857,BACKFILL_AUTO
2026-07-13 12:01:32,1783944092,R_10,4790.964,-1,0.005000000000109139,BACKFILL_AUTO
2026-07-13 12:01:34,1783944094,R_10,4790.927,-1,0.037000000000261934,BACKFILL_AUTO
2026-07-13 12:01:36,1783944096,R_10,4790.804,-1,0.12299999999959255,BACKFILL_AUTO
2026-07-13 12:01:38,1783944098,R_10,4791.008,1,0.2039999999997235,BACKFILL_AUTO
2026-07-13 12:01:40,1783944100,R_10,4790.761,-1,0.24699999999938882,BACKFILL_AUTO
2026-07-13 12:01:42,1783944102,R_10,4790.809,1,0.047999999999774445,BACKFILL_AUTO
2026-07-13 12:01:44,1783944104,R_10,4790.618,-1,0.19099999999980355,BACKFILL_AUTO
2026-07-13 12:01:46,1783944106,R_10,4790.745,1,0.12699999999949796,BACKFILL_AUTO
2026-07-13 12:01:48,1783944108,R_10,4790.815,1,0.06999999999970896,BACKFILL_AUTO
2026-07-13 12:01:50,1783944110,R_10,4790.915,1,0.1000000000003638,BACKFILL_AUTO
2026-07-13 12:01:52,1783944112,R_10,4790.758,-1,0.1570000000001528,BACKFILL_AUTO
2026-07-13 12:01:54,1783944114,R_10,4790.681,-1,0.07700000000022555,BACKFILL_AUTO
2026-07-13 12:01:56,1783944116,R_10,4790.792,1,0.1110000000007858,BACKFILL_AUTO
2026-07-13 12:01:58,1783944118,R_10,4790.522,-1,0.27000000000043656,BACKFILL_AUTO
2026-07-13 12:02:00,1783944120,R_10,4790.466,-1,0.05599999999958527,BACKFILL_AUTO
2026-07-13 12:02:02,1783944122,R_10,4790.564,1,0.09799999999995634,BACKFILL_AUTO
2026-07-13 12:02:04,1783944124,R_10,4790.629,1,0.06499999999959982,BACKFILL_AUTO
2026-07-13 12:02:06,1783944126,R_10,4790.799,1,0.17000000000007276,BACKFILL_AUTO
2026-07-13 12:02:08,1783944128,R_10,4790.75,-1,0.04899999999997817,BACKFILL_AUTO
2026-07-13 12:02:10,1783944130,R_10,4790.868,1,0.1180000000003929,BACKFILL_AUTO
2026-07-13 12:02:12,1783944132,R_10,4791.08,1,0.21199999999953434,BACKFILL_AUTO
2026-07-13 12:02:14,1783944134,R_10,4791.174,1,0.09400000000005093,BACKFILL_AUTO
2026-07-13 12:02:16,1783944136,R_10,4791.103,-1,0.07099999999991269,BACKFILL_AUTO
2026-07-13 12:02:18,1783944138,R_10,4791.249,1,0.1459999999997308,BACKFILL_AUTO
2026-07-13 12:02:20,1783944140,R_10,4791.287,1,0.03800000000046566,BACKFILL_AUTO
2026-07-13 12:02:22,1783944142,R_10,4791.32,1,0.03299999999944703,BACKFILL_AUTO
2026-07-13 12:02:24,1783944144,R_10,4791.461,1,0.14100000000053114,BACKFILL_AUTO
2026-07-13 12:02:26,1783944146,R_10,4791.22,-1,0.24099999999998545,BACKFILL_AUTO
2026-07-13 12:02:28,1783944148,R_10,4791.227,1,0.006999999999607098,BACKFILL_AUTO
2026-07-13 12:02:30,1783944150,R_10,4791.206,-1,0.02099999999973079,BACKFILL_AUTO
2026-07-13 12:02:32,1783944152,R_10,4791.192,-1,0.014000000000123691,BACKFILL_AUTO
2026-07-13 12:02:34,1783944154,R_10,4791.174,-1,0.018000000000029104,BACKFILL_AUTO
2026-07-13 12:02:36,1783944156,R_10,4791.222,1,0.047999999999774445,BACKFILL_AUTO
2026-07-13 12:02:38,1783944158,R_10,4791.064,-1,0.15799999999944703,BACKFILL_AUTO
2026-07-13 12:02:40,1783944160,R_10,4791.064,0,0.0,BACKFILL_AUTO
2026-07-13 12:02:42,1783944162,R_10,4791.098,1,0.033999999999650754,BACKFILL_AUTO
2026-07-13 12:02:44,1783944164,R_10,4791.087,-1,0.01099999999951251,BACKFILL_AUTO
2026-07-13 12:02:46,1783944166,R_10,4791.015,-1,0.07200000000011642,BACKFILL_AUTO
2026-07-13 12:02:48,1783944168,R_10,4791.1,1,0.08500000000003638,BACKFILL_AUTO
2026-07-13 12:02:50,1783944170,R_10,4790.91,-1,0.19000000000050932,BACKFILL_AUTO
2026-07-13 12:02:52,1783944172,R_10,4790.719,-1,0.19099999999980355,BACKFILL_AUTO
2026-07-13 12:02:54,1783944174,R_10,4790.757,1,0.03799999999955617,BACKFILL_AUTO
2026-07-13 12:02:56,1783944176,R_10,4790.696,-1,0.06099999999969441,BACKFILL_AUTO
2026-07-13 12:02:58,1783944178,R_10,4790.809,1,0.11300000000028376,BACKFILL_AUTO
2026-07-13 12:03:00,1783944180,R_10,4790.972,1,0.16299999999955617,BACKFILL_AUTO
2026-07-13 12:03:02,1783944182,R_10,4791.018,1,0.046000000000276486,BACKFILL_AUTO
2026-07-13 12:03:04,1783944184,R_10,4791.117,1,0.09900000000016007,BACKFILL_AUTO
2026-07-13 12:03:06,1783944186,R_10,4791.092,-1,0.025000000000545697,BACKFILL_AUTO
2026-07-13 12:03:08,1783944188,R_10,4791.224,1,0.1320000000005166,BACKFILL_AUTO
2026-07-13 12:03:10,1783944190,R_10,4791.347,1,0.12299999999959255,BACKFILL_AUTO
2026-07-13 12:03:12,1783944192,R_10,4791.123,-1,0.22400000000016007,BACKFILL_AUTO
2026-07-13 12:03:14,1783944194,R_10,4791.183,1,0.06000000000040018,BACKFILL_AUTO
2026-07-13 12:03:16,1783944196,R_10,4791.135,-1,0.047999999999774445,BACKFILL_AUTO
2026-07-13 12:03:18,1783944198,R_10,4791.067,-1,0.068000000000211,BACKFILL_AUTO
2026-07-13 12:03:20,1783944200,R_10,4790.864,-1,0.20300000000042928,BACKFILL_AUTO
2026-07-13 12:03:22,1783944202,R_10,4790.649,-1,0.21499999999923602,BACKFILL_AUTO
2026-07-13 12:03:24,1783944204,R_10,4790.554,-1,0.09500000000025466,BACKFILL_AUTO
2026-07-13 12:03:26,1783944206,R_10,4790.547,-1,0.007000000000516593,BACKFILL_AUTO
2026-07-13 12:03:28,1783944208,R_10,4790.508,-1,0.03899999999975989,BACKFILL_AUTO
2026-07-13 12:03:30,1783944210,R_10,4790.606,1,0.09799999999995634,BACKFILL_AUTO
2026-07-13 12:03:32,1783944212,R_10,4790.393,-1,0.21299999999973807,BACKFILL_AUTO
2026-07-13 12:03:34,1783944214,R_10,4790.499,1,0.10599999999976717,BACKFILL_AUTO
2026-07-13 12:03:36,1783944216,R_10,4790.436,-1,0.06300000000010186,BACKFILL_AUTO
2026-07-13 12:03:38,1783944218,R_10,4790.266,-1,0.17000000000007276,BACKFILL_AUTO
2026-07-13 12:03:40,1783944220,R_10,4790.408,1,0.14200000000073487,BACKFILL_AUTO
2026-07-13 12:03:42,1783944222,R_10,4790.216,-1,0.19200000000000728,BACKFILL_AUTO
2026-07-13 12:03:44,1783944224,R_10,4790.276,1,0.05999999999949068,BACKFILL_AUTO
2026-07-13 12:03:46,1783944226,R_10,4790.281,1,0.005000000000109139,BACKFILL_AUTO
2026-07-13 12:03:48,1783944228,R_10,4790.326,1,0.04500000000007276,BACKFILL_AUTO
2026-07-13 12:03:50,1783944230,R_10,4790.355,1,0.028999999999541615,BACKFILL_AUTO
2026-07-13 12:03:52,1783944232,R_10,4790.263,-1,0.09199999999964348,BACKFILL_AUTO
2026-07-13 12:03:54,1783944234,R_10,4790.392,1,0.1289999999999054,BACKFILL_AUTO
2026-07-13 12:03:56,1783944236,R_10,4790.181,-1,0.2110000000002401,BACKFILL_AUTO
2026-07-13 12:03:58,1783944238,R_10,4790.283,1,0.10200000000077125,BACKFILL_AUTO
2026-07-13 12:04:00,1783944240,R_10,4790.055,-1,0.22800000000006548,BACKFILL_AUTO
2026-07-13 12:04:02,1783944242,R_10,4789.939,-1,0.11599999999998545,BACKFILL_AUTO
2026-07-13 12:04:04,1783944244,R_10,4789.824,-1,0.11500000000069122,BACKFILL_AUTO
2026-07-13 12:04:06,1783944246,R_10,4789.89,1,0.06600000000071304,BACKFILL_AUTO
2026-07-13 12:04:08,1783944248,R_10,4789.905,1,0.014999999999417923,BACKFILL_AUTO
2026-07-13 12:04:10,1783944250,R_10,4789.789,-1,0.11599999999998545,BACKFILL_AUTO
2026-07-13 12:04:12,1783944252,R_10,4789.677,-1,0.11200000000008004,BACKFILL_AUTO
2026-07-13 12:04:14,1783944254,R_10,4789.689,1,0.012000000000625732,BACKFILL_AUTO
2026-07-13 12:04:16,1783944256,R_10,4789.668,-1,0.021000000000640284,BACKFILL_AUTO
2026-07-13 12:04:18,1783944258,R_10,4789.605,-1,0.06300000000010186,BACKFILL_AUTO
2026-07-13 12:04:20,1783944260,R_10,4789.726,1,0.12100000000009459,BACKFILL_AUTO
2026-07-13 12:04:22,1783944262,R_10,4789.852,1,0.12600000000020373,BACKFILL_AUTO
2026-07-13 12:04:24,1783944264,R_10,4789.756,-1,0.09599999999954889,BACKFILL_AUTO
2026-07-13 12:04:26,1783944266,R_10,4789.691,-1,0.06500000000050932,BACKFILL_AUTO
2026-07-13 12:04:28,1783944268,R_10,4789.754,1,0.06300000000010186,BACKFILL_AUTO
2026-07-13 12:04:30,1783944270,R_10,4789.818,1,0.06400000000030559,BACKFILL_AUTO
2026-07-13 12:04:32,1783944272,R_10,4789.746,-1,0.07200000000011642,BACKFILL_AUTO
2026-07-13 12:04:34,1783944274,R_10,4789.699,-1,0.04700000000048021,BACKFILL_AUTO
2026-07-13 12:04:36,1783944276,R_10,4789.734,1,0.035000000000763976,BACKFILL_AUTO
2026-07-13 12:04:38,1783944278,R_10,4789.789,1,0.054999999999381544,BACKFILL_AUTO
2026-07-13 12:04:40,1783944280,R_10,4789.965,1,0.17600000000038563,BACKFILL_AUTO
2026-07-13 12:04:42,1783944282,R_10,4789.994,1,0.028999999999541615,BACKFILL_AUTO
2026-07-13 12:04:44,1783944284,R_10,4790.081,1,0.08700000000044383,BACKFILL_AUTO
2026-07-13 12:04:46,1783944286,R_10,4790.147,1,0.06599999999980355,BACKFILL_AUTO
2026-07-13 12:04:48,1783944288,R_10,4790.218,1,0.07099999999991269,BACKFILL_AUTO
2026-07-13 12:04:50,1783944290,R_10,4790.284,1,0.06599999999980355,BACKFILL_AUTO
2026-07-13 12:04:52,1783944292,R_10,4790.377,1,0.0930000000007567,BACKFILL_AUTO
2026-07-13 12:04:54,1783944294,R_10,4790.266,-1,0.1110000000007858,BACKFILL_AUTO
2026-07-13 12:04:56,1783944296,R_10,4790.276,1,0.010000000000218279,BACKFILL_AUTO
2026-07-13 12:04:58,1783944298,R_10,4790.24,-1,0.03600000000005821,BACKFILL_AUTO
2026-07-13 12:05:00,1783944300,R_10,4790.24,0,0.0,BACKFILL_AUTO
2026-07-13 12:05:02,1783944302,R_10,4790.24,0,0.0,BACKFILL_AUTO
2026-07-13 12:05:04,1783944304,R_10,4790.256,1,0.016000000000531145,BACKFILL_AUTO
2026-07-13 12:05:06,1783944306,R_10,4790.157,-1,0.09900000000016007,BACKFILL_AUTO
2026-07-13 12:05:08,1783944308,R_10,4790.289,1,0.1319999999996071,BACKFILL_AUTO
2026-07-13 12:05:10,1783944310,R_10,4790.425,1,0.136000000000422,BACKFILL_AUTO
2026-07-13 12:05:12,1783944312,R_10,4790.555,1,0.13000000000010914,BACKFILL_AUTO
2026-07-13 12:05:14,1783944314,R_10,4790.518,-1,0.037000000000261934,BACKFILL_AUTO
2026-07-13 12:05:16,1783944316,R_10,4790.417,-1,0.10099999999965803,BACKFILL_AUTO
2026-07-13 12:05:18,1783944318,R_10,4790.235,-1,0.1820000000006985,BACKFILL_AUTO
2026-07-13 12:05:20,1783944320,R_10,4790.574,1,0.3389999999999418,BACKFILL_AUTO
2026-07-13 12:05:22,1783944322,R_10,4790.58,1,0.006000000000312866,BACKFILL_AUTO
2026-07-13 12:05:24,1783944324,R_10,4790.51,-1,0.06999999999970896,BACKFILL_AUTO
2026-07-13 12:05:26,1783944326,R_10,4790.533,1,0.023000000000138243,BACKFILL_AUTO
2026-07-13 12:05:28,1783944328,R_10,4790.594,1,0.06099999999969441,BACKFILL_AUTO
2026-07-13 12:05:30,1783944330,R_10,4790.791,1,0.19700000000011642,BACKFILL_AUTO
2026-07-13 12:05:32,1783944332,R_10,4790.982,1,0.19099999999980355,BACKFILL_AUTO
2026-07-13 12:05:34,1783944334,R_10,4790.851,-1,0.13100000000031287,BACKFILL_AUTO
2026-07-13 12:05:36,1783944336,R_10,4790.826,-1,0.024999999999636202,BACKFILL_AUTO
2026-07-13 12:05:38,1783944338,R_10,4790.704,-1,0.12200000000029831,BACKFILL_AUTO
2026-07-13 12:05:40,1783944340,R_10,4790.776,1,0.07200000000011642,BACKFILL_AUTO
2026-07-13 12:05:42,1783944342,R_10,4790.745,-1,0.03099999999994907,BACKFILL_AUTO
2026-07-13 12:05:44,1783944344,R_10,4790.733,-1,0.011999999999716238,BACKFILL_AUTO
2026-07-13 12:05:46,1783944346,R_10,4790.738,1,0.005000000000109139,BACKFILL_AUTO
2026-07-13 12:05:48,1783944348,R_10,4790.707,-1,0.03099999999994907,BACKFILL_AUTO
2026-07-13 12:05:50,1783944350,R_10,4790.797,1,0.08999999999923602,BACKFILL_AUTO
2026-07-13 12:05:52,1783944352,R_10,4790.669,-1,0.12799999999970169,BACKFILL_AUTO
2026-07-13 12:05:54,1783944354,R_10,4790.682,1,0.012999999999919964,BACKFILL_AUTO
2026-07-13 12:05:56,1783944356,R_10,4790.747,1,0.06500000000050932,BACKFILL_AUTO
2026-07-13 12:05:58,1783944358,R_10,4790.707,-1,0.03999999999996362,BACKFILL_AUTO
2026-07-13 12:06:00,1783944360,R_10,4790.813,1,0.10599999999976717,BACKFILL_AUTO
2026-07-13 12:06:02,1783944362,R_10,4790.804,-1,0.009000000000014552,BACKFILL_AUTO
2026-07-13 12:06:04,1783944364,R_10,4790.848,1,0.04399999999986903,BACKFILL_AUTO
2026-07-13 12:06:06,1783944366,R_10,4790.757,-1,0.09100000000034925,BACKFILL_AUTO
2026-07-13 12:06:08,1783944368,R_10,4790.57,-1,0.18699999999989814,BACKFILL_AUTO
2026-07-13 12:06:10,1783944370,R_10,4790.391,-1,0.1790000000000873,BACKFILL_AUTO
2026-07-13 12:06:12,1783944372,R_10,4790.338,-1,0.052999999999883585,BACKFILL_AUTO
2026-07-13 12:06:14,1783944374,R_10,4790.242,-1,0.09599999999954889,BACKFILL_AUTO
2026-07-13 12:06:16,1783944376,R_10,4790.318,1,0.07600000000002183,BACKFILL_AUTO
2026-07-13 12:06:18,1783944378,R_10,4790.378,1,0.05999999999949068,BACKFILL_AUTO
2026-07-13 12:06:20,1783944380,R_10,4790.533,1,0.15500000000065484,BACKFILL_AUTO
2026-07-13 12:06:22,1783944382,R_10,4790.613,1,0.07999999999992724,BACKFILL_AUTO
2026-07-13 12:06:24,1783944384,R_10,4790.651,1,0.03799999999955617,BACKFILL_AUTO
2026-07-13 12:06:26,1783944386,R_10,4790.62,-1,0.03099999999994907,BACKFILL_AUTO
2026-07-13 12:06:28,1783944388,R_10,4790.274,-1,0.3459999999995489,BACKFILL_AUTO
2026-07-13 12:06:30,1783944390,R_10,4790.208,-1,0.06600000000071304,BACKFILL_AUTO
2026-07-13 12:06:32,1783944392,R_10,4790.119,-1,0.08899999999994179,BACKFILL_AUTO
2026-07-13 12:06:34,1783944394,R_10,4790.157,1,0.03800000000046566,BACKFILL_AUTO
2026-07-13 12:06:36,1783944396,R_10,4790.115,-1,0.042000000000371074,BACKFILL_AUTO
2026-07-13 12:06:38,1783944398,R_10,4790.318,1,0.20300000000042928,BACKFILL_AUTO
2026-07-13 12:06:40,1783944400,R_10,4790.206,-1,0.11200000000008004,BACKFILL_AUTO
2026-07-13 12:06:42,1783944402,R_10,4789.974,-1,0.2319999999999709,BACKFILL_AUTO
2026-07-13 12:06:44,1783944404,R_10,4790.094,1,0.11999999999989086,BACKFILL_AUTO
2026-07-13 12:06:46,1783944406,R_10,4790.001,-1,0.0929999999998472,BACKFILL_AUTO
2026-07-13 12:06:48,1783944408,R_10,4790.249,1,0.24799999999959255,BACKFILL_AUTO
2026-07-13 12:06:50,1783944410,R_10,4790.243,-1,0.0059999999994033715,BACKFILL_AUTO
2026-07-13 12:06:52,1783944412,R_10,4790.216,-1,0.027000000000043656,BACKFILL_AUTO
2026-07-13 12:06:54,1783944414,R_10,4790.072,-1,0.14400000000023283,BACKFILL_AUTO
2026-07-13 12:06:56,1783944416,R_10,4790.085,1,0.012999999999919964,BACKFILL_AUTO
2026-07-13 12:06:58,1783944418,R_10,4789.898,-1,0.18699999999989814,BACKFILL_AUTO
2026-07-13 12:07:00,1783944420,R_10,4789.91,1,0.011999999999716238,BACKFILL_AUTO
2026-07-13 12:07:02,1783944422,R_10,4790.201,1,0.29100000000016735,BACKFILL_AUTO
2026-07-13 12:07:04,1783944424,R_10,4790.194,-1,0.006999999999607098,BACKFILL_AUTO
2026-07-13 12:07:06,1783944426,R_10,4790.309,1,0.11499999999978172,BACKFILL_AUTO
2026-07-13 12:07:08,1783944428,R_10,4790.135,-1,0.17399999999997817,BACKFILL_AUTO
2026-07-13 12:07:10,1783944430,R_10,4790.085,-1,0.0500000000001819,BACKFILL_AUTO
2026-07-13 12:07:12,1783944432,R_10,4790.265,1,0.18000000000029104,BACKFILL_AUTO
2026-07-13 12:07:14,1783944434,R_10,4790.371,1,0.10599999999976717,BACKFILL_AUTO
2026-07-13 12:07:16,1783944436,R_10,4790.415,1,0.04399999999986903,BACKFILL_AUTO
2026-07-13 12:07:18,1783944438,R_10,4790.336,-1,0.07899999999972351,BACKFILL_AUTO
2026-07-13 12:07:20,1783944440,R_10,4790.406,1,0.06999999999970896,BACKFILL_AUTO
2026-07-13 12:07:22,1783944442,R_10,4790.331,-1,0.0749999999998181,BACKFILL_AUTO
2026-07-13 12:07:24,1783944444,R_10,4790.305,-1,0.02599999999983993,BACKFILL_AUTO
2026-07-13 12:07:26,1783944446,R_10,4790.177,-1,0.12800000000061118,BACKFILL_AUTO
2026-07-13 12:07:28,1783944448,R_10,4790.099,-1,0.07799999999951979,BACKFILL_AUTO
2026-07-13 12:07:30,1783944450,R_10,4790.119,1,0.019999999999527063,BACKFILL_AUTO
2026-07-13 12:07:32,1783944452,R_10,4790.123,1,0.0039999999999054126,BACKFILL_AUTO
2026-07-13 12:07:34,1783944454,R_10,4790.264,1,0.14100000000053114,BACKFILL_AUTO
2026-07-13 12:07:36,1783944456,R_10,4790.314,1,0.0500000000001819,BACKFILL_AUTO
2026-07-13 12:07:38,1783944458,R_10,4790.446,1,0.1319999999996071,BACKFILL_AUTO
2026-07-13 12:07:40,1783944460,R_10,4790.427,-1,0.01900000000023283,BACKFILL_AUTO
2026-07-13 12:07:42,1783944462,R_10,4790.379,-1,0.047999999999774445,BACKFILL_AUTO
2026-07-13 12:07:44,1783944464,R_10,4790.358,-1,0.02099999999973079,BACKFILL_AUTO
2026-07-13 12:07:46,1783944466,R_10,4790.542,1,0.18400000000019645,BACKFILL_AUTO
2026-07-13 12:07:48,1783944468,R_10,4790.279,-1,0.26299999999991996,BACKFILL_AUTO
2026-07-13 12:07:50,1783944470,R_10,4790.327,1,0.047999999999774445,BACKFILL_AUTO
2026-07-13 12:07:52,1783944472,R_10,4790.474,1,0.14699999999993452,BACKFILL_AUTO
2026-07-13 12:07:54,1783944474,R_10,4790.391,-1,0.08300000000053842,BACKFILL_AUTO
2026-07-13 12:07:56,1783944476,R_10,4790.35,-1,0.04099999999925785,BACKFILL_AUTO
2026-07-13 12:07:58,1783944478,R_10,4790.133,-1,0.21700000000055297,BACKFILL_AUTO
2026-07-13 12:08:00,1783944480,R_10,4790.234,1,0.10100000000056752,BACKFILL_AUTO
2026-07-13 12:08:02,1783944482,R_10,4790.162,-1,0.07200000000011642,BACKFILL_AUTO
2026-07-13 12:08:04,1783944484,R_10,4790.079,-1,0.08300000000053842,BACKFILL_AUTO
2026-07-13 12:08:06,1783944486,R_10,4789.954,-1,0.125,BACKFILL_AUTO
2026-07-13 12:08:08,1783944488,R_10,4790.048,1,0.09400000000005093,BACKFILL_AUTO
2026-07-13 12:08:10,1783944490,R_10,4790.139,1,0.09100000000034925,BACKFILL_AUTO
2026-07-13 12:08:12,1783944492,R_10,4790.171,1,0.032000000000152795,BACKFILL_AUTO
2026-07-13 12:08:14,1783944494,R_10,4790.367,1,0.1959999999999127,BACKFILL_AUTO
2026-07-13 12:08:16,1783944496,R_10,4790.232,-1,0.13500000000021828,BACKFILL_AUTO
2026-07-13 12:08:18,1783944498,R_10,4790.256,1,0.02400000000034197,BACKFILL_AUTO
2026-07-13 12:08:20,1783944500,R_10,4790.16,-1,0.09600000000045839,BACKFILL_AUTO
2026-07-13 12:08:22,1783944502,R_10,4790.036,-1,0.12399999999979627,BACKFILL_AUTO
2026-07-13 12:08:24,1783944504,R_10,4789.996,-1,0.03999999999996362,BACKFILL_AUTO
2026-07-13 12:08:26,1783944506,R_10,4789.822,-1,0.17399999999997817,BACKFILL_AUTO
2026-07-13 12:08:28,1783944508,R_10,4789.776,-1,0.046000000000276486,BACKFILL_AUTO
2026-07-13 12:08:30,1783944510,R_10,4789.805,1,0.02900000000045111,BACKFILL_AUTO
2026-07-13 12:08:32,1783944512,R_10,4789.904,1,0.09900000000016007,BACKFILL_AUTO
2026-07-13 12:08:34,1783944514,R_10,4789.948,1,0.04399999999986903,BACKFILL_AUTO
2026-07-13 12:08:36,1783944516,R_10,4789.895,-1,0.052999999999883585,BACKFILL_AUTO
2026-07-13 12:08:38,1783944518,R_10,4789.909,1,0.013999999999214197,BACKFILL_AUTO
2026-07-13 12:08:40,1783944520,R_10,4789.819,-1,0.08999999999923602,BACKFILL_AUTO
2026-07-13 12:08:42,1783944522,R_10,4789.78,-1,0.03900000000066939,BACKFILL_AUTO
2026-07-13 12:08:44,1783944524,R_10,4789.842,1,0.06199999999989814,BACKFILL_AUTO
2026-07-13 12:08:46,1783944526,R_10,4789.98,1,0.13799999999991996,BACKFILL_AUTO
2026-07-13 12:08:48,1783944528,R_10,4789.873,-1,0.1069999999999709,BACKFILL_AUTO
2026-07-13 12:08:50,1783944530,R_10,4789.781,-1,0.09199999999964348,BACKFILL_AUTO
2026-07-13 12:08:52,1783944532,R_10,4789.914,1,0.13299999999981083,BACKFILL_AUTO
2026-07-13 12:08:54,1783944534,R_10,4789.892,-1,0.021999999999934516,BACKFILL_AUTO
2026-07-13 12:08:56,1783944536,R_10,4789.974,1,0.0820000000003347,BACKFILL_AUTO
2026-07-13 12:08:58,1783944538,R_10,4789.968,-1,0.006000000000312866,BACKFILL_AUTO
2026-07-13 12:09:00,1783944540,R_10,4789.809,-1,0.15899999999965075,BACKFILL_AUTO
2026-07-13 12:09:02,1783944542,R_10,4789.725,-1,0.08399999999983265,BACKFILL_AUTO
2026-07-13 12:09:04,1783944544,R_10,4789.682,-1,0.0430000000005748,BACKFILL_AUTO
2026-07-13 12:09:06,1783944546,R_10,4789.743,1,0.061000000000603904,BACKFILL_AUTO
2026-07-13 12:09:08,1783944548,R_10,4789.765,1,0.021999999999934516,BACKFILL_AUTO
2026-07-13 12:09:10,1783944550,R_10,4789.839,1,0.07399999999961437,BACKFILL_AUTO
2026-07-13 12:09:12,1783944552,R_10,4789.826,-1,0.012999999999919964,BACKFILL_AUTO
2026-07-13 12:09:14,1783944554,R_10,4790.009,1,0.18299999999999272,BACKFILL_AUTO
2026-07-13 12:09:16,1783944556,R_10,4789.75,-1,0.25900000000001455,BACKFILL_AUTO
2026-07-13 12:09:18,1783944558,R_10,4789.737,-1,0.012999999999919964,BACKFILL_AUTO
2026-07-13 12:09:20,1783944560,R_10,4789.576,-1,0.1610000000000582,BACKFILL_AUTO
2026-07-13 12:09:22,1783944562,R_10,4789.36,-1,0.21600000000034925,BACKFILL_AUTO
2026-07-13 12:09:24,1783944564,R_10,4789.527,1,0.16700000000037107,BACKFILL_AUTO
2026-07-13 12:09:26,1783944566,R_10,4789.442,-1,0.08500000000003638,BACKFILL_AUTO
2026-07-13 12:09:28,1783944568,R_10,4789.406,-1,0.03600000000005821,BACKFILL_AUTO
2026-07-13 12:09:30,1783944570,R_10,4789.221,-1,0.18500000000040018,BACKFILL_AUTO
2026-07-13 12:09:32,1783944572,R_10,4789.206,-1,0.014999999999417923,BACKFILL_AUTO
2026-07-13 12:09:34,1783944574,R_10,4789.418,1,0.21199999999953434,BACKFILL_AUTO
2026-07-13 12:09:36,1783944576,R_10,4789.468,1,0.0500000000001819,BACKFILL_AUTO
2026-07-13 12:09:38,1783944578,R_10,4789.328,-1,0.13999999999941792,BACKFILL_AUTO
2026-07-13 12:09:40,1783944580,R_10,4789.217,-1,0.1110000000007858,BACKFILL_AUTO
2026-07-13 12:09:42,1783944582,R_10,4789.367,1,0.1500000000005457,BACKFILL_AUTO
2026-07-13 12:09:44,1783944584,R_10,4789.392,1,0.024999999999636202,BACKFILL_AUTO
2026-07-13 12:09:46,1783944586,R_10,4789.432,1,0.03999999999996362,BACKFILL_AUTO
2026-07-13 12:09:48,1783944588,R_10,4789.321,-1,0.11099999999987631,BACKFILL_AUTO
2026-07-13 12:09:50,1783944590,R_10,4789.231,-1,0.09000000000014552,BACKFILL_AUTO
2026-07-13 12:09:52,1783944592,R_10,4789.504,1,0.27300000000013824,BACKFILL_AUTO
2026-07-13 12:09:54,1783944594,R_10,4789.573,1,0.06900000000041473,BACKFILL_AUTO
2026-07-13 12:09:56,1783944596,R_10,4789.502,-1,0.07099999999991269,BACKFILL_AUTO
2026-07-13 12:09:58,1783944598,R_10,4789.717,1,0.21499999999923602,BACKFILL_AUTO
2026-07-13 12:10:00,1783944600,R_10,4789.78,1,0.06300000000010186,BACKFILL_AUTO
2026-07-13 12:10:02,1783944602,R_10,4789.663,-1,0.11700000000018917,BACKFILL_AUTO
2026-07-13 12:10:04,1783944604,R_10,4789.503,-1,0.15999999999985448,BACKFILL_AUTO
2026-07-13 12:10:06,1783944606,R_10,4789.769,1,0.26600000000053114,BACKFILL_AUTO
2026-07-13 12:10:08,1783944608,R_10,4789.888,1,0.11899999999968713,BACKFILL_AUTO
2026-07-13 12:10:10,1783944610,R_10,4789.847,-1,0.04100000000016735,BACKFILL_AUTO
2026-07-13 12:10:12,1783944612,R_10,4789.466,-1,0.38099999999940337,BACKFILL_AUTO
2026-07-13 12:10:14,1783944614,R_10,4789.521,1,0.054999999999381544,BACKFILL_AUTO
2026-07-13 12:10:16,1783944616,R_10,4789.33,-1,0.19099999999980355,BACKFILL_AUTO
2026-07-13 12:10:18,1783944618,R_10,4789.262,-1,0.068000000000211,BACKFILL_AUTO
2026-07-13 12:10:20,1783944620,R_10,4789.282,1,0.020000000000436557,BACKFILL_AUTO
2026-07-13 12:10:22,1783944622,R_10,4789.137,-1,0.14500000000043656,BACKFILL_AUTO
2026-07-13 12:10:24,1783944624,R_10,4789.196,1,0.05900000000019645,BACKFILL_AUTO
2026-07-13 12:10:26,1783944626,R_10,4789.393,1,0.19700000000011642,BACKFILL_AUTO
2026-07-13 12:10:28,1783944628,R_10,4789.426,1,0.03300000000035652,BACKFILL_AUTO
2026-07-13 12:10:30,1783944630,R_10,4789.426,0,0.0,BACKFILL_AUTO
2026-07-13 12:10:32,1783944632,R_10,4789.337,-1,0.08899999999994179,BACKFILL_AUTO
2026-07-13 12:10:34,1783944634,R_10,4789.558,1,0.2209999999995489,BACKFILL_AUTO
2026-07-13 12:10:36,1783944636,R_10,4789.473,-1,0.08500000000003638,BACKFILL_AUTO
2026-07-13 12:10:38,1783944638,R_10,4789.262,-1,0.2110000000002401,BACKFILL_AUTO
2026-07-13 12:10:40,1783944640,R_10,4789.321,1,0.05900000000019645,BACKFILL_AUTO
2026-07-13 12:10:42,1783944642,R_10,4789.097,-1,0.22400000000016007,BACKFILL_AUTO
2026-07-13 12:10:44,1783944644,R_10,4789.107,1,0.010000000000218279,BACKFILL_AUTO
2026-07-13 12:10:46,1783944646,R_10,4789.19,1,0.08299999999962893,BACKFILL_AUTO
2026-07-13 12:10:48,1783944648,R_10,4789.154,-1,0.03599999999914871,BACKFILL_AUTO
2026-07-13 12:10:50,1783944650,R_10,4789.18,1,0.02599999999983993,BACKFILL_AUTO
2026-07-13 12:10:52,1783944652,R_10,4789.329,1,0.14899999999943248,BACKFILL_AUTO
2026-07-13 12:10:54,1783944654,R_10,4789.362,1,0.03300000000035652,BACKFILL_AUTO
2026-07-13 12:10:56,1783944656,R_10,4789.615,1,0.2529999999997017,BACKFILL_AUTO
2026-07-13 12:10:58,1783944658,R_10,4789.722,1,0.1069999999999709,BACKFILL_AUTO
2026-07-13 12:11:00,1783944660,R_10,4789.783,1,0.061000000000603904,BACKFILL_AUTO
2026-07-13 12:11:02,1783944662,R_10,4789.859,1,0.07600000000002183,BACKFILL_AUTO
2026-07-13 12:11:04,1783944664,R_10,4789.772,-1,0.08700000000044383,BACKFILL_AUTO
2026-07-13 12:11:06,1783944666,R_10,4789.597,-1,0.1750000000001819,BACKFILL_AUTO
2026-07-13 12:11:08,1783944668,R_10,4789.429,-1,0.1679999999996653,BACKFILL_AUTO
2026-07-13 12:11:10,1783944670,R_10,4789.395,-1,0.033999999999650754,BACKFILL_AUTO
2026-07-13 12:11:12,1783944672,R_10,4789.417,1,0.021999999999934516,BACKFILL_AUTO
2026-07-13 12:11:14,1783944674,R_10,4789.277,-1,0.14000000000032742,BACKFILL_AUTO
2026-07-13 12:11:16,1783944676,R_10,4789.415,1,0.13799999999991996,BACKFILL_AUTO
2026-07-13 12:11:18,1783944678,R_10,4789.411,-1,0.0039999999999054126,BACKFILL_AUTO
2026-07-13 12:11:20,1783944680,R_10,4789.534,1,0.12299999999959255,BACKFILL_AUTO
2026-07-13 12:11:22,1783944682,R_10,4789.567,1,0.03300000000035652,BACKFILL_AUTO
2026-07-13 12:11:24,1783944684,R_10,4789.672,1,0.10499999999956344,BACKFILL_AUTO
2026-07-13 12:11:26,1783944686,R_10,4789.629,-1,0.042999999999665306,BACKFILL_AUTO
2026-07-13 12:11:28,1783944688,R_10,4789.711,1,0.0820000000003347,BACKFILL_AUTO
2026-07-13 12:11:30,1783944690,R_10,4789.77,1,0.05900000000019645,BACKFILL_AUTO
2026-07-13 12:11:32,1783944692,R_10,4789.679,-1,0.09100000000034925,BACKFILL_AUTO
2026-07-13 12:11:34,1783944694,R_10,4789.621,-1,0.057999999999992724,BACKFILL_AUTO
2026-07-13 12:11:36,1783944696,R_10,4789.772,1,0.15099999999983993,BACKFILL_AUTO
2026-07-13 12:11:38,1783944698,R_10,4789.582,-1,0.18999999999959982,BACKFILL_AUTO
2026-07-13 12:11:40,1783944700,R_10,4789.567,-1,0.015000000000327418,BACKFILL_AUTO
2026-07-13 12:11:42,1783944702,R_10,4789.659,1,0.09199999999964348,BACKFILL_AUTO
2026-07-13 12:11:44,1783944704,R_10,4789.779,1,0.12000000000080036,BACKFILL_AUTO
2026-07-13 12:11:46,1783944706,R_10,4789.824,1,0.044999999999163265,BACKFILL_AUTO
2026-07-13 12:11:48,1783944708,R_10,4789.695,-1,0.1289999999999054,BACKFILL_AUTO
2026-07-13 12:11:50,1783944710,R_10,4789.505,-1,0.18999999999959982,BACKFILL_AUTO
2026-07-13 12:11:52,1783944712,R_10,4789.451,-1,0.05400000000008731,BACKFILL_AUTO
2026-07-13 12:11:54,1783944714,R_10,4789.642,1,0.19099999999980355,BACKFILL_AUTO
2026-07-13 12:11:56,1783944716,R_10,4789.526,-1,0.11599999999998545,BACKFILL_AUTO
2026-07-13 12:11:58,1783944718,R_10,4789.481,-1,0.04500000000007276,BACKFILL_AUTO
2026-07-13 12:12:00,1783944720,R_10,4789.329,-1,0.15200000000004366,BACKFILL_AUTO
2026-07-13 12:12:02,1783944722,R_10,4789.406,1,0.07700000000022555,BACKFILL_AUTO
2026-07-13 12:12:04,1783944724,R_10,4789.435,1,0.02900000000045111,BACKFILL_AUTO
2026-07-13 12:12:06,1783944726,R_10,4789.427,-1,0.00800000000072032,BACKFILL_AUTO
2026-07-13 12:12:08,1783944728,R_10,4789.5,1,0.07300000000032014,BACKFILL_AUTO
2026-07-13 12:12:10,1783944730,R_10,4789.32,-1,0.18000000000029104,BACKFILL_AUTO
2026-07-13 12:12:12,1783944732,R_10,4789.208,-1,0.11200000000008004,BACKFILL_AUTO
2026-07-13 12:12:14,1783944734,R_10,4789.148,-1,0.05999999999949068,BACKFILL_AUTO
2026-07-13 12:12:16,1783944736,R_10,4789.369,1,0.2209999999995489,BACKFILL_AUTO
2026-07-13 12:12:18,1783944738,R_10,4789.539,1,0.17000000000007276,BACKFILL_AUTO
2026-07-13 12:12:20,1783944740,R_10,4789.689,1,0.1500000000005457,BACKFILL_AUTO
2026-07-13 12:12:22,1783944742,R_10,4789.617,-1,0.07200000000011642,BACKFILL_AUTO
2026-07-13 12:12:24,1783944744,R_10,4789.442,-1,0.1750000000001819,BACKFILL_AUTO
2026-07-13 12:12:26,1783944746,R_10,4789.29,-1,0.15200000000004366,BACKFILL_AUTO
2026-07-13 12:12:28,1783944748,R_10,4789.219,-1,0.07099999999991269,BACKFILL_AUTO
2026-07-13 12:12:30,1783944750,R_10,4789.071,-1,0.14800000000013824,BACKFILL_AUTO
2026-07-13 12:12:32,1783944752,R_10,4789.116,1,0.04500000000007276,BACKFILL_AUTO
2026-07-13 12:12:34,1783944754,R_10,4789.023,-1,0.0929999999998472,BACKFILL_AUTO
2026-07-13 12:12:36,1783944756,R_10,4788.992,-1,0.03099999999994907,BACKFILL_AUTO
2026-07-13 12:12:38,1783944758,R_10,4789.027,1,0.03499999999985448,BACKFILL_AUTO
2026-07-13 12:12:40,1783944760,R_10,4789.017,-1,0.010000000000218279,BACKFILL_AUTO
2026-07-13 12:12:42,1783944762,R_10,4789.125,1,0.10800000000017462,BACKFILL_AUTO
2026-07-13 12:12:44,1783944764,R_10,4789.141,1,0.01599999999962165,BACKFILL_AUTO
2026-07-13 12:12:46,1783944766,R_10,4789.056,-1,0.08500000000003638,BACKFILL_AUTO
2026-07-13 12:12:48,1783944768,R_10,4789.113,1,0.05700000000069849,BACKFILL_AUTO
2026-07-13 12:12:50,1783944770,R_10,4789.067,-1,0.046000000000276486,BACKFILL_AUTO
2026-07-13 12:12:52,1783944772,R_10,4788.902,-1,0.16499999999996362,BACKFILL_AUTO
2026-07-13 12:12:54,1783944774,R_10,4788.896,-1,0.006000000000312866,BACKFILL_AUTO
2026-07-13 12:12:56,1783944776,R_10,4788.944,1,0.04800000000068394,BACKFILL_AUTO
2026-07-13 12:12:58,1783944778,R_10,4789.005,1,0.06099999999969441,BACKFILL_AUTO
2026-07-13 12:13:00,1783944780,R_10,4789.064,1,0.05900000000019645,BACKFILL_AUTO
2026-07-13 12:13:02,1783944782,R_10,4789.012,-1,0.05200000000058935,BACKFILL_AUTO
2026-07-13 12:13:04,1783944784,R_10,4788.962,-1,0.049999999999272404,BACKFILL_AUTO
2026-07-13 12:13:06,1783944786,R_10,4788.987,1,0.024999999999636202,BACKFILL_AUTO
2026-07-13 12:13:08,1783944788,R_10,4789.069,1,0.0820000000003347,BACKFILL_AUTO
2026-07-13 12:13:10,1783944790,R_10,4788.885,-1,0.18400000000019645,BACKFILL_AUTO
2026-07-13 12:13:12,1783944792,R_10,4788.974,1,0.08899999999994179,BACKFILL_AUTO
2026-07-13 12:13:14,1783944794,R_10,4789.019,1,0.04500000000007276,BACKFILL_AUTO
2026-07-13 12:13:16,1783944796,R_10,4788.92,-1,0.09900000000016007,BACKFILL_AUTO
2026-07-13 12:13:18,1783944798,R_10,4788.809,-1,0.11099999999987631,BACKFILL_AUTO
2026-07-13 12:13:20,1783944800,R_10,4788.844,1,0.03499999999985448,BACKFILL_AUTO
2026-07-13 12:13:22,1783944802,R_10,4788.796,-1,0.047999999999774445,BACKFILL_AUTO
2026-07-13 12:13:24,1783944804,R_10,4788.609,-1,0.18699999999989814,BACKFILL_AUTO
2026-07-13 12:13:26,1783944806,R_10,4788.698,1,0.08899999999994179,BACKFILL_AUTO
2026-07-13 12:13:28,1783944808,R_10,4788.384,-1,0.3140000000003056,BACKFILL_AUTO
2026-07-13 12:13:30,1783944810,R_10,4788.418,1,0.033999999999650754,BACKFILL_AUTO
2026-07-13 12:13:32,1783944812,R_10,4788.337,-1,0.08099999999922147,BACKFILL_AUTO
2026-07-13 12:13:34,1783944814,R_10,4788.306,-1,0.031000000000858563,BACKFILL_AUTO
2026-07-13 12:13:36,1783944816,R_10,4788.243,-1,0.06299999999919237,BACKFILL_AUTO
2026-07-13 12:13:38,1783944818,R_10,4788.351,1,0.10799999999926513,BACKFILL_AUTO
2026-07-13 12:13:40,1783944820,R_10,4788.281,-1,0.06999999999970896,BACKFILL_AUTO
2026-07-13 12:13:42,1783944822,R_10,4788.432,1,0.15099999999983993,BACKFILL_AUTO
2026-07-13 12:13:44,1783944824,R_10,4788.665,1,0.23300000000017462,BACKFILL_AUTO
2026-07-13 12:13:46,1783944826,R_10,4788.774,1,0.10900000000037835,BACKFILL_AUTO
2026-07-13 12:13:48,1783944828,R_10,4788.74,-1,0.03400000000056025,BACKFILL_AUTO
2026-07-13 12:13:50,1783944830,R_10,4788.712,-1,0.027999999999337888,BACKFILL_AUTO
2026-07-13 12:13:52,1783944832,R_10,4788.654,-1,0.057999999999992724,BACKFILL_AUTO
2026-07-13 12:13:54,1783944834,R_10,4788.578,-1,0.07600000000002183,BACKFILL_AUTO
2026-07-13 12:13:56,1783944836,R_10,4788.698,1,0.11999999999989086,BACKFILL_AUTO
2026-07-13 12:13:58,1783944838,R_10,4788.719,1,0.02099999999973079,BACKFILL_AUTO
2026-07-13 12:14:00,1783944840,R_10,4788.991,1,0.2719999999999345,BACKFILL_AUTO
2026-07-13 12:14:02,1783944842,R_10,4788.982,-1,0.009000000000014552,BACKFILL_AUTO
2026-07-13 12:14:04,1783944844,R_10,4788.945,-1,0.037000000000261934,BACKFILL_AUTO
2026-07-13 12:14:06,1783944846,R_10,4788.798,-1,0.14699999999993452,BACKFILL_AUTO
2026-07-13 12:14:08,1783944848,R_10,4788.758,-1,0.03999999999996362,BACKFILL_AUTO
2026-07-13 12:14:10,1783944850,R_10,4788.859,1,0.10100000000056752,BACKFILL_AUTO
2026-07-13 12:14:12,1783944852,R_10,4788.796,-1,0.06300000000010186,BACKFILL_AUTO
2026-07-13 12:14:14,1783944854,R_10,4788.91,1,0.113999999999578,BACKFILL_AUTO
2026-07-13 12:14:16,1783944856,R_10,4789.187,1,0.27700000000004366,BACKFILL_AUTO
2026-07-13 12:14:18,1783944858,R_10,4789.205,1,0.018000000000029104,BACKFILL_AUTO
2026-07-13 12:14:20,1783944860,R_10,4789.42,1,0.21500000000014552,BACKFILL_AUTO
2026-07-13 12:14:22,1783944862,R_10,4789.5,1,0.07999999999992724,BACKFILL_AUTO
2026-07-13 12:14:24,1783944864,R_10,4789.366,-1,0.13400000000001455,BACKFILL_AUTO
2026-07-13 12:14:26,1783944866,R_10,4789.459,1,0.0929999999998472,BACKFILL_AUTO
2026-07-13 12:14:28,1783944868,R_10,4789.6,1,0.14100000000053114,BACKFILL_AUTO
2026-07-13 12:14:30,1783944870,R_10,4789.7,1,0.0999999999994543,BACKFILL_AUTO
2026-07-13 12:14:32,1783944872,R_10,4789.465,-1,0.23499999999967258,BACKFILL_AUTO
2026-07-13 12:14:34,1783944874,R_10,4789.64,1,0.1750000000001819,BACKFILL_AUTO
2026-07-13 12:14:36,1783944876,R_10,4789.513,-1,0.12700000000040745,BACKFILL_AUTO
2026-07-13 12:14:38,1783944878,R_10,4789.579,1,0.06599999999980355,BACKFILL_AUTO
2026-07-13 12:14:40,1783944880,R_10,4789.43,-1,0.14899999999943248,BACKFILL_AUTO
2026-07-13 12:14:42,1783944882,R_10,4789.323,-1,0.1069999999999709,BACKFILL_AUTO
2026-07-13 12:14:44,1783944884,R_10,4789.466,1,0.1430000000000291,BACKFILL_AUTO
2026-07-13 12:14:46,1783944886,R_10,4789.405,-1,0.061000000000603904,BACKFILL_AUTO
2026-07-13 12:14:48,1783944888,R_10,4789.473,1,0.068000000000211,BACKFILL_AUTO
2026-07-13 12:14:50,1783944890,R_10,4789.262,-1,0.2110000000002401,BACKFILL_AUTO
2026-07-13 12:14:52,1783944892,R_10,4789.318,1,0.056000000000494765,BACKFILL_AUTO
2026-07-13 12:14:54,1783944894,R_10,4789.359,1,0.04100000000016735,BACKFILL_AUTO
2026-07-13 12:14:56,1783944896,R_10,4789.512,1,0.1529999999993379,BACKFILL_AUTO
2026-07-13 12:14:58,1783944898,R_10,4789.334,-1,0.17799999999988358,BACKFILL_AUTO
2026-07-13 12:15:00,1783944900,R_10,4789.194,-1,0.13999999999941792,BACKFILL_AUTO
2026-07-13 12:15:02,1783944902,R_10,4789.01,-1,0.18400000000019645,BACKFILL_AUTO
2026-07-13 12:15:04,1783944904,R_10,4789.123,1,0.11299999999937427,BACKFILL_AUTO
2026-07-13 12:15:06,1783944906,R_10,4789.111,-1,0.011999999999716238,BACKFILL_AUTO
2026-07-13 12:15:08,1783944908,R_10,4789.084,-1,0.027000000000043656,BACKFILL_AUTO
2026-07-13 12:15:10,1783944910,R_10,4789.282,1,0.19800000000032014,BACKFILL_AUTO
2026-07-13 12:15:12,1783944912,R_10,4789.134,-1,0.14800000000013824,BACKFILL_AUTO
2026-07-13 12:15:14,1783944914,R_10,4789.184,1,0.0500000000001819,BACKFILL_AUTO
2026-07-13 12:15:16,1783944916,R_10,4789.07,-1,0.11400000000048749,BACKFILL_AUTO
2026-07-13 12:15:18,1783944918,R_10,4789.073,1,0.0030000000006111804,BACKFILL_AUTO
2026-07-13 12:15:20,1783944920,R_10,4789.266,1,0.1929999999993015,BACKFILL_AUTO
2026-07-13 12:15:22,1783944922,R_10,4789.263,-1,0.0029999999997016857,BACKFILL_AUTO
2026-07-13 12:15:24,1783944924,R_10,4789.277,1,0.014000000000123691,BACKFILL_AUTO
2026-07-13 12:15:26,1783944926,R_10,4789.37,1,0.0929999999998472,BACKFILL_AUTO
2026-07-13 12:15:28,1783944928,R_10,4789.59,1,0.22000000000025466,BACKFILL_AUTO
2026-07-13 12:15:30,1783944930,R_10,4789.582,-1,0.007999999999810825,BACKFILL_AUTO
2026-07-13 12:15:32,1783944932,R_10,4789.662,1,0.07999999999992724,BACKFILL_AUTO
2026-07-13 12:15:34,1783944934,R_10,4789.422,-1,0.24000000000069122,BACKFILL_AUTO
2026-07-13 12:15:36,1783944936,R_10,4789.412,-1,0.009999999999308784,BACKFILL_AUTO
2026-07-13 12:15:38,1783944938,R_10,4789.362,-1,0.0500000000001819,BACKFILL_AUTO
2026-07-13 12:15:40,1783944940,R_10,4789.208,-1,0.1540000000004511,BACKFILL_AUTO
2026-07-13 12:15:42,1783944942,R_10,4789.165,-1,0.042999999999665306,BACKFILL_AUTO
2026-07-13 12:15:44,1783944944,R_10,4789.218,1,0.052999999999883585,BACKFILL_AUTO
2026-07-13 12:15:46,1783944946,R_10,4789.148,-1,0.06999999999970896,BACKFILL_AUTO
2026-07-13 12:15:48,1783944948,R_10,4789.037,-1,0.11099999999987631,BACKFILL_AUTO
2026-07-13 12:15:50,1783944950,R_10,4789.036,-1,0.0010000000002037268,BACKFILL_AUTO
2026-07-13 12:15:52,1783944952,R_10,4789.005,-1,0.03099999999994907,BACKFILL_AUTO
2026-07-13 12:15:54,1783944954,R_10,4788.713,-1,0.2920000000003711,BACKFILL_AUTO
2026-07-13 12:15:56,1783944956,R_10,4788.647,-1,0.06599999999980355,BACKFILL_AUTO
2026-07-13 12:15:58,1783944958,R_10,4788.793,1,0.1459999999997308,BACKFILL_AUTO
2026-07-13 12:16:00,1783944960,R_10,4788.75,-1,0.042999999999665306,BACKFILL_AUTO
2026-07-13 12:16:02,1783944962,R_10,4788.85,1,0.1000000000003638,BACKFILL_AUTO
2026-07-13 12:16:04,1783944964,R_10,4788.734,-1,0.11599999999998545,BACKFILL_AUTO
2026-07-13 12:16:06,1783944966,R_10,4788.71,-1,0.02400000000034197,BACKFILL_AUTO
2026-07-13 12:16:08,1783944968,R_10,4788.957,1,0.24700000000029831,BACKFILL_AUTO
2026-07-13 12:16:10,1783944970,R_10,4788.876,-1,0.08100000000013097,BACKFILL_AUTO
2026-07-13 12:16:12,1783944972,R_10,4788.852,-1,0.02400000000034197,BACKFILL_AUTO
2026-07-13 12:16:14,1783944974,R_10,4788.766,-1,0.0860000000002401,BACKFILL_AUTO
2026-07-13 12:16:16,1783944976,R_10,4788.581,-1,0.18499999999949068,BACKFILL_AUTO
2026-07-13 12:16:18,1783944978,R_10,4788.703,1,0.12200000000029831,BACKFILL_AUTO
2026-07-13 12:16:20,1783944980,R_10,4788.819,1,0.11599999999998545,BACKFILL_AUTO
2026-07-13 12:16:22,1783944982,R_10,4788.841,1,0.021999999999934516,BACKFILL_AUTO
2026-07-13 12:16:24,1783944984,R_10,4788.766,-1,0.0750000000007276,BACKFILL_AUTO
2026-07-13 12:16:26,1783944986,R_10,4788.705,-1,0.06099999999969441,BACKFILL_AUTO
2026-07-13 12:16:28,1783944988,R_10,4788.884,1,0.1790000000000873,BACKFILL_AUTO
2026-07-13 12:16:30,1783944990,R_10,4788.831,-1,0.052999999999883585,BACKFILL_AUTO
2026-07-13 12:16:32,1783944992,R_10,4788.723,-1,0.10800000000017462,BACKFILL_AUTO
2026-07-13 12:16:34,1783944994,R_10,4788.672,-1,0.051000000000385626,BACKFILL_AUTO
2026-07-13 12:16:36,1783944996,R_10,4788.777,1,0.10500000000047294,BACKFILL_AUTO
2026-07-13 12:16:38,1783944998,R_10,4788.773,-1,0.0039999999999054126,BACKFILL_AUTO
2026-07-13 12:16:40,1783945000,R_10,4788.967,1,0.19399999999950523,BACKFILL_AUTO
2026-07-13 12:16:42,1783945002,R_10,4788.961,-1,0.0059999999994033715,BACKFILL_AUTO
2026-07-13 12:16:44,1783945004,R_10,4788.833,-1,0.12800000000061118,BACKFILL_AUTO
2026-07-13 12:16:46,1783945006,R_10,4788.656,-1,0.17699999999967986,BACKFILL_AUTO
2026-07-13 12:16:48,1783945008,R_10,4788.668,1,0.011999999999716238,BACKFILL_AUTO
2026-07-13 12:16:50,1783945010,R_10,4788.533,-1,0.13499999999930878,BACKFILL_AUTO
2026-07-13 12:16:52,1783945012,R_10,4788.574,1,0.04099999999925785,BACKFILL_AUTO
2026-07-13 12:16:54,1783945014,R_10,4788.533,-1,0.04099999999925785,BACKFILL_AUTO
2026-07-13 12:16:56,1783945016,R_10,4788.456,-1,0.07700000000022555,BACKFILL_AUTO
2026-07-13 12:16:58,1783945018,R_10,4788.4,-1,0.056000000000494765,BACKFILL_AUTO
2026-07-13 12:17:00,1783945020,R_10,4788.485,1,0.08500000000003638,BACKFILL_AUTO
2026-07-13 12:17:02,1783945022,R_10,4788.373,-1,0.11200000000008004,BACKFILL_AUTO
2026-07-13 12:17:04,1783945024,R_10,4788.353,-1,0.019999999999527063,BACKFILL_AUTO
2026-07-13 12:17:06,1783945026,R_10,4788.377,1,0.02400000000034197,BACKFILL_AUTO
2026-07-13 12:17:08,1783945028,R_10,4788.422,1,0.044999999999163265,BACKFILL_AUTO
2026-07-13 12:17:10,1783945030,R_10,4788.471,1,0.04899999999997817,BACKFILL_AUTO
2026-07-13 12:17:12,1783945032,R_10,4788.618,1,0.147000000000844,BACKFILL_AUTO
2026-07-13 12:17:14,1783945034,R_10,4788.506,-1,0.11200000000008004,BACKFILL_AUTO
2026-07-13 12:17:16,1783945036,R_10,4788.705,1,0.19899999999961437,BACKFILL_AUTO
2026-07-13 12:17:18,1783945038,R_10,4788.536,-1,0.16899999999986903,BACKFILL_AUTO
2026-07-13 12:17:20,1783945040,R_10,4788.521,-1,0.015000000000327418,BACKFILL_AUTO
2026-07-13 12:17:22,1783945042,R_10,4788.576,1,0.05500000000029104,BACKFILL_AUTO
2026-07-13 12:17:24,1783945044,R_10,4788.423,-1,0.15300000000024738,BACKFILL_AUTO
2026-07-13 12:17:26,1783945046,R_10,4788.327,-1,0.09599999999954889,BACKFILL_AUTO
2026-07-13 12:17:28,1783945048,R_10,4788.317,-1,0.010000000000218279,BACKFILL_AUTO
2026-07-13 12:17:30,1783945050,R_10,4788.498,1,0.18099999999958527,BACKFILL_AUTO
2026-07-13 12:17:32,1783945052,R_10,4788.456,-1,0.04199999999946158,BACKFILL_AUTO
2026-07-13 12:17:34,1783945054,R_10,4788.508,1,0.05199999999967986,BACKFILL_AUTO
2026-07-13 12:17:36,1783945056,R_10,4788.2,-1,0.3079999999999927,BACKFILL_AUTO
2026-07-13 12:17:38,1783945058,R_10,4788.18,-1,0.019999999999527063,BACKFILL_AUTO
2026-07-13 12:17:40,1783945060,R_10,4788.29,1,0.10999999999967258,BACKFILL_AUTO
2026-07-13 12:17:42,1783945062,R_10,4788.34,1,0.0500000000001819,BACKFILL_AUTO
2026-07-13 12:17:44,1783945064,R_10,4788.205,-1,0.13500000000021828,BACKFILL_AUTO
2026-07-13 12:17:46,1783945066,R_10,4788.158,-1,0.04699999999957072,BACKFILL_AUTO
2026-07-13 12:17:48,1783945068,R_10,4788.176,1,0.018000000000029104,BACKFILL_AUTO
2026-07-13 12:17:50,1783945070,R_10,4788.289,1,0.11299999999937427,BACKFILL_AUTO
2026-07-13 12:17:52,1783945072,R_10,4788.36,1,0.07099999999991269,BACKFILL_AUTO
2026-07-13 12:17:54,1783945074,R_10,4788.285,-1,0.0749999999998181,BACKFILL_AUTO
2026-07-13 12:17:56,1783945076,R_10,4788.253,-1,0.032000000000152795,BACKFILL_AUTO
2026-07-13 12:17:58,1783945078,R_10,4788.241,-1,0.011999999999716238,BACKFILL_AUTO
2026-07-13 12:18:00,1783945080,R_10,4788.351,1,0.10999999999967258,BACKFILL_AUTO
2026-07-13 12:18:02,1783945082,R_10,4788.107,-1,0.24399999999968713,BACKFILL_AUTO
2026-07-13 12:18:04,1783945084,R_10,4788.017,-1,0.09000000000014552,BACKFILL_AUTO
2026-07-13 12:18:06,1783945086,R_10,4787.986,-1,0.03099999999994907,BACKFILL_AUTO
2026-07-13 12:18:08,1783945088,R_10,4787.884,-1,0.10199999999986176,BACKFILL_AUTO
2026-07-13 12:18:10,1783945090,R_10,4787.946,1,0.06199999999989814,BACKFILL_AUTO
2026-07-13 12:18:12,1783945092,R_10,4787.932,-1,0.014000000000123691,BACKFILL_AUTO
2026-07-13 12:18:14,1783945094,R_10,4788.05,1,0.1180000000003929,BACKFILL_AUTO
2026-07-13 12:18:16,1783945096,R_10,4788.125,1,0.0749999999998181,BACKFILL_AUTO
2026-07-13 12:18:18,1783945098,R_10,4788.32,1,0.19499999999970896,BACKFILL_AUTO
2026-07-13 12:18:20,1783945100,R_10,4788.231,-1,0.08899999999994179,BACKFILL_AUTO
2026-07-13 12:18:22,1783945102,R_10,4788.272,1,0.04100000000016735,BACKFILL_AUTO
2026-07-13 12:18:24,1783945104,R_10,4788.356,1,0.08399999999983265,BACKFILL_AUTO
2026-07-13 12:18:26,1783945106,R_10,4788.411,1,0.05500000000029104,BACKFILL_AUTO
2026-07-13 12:18:28,1783945108,R_10,4788.309,-1,0.10199999999986176,BACKFILL_AUTO
2026-07-13 12:18:30,1783945110,R_10,4788.444,1,0.13500000000021828,BACKFILL_AUTO
2026-07-13 12:18:32,1783945112,R_10,4788.409,-1,0.035000000000763976,BACKFILL_AUTO
2026-07-13 12:18:34,1783945114,R_10,4788.42,1,0.011000000000422006,BACKFILL_AUTO
2026-07-13 12:18:36,1783945116,R_10,4788.51,1,0.09000000000014552,BACKFILL_AUTO
2026-07-13 12:18:38,1783945118,R_10,4788.579,1,0.06899999999950523,BACKFILL_AUTO
2026-07-13 12:18:40,1783945120,R_10,4788.721,1,0.14199999999982538,BACKFILL_AUTO
2026-07-13 12:18:42,1783945122,R_10,4788.642,-1,0.07899999999972351,BACKFILL_AUTO
2026-07-13 12:18:44,1783945124,R_10,4788.634,-1,0.007999999999810825,BACKFILL_AUTO
2026-07-13 12:18:46,1783945126,R_10,4788.637,1,0.0029999999997016857,BACKFILL_AUTO
2026-07-13 12:18:48,1783945128,R_10,4788.727,1,0.09000000000014552,BACKFILL_AUTO
2026-07-13 12:18:50,1783945130,R_10,4788.7,-1,0.027000000000043656,BACKFILL_AUTO
2026-07-13 12:18:52,1783945132,R_10,4788.636,-1,0.0639999999993961,BACKFILL_AUTO
2026-07-13 12:18:54,1783945134,R_10,4788.905,1,0.26899999999932334,BACKFILL_AUTO
2026-07-13 12:18:56,1783945136,R_10,4788.618,-1,0.28699999999935244,BACKFILL_AUTO
2026-07-13 12:18:58,1783945138,R_10,4788.799,1,0.18099999999958527,BACKFILL_AUTO
2026-07-13 12:19:00,1783945140,R_10,4788.688,-1,0.11099999999987631,BACKFILL_AUTO
2026-07-13 12:19:02,1783945142,R_10,4788.617,-1,0.07099999999991269,BACKFILL_AUTO
2026-07-13 12:19:04,1783945144,R_10,4788.478,-1,0.1390000000001237,BACKFILL_AUTO
2026-07-13 12:19:06,1783945146,R_10,4788.605,1,0.12699999999949796,BACKFILL_AUTO
2026-07-13 12:19:08,1783945148,R_10,4788.503,-1,0.10199999999986176,BACKFILL_AUTO
2026-07-13 12:19:10,1783945150,R_10,4788.595,1,0.09200000000055297,BACKFILL_AUTO
2026-07-13 12:19:12,1783945152,R_10,4788.596,1,0.0009999999992942321,BACKFILL_AUTO
2026-07-13 12:19:14,1783945154,R_10,4788.54,-1,0.05599999999958527,BACKFILL_AUTO
2026-07-13 12:19:16,1783945156,R_10,4788.631,1,0.09100000000034925,BACKFILL_AUTO
2026-07-13 12:19:18,1783945158,R_10,4788.68,1,0.04899999999997817,BACKFILL_AUTO
2026-07-13 12:19:20,1783945160,R_10,4788.574,-1,0.10600000000067666,BACKFILL_AUTO
2026-07-13 12:19:22,1783945162,R_10,4788.712,1,0.13800000000082946,BACKFILL_AUTO
2026-07-13 12:19:24,1783945164,R_10,4788.498,-1,0.2140000000008513,BACKFILL_AUTO
2026-07-13 12:19:26,1783945166,R_10,4788.666,1,0.1680000000005748,BACKFILL_AUTO
2026-07-13 12:19:28,1783945168,R_10,4788.77,1,0.10400000000026921,BACKFILL_AUTO
2026-07-13 12:19:30,1783945170,R_10,4788.589,-1,0.18100000000049477,BACKFILL_AUTO
2026-07-13 12:19:32,1783945172,R_10,4788.621,1,0.032000000000152795,BACKFILL_AUTO
2026-07-13 12:19:34,1783945174,R_10,4788.515,-1,0.10599999999976717,BACKFILL_AUTO
2026-07-13 12:19:36,1783945176,R_10,4788.35,-1,0.16499999999996362,BACKFILL_AUTO
2026-07-13 12:19:38,1783945178,R_10,4788.511,1,0.1610000000000582,BACKFILL_AUTO
2026-07-13 12:19:40,1783945180,R_10,4788.49,-1,0.021000000000640284,BACKFILL_AUTO
2026-07-13 12:19:42,1783945182,R_10,4788.587,1,0.09700000000066211,BACKFILL_AUTO
2026-07-13 12:19:44,1783945184,R_10,4788.612,1,0.024999999999636202,BACKFILL_AUTO
2026-07-13 12:19:46,1783945186,R_10,4788.465,-1,0.14699999999993452,BACKFILL_AUTO
2026-07-13 12:19:48,1783945188,R_10,4788.298,-1,0.16700000000037107,BACKFILL_AUTO
2026-07-13 12:19:50,1783945190,R_10,4788.243,-1,0.054999999999381544,BACKFILL_AUTO
2026-07-13 12:19:52,1783945192,R_10,4788.358,1,0.11499999999978172,BACKFILL_AUTO
2026-07-13 12:19:54,1783945194,R_10,4788.489,1,0.13099999999940337,BACKFILL_AUTO
2026-07-13 12:19:56,1783945196,R_10,4788.35,-1,0.1389999999992142,BACKFILL_AUTO
2026-07-13 12:19:58,1783945198,R_10,4788.283,-1,0.06700000000000728,BACKFILL_AUTO
2026-07-13 12:20:00,1783945200,R_10,4788.322,1,0.03899999999975989,BACKFILL_AUTO
2026-07-13 12:20:02,1783945202,R_10,4788.24,-1,0.0820000000003347,BACKFILL_AUTO
2026-07-13 12:20:04,1783945204,R_10,4788.348,1,0.10800000000017462,BACKFILL_AUTO
2026-07-13 12:20:06,1783945206,R_10,4788.488,1,0.14000000000032742,BACKFILL_AUTO
2026-07-13 12:20:08,1783945208,R_10,4788.401,-1,0.08700000000044383,BACKFILL_AUTO
2026-07-13 12:20:10,1783945210,R_10,4788.465,1,0.06400000000030559,BACKFILL_AUTO
2026-07-13 12:20:12,1783945212,R_10,4788.493,1,0.028000000000247383,BACKFILL_AUTO
2026-07-13 12:20:14,1783945214,R_10,4788.504,1,0.01099999999951251,BACKFILL_AUTO
2026-07-13 12:20:16,1783945216,R_10,4788.279,-1,0.2249999999994543,BACKFILL_AUTO
2026-07-13 12:20:18,1783945218,R_10,4788.122,-1,0.1570000000001528,BACKFILL_AUTO
2026-07-13 12:20:20,1783945220,R_10,4788.127,1,0.005000000000109139,BACKFILL_AUTO
2026-07-13 12:20:22,1783945222,R_10,4788.349,1,0.22199999999975262,BACKFILL_AUTO
2026-07-13 12:20:24,1783945224,R_10,4788.3,-1,0.04899999999997817,BACKFILL_AUTO
2026-07-13 12:20:26,1783945226,R_10,4788.323,1,0.023000000000138243,BACKFILL_AUTO
2026-07-13 12:20:28,1783945228,R_10,4788.43,1,0.1069999999999709,BACKFILL_AUTO
2026-07-13 12:20:30,1783945230,R_10,4788.261,-1,0.16899999999986903,BACKFILL_AUTO
2026-07-13 12:20:32,1783945232,R_10,4788.244,-1,0.01700000000073487,BACKFILL_AUTO
2026-07-13 12:20:34,1783945234,R_10,4788.589,1,0.34500000000025466,BACKFILL_AUTO
2026-07-13 12:20:36,1783945236,R_10,4788.663,1,0.07399999999961437,BACKFILL_AUTO
2026-07-13 12:20:38,1783945238,R_10,4788.868,1,0.20500000000083674,BACKFILL_AUTO
2026-07-13 12:20:40,1783945240,R_10,4788.836,-1,0.032000000000152795,BACKFILL_AUTO
2026-07-13 12:20:42,1783945242,R_10,4788.994,1,0.15799999999944703,BACKFILL_AUTO
2026-07-13 12:20:44,1783945244,R_10,4788.855,-1,0.1390000000001237,BACKFILL_AUTO
2026-07-13 12:20:46,1783945246,R_10,4788.835,-1,0.019999999999527063,BACKFILL_AUTO
2026-07-13 12:20:48,1783945248,R_10,4788.848,1,0.012999999999919964,BACKFILL_AUTO
2026-07-13 12:20:50,1783945250,R_10,4788.808,-1,0.03999999999996362,BACKFILL_AUTO
2026-07-13 12:20:52,1783945252,R_10,4788.86,1,0.05199999999967986,BACKFILL_AUTO
2026-07-13 12:20:54,1783945254,R_10,4788.957,1,0.09700000000066211,BACKFILL_AUTO
2026-07-13 12:20:56,1783945256,R_10,4789.147,1,0.18999999999959982,BACKFILL_AUTO
2026-07-13 12:20:58,1783945258,R_10,4788.814,-1,0.3329999999996289,BACKFILL_AUTO
2026-07-13 12:21:00,1783945260,R_10,4788.69,-1,0.12400000000070577,BACKFILL_AUTO
2026-07-13 12:21:02,1783945262,R_10,4788.364,-1,0.32600000000002183,BACKFILL_AUTO
2026-07-13 12:21:04,1783945264,R_10,4788.152,-1,0.21199999999953434,BACKFILL_AUTO
2026-07-13 12:21:06,1783945266,R_10,4788.317,1,0.16499999999996362,BACKFILL_AUTO
2026-07-13 12:21:08,1783945268,R_10,4788.426,1,0.10900000000037835,BACKFILL_AUTO
2026-07-13 12:21:10,1783945270,R_10,4788.474,1,0.047999999999774445,BACKFILL_AUTO
2026-07-13 12:21:12,1783945272,R_10,4788.288,-1,0.1860000000006039,BACKFILL_AUTO
2026-07-13 12:21:14,1783945274,R_10,4788.359,1,0.07100000000082218,BACKFILL_AUTO
2026-07-13 12:21:16,1783945276,R_10,4788.115,-1,0.24400000000059663,BACKFILL_AUTO
2026-07-13 12:21:18,1783945278,R_10,4788.131,1,0.016000000000531145,BACKFILL_AUTO
2026-07-13 12:21:20,1783945280,R_10,4788.02,-1,0.11099999999987631,BACKFILL_AUTO
2026-07-13 12:21:22,1783945282,R_10,4788.142,1,0.12199999999938882,BACKFILL_AUTO
2026-07-13 12:21:24,1783945284,R_10,4787.908,-1,0.23399999999946886,BACKFILL_AUTO
2026-07-13 12:21:26,1783945286,R_10,4788.045,1,0.13699999999971624,BACKFILL_AUTO
2026-07-13 12:21:28,1783945288,R_10,4788.06,1,0.015000000000327418,BACKFILL_AUTO
2026-07-13 12:21:30,1783945290,R_10,4788.004,-1,0.056000000000494765,BACKFILL_AUTO
2026-07-13 12:21:32,1783945292,R_10,4788.045,1,0.04100000000016735,BACKFILL_AUTO
2026-07-13 12:21:34,1783945294,R_10,4787.829,-1,0.21600000000034925,BACKFILL_AUTO
2026-07-13 12:21:36,1783945296,R_10,4787.622,-1,0.2069999999994252,BACKFILL_AUTO
2026-07-13 12:21:38,1783945298,R_10,4787.651,1,0.028999999999541615,BACKFILL_AUTO
2026-07-13 12:21:40,1783945300,R_10,4787.744,1,0.0929999999998472,BACKFILL_AUTO
2026-07-13 12:21:42,1783945302,R_10,4787.668,-1,0.07600000000002183,BACKFILL_AUTO
2026-07-13 12:21:44,1783945304,R_10,4787.739,1,0.07099999999991269,BACKFILL_AUTO
2026-07-13 12:21:46,1783945306,R_10,4787.788,1,0.04899999999997817,BACKFILL_AUTO
2026-07-13 12:21:48,1783945308,R_10,4787.738,-1,0.049999999999272404,BACKFILL_AUTO
2026-07-13 12:21:50,1783945310,R_10,4787.871,1,0.13299999999981083,BACKFILL_AUTO
2026-07-13 12:21:52,1783945312,R_10,4787.848,-1,0.023000000000138243,BACKFILL_AUTO
2026-07-13 12:21:54,1783945314,R_10,4787.689,-1,0.15899999999965075,BACKFILL_AUTO
2026-07-13 12:21:56,1783945316,R_10,4787.774,1,0.08500000000003638,BACKFILL_AUTO
2026-07-13 12:21:58,1783945318,R_10,4787.613,-1,0.1610000000000582,BACKFILL_AUTO
2026-07-13 12:22:00,1783945320,R_10,4787.663,1,0.049999999999272404,BACKFILL_AUTO
2026-07-13 12:22:02,1783945322,R_10,4787.777,1,0.11400000000048749,BACKFILL_AUTO
2026-07-13 12:22:04,1783945324,R_10,4787.941,1,0.1639999999997599,BACKFILL_AUTO
2026-07-13 12:22:06,1783945326,R_10,4787.791,-1,0.1499999999996362,BACKFILL_AUTO
2026-07-13 12:22:08,1783945328,R_10,4787.954,1,0.16299999999955617,BACKFILL_AUTO
2026-07-13 12:22:10,1783945330,R_10,4788.051,1,0.09700000000066211,BACKFILL_AUTO
2026-07-13 12:22:12,1783945332,R_10,4787.93,-1,0.12100000000009459,BACKFILL_AUTO
2026-07-13 12:22:14,1783945334,R_10,4787.809,-1,0.12100000000009459,BACKFILL_AUTO
2026-07-13 12:22:16,1783945336,R_10,4787.843,1,0.033999999999650754,BACKFILL_AUTO
2026-07-13 12:22:18,1783945338,R_10,4787.858,1,0.015000000000327418,BACKFILL_AUTO
2026-07-13 12:22:20,1783945340,R_10,4788.092,1,0.23399999999946886,BACKFILL_AUTO
2026-07-13 12:22:22,1783945342,R_10,4788.15,1,0.057999999999992724,BACKFILL_AUTO
2026-07-13 12:22:24,1783945344,R_10,4788.066,-1,0.08399999999983265,BACKFILL_AUTO
2026-07-13 12:22:26,1783945346,R_10,4788.04,-1,0.02599999999983993,BACKFILL_AUTO
2026-07-13 12:22:28,1783945348,R_10,4788.189,1,0.14900000000034197,BACKFILL_AUTO
2026-07-13 12:22:30,1783945350,R_10,4788.28,1,0.09099999999943975,BACKFILL_AUTO
2026-07-13 12:22:32,1783945352,R_10,4788.28,0,0.0,BACKFILL_AUTO
2026-07-13 12:22:34,1783945354,R_10,4788.121,-1,0.15899999999965075,BACKFILL_AUTO
2026-07-13 12:22:36,1783945356,R_10,4788.249,1,0.12799999999970169,BACKFILL_AUTO
2026-07-13 12:22:38,1783945358,R_10,4788.151,-1,0.09799999999995634,BACKFILL_AUTO
2026-07-13 12:22:40,1783945360,R_10,4788.215,1,0.06400000000030559,BACKFILL_AUTO
2026-07-13 12:22:42,1783945362,R_10,4788.173,-1,0.042000000000371074,BACKFILL_AUTO
2026-07-13 12:22:44,1783945364,R_10,4788.183,1,0.010000000000218279,BACKFILL_AUTO
2026-07-13 12:22:46,1783945366,R_10,4788.317,1,0.13400000000001455,BACKFILL_AUTO
2026-07-13 12:22:48,1783945368,R_10,4788.417,1,0.1000000000003638,BACKFILL_AUTO
2026-07-13 12:22:50,1783945370,R_10,4788.311,-1,0.10600000000067666,BACKFILL_AUTO
2026-07-13 12:22:52,1783945372,R_10,4788.269,-1,0.04199999999946158,BACKFILL_AUTO
2026-07-13 12:22:54,1783945374,R_10,4788.484,1,0.21500000000014552,BACKFILL_AUTO
2026-07-13 12:22:56,1783945376,R_10,4788.461,-1,0.023000000000138243,BACKFILL_AUTO
2026-07-13 12:22:58,1783945378,R_10,4788.452,-1,0.009000000000014552,BACKFILL_AUTO
2026-07-13 12:23:00,1783945380,R_10,4788.306,-1,0.14600000000064028,BACKFILL_AUTO
2026-07-13 12:23:02,1783945382,R_10,4788.059,-1,0.24699999999938882,BACKFILL_AUTO
2026-07-13 12:23:04,1783945384,R_10,4788.259,1,0.1999999999998181,BACKFILL_AUTO
2026-07-13 12:23:06,1783945386,R_10,4788.376,1,0.11700000000018917,BACKFILL_AUTO
2026-07-13 12:23:08,1783945388,R_10,4788.271,-1,0.10500000000047294,BACKFILL_AUTO
2026-07-13 12:23:10,1783945390,R_10,4788.257,-1,0.014000000000123691,BACKFILL_AUTO
2026-07-13 12:23:12,1783945392,R_10,4788.449,1,0.19200000000000728,BACKFILL_AUTO
2026-07-13 12:23:14,1783945394,R_10,4788.404,-1,0.044999999999163265,BACKFILL_AUTO
2026-07-13 12:23:16,1783945396,R_10,4788.54,1,0.1359999999995125,BACKFILL_AUTO
2026-07-13 12:23:18,1783945398,R_10,4788.734,1,0.19400000000041473,BACKFILL_AUTO
2026-07-13 12:23:20,1783945400,R_10,4788.552,-1,0.1820000000006985,BACKFILL_AUTO
2026-07-13 12:23:22,1783945402,R_10,4788.502,-1,0.049999999999272404,BACKFILL_AUTO
2026-07-13 12:23:24,1783945404,R_10,4788.475,-1,0.027000000000043656,BACKFILL_AUTO
2026-07-13 12:23:26,1783945406,R_10,4788.403,-1,0.07200000000011642,BACKFILL_AUTO
2026-07-13 12:23:28,1783945408,R_10,4788.478,1,0.0749999999998181,BACKFILL_AUTO
2026-07-13 12:23:30,1783945410,R_10,4788.341,-1,0.13699999999971624,BACKFILL_AUTO
2026-07-13 12:23:32,1783945412,R_10,4788.424,1,0.08299999999962893,BACKFILL_AUTO
2026-07-13 12:23:34,1783945414,R_10,4788.494,1,0.06999999999970896,BACKFILL_AUTO
2026-07-13 12:23:36,1783945416,R_10,4788.485,-1,0.009000000000014552,BACKFILL_AUTO
2026-07-13 12:23:38,1783945418,R_10,4788.588,1,0.10300000000006548,BACKFILL_AUTO
2026-07-13 12:23:40,1783945420,R_10,4788.477,-1,0.11099999999987631,BACKFILL_AUTO
2026-07-13 12:23:42,1783945422,R_10,4788.248,-1,0.2290000000002692,BACKFILL_AUTO
2026-07-13 12:23:44,1783945424,R_10,4788.306,1,0.057999999999992724,BACKFILL_AUTO
2026-07-13 12:23:46,1783945426,R_10,4788.284,-1,0.021999999999934516,BACKFILL_AUTO
2026-07-13 12:23:48,1783945428,R_10,4788.178,-1,0.10599999999976717,BACKFILL_AUTO
2026-07-13 12:23:50,1783945430,R_10,4788.279,1,0.10100000000056752,BACKFILL_AUTO
2026-07-13 12:23:52,1783945432,R_10,4788.194,-1,0.08500000000003638,BACKFILL_AUTO
2026-07-13 12:23:54,1783945434,R_10,4788.266,1,0.07199999999920692,BACKFILL_AUTO
2026-07-13 12:23:56,1783945436,R_10,4788.24,-1,0.02599999999983993,BACKFILL_AUTO
2026-07-13 12:23:58,1783945438,R_10,4788.285,1,0.04500000000007276,BACKFILL_AUTO
2026-07-13 12:24:00,1783945440,R_10,4788.242,-1,0.042999999999665306,BACKFILL_AUTO
2026-07-13 12:24:02,1783945442,R_10,4788.382,1,0.13999999999941792,BACKFILL_AUTO
2026-07-13 12:24:04,1783945444,R_10,4788.29,-1,0.09199999999964348,BACKFILL_AUTO
2026-07-13 12:24:06,1783945446,R_10,4788.438,1,0.14800000000013824,BACKFILL_AUTO
2026-07-13 12:24:08,1783945448,R_10,4788.364,-1,0.07400000000052387,BACKFILL_AUTO
2026-07-13 12:24:10,1783945450,R_10,4788.132,-1,0.2319999999999709,BACKFILL_AUTO
2026-07-13 12:24:12,1783945452,R_10,4787.985,-1,0.14699999999993452,BACKFILL_AUTO
2026-07-13 12:24:14,1783945454,R_10,4788.034,1,0.04899999999997817,BACKFILL_AUTO
2026-07-13 12:24:16,1783945456,R_10,4787.967,-1,0.06700000000000728,BACKFILL_AUTO
2026-07-13 12:24:18,1783945458,R_10,4788.096,1,0.1289999999999054,BACKFILL_AUTO
2026-07-13 12:24:20,1783945460,R_10,4788.096,0,0.0,BACKFILL_AUTO
2026-07-13 12:24:22,1783945462,R_10,4788.177,1,0.08100000000013097,BACKFILL_AUTO
2026-07-13 12:24:24,1783945464,R_10,4788.133,-1,0.04399999999986903,BACKFILL_AUTO
2026-07-13 12:24:26,1783945466,R_10,4788.122,-1,0.01099999999951251,BACKFILL_AUTO
2026-07-13 12:24:28,1783945468,R_10,4787.873,-1,0.24900000000070577,BACKFILL_AUTO
2026-07-13 12:24:30,1783945470,R_10,4788.008,1,0.13500000000021828,BACKFILL_AUTO
2026-07-13 12:24:32,1783945472,R_10,4787.932,-1,0.07600000000002183,BACKFILL_AUTO
2026-07-13 12:24:34,1783945474,R_10,4788.031,1,0.09900000000016007,BACKFILL_AUTO
2026-07-13 12:24:36,1783945476,R_10,4788.009,-1,0.021999999999934516,BACKFILL_AUTO
2026-07-13 12:24:38,1783945478,R_10,4787.916,-1,0.0929999999998472,BACKFILL_AUTO
2026-07-13 12:24:40,1783945480,R_10,4787.984,1,0.068000000000211,BACKFILL_AUTO
2026-07-13 12:24:42,1783945482,R_10,4787.954,-1,0.030000000000654836,BACKFILL_AUTO
2026-07-13 12:24:44,1783945484,R_10,4787.683,-1,0.2709999999997308,BACKFILL_AUTO
2026-07-13 12:24:46,1783945486,R_10,4787.566,-1,0.11700000000018917,BACKFILL_AUTO
2026-07-13 12:24:48,1783945488,R_10,4787.653,1,0.08700000000044383,BACKFILL_AUTO
2026-07-13 12:24:50,1783945490,R_10,4787.659,1,0.0059999999994033715,BACKFILL_AUTO
2026-07-13 12:24:52,1783945492,R_10,4787.749,1,0.09000000000014552,BACKFILL_AUTO
2026-07-13 12:24:54,1783945494,R_10,4787.889,1,0.14000000000032742,BACKFILL_AUTO
2026-07-13 12:24:56,1783945496,R_10,4788.002,1,0.11300000000028376,BACKFILL_AUTO
2026-07-13 12:24:58,1783945498,R_10,4788.007,1,0.004999999999199645,BACKFILL_AUTO
2026-07-13 12:25:00,1783945500,R_10,4788.066,1,0.05900000000019645,BACKFILL_AUTO
2026-07-13 12:25:02,1783945502,R_10,4788.179,1,0.11300000000028376,BACKFILL_AUTO
2026-07-13 12:25:04,1783945504,R_10,4788.238,1,0.05900000000019645,BACKFILL_AUTO
2026-07-13 12:25:06,1783945506,R_10,4788.239,1,0.0009999999992942321,BACKFILL_AUTO
2026-07-13 12:25:08,1783945508,R_10,4788.047,-1,0.19200000000000728,BACKFILL_AUTO
2026-07-13 12:25:10,1783945510,R_10,4787.884,-1,0.16299999999955617,BACKFILL_AUTO
2026-07-13 12:25:12,1783945512,R_10,4787.802,-1,0.0820000000003347,BACKFILL_AUTO
2026-07-13 12:25:14,1783945514,R_10,4787.833,1,0.03099999999994907,BACKFILL_AUTO
2026-07-13 12:25:16,1783945516,R_10,4787.804,-1,0.028999999999541615,BACKFILL_AUTO
2026-07-13 12:25:18,1783945518,R_10,4788.027,1,0.22299999999995634,BACKFILL_AUTO
2026-07-13 12:25:20,1783945520,R_10,4787.982,-1,0.04500000000007276,BACKFILL_AUTO
2026-07-13 12:25:22,1783945522,R_10,4787.925,-1,0.056999999999789,BACKFILL_AUTO
2026-07-13 12:25:24,1783945524,R_10,4787.976,1,0.05099999999947613,BACKFILL_AUTO
2026-07-13 12:25:26,1783945526,R_10,4788.19,1,0.2139999999999418,BACKFILL_AUTO
2026-07-13 12:25:28,1783945528,R_10,4787.898,-1,0.2919999999994616,BACKFILL_AUTO
2026-07-13 12:25:30,1783945530,R_10,4788.071,1,0.17299999999977445,BACKFILL_AUTO
2026-07-13 12:25:32,1783945532,R_10,4788.103,1,0.032000000000152795,BACKFILL_AUTO
2026-07-13 12:25:34,1783945534,R_10,4787.881,-1,0.22199999999975262,BACKFILL_AUTO
2026-07-13 12:25:36,1783945536,R_10,4787.964,1,0.08299999999962893,BACKFILL_AUTO
2026-07-13 12:25:38,1783945538,R_10,4788.253,1,0.2889999999997599,BACKFILL_AUTO
2026-07-13 12:25:40,1783945540,R_10,4788.268,1,0.015000000000327418,BACKFILL_AUTO
2026-07-13 12:25:42,1783945542,R_10,4788.263,-1,0.005000000000109139,BACKFILL_AUTO
2026-07-13 12:25:44,1783945544,R_10,4788.274,1,0.011000000000422006,BACKFILL_AUTO
2026-07-13 12:25:46,1783945546,R_10,4788.101,-1,0.17300000000068394,BACKFILL_AUTO
2026-07-13 12:25:48,1783945548,R_10,4788.02,-1,0.08099999999922147,BACKFILL_AUTO
2026-07-13 12:25:50,1783945550,R_10,4788.047,1,0.02699999999913416,BACKFILL_AUTO
2026-07-13 12:25:52,1783945552,R_10,4787.912,-1,0.13499999999930878,BACKFILL_AUTO
2026-07-13 12:25:54,1783945554,R_10,4787.795,-1,0.11700000000018917,BACKFILL_AUTO
2026-07-13 12:25:56,1783945556,R_10,4787.667,-1,0.12799999999970169,BACKFILL_AUTO
2026-07-13 12:25:58,1783945558,R_10,4787.859,1,0.19200000000000728,BACKFILL_AUTO
2026-07-13 12:26:00,1783945560,R_10,4787.95,1,0.09099999999943975,BACKFILL_AUTO
2026-07-13 12:26:02,1783945562,R_10,4787.982,1,0.032000000000152795,BACKFILL_AUTO
2026-07-13 12:26:04,1783945564,R_10,4787.947,-1,0.03499999999985448,BACKFILL_AUTO
2026-07-13 12:26:06,1783945566,R_10,4787.905,-1,0.042000000000371074,BACKFILL_AUTO
2026-07-13 12:26:08,1783945568,R_10,4787.974,1,0.06900000000041473,BACKFILL_AUTO
2026-07-13 12:26:10,1783945570,R_10,4787.86,-1,0.11400000000048749,BACKFILL_AUTO
2026-07-13 12:26:12,1783945572,R_10,4787.661,-1,0.19899999999961437,BACKFILL_AUTO
2026-07-13 12:26:14,1783945574,R_10,4787.937,1,0.27599999999983993,BACKFILL_AUTO
2026-07-13 12:26:16,1783945576,R_10,4787.995,1,0.057999999999992724,BACKFILL_AUTO
2026-07-13 12:26:18,1783945578,R_10,4788.171,1,0.17600000000038563,BACKFILL_AUTO
2026-07-13 12:26:20,1783945580,R_10,4788.133,-1,0.03800000000046566,BACKFILL_AUTO
2026-07-13 12:26:22,1783945582,R_10,4788.15,1,0.016999999999825377,BACKFILL_AUTO
2026-07-13 12:26:24,1783945584,R_10,4788.336,1,0.1860000000006039,BACKFILL_AUTO
2026-07-13 12:26:26,1783945586,R_10,4788.278,-1,0.057999999999992724,BACKFILL_AUTO
2026-07-13 12:26:28,1783945588,R_10,4788.306,1,0.027999999999337888,BACKFILL_AUTO
2026-07-13 12:26:30,1783945590,R_10,4788.356,1,0.0500000000001819,BACKFILL_AUTO
2026-07-13 12:26:32,1783945592,R_10,4788.448,1,0.09200000000055297,BACKFILL_AUTO
2026-07-13 12:26:34,1783945594,R_10,4788.348,-1,0.1000000000003638,BACKFILL_AUTO
2026-07-13 12:26:36,1783945596,R_10,4788.118,-1,0.22999999999956344,BACKFILL_AUTO
2026-07-13 12:26:38,1783945598,R_10,4787.97,-1,0.14800000000013824,BACKFILL_AUTO
2026-07-13 12:26:40,1783945600,R_10,4787.959,-1,0.011000000000422006,BACKFILL_AUTO
2026-07-13 12:26:42,1783945602,R_10,4787.812,-1,0.14699999999993452,BACKFILL_AUTO
2026-07-13 12:26:44,1783945604,R_10,4787.989,1,0.17699999999967986,BACKFILL_AUTO
2026-07-13 12:26:46,1783945606,R_10,4788.085,1,0.09600000000045839,BACKFILL_AUTO
2026-07-13 12:26:48,1783945608,R_10,4788.213,1,0.12799999999970169,BACKFILL_AUTO
2026-07-13 12:26:50,1783945610,R_10,4788.232,1,0.01900000000023283,BACKFILL_AUTO
2026-07-13 12:26:52,1783945612,R_10,4788.079,-1,0.15300000000024738,BACKFILL_AUTO
2026-07-13 12:26:54,1783945614,R_10,4788.046,-1,0.03299999999944703,BACKFILL_AUTO
2026-07-13 12:26:56,1783945616,R_10,4788.089,1,0.042999999999665306,BACKFILL_AUTO
2026-07-13 12:26:58,1783945618,R_10,4788.13,1,0.04100000000016735,BACKFILL_AUTO
2026-07-13 12:27:00,1783945620,R_10,4788.117,-1,0.012999999999919964,BACKFILL_AUTO
2026-07-13 12:27:02,1783945622,R_10,4788.116,-1,0.0010000000002037268,BACKFILL_AUTO
2026-07-13 12:27:04,1783945624,R_10,4788.126,1,0.010000000000218279,BACKFILL_AUTO
2026-07-13 12:27:06,1783945626,R_10,4788.272,1,0.1459999999997308,BACKFILL_AUTO
2026-07-13 12:27:08,1783945628,R_10,4788.313,1,0.04100000000016735,BACKFILL_AUTO
2026-07-13 12:27:10,1783945630,R_10,4788.34,1,0.027000000000043656,BACKFILL_AUTO
2026-07-13 12:27:12,1783945632,R_10,4788.309,-1,0.03099999999994907,BACKFILL_AUTO
2026-07-13 12:27:14,1783945634,R_10,4788.115,-1,0.19400000000041473,BACKFILL_AUTO
2026-07-13 12:27:16,1783945636,R_10,4788.035,-1,0.07999999999992724,BACKFILL_AUTO
2026-07-13 12:27:18,1783945638,R_10,4787.958,-1,0.07700000000022555,BACKFILL_AUTO
2026-07-13 12:27:20,1783945640,R_10,4787.957,-1,0.0009999999992942321,BACKFILL_AUTO
2026-07-13 12:27:22,1783945642,R_10,4788.029,1,0.07200000000011642,BACKFILL_AUTO
2026-07-13 12:27:24,1783945644,R_10,4788.282,1,0.2529999999997017,BACKFILL_AUTO
2026-07-13 12:27:26,1783945646,R_10,4788.342,1,0.05999999999949068,BACKFILL_AUTO
2026-07-13 12:27:28,1783945648,R_10,4788.194,-1,0.14799999999922875,BACKFILL_AUTO
2026-07-13 12:27:30,1783945650,R_10,4788.204,1,0.009999999999308784,BACKFILL_AUTO
2026-07-13 12:27:32,1783945652,R_10,4788.133,-1,0.07099999999991269,BACKFILL_AUTO
2026-07-13 12:27:34,1783945654,R_10,4788.263,1,0.13000000000010914,BACKFILL_AUTO
2026-07-13 12:27:36,1783945656,R_10,4788.287,1,0.02400000000034197,BACKFILL_AUTO
2026-07-13 12:27:38,1783945658,R_10,4788.214,-1,0.07300000000032014,BACKFILL_AUTO
2026-07-13 12:27:40,1783945660,R_10,4787.91,-1,0.3040000000000873,BACKFILL_AUTO
2026-07-13 12:27:42,1783945662,R_10,4787.824,-1,0.0860000000002401,BACKFILL_AUTO
2026-07-13 12:27:44,1783945664,R_10,4787.748,-1,0.07600000000002183,BACKFILL_AUTO
2026-07-13 12:27:46,1783945666,R_10,4787.643,-1,0.10499999999956344,BACKFILL_AUTO
2026-07-13 12:27:48,1783945668,R_10,4787.512,-1,0.13100000000031287,BACKFILL_AUTO
2026-07-13 12:27:50,1783945670,R_10,4787.677,1,0.16499999999996362,BACKFILL_AUTO
2026-07-13 12:27:52,1783945672,R_10,4787.587,-1,0.08999999999923602,BACKFILL_AUTO
2026-07-13 12:27:54,1783945674,R_10,4787.658,1,0.07099999999991269,BACKFILL_AUTO
2026-07-13 12:27:56,1783945676,R_10,4787.406,-1,0.25200000000040745,BACKFILL_AUTO
2026-07-13 12:27:58,1783945678,R_10,4787.521,1,0.11499999999978172,BACKFILL_AUTO
2026-07-13 12:28:00,1783945680,R_10,4787.408,-1,0.11299999999937427,BACKFILL_AUTO
2026-07-13 12:28:02,1783945682,R_10,4787.641,1,0.23299999999926513,BACKFILL_AUTO
2026-07-13 12:28:04,1783945684,R_10,4787.613,-1,0.027999999999337888,BACKFILL_AUTO
2026-07-13 12:28:06,1783945686,R_10,4787.623,1,0.009999999999308784,BACKFILL_AUTO
2026-07-13 12:28:08,1783945688,R_10,4787.749,1,0.12600000000020373,BACKFILL_AUTO
2026-07-13 12:28:10,1783945690,R_10,4787.85,1,0.10100000000056752,BACKFILL_AUTO
2026-07-13 12:28:12,1783945692,R_10,4787.818,-1,0.032000000000152795,BACKFILL_AUTO
2026-07-13 12:28:14,1783945694,R_10,4787.952,1,0.13400000000001455,BACKFILL_AUTO
2026-07-13 12:28:16,1783945696,R_10,4788.135,1,0.18299999999999272,BACKFILL_AUTO
2026-07-13 12:28:18,1783945698,R_10,4788.035,-1,0.1000000000003638,BACKFILL_AUTO
2026-07-13 12:28:20,1783945700,R_10,4787.905,-1,0.13000000000010914,BACKFILL_AUTO
2026-07-13 12:28:22,1783945702,R_10,4788.133,1,0.22800000000006548,BACKFILL_AUTO
2026-07-13 12:28:24,1783945704,R_10,4788.182,1,0.04899999999997817,BACKFILL_AUTO
2026-07-13 12:28:26,1783945706,R_10,4788.21,1,0.028000000000247383,BACKFILL_AUTO
2026-07-13 12:28:28,1783945708,R_10,4788.072,-1,0.13799999999991996,BACKFILL_AUTO
2026-07-13 12:28:30,1783945710,R_10,4787.983,-1,0.08899999999994179,BACKFILL_AUTO
2026-07-13 12:28:32,1783945712,R_10,4787.852,-1,0.13100000000031287,BACKFILL_AUTO
2026-07-13 12:28:34,1783945714,R_10,4787.897,1,0.04500000000007276,BACKFILL_AUTO
2026-07-13 12:28:36,1783945716,R_10,4788.012,1,0.11499999999978172,BACKFILL_AUTO
2026-07-13 12:28:38,1783945718,R_10,4788.076,1,0.06400000000030559,BACKFILL_AUTO
2026-07-13 12:28:40,1783945720,R_10,4788.053,-1,0.023000000000138243,BACKFILL_AUTO
2026-07-13 12:28:42,1783945722,R_10,4788.015,-1,0.03799999999955617,BACKFILL_AUTO
2026-07-13 12:28:44,1783945724,R_10,4788.092,1,0.07699999999931606,BACKFILL_AUTO
2026-07-13 12:28:46,1783945726,R_10,4787.917,-1,0.1749999999992724,BACKFILL_AUTO
2026-07-13 12:28:48,1783945728,R_10,4787.823,-1,0.09400000000005093,BACKFILL_AUTO
2026-07-13 12:28:50,1783945730,R_10,4787.985,1,0.16199999999935244,BACKFILL_AUTO
2026-07-13 12:28:52,1783945732,R_10,4787.994,1,0.009000000000014552,BACKFILL_AUTO
2026-07-13 12:28:54,1783945734,R_10,4787.871,-1,0.12299999999959255,BACKFILL_AUTO
2026-07-13 12:28:56,1783945736,R_10,4788.121,1,0.25,BACKFILL_AUTO
2026-07-13 12:28:58,1783945738,R_10,4788.177,1,0.05599999999958527,BACKFILL_AUTO
2026-07-13 12:29:00,1783945740,R_10,4788.344,1,0.16700000000037107,BACKFILL_AUTO
2026-07-13 12:29:02,1783945742,R_10,4788.427,1,0.08299999999962893,BACKFILL_AUTO
2026-07-13 12:29:04,1783945744,R_10,4788.531,1,0.10400000000026921,BACKFILL_AUTO
2026-07-13 12:29:06,1783945746,R_10,4788.52,-1,0.01099999999951251,BACKFILL_AUTO
2026-07-13 12:29:08,1783945748,R_10,4788.436,-1,0.08400000000074215,BACKFILL_AUTO
2026-07-13 12:29:10,1783945750,R_10,4788.517,1,0.08100000000013097,BACKFILL_AUTO
2026-07-13 12:29:12,1783945752,R_10,4788.437,-1,0.07999999999992724,BACKFILL_AUTO
2026-07-13 12:29:14,1783945754,R_10,4788.521,1,0.08399999999983265,BACKFILL_AUTO
2026-07-13 12:29:16,1783945756,R_10,4788.427,-1,0.09400000000005093,BACKFILL_AUTO
2026-07-13 12:29:18,1783945758,R_10,4788.444,1,0.01700000000073487,BACKFILL_AUTO
2026-07-13 12:29:20,1783945760,R_10,4788.611,1,0.16699999999946158,BACKFILL_AUTO
2026-07-13 12:29:22,1783945762,R_10,4788.519,-1,0.09199999999964348,BACKFILL_AUTO
2026-07-13 12:29:24,1783945764,R_10,4788.377,-1,0.14199999999982538,BACKFILL_AUTO
2026-07-13 12:29:26,1783945766,R_10,4788.301,-1,0.07600000000002183,BACKFILL_AUTO
2026-07-13 12:29:28,1783945768,R_10,4788.34,1,0.03899999999975989,BACKFILL_AUTO
2026-07-13 12:29:30,1783945770,R_10,4788.411,1,0.07099999999991269,BACKFILL_AUTO
2026-07-13 12:29:32,1783945772,R_10,4788.236,-1,0.1750000000001819,BACKFILL_AUTO
2026-07-13 12:29:34,1783945774,R_10,4788.325,1,0.08899999999994179,BACKFILL_AUTO
2026-07-13 12:29:36,1783945776,R_10,4788.111,-1,0.2139999999999418,BACKFILL_AUTO
2026-07-13 12:29:38,1783945778,R_10,4788.112,1,0.0010000000002037268,BACKFILL_AUTO
2026-07-13 12:29:40,1783945780,R_10,4787.927,-1,0.18500000000040018,BACKFILL_AUTO
2026-07-13 12:29:42,1783945782,R_10,4788.003,1,0.07600000000002183,BACKFILL_AUTO
2026-07-13 12:29:44,1783945784,R_10,4787.858,-1,0.14499999999952706,BACKFILL_AUTO
2026-07-13 12:29:46,1783945786,R_10,4787.829,-1,0.02900000000045111,BACKFILL_AUTO
2026-07-13 12:29:48,1783945788,R_10,4787.913,1,0.08399999999983265,BACKFILL_AUTO
2026-07-13 12:29:50,1783945790,R_10,4787.677,-1,0.2359999999998763,BACKFILL_AUTO
2026-07-13 12:29:52,1783945792,R_10,4787.617,-1,0.05999999999949068,BACKFILL_AUTO
2026-07-13 12:29:54,1783945794,R_10,4787.64,1,0.023000000000138243,BACKFILL_AUTO
2026-07-13 12:29:56,1783945796,R_10,4787.347,-1,0.2930000000005748,BACKFILL_AUTO
2026-07-13 12:29:58,1783945798,R_10,4787.228,-1,0.11899999999968713,BACKFILL_AUTO
2026-07-13 12:30:00,1783945800,R_10,4787.262,1,0.033999999999650754,BACKFILL_AUTO
2026-07-13 12:30:02,1783945802,R_10,4787.299,1,0.037000000000261934,BACKFILL_AUTO
2026-07-13 12:30:04,1783945804,R_10,4787.193,-1,0.10599999999976717,BACKFILL_AUTO
2026-07-13 12:30:06,1783945806,R_10,4787.247,1,0.05400000000008731,BACKFILL_AUTO
2026-07-13 12:30:08,1783945808,R_10,4787.403,1,0.15599999999994907,BACKFILL_AUTO
2026-07-13 12:30:10,1783945810,R_10,4787.465,1,0.06199999999989814,BACKFILL_AUTO
2026-07-13 12:30:12,1783945812,R_10,4787.378,-1,0.08700000000044383,BACKFILL_AUTO
