timestamp,unix_time,instrument,price,direction,tick_size,session_id
2026-04-15 09:28:54,1776245334,R_75,32196.5943,0,,BACKFILL_AUTO
2026-04-15 09:28:56,1776245336,R_75,32211.0325,1,14.438200000000506,BACKFILL_AUTO
2026-04-15 09:28:58,1776245338,R_75,32218.6038,1,7.57129999999961,BACKFILL_AUTO
2026-04-15 09:29:00,1776245340,R_75,32223.8425,1,5.238699999998062,BACKFILL_AUTO
2026-04-15 09:29:02,1776245342,R_75,32230.5053,1,6.66280000000188,BACKFILL_AUTO
2026-04-15 09:29:04,1776245344,R_75,32235.1892,1,4.683899999999994,BACKFILL_AUTO
2026-04-15 09:29:06,1776245346,R_75,32240.5048,1,5.315599999998085,BACKFILL_AUTO
2026-04-15 09:29:08,1776245348,R_75,32237.0887,-1,3.4160999999985506,BACKFILL_AUTO
2026-04-15 09:29:10,1776245350,R_75,32250.7567,1,13.668000000001484,BACKFILL_AUTO
2026-04-15 09:29:12,1776245352,R_75,32244.4097,-1,6.347000000001572,BACKFILL_AUTO
2026-04-15 09:29:14,1776245354,R_75,32242.7832,-1,1.6264999999984866,BACKFILL_AUTO
2026-04-15 09:29:16,1776245356,R_75,32241.6586,-1,1.124600000002829,BACKFILL_AUTO
2026-04-15 09:29:18,1776245358,R_75,32239.8639,-1,1.7946999999985565,BACKFILL_AUTO
2026-04-15 09:29:20,1776245360,R_75,32246.2229,1,6.359000000000378,BACKFILL_AUTO
2026-04-15 09:29:22,1776245362,R_75,32244.3603,-1,1.8626000000003842,BACKFILL_AUTO
2026-04-15 09:29:24,1776245364,R_75,32245.0331,1,0.6728000000002794,BACKFILL_AUTO
2026-04-15 09:29:26,1776245366,R_75,32244.287,-1,0.7461000000002969,BACKFILL_AUTO
2026-04-15 09:29:28,1776245368,R_75,32253.3776,1,9.09059999999954,BACKFILL_AUTO
2026-04-15 09:29:30,1776245370,R_75,32262.8499,1,9.472300000001269,BACKFILL_AUTO
2026-04-15 09:29:32,1776245372,R_75,32273.0345,1,10.1846000000005,BACKFILL_AUTO
2026-04-15 09:29:34,1776245374,R_75,32274.4184,1,1.3838999999970838,BACKFILL_AUTO
2026-04-15 09:29:36,1776245376,R_75,32266.6083,-1,7.8100999999987835,BACKFILL_AUTO
2026-04-15 09:29:38,1776245378,R_75,32258.8695,-1,7.7387999999991735,BACKFILL_AUTO
2026-04-15 09:29:40,1776245380,R_75,32262.3185,1,3.449000000000524,BACKFILL_AUTO
2026-04-15 09:29:42,1776245382,R_75,32258.6458,-1,3.6727000000028056,BACKFILL_AUTO
2026-04-15 09:29:44,1776245384,R_75,32262.1183,1,3.4724999999998545,BACKFILL_AUTO
2026-04-15 09:29:46,1776245386,R_75,32257.6605,-1,4.457799999996496,BACKFILL_AUTO
2026-04-15 09:29:48,1776245388,R_75,32250.2524,-1,7.408100000000559,BACKFILL_AUTO
2026-04-15 09:29:50,1776245390,R_75,32251.4347,1,1.1823000000003958,BACKFILL_AUTO
2026-04-15 09:29:52,1776245392,R_75,32254.6305,1,3.195799999997689,BACKFILL_AUTO
2026-04-15 09:29:54,1776245394,R_75,32253.4205,-1,1.2099999999991269,BACKFILL_AUTO
2026-04-15 09:29:56,1776245396,R_75,32247.2183,-1,6.202199999999721,BACKFILL_AUTO
2026-04-15 09:29:58,1776245398,R_75,32242.2981,-1,4.920200000000477,BACKFILL_AUTO
2026-04-15 09:30:00,1776245400,R_75,32247.4693,1,5.171200000000681,BACKFILL_AUTO
2026-04-15 09:30:02,1776245402,R_75,32235.8893,-1,11.580000000001746,BACKFILL_AUTO
2026-04-15 09:30:04,1776245404,R_75,32231.0644,-1,4.824899999999616,BACKFILL_AUTO
2026-04-15 09:30:06,1776245406,R_75,32241.2623,1,10.197899999999208,BACKFILL_AUTO
2026-04-15 09:30:08,1776245408,R_75,32239.9239,-1,1.3383999999969092,BACKFILL_AUTO
2026-04-15 09:30:10,1776245410,R_75,32234.3606,-1,5.563300000001618,BACKFILL_AUTO
2026-04-15 09:30:12,1776245412,R_75,32237.5523,1,3.1916999999994005,BACKFILL_AUTO
2026-04-15 09:30:14,1776245414,R_75,32241.9976,1,4.445299999999406,BACKFILL_AUTO
2026-04-15 09:30:16,1776245416,R_75,32235.1062,-1,6.891400000000431,BACKFILL_AUTO
2026-04-15 09:30:18,1776245418,R_75,32245.8053,1,10.699100000001636,BACKFILL_AUTO
2026-04-15 09:30:20,1776245420,R_75,32243.4457,-1,2.359599999999773,BACKFILL_AUTO
2026-04-15 09:30:22,1776245422,R_75,32242.243,-1,1.2027000000016415,BACKFILL_AUTO
2026-04-15 09:30:24,1776245424,R_75,32248.3321,1,6.089100000001054,BACKFILL_AUTO
2026-04-15 09:30:26,1776245426,R_75,32253.4543,1,5.122200000001612,BACKFILL_AUTO
2026-04-15 09:30:28,1776245428,R_75,32248.0808,-1,5.373500000001513,BACKFILL_AUTO
2026-04-15 09:30:30,1776245430,R_75,32254.4115,1,6.330699999998615,BACKFILL_AUTO
2026-04-15 09:30:32,1776245432,R_75,32247.7598,-1,6.651699999998527,BACKFILL_AUTO
2026-04-15 09:30:34,1776245434,R_75,32241.6436,-1,6.11620000000039,BACKFILL_AUTO
2026-04-15 09:30:36,1776245436,R_75,32240.8819,-1,0.7616999999991094,BACKFILL_AUTO
2026-04-15 09:30:38,1776245438,R_75,32245.8274,1,4.945499999997992,BACKFILL_AUTO
2026-04-15 09:30:40,1776245440,R_75,32243.0741,-1,2.7532999999966705,BACKFILL_AUTO
2026-04-15 09:30:42,1776245442,R_75,32254.4956,1,11.42149999999674,BACKFILL_AUTO
2026-04-15 09:30:44,1776245444,R_75,32255.2369,1,0.7413000000015018,BACKFILL_AUTO
2026-04-15 09:30:46,1776245446,R_75,32259.3075,1,4.070599999999104,BACKFILL_AUTO
2026-04-15 09:30:48,1776245448,R_75,32264.546,1,5.238499999999476,BACKFILL_AUTO
2026-04-15 09:30:50,1776245450,R_75,32266.8144,1,2.268400000000838,BACKFILL_AUTO
2026-04-15 09:30:52,1776245452,R_75,32270.6981,1,3.883700000002136,BACKFILL_AUTO
2026-04-15 09:30:54,1776245454,R_75,32264.6598,-1,6.038300000000163,BACKFILL_AUTO
2026-04-15 09:30:56,1776245456,R_75,32277.7793,1,13.11949999999706,BACKFILL_AUTO
2026-04-15 09:30:58,1776245458,R_75,32276.6562,-1,1.1230999999970663,BACKFILL_AUTO
2026-04-15 09:31:00,1776245460,R_75,32264.4568,-1,12.199400000001333,BACKFILL_AUTO
2026-04-15 09:31:02,1776245462,R_75,32274.2647,1,9.80789999999979,BACKFILL_AUTO
2026-04-15 09:31:04,1776245464,R_75,32268.5388,-1,5.725900000001275,BACKFILL_AUTO
2026-04-15 09:31:06,1776245466,R_75,32272.0995,1,3.560700000001816,BACKFILL_AUTO
2026-04-15 09:31:08,1776245468,R_75,32271.2888,-1,0.8107000000018161,BACKFILL_AUTO
2026-04-15 09:31:10,1776245470,R_75,32268.8394,-1,2.449399999997695,BACKFILL_AUTO
2026-04-15 09:31:12,1776245472,R_75,32273.8632,1,5.023799999999028,BACKFILL_AUTO
2026-04-15 09:31:14,1776245474,R_75,32270.1163,-1,3.746899999998277,BACKFILL_AUTO
2026-04-15 09:31:16,1776245476,R_75,32267.8382,-1,2.278100000003178,BACKFILL_AUTO
2026-04-15 09:31:18,1776245478,R_75,32284.3171,1,16.478900000001886,BACKFILL_AUTO
2026-04-15 09:31:20,1776245480,R_75,32280.5981,-1,3.7190000000009604,BACKFILL_AUTO
2026-04-15 09:31:22,1776245482,R_75,32286.1656,1,5.567500000001019,BACKFILL_AUTO
2026-04-15 09:31:24,1776245484,R_75,32299.4453,1,13.279699999999139,BACKFILL_AUTO
2026-04-15 09:31:26,1776245486,R_75,32300.0203,1,0.5750000000007276,BACKFILL_AUTO
2026-04-15 09:31:28,1776245488,R_75,32300.9933,1,0.9729999999981374,BACKFILL_AUTO
2026-04-15 09:31:30,1776245490,R_75,32310.5821,1,9.588800000001356,BACKFILL_AUTO
2026-04-15 09:31:32,1776245492,R_75,32310.5424,-1,0.039700000001175795,BACKFILL_AUTO
2026-04-15 09:31:34,1776245494,R_75,32311.1175,1,0.5751000000018394,BACKFILL_AUTO
2026-04-15 09:31:36,1776245496,R_75,32321.8702,1,10.752700000000914,BACKFILL_AUTO
2026-04-15 09:31:38,1776245498,R_75,32327.6009,1,5.73070000000007,BACKFILL_AUTO
2026-04-15 09:31:40,1776245500,R_75,32336.2784,1,8.677499999997963,BACKFILL_AUTO
2026-04-15 09:31:42,1776245502,R_75,32341.5764,1,5.298000000002503,BACKFILL_AUTO
2026-04-15 09:31:44,1776245504,R_75,32344.4375,1,2.8610999999982596,BACKFILL_AUTO
2026-04-15 09:31:46,1776245506,R_75,32337.7956,-1,6.641899999998714,BACKFILL_AUTO
2026-04-15 09:31:48,1776245508,R_75,32349.9197,1,12.12409999999727,BACKFILL_AUTO
2026-04-15 09:31:50,1776245510,R_75,32349.3372,-1,0.5824999999967986,BACKFILL_AUTO
2026-04-15 09:31:52,1776245512,R_75,32353.1877,1,3.8504999999968277,BACKFILL_AUTO
2026-04-15 09:31:54,1776245514,R_75,32354.6829,1,1.495200000001205,BACKFILL_AUTO
2026-04-15 09:31:56,1776245516,R_75,32371.3503,1,16.66739999999845,BACKFILL_AUTO
2026-04-15 09:31:58,1776245518,R_75,32369.8472,-1,1.503099999998085,BACKFILL_AUTO
2026-04-15 09:32:00,1776245520,R_75,32372.2689,1,2.421699999998964,BACKFILL_AUTO
2026-04-15 09:32:02,1776245522,R_75,32367.1183,-1,5.15060000000085,BACKFILL_AUTO
2026-04-15 09:32:04,1776245524,R_75,32375.2955,1,8.177200000001903,BACKFILL_AUTO
2026-04-15 09:32:06,1776245526,R_75,32368.8768,-1,6.418700000001991,BACKFILL_AUTO
2026-04-15 09:32:08,1776245528,R_75,32372.0426,1,3.1658000000024913,BACKFILL_AUTO
2026-04-15 09:32:10,1776245530,R_75,32380.0707,1,8.02809999999954,BACKFILL_AUTO
2026-04-15 09:32:12,1776245532,R_75,32366.6209,-1,13.449799999998504,BACKFILL_AUTO
2026-04-15 09:32:14,1776245534,R_75,32360.3052,-1,6.315700000002835,BACKFILL_AUTO
2026-04-15 09:32:16,1776245536,R_75,32356.9633,-1,3.341899999999441,BACKFILL_AUTO
2026-04-15 09:32:18,1776245538,R_75,32364.8479,1,7.884600000001228,BACKFILL_AUTO
2026-04-15 09:32:20,1776245540,R_75,32357.491,-1,7.356899999998859,BACKFILL_AUTO
2026-04-15 09:32:22,1776245542,R_75,32356.3471,-1,1.143900000002759,BACKFILL_AUTO
2026-04-15 09:32:24,1776245544,R_75,32361.7779,1,5.430800000001909,BACKFILL_AUTO
2026-04-15 09:32:26,1776245546,R_75,32372.6528,1,10.874899999998888,BACKFILL_AUTO
2026-04-15 09:32:28,1776245548,R_75,32375.1707,1,2.5178999999989173,BACKFILL_AUTO
2026-04-15 09:32:30,1776245550,R_75,32382.0384,1,6.867700000002515,BACKFILL_AUTO
2026-04-15 09:32:32,1776245552,R_75,32371.7271,-1,10.31130000000121,BACKFILL_AUTO
2026-04-15 09:32:34,1776245554,R_75,32365.8082,-1,5.918900000000576,BACKFILL_AUTO
2026-04-15 09:32:36,1776245556,R_75,32362.5847,-1,3.223500000000058,BACKFILL_AUTO
2026-04-15 09:32:38,1776245558,R_75,32351.7577,-1,10.827000000001135,BACKFILL_AUTO
2026-04-15 09:32:40,1776245560,R_75,32356.9732,1,5.215500000002066,BACKFILL_AUTO
2026-04-15 09:32:42,1776245562,R_75,32364.6031,1,7.629899999999907,BACKFILL_AUTO
2026-04-15 09:32:44,1776245564,R_75,32365.1424,1,0.5393000000003667,BACKFILL_AUTO
2026-04-15 09:32:46,1776245566,R_75,32363.3008,-1,1.8415999999997439,BACKFILL_AUTO
2026-04-15 09:32:48,1776245568,R_75,32367.8838,1,4.582999999998719,BACKFILL_AUTO
2026-04-15 09:32:50,1776245570,R_75,32357.7171,-1,10.166699999997945,BACKFILL_AUTO
2026-04-15 09:32:52,1776245572,R_75,32364.6284,1,6.9112999999997555,BACKFILL_AUTO
2026-04-15 09:32:54,1776245574,R_75,32372.1803,1,7.551899999998568,BACKFILL_AUTO
2026-04-15 09:32:56,1776245576,R_75,32367.4227,-1,4.757600000000821,BACKFILL_AUTO
2026-04-15 09:32:58,1776245578,R_75,32361.719,-1,5.703699999998207,BACKFILL_AUTO
2026-04-15 09:33:00,1776245580,R_75,32363.9821,1,2.2631000000001222,BACKFILL_AUTO
2026-04-15 09:33:02,1776245582,R_75,32364.112,1,0.12989999999990687,BACKFILL_AUTO
2026-04-15 09:33:04,1776245584,R_75,32361.1337,-1,2.9783000000024913,BACKFILL_AUTO
2026-04-15 09:33:06,1776245586,R_75,32360.6791,-1,0.45459999999729916,BACKFILL_AUTO
2026-04-15 09:33:08,1776245588,R_75,32362.4531,1,1.7739999999976135,BACKFILL_AUTO
2026-04-15 09:33:10,1776245590,R_75,32356.5787,-1,5.874400000000605,BACKFILL_AUTO
2026-04-15 09:33:12,1776245592,R_75,32342.8629,-1,13.715799999998126,BACKFILL_AUTO
2026-04-15 09:33:14,1776245594,R_75,32349.7864,1,6.923500000000786,BACKFILL_AUTO
2026-04-15 09:33:16,1776245596,R_75,32360.167,1,10.380600000000413,BACKFILL_AUTO
2026-04-15 09:33:18,1776245598,R_75,32360.0687,-1,0.09830000000147265,BACKFILL_AUTO
2026-04-15 09:33:20,1776245600,R_75,32359.5819,-1,0.486799999998766,BACKFILL_AUTO
2026-04-15 09:33:22,1776245602,R_75,32369.3662,1,9.784299999999348,BACKFILL_AUTO
2026-04-15 09:33:24,1776245604,R_75,32373.2903,1,3.9241000000001804,BACKFILL_AUTO
2026-04-15 09:33:26,1776245606,R_75,32382.1241,1,8.833800000000338,BACKFILL_AUTO
2026-04-15 09:33:28,1776245608,R_75,32386.466,1,4.341899999999441,BACKFILL_AUTO
2026-04-15 09:33:30,1776245610,R_75,32389.0004,1,2.53440000000046,BACKFILL_AUTO
2026-04-15 09:33:32,1776245612,R_75,32381.594,-1,7.406399999999849,BACKFILL_AUTO
2026-04-15 09:33:34,1776245614,R_75,32375.1013,-1,6.492700000002515,BACKFILL_AUTO
2026-04-15 09:33:36,1776245616,R_75,32374.9528,-1,0.1484999999993306,BACKFILL_AUTO
2026-04-15 09:33:38,1776245618,R_75,32372.4283,-1,2.5244999999995343,BACKFILL_AUTO
2026-04-15 09:33:40,1776245620,R_75,32371.1593,-1,1.2690000000002328,BACKFILL_AUTO
2026-04-15 09:33:42,1776245622,R_75,32376.4943,1,5.334999999999127,BACKFILL_AUTO
2026-04-15 09:33:44,1776245624,R_75,32370.6375,-1,5.856799999997747,BACKFILL_AUTO
2026-04-15 09:33:46,1776245626,R_75,32363.39,-1,7.24750000000131,BACKFILL_AUTO
2026-04-15 09:33:48,1776245628,R_75,32364.396,1,1.0060000000012224,BACKFILL_AUTO
2026-04-15 09:33:50,1776245630,R_75,32369.5719,1,5.175899999998364,BACKFILL_AUTO
2026-04-15 09:33:52,1776245632,R_75,32366.7173,-1,2.8545999999987544,BACKFILL_AUTO
2026-04-15 09:33:54,1776245634,R_75,32366.3518,-1,0.3654999999998836,BACKFILL_AUTO
2026-04-15 09:33:56,1776245636,R_75,32363.7059,-1,2.6458999999995285,BACKFILL_AUTO
2026-04-15 09:33:58,1776245638,R_75,32367.6408,1,3.934900000000198,BACKFILL_AUTO
2026-04-15 09:34:00,1776245640,R_75,32368.4567,1,0.8158999999977823,BACKFILL_AUTO
2026-04-15 09:34:02,1776245642,R_75,32367.6421,-1,0.8145999999978812,BACKFILL_AUTO
2026-04-15 09:34:04,1776245644,R_75,32366.9769,-1,0.6651999999994587,BACKFILL_AUTO
2026-04-15 09:34:06,1776245646,R_75,32361.8629,-1,5.114000000001397,BACKFILL_AUTO
2026-04-15 09:34:08,1776245648,R_75,32361.1729,-1,0.6899999999986903,BACKFILL_AUTO
2026-04-15 09:34:10,1776245650,R_75,32353.6606,-1,7.512300000002142,BACKFILL_AUTO
2026-04-15 09:34:12,1776245652,R_75,32344.8204,-1,8.840199999998731,BACKFILL_AUTO
2026-04-15 09:34:14,1776245654,R_75,32347.5471,1,2.726699999999255,BACKFILL_AUTO
2026-04-15 09:34:16,1776245656,R_75,32343.3217,-1,4.225399999999354,BACKFILL_AUTO
2026-04-15 09:34:18,1776245658,R_75,32338.4978,-1,4.823899999999412,BACKFILL_AUTO
2026-04-15 09:34:20,1776245660,R_75,32333.1845,-1,5.313300000001618,BACKFILL_AUTO
2026-04-15 09:34:22,1776245662,R_75,32336.3415,1,3.1569999999992433,BACKFILL_AUTO
2026-04-15 09:34:24,1776245664,R_75,32341.0301,1,4.6886000000013155,BACKFILL_AUTO
2026-04-15 09:34:26,1776245666,R_75,32338.2425,-1,2.7875999999996566,BACKFILL_AUTO
2026-04-15 09:34:28,1776245668,R_75,32341.5351,1,3.292600000000675,BACKFILL_AUTO
2026-04-15 09:34:30,1776245670,R_75,32342.9246,1,1.389499999997497,BACKFILL_AUTO
2026-04-15 09:34:32,1776245672,R_75,32346.5007,1,3.576100000002043,BACKFILL_AUTO
2026-04-15 09:34:34,1776245674,R_75,32355.4437,1,8.942999999999302,BACKFILL_AUTO
2026-04-15 09:34:36,1776245676,R_75,32354.7839,-1,0.6598000000012689,BACKFILL_AUTO
2026-04-15 09:34:38,1776245678,R_75,32360.1026,1,5.318699999999808,BACKFILL_AUTO
2026-04-15 09:34:40,1776245680,R_75,32357.2112,-1,2.8913999999967928,BACKFILL_AUTO
2026-04-15 09:34:42,1776245682,R_75,32357.4289,1,0.2176999999974214,BACKFILL_AUTO
2026-04-15 09:34:44,1776245684,R_75,32368.5036,1,11.07470000000103,BACKFILL_AUTO
2026-04-15 09:34:46,1776245686,R_75,32367.7811,-1,0.7224999999998545,BACKFILL_AUTO
2026-04-15 09:34:48,1776245688,R_75,32366.2968,-1,1.4843000000000757,BACKFILL_AUTO
2026-04-15 09:34:50,1776245690,R_75,32385.6758,1,19.379000000000815,BACKFILL_AUTO
2026-04-15 09:34:52,1776245692,R_75,32387.2552,1,1.5793999999987136,BACKFILL_AUTO
2026-04-15 09:34:54,1776245694,R_75,32374.4459,-1,12.809300000000803,BACKFILL_AUTO
2026-04-15 09:34:56,1776245696,R_75,32367.5771,-1,6.868800000000192,BACKFILL_AUTO
2026-04-15 09:34:58,1776245698,R_75,32362.7657,-1,4.8113999999986845,BACKFILL_AUTO
2026-04-15 09:35:00,1776245700,R_75,32356.593,-1,6.172699999999168,BACKFILL_AUTO
2026-04-15 09:35:02,1776245702,R_75,32357.4937,1,0.9006999999983236,BACKFILL_AUTO
2026-04-15 09:35:04,1776245704,R_75,32357.1982,-1,0.2955000000001746,BACKFILL_AUTO
2026-04-15 09:35:06,1776245706,R_75,32365.2253,1,8.027099999999336,BACKFILL_AUTO
2026-04-15 09:35:08,1776245708,R_75,32368.6944,1,3.469100000002072,BACKFILL_AUTO
2026-04-15 09:35:10,1776245710,R_75,32378.1785,1,9.48410000000149,BACKFILL_AUTO
2026-04-15 09:35:12,1776245712,R_75,32381.931,1,3.7524999999986903,BACKFILL_AUTO
2026-04-15 09:35:14,1776245714,R_75,32391.4083,1,9.47729999999865,BACKFILL_AUTO
2026-04-15 09:35:16,1776245716,R_75,32395.9466,1,4.538300000000163,BACKFILL_AUTO
2026-04-15 09:35:18,1776245718,R_75,32399.2721,1,3.3254999999990105,BACKFILL_AUTO
2026-04-15 09:35:20,1776245720,R_75,32393.8195,-1,5.452599999996892,BACKFILL_AUTO
2026-04-15 09:35:22,1776245722,R_75,32397.2154,1,3.3958999999995285,BACKFILL_AUTO
2026-04-15 09:35:24,1776245724,R_75,32404.1689,1,6.953499999999622,BACKFILL_AUTO
2026-04-15 09:35:26,1776245726,R_75,32407.9877,1,3.8188000000009197,BACKFILL_AUTO
2026-04-15 09:35:28,1776245728,R_75,32411.1565,1,3.1687999999994645,BACKFILL_AUTO
2026-04-15 09:35:30,1776245730,R_75,32423.9231,1,12.766599999999016,BACKFILL_AUTO
2026-04-15 09:35:32,1776245732,R_75,32427.4097,1,3.4866000000001804,BACKFILL_AUTO
2026-04-15 09:35:34,1776245734,R_75,32419.3057,-1,8.10399999999936,BACKFILL_AUTO
2026-04-15 09:35:36,1776245736,R_75,32416.5272,-1,2.7785000000003492,BACKFILL_AUTO
2026-04-15 09:35:38,1776245738,R_75,32425.4847,1,8.957500000000437,BACKFILL_AUTO
2026-04-15 09:35:40,1776245740,R_75,32420.7394,-1,4.745300000002317,BACKFILL_AUTO
2026-04-15 09:35:42,1776245742,R_75,32427.2742,1,6.534800000001269,BACKFILL_AUTO
2026-04-15 09:35:44,1776245744,R_75,32425.9354,-1,1.3388000000013562,BACKFILL_AUTO
2026-04-15 09:35:46,1776245746,R_75,32425.8883,-1,0.04709999999977299,BACKFILL_AUTO
2026-04-15 09:35:48,1776245748,R_75,32426.8117,1,0.923399999999674,BACKFILL_AUTO
2026-04-15 09:35:50,1776245750,R_75,32420.9713,-1,5.840399999997317,BACKFILL_AUTO
2026-04-15 09:35:52,1776245752,R_75,32409.0241,-1,11.94720000000234,BACKFILL_AUTO
2026-04-15 09:35:54,1776245754,R_75,32399.9302,-1,9.093899999999849,BACKFILL_AUTO
2026-04-15 09:35:56,1776245756,R_75,32404.0467,1,4.116500000000087,BACKFILL_AUTO
2026-04-15 09:35:58,1776245758,R_75,32407.6056,1,3.558899999999994,BACKFILL_AUTO
2026-04-15 09:36:00,1776245760,R_75,32401.4654,-1,6.1401999999980035,BACKFILL_AUTO
2026-04-15 09:36:02,1776245762,R_75,32406.5705,1,5.105100000000675,BACKFILL_AUTO
2026-04-15 09:36:04,1776245764,R_75,32402.7368,-1,3.833700000002864,BACKFILL_AUTO
2026-04-15 09:36:06,1776245766,R_75,32406.6507,1,3.9138999999995576,BACKFILL_AUTO
2026-04-15 09:36:08,1776245768,R_75,32402.0398,-1,4.610899999999674,BACKFILL_AUTO
2026-04-15 09:36:10,1776245770,R_75,32406.5619,1,4.522100000001956,BACKFILL_AUTO
2026-04-15 09:36:12,1776245772,R_75,32417.01,1,10.448099999997794,BACKFILL_AUTO
2026-04-15 09:36:14,1776245774,R_75,32415.3593,-1,1.6506999999983236,BACKFILL_AUTO
2026-04-15 09:36:16,1776245776,R_75,32418.1816,1,2.8222999999998137,BACKFILL_AUTO
2026-04-15 09:36:18,1776245778,R_75,32421.1151,1,2.933499999999185,BACKFILL_AUTO
2026-04-15 09:36:20,1776245780,R_75,32415.1815,-1,5.933600000000297,BACKFILL_AUTO
2026-04-15 09:36:22,1776245782,R_75,32416.6431,1,1.4616000000023632,BACKFILL_AUTO
2026-04-15 09:36:24,1776245784,R_75,32414.3859,-1,2.2572000000000116,BACKFILL_AUTO
2026-04-15 09:36:26,1776245786,R_75,32408.5071,-1,5.878800000002229,BACKFILL_AUTO
2026-04-15 09:36:28,1776245788,R_75,32419.0844,1,10.577300000000832,BACKFILL_AUTO
2026-04-15 09:36:30,1776245790,R_75,32432.3986,1,13.31420000000071,BACKFILL_AUTO
2026-04-15 09:36:32,1776245792,R_75,32426.9814,-1,5.417199999999866,BACKFILL_AUTO
2026-04-15 09:36:34,1776245794,R_75,32425.6694,-1,1.3120000000017171,BACKFILL_AUTO
2026-04-15 09:36:36,1776245796,R_75,32425.07,-1,0.5993999999991502,BACKFILL_AUTO
2026-04-15 09:36:38,1776245798,R_75,32420.4983,-1,4.571700000000419,BACKFILL_AUTO
2026-04-15 09:36:40,1776245800,R_75,32433.0708,1,12.572500000002037,BACKFILL_AUTO
2026-04-15 09:36:42,1776245802,R_75,32426.0073,-1,7.063500000000204,BACKFILL_AUTO
2026-04-15 09:36:44,1776245804,R_75,32429.7319,1,3.7245999999977357,BACKFILL_AUTO
2026-04-15 09:36:46,1776245806,R_75,32440.3253,1,10.593400000001566,BACKFILL_AUTO
2026-04-15 09:36:48,1776245808,R_75,32433.2822,-1,7.043099999998958,BACKFILL_AUTO
2026-04-15 09:36:50,1776245810,R_75,32419.8883,-1,13.393900000002759,BACKFILL_AUTO
2026-04-15 09:36:52,1776245812,R_75,32412.5696,-1,7.318699999999808,BACKFILL_AUTO
2026-04-15 09:36:54,1776245814,R_75,32412.8918,1,0.32220000000233995,BACKFILL_AUTO
2026-04-15 09:36:56,1776245816,R_75,32413.616,1,0.7242000000005646,BACKFILL_AUTO
2026-04-15 09:36:58,1776245818,R_75,32410.4914,-1,3.124600000002829,BACKFILL_AUTO
2026-04-15 09:37:00,1776245820,R_75,32415.9336,1,5.442200000001321,BACKFILL_AUTO
2026-04-15 09:37:02,1776245822,R_75,32405.204,-1,10.729599999998754,BACKFILL_AUTO
2026-04-15 09:37:04,1776245824,R_75,32406.2684,1,1.0643999999992957,BACKFILL_AUTO
2026-04-15 09:37:06,1776245826,R_75,32407.8466,1,1.5781999999999243,BACKFILL_AUTO
2026-04-15 09:37:08,1776245828,R_75,32405.3527,-1,2.493900000001304,BACKFILL_AUTO
2026-04-15 09:37:10,1776245830,R_75,32401.7323,-1,3.6203999999997905,BACKFILL_AUTO
2026-04-15 09:37:12,1776245832,R_75,32408.0496,1,6.317299999998795,BACKFILL_AUTO
2026-04-15 09:37:14,1776245834,R_75,32404.771,-1,3.278599999997823,BACKFILL_AUTO
2026-04-15 09:37:16,1776245836,R_75,32402.7324,-1,2.0385999999998603,BACKFILL_AUTO
2026-04-15 09:37:18,1776245838,R_75,32395.6909,-1,7.04149999999936,BACKFILL_AUTO
2026-04-15 09:37:20,1776245840,R_75,32397.3482,1,1.6572999999989406,BACKFILL_AUTO
2026-04-15 09:37:22,1776245842,R_75,32393.4083,-1,3.9399000000012165,BACKFILL_AUTO
2026-04-15 09:37:24,1776245844,R_75,32398.6349,1,5.226600000001781,BACKFILL_AUTO
2026-04-15 09:37:26,1776245846,R_75,32406.7568,1,8.121899999998277,BACKFILL_AUTO
2026-04-15 09:37:28,1776245848,R_75,32412.3003,1,5.543499999999767,BACKFILL_AUTO
2026-04-15 09:37:30,1776245850,R_75,32401.4943,-1,10.806000000000495,BACKFILL_AUTO
2026-04-15 09:37:32,1776245852,R_75,32412.8998,1,11.405500000000757,BACKFILL_AUTO
2026-04-15 09:37:34,1776245854,R_75,32408.7166,-1,4.183199999999488,BACKFILL_AUTO
2026-04-15 09:37:36,1776245856,R_75,32419.4785,1,10.761900000001333,BACKFILL_AUTO
2026-04-15 09:37:38,1776245858,R_75,32418.7984,-1,0.6801000000014028,BACKFILL_AUTO
2026-04-15 09:37:40,1776245860,R_75,32423.147,1,4.34860000000117,BACKFILL_AUTO
2026-04-15 09:37:42,1776245862,R_75,32431.2201,1,8.073099999997794,BACKFILL_AUTO
2026-04-15 09:37:44,1776245864,R_75,32430.7455,-1,0.4745999999977357,BACKFILL_AUTO
2026-04-15 09:37:46,1776245866,R_75,32429.4269,-1,1.3186000000023341,BACKFILL_AUTO
2026-04-15 09:37:48,1776245868,R_75,32423.0341,-1,6.392799999997806,BACKFILL_AUTO
2026-04-15 09:37:50,1776245870,R_75,32414.0037,-1,9.030399999999645,BACKFILL_AUTO
2026-04-15 09:37:52,1776245872,R_75,32417.333,1,3.329299999997602,BACKFILL_AUTO
2026-04-15 09:37:54,1776245874,R_75,32418.8093,1,1.4763000000020838,BACKFILL_AUTO
2026-04-15 09:37:56,1776245876,R_75,32414.6331,-1,4.1762000000017,BACKFILL_AUTO
2026-04-15 09:37:58,1776245878,R_75,32422.4247,1,7.7916000000004715,BACKFILL_AUTO
2026-04-15 09:38:00,1776245880,R_75,32422.068,-1,0.3567000000002736,BACKFILL_AUTO
2026-04-15 09:38:02,1776245882,R_75,32425.7713,1,3.703300000001036,BACKFILL_AUTO
2026-04-15 09:38:04,1776245884,R_75,32419.1259,-1,6.645400000001246,BACKFILL_AUTO
2026-04-15 09:38:06,1776245886,R_75,32424.4629,1,5.336999999999534,BACKFILL_AUTO
2026-04-15 09:38:08,1776245888,R_75,32419.7053,-1,4.757599999997183,BACKFILL_AUTO
2026-04-15 09:38:10,1776245890,R_75,32421.9685,1,2.263199999997596,BACKFILL_AUTO
2026-04-15 09:38:12,1776245892,R_75,32434.3057,1,12.337200000001758,BACKFILL_AUTO
2026-04-15 09:38:14,1776245894,R_75,32427.7003,-1,6.6054000000003725,BACKFILL_AUTO
2026-04-15 09:38:16,1776245896,R_75,32430.8751,1,3.174800000000687,BACKFILL_AUTO
2026-04-15 09:38:18,1776245898,R_75,32431.3323,1,0.45719999999710126,BACKFILL_AUTO
2026-04-15 09:38:20,1776245900,R_75,32434.2919,1,2.9596000000019558,BACKFILL_AUTO
2026-04-15 09:38:22,1776245902,R_75,32435.8532,1,1.5613000000012107,BACKFILL_AUTO
2026-04-15 09:38:24,1776245904,R_75,32431.649,-1,4.204200000000128,BACKFILL_AUTO
2026-04-15 09:38:26,1776245906,R_75,32433.4837,1,1.8346999999994296,BACKFILL_AUTO
2026-04-15 09:38:28,1776245908,R_75,32447.9748,1,14.491099999999278,BACKFILL_AUTO
2026-04-15 09:38:30,1776245910,R_75,32461.3799,1,13.405099999999948,BACKFILL_AUTO
2026-04-15 09:38:32,1776245912,R_75,32466.9337,1,5.553800000001502,BACKFILL_AUTO
2026-04-15 09:38:34,1776245914,R_75,32467.988,1,1.0542999999997846,BACKFILL_AUTO
2026-04-15 09:38:36,1776245916,R_75,32465.0745,-1,2.9135000000023865,BACKFILL_AUTO
2026-04-15 09:38:38,1776245918,R_75,32462.3983,-1,2.6761999999980617,BACKFILL_AUTO
2026-04-15 09:38:40,1776245920,R_75,32463.3412,1,0.9428999999981897,BACKFILL_AUTO
2026-04-15 09:38:42,1776245922,R_75,32458.8195,-1,4.521699999997509,BACKFILL_AUTO
2026-04-15 09:38:44,1776245924,R_75,32455.8418,-1,2.9777000000030966,BACKFILL_AUTO
2026-04-15 09:38:46,1776245926,R_75,32446.3463,-1,9.495499999997264,BACKFILL_AUTO
2026-04-15 09:38:48,1776245928,R_75,32439.618,-1,6.728300000002491,BACKFILL_AUTO
2026-04-15 09:38:50,1776245930,R_75,32443.928,1,4.31000000000131,BACKFILL_AUTO
2026-04-15 09:38:52,1776245932,R_75,32454.0855,1,10.157500000001164,BACKFILL_AUTO
2026-04-15 09:38:54,1776245934,R_75,32444.8,-1,9.285500000001775,BACKFILL_AUTO
2026-04-15 09:38:56,1776245936,R_75,32442.9431,-1,1.8568999999988591,BACKFILL_AUTO
2026-04-15 09:38:58,1776245938,R_75,32447.2088,1,4.265699999999924,BACKFILL_AUTO
2026-04-15 09:39:00,1776245940,R_75,32454.8439,1,7.635099999999511,BACKFILL_AUTO
2026-04-15 09:39:02,1776245942,R_75,32457.0013,1,2.1574000000000524,BACKFILL_AUTO
2026-04-15 09:39:04,1776245944,R_75,32462.296,1,5.2946999999985565,BACKFILL_AUTO
2026-04-15 09:39:06,1776245946,R_75,32471.2318,1,8.935800000002928,BACKFILL_AUTO
2026-04-15 09:39:08,1776245948,R_75,32471.0698,-1,0.16200000000026193,BACKFILL_AUTO
2026-04-15 09:39:10,1776245950,R_75,32466.7864,-1,4.283400000000256,BACKFILL_AUTO
2026-04-15 09:39:12,1776245952,R_75,32476.8384,1,10.05199999999968,BACKFILL_AUTO
2026-04-15 09:39:14,1776245954,R_75,32482.0835,1,5.245100000000093,BACKFILL_AUTO
2026-04-15 09:39:16,1776245956,R_75,32475.4112,-1,6.6723000000019965,BACKFILL_AUTO
2026-04-15 09:39:18,1776245958,R_75,32471.6462,-1,3.764999999999418,BACKFILL_AUTO
2026-04-15 09:39:20,1776245960,R_75,32474.4458,1,2.7996000000021013,BACKFILL_AUTO
2026-04-15 09:39:22,1776245962,R_75,32474.9516,1,0.5057999999989988,BACKFILL_AUTO
2026-04-15 09:39:24,1776245964,R_75,32470.4225,-1,4.529099999999744,BACKFILL_AUTO
2026-04-15 09:39:26,1776245966,R_75,32466.7159,-1,3.7066000000013446,BACKFILL_AUTO
2026-04-15 09:39:28,1776245968,R_75,32465.5302,-1,1.185699999998178,BACKFILL_AUTO
2026-04-15 09:39:30,1776245970,R_75,32462.7252,-1,2.805000000000291,BACKFILL_AUTO
2026-04-15 09:39:32,1776245972,R_75,32468.2824,1,5.557199999999284,BACKFILL_AUTO
2026-04-15 09:39:34,1776245974,R_75,32476.2169,1,7.934499999999389,BACKFILL_AUTO
2026-04-15 09:39:36,1776245976,R_75,32471.9514,-1,4.265499999997701,BACKFILL_AUTO
2026-04-15 09:39:38,1776245978,R_75,32462.8895,-1,9.061900000000605,BACKFILL_AUTO
2026-04-15 09:39:40,1776245980,R_75,32460.6265,-1,2.2630000000026484,BACKFILL_AUTO
2026-04-15 09:39:42,1776245982,R_75,32457.9309,-1,2.6955999999991036,BACKFILL_AUTO
2026-04-15 09:39:44,1776245984,R_75,32461.0356,1,3.104699999999866,BACKFILL_AUTO
2026-04-15 09:39:46,1776245986,R_75,32459.5385,-1,1.4971000000005006,BACKFILL_AUTO
2026-04-15 09:39:48,1776245988,R_75,32470.2571,1,10.718600000000151,BACKFILL_AUTO
2026-04-15 09:39:50,1776245990,R_75,32466.4751,-1,3.7819999999992433,BACKFILL_AUTO
2026-04-15 09:39:52,1776245992,R_75,32465.9488,-1,0.5263000000013562,BACKFILL_AUTO
2026-04-15 09:39:54,1776245994,R_75,32465.703,-1,0.24579999999696156,BACKFILL_AUTO
2026-04-15 09:39:56,1776245996,R_75,32462.9028,-1,2.800200000001496,BACKFILL_AUTO
2026-04-15 09:39:58,1776245998,R_75,32458.4836,-1,4.419200000000274,BACKFILL_AUTO
2026-04-15 09:40:00,1776246000,R_75,32465.4066,1,6.922999999998865,BACKFILL_AUTO
2026-04-15 09:40:02,1776246002,R_75,32466.7572,1,1.3506000000015774,BACKFILL_AUTO
2026-04-15 09:40:04,1776246004,R_75,32478.5773,1,11.82010000000082,BACKFILL_AUTO
2026-04-15 09:40:06,1776246006,R_75,32483.5652,1,4.9879000000000815,BACKFILL_AUTO
2026-04-15 09:40:08,1776246008,R_75,32472.6961,-1,10.86909999999989,BACKFILL_AUTO
2026-04-15 09:40:10,1776246010,R_75,32469.9639,-1,2.7322000000021944,BACKFILL_AUTO
2026-04-15 09:40:12,1776246012,R_75,32453.8769,-1,16.086999999999534,BACKFILL_AUTO
2026-04-15 09:40:14,1776246014,R_75,32451.1,-1,2.776900000000751,BACKFILL_AUTO
2026-04-15 09:40:16,1776246016,R_75,32451.8024,1,0.7024000000019441,BACKFILL_AUTO
2026-04-15 09:40:18,1776246018,R_75,32456.0712,1,4.268799999998009,BACKFILL_AUTO
2026-04-15 09:40:20,1776246020,R_75,32445.5548,-1,10.516399999996793,BACKFILL_AUTO
2026-04-15 09:40:22,1776246022,R_75,32445.7214,1,0.1665999999968335,BACKFILL_AUTO
2026-04-15 09:40:24,1776246024,R_75,32456.6077,1,10.886300000001938,BACKFILL_AUTO
2026-04-15 09:40:26,1776246026,R_75,32463.2767,1,6.66899999999805,BACKFILL_AUTO
2026-04-15 09:40:28,1776246028,R_75,32461.9762,-1,1.3004999999975553,BACKFILL_AUTO
2026-04-15 09:40:30,1776246030,R_75,32459.7954,-1,2.180800000001909,BACKFILL_AUTO
2026-04-15 09:40:32,1776246032,R_75,32454.7037,-1,5.091700000000856,BACKFILL_AUTO
2026-04-15 09:40:34,1776246034,R_75,32458.5163,1,3.8126000000011118,BACKFILL_AUTO
2026-04-15 09:40:36,1776246036,R_75,32460.3636,1,1.847300000001269,BACKFILL_AUTO
2026-04-15 09:40:38,1776246038,R_75,32461.5995,1,1.235899999999674,BACKFILL_AUTO
2026-04-15 09:40:40,1776246040,R_75,32468.8096,1,7.210100000000239,BACKFILL_AUTO
2026-04-15 09:40:42,1776246042,R_75,32465.8188,-1,2.990799999999581,BACKFILL_AUTO
2026-04-15 09:40:44,1776246044,R_75,32460.7109,-1,5.107900000002701,BACKFILL_AUTO
2026-04-15 09:40:46,1776246046,R_75,32476.0468,1,15.335900000001857,BACKFILL_AUTO
2026-04-15 09:40:48,1776246048,R_75,32477.0626,1,1.015800000001036,BACKFILL_AUTO
2026-04-15 09:40:50,1776246050,R_75,32468.6154,-1,8.44720000000234,BACKFILL_AUTO
2026-04-15 09:40:52,1776246052,R_75,32468.0943,-1,0.5210999999981141,BACKFILL_AUTO
2026-04-15 09:40:54,1776246054,R_75,32467.3934,-1,0.7008999999998196,BACKFILL_AUTO
2026-04-15 09:40:56,1776246056,R_75,32469.651,1,2.2576000000008207,BACKFILL_AUTO
2026-04-15 09:40:58,1776246058,R_75,32458.6356,-1,11.015400000000227,BACKFILL_AUTO
2026-04-15 09:41:00,1776246060,R_75,32461.0255,1,2.389899999998306,BACKFILL_AUTO
2026-04-15 09:41:02,1776246062,R_75,32457.8238,-1,3.2017000000014377,BACKFILL_AUTO
2026-04-15 09:41:04,1776246064,R_75,32456.4082,-1,1.4155999999966298,BACKFILL_AUTO
2026-04-15 09:41:06,1776246066,R_75,32450.1581,-1,6.250100000001112,BACKFILL_AUTO
2026-04-15 09:41:08,1776246068,R_75,32455.9275,1,5.769400000001042,BACKFILL_AUTO
2026-04-15 09:41:10,1776246070,R_75,32455.1132,-1,0.8143000000018219,BACKFILL_AUTO
2026-04-15 09:41:12,1776246072,R_75,32446.0873,-1,9.025900000000547,BACKFILL_AUTO
2026-04-15 09:41:14,1776246074,R_75,32452.5739,1,6.48660000000018,BACKFILL_AUTO
2026-04-15 09:41:16,1776246076,R_75,32452.1413,-1,0.43260000000009313,BACKFILL_AUTO
2026-04-15 09:41:18,1776246078,R_75,32458.5418,1,6.400499999999738,BACKFILL_AUTO
2026-04-15 09:41:20,1776246080,R_75,32450.7853,-1,7.756499999999505,BACKFILL_AUTO
2026-04-15 09:41:22,1776246082,R_75,32443.815,-1,6.9703000000008615,BACKFILL_AUTO
2026-04-15 09:41:24,1776246084,R_75,32437.3163,-1,6.498700000000099,BACKFILL_AUTO
2026-04-15 09:41:26,1776246086,R_75,32432.1206,-1,5.195700000000215,BACKFILL_AUTO
2026-04-15 09:41:28,1776246088,R_75,32430.231,-1,1.8895999999986088,BACKFILL_AUTO
2026-04-15 09:41:30,1776246090,R_75,32438.1688,1,7.937799999999697,BACKFILL_AUTO
2026-04-15 09:41:32,1776246092,R_75,32441.4033,1,3.234500000002299,BACKFILL_AUTO
2026-04-15 09:41:34,1776246094,R_75,32448.9389,1,7.535599999999249,BACKFILL_AUTO
2026-04-15 09:41:36,1776246096,R_75,32447.1334,-1,1.805500000002212,BACKFILL_AUTO
2026-04-15 09:41:38,1776246098,R_75,32455.3925,1,8.259100000002945,BACKFILL_AUTO
2026-04-15 09:41:40,1776246100,R_75,32457.7499,1,2.357399999997142,BACKFILL_AUTO
2026-04-15 09:41:42,1776246102,R_75,32454.9199,-1,2.8299999999981083,BACKFILL_AUTO
2026-04-15 09:41:44,1776246104,R_75,32460.5286,1,5.608700000000681,BACKFILL_AUTO
2026-04-15 09:41:46,1776246106,R_75,32448.6113,-1,11.917300000000978,BACKFILL_AUTO
2026-04-15 09:41:48,1776246108,R_75,32454.9038,1,6.292499999999563,BACKFILL_AUTO
2026-04-15 09:41:50,1776246110,R_75,32448.3219,-1,6.581900000001042,BACKFILL_AUTO
2026-04-15 09:41:52,1776246112,R_75,32446.2275,-1,2.0943999999981315,BACKFILL_AUTO
2026-04-15 09:41:54,1776246114,R_75,32452.249,1,6.021499999998923,BACKFILL_AUTO
2026-04-15 09:41:56,1776246116,R_75,32450.5784,-1,1.6706000000012864,BACKFILL_AUTO
2026-04-15 09:41:58,1776246118,R_75,32440.6836,-1,9.894799999998213,BACKFILL_AUTO
2026-04-15 09:42:00,1776246120,R_75,32436.1136,-1,4.569999999999709,BACKFILL_AUTO
2026-04-15 09:42:02,1776246122,R_75,32436.3911,1,0.2775000000001455,BACKFILL_AUTO
2026-04-15 09:42:04,1776246124,R_75,32437.7721,1,1.3809999999975844,BACKFILL_AUTO
2026-04-15 09:42:06,1776246126,R_75,32432.7566,-1,5.015499999997701,BACKFILL_AUTO
2026-04-15 09:42:08,1776246128,R_75,32428.5046,-1,4.2520000000004075,BACKFILL_AUTO
2026-04-15 09:42:10,1776246130,R_75,32422.7555,-1,5.749100000000908,BACKFILL_AUTO
2026-04-15 09:42:12,1776246132,R_75,32427.6947,1,4.93920000000071,BACKFILL_AUTO
2026-04-15 09:42:14,1776246134,R_75,32417.0151,-1,10.679599999999482,BACKFILL_AUTO
2026-04-15 09:42:16,1776246136,R_75,32425.386,1,8.370899999998073,BACKFILL_AUTO
2026-04-15 09:42:18,1776246138,R_75,32428.5171,1,3.131100000002334,BACKFILL_AUTO
2026-04-15 09:42:20,1776246140,R_75,32425.4939,-1,3.0231999999996333,BACKFILL_AUTO
2026-04-15 09:42:22,1776246142,R_75,32427.8664,1,2.3724999999976717,BACKFILL_AUTO
2026-04-15 09:42:24,1776246144,R_75,32422.4632,-1,5.403200000000652,BACKFILL_AUTO
2026-04-15 09:42:26,1776246146,R_75,32409.0662,-1,13.396999999997206,BACKFILL_AUTO
2026-04-15 09:42:28,1776246148,R_75,32407.55,-1,1.5162000000018452,BACKFILL_AUTO
2026-04-15 09:42:30,1776246150,R_75,32401.6292,-1,5.920799999999872,BACKFILL_AUTO
2026-04-15 09:42:32,1776246152,R_75,32398.1009,-1,3.5282999999981257,BACKFILL_AUTO
2026-04-15 09:42:34,1776246154,R_75,32393.43,-1,4.670900000000984,BACKFILL_AUTO
2026-04-15 09:42:36,1776246156,R_75,32391.0127,-1,2.417300000000978,BACKFILL_AUTO
2026-04-15 09:42:38,1776246158,R_75,32397.5906,1,6.577900000000227,BACKFILL_AUTO
2026-04-15 09:42:40,1776246160,R_75,32392.378,-1,5.212599999998929,BACKFILL_AUTO
2026-04-15 09:42:42,1776246162,R_75,32387.9507,-1,4.427299999999377,BACKFILL_AUTO
2026-04-15 09:42:44,1776246164,R_75,32400.7386,1,12.787899999999354,BACKFILL_AUTO
2026-04-15 09:42:46,1776246166,R_75,32397.1325,-1,3.606100000000879,BACKFILL_AUTO
2026-04-15 09:42:48,1776246168,R_75,32396.711,-1,0.42150000000037835,BACKFILL_AUTO
2026-04-15 09:42:50,1776246170,R_75,32403.0589,1,6.347900000000664,BACKFILL_AUTO
2026-04-15 09:42:52,1776246172,R_75,32397.5829,-1,5.4759999999987485,BACKFILL_AUTO
2026-04-15 09:42:54,1776246174,R_75,32394.025,-1,3.5578999999997905,BACKFILL_AUTO
2026-04-15 09:42:56,1776246176,R_75,32404.75,1,10.724999999998545,BACKFILL_AUTO
2026-04-15 09:42:58,1776246178,R_75,32395.0541,-1,9.695899999998801,BACKFILL_AUTO
2026-04-15 09:43:00,1776246180,R_75,32396.9008,1,1.8466999999982363,BACKFILL_AUTO
2026-04-15 09:43:02,1776246182,R_75,32404.3777,1,7.4769000000014785,BACKFILL_AUTO
2026-04-15 09:43:04,1776246184,R_75,32399.5676,-1,4.810100000002421,BACKFILL_AUTO
2026-04-15 09:43:06,1776246186,R_75,32399.7252,1,0.15760000000227592,BACKFILL_AUTO
2026-04-15 09:43:08,1776246188,R_75,32399.7099,-1,0.015299999999115244,BACKFILL_AUTO
2026-04-15 09:43:10,1776246190,R_75,32406.0813,1,6.371399999999994,BACKFILL_AUTO
2026-04-15 09:43:12,1776246192,R_75,32400.9657,-1,5.115600000000995,BACKFILL_AUTO
2026-04-15 09:43:14,1776246194,R_75,32398.0766,-1,2.889100000000326,BACKFILL_AUTO
2026-04-15 09:43:16,1776246196,R_75,32403.3188,1,5.242200000000594,BACKFILL_AUTO
2026-04-15 09:43:18,1776246198,R_75,32397.913,-1,5.405800000000454,BACKFILL_AUTO
2026-04-15 09:43:20,1776246200,R_75,32393.7054,-1,4.207600000001548,BACKFILL_AUTO
2026-04-15 09:43:22,1776246202,R_75,32388.4471,-1,5.258299999997689,BACKFILL_AUTO
2026-04-15 09:43:24,1776246204,R_75,32385.0659,-1,3.381199999999808,BACKFILL_AUTO
2026-04-15 09:43:26,1776246206,R_75,32385.2521,1,0.18620000000009895,BACKFILL_AUTO
2026-04-15 09:43:28,1776246208,R_75,32389.0695,1,3.817399999999907,BACKFILL_AUTO
2026-04-15 09:43:30,1776246210,R_75,32385.4967,-1,3.5728000000017346,BACKFILL_AUTO
2026-04-15 09:43:32,1776246212,R_75,32378.5353,-1,6.96140000000014,BACKFILL_AUTO
2026-04-15 09:43:34,1776246214,R_75,32370.4621,-1,8.073199999998906,BACKFILL_AUTO
2026-04-15 09:43:36,1776246216,R_75,32356.8249,-1,13.63720000000103,BACKFILL_AUTO
2026-04-15 09:43:38,1776246218,R_75,32357.8459,1,1.0210000000006403,BACKFILL_AUTO
2026-04-15 09:43:40,1776246220,R_75,32359.0651,1,1.219199999999546,BACKFILL_AUTO
2026-04-15 09:43:42,1776246222,R_75,32363.0971,1,4.031999999999243,BACKFILL_AUTO
2026-04-15 09:43:44,1776246224,R_75,32363.0064,-1,0.09070000000065193,BACKFILL_AUTO
2026-04-15 09:43:46,1776246226,R_75,32364.994,1,1.9876000000003842,BACKFILL_AUTO
2026-04-15 09:43:48,1776246228,R_75,32365.6527,1,0.6586999999999534,BACKFILL_AUTO
2026-04-15 09:43:50,1776246230,R_75,32362.0752,-1,3.577499999999418,BACKFILL_AUTO
2026-04-15 09:43:52,1776246232,R_75,32359.7237,-1,2.3515000000006694,BACKFILL_AUTO
2026-04-15 09:43:54,1776246234,R_75,32360.513,1,0.7893000000003667,BACKFILL_AUTO
2026-04-15 09:43:56,1776246236,R_75,32358.0214,-1,2.491599999997561,BACKFILL_AUTO
2026-04-15 09:43:58,1776246238,R_75,32364.1816,1,6.16019999999844,BACKFILL_AUTO
2026-04-15 09:44:00,1776246240,R_75,32376.5447,1,12.363099999998667,BACKFILL_AUTO
2026-04-15 09:44:02,1776246242,R_75,32379.9747,1,3.430000000000291,BACKFILL_AUTO
2026-04-15 09:44:04,1776246244,R_75,32380.5227,1,0.5480000000025029,BACKFILL_AUTO
2026-04-15 09:44:06,1776246246,R_75,32369.3805,-1,11.142200000002049,BACKFILL_AUTO
2026-04-15 09:44:08,1776246248,R_75,32362.6487,-1,6.731799999997747,BACKFILL_AUTO
2026-04-15 09:44:10,1776246250,R_75,32362.6778,1,0.029099999999743886,BACKFILL_AUTO
2026-04-15 09:44:12,1776246252,R_75,32356.3894,-1,6.288400000001275,BACKFILL_AUTO
2026-04-15 09:44:14,1776246254,R_75,32360.3947,1,4.005300000000716,BACKFILL_AUTO
2026-04-15 09:44:16,1776246256,R_75,32359.9641,-1,0.4305999999996857,BACKFILL_AUTO
2026-04-15 09:44:18,1776246258,R_75,32368.6412,1,8.677099999997154,BACKFILL_AUTO
2026-04-15 09:44:20,1776246260,R_75,32357.3917,-1,11.24949999999808,BACKFILL_AUTO
2026-04-15 09:44:22,1776246262,R_75,32349.5356,-1,7.856100000000879,BACKFILL_AUTO
2026-04-15 09:44:24,1776246264,R_75,32346.2483,-1,3.2872999999999593,BACKFILL_AUTO
2026-04-15 09:44:26,1776246266,R_75,32360.1643,1,13.916000000001077,BACKFILL_AUTO
2026-04-15 09:44:28,1776246268,R_75,32360.5033,1,0.3389999999999418,BACKFILL_AUTO
2026-04-15 09:44:30,1776246270,R_75,32360.9157,1,0.412400000001071,BACKFILL_AUTO
2026-04-15 09:44:32,1776246272,R_75,32353.6286,-1,7.287100000001374,BACKFILL_AUTO
2026-04-15 09:44:34,1776246274,R_75,32356.8073,1,3.17870000000039,BACKFILL_AUTO
2026-04-15 09:44:36,1776246276,R_75,32362.5004,1,5.693100000000413,BACKFILL_AUTO
2026-04-15 09:44:38,1776246278,R_75,32359.7904,-1,2.709999999999127,BACKFILL_AUTO
2026-04-15 09:44:40,1776246280,R_75,32366.8828,1,7.092399999997724,BACKFILL_AUTO
2026-04-15 09:44:42,1776246282,R_75,32360.677,-1,6.205799999999726,BACKFILL_AUTO
2026-04-15 09:44:44,1776246284,R_75,32368.1701,1,7.493099999999686,BACKFILL_AUTO
2026-04-15 09:44:46,1776246286,R_75,32366.0523,-1,2.1177999999999884,BACKFILL_AUTO
2026-04-15 09:44:48,1776246288,R_75,32369.4017,1,3.34939999999915,BACKFILL_AUTO
2026-04-15 09:44:50,1776246290,R_75,32370.2526,1,0.8509000000012747,BACKFILL_AUTO
2026-04-15 09:44:52,1776246292,R_75,32376.8257,1,6.573100000001432,BACKFILL_AUTO
2026-04-15 09:44:54,1776246294,R_75,32375.8549,-1,0.9708000000027823,BACKFILL_AUTO
2026-04-15 09:44:56,1776246296,R_75,32378.3539,1,2.4989999999997963,BACKFILL_AUTO
2026-04-15 09:44:58,1776246298,R_75,32378.4446,1,0.09070000000065193,BACKFILL_AUTO
2026-04-15 09:45:00,1776246300,R_75,32376.4719,-1,1.97269999999844,BACKFILL_AUTO
2026-04-15 09:45:02,1776246302,R_75,32368.2485,-1,8.223399999998946,BACKFILL_AUTO
2026-04-15 09:45:04,1776246304,R_75,32371.7234,1,3.474899999997433,BACKFILL_AUTO
2026-04-15 09:45:06,1776246306,R_75,32367.0081,-1,4.715299999999843,BACKFILL_AUTO
2026-04-15 09:45:08,1776246308,R_75,32370.0846,1,3.076499999999214,BACKFILL_AUTO
2026-04-15 09:45:10,1776246310,R_75,32362.8939,-1,7.190699999999197,BACKFILL_AUTO
2026-04-15 09:45:12,1776246312,R_75,32368.93,1,6.03610000000117,BACKFILL_AUTO
2026-04-15 09:45:14,1776246314,R_75,32373.031,1,4.1009999999987485,BACKFILL_AUTO
2026-04-15 09:45:16,1776246316,R_75,32367.6414,-1,5.389599999998609,BACKFILL_AUTO
2026-04-15 09:45:18,1776246318,R_75,32349.9,-1,17.741399999998976,BACKFILL_AUTO
2026-04-15 09:45:20,1776246320,R_75,32349.1532,-1,0.7468000000008033,BACKFILL_AUTO
2026-04-15 09:45:22,1776246322,R_75,32357.093,1,7.939800000000105,BACKFILL_AUTO
2026-04-15 09:45:24,1776246324,R_75,32359.2195,1,2.1264999999984866,BACKFILL_AUTO
2026-04-15 09:45:26,1776246326,R_75,32361.5246,1,2.305100000001403,BACKFILL_AUTO
2026-04-15 09:45:28,1776246328,R_75,32355.4966,-1,6.028000000002066,BACKFILL_AUTO
2026-04-15 09:45:30,1776246330,R_75,32342.7102,-1,12.78639999999723,BACKFILL_AUTO
2026-04-15 09:45:32,1776246332,R_75,32345.2335,1,2.523299999997107,BACKFILL_AUTO
2026-04-15 09:45:34,1776246334,R_75,32350.8638,1,5.630300000000716,BACKFILL_AUTO
2026-04-15 09:45:36,1776246336,R_75,32336.2734,-1,14.590400000000955,BACKFILL_AUTO
2026-04-15 09:45:38,1776246338,R_75,32333.8191,-1,2.454299999997602,BACKFILL_AUTO
2026-04-15 09:45:40,1776246340,R_75,32339.6126,1,5.793499999999767,BACKFILL_AUTO
2026-04-15 09:45:42,1776246342,R_75,32335.9479,-1,3.664700000001176,BACKFILL_AUTO
2026-04-15 09:45:44,1776246344,R_75,32335.4069,-1,0.5409999999974389,BACKFILL_AUTO
2026-04-15 09:45:46,1776246346,R_75,32332.8426,-1,2.564300000001822,BACKFILL_AUTO
2026-04-15 09:45:48,1776246348,R_75,32323.9135,-1,8.929100000001199,BACKFILL_AUTO
2026-04-15 09:45:50,1776246350,R_75,32316.5139,-1,7.399599999997008,BACKFILL_AUTO
2026-04-15 09:45:52,1776246352,R_75,32318.2921,1,1.778199999997014,BACKFILL_AUTO
2026-04-15 09:45:54,1776246354,R_75,32330.3481,1,12.056000000000495,BACKFILL_AUTO
2026-04-15 09:45:56,1776246356,R_75,32331.1534,1,0.8052999999999884,BACKFILL_AUTO
2026-04-15 09:45:58,1776246358,R_75,32337.3505,1,6.197100000001228,BACKFILL_AUTO
2026-04-15 09:46:00,1776246360,R_75,32336.0002,-1,1.35030000000188,BACKFILL_AUTO
2026-04-15 09:46:02,1776246362,R_75,32328.3273,-1,7.672899999997753,BACKFILL_AUTO
2026-04-15 09:46:04,1776246364,R_75,32332.5681,1,4.240799999999581,BACKFILL_AUTO
2026-04-15 09:46:06,1776246366,R_75,32340.6166,1,8.048500000000786,BACKFILL_AUTO
2026-04-15 09:46:08,1776246368,R_75,32333.4068,-1,7.209800000000541,BACKFILL_AUTO
2026-04-15 09:46:10,1776246370,R_75,32335.7292,1,2.3224000000009255,BACKFILL_AUTO
2026-04-15 09:46:12,1776246372,R_75,32335.1554,-1,0.5738000000019383,BACKFILL_AUTO
2026-04-15 09:46:14,1776246374,R_75,32336.0167,1,0.8613000000004831,BACKFILL_AUTO
2026-04-15 09:46:16,1776246376,R_75,32336.8579,1,0.8411999999989348,BACKFILL_AUTO
2026-04-15 09:46:18,1776246378,R_75,32329.5266,-1,7.331299999998009,BACKFILL_AUTO
2026-04-15 09:46:20,1776246380,R_75,32344.8798,1,15.353199999997742,BACKFILL_AUTO
2026-04-15 09:46:22,1776246382,R_75,32345.4548,1,0.5750000000007276,BACKFILL_AUTO
2026-04-15 09:46:24,1776246384,R_75,32344.4667,-1,0.988099999998667,BACKFILL_AUTO
2026-04-15 09:46:26,1776246386,R_75,32338.9765,-1,5.490200000000186,BACKFILL_AUTO
2026-04-15 09:46:28,1776246388,R_75,32340.9166,1,1.940099999999802,BACKFILL_AUTO
2026-04-15 09:46:30,1776246390,R_75,32336.4459,-1,4.470700000001671,BACKFILL_AUTO
2026-04-15 09:46:32,1776246392,R_75,32327.6626,-1,8.783299999999144,BACKFILL_AUTO
2026-04-15 09:46:34,1776246394,R_75,32322.5798,-1,5.082800000000134,BACKFILL_AUTO
2026-04-15 09:46:36,1776246396,R_75,32327.9546,1,5.3748000000014144,BACKFILL_AUTO
2026-04-15 09:46:38,1776246398,R_75,32331.1554,1,3.200799999998708,BACKFILL_AUTO
2026-04-15 09:46:40,1776246400,R_75,32331.0988,-1,0.056599999999889405,BACKFILL_AUTO
2026-04-15 09:46:42,1776246402,R_75,32325.999,-1,5.099799999999959,BACKFILL_AUTO
2026-04-15 09:46:44,1776246404,R_75,32334.2847,1,8.28570000000036,BACKFILL_AUTO
2026-04-15 09:46:46,1776246406,R_75,32330.8183,-1,3.4664000000011583,BACKFILL_AUTO
2026-04-15 09:46:48,1776246408,R_75,32333.1789,1,2.3605999999999767,BACKFILL_AUTO
2026-04-15 09:46:50,1776246410,R_75,32338.5468,1,5.3679000000011,BACKFILL_AUTO
2026-04-15 09:46:52,1776246412,R_75,32335.507,-1,3.0397999999986496,BACKFILL_AUTO
2026-04-15 09:46:54,1776246414,R_75,32336.5975,1,1.0904999999984284,BACKFILL_AUTO
2026-04-15 09:46:56,1776246416,R_75,32335.1731,-1,1.4243999999998778,BACKFILL_AUTO
2026-04-15 09:46:58,1776246418,R_75,32328.1545,-1,7.018599999999424,BACKFILL_AUTO
2026-04-15 09:47:00,1776246420,R_75,32335.9146,1,7.760099999999511,BACKFILL_AUTO
2026-04-15 09:47:02,1776246422,R_75,32339.0288,1,3.1141999999999825,BACKFILL_AUTO
2026-04-15 09:47:04,1776246424,R_75,32339.4295,1,0.4006999999983236,BACKFILL_AUTO
2026-04-15 09:47:06,1776246426,R_75,32340.9836,1,1.554100000001199,BACKFILL_AUTO
2026-04-15 09:47:08,1776246428,R_75,32340.4217,-1,0.5619000000006054,BACKFILL_AUTO
2026-04-15 09:47:10,1776246430,R_75,32339.4989,-1,0.9228000000002794,BACKFILL_AUTO
2026-04-15 09:47:12,1776246432,R_75,32345.0024,1,5.503500000002532,BACKFILL_AUTO
2026-04-15 09:47:14,1776246434,R_75,32348.1863,1,3.183899999999994,BACKFILL_AUTO
2026-04-15 09:47:16,1776246436,R_75,32340.3567,-1,7.829600000000937,BACKFILL_AUTO
2026-04-15 09:47:18,1776246438,R_75,32344.2553,1,3.8986000000004424,BACKFILL_AUTO
2026-04-15 09:47:20,1776246440,R_75,32339.0596,-1,5.195700000000215,BACKFILL_AUTO
2026-04-15 09:47:22,1776246442,R_75,32347.7089,1,8.649300000000949,BACKFILL_AUTO
2026-04-15 09:47:24,1776246444,R_75,32347.4185,-1,0.2904000000016822,BACKFILL_AUTO
2026-04-15 09:47:26,1776246446,R_75,32344.1584,-1,3.260099999999511,BACKFILL_AUTO
2026-04-15 09:47:28,1776246448,R_75,32351.0421,1,6.883699999998498,BACKFILL_AUTO
2026-04-15 09:47:30,1776246450,R_75,32350.5813,-1,0.4607999999971071,BACKFILL_AUTO
2026-04-15 09:47:32,1776246452,R_75,32353.5518,1,2.970499999999447,BACKFILL_AUTO
2026-04-15 09:47:34,1776246454,R_75,32352.109,-1,1.442800000000716,BACKFILL_AUTO
2026-04-15 09:47:36,1776246456,R_75,32352.0151,-1,0.09389999999984866,BACKFILL_AUTO
2026-04-15 09:47:38,1776246458,R_75,32352.1519,1,0.1368000000002212,BACKFILL_AUTO
2026-04-15 09:47:40,1776246460,R_75,32367.8224,1,15.670500000000175,BACKFILL_AUTO
2026-04-15 09:47:42,1776246462,R_75,32365.0165,-1,2.805899999999383,BACKFILL_AUTO
2026-04-15 09:47:44,1776246464,R_75,32363.2116,-1,1.8049000000028173,BACKFILL_AUTO
2026-04-15 09:47:46,1776246466,R_75,32366.0221,1,2.8104999999995925,BACKFILL_AUTO
2026-04-15 09:47:48,1776246468,R_75,32352.9247,-1,13.097399999998743,BACKFILL_AUTO
2026-04-15 09:47:50,1776246470,R_75,32357.7956,1,4.870900000001711,BACKFILL_AUTO
2026-04-15 09:47:52,1776246472,R_75,32366.2169,1,8.421299999998155,BACKFILL_AUTO
2026-04-15 09:47:54,1776246474,R_75,32369.8916,1,3.674699999999575,BACKFILL_AUTO
2026-04-15 09:47:56,1776246476,R_75,32365.5809,-1,4.310699999998178,BACKFILL_AUTO
2026-04-15 09:47:58,1776246478,R_75,32369.5955,1,4.014599999998609,BACKFILL_AUTO
2026-04-15 09:48:00,1776246480,R_75,32372.6583,1,3.0627999999996973,BACKFILL_AUTO
2026-04-15 09:48:02,1776246482,R_75,32362.4502,-1,10.208099999999831,BACKFILL_AUTO
2026-04-15 09:48:04,1776246484,R_75,32366.9008,1,4.450600000000122,BACKFILL_AUTO
2026-04-15 09:48:06,1776246486,R_75,32356.8933,-1,10.007499999999709,BACKFILL_AUTO
2026-04-15 09:48:08,1776246488,R_75,32352.3041,-1,4.589199999998527,BACKFILL_AUTO
2026-04-15 09:48:10,1776246490,R_75,32348.9745,-1,3.329600000000937,BACKFILL_AUTO
2026-04-15 09:48:12,1776246492,R_75,32351.2647,1,2.2901999999994587,BACKFILL_AUTO
2026-04-15 09:48:14,1776246494,R_75,32350.828,-1,0.4366999999983818,BACKFILL_AUTO
2026-04-15 09:48:16,1776246496,R_75,32347.741,-1,3.0869999999995343,BACKFILL_AUTO
2026-04-15 09:48:18,1776246498,R_75,32353.7084,1,5.967399999997724,BACKFILL_AUTO
2026-04-15 09:48:20,1776246500,R_75,32352.8711,-1,0.8372999999992317,BACKFILL_AUTO
2026-04-15 09:48:22,1776246502,R_75,32352.2103,-1,0.6608000000014727,BACKFILL_AUTO
2026-04-15 09:48:24,1776246504,R_75,32357.5962,1,5.385900000001129,BACKFILL_AUTO
2026-04-15 09:48:26,1776246506,R_75,32357.4618,-1,0.13439999999900465,BACKFILL_AUTO
2026-04-15 09:48:28,1776246508,R_75,32353.7714,-1,3.6903999999994994,BACKFILL_AUTO
2026-04-15 09:48:30,1776246510,R_75,32360.9471,1,7.175699999999779,BACKFILL_AUTO
2026-04-15 09:48:32,1776246512,R_75,32369.1635,1,8.21639999999752,BACKFILL_AUTO
2026-04-15 09:48:34,1776246514,R_75,32367.988,-1,1.1754999999975553,BACKFILL_AUTO
2026-04-15 09:48:36,1776246516,R_75,32362.6575,-1,5.330500000000029,BACKFILL_AUTO
2026-04-15 09:48:38,1776246518,R_75,32370.8897,1,8.232199999998556,BACKFILL_AUTO
2026-04-15 09:48:40,1776246520,R_75,32363.1088,-1,7.780899999997928,BACKFILL_AUTO
2026-04-15 09:48:42,1776246522,R_75,32355.5958,-1,7.5130000000026484,BACKFILL_AUTO
2026-04-15 09:48:44,1776246524,R_75,32347.506,-1,8.089799999997922,BACKFILL_AUTO
2026-04-15 09:48:46,1776246526,R_75,32345.2628,-1,2.2432000000007974,BACKFILL_AUTO
2026-04-15 09:48:48,1776246528,R_75,32351.2615,1,5.998700000000099,BACKFILL_AUTO
2026-04-15 09:48:50,1776246530,R_75,32348.7437,-1,2.5178000000014435,BACKFILL_AUTO
2026-04-15 09:48:52,1776246532,R_75,32347.0005,-1,1.7432000000007974,BACKFILL_AUTO
2026-04-15 09:48:54,1776246534,R_75,32346.2608,-1,0.7396999999982654,BACKFILL_AUTO
2026-04-15 09:48:56,1776246536,R_75,32339.0274,-1,7.233400000000984,BACKFILL_AUTO
2026-04-15 09:48:58,1776246538,R_75,32341.4426,1,2.4151999999994587,BACKFILL_AUTO
2026-04-15 09:49:00,1776246540,R_75,32345.9597,1,4.517100000000937,BACKFILL_AUTO
2026-04-15 09:49:02,1776246542,R_75,32350.536,1,4.576300000000629,BACKFILL_AUTO
2026-04-15 09:49:04,1776246544,R_75,32338.2289,-1,12.30710000000181,BACKFILL_AUTO
2026-04-15 09:49:06,1776246546,R_75,32331.5036,-1,6.725299999998242,BACKFILL_AUTO
2026-04-15 09:49:08,1776246548,R_75,32324.7914,-1,6.712200000001758,BACKFILL_AUTO
2026-04-15 09:49:10,1776246550,R_75,32325.4958,1,0.7044000000023516,BACKFILL_AUTO
2026-04-15 09:49:12,1776246552,R_75,32322.8704,-1,2.625400000000809,BACKFILL_AUTO
2026-04-15 09:49:14,1776246554,R_75,32313.6613,-1,9.209100000000035,BACKFILL_AUTO
2026-04-15 09:49:16,1776246556,R_75,32308.051,-1,5.610300000000279,BACKFILL_AUTO
2026-04-15 09:49:18,1776246558,R_75,32314.7117,1,6.660700000000361,BACKFILL_AUTO
2026-04-15 09:49:20,1776246560,R_75,32304.6854,-1,10.026300000001356,BACKFILL_AUTO
2026-04-15 09:49:22,1776246562,R_75,32303.7531,-1,0.9322999999967578,BACKFILL_AUTO
2026-04-15 09:49:24,1776246564,R_75,32313.4076,1,9.654499999996915,BACKFILL_AUTO
2026-04-15 09:49:26,1776246566,R_75,32307.639,-1,5.768599999999424,BACKFILL_AUTO
2026-04-15 09:49:28,1776246568,R_75,32317.3845,1,9.745500000000902,BACKFILL_AUTO
2026-04-15 09:49:30,1776246570,R_75,32315.8178,-1,1.5666999999994005,BACKFILL_AUTO
2026-04-15 09:49:32,1776246572,R_75,32312.5994,-1,3.218400000001566,BACKFILL_AUTO
2026-04-15 09:49:34,1776246574,R_75,32316.5658,1,3.9664000000011583,BACKFILL_AUTO
2026-04-15 09:49:36,1776246576,R_75,32308.3715,-1,8.194299999999203,BACKFILL_AUTO
2026-04-15 09:49:38,1776246578,R_75,32320.7221,1,12.35059999999794,BACKFILL_AUTO
2026-04-15 09:49:40,1776246580,R_75,32329.1879,1,8.465800000001764,BACKFILL_AUTO
2026-04-15 09:49:42,1776246582,R_75,32331.1627,1,1.9747999999999593,BACKFILL_AUTO
2026-04-15 09:49:44,1776246584,R_75,32335.3541,1,4.191399999999703,BACKFILL_AUTO
2026-04-15 09:49:46,1776246586,R_75,32346.2294,1,10.875299999999697,BACKFILL_AUTO
2026-04-15 09:49:48,1776246588,R_75,32340.4135,-1,5.81590000000142,BACKFILL_AUTO
2026-04-15 09:49:50,1776246590,R_75,32331.6184,-1,8.795099999999366,BACKFILL_AUTO
2026-04-15 09:49:52,1776246592,R_75,32321.2279,-1,10.3904999999977,BACKFILL_AUTO
2026-04-15 09:49:54,1776246594,R_75,32323.5387,1,2.31079999999929,BACKFILL_AUTO
2026-04-15 09:49:56,1776246596,R_75,32319.1088,-1,4.429899999999179,BACKFILL_AUTO
2026-04-15 09:49:58,1776246598,R_75,32310.6036,-1,8.505200000003242,BACKFILL_AUTO
2026-04-15 09:50:00,1776246600,R_75,32313.5315,1,2.92790000000241,BACKFILL_AUTO
2026-04-15 09:50:02,1776246602,R_75,32321.6915,1,8.159999999999854,BACKFILL_AUTO
2026-04-15 09:50:04,1776246604,R_75,32332.954,1,11.262500000000728,BACKFILL_AUTO
2026-04-15 09:50:06,1776246606,R_75,32335.0933,1,2.1392999999989115,BACKFILL_AUTO
2026-04-15 09:50:08,1776246608,R_75,32348.0638,1,12.970499999999447,BACKFILL_AUTO
2026-04-15 09:50:10,1776246610,R_75,32342.4191,-1,5.644700000000739,BACKFILL_AUTO
2026-04-15 09:50:12,1776246612,R_75,32330.4738,-1,11.945299999999406,BACKFILL_AUTO
2026-04-15 09:50:14,1776246614,R_75,32327.9864,-1,2.4873999999981606,BACKFILL_AUTO
2026-04-15 09:50:16,1776246616,R_75,32322.9586,-1,5.027799999999843,BACKFILL_AUTO
2026-04-15 09:50:18,1776246618,R_75,32310.4412,-1,12.517400000000634,BACKFILL_AUTO
2026-04-15 09:50:20,1776246620,R_75,32311.8221,1,1.3809000000001106,BACKFILL_AUTO
2026-04-15 09:50:22,1776246622,R_75,32316.5286,1,4.706500000000233,BACKFILL_AUTO
2026-04-15 09:50:24,1776246624,R_75,32306.078,-1,10.450600000000122,BACKFILL_AUTO
2026-04-15 09:50:26,1776246626,R_75,32314.8235,1,8.745499999997264,BACKFILL_AUTO
2026-04-15 09:50:28,1776246628,R_75,32298.9032,-1,15.920299999997951,BACKFILL_AUTO
2026-04-15 09:50:30,1776246630,R_75,32312.2463,1,13.34309999999823,BACKFILL_AUTO
2026-04-15 09:50:32,1776246632,R_75,32308.7429,-1,3.5033999999977823,BACKFILL_AUTO
2026-04-15 09:50:34,1776246634,R_75,32314.1982,1,5.455299999997806,BACKFILL_AUTO
2026-04-15 09:50:36,1776246636,R_75,32311.1651,-1,3.033100000000559,BACKFILL_AUTO
2026-04-15 09:50:38,1776246638,R_75,32311.5028,1,0.33770000000004075,BACKFILL_AUTO
2026-04-15 09:50:40,1776246640,R_75,32317.9631,1,6.460300000002462,BACKFILL_AUTO
2026-04-15 09:50:42,1776246642,R_75,32315.8245,-1,2.138600000002043,BACKFILL_AUTO
2026-04-15 09:50:44,1776246644,R_75,32312.0062,-1,3.818299999998999,BACKFILL_AUTO
2026-04-15 09:50:46,1776246646,R_75,32309.936,-1,2.0701999999982945,BACKFILL_AUTO
2026-04-15 09:50:48,1776246648,R_75,32304.2262,-1,5.709800000000541,BACKFILL_AUTO
2026-04-15 09:50:50,1776246650,R_75,32297.9714,-1,6.254800000002433,BACKFILL_AUTO
2026-04-15 09:50:52,1776246652,R_75,32294.2768,-1,3.6945999999989,BACKFILL_AUTO
2026-04-15 09:50:54,1776246654,R_75,32282.6207,-1,11.656100000000151,BACKFILL_AUTO
2026-04-15 09:50:56,1776246656,R_75,32297.2987,1,14.677999999999884,BACKFILL_AUTO
2026-04-15 09:50:58,1776246658,R_75,32295.8386,-1,1.4601000000002387,BACKFILL_AUTO
2026-04-15 09:51:00,1776246660,R_75,32291.9266,-1,3.912000000000262,BACKFILL_AUTO
2026-04-15 09:51:02,1776246662,R_75,32295.6386,1,3.7119999999995343,BACKFILL_AUTO
2026-04-15 09:51:04,1776246664,R_75,32298.2764,1,2.637800000000425,BACKFILL_AUTO
2026-04-15 09:51:06,1776246666,R_75,32296.9498,-1,1.326600000000326,BACKFILL_AUTO
2026-04-15 09:51:08,1776246668,R_75,32286.937,-1,10.012799999996787,BACKFILL_AUTO
2026-04-15 09:51:10,1776246670,R_75,32282.5749,-1,4.362100000002101,BACKFILL_AUTO
2026-04-15 09:51:12,1776246672,R_75,32278.3061,-1,4.268799999998009,BACKFILL_AUTO
2026-04-15 09:51:14,1776246674,R_75,32280.7019,1,2.3957999999984168,BACKFILL_AUTO
2026-04-15 09:51:16,1776246676,R_75,32284.4643,1,3.762399999999616,BACKFILL_AUTO
2026-04-15 09:51:18,1776246678,R_75,32273.4561,-1,11.008200000000215,BACKFILL_AUTO
2026-04-15 09:51:20,1776246680,R_75,32280.4487,1,6.992600000001403,BACKFILL_AUTO
2026-04-15 09:51:22,1776246682,R_75,32283.7682,1,3.319499999997788,BACKFILL_AUTO
2026-04-15 09:51:24,1776246684,R_75,32285.5504,1,1.7822000000014668,BACKFILL_AUTO
2026-04-15 09:51:26,1776246686,R_75,32287.695,1,2.1445999999996275,BACKFILL_AUTO
2026-04-15 09:51:28,1776246688,R_75,32290.8698,1,3.174800000000687,BACKFILL_AUTO
2026-04-15 09:51:30,1776246690,R_75,32290.2079,-1,0.6618999999991502,BACKFILL_AUTO
2026-04-15 09:51:32,1776246692,R_75,32290.87,1,0.6620999999977357,BACKFILL_AUTO
2026-04-15 09:51:34,1776246694,R_75,32301.2176,1,10.347600000000966,BACKFILL_AUTO
2026-04-15 09:51:36,1776246696,R_75,32295.2495,-1,5.9680999999982305,BACKFILL_AUTO
2026-04-15 09:51:38,1776246698,R_75,32297.4883,1,2.2387999999991735,BACKFILL_AUTO
2026-04-15 09:51:40,1776246700,R_75,32287.483,-1,10.005300000000716,BACKFILL_AUTO
2026-04-15 09:51:42,1776246702,R_75,32294.4643,1,6.9812999999994645,BACKFILL_AUTO
2026-04-15 09:51:44,1776246704,R_75,32292.0309,-1,2.4333999999980733,BACKFILL_AUTO
2026-04-15 09:51:46,1776246706,R_75,32290.5616,-1,1.4693000000006577,BACKFILL_AUTO
2026-04-15 09:51:48,1776246708,R_75,32300.6888,1,10.127199999998993,BACKFILL_AUTO
2026-04-15 09:51:50,1776246710,R_75,32305.4311,1,4.7423000000017055,BACKFILL_AUTO
2026-04-15 09:51:52,1776246712,R_75,32308.028,1,2.596899999996822,BACKFILL_AUTO
2026-04-15 09:51:54,1776246714,R_75,32314.4719,1,6.4439000000020314,BACKFILL_AUTO
2026-04-15 09:51:56,1776246716,R_75,32307.9857,-1,6.486199999999371,BACKFILL_AUTO
2026-04-15 09:51:58,1776246718,R_75,32308.5446,1,0.5588999999999942,BACKFILL_AUTO
2026-04-15 09:52:00,1776246720,R_75,32314.1237,1,5.579099999999016,BACKFILL_AUTO
2026-04-15 09:52:02,1776246722,R_75,32320.6867,1,6.562999999998283,BACKFILL_AUTO
2026-04-15 09:52:04,1776246724,R_75,32322.2468,1,1.5601000000024214,BACKFILL_AUTO
2026-04-15 09:52:06,1776246726,R_75,32329.2338,1,6.9870000000009895,BACKFILL_AUTO
2026-04-15 09:52:08,1776246728,R_75,32331.6621,1,2.428299999999581,BACKFILL_AUTO
2026-04-15 09:52:10,1776246730,R_75,32332.9946,1,1.3325000000004366,BACKFILL_AUTO
2026-04-15 09:52:12,1776246732,R_75,32340.2357,1,7.241099999999278,BACKFILL_AUTO
2026-04-15 09:52:14,1776246734,R_75,32336.8473,-1,3.3883999999998196,BACKFILL_AUTO
2026-04-15 09:52:16,1776246736,R_75,32340.9674,1,4.120100000000093,BACKFILL_AUTO
2026-04-15 09:52:18,1776246738,R_75,32334.7416,-1,6.225800000000163,BACKFILL_AUTO
2026-04-15 09:52:20,1776246740,R_75,32335.01,1,0.2683999999972002,BACKFILL_AUTO
2026-04-15 09:52:22,1776246742,R_75,32332.0861,-1,2.923899999997957,BACKFILL_AUTO
2026-04-15 09:52:24,1776246744,R_75,32335.2906,1,3.2044999999998254,BACKFILL_AUTO
2026-04-15 09:52:26,1776246746,R_75,32333.6837,-1,1.6068999999988591,BACKFILL_AUTO
2026-04-15 09:52:28,1776246748,R_75,32336.8797,1,3.1959999999999127,BACKFILL_AUTO
2026-04-15 09:52:30,1776246750,R_75,32330.689,-1,6.190700000002835,BACKFILL_AUTO
2026-04-15 09:52:32,1776246752,R_75,32331.4018,1,0.7128000000011525,BACKFILL_AUTO
2026-04-15 09:52:34,1776246754,R_75,32329.673,-1,1.7288000000007742,BACKFILL_AUTO
2026-04-15 09:52:36,1776246756,R_75,32331.8147,1,2.141700000000128,BACKFILL_AUTO
2026-04-15 09:52:38,1776246758,R_75,32343.1787,1,11.364000000001397,BACKFILL_AUTO
2026-04-15 09:52:40,1776246760,R_75,32343.9959,1,0.8172000000013213,BACKFILL_AUTO
2026-04-15 09:52:42,1776246762,R_75,32333.6542,-1,10.341700000000856,BACKFILL_AUTO
2026-04-15 09:52:44,1776246764,R_75,32331.6313,-1,2.022899999999936,BACKFILL_AUTO
2026-04-15 09:52:46,1776246766,R_75,32322.7171,-1,8.914199999999255,BACKFILL_AUTO
2026-04-15 09:52:48,1776246768,R_75,32328.3026,1,5.58549999999741,BACKFILL_AUTO
2026-04-15 09:52:50,1776246770,R_75,32338.5515,1,10.248900000002322,BACKFILL_AUTO
2026-04-15 09:52:52,1776246772,R_75,32330.246,-1,8.305500000002212,BACKFILL_AUTO
2026-04-15 09:52:54,1776246774,R_75,32324.3431,-1,5.902900000000955,BACKFILL_AUTO
2026-04-15 09:52:56,1776246776,R_75,32322.4747,-1,1.868399999999383,BACKFILL_AUTO
2026-04-15 09:52:58,1776246778,R_75,32326.0908,1,3.616100000002916,BACKFILL_AUTO
2026-04-15 09:53:00,1776246780,R_75,32326.5116,1,0.42079999999987194,BACKFILL_AUTO
2026-04-15 09:53:02,1776246782,R_75,32343.2608,1,16.749199999998382,BACKFILL_AUTO
2026-04-15 09:53:04,1776246784,R_75,32348.4629,1,5.202099999998609,BACKFILL_AUTO
2026-04-15 09:53:06,1776246786,R_75,32348.4247,-1,0.038199999999051215,BACKFILL_AUTO
2026-04-15 09:53:08,1776246788,R_75,32355.0457,1,6.620999999999185,BACKFILL_AUTO
2026-04-15 09:53:10,1776246790,R_75,32358.5198,1,3.474099999999453,BACKFILL_AUTO
2026-04-15 09:53:12,1776246792,R_75,32364.8066,1,6.286800000001676,BACKFILL_AUTO
2026-04-15 09:53:14,1776246794,R_75,32362.4934,-1,2.3132000000005064,BACKFILL_AUTO
2026-04-15 09:53:16,1776246796,R_75,32365.6712,1,3.177800000001298,BACKFILL_AUTO
2026-04-15 09:53:18,1776246798,R_75,32353.8199,-1,11.851300000002084,BACKFILL_AUTO
2026-04-15 09:53:20,1776246800,R_75,32350.5695,-1,3.250399999997171,BACKFILL_AUTO
2026-04-15 09:53:22,1776246802,R_75,32355.0405,1,4.47099999999773,BACKFILL_AUTO
2026-04-15 09:53:24,1776246804,R_75,32353.9625,-1,1.0779999999977008,BACKFILL_AUTO
2026-04-15 09:53:26,1776246806,R_75,32357.9459,1,3.9833999999973457,BACKFILL_AUTO
2026-04-15 09:53:28,1776246808,R_75,32359.5801,1,1.634200000000419,BACKFILL_AUTO
2026-04-15 09:53:30,1776246810,R_75,32354.2644,-1,5.315699999999197,BACKFILL_AUTO
2026-04-15 09:53:32,1776246812,R_75,32349.0241,-1,5.240300000001298,BACKFILL_AUTO
2026-04-15 09:53:34,1776246814,R_75,32359.5787,1,10.554599999999482,BACKFILL_AUTO
2026-04-15 09:53:36,1776246816,R_75,32349.5607,-1,10.017999999996391,BACKFILL_AUTO
2026-04-15 09:53:38,1776246818,R_75,32352.9593,1,3.3985999999968044,BACKFILL_AUTO
2026-04-15 09:53:40,1776246820,R_75,32355.1413,1,2.1820000000006985,BACKFILL_AUTO
2026-04-15 09:53:42,1776246822,R_75,32351.7255,-1,3.4157999999988533,BACKFILL_AUTO
2026-04-15 09:53:44,1776246824,R_75,32367.791,1,16.06550000000061,BACKFILL_AUTO
2026-04-15 09:53:46,1776246826,R_75,32367.0076,-1,0.7834000000002561,BACKFILL_AUTO
2026-04-15 09:53:48,1776246828,R_75,32364.1834,-1,2.8241999999991094,BACKFILL_AUTO
2026-04-15 09:53:50,1776246830,R_75,32361.2083,-1,2.9751000000032946,BACKFILL_AUTO
2026-04-15 09:53:52,1776246832,R_75,32364.9343,1,3.7260000000023865,BACKFILL_AUTO
2026-04-15 09:53:54,1776246834,R_75,32366.4567,1,1.5223999999980151,BACKFILL_AUTO
2026-04-15 09:53:56,1776246836,R_75,32362.7444,-1,3.7122999999992317,BACKFILL_AUTO
2026-04-15 09:53:58,1776246838,R_75,32360.7801,-1,1.9642999999996391,BACKFILL_AUTO
2026-04-15 09:54:00,1776246840,R_75,32358.8233,-1,1.9567999999999302,BACKFILL_AUTO
2026-04-15 09:54:02,1776246842,R_75,32355.0748,-1,3.7485000000015134,BACKFILL_AUTO
2026-04-15 09:54:04,1776246844,R_75,32345.2296,-1,9.84519999999975,BACKFILL_AUTO
2026-04-15 09:54:06,1776246846,R_75,32334.629,-1,10.60059999999794,BACKFILL_AUTO
2026-04-15 09:54:08,1776246848,R_75,32351.3304,1,16.701399999998102,BACKFILL_AUTO
2026-04-15 09:54:10,1776246850,R_75,32348.3563,-1,2.974099999999453,BACKFILL_AUTO
2026-04-15 09:54:12,1776246852,R_75,32338.8537,-1,9.502599999999802,BACKFILL_AUTO
2026-04-15 09:54:14,1776246854,R_75,32341.7079,1,2.8542000000015832,BACKFILL_AUTO
2026-04-15 09:54:16,1776246856,R_75,32335.906,-1,5.801900000002206,BACKFILL_AUTO
2026-04-15 09:54:18,1776246858,R_75,32345.3821,1,9.47609999999986,BACKFILL_AUTO
2026-04-15 09:54:20,1776246860,R_75,32339.116,-1,6.266099999997095,BACKFILL_AUTO
2026-04-15 09:54:22,1776246862,R_75,32331.7858,-1,7.330200000000332,BACKFILL_AUTO
2026-04-15 09:54:24,1776246864,R_75,32331.176,-1,0.6098000000019965,BACKFILL_AUTO
2026-04-15 09:54:26,1776246866,R_75,32322.5681,-1,8.607899999999063,BACKFILL_AUTO
2026-04-15 09:54:28,1776246868,R_75,32324.0056,1,1.4375,BACKFILL_AUTO
2026-04-15 09:54:30,1776246870,R_75,32324.9778,1,0.9722000000001572,BACKFILL_AUTO
2026-04-15 09:54:32,1776246872,R_75,32325.2712,1,0.2933999999986554,BACKFILL_AUTO
2026-04-15 09:54:34,1776246874,R_75,32315.8575,-1,9.413700000000972,BACKFILL_AUTO
2026-04-15 09:54:36,1776246876,R_75,32330.3953,1,14.53780000000188,BACKFILL_AUTO
2026-04-15 09:54:38,1776246878,R_75,32324.6495,-1,5.7458000000005995,BACKFILL_AUTO
2026-04-15 09:54:40,1776246880,R_75,32321.3386,-1,3.3109000000004016,BACKFILL_AUTO
2026-04-15 09:54:42,1776246882,R_75,32325.6676,1,4.3290000000015425,BACKFILL_AUTO
2026-04-15 09:54:44,1776246884,R_75,32322.8157,-1,2.8519000000014785,BACKFILL_AUTO
2026-04-15 09:54:46,1776246886,R_75,32319.113,-1,3.7026999999980035,BACKFILL_AUTO
2026-04-15 09:54:48,1776246888,R_75,32319.034,-1,0.0790000000015425,BACKFILL_AUTO
2026-04-15 09:54:50,1776246890,R_75,32324.478,1,5.443999999999505,BACKFILL_AUTO
2026-04-15 09:54:52,1776246892,R_75,32328.849,1,4.370999999999185,BACKFILL_AUTO
2026-04-15 09:54:54,1776246894,R_75,32325.7037,-1,3.145300000000134,BACKFILL_AUTO
2026-04-15 09:54:56,1776246896,R_75,32329.8804,1,4.1766999999999825,BACKFILL_AUTO
2026-04-15 09:54:58,1776246898,R_75,32336.1972,1,6.316800000000512,BACKFILL_AUTO
2026-04-15 09:55:00,1776246900,R_75,32337.4789,1,1.281699999999546,BACKFILL_AUTO
2026-04-15 09:55:02,1776246902,R_75,32332.3207,-1,5.158199999998033,BACKFILL_AUTO
2026-04-15 09:55:04,1776246904,R_75,32335.9849,1,3.664199999999255,BACKFILL_AUTO
2026-04-15 09:55:06,1776246906,R_75,32339.6678,1,3.6828999999997905,BACKFILL_AUTO
2026-04-15 09:55:08,1776246908,R_75,32333.9082,-1,5.75959999999759,BACKFILL_AUTO
2026-04-15 09:55:10,1776246910,R_75,32326.2828,-1,7.625400000000809,BACKFILL_AUTO
2026-04-15 09:55:12,1776246912,R_75,32328.0972,1,1.8143999999992957,BACKFILL_AUTO
2026-04-15 09:55:14,1776246914,R_75,32318.9339,-1,9.163300000000163,BACKFILL_AUTO
2026-04-15 09:55:16,1776246916,R_75,32327.8618,1,8.927899999998772,BACKFILL_AUTO
2026-04-15 09:55:18,1776246918,R_75,32329.1017,1,1.239900000000489,BACKFILL_AUTO
2026-04-15 09:55:20,1776246920,R_75,32329.6099,1,0.5082000000002154,BACKFILL_AUTO
2026-04-15 09:55:22,1776246922,R_75,32325.8638,-1,3.746100000000297,BACKFILL_AUTO
2026-04-15 09:55:24,1776246924,R_75,32320.9875,-1,4.876299999999901,BACKFILL_AUTO
2026-04-15 09:55:26,1776246926,R_75,32314.53,-1,6.457500000000437,BACKFILL_AUTO
2026-04-15 09:55:28,1776246928,R_75,32316.4464,1,1.916400000001886,BACKFILL_AUTO
2026-04-15 09:55:30,1776246930,R_75,32320.6311,1,4.184699999997974,BACKFILL_AUTO
2026-04-15 09:55:32,1776246932,R_75,32316.2373,-1,4.393799999998009,BACKFILL_AUTO
2026-04-15 09:55:34,1776246934,R_75,32322.3683,1,6.130999999997584,BACKFILL_AUTO
2026-04-15 09:55:36,1776246936,R_75,32328.0562,1,5.687900000000809,BACKFILL_AUTO
2026-04-15 09:55:38,1776246938,R_75,32324.2175,-1,3.8387000000002445,BACKFILL_AUTO
2026-04-15 09:55:40,1776246940,R_75,32326.2422,1,2.024700000001758,BACKFILL_AUTO
2026-04-15 09:55:42,1776246942,R_75,32326.6281,1,0.38590000000112923,BACKFILL_AUTO
2026-04-15 09:55:44,1776246944,R_75,32345.0829,1,18.454799999999523,BACKFILL_AUTO
2026-04-15 09:55:46,1776246946,R_75,32344.4132,-1,0.6697000000021944,BACKFILL_AUTO
2026-04-15 09:55:48,1776246948,R_75,32333.125,-1,11.288199999999051,BACKFILL_AUTO
2026-04-15 09:55:50,1776246950,R_75,32332.2241,-1,0.9009000000005472,BACKFILL_AUTO
2026-04-15 09:55:52,1776246952,R_75,32332.1573,-1,0.06680000000051223,BACKFILL_AUTO
2026-04-15 09:55:54,1776246954,R_75,32330.8423,-1,1.3149999999986903,BACKFILL_AUTO
2026-04-15 09:55:56,1776246956,R_75,32323.9564,-1,6.885900000001129,BACKFILL_AUTO
2026-04-15 09:55:58,1776246958,R_75,32318.1143,-1,5.842099999998027,BACKFILL_AUTO
2026-04-15 09:56:00,1776246960,R_75,32308.7521,-1,9.362199999999575,BACKFILL_AUTO
2026-04-15 09:56:02,1776246962,R_75,32302.2769,-1,6.475200000000768,BACKFILL_AUTO
2026-04-15 09:56:04,1776246964,R_75,32301.7541,-1,0.5228000000024622,BACKFILL_AUTO
2026-04-15 09:56:06,1776246966,R_75,32313.3743,1,11.620200000001205,BACKFILL_AUTO
2026-04-15 09:56:08,1776246968,R_75,32299.305,-1,14.069299999999203,BACKFILL_AUTO
2026-04-15 09:56:10,1776246970,R_75,32294.6843,-1,4.620699999999488,BACKFILL_AUTO
2026-04-15 09:56:12,1776246972,R_75,32305.7607,1,11.076399999998102,BACKFILL_AUTO
2026-04-15 09:56:14,1776246974,R_75,32295.038,-1,10.72269999999844,BACKFILL_AUTO
2026-04-15 09:56:16,1776246976,R_75,32284.8046,-1,10.233400000000984,BACKFILL_AUTO
2026-04-15 09:56:18,1776246978,R_75,32282.6278,-1,2.1768000000010943,BACKFILL_AUTO
2026-04-15 09:56:20,1776246980,R_75,32280.8191,-1,1.8086999999977706,BACKFILL_AUTO
2026-04-15 09:56:22,1776246982,R_75,32278.026,-1,2.793099999998958,BACKFILL_AUTO
2026-04-15 09:56:24,1776246984,R_75,32280.4199,1,2.393899999999121,BACKFILL_AUTO
2026-04-15 09:56:26,1776246986,R_75,32275.3868,-1,5.033100000000559,BACKFILL_AUTO
2026-04-15 09:56:28,1776246988,R_75,32285.3032,1,9.916399999998248,BACKFILL_AUTO
2026-04-15 09:56:30,1776246990,R_75,32288.248,1,2.9448000000011234,BACKFILL_AUTO
2026-04-15 09:56:32,1776246992,R_75,32295.5184,1,7.270400000001246,BACKFILL_AUTO
2026-04-15 09:56:34,1776246994,R_75,32301.9724,1,6.4539999999979045,BACKFILL_AUTO
2026-04-15 09:56:36,1776246996,R_75,32306.494,1,4.521600000000035,BACKFILL_AUTO
2026-04-15 09:56:38,1776246998,R_75,32290.7845,-1,15.709499999997206,BACKFILL_AUTO
2026-04-15 09:56:40,1776247000,R_75,32288.4104,-1,2.374100000000908,BACKFILL_AUTO
2026-04-15 09:56:42,1776247002,R_75,32276.8249,-1,11.585500000001048,BACKFILL_AUTO
2026-04-15 09:56:44,1776247004,R_75,32280.7175,1,3.89259999999922,BACKFILL_AUTO
2026-04-15 09:56:46,1776247006,R_75,32282.6391,1,1.9216000000014901,BACKFILL_AUTO
2026-04-15 09:56:48,1776247008,R_75,32269.6843,-1,12.954799999999523,BACKFILL_AUTO
2026-04-15 09:56:50,1776247010,R_75,32260.5246,-1,9.159700000000157,BACKFILL_AUTO
2026-04-15 09:56:52,1776247012,R_75,32255.2284,-1,5.296200000000681,BACKFILL_AUTO
2026-04-15 09:56:54,1776247014,R_75,32260.3123,1,5.083900000001449,BACKFILL_AUTO
2026-04-15 09:56:56,1776247016,R_75,32265.4512,1,5.138899999998102,BACKFILL_AUTO
2026-04-15 09:56:58,1776247018,R_75,32266.4673,1,1.0161000000007334,BACKFILL_AUTO
2026-04-15 09:57:00,1776247020,R_75,32265.8206,-1,0.6467000000011467,BACKFILL_AUTO
2026-04-15 09:57:02,1776247022,R_75,32263.2913,-1,2.5292999999983294,BACKFILL_AUTO
2026-04-15 09:57:04,1776247024,R_75,32264.408,1,1.1166999999986729,BACKFILL_AUTO
2026-04-15 09:57:06,1776247026,R_75,32259.0321,-1,5.375899999999092,BACKFILL_AUTO
2026-04-15 09:57:08,1776247028,R_75,32246.9546,-1,12.077499999999418,BACKFILL_AUTO
2026-04-15 09:57:10,1776247030,R_75,32258.5111,1,11.556499999998778,BACKFILL_AUTO
2026-04-15 09:57:12,1776247032,R_75,32277.82,1,19.308899999999994,BACKFILL_AUTO
2026-04-15 09:57:14,1776247034,R_75,32280.8932,1,3.0731999999989057,BACKFILL_AUTO
2026-04-15 09:57:16,1776247036,R_75,32281.5737,1,0.6805000000022119,BACKFILL_AUTO
2026-04-15 09:57:18,1776247038,R_75,32272.0406,-1,9.533100000000559,BACKFILL_AUTO
2026-04-15 09:57:20,1776247040,R_75,32273.4144,1,1.3738000000012107,BACKFILL_AUTO
2026-04-15 09:57:22,1776247042,R_75,32268.2802,-1,5.134200000000419,BACKFILL_AUTO
2026-04-15 09:57:24,1776247044,R_75,32260.9871,-1,7.293100000002596,BACKFILL_AUTO
2026-04-15 09:57:26,1776247046,R_75,32258.6959,-1,2.2911999999996624,BACKFILL_AUTO
2026-04-15 09:57:28,1776247048,R_75,32264.3,1,5.6041000000004715,BACKFILL_AUTO
2026-04-15 09:57:30,1776247050,R_75,32265.2702,1,0.9701999999997497,BACKFILL_AUTO
2026-04-15 09:57:32,1776247052,R_75,32264.5608,-1,0.7093999999997322,BACKFILL_AUTO
2026-04-15 09:57:34,1776247054,R_75,32264.2996,-1,0.26120000000082655,BACKFILL_AUTO
2026-04-15 09:57:36,1776247056,R_75,32267.6158,1,3.3162000000011176,BACKFILL_AUTO
2026-04-15 09:57:38,1776247058,R_75,32272.4112,1,4.795399999999063,BACKFILL_AUTO
2026-04-15 09:57:40,1776247060,R_75,32267.1134,-1,5.297800000000279,BACKFILL_AUTO
2026-04-15 09:57:42,1776247062,R_75,32272.8429,1,5.729500000001281,BACKFILL_AUTO
2026-04-15 09:57:44,1776247064,R_75,32268.5378,-1,4.305100000001403,BACKFILL_AUTO
2026-04-15 09:57:46,1776247066,R_75,32265.0346,-1,3.5031999999991967,BACKFILL_AUTO
2026-04-15 09:57:48,1776247068,R_75,32255.9388,-1,9.095799999999144,BACKFILL_AUTO
2026-04-15 09:57:50,1776247070,R_75,32251.8497,-1,4.089100000001054,BACKFILL_AUTO
2026-04-15 09:57:52,1776247072,R_75,32244.4806,-1,7.369099999999889,BACKFILL_AUTO
2026-04-15 09:57:54,1776247074,R_75,32241.1233,-1,3.357299999999668,BACKFILL_AUTO
2026-04-15 09:57:56,1776247076,R_75,32242.3821,1,1.25879999999961,BACKFILL_AUTO
2026-04-15 09:57:58,1776247078,R_75,32246.0611,1,3.6790000000000873,BACKFILL_AUTO
2026-04-15 09:58:00,1776247080,R_75,32239.2045,-1,6.856599999999162,BACKFILL_AUTO
2026-04-15 09:58:02,1776247082,R_75,32246.1455,1,6.940999999998894,BACKFILL_AUTO
2026-04-15 09:58:04,1776247084,R_75,32249.8104,1,3.6648999999997613,BACKFILL_AUTO
2026-04-15 09:58:06,1776247086,R_75,32240.7971,-1,9.013299999998708,BACKFILL_AUTO
2026-04-15 09:58:08,1776247088,R_75,32235.1066,-1,5.690500000000611,BACKFILL_AUTO
2026-04-15 09:58:10,1776247090,R_75,32232.8716,-1,2.235000000000582,BACKFILL_AUTO
2026-04-15 09:58:12,1776247092,R_75,32220.5723,-1,12.299299999998766,BACKFILL_AUTO
2026-04-15 09:58:14,1776247094,R_75,32211.8368,-1,8.735499999998865,BACKFILL_AUTO
2026-04-15 09:58:16,1776247096,R_75,32215.699,1,3.862199999999575,BACKFILL_AUTO
2026-04-15 09:58:18,1776247098,R_75,32210.4166,-1,5.282400000000052,BACKFILL_AUTO
2026-04-15 09:58:20,1776247100,R_75,32215.6164,1,5.199799999998504,BACKFILL_AUTO
2026-04-15 09:58:22,1776247102,R_75,32220.127,1,4.510600000001432,BACKFILL_AUTO
2026-04-15 09:58:24,1776247104,R_75,32224.1523,1,4.0253000000011525,BACKFILL_AUTO
2026-04-15 09:58:26,1776247106,R_75,32233.6673,1,9.514999999999418,BACKFILL_AUTO
2026-04-15 09:58:28,1776247108,R_75,32219.911,-1,13.75630000000092,BACKFILL_AUTO
2026-04-15 09:58:30,1776247110,R_75,32218.9822,-1,0.9288000000015018,BACKFILL_AUTO
2026-04-15 09:58:32,1776247112,R_75,32230.5757,1,11.593500000002678,BACKFILL_AUTO
2026-04-15 09:58:34,1776247114,R_75,32226.6472,-1,3.9285000000018044,BACKFILL_AUTO
2026-04-15 09:58:36,1776247116,R_75,32240.2509,1,13.603699999999662,BACKFILL_AUTO
2026-04-15 09:58:38,1776247118,R_75,32250.4844,1,10.233500000002095,BACKFILL_AUTO
2026-04-15 09:58:40,1776247120,R_75,32257.098,1,6.613600000000588,BACKFILL_AUTO
2026-04-15 09:58:42,1776247122,R_75,32264.0032,1,6.905199999997421,BACKFILL_AUTO
2026-04-15 09:58:44,1776247124,R_75,32281.9841,1,17.980900000002293,BACKFILL_AUTO
2026-04-15 09:58:46,1776247126,R_75,32276.7229,-1,5.2612000000008265,BACKFILL_AUTO
2026-04-15 09:58:48,1776247128,R_75,32280.921,1,4.198099999997794,BACKFILL_AUTO
2026-04-15 09:58:50,1776247130,R_75,32286.5485,1,5.627500000002328,BACKFILL_AUTO
2026-04-15 09:58:52,1776247132,R_75,32292.2319,1,5.683399999998073,BACKFILL_AUTO
2026-04-15 09:58:54,1776247134,R_75,32298.0221,1,5.790199999999459,BACKFILL_AUTO
2026-04-15 09:58:56,1776247136,R_75,32296.7787,-1,1.243399999999383,BACKFILL_AUTO
2026-04-15 09:58:58,1776247138,R_75,32290.2261,-1,6.5525999999990745,BACKFILL_AUTO
2026-04-15 09:59:00,1776247140,R_75,32291.1997,1,0.97360000000117,BACKFILL_AUTO
2026-04-15 09:59:02,1776247142,R_75,32309.9679,1,18.768199999998615,BACKFILL_AUTO
2026-04-15 09:59:04,1776247144,R_75,32326.6174,1,16.649499999999534,BACKFILL_AUTO
2026-04-15 09:59:06,1776247146,R_75,32328.7857,1,2.1683000000011816,BACKFILL_AUTO
2026-04-15 09:59:08,1776247148,R_75,32333.8323,1,5.046599999997852,BACKFILL_AUTO
2026-04-15 09:59:10,1776247150,R_75,32337.0354,1,3.2031000000024505,BACKFILL_AUTO
2026-04-15 09:59:12,1776247152,R_75,32347.9018,1,10.866399999998976,BACKFILL_AUTO
2026-04-15 09:59:14,1776247154,R_75,32341.5864,-1,6.315399999999499,BACKFILL_AUTO
2026-04-15 09:59:16,1776247156,R_75,32342.6283,1,1.0419000000001688,BACKFILL_AUTO
2026-04-15 09:59:18,1776247158,R_75,32344.0493,1,1.4209999999984575,BACKFILL_AUTO
2026-04-15 09:59:20,1776247160,R_75,32342.4981,-1,1.5511999999980617,BACKFILL_AUTO
2026-04-15 09:59:22,1776247162,R_75,32350.3926,1,7.894499999998516,BACKFILL_AUTO
2026-04-15 09:59:24,1776247164,R_75,32343.6331,-1,6.759500000000116,BACKFILL_AUTO
2026-04-15 09:59:26,1776247166,R_75,32349.6142,1,5.981100000000879,BACKFILL_AUTO
2026-04-15 09:59:28,1776247168,R_75,32352.428,1,2.813799999999901,BACKFILL_AUTO
2026-04-15 09:59:30,1776247170,R_75,32347.1477,-1,5.280299999998533,BACKFILL_AUTO
2026-04-15 09:59:32,1776247172,R_75,32345.8452,-1,1.3025000000016007,BACKFILL_AUTO
2026-04-15 09:59:34,1776247174,R_75,32346.5674,1,0.7222000000001572,BACKFILL_AUTO
2026-04-15 09:59:36,1776247176,R_75,32350.5177,1,3.950300000000425,BACKFILL_AUTO
2026-04-15 09:59:38,1776247178,R_75,32355.9635,1,5.445800000001327,BACKFILL_AUTO
2026-04-15 09:59:40,1776247180,R_75,32361.8549,1,5.891399999996793,BACKFILL_AUTO
2026-04-15 09:59:42,1776247182,R_75,32360.9583,-1,0.8966000000000349,BACKFILL_AUTO
2026-04-15 09:59:44,1776247184,R_75,32366.1435,1,5.185199999999895,BACKFILL_AUTO
2026-04-15 09:59:46,1776247186,R_75,32371.007,1,4.863500000003114,BACKFILL_AUTO
2026-04-15 09:59:48,1776247188,R_75,32371.9741,1,0.9670999999980268,BACKFILL_AUTO
2026-04-15 09:59:50,1776247190,R_75,32368.6645,-1,3.3096000000005006,BACKFILL_AUTO
2026-04-15 09:59:52,1776247192,R_75,32375.0617,1,6.39719999999943,BACKFILL_AUTO
2026-04-15 09:59:54,1776247194,R_75,32376.8695,1,1.8078000000023167,BACKFILL_AUTO
2026-04-15 09:59:56,1776247196,R_75,32376.381,-1,0.48849999999947613,BACKFILL_AUTO
2026-04-15 09:59:58,1776247198,R_75,32386.0647,1,9.68369999999777,BACKFILL_AUTO
2026-04-15 10:00:00,1776247200,R_75,32388.1638,1,2.099099999999453,BACKFILL_AUTO
2026-04-15 10:00:02,1776247202,R_75,32383.6101,-1,4.553699999996752,BACKFILL_AUTO
2026-04-15 10:00:04,1776247204,R_75,32388.1795,1,4.569399999996676,BACKFILL_AUTO
2026-04-15 10:00:06,1776247206,R_75,32392.293,1,4.113500000003114,BACKFILL_AUTO
2026-04-15 10:00:08,1776247208,R_75,32391.3013,-1,0.9917000000023108,BACKFILL_AUTO
2026-04-15 10:00:10,1776247210,R_75,32388.7877,-1,2.513599999998405,BACKFILL_AUTO
2026-04-15 10:00:12,1776247212,R_75,32375.5211,-1,13.266599999999016,BACKFILL_AUTO
2026-04-15 10:00:14,1776247214,R_75,32372.634,-1,2.8871000000035565,BACKFILL_AUTO
2026-04-15 10:00:16,1776247216,R_75,32378.1372,1,5.503200000002835,BACKFILL_AUTO
2026-04-15 10:00:18,1776247218,R_75,32372.3264,-1,5.81079999999929,BACKFILL_AUTO
2026-04-15 10:00:20,1776247220,R_75,32367.6397,-1,4.68670000000202,BACKFILL_AUTO
2026-04-15 10:00:22,1776247222,R_75,32360.8604,-1,6.779299999998329,BACKFILL_AUTO
2026-04-15 10:00:24,1776247224,R_75,32369.8955,1,9.035099999997328,BACKFILL_AUTO
2026-04-15 10:00:26,1776247226,R_75,32375.4029,1,5.507400000002235,BACKFILL_AUTO
2026-04-15 10:00:28,1776247228,R_75,32379.1274,1,3.724500000000262,BACKFILL_AUTO
2026-04-15 10:00:30,1776247230,R_75,32390.8489,1,11.72149999999965,BACKFILL_AUTO
2026-04-15 10:00:32,1776247232,R_75,32388.3581,-1,2.490799999999581,BACKFILL_AUTO
2026-04-15 10:00:34,1776247234,R_75,32397.8554,1,9.497299999999086,BACKFILL_AUTO
2026-04-15 10:00:36,1776247236,R_75,32396.4497,-1,1.4056999999993423,BACKFILL_AUTO
2026-04-15 10:00:38,1776247238,R_75,32398.8047,1,2.3549999999995634,BACKFILL_AUTO
2026-04-15 10:00:40,1776247240,R_75,32393.7106,-1,5.094100000002072,BACKFILL_AUTO
2026-04-15 10:00:42,1776247242,R_75,32404.357,1,10.64640000000145,BACKFILL_AUTO
2026-04-15 10:00:44,1776247244,R_75,32401.6269,-1,2.730100000000675,BACKFILL_AUTO
2026-04-15 10:00:46,1776247246,R_75,32407.0808,1,5.453900000000431,BACKFILL_AUTO
2026-04-15 10:00:48,1776247248,R_75,32412.8337,1,5.752899999999499,BACKFILL_AUTO
2026-04-15 10:00:50,1776247250,R_75,32419.351,1,6.517299999999523,BACKFILL_AUTO
2026-04-15 10:00:52,1776247252,R_75,32421.7923,1,2.4413000000022294,BACKFILL_AUTO
2026-04-15 10:00:54,1776247254,R_75,32420.2928,-1,1.4995000000017171,BACKFILL_AUTO
2026-04-15 10:00:56,1776247256,R_75,32424.7981,1,4.505300000000716,BACKFILL_AUTO
2026-04-15 10:00:58,1776247258,R_75,32421.4505,-1,3.3476000000009662,BACKFILL_AUTO
2026-04-15 10:01:00,1776247260,R_75,32409.5468,-1,11.903699999998935,BACKFILL_AUTO
2026-04-15 10:01:02,1776247262,R_75,32412.9429,1,3.396099999998114,BACKFILL_AUTO
2026-04-15 10:01:04,1776247264,R_75,32411.1459,-1,1.7969999999986612,BACKFILL_AUTO
2026-04-15 10:01:06,1776247266,R_75,32415.7959,1,4.650000000001455,BACKFILL_AUTO
2026-04-15 10:01:08,1776247268,R_75,32409.1287,-1,6.667199999999866,BACKFILL_AUTO
2026-04-15 10:01:10,1776247270,R_75,32412.2974,1,3.1686999999983527,BACKFILL_AUTO
2026-04-15 10:01:12,1776247272,R_75,32418.7071,1,6.409700000000157,BACKFILL_AUTO
2026-04-15 10:01:14,1776247274,R_75,32417.5124,-1,1.1947000000000116,BACKFILL_AUTO
2026-04-15 10:01:16,1776247276,R_75,32414.0852,-1,3.4271999999982654,BACKFILL_AUTO
2026-04-15 10:01:18,1776247278,R_75,32411.5155,-1,2.5697000000000116,BACKFILL_AUTO
2026-04-15 10:01:20,1776247280,R_75,32417.885,1,6.3694999999970605,BACKFILL_AUTO
2026-04-15 10:01:22,1776247282,R_75,32411.0408,-1,6.844199999999546,BACKFILL_AUTO
2026-04-15 10:01:24,1776247284,R_75,32408.1194,-1,2.9213999999992666,BACKFILL_AUTO
2026-04-15 10:01:26,1776247286,R_75,32405.6877,-1,2.431700000001001,BACKFILL_AUTO
2026-04-15 10:01:28,1776247288,R_75,32406.4296,1,0.7419000000008964,BACKFILL_AUTO
2026-04-15 10:01:30,1776247290,R_75,32410.7382,1,4.308600000000297,BACKFILL_AUTO
2026-04-15 10:01:32,1776247292,R_75,32402.6861,-1,8.052100000000792,BACKFILL_AUTO
2026-04-15 10:01:34,1776247294,R_75,32401.9788,-1,0.707299999998213,BACKFILL_AUTO
2026-04-15 10:01:36,1776247296,R_75,32403.5872,1,1.6084000000009837,BACKFILL_AUTO
2026-04-15 10:01:38,1776247298,R_75,32404.0773,1,0.4900999999990745,BACKFILL_AUTO
2026-04-15 10:01:40,1776247300,R_75,32410.7698,1,6.692499999997381,BACKFILL_AUTO
2026-04-15 10:01:42,1776247302,R_75,32412.1835,1,1.413700000000972,BACKFILL_AUTO
2026-04-15 10:01:44,1776247304,R_75,32407.5077,-1,4.675800000000891,BACKFILL_AUTO
2026-04-15 10:01:46,1776247306,R_75,32401.9933,-1,5.514400000000023,BACKFILL_AUTO
2026-04-15 10:01:48,1776247308,R_75,32407.8485,1,5.855200000001787,BACKFILL_AUTO
2026-04-15 10:01:50,1776247310,R_75,32409.1598,1,1.3113000000012107,BACKFILL_AUTO
2026-04-15 10:01:52,1776247312,R_75,32409.3564,1,0.19659999999930733,BACKFILL_AUTO
2026-04-15 10:01:54,1776247314,R_75,32414.716,1,5.359599999999773,BACKFILL_AUTO
2026-04-15 10:01:56,1776247316,R_75,32407.1211,-1,7.594900000000052,BACKFILL_AUTO
2026-04-15 10:01:58,1776247318,R_75,32397.4804,-1,9.640699999999924,BACKFILL_AUTO
2026-04-15 10:02:00,1776247320,R_75,32397.1879,-1,0.29249999999956344,BACKFILL_AUTO
2026-04-15 10:02:02,1776247322,R_75,32401.1275,1,3.9395999999978812,BACKFILL_AUTO
2026-04-15 10:02:04,1776247324,R_75,32394.693,-1,6.434499999999389,BACKFILL_AUTO
2026-04-15 10:02:06,1776247326,R_75,32403.0183,1,8.325300000000425,BACKFILL_AUTO
2026-04-15 10:02:08,1776247328,R_75,32412.3415,1,9.323199999998906,BACKFILL_AUTO
2026-04-15 10:02:10,1776247330,R_75,32407.6935,-1,4.64799999999741,BACKFILL_AUTO
2026-04-15 10:02:12,1776247332,R_75,32408.233,1,0.5394999999989523,BACKFILL_AUTO
2026-04-15 10:02:14,1776247334,R_75,32411.1513,1,2.9183000000011816,BACKFILL_AUTO
2026-04-15 10:02:16,1776247336,R_75,32414.5416,1,3.3902999999991152,BACKFILL_AUTO
2026-04-15 10:02:18,1776247338,R_75,32415.2915,1,0.7498999999988882,BACKFILL_AUTO
2026-04-15 10:02:20,1776247340,R_75,32415.6768,1,0.3853000000017346,BACKFILL_AUTO
2026-04-15 10:02:22,1776247342,R_75,32418.9623,1,3.2854999999981374,BACKFILL_AUTO
2026-04-15 10:02:24,1776247344,R_75,32425.96,1,6.997699999999895,BACKFILL_AUTO
2026-04-15 10:02:26,1776247346,R_75,32415.5948,-1,10.365200000000186,BACKFILL_AUTO
2026-04-15 10:02:28,1776247348,R_75,32417.3167,1,1.7219000000004598,BACKFILL_AUTO
2026-04-15 10:02:30,1776247350,R_75,32420.3149,1,2.998200000001816,BACKFILL_AUTO
2026-04-15 10:02:32,1776247352,R_75,32414.7046,-1,5.610300000000279,BACKFILL_AUTO
2026-04-15 10:02:34,1776247354,R_75,32423.9073,1,9.202699999998003,BACKFILL_AUTO
2026-04-15 10:02:36,1776247356,R_75,32431.4288,1,7.521500000002561,BACKFILL_AUTO
2026-04-15 10:02:38,1776247358,R_75,32424.3971,-1,7.031700000003184,BACKFILL_AUTO
2026-04-15 10:02:40,1776247360,R_75,32426.7794,1,2.3823000000011234,BACKFILL_AUTO
2026-04-15 10:02:42,1776247362,R_75,32428.4372,1,1.6578000000008615,BACKFILL_AUTO
2026-04-15 10:02:44,1776247364,R_75,32431.1675,1,2.7302999999992608,BACKFILL_AUTO
2026-04-15 10:02:46,1776247366,R_75,32425.1423,-1,6.025200000000041,BACKFILL_AUTO
2026-04-15 10:02:48,1776247368,R_75,32413.6534,-1,11.488900000000285,BACKFILL_AUTO
2026-04-15 10:02:50,1776247370,R_75,32401.5691,-1,12.08429999999862,BACKFILL_AUTO
2026-04-15 10:02:52,1776247372,R_75,32394.9691,-1,6.600000000002183,BACKFILL_AUTO
2026-04-15 10:02:54,1776247374,R_75,32391.9006,-1,3.0684999999975844,BACKFILL_AUTO
2026-04-15 10:02:56,1776247376,R_75,32397.9286,1,6.027999999998428,BACKFILL_AUTO
2026-04-15 10:02:58,1776247378,R_75,32406.597,1,8.668400000002293,BACKFILL_AUTO
2026-04-15 10:03:00,1776247380,R_75,32399.5461,-1,7.050900000002002,BACKFILL_AUTO
2026-04-15 10:03:02,1776247382,R_75,32401.2607,1,1.7145999999993364,BACKFILL_AUTO
2026-04-15 10:03:04,1776247384,R_75,32394.7428,-1,6.517899999998917,BACKFILL_AUTO
2026-04-15 10:03:06,1776247386,R_75,32402.4672,1,7.72439999999915,BACKFILL_AUTO
2026-04-15 10:03:08,1776247388,R_75,32399.7021,-1,2.7651000000005297,BACKFILL_AUTO
2026-04-15 10:03:10,1776247390,R_75,32396.8123,-1,2.8897999999971944,BACKFILL_AUTO
2026-04-15 10:03:12,1776247392,R_75,32398.1169,1,1.304599999999482,BACKFILL_AUTO
2026-04-15 10:03:14,1776247394,R_75,32394.9112,-1,3.2057000000022526,BACKFILL_AUTO
2026-04-15 10:03:16,1776247396,R_75,32401.611,1,6.699800000002142,BACKFILL_AUTO
2026-04-15 10:03:18,1776247398,R_75,32412.7514,1,11.140400000000227,BACKFILL_AUTO
2026-04-15 10:03:20,1776247400,R_75,32406.8154,-1,5.936000000001513,BACKFILL_AUTO
2026-04-15 10:03:22,1776247402,R_75,32398.0839,-1,8.73149999999805,BACKFILL_AUTO
2026-04-15 10:03:24,1776247404,R_75,32394.0505,-1,4.033400000000256,BACKFILL_AUTO
2026-04-15 10:03:26,1776247406,R_75,32402.1789,1,8.128399999997782,BACKFILL_AUTO
2026-04-15 10:03:28,1776247408,R_75,32397.0313,-1,5.147600000000239,BACKFILL_AUTO
2026-04-15 10:03:30,1776247410,R_75,32394.1917,-1,2.8395999999993364,BACKFILL_AUTO
2026-04-15 10:03:32,1776247412,R_75,32397.9795,1,3.78780000000188,BACKFILL_AUTO
2026-04-15 10:03:34,1776247414,R_75,32394.0278,-1,3.9517000000014377,BACKFILL_AUTO
2026-04-15 10:03:36,1776247416,R_75,32396.3831,1,2.3552999999992608,BACKFILL_AUTO
2026-04-15 10:03:38,1776247418,R_75,32396.4597,1,0.07660000000032596,BACKFILL_AUTO
2026-04-15 10:03:40,1776247420,R_75,32397.6373,1,1.1775999999990745,BACKFILL_AUTO
2026-04-15 10:03:42,1776247422,R_75,32399.7749,1,2.1376000000018394,BACKFILL_AUTO
2026-04-15 10:03:44,1776247424,R_75,32394.9405,-1,4.834399999999732,BACKFILL_AUTO
2026-04-15 10:03:46,1776247426,R_75,32389.7652,-1,5.17529999999897,BACKFILL_AUTO
2026-04-15 10:03:48,1776247428,R_75,32383.1624,-1,6.60280000000057,BACKFILL_AUTO
2026-04-15 10:03:50,1776247430,R_75,32397.9681,1,14.80569999999716,BACKFILL_AUTO
2026-04-15 10:03:52,1776247432,R_75,32402.982,1,5.01390000000174,BACKFILL_AUTO
2026-04-15 10:03:54,1776247434,R_75,32408.0049,1,5.022899999999936,BACKFILL_AUTO
2026-04-15 10:03:56,1776247436,R_75,32402.5545,-1,5.450400000001537,BACKFILL_AUTO
2026-04-15 10:03:58,1776247438,R_75,32406.3903,1,3.835800000000745,BACKFILL_AUTO
2026-04-15 10:04:00,1776247440,R_75,32405.8922,-1,0.4981000000007043,BACKFILL_AUTO
2026-04-15 10:04:02,1776247442,R_75,32411.2625,1,5.370300000002317,BACKFILL_AUTO
2026-04-15 10:04:04,1776247444,R_75,32405.7509,-1,5.511600000001636,BACKFILL_AUTO
2026-04-15 10:04:06,1776247446,R_75,32403.1698,-1,2.5810999999994237,BACKFILL_AUTO
2026-04-15 10:04:08,1776247448,R_75,32399.1946,-1,3.9752000000007683,BACKFILL_AUTO
2026-04-15 10:04:10,1776247450,R_75,32404.0532,1,4.858599999999569,BACKFILL_AUTO
2026-04-15 10:04:12,1776247452,R_75,32409.8505,1,5.7973000000019965,BACKFILL_AUTO
2026-04-15 10:04:14,1776247454,R_75,32410.8765,1,1.025999999998021,BACKFILL_AUTO
2026-04-15 10:04:16,1776247456,R_75,32412.2594,1,1.382900000000518,BACKFILL_AUTO
2026-04-15 10:04:18,1776247458,R_75,32407.092,-1,5.167399999998452,BACKFILL_AUTO
2026-04-15 10:04:20,1776247460,R_75,32400.5397,-1,6.552299999999377,BACKFILL_AUTO
2026-04-15 10:04:22,1776247462,R_75,32407.8489,1,7.3091999999996915,BACKFILL_AUTO
2026-04-15 10:04:24,1776247464,R_75,32403.532,-1,4.316900000001624,BACKFILL_AUTO
2026-04-15 10:04:26,1776247466,R_75,32399.7315,-1,3.8004999999975553,BACKFILL_AUTO
2026-04-15 10:04:28,1776247468,R_75,32404.1013,1,4.369799999996758,BACKFILL_AUTO
2026-04-15 10:04:30,1776247470,R_75,32409.9924,1,5.891100000000733,BACKFILL_AUTO
2026-04-15 10:04:32,1776247472,R_75,32400.901,-1,9.09139999999752,BACKFILL_AUTO
2026-04-15 10:04:34,1776247474,R_75,32403.7609,1,2.8598999999994703,BACKFILL_AUTO
2026-04-15 10:04:36,1776247476,R_75,32397.1944,-1,6.566500000000815,BACKFILL_AUTO
2026-04-15 10:04:38,1776247478,R_75,32396.8175,-1,0.3768999999992957,BACKFILL_AUTO
2026-04-15 10:04:40,1776247480,R_75,32398.9016,1,2.084100000000035,BACKFILL_AUTO
2026-04-15 10:04:42,1776247482,R_75,32395.0712,-1,3.8304000000025553,BACKFILL_AUTO
2026-04-15 10:04:44,1776247484,R_75,32406.4551,1,11.383900000000722,BACKFILL_AUTO
2026-04-15 10:04:46,1776247486,R_75,32416.6993,1,10.244200000001001,BACKFILL_AUTO
2026-04-15 10:04:48,1776247488,R_75,32418.4731,1,1.773799999999028,BACKFILL_AUTO
2026-04-15 10:04:50,1776247490,R_75,32413.0557,-1,5.417399999998452,BACKFILL_AUTO
2026-04-15 10:04:52,1776247492,R_75,32420.9227,1,7.86699999999837,BACKFILL_AUTO
2026-04-15 10:04:54,1776247494,R_75,32415.2294,-1,5.693299999998999,BACKFILL_AUTO
2026-04-15 10:04:56,1776247496,R_75,32427.0133,1,11.783899999998539,BACKFILL_AUTO
2026-04-15 10:04:58,1776247498,R_75,32427.8947,1,0.8814000000020314,BACKFILL_AUTO
2026-04-15 10:05:00,1776247500,R_75,32436.3601,1,8.465400000000955,BACKFILL_AUTO
2026-04-15 10:05:02,1776247502,R_75,32438.6293,1,2.2691999999988184,BACKFILL_AUTO
2026-04-15 10:05:04,1776247504,R_75,32443.391,1,4.761699999999109,BACKFILL_AUTO
2026-04-15 10:05:06,1776247506,R_75,32438.9727,-1,4.418300000001182,BACKFILL_AUTO
2026-04-15 10:05:08,1776247508,R_75,32440.381,1,1.4083000000027823,BACKFILL_AUTO
2026-04-15 10:05:10,1776247510,R_75,32446.3457,1,5.964700000000448,BACKFILL_AUTO
2026-04-15 10:05:12,1776247512,R_75,32454.8694,1,8.523699999997916,BACKFILL_AUTO
2026-04-15 10:05:14,1776247514,R_75,32443.5331,-1,11.336299999999028,BACKFILL_AUTO
2026-04-15 10:05:16,1776247516,R_75,32436.613,-1,6.9200999999993655,BACKFILL_AUTO
2026-04-15 10:05:18,1776247518,R_75,32435.4717,-1,1.141300000002957,BACKFILL_AUTO
2026-04-15 10:05:20,1776247520,R_75,32435.773,1,0.30130000000281143,BACKFILL_AUTO
2026-04-15 10:05:22,1776247522,R_75,32426.407,-1,9.366000000001804,BACKFILL_AUTO
2026-04-15 10:05:24,1776247524,R_75,32416.2367,-1,10.170299999997951,BACKFILL_AUTO
2026-04-15 10:05:26,1776247526,R_75,32436.7276,1,20.490899999997055,BACKFILL_AUTO
2026-04-15 10:05:28,1776247528,R_75,32432.3882,-1,4.339399999997113,BACKFILL_AUTO
2026-04-15 10:05:30,1776247530,R_75,32437.6197,1,5.23149999999805,BACKFILL_AUTO
2026-04-15 10:05:32,1776247532,R_75,32439.7723,1,2.1526000000012573,BACKFILL_AUTO
2026-04-15 10:05:34,1776247534,R_75,32435.0275,-1,4.744800000000396,BACKFILL_AUTO
2026-04-15 10:05:36,1776247536,R_75,32438.5852,1,3.557700000001205,BACKFILL_AUTO
2026-04-15 10:05:38,1776247538,R_75,32446.1354,1,7.550199999997858,BACKFILL_AUTO
2026-04-15 10:05:40,1776247540,R_75,32434.4828,-1,11.65259999999762,BACKFILL_AUTO
2026-04-15 10:05:42,1776247542,R_75,32428.7222,-1,5.760600000001432,BACKFILL_AUTO
2026-04-15 10:05:44,1776247544,R_75,32416.1591,-1,12.563099999999395,BACKFILL_AUTO
2026-04-15 10:05:46,1776247546,R_75,32411.23,-1,4.929100000001199,BACKFILL_AUTO
2026-04-15 10:05:48,1776247548,R_75,32405.7529,-1,5.477100000000064,BACKFILL_AUTO
2026-04-15 10:05:50,1776247550,R_75,32404.6257,-1,1.127199999998993,BACKFILL_AUTO
2026-04-15 10:05:52,1776247552,R_75,32410.921,1,6.295299999997951,BACKFILL_AUTO
2026-04-15 10:05:54,1776247554,R_75,32401.945,-1,8.975999999998749,BACKFILL_AUTO
2026-04-15 10:05:56,1776247556,R_75,32400.9457,-1,0.9992999999994936,BACKFILL_AUTO
2026-04-15 10:05:58,1776247558,R_75,32405.2623,1,4.316599999998289,BACKFILL_AUTO
2026-04-15 10:06:00,1776247560,R_75,32405.5197,1,0.2574000000022352,BACKFILL_AUTO
2026-04-15 10:06:02,1776247562,R_75,32402.9548,-1,2.5649000000012165,BACKFILL_AUTO
2026-04-15 10:06:04,1776247564,R_75,32395.5696,-1,7.385200000000623,BACKFILL_AUTO
2026-04-15 10:06:06,1776247566,R_75,32388.7593,-1,6.810299999997369,BACKFILL_AUTO
2026-04-15 10:06:08,1776247568,R_75,32406.9114,1,18.152099999999336,BACKFILL_AUTO
2026-04-15 10:06:10,1776247570,R_75,32405.6884,-1,1.2230000000017753,BACKFILL_AUTO
2026-04-15 10:06:12,1776247572,R_75,32403.1232,-1,2.565199999997276,BACKFILL_AUTO
2026-04-15 10:06:14,1776247574,R_75,32407.9566,1,4.8333999999995285,BACKFILL_AUTO
2026-04-15 10:06:16,1776247576,R_75,32398.9721,-1,8.9845000000023,BACKFILL_AUTO
2026-04-15 10:06:18,1776247578,R_75,32393.3327,-1,5.639400000000023,BACKFILL_AUTO
2026-04-15 10:06:20,1776247580,R_75,32395.8484,1,2.5156999999999243,BACKFILL_AUTO
2026-04-15 10:06:22,1776247582,R_75,32397.0079,1,1.1595000000015716,BACKFILL_AUTO
2026-04-15 10:06:24,1776247584,R_75,32397.8257,1,0.817800000000716,BACKFILL_AUTO
2026-04-15 10:06:26,1776247586,R_75,32398.9449,1,1.1191999999973632,BACKFILL_AUTO
2026-04-15 10:06:28,1776247588,R_75,32394.9267,-1,4.018199999998615,BACKFILL_AUTO
2026-04-15 10:06:30,1776247590,R_75,32390.4722,-1,4.454499999999825,BACKFILL_AUTO
2026-04-15 10:06:32,1776247592,R_75,32390.74,1,0.26780000000144355,BACKFILL_AUTO
2026-04-15 10:06:34,1776247594,R_75,32388.4088,-1,2.3312000000005355,BACKFILL_AUTO
2026-04-15 10:06:36,1776247596,R_75,32384.985,-1,3.423800000000483,BACKFILL_AUTO
2026-04-15 10:06:38,1776247598,R_75,32380.3135,-1,4.671500000000378,BACKFILL_AUTO
2026-04-15 10:06:40,1776247600,R_75,32384.0402,1,3.726699999999255,BACKFILL_AUTO
2026-04-15 10:06:42,1776247602,R_75,32378.678,-1,5.362199999999575,BACKFILL_AUTO
2026-04-15 10:06:44,1776247604,R_75,32379.7784,1,1.100399999999354,BACKFILL_AUTO
2026-04-15 10:06:46,1776247606,R_75,32371.3891,-1,8.389299999998912,BACKFILL_AUTO
2026-04-15 10:06:48,1776247608,R_75,32366.2339,-1,5.155200000001059,BACKFILL_AUTO
2026-04-15 10:06:50,1776247610,R_75,32363.5929,-1,2.6409999999996217,BACKFILL_AUTO
2026-04-15 10:06:52,1776247612,R_75,32364.4121,1,0.8192000000017288,BACKFILL_AUTO
2026-04-15 10:06:54,1776247614,R_75,32368.1976,1,3.7854999999981374,BACKFILL_AUTO
2026-04-15 10:06:56,1776247616,R_75,32379.1071,1,10.909500000001572,BACKFILL_AUTO
2026-04-15 10:06:58,1776247618,R_75,32383.2058,1,4.098699999998644,BACKFILL_AUTO
2026-04-15 10:07:00,1776247620,R_75,32386.3554,1,3.149600000000646,BACKFILL_AUTO
2026-04-15 10:07:02,1776247622,R_75,32375.4749,-1,10.880499999999302,BACKFILL_AUTO
2026-04-15 10:07:04,1776247624,R_75,32369.7,-1,5.774900000000343,BACKFILL_AUTO
2026-04-15 10:07:06,1776247626,R_75,32365.6292,-1,4.070800000001327,BACKFILL_AUTO
2026-04-15 10:07:08,1776247628,R_75,32364.4504,-1,1.1787999999978638,BACKFILL_AUTO
2026-04-15 10:07:10,1776247630,R_75,32365.2003,1,0.7498999999988882,BACKFILL_AUTO
2026-04-15 10:07:12,1776247632,R_75,32362.7533,-1,2.4470000000001164,BACKFILL_AUTO
2026-04-15 10:07:14,1776247634,R_75,32365.2431,1,2.489799999999377,BACKFILL_AUTO
2026-04-15 10:07:16,1776247636,R_75,32370.2877,1,5.044600000001083,BACKFILL_AUTO
2026-04-15 10:07:18,1776247638,R_75,32366.2514,-1,4.0362999999997555,BACKFILL_AUTO
2026-04-15 10:07:20,1776247640,R_75,32367.1603,1,0.908899999998539,BACKFILL_AUTO
2026-04-15 10:07:22,1776247642,R_75,32367.4703,1,0.3100000000013097,BACKFILL_AUTO
2026-04-15 10:07:24,1776247644,R_75,32369.0601,1,1.589799999997922,BACKFILL_AUTO
2026-04-15 10:07:26,1776247646,R_75,32375.5329,1,6.472799999999552,BACKFILL_AUTO
2026-04-15 10:07:28,1776247648,R_75,32371.935,-1,3.5978999999970256,BACKFILL_AUTO
2026-04-15 10:07:30,1776247650,R_75,32377.3187,1,5.383699999998498,BACKFILL_AUTO
2026-04-15 10:07:32,1776247652,R_75,32375.3239,-1,1.9948000000003958,BACKFILL_AUTO
2026-04-15 10:07:34,1776247654,R_75,32376.2452,1,0.9213000000017928,BACKFILL_AUTO
2026-04-15 10:07:36,1776247656,R_75,32384.549,1,8.303799999997864,BACKFILL_AUTO
2026-04-15 10:07:38,1776247658,R_75,32390.3144,1,5.765400000000227,BACKFILL_AUTO
2026-04-15 10:07:40,1776247660,R_75,32381.9733,-1,8.341099999997823,BACKFILL_AUTO
2026-04-15 10:07:42,1776247662,R_75,32388.1836,1,6.210299999998824,BACKFILL_AUTO
2026-04-15 10:07:44,1776247664,R_75,32383.6243,-1,4.559300000000803,BACKFILL_AUTO
2026-04-15 10:07:46,1776247666,R_75,32378.5617,-1,5.062600000001112,BACKFILL_AUTO
2026-04-15 10:07:48,1776247668,R_75,32383.4882,1,4.926500000001397,BACKFILL_AUTO
2026-04-15 10:07:50,1776247670,R_75,32388.5226,1,5.03440000000046,BACKFILL_AUTO
2026-04-15 10:07:52,1776247672,R_75,32393.1356,1,4.613000000001193,BACKFILL_AUTO
2026-04-15 10:07:54,1776247674,R_75,32392.5788,-1,0.5568000000021129,BACKFILL_AUTO
2026-04-15 10:07:56,1776247676,R_75,32393.4141,1,0.8353000000024622,BACKFILL_AUTO
2026-04-15 10:07:58,1776247678,R_75,32384.8982,-1,8.515900000002148,BACKFILL_AUTO
2026-04-15 10:08:00,1776247680,R_75,32375.6126,-1,9.28559999999925,BACKFILL_AUTO
2026-04-15 10:08:02,1776247682,R_75,32377.9777,1,2.3650999999990745,BACKFILL_AUTO
2026-04-15 10:08:04,1776247684,R_75,32378.3187,1,0.34100000000034925,BACKFILL_AUTO
2026-04-15 10:08:06,1776247686,R_75,32384.8541,1,6.535400000000664,BACKFILL_AUTO
2026-04-15 10:08:08,1776247688,R_75,32380.8547,-1,3.9994000000006054,BACKFILL_AUTO
2026-04-15 10:08:10,1776247690,R_75,32379.2825,-1,1.572199999998702,BACKFILL_AUTO
2026-04-15 10:08:12,1776247692,R_75,32368.3486,-1,10.933899999999994,BACKFILL_AUTO
2026-04-15 10:08:14,1776247694,R_75,32382.6492,1,14.300599999998667,BACKFILL_AUTO
2026-04-15 10:08:16,1776247696,R_75,32384.9181,1,2.268899999999121,BACKFILL_AUTO
2026-04-15 10:08:18,1776247698,R_75,32391.5748,1,6.656699999999546,BACKFILL_AUTO
2026-04-15 10:08:20,1776247700,R_75,32393.3578,1,1.783000000003085,BACKFILL_AUTO
2026-04-15 10:08:22,1776247702,R_75,32389.6643,-1,3.6935000000012224,BACKFILL_AUTO
2026-04-15 10:08:24,1776247704,R_75,32390.25,1,0.5856999999996333,BACKFILL_AUTO
2026-04-15 10:08:26,1776247706,R_75,32381.9336,-1,8.316399999999703,BACKFILL_AUTO
2026-04-15 10:08:28,1776247708,R_75,32386.119,1,4.185399999998481,BACKFILL_AUTO
2026-04-15 10:08:30,1776247710,R_75,32385.3988,-1,0.7201999999997497,BACKFILL_AUTO
2026-04-15 10:08:32,1776247712,R_75,32394.7149,1,9.316100000000006,BACKFILL_AUTO
2026-04-15 10:08:34,1776247714,R_75,32387.2348,-1,7.480100000000675,BACKFILL_AUTO
2026-04-15 10:08:36,1776247716,R_75,32387.5715,1,0.336699999999837,BACKFILL_AUTO
2026-04-15 10:08:38,1776247718,R_75,32382.0337,-1,5.537799999998242,BACKFILL_AUTO
2026-04-15 10:08:40,1776247720,R_75,32391.9218,1,9.888100000000122,BACKFILL_AUTO
2026-04-15 10:08:42,1776247722,R_75,32386.1247,-1,5.797099999999773,BACKFILL_AUTO
2026-04-15 10:08:44,1776247724,R_75,32380.0211,-1,6.103599999998551,BACKFILL_AUTO
2026-04-15 10:08:46,1776247726,R_75,32376.2278,-1,3.7933000000011816,BACKFILL_AUTO
2026-04-15 10:08:48,1776247728,R_75,32379.1186,1,2.890800000001036,BACKFILL_AUTO
2026-04-15 10:08:50,1776247730,R_75,32372.6145,-1,6.504100000001927,BACKFILL_AUTO
2026-04-15 10:08:52,1776247732,R_75,32373.9637,1,1.3492000000005646,BACKFILL_AUTO
2026-04-15 10:08:54,1776247734,R_75,32379.1574,1,5.193699999999808,BACKFILL_AUTO
2026-04-15 10:08:56,1776247736,R_75,32375.9585,-1,3.198899999999412,BACKFILL_AUTO
2026-04-15 10:08:58,1776247738,R_75,32378.9985,1,3.040000000000873,BACKFILL_AUTO
2026-04-15 10:09:00,1776247740,R_75,32370.9409,-1,8.057600000000093,BACKFILL_AUTO
2026-04-15 10:09:02,1776247742,R_75,32358.7564,-1,12.184500000003027,BACKFILL_AUTO
2026-04-15 10:09:04,1776247744,R_75,32354.2714,-1,4.484999999996944,BACKFILL_AUTO
2026-04-15 10:09:06,1776247746,R_75,32353.8414,-1,0.43000000000029104,BACKFILL_AUTO
2026-04-15 10:09:08,1776247748,R_75,32352.6544,-1,1.1870000000017171,BACKFILL_AUTO
2026-04-15 10:09:10,1776247750,R_75,32359.5596,1,6.905200000001059,BACKFILL_AUTO
2026-04-15 10:09:12,1776247752,R_75,32355.1908,-1,4.368800000000192,BACKFILL_AUTO
2026-04-15 10:09:14,1776247754,R_75,32364.9699,1,9.779099999999744,BACKFILL_AUTO
2026-04-15 10:09:16,1776247756,R_75,32360.7084,-1,4.261500000000524,BACKFILL_AUTO
2026-04-15 10:09:18,1776247758,R_75,32352.7125,-1,7.995899999998073,BACKFILL_AUTO
2026-04-15 10:09:20,1776247760,R_75,32351.125,-1,1.5875000000014552,BACKFILL_AUTO
2026-04-15 10:09:22,1776247762,R_75,32350.9559,-1,0.1690999999991618,BACKFILL_AUTO
2026-04-15 10:09:24,1776247764,R_75,32350.6013,-1,0.35460000000239233,BACKFILL_AUTO
2026-04-15 10:09:26,1776247766,R_75,32349.6445,-1,0.9567999999999302,BACKFILL_AUTO
2026-04-15 10:09:28,1776247768,R_75,32340.0412,-1,9.603299999998853,BACKFILL_AUTO
2026-04-15 10:09:30,1776247770,R_75,32336.331,-1,3.7102000000013504,BACKFILL_AUTO
2026-04-15 10:09:32,1776247772,R_75,32338.35,1,2.019000000000233,BACKFILL_AUTO
2026-04-15 10:09:34,1776247774,R_75,32335.9634,-1,2.3865999999979977,BACKFILL_AUTO
2026-04-15 10:09:36,1776247776,R_75,32332.6483,-1,3.315099999999802,BACKFILL_AUTO
2026-04-15 10:09:38,1776247778,R_75,32333.8555,1,1.2072000000007392,BACKFILL_AUTO
2026-04-15 10:09:40,1776247780,R_75,32326.272,-1,7.58350000000064,BACKFILL_AUTO
2026-04-15 10:09:42,1776247782,R_75,32332.4109,1,6.138899999998102,BACKFILL_AUTO
2026-04-15 10:09:44,1776247784,R_75,32337.9694,1,5.558500000002823,BACKFILL_AUTO
2026-04-15 10:09:46,1776247786,R_75,32330.5382,-1,7.431200000002718,BACKFILL_AUTO
2026-04-15 10:09:48,1776247788,R_75,32335.3839,1,4.845700000001671,BACKFILL_AUTO
2026-04-15 10:09:50,1776247790,R_75,32339.3295,1,3.9455999999991036,BACKFILL_AUTO
2026-04-15 10:09:52,1776247792,R_75,32335.7598,-1,3.5697000000000116,BACKFILL_AUTO
2026-04-15 10:09:54,1776247794,R_75,32336.8268,1,1.0669999999990978,BACKFILL_AUTO
2026-04-15 10:09:56,1776247796,R_75,32327.2679,-1,9.558899999999994,BACKFILL_AUTO
2026-04-15 10:09:58,1776247798,R_75,32322.0318,-1,5.23609999999826,BACKFILL_AUTO
2026-04-15 10:10:00,1776247800,R_75,32322.3187,1,0.28689999999915017,BACKFILL_AUTO
2026-04-15 10:10:02,1776247802,R_75,32315.7756,-1,6.543099999998958,BACKFILL_AUTO
2026-04-15 10:10:04,1776247804,R_75,32325.8716,1,10.09599999999773,BACKFILL_AUTO
2026-04-15 10:10:06,1776247806,R_75,32325.7205,-1,0.1510999999991327,BACKFILL_AUTO
2026-04-15 10:10:08,1776247808,R_75,32327.9532,1,2.2327000000004773,BACKFILL_AUTO
2026-04-15 10:10:10,1776247810,R_75,32325.4553,-1,2.497899999998481,BACKFILL_AUTO
2026-04-15 10:10:12,1776247812,R_75,32317.8797,-1,7.575600000000122,BACKFILL_AUTO
2026-04-15 10:10:14,1776247814,R_75,32309.1957,-1,8.684000000001106,BACKFILL_AUTO
2026-04-15 10:10:16,1776247816,R_75,32313.6236,1,4.427899999998772,BACKFILL_AUTO
2026-04-15 10:10:18,1776247818,R_75,32320.1273,1,6.503700000001118,BACKFILL_AUTO
2026-04-15 10:10:20,1776247820,R_75,32332.5396,1,12.41229999999996,BACKFILL_AUTO
2026-04-15 10:10:22,1776247822,R_75,32332.2087,-1,0.3309000000008382,BACKFILL_AUTO
2026-04-15 10:10:24,1776247824,R_75,32330.7281,-1,1.480599999998958,BACKFILL_AUTO
2026-04-15 10:10:26,1776247826,R_75,32330.6025,-1,0.12559999999939464,BACKFILL_AUTO
2026-04-15 10:10:28,1776247828,R_75,32330.0149,-1,0.587600000002567,BACKFILL_AUTO
2026-04-15 10:10:30,1776247830,R_75,32320.2871,-1,9.727799999996932,BACKFILL_AUTO
2026-04-15 10:10:32,1776247832,R_75,32327.3528,1,7.065699999999197,BACKFILL_AUTO
2026-04-15 10:10:34,1776247834,R_75,32318.6517,-1,8.701100000002043,BACKFILL_AUTO
2026-04-15 10:10:36,1776247836,R_75,32322.5626,1,3.9109000000025844,BACKFILL_AUTO
2026-04-15 10:10:38,1776247838,R_75,32321.5284,-1,1.0342000000018743,BACKFILL_AUTO
2026-04-15 10:10:40,1776247840,R_75,32323.6738,1,2.1454000000012456,BACKFILL_AUTO
2026-04-15 10:10:42,1776247842,R_75,32331.0847,1,7.410899999998946,BACKFILL_AUTO
2026-04-15 10:10:44,1776247844,R_75,32328.4927,-1,2.592000000000553,BACKFILL_AUTO
2026-04-15 10:10:46,1776247846,R_75,32323.1727,-1,5.319999999999709,BACKFILL_AUTO
2026-04-15 10:10:48,1776247848,R_75,32328.2061,1,5.033400000000256,BACKFILL_AUTO
2026-04-15 10:10:50,1776247850,R_75,32329.5958,1,1.3896999999997206,BACKFILL_AUTO
2026-04-15 10:10:52,1776247852,R_75,32327.4449,-1,2.150900000000547,BACKFILL_AUTO
2026-04-15 10:10:54,1776247854,R_75,32330.9889,1,3.544000000001688,BACKFILL_AUTO
2026-04-15 10:10:56,1776247856,R_75,32330.362,-1,0.6268999999992957,BACKFILL_AUTO
2026-04-15 10:10:58,1776247858,R_75,32326.8017,-1,3.560300000001007,BACKFILL_AUTO
2026-04-15 10:11:00,1776247860,R_75,32329.9729,1,3.171200000000681,BACKFILL_AUTO
2026-04-15 10:11:02,1776247862,R_75,32319.2163,-1,10.756600000000617,BACKFILL_AUTO
2026-04-15 10:11:04,1776247864,R_75,32329.2452,1,10.028900000001158,BACKFILL_AUTO
2026-04-15 10:11:06,1776247866,R_75,32327.9213,-1,1.323899999999412,BACKFILL_AUTO
2026-04-15 10:11:08,1776247868,R_75,32329.6545,1,1.7331999999987602,BACKFILL_AUTO
2026-04-15 10:11:10,1776247870,R_75,32324.4769,-1,5.1775999999990745,BACKFILL_AUTO
2026-04-15 10:11:12,1776247872,R_75,32329.2109,1,4.73399999999674,BACKFILL_AUTO
2026-04-15 10:11:14,1776247874,R_75,32323.2157,-1,5.995199999997567,BACKFILL_AUTO
2026-04-15 10:11:16,1776247876,R_75,32329.2801,1,6.064399999999296,BACKFILL_AUTO
2026-04-15 10:11:18,1776247878,R_75,32330.1762,1,0.896100000001752,BACKFILL_AUTO
2026-04-15 10:11:20,1776247880,R_75,32335.2165,1,5.0402999999969325,BACKFILL_AUTO
2026-04-15 10:11:22,1776247882,R_75,32332.2201,-1,2.996399999999994,BACKFILL_AUTO
2026-04-15 10:11:24,1776247884,R_75,32326.6672,-1,5.552899999998772,BACKFILL_AUTO
2026-04-15 10:11:26,1776247886,R_75,32333.6882,1,7.02100000000064,BACKFILL_AUTO
2026-04-15 10:11:28,1776247888,R_75,32337.817,1,4.128799999998591,BACKFILL_AUTO
2026-04-15 10:11:30,1776247890,R_75,32341.1702,1,3.3532000000013795,BACKFILL_AUTO
2026-04-15 10:11:32,1776247892,R_75,32338.0908,-1,3.0793999999987136,BACKFILL_AUTO
2026-04-15 10:11:34,1776247894,R_75,32342.8183,1,4.727499999997235,BACKFILL_AUTO
2026-04-15 10:11:36,1776247896,R_75,32340.839,-1,1.979299999999057,BACKFILL_AUTO
2026-04-15 10:11:38,1776247898,R_75,32343.6865,1,2.8474999999998545,BACKFILL_AUTO
2026-04-15 10:11:40,1776247900,R_75,32339.611,-1,4.0754999999990105,BACKFILL_AUTO
2026-04-15 10:11:42,1776247902,R_75,32339.639,1,0.027999999998428393,BACKFILL_AUTO
2026-04-15 10:11:44,1776247904,R_75,32334.7971,-1,4.841899999999441,BACKFILL_AUTO
2026-04-15 10:11:46,1776247906,R_75,32334.2938,-1,0.5033000000003085,BACKFILL_AUTO
2026-04-15 10:11:48,1776247908,R_75,32327.0076,-1,7.286199999998644,BACKFILL_AUTO
2026-04-15 10:11:50,1776247910,R_75,32325.0486,-1,1.9590000000025611,BACKFILL_AUTO
2026-04-15 10:11:52,1776247912,R_75,32320.0695,-1,4.9790999999968335,BACKFILL_AUTO
2026-04-15 10:11:54,1776247914,R_75,32307.9264,-1,12.14310000000114,BACKFILL_AUTO
2026-04-15 10:11:56,1776247916,R_75,32298.3478,-1,9.578600000000733,BACKFILL_AUTO
2026-04-15 10:11:58,1776247918,R_75,32294.7849,-1,3.562900000000809,BACKFILL_AUTO
2026-04-15 10:12:00,1776247920,R_75,32288.8309,-1,5.9539999999979045,BACKFILL_AUTO
2026-04-15 10:12:02,1776247922,R_75,32290.1678,1,1.3368999999984226,BACKFILL_AUTO
2026-04-15 10:12:04,1776247924,R_75,32288.5766,-1,1.5911999999989348,BACKFILL_AUTO
2026-04-15 10:12:06,1776247926,R_75,32284.8426,-1,3.7340000000003783,BACKFILL_AUTO
2026-04-15 10:12:08,1776247928,R_75,32295.4697,1,10.62710000000152,BACKFILL_AUTO
2026-04-15 10:12:10,1776247930,R_75,32293.4244,-1,2.045300000001589,BACKFILL_AUTO
2026-04-15 10:12:12,1776247932,R_75,32294.4714,1,1.0469999999986612,BACKFILL_AUTO
2026-04-15 10:12:14,1776247934,R_75,32298.2341,1,3.762700000002951,BACKFILL_AUTO
2026-04-15 10:12:16,1776247936,R_75,32285.0425,-1,13.191600000001927,BACKFILL_AUTO
2026-04-15 10:12:18,1776247938,R_75,32283.3502,-1,1.692299999998795,BACKFILL_AUTO
2026-04-15 10:12:20,1776247940,R_75,32283.3081,-1,0.042100000002392335,BACKFILL_AUTO
2026-04-15 10:12:22,1776247942,R_75,32286.5438,1,3.2357000000010885,BACKFILL_AUTO
2026-04-15 10:12:24,1776247944,R_75,32279.534,-1,7.009799999999814,BACKFILL_AUTO
2026-04-15 10:12:26,1776247946,R_75,32277.7627,-1,1.7713000000003376,BACKFILL_AUTO
2026-04-15 10:12:28,1776247948,R_75,32270.4944,-1,7.268299999999726,BACKFILL_AUTO
2026-04-15 10:12:30,1776247950,R_75,32276.9152,1,6.420799999999872,BACKFILL_AUTO
2026-04-15 10:12:32,1776247952,R_75,32286.7111,1,9.795900000000984,BACKFILL_AUTO
2026-04-15 10:12:34,1776247954,R_75,32275.2003,-1,11.510800000000017,BACKFILL_AUTO
2026-04-15 10:12:36,1776247956,R_75,32275.5796,1,0.3793000000005122,BACKFILL_AUTO
2026-04-15 10:12:38,1776247958,R_75,32270.9647,-1,4.614900000000489,BACKFILL_AUTO
2026-04-15 10:12:40,1776247960,R_75,32280.506,1,9.541300000000774,BACKFILL_AUTO
2026-04-15 10:12:42,1776247962,R_75,32265.6185,-1,14.887500000000728,BACKFILL_AUTO
2026-04-15 10:12:44,1776247964,R_75,32261.473,-1,4.145499999998719,BACKFILL_AUTO
2026-04-15 10:12:46,1776247966,R_75,32256.9385,-1,4.534500000001572,BACKFILL_AUTO
2026-04-15 10:12:48,1776247968,R_75,32258.1147,1,1.1761999999980617,BACKFILL_AUTO
2026-04-15 10:12:50,1776247970,R_75,32265.3954,1,7.28070000000298,BACKFILL_AUTO
2026-04-15 10:12:52,1776247972,R_75,32270.7465,1,5.35109999999986,BACKFILL_AUTO
2026-04-15 10:12:54,1776247974,R_75,32272.8807,1,2.134200000000419,BACKFILL_AUTO
2026-04-15 10:12:56,1776247976,R_75,32269.6868,-1,3.1939000000020314,BACKFILL_AUTO
2026-04-15 10:12:58,1776247978,R_75,32283.8344,1,14.147600000000239,BACKFILL_AUTO
2026-04-15 10:13:00,1776247980,R_75,32273.3271,-1,10.507300000001123,BACKFILL_AUTO
2026-04-15 10:13:02,1776247982,R_75,32276.3038,1,2.976700000002893,BACKFILL_AUTO
2026-04-15 10:13:04,1776247984,R_75,32271.6272,-1,4.676600000002509,BACKFILL_AUTO
2026-04-15 10:13:06,1776247986,R_75,32264.9474,-1,6.6797999999980675,BACKFILL_AUTO
2026-04-15 10:13:08,1776247988,R_75,32263.8931,-1,1.0542999999997846,BACKFILL_AUTO
2026-04-15 10:13:10,1776247990,R_75,32261.3032,-1,2.5899000000026717,BACKFILL_AUTO
2026-04-15 10:13:12,1776247992,R_75,32256.8131,-1,4.4900999999990745,BACKFILL_AUTO
2026-04-15 10:13:14,1776247994,R_75,32242.7193,-1,14.093799999998737,BACKFILL_AUTO
2026-04-15 10:13:16,1776247996,R_75,32248.8546,1,6.135299999998097,BACKFILL_AUTO
2026-04-15 10:13:18,1776247998,R_75,32260.5216,1,11.66700000000128,BACKFILL_AUTO
2026-04-15 10:13:20,1776248000,R_75,32263.7219,1,3.200300000000425,BACKFILL_AUTO
2026-04-15 10:13:22,1776248002,R_75,32268.8056,1,5.083699999999226,BACKFILL_AUTO
2026-04-15 10:13:24,1776248004,R_75,32273.0037,1,4.198100000001432,BACKFILL_AUTO
2026-04-15 10:13:26,1776248006,R_75,32273.5552,1,0.551499999997759,BACKFILL_AUTO
2026-04-15 10:13:28,1776248008,R_75,32265.1735,-1,8.38169999999809,BACKFILL_AUTO
2026-04-15 10:13:30,1776248010,R_75,32267.6492,1,2.475699999999051,BACKFILL_AUTO
2026-04-15 10:13:32,1776248012,R_75,32272.4533,1,4.804100000001199,BACKFILL_AUTO
2026-04-15 10:13:34,1776248014,R_75,32270.1095,-1,2.343800000002375,BACKFILL_AUTO
2026-04-15 10:13:36,1776248016,R_75,32269.6589,-1,0.45060000000012224,BACKFILL_AUTO
2026-04-15 10:13:38,1776248018,R_75,32282.042,1,12.383100000002742,BACKFILL_AUTO
2026-04-15 10:13:40,1776248020,R_75,32275.5798,-1,6.462200000001758,BACKFILL_AUTO
2026-04-15 10:13:42,1776248022,R_75,32278.853,1,3.2731999999996333,BACKFILL_AUTO
2026-04-15 10:13:44,1776248024,R_75,32278.2537,-1,0.5992999999980384,BACKFILL_AUTO
2026-04-15 10:13:46,1776248026,R_75,32272.4346,-1,5.819100000000617,BACKFILL_AUTO
2026-04-15 10:13:48,1776248028,R_75,32277.2695,1,4.834899999998015,BACKFILL_AUTO
2026-04-15 10:13:50,1776248030,R_75,32279.9013,1,2.6318000000028405,BACKFILL_AUTO
2026-04-15 10:13:52,1776248032,R_75,32279.3592,-1,0.5421000000023923,BACKFILL_AUTO
2026-04-15 10:13:54,1776248034,R_75,32281.4736,1,2.114400000002206,BACKFILL_AUTO
2026-04-15 10:13:56,1776248036,R_75,32286.2123,1,4.738699999998062,BACKFILL_AUTO
2026-04-15 10:13:58,1776248038,R_75,32293.8967,1,7.684400000001915,BACKFILL_AUTO
2026-04-15 10:14:00,1776248040,R_75,32297.1815,1,3.284799999997631,BACKFILL_AUTO
2026-04-15 10:14:02,1776248042,R_75,32296.4142,-1,0.7672999999995227,BACKFILL_AUTO
2026-04-15 10:14:04,1776248044,R_75,32296.4689,1,0.05470000000059372,BACKFILL_AUTO
2026-04-15 10:14:06,1776248046,R_75,32306.7314,1,10.262500000000728,BACKFILL_AUTO
2026-04-15 10:14:08,1776248048,R_75,32313.3016,1,6.5701999999982945,BACKFILL_AUTO
2026-04-15 10:14:10,1776248050,R_75,32309.3219,-1,3.979699999999866,BACKFILL_AUTO
2026-04-15 10:14:12,1776248052,R_75,32312.5195,1,3.197599999999511,BACKFILL_AUTO
2026-04-15 10:14:14,1776248054,R_75,32314.9803,1,2.460800000000745,BACKFILL_AUTO
2026-04-15 10:14:16,1776248056,R_75,32312.3471,-1,2.6332000000002154,BACKFILL_AUTO
2026-04-15 10:14:18,1776248058,R_75,32310.7151,-1,1.631999999997788,BACKFILL_AUTO
2026-04-15 10:14:20,1776248060,R_75,32314.5604,1,3.8452999999972235,BACKFILL_AUTO
2026-04-15 10:14:22,1776248062,R_75,32316.7829,1,2.2224999999998545,BACKFILL_AUTO
2026-04-15 10:14:24,1776248064,R_75,32322.701,1,5.918100000002596,BACKFILL_AUTO
2026-04-15 10:14:26,1776248066,R_75,32329.6939,1,6.992899999997462,BACKFILL_AUTO
2026-04-15 10:14:28,1776248068,R_75,32321.1376,-1,8.556300000000192,BACKFILL_AUTO
2026-04-15 10:14:30,1776248070,R_75,32327.5223,1,6.38470000000234,BACKFILL_AUTO
2026-04-15 10:14:32,1776248072,R_75,32324.7581,-1,2.7642000000014377,BACKFILL_AUTO
2026-04-15 10:14:34,1776248074,R_75,32322.8991,-1,1.8590000000003783,BACKFILL_AUTO
2026-04-15 10:14:36,1776248076,R_75,32322.3949,-1,0.5041999999994005,BACKFILL_AUTO
2026-04-15 10:14:38,1776248078,R_75,32305.2899,-1,17.104999999999563,BACKFILL_AUTO
2026-04-15 10:14:40,1776248080,R_75,32307.3045,1,2.014599999998609,BACKFILL_AUTO
2026-04-15 10:14:42,1776248082,R_75,32316.3922,1,9.08770000000004,BACKFILL_AUTO
2026-04-15 10:14:44,1776248084,R_75,32305.0198,-1,11.372400000000198,BACKFILL_AUTO
2026-04-15 10:14:46,1776248086,R_75,32305.9565,1,0.9367000000020198,BACKFILL_AUTO
2026-04-15 10:14:48,1776248088,R_75,32295.6036,-1,10.352900000001682,BACKFILL_AUTO
2026-04-15 10:14:50,1776248090,R_75,32291.0416,-1,4.561999999998079,BACKFILL_AUTO
2026-04-15 10:14:52,1776248092,R_75,32283.8075,-1,7.23410000000149,BACKFILL_AUTO
2026-04-15 10:14:54,1776248094,R_75,32284.4388,1,0.6313000000009197,BACKFILL_AUTO
2026-04-15 10:14:56,1776248096,R_75,32279.6029,-1,4.835899999998219,BACKFILL_AUTO
2026-04-15 10:14:58,1776248098,R_75,32272.5482,-1,7.054700000000594,BACKFILL_AUTO
2026-04-15 10:15:00,1776248100,R_75,32266.552,-1,5.996200000001409,BACKFILL_AUTO
2026-04-15 10:15:02,1776248102,R_75,32263.2323,-1,3.3197000000000116,BACKFILL_AUTO
2026-04-15 10:15:04,1776248104,R_75,32246.8815,-1,16.350800000000163,BACKFILL_AUTO
2026-04-15 10:15:06,1776248106,R_75,32251.0872,1,4.205700000002253,BACKFILL_AUTO
2026-04-15 10:15:08,1776248108,R_75,32251.2387,1,0.1514999999999418,BACKFILL_AUTO
2026-04-15 10:15:10,1776248110,R_75,32251.5021,1,0.26339999999981956,BACKFILL_AUTO
2026-04-15 10:15:12,1776248112,R_75,32249.5024,-1,1.9997000000003027,BACKFILL_AUTO
2026-04-15 10:15:14,1776248114,R_75,32248.6465,-1,0.8559000000022934,BACKFILL_AUTO
2026-04-15 10:15:16,1776248116,R_75,32250.9126,1,2.2661000000007334,BACKFILL_AUTO
2026-04-15 10:15:18,1776248118,R_75,32258.3875,1,7.474900000001071,BACKFILL_AUTO
2026-04-15 10:15:20,1776248120,R_75,32260.1933,1,1.8057999999982712,BACKFILL_AUTO
2026-04-15 10:15:22,1776248122,R_75,32261.343,1,1.1497000000017579,BACKFILL_AUTO
2026-04-15 10:15:24,1776248124,R_75,32258.8139,-1,2.529099999999744,BACKFILL_AUTO
2026-04-15 10:15:26,1776248126,R_75,32275.2885,1,16.474599999997736,BACKFILL_AUTO
2026-04-15 10:15:28,1776248128,R_75,32284.5566,1,9.26810000000114,BACKFILL_AUTO
2026-04-15 10:15:30,1776248130,R_75,32280.4522,-1,4.104400000000169,BACKFILL_AUTO
2026-04-15 10:15:32,1776248132,R_75,32284.1788,1,3.726600000001781,BACKFILL_AUTO
2026-04-15 10:15:34,1776248134,R_75,32285.9022,1,1.7233999999989464,BACKFILL_AUTO
2026-04-15 10:15:36,1776248136,R_75,32293.6045,1,7.702300000000832,BACKFILL_AUTO
2026-04-15 10:15:38,1776248138,R_75,32294.5641,1,0.9595999999983178,BACKFILL_AUTO
2026-04-15 10:15:40,1776248140,R_75,32300.3039,1,5.739799999999377,BACKFILL_AUTO
2026-04-15 10:15:42,1776248142,R_75,32307.3298,1,7.025900000000547,BACKFILL_AUTO
2026-04-15 10:15:44,1776248144,R_75,32319.8904,1,12.560600000000704,BACKFILL_AUTO
2026-04-15 10:15:46,1776248146,R_75,32321.9548,1,2.0643999999992957,BACKFILL_AUTO
2026-04-15 10:15:48,1776248148,R_75,32325.6132,1,3.658400000000256,BACKFILL_AUTO
2026-04-15 10:15:50,1776248150,R_75,32324.8758,-1,0.7373999999981606,BACKFILL_AUTO
2026-04-15 10:15:52,1776248152,R_75,32326.5085,1,1.6326999999982945,BACKFILL_AUTO
2026-04-15 10:15:54,1776248154,R_75,32328.2587,1,1.7501999999985856,BACKFILL_AUTO
2026-04-15 10:15:56,1776248156,R_75,32330.8058,1,2.547099999999773,BACKFILL_AUTO
2026-04-15 10:15:58,1776248158,R_75,32329.7209,-1,1.0848999999980151,BACKFILL_AUTO
2026-04-15 10:16:00,1776248160,R_75,32331.3946,1,1.6736999999993714,BACKFILL_AUTO
2026-04-15 10:16:02,1776248162,R_75,32343.9436,1,12.548999999999069,BACKFILL_AUTO
2026-04-15 10:16:04,1776248164,R_75,32337.5212,-1,6.42239999999947,BACKFILL_AUTO
2026-04-15 10:16:06,1776248166,R_75,32327.1835,-1,10.33770000000004,BACKFILL_AUTO
2026-04-15 10:16:08,1776248168,R_75,32323.2496,-1,3.933899999999994,BACKFILL_AUTO
2026-04-15 10:16:10,1776248170,R_75,32319.0033,-1,4.246299999998882,BACKFILL_AUTO
2026-04-15 10:16:12,1776248172,R_75,32317.7436,-1,1.259699999998702,BACKFILL_AUTO
2026-04-15 10:16:14,1776248174,R_75,32323.1569,1,5.413300000000163,BACKFILL_AUTO
2026-04-15 10:16:16,1776248176,R_75,32317.2104,-1,5.9465000000018335,BACKFILL_AUTO
2026-04-15 10:16:18,1776248178,R_75,32314.4934,-1,2.717000000000553,BACKFILL_AUTO
2026-04-15 10:16:20,1776248180,R_75,32309.1466,-1,5.346799999999348,BACKFILL_AUTO
2026-04-15 10:16:22,1776248182,R_75,32318.1745,1,9.027900000000955,BACKFILL_AUTO
2026-04-15 10:16:24,1776248184,R_75,32313.9567,-1,4.217800000002171,BACKFILL_AUTO
2026-04-15 10:16:26,1776248186,R_75,32318.9797,1,5.023000000001048,BACKFILL_AUTO
2026-04-15 10:16:28,1776248188,R_75,32330.4116,1,11.431899999999587,BACKFILL_AUTO
2026-04-15 10:16:30,1776248190,R_75,32337.8487,1,7.437099999999191,BACKFILL_AUTO
2026-04-15 10:16:32,1776248192,R_75,32326.7808,-1,11.06789999999819,BACKFILL_AUTO
2026-04-15 10:16:34,1776248194,R_75,32319.2739,-1,7.506900000000314,BACKFILL_AUTO
2026-04-15 10:16:36,1776248196,R_75,32310.2918,-1,8.982100000001083,BACKFILL_AUTO
2026-04-15 10:16:38,1776248198,R_75,32310.5065,1,0.2147000000004482,BACKFILL_AUTO
2026-04-15 10:16:40,1776248200,R_75,32307.3451,-1,3.1614000000008673,BACKFILL_AUTO
2026-04-15 10:16:42,1776248202,R_75,32304.47,-1,2.875099999997474,BACKFILL_AUTO
2026-04-15 10:16:44,1776248204,R_75,32317.1175,1,12.647499999999127,BACKFILL_AUTO
2026-04-15 10:16:46,1776248206,R_75,32307.0056,-1,10.111899999999878,BACKFILL_AUTO
2026-04-15 10:16:48,1776248208,R_75,32308.6877,1,1.6820999999981723,BACKFILL_AUTO
2026-04-15 10:16:50,1776248210,R_75,32309.7441,1,1.0564000000013039,BACKFILL_AUTO
2026-04-15 10:16:52,1776248212,R_75,32314.9785,1,5.234400000001187,BACKFILL_AUTO
2026-04-15 10:16:54,1776248214,R_75,32321.6459,1,6.667399999998452,BACKFILL_AUTO
2026-04-15 10:16:56,1776248216,R_75,32331.1885,1,9.542600000000675,BACKFILL_AUTO
2026-04-15 10:16:58,1776248218,R_75,32337.6687,1,6.480199999998149,BACKFILL_AUTO
2026-04-15 10:17:00,1776248220,R_75,32330.8197,-1,6.848999999998341,BACKFILL_AUTO
2026-04-15 10:17:02,1776248222,R_75,32327.032,-1,3.7877000000007683,BACKFILL_AUTO
2026-04-15 10:17:04,1776248224,R_75,32319.7237,-1,7.3083000000005995,BACKFILL_AUTO
2026-04-15 10:17:06,1776248226,R_75,32323.2505,1,3.526799999999639,BACKFILL_AUTO
2026-04-15 10:17:08,1776248228,R_75,32317.8619,-1,5.388599999998405,BACKFILL_AUTO
2026-04-15 10:17:10,1776248230,R_75,32317.7368,-1,0.12510000000111177,BACKFILL_AUTO
2026-04-15 10:17:12,1776248232,R_75,32312.9078,-1,4.8289999999979045,BACKFILL_AUTO
2026-04-15 10:17:14,1776248234,R_75,32315.4763,1,2.5684999999975844,BACKFILL_AUTO
2026-04-15 10:17:16,1776248236,R_75,32313.1315,-1,2.3447999999989406,BACKFILL_AUTO
2026-04-15 10:17:18,1776248238,R_75,32309.2923,-1,3.8391999999985273,BACKFILL_AUTO
2026-04-15 10:17:20,1776248240,R_75,32311.5098,1,2.217499999998836,BACKFILL_AUTO
2026-04-15 10:17:22,1776248242,R_75,32311.7917,1,0.2819000000017695,BACKFILL_AUTO
2026-04-15 10:17:24,1776248244,R_75,32306.2561,-1,5.535600000002887,BACKFILL_AUTO
2026-04-15 10:17:26,1776248246,R_75,32307.6414,1,1.3853000000017346,BACKFILL_AUTO
2026-04-15 10:17:28,1776248248,R_75,32304.4094,-1,3.231999999999971,BACKFILL_AUTO
2026-04-15 10:17:30,1776248250,R_75,32292.7004,-1,11.708999999998923,BACKFILL_AUTO
2026-04-15 10:17:32,1776248252,R_75,32297.1492,1,4.4487999999983,BACKFILL_AUTO
2026-04-15 10:17:34,1776248254,R_75,32294.0695,-1,3.079699999998411,BACKFILL_AUTO
2026-04-15 10:17:36,1776248256,R_75,32293.7033,-1,0.36620000000039,BACKFILL_AUTO
2026-04-15 10:17:38,1776248258,R_75,32304.1778,1,10.474500000000262,BACKFILL_AUTO
2026-04-15 10:17:40,1776248260,R_75,32304.2743,1,0.09649999999965075,BACKFILL_AUTO
2026-04-15 10:17:42,1776248262,R_75,32314.0135,1,9.739199999999983,BACKFILL_AUTO
2026-04-15 10:17:44,1776248264,R_75,32304.1138,-1,9.899700000001758,BACKFILL_AUTO
2026-04-15 10:17:46,1776248266,R_75,32302.0806,-1,2.0331999999980326,BACKFILL_AUTO
2026-04-15 10:17:48,1776248268,R_75,32301.7308,-1,0.34979999999995925,BACKFILL_AUTO
2026-04-15 10:17:50,1776248270,R_75,32305.9661,1,4.235300000000279,BACKFILL_AUTO
2026-04-15 10:17:52,1776248272,R_75,32306.904,1,0.9378999999971711,BACKFILL_AUTO
2026-04-15 10:17:54,1776248274,R_75,32307.2552,1,0.35120000000097207,BACKFILL_AUTO
2026-04-15 10:17:56,1776248276,R_75,32311.6526,1,4.397400000001653,BACKFILL_AUTO
2026-04-15 10:17:58,1776248278,R_75,32315.3288,1,3.6761999999980617,BACKFILL_AUTO
2026-04-15 10:18:00,1776248280,R_75,32316.1709,1,0.8421000000016647,BACKFILL_AUTO
2026-04-15 10:18:02,1776248282,R_75,32323.3602,1,7.189299999998184,BACKFILL_AUTO
2026-04-15 10:18:04,1776248284,R_75,32317.7095,-1,5.650699999998324,BACKFILL_AUTO
2026-04-15 10:18:06,1776248286,R_75,32319.2421,1,1.532599999998638,BACKFILL_AUTO
2026-04-15 10:18:08,1776248288,R_75,32311.4366,-1,7.805499999998574,BACKFILL_AUTO
2026-04-15 10:18:10,1776248290,R_75,32314.0293,1,2.5926999999974214,BACKFILL_AUTO
2026-04-15 10:18:12,1776248292,R_75,32315.7384,1,1.709100000000035,BACKFILL_AUTO
2026-04-15 10:18:14,1776248294,R_75,32316.6515,1,0.9131000000015774,BACKFILL_AUTO
2026-04-15 10:18:16,1776248296,R_75,32320.3971,1,3.745599999998376,BACKFILL_AUTO
2026-04-15 10:18:18,1776248298,R_75,32318.1799,-1,2.2171999999991385,BACKFILL_AUTO
2026-04-15 10:18:20,1776248300,R_75,32320.9622,1,2.7823000000025786,BACKFILL_AUTO
2026-04-15 10:18:22,1776248302,R_75,32321.5824,1,0.6201999999975669,BACKFILL_AUTO
2026-04-15 10:18:24,1776248304,R_75,32329.736,1,8.153600000001461,BACKFILL_AUTO
2026-04-15 10:18:26,1776248306,R_75,32324.5155,-1,5.220499999999447,BACKFILL_AUTO
2026-04-15 10:18:28,1776248308,R_75,32334.1024,1,9.586899999998423,BACKFILL_AUTO
2026-04-15 10:18:30,1776248310,R_75,32330.3395,-1,3.7629000000015367,BACKFILL_AUTO
2026-04-15 10:18:32,1776248312,R_75,32333.9229,1,3.5834000000031665,BACKFILL_AUTO
2026-04-15 10:18:34,1776248314,R_75,32331.8863,-1,2.036600000003091,BACKFILL_AUTO
2026-04-15 10:18:36,1776248316,R_75,32324.7014,-1,7.18489999999656,BACKFILL_AUTO
2026-04-15 10:18:38,1776248318,R_75,32321.8271,-1,2.8743000000031316,BACKFILL_AUTO
2026-04-15 10:18:40,1776248320,R_75,32321.6248,-1,0.2022999999971944,BACKFILL_AUTO
2026-04-15 10:18:42,1776248322,R_75,32313.854,-1,7.770800000002055,BACKFILL_AUTO
2026-04-15 10:18:44,1776248324,R_75,32312.73,-1,1.1239999999997963,BACKFILL_AUTO
2026-04-15 10:18:46,1776248326,R_75,32319.0882,1,6.35819999999876,BACKFILL_AUTO
2026-04-15 10:18:48,1776248328,R_75,32309.9834,-1,9.10479999999734,BACKFILL_AUTO
2026-04-15 10:18:50,1776248330,R_75,32318.7624,1,8.778999999998632,BACKFILL_AUTO
2026-04-15 10:18:52,1776248332,R_75,32322.6482,1,3.8858000000000175,BACKFILL_AUTO
2026-04-15 10:18:54,1776248334,R_75,32330.1115,1,7.463299999999435,BACKFILL_AUTO
2026-04-15 10:18:56,1776248336,R_75,32336.4315,1,6.319999999999709,BACKFILL_AUTO
2026-04-15 10:18:58,1776248338,R_75,32326.2091,-1,10.222399999998743,BACKFILL_AUTO
2026-04-15 10:19:00,1776248340,R_75,32328.4293,1,2.2201999999997497,BACKFILL_AUTO
2026-04-15 10:19:02,1776248342,R_75,32340.1166,1,11.687300000001414,BACKFILL_AUTO
2026-04-15 10:19:04,1776248344,R_75,32337.111,-1,3.0056000000004133,BACKFILL_AUTO
2026-04-15 10:19:06,1776248346,R_75,32334.3628,-1,2.748200000001816,BACKFILL_AUTO
2026-04-15 10:19:08,1776248348,R_75,32334.6206,1,0.2577999999994063,BACKFILL_AUTO
2026-04-15 10:19:10,1776248350,R_75,32335.8613,1,1.2407000000021071,BACKFILL_AUTO
2026-04-15 10:19:12,1776248352,R_75,32337.4501,1,1.5887999999977183,BACKFILL_AUTO
2026-04-15 10:19:14,1776248354,R_75,32333.8955,-1,3.554599999999482,BACKFILL_AUTO
2026-04-15 10:19:16,1776248356,R_75,32330.3469,-1,3.5485999999982596,BACKFILL_AUTO
2026-04-15 10:19:18,1776248358,R_75,32325.6141,-1,4.732800000001589,BACKFILL_AUTO
2026-04-15 10:19:20,1776248360,R_75,32333.2258,1,7.611700000001292,BACKFILL_AUTO
2026-04-15 10:19:22,1776248362,R_75,32326.2155,-1,7.010300000001735,BACKFILL_AUTO
2026-04-15 10:19:24,1776248364,R_75,32328.6918,1,2.476300000002084,BACKFILL_AUTO
2026-04-15 10:19:26,1776248366,R_75,32319.8947,-1,8.797099999999773,BACKFILL_AUTO
2026-04-15 10:19:28,1776248368,R_75,32316.0362,-1,3.8585000000020955,BACKFILL_AUTO
2026-04-15 10:19:30,1776248370,R_75,32306.3582,-1,9.677999999999884,BACKFILL_AUTO
2026-04-15 10:19:32,1776248372,R_75,32312.6781,1,6.319900000002235,BACKFILL_AUTO
2026-04-15 10:19:34,1776248374,R_75,32304.6761,-1,8.002000000000407,BACKFILL_AUTO
2026-04-15 10:19:36,1776248376,R_75,32296.6498,-1,8.026300000001356,BACKFILL_AUTO
2026-04-15 10:19:38,1776248378,R_75,32298.8738,1,2.224000000001979,BACKFILL_AUTO
2026-04-15 10:19:40,1776248380,R_75,32294.995,-1,3.8788000000022294,BACKFILL_AUTO
2026-04-15 10:19:42,1776248382,R_75,32293.3542,-1,1.6407999999973981,BACKFILL_AUTO
2026-04-15 10:19:44,1776248384,R_75,32298.0207,1,4.66649999999936,BACKFILL_AUTO
2026-04-15 10:19:46,1776248386,R_75,32304.9552,1,6.934499999999389,BACKFILL_AUTO
2026-04-15 10:19:48,1776248388,R_75,32312.411,1,7.455799999999726,BACKFILL_AUTO
2026-04-15 10:19:50,1776248390,R_75,32306.071,-1,6.3400000000001455,BACKFILL_AUTO
2026-04-15 10:19:52,1776248392,R_75,32314.124,1,8.052999999999884,BACKFILL_AUTO
2026-04-15 10:19:54,1776248394,R_75,32304.5644,-1,9.5596000000005,BACKFILL_AUTO
2026-04-15 10:19:56,1776248396,R_75,32299.0495,-1,5.514899999998306,BACKFILL_AUTO
2026-04-15 10:19:58,1776248398,R_75,32304.6703,1,5.6208000000005995,BACKFILL_AUTO
2026-04-15 10:20:00,1776248400,R_75,32301.2582,-1,3.4121000000013737,BACKFILL_AUTO
2026-04-15 10:20:02,1776248402,R_75,32293.8954,-1,7.36279999999897,BACKFILL_AUTO
2026-04-15 10:20:04,1776248404,R_75,32294.0109,1,0.11549999999988358,BACKFILL_AUTO
2026-04-15 10:20:06,1776248406,R_75,32290.638,-1,3.3729000000021188,BACKFILL_AUTO
2026-04-15 10:20:08,1776248408,R_75,32288.7848,-1,1.8531999999977415,BACKFILL_AUTO
2026-04-15 10:20:10,1776248410,R_75,32302.6247,1,13.839899999999034,BACKFILL_AUTO
2026-04-15 10:20:12,1776248412,R_75,32310.1976,1,7.572899999999208,BACKFILL_AUTO
2026-04-15 10:20:14,1776248414,R_75,32312.1031,1,1.9055000000007567,BACKFILL_AUTO
2026-04-15 10:20:16,1776248416,R_75,32320.6614,1,8.5583000000006,BACKFILL_AUTO
2026-04-15 10:20:18,1776248418,R_75,32310.4416,-1,10.219800000002579,BACKFILL_AUTO
2026-04-15 10:20:20,1776248420,R_75,32322.7547,1,12.313100000003033,BACKFILL_AUTO
2026-04-15 10:20:22,1776248422,R_75,32317.423,-1,5.331700000002456,BACKFILL_AUTO
2026-04-15 10:20:24,1776248424,R_75,32305.6564,-1,11.766599999999016,BACKFILL_AUTO
2026-04-15 10:20:26,1776248426,R_75,32294.9006,-1,10.755799999998999,BACKFILL_AUTO
2026-04-15 10:20:28,1776248428,R_75,32297.7119,1,2.8112999999975727,BACKFILL_AUTO
2026-04-15 10:20:30,1776248430,R_75,32308.2962,1,10.584300000002258,BACKFILL_AUTO
2026-04-15 10:20:32,1776248432,R_75,32304.656,-1,3.6402000000016415,BACKFILL_AUTO
2026-04-15 10:20:34,1776248434,R_75,32299.6452,-1,5.0108000000000175,BACKFILL_AUTO
2026-04-15 10:20:36,1776248436,R_75,32302.8509,1,3.2057000000022526,BACKFILL_AUTO
2026-04-15 10:20:38,1776248438,R_75,32295.8644,-1,6.986500000002707,BACKFILL_AUTO
2026-04-15 10:20:40,1776248440,R_75,32286.1169,-1,9.747499999997672,BACKFILL_AUTO
2026-04-15 10:20:42,1776248442,R_75,32277.9651,-1,8.15179999999964,BACKFILL_AUTO
2026-04-15 10:20:44,1776248444,R_75,32271.5922,-1,6.372900000002119,BACKFILL_AUTO
2026-04-15 10:20:46,1776248446,R_75,32268.2433,-1,3.3489000000008673,BACKFILL_AUTO
2026-04-15 10:20:48,1776248448,R_75,32270.5374,1,2.2941000000028,BACKFILL_AUTO
2026-04-15 10:20:50,1776248450,R_75,32275.0444,1,4.506999999997788,BACKFILL_AUTO
2026-04-15 10:20:52,1776248452,R_75,32269.154,-1,5.890400000000227,BACKFILL_AUTO
2026-04-15 10:20:54,1776248454,R_75,32266.4273,-1,2.726699999999255,BACKFILL_AUTO
2026-04-15 10:20:56,1776248456,R_75,32261.5952,-1,4.8320999999996275,BACKFILL_AUTO
2026-04-15 10:20:58,1776248458,R_75,32253.7899,-1,7.805299999999988,BACKFILL_AUTO
2026-04-15 10:21:00,1776248460,R_75,32248.7246,-1,5.065299999998388,BACKFILL_AUTO
2026-04-15 10:21:02,1776248462,R_75,32240.2758,-1,8.448800000001938,BACKFILL_AUTO
2026-04-15 10:21:04,1776248464,R_75,32230.1687,-1,10.107100000001083,BACKFILL_AUTO
2026-04-15 10:21:06,1776248466,R_75,32232.657,1,2.4883000000008906,BACKFILL_AUTO
2026-04-15 10:21:08,1776248468,R_75,32235.1074,1,2.4504000000015367,BACKFILL_AUTO
2026-04-15 10:21:10,1776248470,R_75,32232.2135,-1,2.893899999999121,BACKFILL_AUTO
2026-04-15 10:21:12,1776248472,R_75,32238.7155,1,6.5019999999967695,BACKFILL_AUTO
2026-04-15 10:21:14,1776248474,R_75,32236.8387,-1,1.876799999998184,BACKFILL_AUTO
2026-04-15 10:21:16,1776248476,R_75,32235.4161,-1,1.4226000000016938,BACKFILL_AUTO
2026-04-15 10:21:18,1776248478,R_75,32237.1749,1,1.758800000003248,BACKFILL_AUTO
2026-04-15 10:21:20,1776248480,R_75,32229.2898,-1,7.885100000003149,BACKFILL_AUTO
2026-04-15 10:21:22,1776248482,R_75,32228.7906,-1,0.4991999999983818,BACKFILL_AUTO
2026-04-15 10:21:24,1776248484,R_75,32233.0782,1,4.287599999999657,BACKFILL_AUTO
2026-04-15 10:21:26,1776248486,R_75,32229.8497,-1,3.228500000001077,BACKFILL_AUTO
2026-04-15 10:21:28,1776248488,R_75,32225.4536,-1,4.396099999998114,BACKFILL_AUTO
2026-04-15 10:21:30,1776248490,R_75,32222.7228,-1,2.7308000000011816,BACKFILL_AUTO
2026-04-15 10:21:32,1776248492,R_75,32222.6755,-1,0.047299999998358544,BACKFILL_AUTO
2026-04-15 10:21:34,1776248494,R_75,32229.6069,1,6.931399999997666,BACKFILL_AUTO
2026-04-15 10:21:36,1776248496,R_75,32227.3569,-1,2.25,BACKFILL_AUTO
2026-04-15 10:21:38,1776248498,R_75,32232.7458,1,5.38890000000174,BACKFILL_AUTO
2026-04-15 10:21:40,1776248500,R_75,32231.6187,-1,1.1271000000015192,BACKFILL_AUTO
2026-04-15 10:21:42,1776248502,R_75,32229.6171,-1,2.0015999999995984,BACKFILL_AUTO
2026-04-15 10:21:44,1776248504,R_75,32230.1266,1,0.5095000000001164,BACKFILL_AUTO
2026-04-15 10:21:46,1776248506,R_75,32223.2525,-1,6.874100000000908,BACKFILL_AUTO
2026-04-15 10:21:48,1776248508,R_75,32216.9952,-1,6.257299999997485,BACKFILL_AUTO
2026-04-15 10:21:50,1776248510,R_75,32219.531,1,2.5357999999978347,BACKFILL_AUTO
2026-04-15 10:21:52,1776248512,R_75,32214.2351,-1,5.295899999997346,BACKFILL_AUTO
2026-04-15 10:21:54,1776248514,R_75,32204.9701,-1,9.265000000003056,BACKFILL_AUTO
2026-04-15 10:21:56,1776248516,R_75,32201.2434,-1,3.726699999999255,BACKFILL_AUTO
2026-04-15 10:21:58,1776248518,R_75,32192.2792,-1,8.964199999998527,BACKFILL_AUTO
2026-04-15 10:22:00,1776248520,R_75,32190.0592,-1,2.220000000001164,BACKFILL_AUTO
2026-04-15 10:22:02,1776248522,R_75,32191.9308,1,1.8715999999985797,BACKFILL_AUTO
2026-04-15 10:22:04,1776248524,R_75,32194.8393,1,2.908500000001368,BACKFILL_AUTO
2026-04-15 10:22:06,1776248526,R_75,32193.5148,-1,1.3244999999988067,BACKFILL_AUTO
2026-04-15 10:22:08,1776248528,R_75,32189.2453,-1,4.269500000002154,BACKFILL_AUTO
2026-04-15 10:22:10,1776248530,R_75,32190.0618,1,0.8165000000008149,BACKFILL_AUTO
2026-04-15 10:22:12,1776248532,R_75,32189.6298,-1,0.4320000000006985,BACKFILL_AUTO
2026-04-15 10:22:14,1776248534,R_75,32186.988,-1,2.641799999997602,BACKFILL_AUTO
2026-04-15 10:22:16,1776248536,R_75,32198.5264,1,11.538399999997637,BACKFILL_AUTO
2026-04-15 10:22:18,1776248538,R_75,32191.6153,-1,6.911099999997532,BACKFILL_AUTO
2026-04-15 10:22:20,1776248540,R_75,32181.0349,-1,10.580400000002555,BACKFILL_AUTO
2026-04-15 10:22:22,1776248542,R_75,32186.3956,1,5.3607000000010885,BACKFILL_AUTO
2026-04-15 10:22:24,1776248544,R_75,32168.6005,-1,17.795099999999366,BACKFILL_AUTO
2026-04-15 10:22:26,1776248546,R_75,32166.8235,-1,1.7770000000018626,BACKFILL_AUTO
2026-04-15 10:22:28,1776248548,R_75,32174.4052,1,7.581700000002456,BACKFILL_AUTO
2026-04-15 10:22:30,1776248550,R_75,32174.6958,1,0.29060000000026776,BACKFILL_AUTO
2026-04-15 10:22:32,1776248552,R_75,32178.7152,1,4.019399999997404,BACKFILL_AUTO
2026-04-15 10:22:34,1776248554,R_75,32173.4095,-1,5.3056999999971595,BACKFILL_AUTO
2026-04-15 10:22:36,1776248556,R_75,32166.1026,-1,7.306900000003225,BACKFILL_AUTO
2026-04-15 10:22:38,1776248558,R_75,32162.8224,-1,3.2801999999974214,BACKFILL_AUTO
2026-04-15 10:22:40,1776248560,R_75,32156.4286,-1,6.393800000001647,BACKFILL_AUTO
2026-04-15 10:22:42,1776248562,R_75,32155.7966,-1,0.6319999999977881,BACKFILL_AUTO
2026-04-15 10:22:44,1776248564,R_75,32153.8043,-1,1.9923000000017055,BACKFILL_AUTO
2026-04-15 10:22:46,1776248566,R_75,32148.7301,-1,5.074199999999109,BACKFILL_AUTO
2026-04-15 10:22:48,1776248568,R_75,32148.0489,-1,0.6811999999990803,BACKFILL_AUTO
2026-04-15 10:22:50,1776248570,R_75,32158.0341,1,9.985199999999168,BACKFILL_AUTO
2026-04-15 10:22:52,1776248572,R_75,32154.2586,-1,3.775499999999738,BACKFILL_AUTO
2026-04-15 10:22:54,1776248574,R_75,32150.7976,-1,3.4609999999993306,BACKFILL_AUTO
2026-04-15 10:22:56,1776248576,R_75,32150.624,-1,0.17360000000189757,BACKFILL_AUTO
2026-04-15 10:22:58,1776248578,R_75,32150.8436,1,0.21960000000035507,BACKFILL_AUTO
2026-04-15 10:23:00,1776248580,R_75,32155.5479,1,4.70430000000124,BACKFILL_AUTO
2026-04-15 10:23:02,1776248582,R_75,32167.3549,1,11.80699999999706,BACKFILL_AUTO
2026-04-15 10:23:04,1776248584,R_75,32162.9921,-1,4.36279999999897,BACKFILL_AUTO
2026-04-15 10:23:06,1776248586,R_75,32171.2367,1,8.24460000000181,BACKFILL_AUTO
2026-04-15 10:23:08,1776248588,R_75,32169.9264,-1,1.310300000001007,BACKFILL_AUTO
2026-04-15 10:23:10,1776248590,R_75,32168.4092,-1,1.517200000002049,BACKFILL_AUTO
2026-04-15 10:23:12,1776248592,R_75,32163.698,-1,4.711199999997916,BACKFILL_AUTO
2026-04-15 10:23:14,1776248594,R_75,32164.5907,1,0.8927000000003318,BACKFILL_AUTO
2026-04-15 10:23:16,1776248596,R_75,32163.541,-1,1.049699999999575,BACKFILL_AUTO
2026-04-15 10:23:18,1776248598,R_75,32173.3547,1,9.81369999999879,BACKFILL_AUTO
2026-04-15 10:23:20,1776248600,R_75,32183.3763,1,10.021600000000035,BACKFILL_AUTO
2026-04-15 10:23:22,1776248602,R_75,32184.4947,1,1.118399999999383,BACKFILL_AUTO
2026-04-15 10:23:24,1776248604,R_75,32185.0078,1,0.5131000000001222,BACKFILL_AUTO
2026-04-15 10:23:26,1776248606,R_75,32188.7526,1,3.744800000000396,BACKFILL_AUTO
2026-04-15 10:23:28,1776248608,R_75,32192.642,1,3.8894000000000233,BACKFILL_AUTO
2026-04-15 10:23:30,1776248610,R_75,32183.8617,-1,8.780299999998533,BACKFILL_AUTO
2026-04-15 10:23:32,1776248612,R_75,32180.5396,-1,3.322100000001228,BACKFILL_AUTO
2026-04-15 10:23:34,1776248614,R_75,32189.1218,1,8.58220000000074,BACKFILL_AUTO
2026-04-15 10:23:36,1776248616,R_75,32189.2919,1,0.17009999999936554,BACKFILL_AUTO
2026-04-15 10:23:38,1776248618,R_75,32176.6161,-1,12.67580000000089,BACKFILL_AUTO
2026-04-15 10:23:40,1776248620,R_75,32174.4024,-1,2.2137000000002445,BACKFILL_AUTO
2026-04-15 10:23:42,1776248622,R_75,32177.6062,1,3.203799999999319,BACKFILL_AUTO
2026-04-15 10:23:44,1776248624,R_75,32175.2774,-1,2.328799999999319,BACKFILL_AUTO
2026-04-15 10:23:46,1776248626,R_75,32181.7258,1,6.448400000001129,BACKFILL_AUTO
2026-04-15 10:23:48,1776248628,R_75,32180.8164,-1,0.9094000000004598,BACKFILL_AUTO
2026-04-15 10:23:50,1776248630,R_75,32179.3052,-1,1.5112000000008265,BACKFILL_AUTO
2026-04-15 10:23:52,1776248632,R_75,32179.1156,-1,0.18959999999788124,BACKFILL_AUTO
2026-04-15 10:23:54,1776248634,R_75,32175.8525,-1,3.2631000000001222,BACKFILL_AUTO
2026-04-15 10:23:56,1776248636,R_75,32188.4832,1,12.630699999997887,BACKFILL_AUTO
2026-04-15 10:23:58,1776248638,R_75,32191.6177,1,3.1345000000001164,BACKFILL_AUTO
2026-04-15 10:24:00,1776248640,R_75,32191.9373,1,0.31960000000253785,BACKFILL_AUTO
2026-04-15 10:24:02,1776248642,R_75,32186.1598,-1,5.7775000000001455,BACKFILL_AUTO
2026-04-15 10:24:04,1776248644,R_75,32202.416,1,16.256199999999808,BACKFILL_AUTO
2026-04-15 10:24:06,1776248646,R_75,32208.7068,1,6.290799999998853,BACKFILL_AUTO
2026-04-15 10:24:08,1776248648,R_75,32210.4601,1,1.7533000000003085,BACKFILL_AUTO
2026-04-15 10:24:10,1776248650,R_75,32217.1157,1,6.6555999999982305,BACKFILL_AUTO
2026-04-15 10:24:12,1776248652,R_75,32212.4356,-1,4.680099999997765,BACKFILL_AUTO
2026-04-15 10:24:14,1776248654,R_75,32208.2049,-1,4.23070000000007,BACKFILL_AUTO
2026-04-15 10:24:16,1776248656,R_75,32206.4478,-1,1.7570999999988999,BACKFILL_AUTO
2026-04-15 10:24:18,1776248658,R_75,32210.1393,1,3.691499999997177,BACKFILL_AUTO
2026-04-15 10:24:20,1776248660,R_75,32206.7681,-1,3.3711999999977706,BACKFILL_AUTO
2026-04-15 10:24:22,1776248662,R_75,32200.1604,-1,6.607700000000477,BACKFILL_AUTO
2026-04-15 10:24:24,1776248664,R_75,32199.4051,-1,0.755300000000716,BACKFILL_AUTO
2026-04-15 10:24:26,1776248666,R_75,32201.3754,1,1.9703000000008615,BACKFILL_AUTO
2026-04-15 10:24:28,1776248668,R_75,32201.4475,1,0.0720999999975902,BACKFILL_AUTO
2026-04-15 10:24:30,1776248670,R_75,32186.4722,-1,14.975299999998242,BACKFILL_AUTO
2026-04-15 10:24:32,1776248672,R_75,32188.3081,1,1.8358999999982188,BACKFILL_AUTO
2026-04-15 10:24:34,1776248674,R_75,32189.8782,1,1.5701000000008207,BACKFILL_AUTO
2026-04-15 10:24:36,1776248676,R_75,32179.6822,-1,10.195999999999913,BACKFILL_AUTO
2026-04-15 10:24:38,1776248678,R_75,32185.2803,1,5.598099999999249,BACKFILL_AUTO
2026-04-15 10:24:40,1776248680,R_75,32197.1246,1,11.844300000000658,BACKFILL_AUTO
2026-04-15 10:24:42,1776248682,R_75,32190.8667,-1,6.257900000000518,BACKFILL_AUTO
2026-04-15 10:24:44,1776248684,R_75,32194.3445,1,3.4778000000005704,BACKFILL_AUTO
2026-04-15 10:24:46,1776248686,R_75,32194.9582,1,0.6137000000016997,BACKFILL_AUTO
2026-04-15 10:24:48,1776248688,R_75,32192.0622,-1,2.8960000000006403,BACKFILL_AUTO
2026-04-15 10:24:50,1776248690,R_75,32200.2455,1,8.1833000000006,BACKFILL_AUTO
2026-04-15 10:24:52,1776248692,R_75,32200.8285,1,0.5829999999987194,BACKFILL_AUTO
2026-04-15 10:24:54,1776248694,R_75,32205.4829,1,4.654399999999441,BACKFILL_AUTO
2026-04-15 10:24:56,1776248696,R_75,32211.3093,1,5.82640000000174,BACKFILL_AUTO
2026-04-15 10:24:58,1776248698,R_75,32206.1345,-1,5.174800000000687,BACKFILL_AUTO
2026-04-15 10:25:00,1776248700,R_75,32209.4532,1,3.318699999999808,BACKFILL_AUTO
2026-04-15 10:25:02,1776248702,R_75,32211.8375,1,2.384300000001531,BACKFILL_AUTO
2026-04-15 10:25:04,1776248704,R_75,32214.9802,1,3.142700000000332,BACKFILL_AUTO
2026-04-15 10:25:06,1776248706,R_75,32219.6711,1,4.690899999997782,BACKFILL_AUTO
2026-04-15 10:25:08,1776248708,R_75,32211.9198,-1,7.751299999999901,BACKFILL_AUTO
2026-04-15 10:25:10,1776248710,R_75,32211.5694,-1,0.3503999999993539,BACKFILL_AUTO
2026-04-15 10:25:12,1776248712,R_75,32213.1331,1,1.5636999999987893,BACKFILL_AUTO
2026-04-15 10:25:14,1776248714,R_75,32217.7714,1,4.638300000002346,BACKFILL_AUTO
2026-04-15 10:25:16,1776248716,R_75,32217.3129,-1,0.4585000000006403,BACKFILL_AUTO
2026-04-15 10:25:18,1776248718,R_75,32216.5866,-1,0.7263000000020838,BACKFILL_AUTO
2026-04-15 10:25:20,1776248720,R_75,32225.5944,1,9.007800000003044,BACKFILL_AUTO
2026-04-15 10:25:22,1776248722,R_75,32223.6206,-1,1.9738000000033935,BACKFILL_AUTO
2026-04-15 10:25:24,1776248724,R_75,32229.5942,1,5.97360000000117,BACKFILL_AUTO
2026-04-15 10:25:26,1776248726,R_75,32218.6625,-1,10.931700000001001,BACKFILL_AUTO
2026-04-15 10:25:28,1776248728,R_75,32222.0213,1,3.358800000001793,BACKFILL_AUTO
2026-04-15 10:25:30,1776248730,R_75,32220.2116,-1,1.8097000000016124,BACKFILL_AUTO
2026-04-15 10:25:32,1776248732,R_75,32216.5706,-1,3.6409999999996217,BACKFILL_AUTO
2026-04-15 10:25:34,1776248734,R_75,32212.3998,-1,4.170799999999872,BACKFILL_AUTO
2026-04-15 10:25:36,1776248736,R_75,32214.8042,1,2.404399999999441,BACKFILL_AUTO
2026-04-15 10:25:38,1776248738,R_75,32222.8658,1,8.061600000000908,BACKFILL_AUTO
2026-04-15 10:25:40,1776248740,R_75,32215.9004,-1,6.965400000000955,BACKFILL_AUTO
2026-04-15 10:25:42,1776248742,R_75,32221.3428,1,5.442399999999907,BACKFILL_AUTO
2026-04-15 10:25:44,1776248744,R_75,32220.4778,-1,0.8649999999979627,BACKFILL_AUTO
2026-04-15 10:25:46,1776248746,R_75,32225.1488,1,4.6709999999984575,BACKFILL_AUTO
2026-04-15 10:25:48,1776248748,R_75,32228.89,1,3.74120000000039,BACKFILL_AUTO
2026-04-15 10:25:50,1776248750,R_75,32230.0923,1,1.2023000000008324,BACKFILL_AUTO
2026-04-15 10:25:52,1776248752,R_75,32231.084,1,0.9916999999986729,BACKFILL_AUTO
2026-04-15 10:25:54,1776248754,R_75,32222.8681,-1,8.215899999999237,BACKFILL_AUTO
2026-04-15 10:25:56,1776248756,R_75,32226.097,1,3.228900000001886,BACKFILL_AUTO
2026-04-15 10:25:58,1776248758,R_75,32225.2779,-1,0.819100000000617,BACKFILL_AUTO
2026-04-15 10:26:00,1776248760,R_75,32224.8821,-1,0.39580000000205473,BACKFILL_AUTO
2026-04-15 10:26:02,1776248762,R_75,32225.9348,1,1.0527000000001863,BACKFILL_AUTO
2026-04-15 10:26:04,1776248764,R_75,32234.0013,1,8.066500000000815,BACKFILL_AUTO
2026-04-15 10:26:06,1776248766,R_75,32235.9991,1,1.997800000001007,BACKFILL_AUTO
2026-04-15 10:26:08,1776248768,R_75,32245.5194,1,9.520300000000134,BACKFILL_AUTO
2026-04-15 10:26:10,1776248770,R_75,32239.1852,-1,6.334200000001147,BACKFILL_AUTO
2026-04-15 10:26:12,1776248772,R_75,32237.9368,-1,1.2484000000004016,BACKFILL_AUTO
2026-04-15 10:26:14,1776248774,R_75,32238.8644,1,0.9275999999990745,BACKFILL_AUTO
2026-04-15 10:26:16,1776248776,R_75,32244.5362,1,5.671800000000076,BACKFILL_AUTO
2026-04-15 10:26:18,1776248778,R_75,32247.7063,1,3.1701000000030035,BACKFILL_AUTO
2026-04-15 10:26:20,1776248780,R_75,32251.8756,1,4.169299999997747,BACKFILL_AUTO
2026-04-15 10:26:22,1776248782,R_75,32248.2962,-1,3.5793999999987136,BACKFILL_AUTO
2026-04-15 10:26:24,1776248784,R_75,32250.3775,1,2.0812999999980093,BACKFILL_AUTO
2026-04-15 10:26:26,1776248786,R_75,32255.7955,1,5.418000000001484,BACKFILL_AUTO
2026-04-15 10:26:28,1776248788,R_75,32266.1831,1,10.387599999998201,BACKFILL_AUTO
2026-04-15 10:26:30,1776248790,R_75,32266.4906,1,0.30750000000261934,BACKFILL_AUTO
2026-04-15 10:26:32,1776248792,R_75,32266.476,-1,0.014600000002246816,BACKFILL_AUTO
2026-04-15 10:26:34,1776248794,R_75,32268.8755,1,2.3994999999995343,BACKFILL_AUTO
2026-04-15 10:26:36,1776248796,R_75,32266.1395,-1,2.735999999997148,BACKFILL_AUTO
2026-04-15 10:26:38,1776248798,R_75,32264.0108,-1,2.1287000000011176,BACKFILL_AUTO
2026-04-15 10:26:40,1776248800,R_75,32265.736,1,1.7252000000007683,BACKFILL_AUTO
2026-04-15 10:26:42,1776248802,R_75,32278.3072,1,12.571199999998498,BACKFILL_AUTO
2026-04-15 10:26:44,1776248804,R_75,32285.375,1,7.067800000000716,BACKFILL_AUTO
2026-04-15 10:26:46,1776248806,R_75,32286.1773,1,0.8022999999993772,BACKFILL_AUTO
2026-04-15 10:26:48,1776248808,R_75,32284.406,-1,1.7713000000003376,BACKFILL_AUTO
2026-04-15 10:26:50,1776248810,R_75,32269.2633,-1,15.142700000000332,BACKFILL_AUTO
2026-04-15 10:26:52,1776248812,R_75,32260.1547,-1,9.10859999999957,BACKFILL_AUTO
2026-04-15 10:26:54,1776248814,R_75,32269.2416,1,9.08690000000206,BACKFILL_AUTO
2026-04-15 10:26:56,1776248816,R_75,32288.6768,1,19.435199999999895,BACKFILL_AUTO
2026-04-15 10:26:58,1776248818,R_75,32293.9319,1,5.255099999998492,BACKFILL_AUTO
2026-04-15 10:27:00,1776248820,R_75,32299.1136,1,5.181700000001001,BACKFILL_AUTO
2026-04-15 10:27:02,1776248822,R_75,32292.4909,-1,6.622699999999895,BACKFILL_AUTO
2026-04-15 10:27:04,1776248824,R_75,32291.8308,-1,0.6601000000009662,BACKFILL_AUTO
2026-04-15 10:27:06,1776248826,R_75,32289.0737,-1,2.7570999999989,BACKFILL_AUTO
2026-04-15 10:27:08,1776248828,R_75,32286.7532,-1,2.32050000000163,BACKFILL_AUTO
2026-04-15 10:27:10,1776248830,R_75,32279.6942,-1,7.058999999997468,BACKFILL_AUTO
2026-04-15 10:27:12,1776248832,R_75,32273.9798,-1,5.714400000000751,BACKFILL_AUTO
2026-04-15 10:27:14,1776248834,R_75,32275.8617,1,1.8819000000003143,BACKFILL_AUTO
2026-04-15 10:27:16,1776248836,R_75,32278.7226,1,2.860899999999674,BACKFILL_AUTO
2026-04-15 10:27:18,1776248838,R_75,32276.6146,-1,2.1080000000001746,BACKFILL_AUTO
2026-04-15 10:27:20,1776248840,R_75,32274.2875,-1,2.327100000002247,BACKFILL_AUTO
2026-04-15 10:27:22,1776248842,R_75,32275.4201,1,1.1326000000008207,BACKFILL_AUTO
2026-04-15 10:27:24,1776248844,R_75,32270.9174,-1,4.502700000000914,BACKFILL_AUTO
2026-04-15 10:27:26,1776248846,R_75,32269.7478,-1,1.1695999999974447,BACKFILL_AUTO
2026-04-15 10:27:28,1776248848,R_75,32268.5185,-1,1.229300000002695,BACKFILL_AUTO
2026-04-15 10:27:30,1776248850,R_75,32277.3238,1,8.805299999999988,BACKFILL_AUTO
2026-04-15 10:27:32,1776248852,R_75,32276.8892,-1,0.4345999999968626,BACKFILL_AUTO
2026-04-15 10:27:34,1776248854,R_75,32268.3576,-1,8.531600000002072,BACKFILL_AUTO
2026-04-15 10:27:36,1776248856,R_75,32268.6433,1,0.2857000000003609,BACKFILL_AUTO
2026-04-15 10:27:38,1776248858,R_75,32272.3966,1,3.7533000000003085,BACKFILL_AUTO
2026-04-15 10:27:40,1776248860,R_75,32265.3175,-1,7.079099999999016,BACKFILL_AUTO
2026-04-15 10:27:42,1776248862,R_75,32270.5366,1,5.219099999998434,BACKFILL_AUTO
2026-04-15 10:27:44,1776248864,R_75,32268.4419,-1,2.094699999997829,BACKFILL_AUTO
2026-04-15 10:27:46,1776248866,R_75,32254.8582,-1,13.583700000002864,BACKFILL_AUTO
2026-04-15 10:27:48,1776248868,R_75,32257.1742,1,2.316000000002532,BACKFILL_AUTO
2026-04-15 10:27:50,1776248870,R_75,32254.1942,-1,2.9799999999995634,BACKFILL_AUTO
2026-04-15 10:27:52,1776248872,R_75,32242.0554,-1,12.138800000000629,BACKFILL_AUTO
2026-04-15 10:27:54,1776248874,R_75,32233.8001,-1,8.255300000000716,BACKFILL_AUTO
2026-04-15 10:27:56,1776248876,R_75,32230.7296,-1,3.07050000000163,BACKFILL_AUTO
2026-04-15 10:27:58,1776248878,R_75,32234.9796,1,4.25,BACKFILL_AUTO
2026-04-15 10:28:00,1776248880,R_75,32230.7645,-1,4.215099999997619,BACKFILL_AUTO
2026-04-15 10:28:02,1776248882,R_75,32234.8932,1,4.12869999999748,BACKFILL_AUTO
2026-04-15 10:28:04,1776248884,R_75,32248.9863,1,14.093100000001868,BACKFILL_AUTO
2026-04-15 10:28:06,1776248886,R_75,32251.5876,1,2.601299999998446,BACKFILL_AUTO
2026-04-15 10:28:08,1776248888,R_75,32252.9526,1,1.3650000000016007,BACKFILL_AUTO
2026-04-15 10:28:10,1776248890,R_75,32238.3251,-1,14.627500000002328,BACKFILL_AUTO
2026-04-15 10:28:12,1776248892,R_75,32241.3781,1,3.0530000000035216,BACKFILL_AUTO
2026-04-15 10:28:14,1776248894,R_75,32237.2648,-1,4.113300000000891,BACKFILL_AUTO
2026-04-15 10:28:16,1776248896,R_75,32241.4912,1,4.226399999999558,BACKFILL_AUTO
2026-04-15 10:28:18,1776248898,R_75,32239.0158,-1,2.475399999999354,BACKFILL_AUTO
2026-04-15 10:28:20,1776248900,R_75,32244.1902,1,5.174399999999878,BACKFILL_AUTO
2026-04-15 10:28:22,1776248902,R_75,32242.8824,-1,1.3078000000023167,BACKFILL_AUTO
2026-04-15 10:28:24,1776248904,R_75,32246.6125,1,3.730100000000675,BACKFILL_AUTO
2026-04-15 10:28:26,1776248906,R_75,32241.6347,-1,4.97780000000057,BACKFILL_AUTO
2026-04-15 10:28:28,1776248908,R_75,32247.1527,1,5.518000000000029,BACKFILL_AUTO
2026-04-15 10:28:30,1776248910,R_75,32254.5736,1,7.420900000000984,BACKFILL_AUTO
2026-04-15 10:28:32,1776248912,R_75,32258.2219,1,3.648300000000745,BACKFILL_AUTO
2026-04-15 10:28:34,1776248914,R_75,32260.8514,1,2.629499999999098,BACKFILL_AUTO
2026-04-15 10:28:36,1776248916,R_75,32264.2902,1,3.438799999999901,BACKFILL_AUTO
2026-04-15 10:28:38,1776248918,R_75,32255.2484,-1,9.041799999999057,BACKFILL_AUTO
2026-04-15 10:28:40,1776248920,R_75,32252.2357,-1,3.012699999999313,BACKFILL_AUTO
2026-04-15 10:28:42,1776248922,R_75,32254.2574,1,2.0216999999975087,BACKFILL_AUTO
2026-04-15 10:28:44,1776248924,R_75,32256.3939,1,2.136500000000524,BACKFILL_AUTO
2026-04-15 10:28:46,1776248926,R_75,32255.5861,-1,0.8077999999986787,BACKFILL_AUTO
2026-04-15 10:28:48,1776248928,R_75,32258.8182,1,3.2321000000010827,BACKFILL_AUTO
2026-04-15 10:28:50,1776248930,R_75,32252.8384,-1,5.979800000000978,BACKFILL_AUTO
2026-04-15 10:28:52,1776248932,R_75,32243.9396,-1,8.898799999999028,BACKFILL_AUTO
2026-04-15 10:28:54,1776248934,R_75,32235.7007,-1,8.238900000000285,BACKFILL_AUTO
2026-04-15 10:28:56,1776248936,R_75,32236.0095,1,0.3087999999988824,BACKFILL_AUTO
2026-04-15 10:28:58,1776248938,R_75,32219.2914,-1,16.71810000000187,BACKFILL_AUTO
2026-04-15 10:29:00,1776248940,R_75,32226.0743,1,6.782900000001973,BACKFILL_AUTO
2026-04-15 10:29:02,1776248942,R_75,32214.9217,-1,11.152600000001257,BACKFILL_AUTO
2026-04-15 10:29:04,1776248944,R_75,32209.6104,-1,5.311299999997573,BACKFILL_AUTO
2026-04-15 10:29:06,1776248946,R_75,32210.1611,1,0.5506999999997788,BACKFILL_AUTO
2026-04-15 10:29:08,1776248948,R_75,32210.7509,1,0.589799999997922,BACKFILL_AUTO
2026-04-15 10:29:10,1776248950,R_75,32212.5359,1,1.7849999999998545,BACKFILL_AUTO
2026-04-15 10:29:12,1776248952,R_75,32207.7514,-1,4.784499999997934,BACKFILL_AUTO
2026-04-15 10:29:14,1776248954,R_75,32212.3776,1,4.626199999998789,BACKFILL_AUTO
2026-04-15 10:29:16,1776248956,R_75,32212.534,1,0.15639999999984866,BACKFILL_AUTO
2026-04-15 10:29:18,1776248958,R_75,32216.7306,1,4.196599999999307,BACKFILL_AUTO
2026-04-15 10:29:20,1776248960,R_75,32213.5791,-1,3.151499999999942,BACKFILL_AUTO
2026-04-15 10:29:22,1776248962,R_75,32215.792,1,2.2129000000022643,BACKFILL_AUTO
2026-04-15 10:29:24,1776248964,R_75,32213.1669,-1,2.6251000000011118,BACKFILL_AUTO
2026-04-15 10:29:26,1776248966,R_75,32204.8706,-1,8.296300000001793,BACKFILL_AUTO
2026-04-15 10:29:28,1776248968,R_75,32201.755,-1,3.1155999999973574,BACKFILL_AUTO
2026-04-15 10:29:30,1776248970,R_75,32208.219,1,6.463999999999942,BACKFILL_AUTO
2026-04-15 10:29:32,1776248972,R_75,32213.1742,1,4.955200000000332,BACKFILL_AUTO
2026-04-15 10:29:34,1776248974,R_75,32214.6781,1,1.5038999999997031,BACKFILL_AUTO
2026-04-15 10:29:36,1776248976,R_75,32222.1923,1,7.5141999999978,BACKFILL_AUTO
2026-04-15 10:29:38,1776248978,R_75,32236.4676,1,14.275300000001153,BACKFILL_AUTO
2026-04-15 10:29:40,1776248980,R_75,32235.2356,-1,1.231999999999971,BACKFILL_AUTO
2026-04-15 10:29:42,1776248982,R_75,32236.0865,1,0.8509000000012747,BACKFILL_AUTO
2026-04-15 10:29:44,1776248984,R_75,32243.1845,1,7.097999999998137,BACKFILL_AUTO
2026-04-15 10:29:46,1776248986,R_75,32242.3811,-1,0.8034000000006927,BACKFILL_AUTO
2026-04-15 10:29:48,1776248988,R_75,32243.6742,1,1.293100000002596,BACKFILL_AUTO
2026-04-15 10:29:50,1776248990,R_75,32248.2823,1,4.608099999997648,BACKFILL_AUTO
2026-04-15 10:29:52,1776248992,R_75,32248.6638,1,0.38149999999950523,BACKFILL_AUTO
2026-04-15 10:29:54,1776248994,R_75,32253.4467,1,4.782900000001973,BACKFILL_AUTO
2026-04-15 10:29:56,1776248996,R_75,32254.3182,1,0.871500000001106,BACKFILL_AUTO
2026-04-15 10:29:58,1776248998,R_75,32254.3191,1,0.0008999999990919605,BACKFILL_AUTO
2026-04-15 10:30:00,1776249000,R_75,32256.1714,1,1.8522999999986496,BACKFILL_AUTO
2026-04-15 10:30:02,1776249002,R_75,32246.7716,-1,9.399799999999232,BACKFILL_AUTO
2026-04-15 10:30:04,1776249004,R_75,32248.2515,1,1.4798999999984517,BACKFILL_AUTO
2026-04-15 10:30:06,1776249006,R_75,32240.9988,-1,7.252699999997276,BACKFILL_AUTO
2026-04-15 10:30:08,1776249008,R_75,32244.9527,1,3.9539000000004307,BACKFILL_AUTO
2026-04-15 10:30:10,1776249010,R_75,32246.3674,1,1.4146999999975378,BACKFILL_AUTO
2026-04-15 10:30:12,1776249012,R_75,32243.1364,-1,3.230999999999767,BACKFILL_AUTO
2026-04-15 10:30:14,1776249014,R_75,32242.0472,-1,1.0891999999985273,BACKFILL_AUTO
2026-04-15 10:30:16,1776249016,R_75,32241.1123,-1,0.9349000000001979,BACKFILL_AUTO
2026-04-15 10:30:18,1776249018,R_75,32237.6869,-1,3.4254000000000815,BACKFILL_AUTO
2026-04-15 10:30:20,1776249020,R_75,32243.749,1,6.062099999999191,BACKFILL_AUTO
2026-04-15 10:30:22,1776249022,R_75,32238.7801,-1,4.968899999999849,BACKFILL_AUTO
2026-04-15 10:30:24,1776249024,R_75,32233.2241,-1,5.556000000000495,BACKFILL_AUTO
2026-04-15 10:30:26,1776249026,R_75,32232.3633,-1,0.8607999999985623,BACKFILL_AUTO
2026-04-15 10:30:28,1776249028,R_75,32227.551,-1,4.8123000000014144,BACKFILL_AUTO
2026-04-15 10:30:30,1776249030,R_75,32231.8521,1,4.301100000000588,BACKFILL_AUTO
2026-04-15 10:30:32,1776249032,R_75,32240.2458,1,8.393700000000536,BACKFILL_AUTO
2026-04-15 10:30:34,1776249034,R_75,32242.1032,1,1.85740000000078,BACKFILL_AUTO
2026-04-15 10:30:36,1776249036,R_75,32238.3149,-1,3.788300000000163,BACKFILL_AUTO
2026-04-15 10:30:38,1776249038,R_75,32236.6805,-1,1.6344000000026426,BACKFILL_AUTO
2026-04-15 10:30:40,1776249040,R_75,32230.5321,-1,6.148399999998219,BACKFILL_AUTO
2026-04-15 10:30:42,1776249042,R_75,32231.349,1,0.816899999997986,BACKFILL_AUTO
2026-04-15 10:30:44,1776249044,R_75,32237.9688,1,6.619800000000396,BACKFILL_AUTO
2026-04-15 10:30:46,1776249046,R_75,32242.9038,1,4.93500000000131,BACKFILL_AUTO
2026-04-15 10:30:48,1776249048,R_75,32238.3453,-1,4.558499999999185,BACKFILL_AUTO
2026-04-15 10:30:50,1776249050,R_75,32233.6008,-1,4.7445000000006985,BACKFILL_AUTO
2026-04-15 10:30:52,1776249052,R_75,32222.7189,-1,10.881900000000314,BACKFILL_AUTO
2026-04-15 10:30:54,1776249054,R_75,32230.1319,1,7.413000000000466,BACKFILL_AUTO
2026-04-15 10:30:56,1776249056,R_75,32236.3812,1,6.249299999999494,BACKFILL_AUTO
2026-04-15 10:30:58,1776249058,R_75,32231.5775,-1,4.80370000000039,BACKFILL_AUTO
2026-04-15 10:31:00,1776249060,R_75,32230.3806,-1,1.1968999999990046,BACKFILL_AUTO
2026-04-15 10:31:02,1776249062,R_75,32239.4596,1,9.078999999997905,BACKFILL_AUTO
2026-04-15 10:31:04,1776249064,R_75,32245.1295,1,5.66990000000078,BACKFILL_AUTO
2026-04-15 10:31:06,1776249066,R_75,32252.9649,1,7.835399999999936,BACKFILL_AUTO
2026-04-15 10:31:08,1776249068,R_75,32258.6079,1,5.643000000000029,BACKFILL_AUTO
2026-04-15 10:31:10,1776249070,R_75,32257.931,-1,0.6768999999985681,BACKFILL_AUTO
2026-04-15 10:31:12,1776249072,R_75,32254.6656,-1,3.265400000000227,BACKFILL_AUTO
2026-04-15 10:31:14,1776249074,R_75,32252.5495,-1,2.1160999999992782,BACKFILL_AUTO
2026-04-15 10:31:16,1776249076,R_75,32253.0652,1,0.5156999999999243,BACKFILL_AUTO
2026-04-15 10:31:18,1776249078,R_75,32252.3667,-1,0.698500000002241,BACKFILL_AUTO
2026-04-15 10:31:20,1776249080,R_75,32259.7957,1,7.429000000000087,BACKFILL_AUTO
2026-04-15 10:31:22,1776249082,R_75,32258.947,-1,0.8486999999986438,BACKFILL_AUTO
2026-04-15 10:31:24,1776249084,R_75,32268.5348,1,9.587800000001153,BACKFILL_AUTO
2026-04-15 10:31:26,1776249086,R_75,32265.0336,-1,3.5012000000024273,BACKFILL_AUTO
2026-04-15 10:31:28,1776249088,R_75,32256.9642,-1,8.069400000000314,BACKFILL_AUTO
2026-04-15 10:31:30,1776249090,R_75,32259.0107,1,2.0465000000003783,BACKFILL_AUTO
2026-04-15 10:31:32,1776249092,R_75,32263.064,1,4.053299999999581,BACKFILL_AUTO
2026-04-15 10:31:34,1776249094,R_75,32263.6154,1,0.5514000000002852,BACKFILL_AUTO
2026-04-15 10:31:36,1776249096,R_75,32252.5073,-1,11.108099999997648,BACKFILL_AUTO
2026-04-15 10:31:38,1776249098,R_75,32256.909,1,4.401699999998527,BACKFILL_AUTO
2026-04-15 10:31:40,1776249100,R_75,32265.6567,1,8.747699999999895,BACKFILL_AUTO
2026-04-15 10:31:42,1776249102,R_75,32269.2827,1,3.6260000000002037,BACKFILL_AUTO
2026-04-15 10:31:44,1776249104,R_75,32273.5388,1,4.256099999998696,BACKFILL_AUTO
2026-04-15 10:31:46,1776249106,R_75,32279.9114,1,6.372600000002421,BACKFILL_AUTO
2026-04-15 10:31:48,1776249108,R_75,32278.9772,-1,0.9341999999996915,BACKFILL_AUTO
2026-04-15 10:31:50,1776249110,R_75,32275.4775,-1,3.4997000000003027,BACKFILL_AUTO
2026-04-15 10:31:52,1776249112,R_75,32268.3467,-1,7.130800000002637,BACKFILL_AUTO
2026-04-15 10:31:54,1776249114,R_75,32262.195,-1,6.151699999998527,BACKFILL_AUTO
2026-04-15 10:31:56,1776249116,R_75,32267.9461,1,5.7511000000013155,BACKFILL_AUTO
2026-04-15 10:31:58,1776249118,R_75,32262.9917,-1,4.954400000002352,BACKFILL_AUTO
2026-04-15 10:32:00,1776249120,R_75,32264.5079,1,1.5162000000018452,BACKFILL_AUTO
2026-04-15 10:32:02,1776249122,R_75,32262.6162,-1,1.891700000000128,BACKFILL_AUTO
2026-04-15 10:32:04,1776249124,R_75,32266.3505,1,3.7343000000000757,BACKFILL_AUTO
2026-04-15 10:32:06,1776249126,R_75,32260.3908,-1,5.95969999999943,BACKFILL_AUTO
2026-04-15 10:32:08,1776249128,R_75,32253.4926,-1,6.898199999999633,BACKFILL_AUTO
2026-04-15 10:32:10,1776249130,R_75,32253.535,1,0.042399999998451676,BACKFILL_AUTO
2026-04-15 10:32:12,1776249132,R_75,32261.4752,1,7.940200000000914,BACKFILL_AUTO
2026-04-15 10:32:14,1776249134,R_75,32268.7237,1,7.248499999997875,BACKFILL_AUTO
2026-04-15 10:32:16,1776249136,R_75,32265.4355,-1,3.288199999999051,BACKFILL_AUTO
2026-04-15 10:32:18,1776249138,R_75,32280.3661,1,14.930599999999686,BACKFILL_AUTO
2026-04-15 10:32:20,1776249140,R_75,32274.4936,-1,5.872499999997672,BACKFILL_AUTO
2026-04-15 10:32:22,1776249142,R_75,32270.6069,-1,3.8867000000027474,BACKFILL_AUTO
2026-04-15 10:32:24,1776249144,R_75,32273.7154,1,3.1085000000020955,BACKFILL_AUTO
2026-04-15 10:32:26,1776249146,R_75,32287.5105,1,13.795099999999366,BACKFILL_AUTO
2026-04-15 10:32:28,1776249148,R_75,32294.1804,1,6.66990000000078,BACKFILL_AUTO
2026-04-15 10:32:30,1776249150,R_75,32286.2951,-1,7.885300000001735,BACKFILL_AUTO
2026-04-15 10:32:32,1776249152,R_75,32286.0955,-1,0.1995999999999185,BACKFILL_AUTO
2026-04-15 10:32:34,1776249154,R_75,32282.0783,-1,4.017199999998411,BACKFILL_AUTO
2026-04-15 10:32:36,1776249156,R_75,32276.3295,-1,5.748800000001211,BACKFILL_AUTO
2026-04-15 10:32:38,1776249158,R_75,32280.4874,1,4.157900000001973,BACKFILL_AUTO
2026-04-15 10:32:40,1776249160,R_75,32281.5095,1,1.0220999999983178,BACKFILL_AUTO
2026-04-15 10:32:42,1776249162,R_75,32277.2947,-1,4.21480000000156,BACKFILL_AUTO
2026-04-15 10:32:44,1776249164,R_75,32285.5709,1,8.276200000000244,BACKFILL_AUTO
2026-04-15 10:32:46,1776249166,R_75,32293.192,1,7.621100000000297,BACKFILL_AUTO
2026-04-15 10:32:48,1776249168,R_75,32283.2435,-1,9.948499999998603,BACKFILL_AUTO
2026-04-15 10:32:50,1776249170,R_75,32287.3051,1,4.061600000000908,BACKFILL_AUTO
2026-04-15 10:32:52,1776249172,R_75,32293.1509,1,5.845799999999144,BACKFILL_AUTO
2026-04-15 10:32:54,1776249174,R_75,32283.2826,-1,9.86830000000191,BACKFILL_AUTO
2026-04-15 10:32:56,1776249176,R_75,32282.8632,-1,0.41939999999885913,BACKFILL_AUTO
2026-04-15 10:32:58,1776249178,R_75,32282.1935,-1,0.6696999999985565,BACKFILL_AUTO
2026-04-15 10:33:00,1776249180,R_75,32287.1925,1,4.998999999999796,BACKFILL_AUTO
2026-04-15 10:33:02,1776249182,R_75,32289.6799,1,2.4873999999981606,BACKFILL_AUTO
2026-04-15 10:33:04,1776249184,R_75,32282.8238,-1,6.856100000000879,BACKFILL_AUTO
2026-04-15 10:33:06,1776249186,R_75,32281.078,-1,1.7457999999969616,BACKFILL_AUTO
2026-04-15 10:33:08,1776249188,R_75,32275.0017,-1,6.076300000000629,BACKFILL_AUTO
2026-04-15 10:33:10,1776249190,R_75,32277.8514,1,2.8496999999988475,BACKFILL_AUTO
2026-04-15 10:33:12,1776249192,R_75,32274.9588,-1,2.89259999999922,BACKFILL_AUTO
2026-04-15 10:33:14,1776249194,R_75,32267.3991,-1,7.559700000001612,BACKFILL_AUTO
2026-04-15 10:33:16,1776249196,R_75,32268.9386,1,1.5395000000025902,BACKFILL_AUTO
2026-04-15 10:33:18,1776249198,R_75,32259.3765,-1,9.562100000002829,BACKFILL_AUTO
2026-04-15 10:33:20,1776249200,R_75,32266.3627,1,6.986200000003009,BACKFILL_AUTO
2026-04-15 10:33:22,1776249202,R_75,32259.5327,-1,6.830000000001746,BACKFILL_AUTO
2026-04-15 10:33:24,1776249204,R_75,32260.4356,1,0.9029000000009546,BACKFILL_AUTO
2026-04-15 10:33:26,1776249206,R_75,32262.2565,1,1.820899999998801,BACKFILL_AUTO
2026-04-15 10:33:28,1776249208,R_75,32263.2864,1,1.029900000001362,BACKFILL_AUTO
2026-04-15 10:33:30,1776249210,R_75,32252.5485,-1,10.737900000000081,BACKFILL_AUTO
2026-04-15 10:33:32,1776249212,R_75,32253.8618,1,1.3132999999979802,BACKFILL_AUTO
2026-04-15 10:33:34,1776249214,R_75,32252.069,-1,1.7927999999992608,BACKFILL_AUTO
2026-04-15 10:33:36,1776249216,R_75,32250.3036,-1,1.765400000000227,BACKFILL_AUTO
2026-04-15 10:33:38,1776249218,R_75,32246.7906,-1,3.5129999999990105,BACKFILL_AUTO
2026-04-15 10:33:40,1776249220,R_75,32255.3157,1,8.525099999998929,BACKFILL_AUTO
2026-04-15 10:33:42,1776249222,R_75,32256.8148,1,1.499100000000908,BACKFILL_AUTO
2026-04-15 10:33:44,1776249224,R_75,32259.7185,1,2.903699999998935,BACKFILL_AUTO
2026-04-15 10:33:46,1776249226,R_75,32265.3955,1,5.67699999999968,BACKFILL_AUTO
2026-04-15 10:33:48,1776249228,R_75,32262.1463,-1,3.249199999998382,BACKFILL_AUTO
2026-04-15 10:33:50,1776249230,R_75,32259.6054,-1,2.540899999999965,BACKFILL_AUTO
2026-04-15 10:33:52,1776249232,R_75,32255.2619,-1,4.34349999999904,BACKFILL_AUTO
2026-04-15 10:33:54,1776249234,R_75,32246.3149,-1,8.947000000000116,BACKFILL_AUTO
2026-04-15 10:33:56,1776249236,R_75,32244.0223,-1,2.292600000000675,BACKFILL_AUTO
2026-04-15 10:33:58,1776249238,R_75,32249.749,1,5.726699999999255,BACKFILL_AUTO
2026-04-15 10:34:00,1776249240,R_75,32250.1558,1,0.40680000000065775,BACKFILL_AUTO
2026-04-15 10:34:02,1776249242,R_75,32250.8718,1,0.7160000000003492,BACKFILL_AUTO
2026-04-15 10:34:04,1776249244,R_75,32258.6823,1,7.8104999999995925,BACKFILL_AUTO
2026-04-15 10:34:06,1776249246,R_75,32261.5009,1,2.818599999998696,BACKFILL_AUTO
2026-04-15 10:34:08,1776249248,R_75,32251.9817,-1,9.519199999998818,BACKFILL_AUTO
2026-04-15 10:34:10,1776249250,R_75,32248.5553,-1,3.426400000000285,BACKFILL_AUTO
2026-04-15 10:34:12,1776249252,R_75,32260.2122,1,11.65690000000177,BACKFILL_AUTO
2026-04-15 10:34:14,1776249254,R_75,32261.0039,1,0.7916999999979453,BACKFILL_AUTO
2026-04-15 10:34:16,1776249256,R_75,32258.7253,-1,2.278600000001461,BACKFILL_AUTO
2026-04-15 10:34:18,1776249258,R_75,32252.6925,-1,6.0327999999972235,BACKFILL_AUTO
2026-04-15 10:34:20,1776249260,R_75,32242.9937,-1,9.698800000001938,BACKFILL_AUTO
2026-04-15 10:34:22,1776249262,R_75,32237.9737,-1,5.020000000000437,BACKFILL_AUTO
2026-04-15 10:34:24,1776249264,R_75,32231.8913,-1,6.082399999999325,BACKFILL_AUTO
2026-04-15 10:34:26,1776249266,R_75,32230.9769,-1,0.9143999999978405,BACKFILL_AUTO
2026-04-15 10:34:28,1776249268,R_75,32232.1708,1,1.1938999999983935,BACKFILL_AUTO
2026-04-15 10:34:30,1776249270,R_75,32232.8777,1,0.7069000000010419,BACKFILL_AUTO
2026-04-15 10:34:32,1776249272,R_75,32237.244,1,4.366299999997864,BACKFILL_AUTO
2026-04-15 10:34:34,1776249274,R_75,32245.6199,1,8.37590000000273,BACKFILL_AUTO
2026-04-15 10:34:36,1776249276,R_75,32252.2244,1,6.604499999997643,BACKFILL_AUTO
2026-04-15 10:34:38,1776249278,R_75,32250.3299,-1,1.8944999999985157,BACKFILL_AUTO
2026-04-15 10:34:40,1776249280,R_75,32245.7196,-1,4.610300000000279,BACKFILL_AUTO
2026-04-15 10:34:42,1776249282,R_75,32246.8607,1,1.1411000000007334,BACKFILL_AUTO
2026-04-15 10:34:44,1776249284,R_75,32245.0048,-1,1.8559000000022934,BACKFILL_AUTO
2026-04-15 10:34:46,1776249286,R_75,32248.9887,1,3.9839000000029046,BACKFILL_AUTO
2026-04-15 10:34:48,1776249288,R_75,32246.0055,-1,2.983200000002398,BACKFILL_AUTO
2026-04-15 10:34:50,1776249290,R_75,32249.3588,1,3.3533000000024913,BACKFILL_AUTO
2026-04-15 10:34:52,1776249292,R_75,32257.0394,1,7.680599999999686,BACKFILL_AUTO
2026-04-15 10:34:54,1776249294,R_75,32262.8452,1,5.805799999998271,BACKFILL_AUTO
2026-04-15 10:34:56,1776249296,R_75,32253.0636,-1,9.781599999998434,BACKFILL_AUTO
2026-04-15 10:34:58,1776249298,R_75,32258.2521,1,5.188500000000204,BACKFILL_AUTO
2026-04-15 10:35:00,1776249300,R_75,32268.0507,1,9.79859999999826,BACKFILL_AUTO
2026-04-15 10:35:02,1776249302,R_75,32275.6044,1,7.55370000000039,BACKFILL_AUTO
2026-04-15 10:35:04,1776249304,R_75,32272.3812,-1,3.223200000000361,BACKFILL_AUTO
2026-04-15 10:35:06,1776249306,R_75,32274.1288,1,1.7475999999987835,BACKFILL_AUTO
2026-04-15 10:35:08,1776249308,R_75,32270.4964,-1,3.632399999998597,BACKFILL_AUTO
2026-04-15 10:35:10,1776249310,R_75,32271.5432,1,1.0468000000000757,BACKFILL_AUTO
2026-04-15 10:35:12,1776249312,R_75,32272.7479,1,1.204699999998411,BACKFILL_AUTO
2026-04-15 10:35:14,1776249314,R_75,32283.2518,1,10.503899999999703,BACKFILL_AUTO
2026-04-15 10:35:16,1776249316,R_75,32280.6955,-1,2.556299999996554,BACKFILL_AUTO
2026-04-15 10:35:18,1776249318,R_75,32275.9859,-1,4.709600000001956,BACKFILL_AUTO
2026-04-15 10:35:20,1776249320,R_75,32279.2504,1,3.264500000001135,BACKFILL_AUTO
2026-04-15 10:35:22,1776249322,R_75,32278.3875,-1,0.8629000000000815,BACKFILL_AUTO
2026-04-15 10:35:24,1776249324,R_75,32283.1996,1,4.812099999999191,BACKFILL_AUTO
2026-04-15 10:35:26,1776249326,R_75,32286.0319,1,2.832300000001851,BACKFILL_AUTO
2026-04-15 10:35:28,1776249328,R_75,32283.2501,-1,2.7818000000006577,BACKFILL_AUTO
2026-04-15 10:35:30,1776249330,R_75,32278.3772,-1,4.872900000002119,BACKFILL_AUTO
2026-04-15 10:35:32,1776249332,R_75,32280.6787,1,2.301500000001397,BACKFILL_AUTO
2026-04-15 10:35:34,1776249334,R_75,32280.8423,1,0.1635999999998603,BACKFILL_AUTO
2026-04-15 10:35:36,1776249336,R_75,32288.0612,1,7.218899999999849,BACKFILL_AUTO
2026-04-15 10:35:38,1776249338,R_75,32289.4102,1,1.348999999998341,BACKFILL_AUTO
2026-04-15 10:35:40,1776249340,R_75,32279.9492,-1,9.46099999999933,BACKFILL_AUTO
2026-04-15 10:35:42,1776249342,R_75,32277.0248,-1,2.9243999999998778,BACKFILL_AUTO
2026-04-15 10:35:44,1776249344,R_75,32271.8409,-1,5.183899999999994,BACKFILL_AUTO
2026-04-15 10:35:46,1776249346,R_75,32267.4234,-1,4.417499999999563,BACKFILL_AUTO
2026-04-15 10:35:48,1776249348,R_75,32256.5203,-1,10.90309999999954,BACKFILL_AUTO
2026-04-15 10:35:50,1776249350,R_75,32257.2502,1,0.7298999999984517,BACKFILL_AUTO
2026-04-15 10:35:52,1776249352,R_75,32253.6058,-1,3.644399999997404,BACKFILL_AUTO
2026-04-15 10:35:54,1776249354,R_75,32263.6885,1,10.082699999999022,BACKFILL_AUTO
2026-04-15 10:35:56,1776249356,R_75,32266.7132,1,3.02469999999812,BACKFILL_AUTO
2026-04-15 10:35:58,1776249358,R_75,32275.8398,1,9.126600000003236,BACKFILL_AUTO
2026-04-15 10:36:00,1776249360,R_75,32277.9591,1,2.119299999998475,BACKFILL_AUTO
2026-04-15 10:36:02,1776249362,R_75,32275.8345,-1,2.124599999999191,BACKFILL_AUTO
2026-04-15 10:36:04,1776249364,R_75,32283.4193,1,7.584800000000541,BACKFILL_AUTO
2026-04-15 10:36:06,1776249366,R_75,32276.3421,-1,7.077199999999721,BACKFILL_AUTO
2026-04-15 10:36:08,1776249368,R_75,32276.9101,1,0.5679999999993015,BACKFILL_AUTO
2026-04-15 10:36:10,1776249370,R_75,32277.846,1,0.9359000000004016,BACKFILL_AUTO
2026-04-15 10:36:12,1776249372,R_75,32271.1268,-1,6.719200000003184,BACKFILL_AUTO
2026-04-15 10:36:14,1776249374,R_75,32281.1848,1,10.058000000000902,BACKFILL_AUTO
2026-04-15 10:36:16,1776249376,R_75,32284.8525,1,3.667700000001787,BACKFILL_AUTO
2026-04-15 10:36:18,1776249378,R_75,32279.0678,-1,5.784700000000157,BACKFILL_AUTO
2026-04-15 10:36:20,1776249380,R_75,32282.9978,1,3.930000000000291,BACKFILL_AUTO
2026-04-15 10:36:22,1776249382,R_75,32295.8105,1,12.812699999998586,BACKFILL_AUTO
2026-04-15 10:36:24,1776249384,R_75,32297.4541,1,1.6435999999994237,BACKFILL_AUTO
2026-04-15 10:36:26,1776249386,R_75,32307.0375,1,9.583399999999529,BACKFILL_AUTO
2026-04-15 10:36:28,1776249388,R_75,32317.3613,1,10.323800000001938,BACKFILL_AUTO
2026-04-15 10:36:30,1776249390,R_75,32311.0908,-1,6.270499999998719,BACKFILL_AUTO
2026-04-15 10:36:32,1776249392,R_75,32310.9843,-1,0.10650000000168802,BACKFILL_AUTO
2026-04-15 10:36:34,1776249394,R_75,32309.6165,-1,1.3677999999999884,BACKFILL_AUTO
2026-04-15 10:36:36,1776249396,R_75,32311.1642,1,1.5476999999991676,BACKFILL_AUTO
2026-04-15 10:36:38,1776249398,R_75,32304.8625,-1,6.3016999999999825,BACKFILL_AUTO
2026-04-15 10:36:40,1776249400,R_75,32307.6242,1,2.7616999999991094,BACKFILL_AUTO
2026-04-15 10:36:42,1776249402,R_75,32306.7208,-1,0.9033999999992375,BACKFILL_AUTO
2026-04-15 10:36:44,1776249404,R_75,32306.7331,1,0.012300000002142042,BACKFILL_AUTO
2026-04-15 10:36:46,1776249406,R_75,32300.1055,-1,6.627599999999802,BACKFILL_AUTO
2026-04-15 10:36:48,1776249408,R_75,32297.1872,-1,2.9183000000011816,BACKFILL_AUTO
2026-04-15 10:36:50,1776249410,R_75,32297.336,1,0.14879999999902793,BACKFILL_AUTO
2026-04-15 10:36:52,1776249412,R_75,32293.1243,-1,4.211699999999837,BACKFILL_AUTO
2026-04-15 10:36:54,1776249414,R_75,32294.3217,1,1.1974000000009255,BACKFILL_AUTO
2026-04-15 10:36:56,1776249416,R_75,32293.7173,-1,0.6044000000001688,BACKFILL_AUTO
2026-04-15 10:36:58,1776249418,R_75,32295.1948,1,1.4775000000008731,BACKFILL_AUTO
2026-04-15 10:37:00,1776249420,R_75,32301.0337,1,5.83889999999883,BACKFILL_AUTO
2026-04-15 10:37:02,1776249422,R_75,32298.8512,-1,2.1824999999989814,BACKFILL_AUTO
2026-04-15 10:37:04,1776249424,R_75,32293.2081,-1,5.643100000001141,BACKFILL_AUTO
2026-04-15 10:37:06,1776249426,R_75,32296.4789,1,3.2707999999984168,BACKFILL_AUTO
2026-04-15 10:37:08,1776249428,R_75,32292.1167,-1,4.362199999999575,BACKFILL_AUTO
2026-04-15 10:37:10,1776249430,R_75,32291.0594,-1,1.0573000000003958,BACKFILL_AUTO
2026-04-15 10:37:12,1776249432,R_75,32295.6219,1,4.5625,BACKFILL_AUTO
2026-04-15 10:37:14,1776249434,R_75,32295.6332,1,0.011300000001938315,BACKFILL_AUTO
2026-04-15 10:37:16,1776249436,R_75,32285.7897,-1,9.84349999999904,BACKFILL_AUTO
2026-04-15 10:37:18,1776249438,R_75,32273.38,-1,12.409700000000157,BACKFILL_AUTO
2026-04-15 10:37:20,1776249440,R_75,32280.4701,1,7.090099999997619,BACKFILL_AUTO
2026-04-15 10:37:22,1776249442,R_75,32284.8225,1,4.352399999999761,BACKFILL_AUTO
2026-04-15 10:37:24,1776249444,R_75,32301.4347,1,16.612200000003213,BACKFILL_AUTO
2026-04-15 10:37:26,1776249446,R_75,32306.572,1,5.137299999998504,BACKFILL_AUTO
2026-04-15 10:37:28,1776249448,R_75,32313.0616,1,6.489600000000792,BACKFILL_AUTO
2026-04-15 10:37:30,1776249450,R_75,32311.9985,-1,1.0630999999993946,BACKFILL_AUTO
2026-04-15 10:37:32,1776249452,R_75,32318.8528,1,6.854299999999057,BACKFILL_AUTO
2026-04-15 10:37:34,1776249454,R_75,32314.5139,-1,4.33889999999883,BACKFILL_AUTO
2026-04-15 10:37:36,1776249456,R_75,32307.7022,-1,6.81170000000202,BACKFILL_AUTO
2026-04-15 10:37:38,1776249458,R_75,32308.466,1,0.7638000000006286,BACKFILL_AUTO
2026-04-15 10:37:40,1776249460,R_75,32304.8697,-1,3.596300000001065,BACKFILL_AUTO
2026-04-15 10:37:42,1776249462,R_75,32293.5021,-1,11.367599999997765,BACKFILL_AUTO
2026-04-15 10:37:44,1776249464,R_75,32281.4522,-1,12.049900000001799,BACKFILL_AUTO
2026-04-15 10:37:46,1776249466,R_75,32283.1393,1,1.687099999999191,BACKFILL_AUTO
2026-04-15 10:37:48,1776249468,R_75,32286.7178,1,3.5784999999996217,BACKFILL_AUTO
2026-04-15 10:37:50,1776249470,R_75,32293.8172,1,7.099400000002788,BACKFILL_AUTO
2026-04-15 10:37:52,1776249472,R_75,32297.3647,1,3.547499999996944,BACKFILL_AUTO
2026-04-15 10:37:54,1776249474,R_75,32301.8453,1,4.480600000002596,BACKFILL_AUTO
2026-04-15 10:37:56,1776249476,R_75,32305.4801,1,3.6347999999998137,BACKFILL_AUTO
2026-04-15 10:37:58,1776249478,R_75,32304.2195,-1,1.260600000001432,BACKFILL_AUTO
2026-04-15 10:38:00,1776249480,R_75,32297.6108,-1,6.608700000000681,BACKFILL_AUTO
2026-04-15 10:38:02,1776249482,R_75,32291.5001,-1,6.1106999999974505,BACKFILL_AUTO
2026-04-15 10:38:04,1776249484,R_75,32283.7683,-1,7.731800000001385,BACKFILL_AUTO
2026-04-15 10:38:06,1776249486,R_75,32282.6735,-1,1.0947999999989406,BACKFILL_AUTO
2026-04-15 10:38:08,1776249488,R_75,32278.8647,-1,3.8088000000025204,BACKFILL_AUTO
2026-04-15 10:38:10,1776249490,R_75,32274.7028,-1,4.16189999999915,BACKFILL_AUTO
2026-04-15 10:38:12,1776249492,R_75,32269.5281,-1,5.174699999999575,BACKFILL_AUTO
2026-04-15 10:38:14,1776249494,R_75,32267.4774,-1,2.050699999999779,BACKFILL_AUTO
2026-04-15 10:38:16,1776249496,R_75,32272.7278,1,5.250400000000809,BACKFILL_AUTO
2026-04-15 10:38:18,1776249498,R_75,32279.6319,1,6.904099999999744,BACKFILL_AUTO
2026-04-15 10:38:20,1776249500,R_75,32282.7709,1,3.138999999999214,BACKFILL_AUTO
2026-04-15 10:38:22,1776249502,R_75,32286.9669,1,4.195999999999913,BACKFILL_AUTO
2026-04-15 10:38:24,1776249504,R_75,32289.4085,1,2.4416000000019267,BACKFILL_AUTO
2026-04-15 10:38:26,1776249506,R_75,32273.5399,-1,15.868600000001607,BACKFILL_AUTO
2026-04-15 10:38:28,1776249508,R_75,32266.5938,-1,6.9461000000010245,BACKFILL_AUTO
2026-04-15 10:38:30,1776249510,R_75,32273.3942,1,6.8004000000000815,BACKFILL_AUTO
2026-04-15 10:38:32,1776249512,R_75,32279.7174,1,6.323200000002544,BACKFILL_AUTO
2026-04-15 10:38:34,1776249514,R_75,32284.0598,1,4.342399999997724,BACKFILL_AUTO
2026-04-15 10:38:36,1776249516,R_75,32290.0754,1,6.0156000000024505,BACKFILL_AUTO
2026-04-15 10:38:38,1776249518,R_75,32292.6809,1,2.6054999999978463,BACKFILL_AUTO
2026-04-15 10:38:40,1776249520,R_75,32301.855,1,9.17410000000018,BACKFILL_AUTO
2026-04-15 10:38:42,1776249522,R_75,32306.3549,1,4.499899999998888,BACKFILL_AUTO
2026-04-15 10:38:44,1776249524,R_75,32303.729,-1,2.625899999999092,BACKFILL_AUTO
2026-04-15 10:38:46,1776249526,R_75,32304.2331,1,0.5041000000019267,BACKFILL_AUTO
2026-04-15 10:38:48,1776249528,R_75,32316.9747,1,12.741599999997561,BACKFILL_AUTO
2026-04-15 10:38:50,1776249530,R_75,32313.3752,-1,3.599500000000262,BACKFILL_AUTO
2026-04-15 10:38:52,1776249532,R_75,32311.3517,-1,2.0234999999993306,BACKFILL_AUTO
2026-04-15 10:38:54,1776249534,R_75,32318.4583,1,7.106599999999162,BACKFILL_AUTO
2026-04-15 10:38:56,1776249536,R_75,32321.2548,1,2.7965000000003783,BACKFILL_AUTO
2026-04-15 10:38:58,1776249538,R_75,32321.2328,-1,0.021999999997206032,BACKFILL_AUTO
2026-04-15 10:39:00,1776249540,R_75,32319.901,-1,1.3317999999999302,BACKFILL_AUTO
2026-04-15 10:39:02,1776249542,R_75,32326.1918,1,6.290799999998853,BACKFILL_AUTO
2026-04-15 10:39:04,1776249544,R_75,32329.5647,1,3.372899999998481,BACKFILL_AUTO
2026-04-15 10:39:06,1776249546,R_75,32330.8549,1,1.2901999999994587,BACKFILL_AUTO
2026-04-15 10:39:08,1776249548,R_75,32340.3565,1,9.501600000003236,BACKFILL_AUTO
2026-04-15 10:39:10,1776249550,R_75,32342.0121,1,1.6555999999982305,BACKFILL_AUTO
2026-04-15 10:39:12,1776249552,R_75,32336.5449,-1,5.4671999999991385,BACKFILL_AUTO
2026-04-15 10:39:14,1776249554,R_75,32334.9632,-1,1.5817000000024564,BACKFILL_AUTO
2026-04-15 10:39:16,1776249556,R_75,32323.1064,-1,11.856799999997747,BACKFILL_AUTO
2026-04-15 10:39:18,1776249558,R_75,32311.76,-1,11.346400000002177,BACKFILL_AUTO
2026-04-15 10:39:20,1776249560,R_75,32317.5672,1,5.807200000002922,BACKFILL_AUTO
2026-04-15 10:39:22,1776249562,R_75,32319.5173,1,1.9500999999982014,BACKFILL_AUTO
2026-04-15 10:39:24,1776249564,R_75,32313.9561,-1,5.561200000000099,BACKFILL_AUTO
2026-04-15 10:39:26,1776249566,R_75,32311.3042,-1,2.651900000000751,BACKFILL_AUTO
2026-04-15 10:39:28,1776249568,R_75,32320.8083,1,9.504100000001927,BACKFILL_AUTO
2026-04-15 10:39:30,1776249570,R_75,32313.358,-1,7.450300000000425,BACKFILL_AUTO
2026-04-15 10:39:32,1776249572,R_75,32308.9882,-1,4.369800000000396,BACKFILL_AUTO
2026-04-15 10:39:34,1776249574,R_75,32305.1792,-1,3.809000000001106,BACKFILL_AUTO
2026-04-15 10:39:36,1776249576,R_75,32296.999,-1,8.180199999998877,BACKFILL_AUTO
2026-04-15 10:39:38,1776249578,R_75,32298.3575,1,1.3584999999984575,BACKFILL_AUTO
2026-04-15 10:39:40,1776249580,R_75,32305.9361,1,7.578600000000733,BACKFILL_AUTO
2026-04-15 10:39:42,1776249582,R_75,32299.3944,-1,6.541699999997945,BACKFILL_AUTO
2026-04-15 10:39:44,1776249584,R_75,32301.7311,1,2.336699999999837,BACKFILL_AUTO
2026-04-15 10:39:46,1776249586,R_75,32297.2275,-1,4.503600000000006,BACKFILL_AUTO
2026-04-15 10:39:48,1776249588,R_75,32297.2764,1,0.04889999999795691,BACKFILL_AUTO
2026-04-15 10:39:50,1776249590,R_75,32295.5941,-1,1.6823000000003958,BACKFILL_AUTO
2026-04-15 10:39:52,1776249592,R_75,32294.7483,-1,0.8457999999991443,BACKFILL_AUTO
2026-04-15 10:39:54,1776249594,R_75,32296.8759,1,2.127599999999802,BACKFILL_AUTO
2026-04-15 10:39:56,1776249596,R_75,32308.2091,1,11.333200000000943,BACKFILL_AUTO
2026-04-15 10:39:58,1776249598,R_75,32305.2301,-1,2.9789999999993597,BACKFILL_AUTO
2026-04-15 10:40:00,1776249600,R_75,32305.262,1,0.031899999998131534,BACKFILL_AUTO
2026-04-15 10:40:02,1776249602,R_75,32302.1328,-1,3.1291999999994005,BACKFILL_AUTO
2026-04-15 10:40:04,1776249604,R_75,32298.9672,-1,3.1656000000002678,BACKFILL_AUTO
2026-04-15 10:40:06,1776249606,R_75,32301.5014,1,2.5342000000018743,BACKFILL_AUTO
2026-04-15 10:40:08,1776249608,R_75,32296.6665,-1,4.834900000001653,BACKFILL_AUTO
2026-04-15 10:40:10,1776249610,R_75,32299.1806,1,2.514100000000326,BACKFILL_AUTO
2026-04-15 10:40:12,1776249612,R_75,32292.0629,-1,7.117699999998877,BACKFILL_AUTO
2026-04-15 10:40:14,1776249614,R_75,32300.6375,1,8.574599999999919,BACKFILL_AUTO
2026-04-15 10:40:16,1776249616,R_75,32298.0688,-1,2.568699999999808,BACKFILL_AUTO
2026-04-15 10:40:18,1776249618,R_75,32297.6193,-1,0.4495000000024447,BACKFILL_AUTO
2026-04-15 10:40:20,1776249620,R_75,32297.5628,-1,0.05649999999877764,BACKFILL_AUTO
2026-04-15 10:40:22,1776249622,R_75,32299.8813,1,2.3185000000012224,BACKFILL_AUTO
2026-04-15 10:40:24,1776249624,R_75,32301.0751,1,1.1937999999972817,BACKFILL_AUTO
2026-04-15 10:40:26,1776249626,R_75,32303.323,1,2.2479000000021188,BACKFILL_AUTO
2026-04-15 10:40:28,1776249628,R_75,32306.4987,1,3.175699999999779,BACKFILL_AUTO
2026-04-15 10:40:30,1776249630,R_75,32316.9063,1,10.407599999998638,BACKFILL_AUTO
2026-04-15 10:40:32,1776249632,R_75,32318.1025,1,1.1962000000021362,BACKFILL_AUTO
2026-04-15 10:40:34,1776249634,R_75,32321.9372,1,3.8346999999994296,BACKFILL_AUTO
2026-04-15 10:40:36,1776249636,R_75,32320.2923,-1,1.6448999999993248,BACKFILL_AUTO
2026-04-15 10:40:38,1776249638,R_75,32323.6367,1,3.3443999999981315,BACKFILL_AUTO
2026-04-15 10:40:40,1776249640,R_75,32313.0743,-1,10.562399999998888,BACKFILL_AUTO
2026-04-15 10:40:42,1776249642,R_75,32304.5491,-1,8.52520000000004,BACKFILL_AUTO
2026-04-15 10:40:44,1776249644,R_75,32309.2009,1,4.651799999999639,BACKFILL_AUTO
2026-04-15 10:40:46,1776249646,R_75,32312.0142,1,2.813300000001618,BACKFILL_AUTO
2026-04-15 10:40:48,1776249648,R_75,32313.4853,1,1.4710999999988417,BACKFILL_AUTO
2026-04-15 10:40:50,1776249650,R_75,32308.9611,-1,4.524199999999837,BACKFILL_AUTO
2026-04-15 10:40:52,1776249652,R_75,32311.7884,1,2.8273000000008324,BACKFILL_AUTO
2026-04-15 10:40:54,1776249654,R_75,32316.8038,1,5.015400000000227,BACKFILL_AUTO
2026-04-15 10:40:56,1776249656,R_75,32317.6937,1,0.8898999999983062,BACKFILL_AUTO
2026-04-15 10:40:58,1776249658,R_75,32318.279,1,0.5852999999988242,BACKFILL_AUTO
2026-04-15 10:41:00,1776249660,R_75,32312.5744,-1,5.704599999997299,BACKFILL_AUTO
2026-04-15 10:41:02,1776249662,R_75,32318.485,1,5.910599999999249,BACKFILL_AUTO
2026-04-15 10:41:04,1776249664,R_75,32326.8777,1,8.392700000000332,BACKFILL_AUTO
2026-04-15 10:41:06,1776249666,R_75,32313.3376,-1,13.540100000001985,BACKFILL_AUTO
2026-04-15 10:41:08,1776249668,R_75,32313.3769,1,0.03930000000036671,BACKFILL_AUTO
2026-04-15 10:41:10,1776249670,R_75,32315.1874,1,1.8104999999995925,BACKFILL_AUTO
2026-04-15 10:41:12,1776249672,R_75,32321.5268,1,6.339400000000751,BACKFILL_AUTO
2026-04-15 10:41:14,1776249674,R_75,32315.6322,-1,5.8945999999996275,BACKFILL_AUTO
2026-04-15 10:41:16,1776249676,R_75,32312.4252,-1,3.2069999999985157,BACKFILL_AUTO
2026-04-15 10:41:18,1776249678,R_75,32309.5098,-1,2.915400000001682,BACKFILL_AUTO
2026-04-15 10:41:20,1776249680,R_75,32307.7594,-1,1.750400000000809,BACKFILL_AUTO
2026-04-15 10:41:22,1776249682,R_75,32303.156,-1,4.603399999999965,BACKFILL_AUTO
2026-04-15 10:41:24,1776249684,R_75,32303.6809,1,0.5249000000003434,BACKFILL_AUTO
2026-04-15 10:41:26,1776249686,R_75,32308.1899,1,4.5090000000018335,BACKFILL_AUTO
2026-04-15 10:41:28,1776249688,R_75,32305.5437,-1,2.646200000002864,BACKFILL_AUTO
2026-04-15 10:41:30,1776249690,R_75,32306.4528,1,0.9091000000007625,BACKFILL_AUTO
2026-04-15 10:41:32,1776249692,R_75,32310.8744,1,4.42160000000149,BACKFILL_AUTO
2026-04-15 10:41:34,1776249694,R_75,32301.116,-1,9.758399999998801,BACKFILL_AUTO
2026-04-15 10:41:36,1776249696,R_75,32306.1493,1,5.033299999999144,BACKFILL_AUTO
2026-04-15 10:41:38,1776249698,R_75,32303.0514,-1,3.0979000000006636,BACKFILL_AUTO
2026-04-15 10:41:40,1776249700,R_75,32309.3689,1,6.317500000001019,BACKFILL_AUTO
2026-04-15 10:41:42,1776249702,R_75,32302.3282,-1,7.0407000000013795,BACKFILL_AUTO
2026-04-15 10:41:44,1776249704,R_75,32303.1488,1,0.8205999999991036,BACKFILL_AUTO
2026-04-15 10:41:46,1776249706,R_75,32300.6135,-1,2.535299999999552,BACKFILL_AUTO
2026-04-15 10:41:48,1776249708,R_75,32300.5294,-1,0.08410000000003492,BACKFILL_AUTO
2026-04-15 10:41:50,1776249710,R_75,32306.346,1,5.816600000001927,BACKFILL_AUTO
2026-04-15 10:41:52,1776249712,R_75,32314.522,1,8.175999999999476,BACKFILL_AUTO
2026-04-15 10:41:54,1776249714,R_75,32319.4895,1,4.967499999998836,BACKFILL_AUTO
2026-04-15 10:41:56,1776249716,R_75,32320.2289,1,0.7393999999985681,BACKFILL_AUTO
2026-04-15 10:41:58,1776249718,R_75,32314.0068,-1,6.222099999999045,BACKFILL_AUTO
2026-04-15 10:42:00,1776249720,R_75,32309.3549,-1,4.651900000000751,BACKFILL_AUTO
2026-04-15 10:42:02,1776249722,R_75,32308.7638,-1,0.591099999997823,BACKFILL_AUTO
2026-04-15 10:42:04,1776249724,R_75,32311.6068,1,2.8430000000007567,BACKFILL_AUTO
2026-04-15 10:42:06,1776249726,R_75,32317.4401,1,5.833299999998417,BACKFILL_AUTO
2026-04-15 10:42:08,1776249728,R_75,32328.636,1,11.195899999998801,BACKFILL_AUTO
2026-04-15 10:42:10,1776249730,R_75,32325.5837,-1,3.052299999999377,BACKFILL_AUTO
2026-04-15 10:42:12,1776249732,R_75,32311.65,-1,13.93369999999777,BACKFILL_AUTO
2026-04-15 10:42:14,1776249734,R_75,32311.1029,-1,0.547099999999773,BACKFILL_AUTO
2026-04-15 10:42:16,1776249736,R_75,32317.3957,1,6.292799999999261,BACKFILL_AUTO
2026-04-15 10:42:18,1776249738,R_75,32319.586,1,2.1902999999983876,BACKFILL_AUTO
2026-04-15 10:42:20,1776249740,R_75,32317.0755,-1,2.51050000000032,BACKFILL_AUTO
2026-04-15 10:42:22,1776249742,R_75,32314.3176,-1,2.757900000000518,BACKFILL_AUTO
2026-04-15 10:42:24,1776249744,R_75,32309.077,-1,5.240599999997357,BACKFILL_AUTO
2026-04-15 10:42:26,1776249746,R_75,32303.8283,-1,5.248700000000099,BACKFILL_AUTO
2026-04-15 10:42:28,1776249748,R_75,32301.7784,-1,2.0499000000017986,BACKFILL_AUTO
2026-04-15 10:42:30,1776249750,R_75,32307.087,1,5.308600000000297,BACKFILL_AUTO
2026-04-15 10:42:32,1776249752,R_75,32305.9773,-1,1.1097000000008848,BACKFILL_AUTO
2026-04-15 10:42:34,1776249754,R_75,32303.8106,-1,2.1666999999979453,BACKFILL_AUTO
2026-04-15 10:42:36,1776249756,R_75,32299.7643,-1,4.046300000001793,BACKFILL_AUTO
2026-04-15 10:42:38,1776249758,R_75,32301.6746,1,1.9102999999995518,BACKFILL_AUTO
2026-04-15 10:42:40,1776249760,R_75,32302.6346,1,0.9600000000027649,BACKFILL_AUTO
2026-04-15 10:42:42,1776249762,R_75,32293.7346,-1,8.900000000001455,BACKFILL_AUTO
2026-04-15 10:42:44,1776249764,R_75,32287.2594,-1,6.475200000000768,BACKFILL_AUTO
2026-04-15 10:42:46,1776249766,R_75,32287.7978,1,0.5384000000012747,BACKFILL_AUTO
2026-04-15 10:42:48,1776249768,R_75,32289.7348,1,1.9369999999980791,BACKFILL_AUTO
2026-04-15 10:42:50,1776249770,R_75,32291.8107,1,2.0759000000034575,BACKFILL_AUTO
2026-04-15 10:42:52,1776249772,R_75,32278.9539,-1,12.856800000001385,BACKFILL_AUTO
2026-04-15 10:42:54,1776249774,R_75,32283.3781,1,4.424200000001292,BACKFILL_AUTO
2026-04-15 10:42:56,1776249776,R_75,32290.5472,1,7.169099999999162,BACKFILL_AUTO
2026-04-15 10:42:58,1776249778,R_75,32285.9692,-1,4.578000000001339,BACKFILL_AUTO
2026-04-15 10:43:00,1776249780,R_75,32280.9043,-1,5.0649000000012165,BACKFILL_AUTO
2026-04-15 10:43:02,1776249782,R_75,32282.6291,1,1.7247999999999593,BACKFILL_AUTO
2026-04-15 10:43:04,1776249784,R_75,32291.3154,1,8.68630000000121,BACKFILL_AUTO
2026-04-15 10:43:06,1776249786,R_75,32293.6037,1,2.288300000000163,BACKFILL_AUTO
2026-04-15 10:43:08,1776249788,R_75,32300.6469,1,7.04320000000007,BACKFILL_AUTO
2026-04-15 10:43:10,1776249790,R_75,32299.3193,-1,1.3276000000005297,BACKFILL_AUTO
2026-04-15 10:43:12,1776249792,R_75,32306.6728,1,7.353500000001077,BACKFILL_AUTO
2026-04-15 10:43:14,1776249794,R_75,32310.2383,1,3.565500000000611,BACKFILL_AUTO
2026-04-15 10:43:16,1776249796,R_75,32305.8369,-1,4.401400000002468,BACKFILL_AUTO
2026-04-15 10:43:18,1776249798,R_75,32292.9114,-1,12.925499999997555,BACKFILL_AUTO
2026-04-15 10:43:20,1776249800,R_75,32277.3843,-1,15.527099999999336,BACKFILL_AUTO
2026-04-15 10:43:22,1776249802,R_75,32279.1454,1,1.7610999999997148,BACKFILL_AUTO
2026-04-15 10:43:24,1776249804,R_75,32287.7597,1,8.614299999997456,BACKFILL_AUTO
2026-04-15 10:43:26,1776249806,R_75,32280.4028,-1,7.356899999998859,BACKFILL_AUTO
2026-04-15 10:43:28,1776249808,R_75,32288.2755,1,7.872699999999895,BACKFILL_AUTO
2026-04-15 10:43:30,1776249810,R_75,32271.9601,-1,16.3153999999995,BACKFILL_AUTO
2026-04-15 10:43:32,1776249812,R_75,32261.326,-1,10.634099999999307,BACKFILL_AUTO
2026-04-15 10:43:34,1776249814,R_75,32252.2682,-1,9.057800000002317,BACKFILL_AUTO
2026-04-15 10:43:36,1776249816,R_75,32248.3942,-1,3.8739999999997963,BACKFILL_AUTO
2026-04-15 10:43:38,1776249818,R_75,32246.0559,-1,2.3382999999994354,BACKFILL_AUTO
2026-04-15 10:43:40,1776249820,R_75,32252.1717,1,6.115799999999581,BACKFILL_AUTO
2026-04-15 10:43:42,1776249822,R_75,32246.5831,-1,5.588599999999133,BACKFILL_AUTO
2026-04-15 10:43:44,1776249824,R_75,32242.4698,-1,4.113300000000891,BACKFILL_AUTO
2026-04-15 10:43:46,1776249826,R_75,32242.3136,-1,0.15619999999762513,BACKFILL_AUTO
2026-04-15 10:43:48,1776249828,R_75,32251.4665,1,9.152899999997317,BACKFILL_AUTO
2026-04-15 10:43:50,1776249830,R_75,32251.8243,1,0.35780000000158907,BACKFILL_AUTO
2026-04-15 10:43:52,1776249832,R_75,32251.4569,-1,0.36739999999917927,BACKFILL_AUTO
2026-04-15 10:43:54,1776249834,R_75,32242.7286,-1,8.728300000002491,BACKFILL_AUTO
2026-04-15 10:43:56,1776249836,R_75,32242.1413,-1,0.5872999999992317,BACKFILL_AUTO
2026-04-15 10:43:58,1776249838,R_75,32236.4909,-1,5.650399999998626,BACKFILL_AUTO
2026-04-15 10:44:00,1776249840,R_75,32239.2475,1,2.756600000000617,BACKFILL_AUTO
2026-04-15 10:44:02,1776249842,R_75,32242.4343,1,3.1867999999994936,BACKFILL_AUTO
2026-04-15 10:44:04,1776249844,R_75,32246.1428,1,3.7085000000006403,BACKFILL_AUTO
2026-04-15 10:44:06,1776249846,R_75,32249.8922,1,3.7493999999969674,BACKFILL_AUTO
2026-04-15 10:44:08,1776249848,R_75,32250.9695,1,1.0773000000008324,BACKFILL_AUTO
2026-04-15 10:44:10,1776249850,R_75,32256.2829,1,5.313399999999092,BACKFILL_AUTO
2026-04-15 10:44:12,1776249852,R_75,32249.3727,-1,6.91019999999844,BACKFILL_AUTO
2026-04-15 10:44:14,1776249854,R_75,32247.7185,-1,1.6542000000008557,BACKFILL_AUTO
2026-04-15 10:44:16,1776249856,R_75,32237.4004,-1,10.318100000000413,BACKFILL_AUTO
2026-04-15 10:44:18,1776249858,R_75,32237.2861,-1,0.11429999999745633,BACKFILL_AUTO
2026-04-15 10:44:20,1776249860,R_75,32233.7297,-1,3.556400000001304,BACKFILL_AUTO
2026-04-15 10:44:22,1776249862,R_75,32238.5889,1,4.859199999998964,BACKFILL_AUTO
2026-04-15 10:44:24,1776249864,R_75,32235.3412,-1,3.2476999999998952,BACKFILL_AUTO
2026-04-15 10:44:26,1776249866,R_75,32239.6585,1,4.317300000002433,BACKFILL_AUTO
2026-04-15 10:44:28,1776249868,R_75,32241.702,1,2.043499999999767,BACKFILL_AUTO
2026-04-15 10:44:30,1776249870,R_75,32243.0017,1,1.299699999999575,BACKFILL_AUTO
2026-04-15 10:44:32,1776249872,R_75,32240.9704,-1,2.031300000002375,BACKFILL_AUTO
2026-04-15 10:44:34,1776249874,R_75,32236.7848,-1,4.185599999997066,BACKFILL_AUTO
2026-04-15 10:44:36,1776249876,R_75,32237.8539,1,1.069099999996979,BACKFILL_AUTO
2026-04-15 10:44:38,1776249878,R_75,32244.7518,1,6.897899999999936,BACKFILL_AUTO
2026-04-15 10:44:40,1776249880,R_75,32249.7262,1,4.974400000002788,BACKFILL_AUTO
2026-04-15 10:44:42,1776249882,R_75,32247.776,-1,1.9501999999993131,BACKFILL_AUTO
2026-04-15 10:44:44,1776249884,R_75,32245.2147,-1,2.5613000000012107,BACKFILL_AUTO
2026-04-15 10:44:46,1776249886,R_75,32240.1443,-1,5.070400000000518,BACKFILL_AUTO
2026-04-15 10:44:48,1776249888,R_75,32243.1047,1,2.960399999999936,BACKFILL_AUTO
2026-04-15 10:44:50,1776249890,R_75,32245.3434,1,2.2387000000016997,BACKFILL_AUTO
2026-04-15 10:44:52,1776249892,R_75,32256.6979,1,11.354499999997643,BACKFILL_AUTO
2026-04-15 10:44:54,1776249894,R_75,32250.5744,-1,6.123499999997875,BACKFILL_AUTO
2026-04-15 10:44:56,1776249896,R_75,32262.538,1,11.963599999999133,BACKFILL_AUTO
2026-04-15 10:44:58,1776249898,R_75,32261.6299,-1,0.9081000000005588,BACKFILL_AUTO
2026-04-15 10:45:00,1776249900,R_75,32245.0252,-1,16.604699999999866,BACKFILL_AUTO
2026-04-15 10:45:02,1776249902,R_75,32246.8857,1,1.860499999998865,BACKFILL_AUTO
2026-04-15 10:45:04,1776249904,R_75,32248.4217,1,1.5360000000000582,BACKFILL_AUTO
2026-04-15 10:45:06,1776249906,R_75,32246.7337,-1,1.6879999999982829,BACKFILL_AUTO
2026-04-15 10:45:08,1776249908,R_75,32245.928,-1,0.8057000000007974,BACKFILL_AUTO
2026-04-15 10:45:10,1776249910,R_75,32237.3856,-1,8.542399999998452,BACKFILL_AUTO
2026-04-15 10:45:12,1776249912,R_75,32242.1388,1,4.753199999999197,BACKFILL_AUTO
2026-04-15 10:45:14,1776249914,R_75,32246.5234,1,4.38459999999759,BACKFILL_AUTO
2026-04-15 10:45:16,1776249916,R_75,32241.1571,-1,5.366299999997864,BACKFILL_AUTO
2026-04-15 10:45:18,1776249918,R_75,32242.0277,1,0.870599999998376,BACKFILL_AUTO
2026-04-15 10:45:20,1776249920,R_75,32237.2509,-1,4.776799999999639,BACKFILL_AUTO
2026-04-15 10:45:22,1776249922,R_75,32242.86,1,5.60910000000149,BACKFILL_AUTO
2026-04-15 10:45:24,1776249924,R_75,32254.3304,1,11.470399999998335,BACKFILL_AUTO
2026-04-15 10:45:26,1776249926,R_75,32240.6919,-1,13.638499999997293,BACKFILL_AUTO
2026-04-15 10:45:28,1776249928,R_75,32246.0842,1,5.392299999999523,BACKFILL_AUTO
2026-04-15 10:45:30,1776249930,R_75,32250.4386,1,4.354400000000169,BACKFILL_AUTO
2026-04-15 10:45:32,1776249932,R_75,32243.4211,-1,7.017500000001746,BACKFILL_AUTO
2026-04-15 10:45:34,1776249934,R_75,32245.4992,1,2.0780999999988126,BACKFILL_AUTO
2026-04-15 10:45:36,1776249936,R_75,32258.7179,1,13.218700000001263,BACKFILL_AUTO
2026-04-15 10:45:38,1776249938,R_75,32257.6391,-1,1.078799999999319,BACKFILL_AUTO
2026-04-15 10:45:40,1776249940,R_75,32257.9454,1,0.3063000000001921,BACKFILL_AUTO
2026-04-15 10:45:42,1776249942,R_75,32250.5356,-1,7.409800000001269,BACKFILL_AUTO
2026-04-15 10:45:44,1776249944,R_75,32249.0743,-1,1.461299999999028,BACKFILL_AUTO
2026-04-15 10:45:46,1776249946,R_75,32240.7795,-1,8.294799999999668,BACKFILL_AUTO
2026-04-15 10:45:48,1776249948,R_75,32240.4104,-1,0.3690999999998894,BACKFILL_AUTO
2026-04-15 10:45:50,1776249950,R_75,32244.0564,1,3.6460000000006403,BACKFILL_AUTO
2026-04-15 10:45:52,1776249952,R_75,32254.8414,1,10.784999999999854,BACKFILL_AUTO
2026-04-15 10:45:54,1776249954,R_75,32260.9461,1,6.104699999999866,BACKFILL_AUTO
2026-04-15 10:45:56,1776249956,R_75,32260.5396,-1,0.4065000000009604,BACKFILL_AUTO
2026-04-15 10:45:58,1776249958,R_75,32257.482,-1,3.057600000000093,BACKFILL_AUTO
2026-04-15 10:46:00,1776249960,R_75,32256.6283,-1,0.8536999999996624,BACKFILL_AUTO
2026-04-15 10:46:02,1776249962,R_75,32249.1436,-1,7.484700000000885,BACKFILL_AUTO
2026-04-15 10:46:04,1776249964,R_75,32248.8477,-1,0.2959000000009837,BACKFILL_AUTO
2026-04-15 10:46:06,1776249966,R_75,32248.5676,-1,0.2800999999999476,BACKFILL_AUTO
2026-04-15 10:46:08,1776249968,R_75,32246.2428,-1,2.324799999998504,BACKFILL_AUTO
2026-04-15 10:46:10,1776249970,R_75,32254.4177,1,8.174900000001799,BACKFILL_AUTO
2026-04-15 10:46:12,1776249972,R_75,32253.4198,-1,0.9979000000021188,BACKFILL_AUTO
2026-04-15 10:46:14,1776249974,R_75,32252.3159,-1,1.103899999998248,BACKFILL_AUTO
2026-04-15 10:46:16,1776249976,R_75,32243.428,-1,8.887900000001537,BACKFILL_AUTO
2026-04-15 10:46:18,1776249978,R_75,32249.0344,1,5.606400000000576,BACKFILL_AUTO
2026-04-15 10:46:20,1776249980,R_75,32245.6453,-1,3.389100000000326,BACKFILL_AUTO
2026-04-15 10:46:22,1776249982,R_75,32254.2338,1,8.588500000001659,BACKFILL_AUTO
2026-04-15 10:46:24,1776249984,R_75,32259.1024,1,4.8685999999979686,BACKFILL_AUTO
2026-04-15 10:46:26,1776249986,R_75,32250.3526,-1,8.749800000001414,BACKFILL_AUTO
2026-04-15 10:46:28,1776249988,R_75,32247.8817,-1,2.470899999996618,BACKFILL_AUTO
2026-04-15 10:46:30,1776249990,R_75,32255.3932,1,7.511499999996886,BACKFILL_AUTO
2026-04-15 10:46:32,1776249992,R_75,32259.4732,1,4.080000000001746,BACKFILL_AUTO
2026-04-15 10:46:34,1776249994,R_75,32258.8932,-1,0.5800000000017462,BACKFILL_AUTO
2026-04-15 10:46:36,1776249996,R_75,32254.9474,-1,3.945799999997689,BACKFILL_AUTO
2026-04-15 10:46:38,1776249998,R_75,32255.188,1,0.24059999999735737,BACKFILL_AUTO
2026-04-15 10:46:40,1776250000,R_75,32251.3654,-1,3.822599999999511,BACKFILL_AUTO
2026-04-15 10:46:42,1776250002,R_75,32255.361,1,3.995600000002014,BACKFILL_AUTO
2026-04-15 10:46:44,1776250004,R_75,32249.183,-1,6.177999999999884,BACKFILL_AUTO
2026-04-15 10:46:46,1776250006,R_75,32257.5323,1,8.349299999998038,BACKFILL_AUTO
2026-04-15 10:46:48,1776250008,R_75,32260.4094,1,2.877100000001519,BACKFILL_AUTO
2026-04-15 10:46:50,1776250010,R_75,32264.7194,1,4.31000000000131,BACKFILL_AUTO
2026-04-15 10:46:52,1776250012,R_75,32260.7626,-1,3.956800000003568,BACKFILL_AUTO
2026-04-15 10:46:54,1776250014,R_75,32262.3974,1,1.6348000000034517,BACKFILL_AUTO
2026-04-15 10:46:56,1776250016,R_75,32252.7111,-1,9.68630000000121,BACKFILL_AUTO
2026-04-15 10:46:58,1776250018,R_75,32251.4082,-1,1.3028999999987718,BACKFILL_AUTO
2026-04-15 10:47:00,1776250020,R_75,32257.3558,1,5.947599999999511,BACKFILL_AUTO
2026-04-15 10:47:02,1776250022,R_75,32262.6512,1,5.295399999999063,BACKFILL_AUTO
2026-04-15 10:47:04,1776250024,R_75,32260.7655,-1,1.8856999999989057,BACKFILL_AUTO
2026-04-15 10:47:06,1776250026,R_75,32263.1667,1,2.4012000000002445,BACKFILL_AUTO
2026-04-15 10:47:08,1776250028,R_75,32267.026,1,3.8593000000000757,BACKFILL_AUTO
2026-04-15 10:47:10,1776250030,R_75,32265.7608,-1,1.2652000000016415,BACKFILL_AUTO
2026-04-15 10:47:12,1776250032,R_75,32272.8268,1,7.065999999998894,BACKFILL_AUTO
2026-04-15 10:47:14,1776250034,R_75,32276.9688,1,4.141999999999825,BACKFILL_AUTO
2026-04-15 10:47:16,1776250036,R_75,32270.7936,-1,6.175199999997858,BACKFILL_AUTO
2026-04-15 10:47:18,1776250038,R_75,32279.632,1,8.838400000000547,BACKFILL_AUTO
2026-04-15 10:47:20,1776250040,R_75,32287.1765,1,7.544499999999971,BACKFILL_AUTO
2026-04-15 10:47:22,1776250042,R_75,32278.8373,-1,8.339200000002165,BACKFILL_AUTO
2026-04-15 10:47:24,1776250044,R_75,32276.7642,-1,2.073099999997794,BACKFILL_AUTO
2026-04-15 10:47:26,1776250046,R_75,32281.4173,1,4.65309999999954,BACKFILL_AUTO
2026-04-15 10:47:28,1776250048,R_75,32282.8241,1,1.4068000000006577,BACKFILL_AUTO
2026-04-15 10:47:30,1776250050,R_75,32279.9187,-1,2.905400000003283,BACKFILL_AUTO
2026-04-15 10:47:32,1776250052,R_75,32290.962,1,11.043300000001182,BACKFILL_AUTO
2026-04-15 10:47:34,1776250054,R_75,32303.8916,1,12.929599999999482,BACKFILL_AUTO
2026-04-15 10:47:36,1776250056,R_75,32305.1175,1,1.2259000000012747,BACKFILL_AUTO
2026-04-15 10:47:38,1776250058,R_75,32307.1842,1,2.0666999999994005,BACKFILL_AUTO
2026-04-15 10:47:40,1776250060,R_75,32304.7158,-1,2.468399999997928,BACKFILL_AUTO
2026-04-15 10:47:42,1776250062,R_75,32303.0063,-1,1.709500000000844,BACKFILL_AUTO
2026-04-15 10:47:44,1776250064,R_75,32293.6393,-1,9.367000000002008,BACKFILL_AUTO
2026-04-15 10:47:46,1776250066,R_75,32293.8059,1,0.16660000000047148,BACKFILL_AUTO
2026-04-15 10:47:48,1776250068,R_75,32302.9932,1,9.187300000001414,BACKFILL_AUTO
2026-04-15 10:47:50,1776250070,R_75,32300.7419,-1,2.251299999999901,BACKFILL_AUTO
2026-04-15 10:47:52,1776250072,R_75,32298.0305,-1,2.7114000000001397,BACKFILL_AUTO
2026-04-15 10:47:54,1776250074,R_75,32302.7776,1,4.747100000000501,BACKFILL_AUTO
2026-04-15 10:47:56,1776250076,R_75,32307.1962,1,4.418599999997241,BACKFILL_AUTO
2026-04-15 10:47:58,1776250078,R_75,32320.3778,1,13.18159999999989,BACKFILL_AUTO
2026-04-15 10:48:00,1776250080,R_75,32317.9062,-1,2.4715999999971245,BACKFILL_AUTO
2026-04-15 10:48:02,1776250082,R_75,32318.0043,1,0.09809999999924912,BACKFILL_AUTO
2026-04-15 10:48:04,1776250084,R_75,32321.3624,1,3.3581000000012864,BACKFILL_AUTO
2026-04-15 10:48:06,1776250086,R_75,32329.1515,1,7.789099999998143,BACKFILL_AUTO
2026-04-15 10:48:08,1776250088,R_75,32338.4107,1,9.259200000000419,BACKFILL_AUTO
2026-04-15 10:48:10,1776250090,R_75,32328.9031,-1,9.50760000000082,BACKFILL_AUTO
2026-04-15 10:48:12,1776250092,R_75,32327.6302,-1,1.272899999999936,BACKFILL_AUTO
2026-04-15 10:48:14,1776250094,R_75,32333.6543,1,6.024099999998725,BACKFILL_AUTO
2026-04-15 10:48:16,1776250096,R_75,32331.0317,-1,2.6225999999987835,BACKFILL_AUTO
2026-04-15 10:48:18,1776250098,R_75,32330.6398,-1,0.3918999999987136,BACKFILL_AUTO
2026-04-15 10:48:20,1776250100,R_75,32336.9959,1,6.356100000000879,BACKFILL_AUTO
2026-04-15 10:48:22,1776250102,R_75,32338.5539,1,1.5579999999972642,BACKFILL_AUTO
2026-04-15 10:48:24,1776250104,R_75,32328.7657,-1,9.788199999999051,BACKFILL_AUTO
2026-04-15 10:48:26,1776250106,R_75,32332.3151,1,3.5493999999998778,BACKFILL_AUTO
2026-04-15 10:48:28,1776250108,R_75,32318.9328,-1,13.382300000001123,BACKFILL_AUTO
2026-04-15 10:48:30,1776250110,R_75,32323.3492,1,4.416400000001886,BACKFILL_AUTO
2026-04-15 10:48:32,1776250112,R_75,32321.1935,-1,2.1556999999993423,BACKFILL_AUTO
2026-04-15 10:48:34,1776250114,R_75,32319.4514,-1,1.742099999999482,BACKFILL_AUTO
2026-04-15 10:48:36,1776250116,R_75,32327.2451,1,7.793699999998353,BACKFILL_AUTO
2026-04-15 10:48:38,1776250118,R_75,32334.1621,1,6.917000000001281,BACKFILL_AUTO
2026-04-15 10:48:40,1776250120,R_75,32330.4627,-1,3.699400000001333,BACKFILL_AUTO
2026-04-15 10:48:42,1776250122,R_75,32334.2538,1,3.7910999999985506,BACKFILL_AUTO
2026-04-15 10:48:44,1776250124,R_75,32333.8681,-1,0.3856999999989057,BACKFILL_AUTO
2026-04-15 10:48:46,1776250126,R_75,32339.9385,1,6.070400000000518,BACKFILL_AUTO
2026-04-15 10:48:48,1776250128,R_75,32335.5371,-1,4.40139999999883,BACKFILL_AUTO
2026-04-15 10:48:50,1776250130,R_75,32341.4136,1,5.876499999998487,BACKFILL_AUTO
2026-04-15 10:48:52,1776250132,R_75,32331.5436,-1,9.869999999998981,BACKFILL_AUTO
2026-04-15 10:48:54,1776250134,R_75,32335.1888,1,3.645199999999022,BACKFILL_AUTO
2026-04-15 10:48:56,1776250136,R_75,32323.6026,-1,11.586200000001554,BACKFILL_AUTO
2026-04-15 10:48:58,1776250138,R_75,32317.7028,-1,5.899799999999232,BACKFILL_AUTO
2026-04-15 10:49:00,1776250140,R_75,32316.7624,-1,0.9403999999994994,BACKFILL_AUTO
2026-04-15 10:49:02,1776250142,R_75,32323.7364,1,6.974000000001979,BACKFILL_AUTO
2026-04-15 10:49:04,1776250144,R_75,32322.0955,-1,1.6409000000021479,BACKFILL_AUTO
2026-04-15 10:49:06,1776250146,R_75,32314.5606,-1,7.534899999998743,BACKFILL_AUTO
2026-04-15 10:49:08,1776250148,R_75,32310.6658,-1,3.894800000001851,BACKFILL_AUTO
2026-04-15 10:49:10,1776250150,R_75,32322.6603,1,11.994500000000698,BACKFILL_AUTO
2026-04-15 10:49:12,1776250152,R_75,32312.3124,-1,10.347900000000664,BACKFILL_AUTO
2026-04-15 10:49:14,1776250154,R_75,32318.52,1,6.207600000001548,BACKFILL_AUTO
2026-04-15 10:49:16,1776250156,R_75,32319.7378,1,1.2177999999985332,BACKFILL_AUTO
2026-04-15 10:49:18,1776250158,R_75,32314.1824,-1,5.555399999997462,BACKFILL_AUTO
2026-04-15 10:49:20,1776250160,R_75,32299.7624,-1,14.420000000001892,BACKFILL_AUTO
2026-04-15 10:49:22,1776250162,R_75,32299.005,-1,0.7573999999985972,BACKFILL_AUTO
2026-04-15 10:49:24,1776250164,R_75,32311.9963,1,12.991299999997864,BACKFILL_AUTO
2026-04-15 10:49:26,1776250166,R_75,32308.0422,-1,3.9540999999990163,BACKFILL_AUTO
2026-04-15 10:49:28,1776250168,R_75,32319.9177,1,11.87550000000192,BACKFILL_AUTO
2026-04-15 10:49:30,1776250170,R_75,32322.0132,1,2.095499999999447,BACKFILL_AUTO
2026-04-15 10:49:32,1776250172,R_75,32325.7181,1,3.7048999999969965,BACKFILL_AUTO
2026-04-15 10:49:34,1776250174,R_75,32325.6805,-1,0.037599999999656575,BACKFILL_AUTO
2026-04-15 10:49:36,1776250176,R_75,32328.0973,1,2.416800000002695,BACKFILL_AUTO
2026-04-15 10:49:38,1776250178,R_75,32331.192,1,3.094699999997829,BACKFILL_AUTO
2026-04-15 10:49:40,1776250180,R_75,32330.3728,-1,0.8191999999980908,BACKFILL_AUTO
2026-04-15 10:49:42,1776250182,R_75,32336.8803,1,6.507499999999709,BACKFILL_AUTO
2026-04-15 10:49:44,1776250184,R_75,32344.8711,1,7.990799999999581,BACKFILL_AUTO
2026-04-15 10:49:46,1776250186,R_75,32337.4016,-1,7.469499999999243,BACKFILL_AUTO
2026-04-15 10:49:48,1776250188,R_75,32335.319,-1,2.0826000000015483,BACKFILL_AUTO
2026-04-15 10:49:50,1776250190,R_75,32334.0237,-1,1.295299999997951,BACKFILL_AUTO
2026-04-15 10:49:52,1776250192,R_75,32324.7714,-1,9.252300000000105,BACKFILL_AUTO
2026-04-15 10:49:54,1776250194,R_75,32323.2039,-1,1.5675000000010186,BACKFILL_AUTO
2026-04-15 10:49:56,1776250196,R_75,32317.5951,-1,5.608800000001793,BACKFILL_AUTO
2026-04-15 10:49:58,1776250198,R_75,32320.8027,1,3.2076000000015483,BACKFILL_AUTO
2026-04-15 10:50:00,1776250200,R_75,32321.3594,1,0.5567000000010012,BACKFILL_AUTO
2026-04-15 10:50:02,1776250202,R_75,32319.4701,-1,1.8893000000025495,BACKFILL_AUTO
2026-04-15 10:50:04,1776250204,R_75,32320.5854,1,1.115300000001298,BACKFILL_AUTO
2026-04-15 10:50:06,1776250206,R_75,32318.328,-1,2.257399999998597,BACKFILL_AUTO
2026-04-15 10:50:08,1776250208,R_75,32333.6461,1,15.318100000000413,BACKFILL_AUTO
2026-04-15 10:50:10,1776250210,R_75,32333.9831,1,0.33699999999953434,BACKFILL_AUTO
2026-04-15 10:50:12,1776250212,R_75,32334.7087,1,0.7255999999979394,BACKFILL_AUTO
2026-04-15 10:50:14,1776250214,R_75,32336.9315,1,2.222799999999552,BACKFILL_AUTO
2026-04-15 10:50:16,1776250216,R_75,32332.931,-1,4.000499999998283,BACKFILL_AUTO
2026-04-15 10:50:18,1776250218,R_75,32342.3891,1,9.458099999999831,BACKFILL_AUTO
2026-04-15 10:50:20,1776250220,R_75,32350.7583,1,8.369200000001001,BACKFILL_AUTO
2026-04-15 10:50:22,1776250222,R_75,32346.6098,-1,4.148500000002969,BACKFILL_AUTO
2026-04-15 10:50:24,1776250224,R_75,32358.9982,1,12.388400000003458,BACKFILL_AUTO
2026-04-15 10:50:26,1776250226,R_75,32350.6615,-1,8.336700000003475,BACKFILL_AUTO
2026-04-15 10:50:28,1776250228,R_75,32353.4478,1,2.7863000000033935,BACKFILL_AUTO
2026-04-15 10:50:30,1776250230,R_75,32353.6143,1,0.16649999999935972,BACKFILL_AUTO
2026-04-15 10:50:32,1776250232,R_75,32366.5763,1,12.961999999999534,BACKFILL_AUTO
2026-04-15 10:50:34,1776250234,R_75,32370.3817,1,3.8054000000011,BACKFILL_AUTO
2026-04-15 10:50:36,1776250236,R_75,32381.527,1,11.145299999996496,BACKFILL_AUTO
2026-04-15 10:50:38,1776250238,R_75,32381.4642,-1,0.06279999999969732,BACKFILL_AUTO
2026-04-15 10:50:40,1776250240,R_75,32384.3816,1,2.9174000000020897,BACKFILL_AUTO
2026-04-15 10:50:42,1776250242,R_75,32389.5058,1,5.124199999998382,BACKFILL_AUTO
2026-04-15 10:50:44,1776250244,R_75,32396.6914,1,7.185600000000704,BACKFILL_AUTO
2026-04-15 10:50:46,1776250246,R_75,32394.9251,-1,1.766299999999319,BACKFILL_AUTO
2026-04-15 10:50:48,1776250248,R_75,32392.9556,-1,1.9694999999992433,BACKFILL_AUTO
2026-04-15 10:50:50,1776250250,R_75,32399.8066,1,6.8509999999987485,BACKFILL_AUTO
2026-04-15 10:50:52,1776250252,R_75,32394.2215,-1,5.585100000000239,BACKFILL_AUTO
2026-04-15 10:50:54,1776250254,R_75,32399.4892,1,5.267700000000332,BACKFILL_AUTO
2026-04-15 10:50:56,1776250256,R_75,32399.7431,1,0.25389999999970314,BACKFILL_AUTO
2026-04-15 10:50:58,1776250258,R_75,32412.2228,1,12.479699999999866,BACKFILL_AUTO
2026-04-15 10:51:00,1776250260,R_75,32398.2272,-1,13.995599999998376,BACKFILL_AUTO
2026-04-15 10:51:02,1776250262,R_75,32399.6604,1,1.4331999999994878,BACKFILL_AUTO
2026-04-15 10:51:04,1776250264,R_75,32406.494,1,6.833599999998114,BACKFILL_AUTO
2026-04-15 10:51:06,1776250266,R_75,32402.2507,-1,4.243299999998271,BACKFILL_AUTO
2026-04-15 10:51:08,1776250268,R_75,32406.2508,1,4.000100000001112,BACKFILL_AUTO
2026-04-15 10:51:10,1776250270,R_75,32421.9472,1,15.696399999997084,BACKFILL_AUTO
2026-04-15 10:51:12,1776250272,R_75,32415.8402,-1,6.106999999999971,BACKFILL_AUTO
2026-04-15 10:51:14,1776250274,R_75,32416.4912,1,0.6510000000016589,BACKFILL_AUTO
2026-04-15 10:51:16,1776250276,R_75,32422.6816,1,6.190399999999499,BACKFILL_AUTO
2026-04-15 10:51:18,1776250278,R_75,32428.3329,1,5.651300000001356,BACKFILL_AUTO
2026-04-15 10:51:20,1776250280,R_75,32423.7179,-1,4.615000000001601,BACKFILL_AUTO
2026-04-15 10:51:22,1776250282,R_75,32428.2675,1,4.549600000002101,BACKFILL_AUTO
2026-04-15 10:51:24,1776250284,R_75,32424.8235,-1,3.444000000003143,BACKFILL_AUTO
2026-04-15 10:51:26,1776250286,R_75,32420.578,-1,4.245499999997264,BACKFILL_AUTO
2026-04-15 10:51:28,1776250288,R_75,32422.1874,1,1.6093999999975495,BACKFILL_AUTO
2026-04-15 10:51:30,1776250290,R_75,32420.3781,-1,1.8092999999971653,BACKFILL_AUTO
2026-04-15 10:51:32,1776250292,R_75,32426.7391,1,6.360999999997148,BACKFILL_AUTO
2026-04-15 10:51:34,1776250294,R_75,32424.8178,-1,1.9212999999981548,BACKFILL_AUTO
2026-04-15 10:51:36,1776250296,R_75,32426.2797,1,1.4618999999984226,BACKFILL_AUTO
2026-04-15 10:51:38,1776250298,R_75,32421.7274,-1,4.552299999999377,BACKFILL_AUTO
2026-04-15 10:51:40,1776250300,R_75,32413.746,-1,7.981400000000576,BACKFILL_AUTO
2026-04-15 10:51:42,1776250302,R_75,32411.5486,-1,2.1974000000009255,BACKFILL_AUTO
2026-04-15 10:51:44,1776250304,R_75,32429.2179,1,17.669300000001385,BACKFILL_AUTO
2026-04-15 10:51:46,1776250306,R_75,32425.7597,-1,3.458200000000943,BACKFILL_AUTO
2026-04-15 10:51:48,1776250308,R_75,32424.4246,-1,1.3351000000002387,BACKFILL_AUTO
2026-04-15 10:51:50,1776250310,R_75,32421.5058,-1,2.9187999999994645,BACKFILL_AUTO
2026-04-15 10:51:52,1776250312,R_75,32416.0205,-1,5.485300000000279,BACKFILL_AUTO
2026-04-15 10:51:54,1776250314,R_75,32418.7655,1,2.7450000000026193,BACKFILL_AUTO
2026-04-15 10:51:56,1776250316,R_75,32415.8176,-1,2.9479000000028464,BACKFILL_AUTO
2026-04-15 10:51:58,1776250318,R_75,32417.5789,1,1.7613000000019383,BACKFILL_AUTO
2026-04-15 10:52:00,1776250320,R_75,32418.5599,1,0.9809999999997672,BACKFILL_AUTO
2026-04-15 10:52:02,1776250322,R_75,32406.7738,-1,11.78610000000117,BACKFILL_AUTO
2026-04-15 10:52:04,1776250324,R_75,32408.0024,1,1.2286000000021886,BACKFILL_AUTO
2026-04-15 10:52:06,1776250326,R_75,32407.1657,-1,0.836699999999837,BACKFILL_AUTO
2026-04-15 10:52:08,1776250328,R_75,32410.985,1,3.8192999999992026,BACKFILL_AUTO
2026-04-15 10:52:10,1776250330,R_75,32407.7697,-1,3.215299999999843,BACKFILL_AUTO
2026-04-15 10:52:12,1776250332,R_75,32400.1853,-1,7.584399999999732,BACKFILL_AUTO
2026-04-15 10:52:14,1776250334,R_75,32405.867,1,5.681699999997363,BACKFILL_AUTO
2026-04-15 10:52:16,1776250336,R_75,32401.1897,-1,4.677299999999377,BACKFILL_AUTO
2026-04-15 10:52:18,1776250338,R_75,32395.5662,-1,5.623499999997875,BACKFILL_AUTO
2026-04-15 10:52:20,1776250340,R_75,32403.5412,1,7.974999999998545,BACKFILL_AUTO
2026-04-15 10:52:22,1776250342,R_75,32401.7273,-1,1.8139000000010128,BACKFILL_AUTO
2026-04-15 10:52:24,1776250344,R_75,32401.1054,-1,0.621899999998277,BACKFILL_AUTO
2026-04-15 10:52:26,1776250346,R_75,32398.0675,-1,3.037899999999354,BACKFILL_AUTO
2026-04-15 10:52:28,1776250348,R_75,32392.5495,-1,5.518000000000029,BACKFILL_AUTO
2026-04-15 10:52:30,1776250350,R_75,32385.7334,-1,6.816100000000006,BACKFILL_AUTO
2026-04-15 10:52:32,1776250352,R_75,32377.2074,-1,8.526000000001659,BACKFILL_AUTO
2026-04-15 10:52:34,1776250354,R_75,32379.9612,1,2.7538000000022294,BACKFILL_AUTO
2026-04-15 10:52:36,1776250356,R_75,32378.0556,-1,1.9056000000018685,BACKFILL_AUTO
2026-04-15 10:52:38,1776250358,R_75,32386.677,1,8.621399999999994,BACKFILL_AUTO
2026-04-15 10:52:40,1776250360,R_75,32391.9512,1,5.274199999999837,BACKFILL_AUTO
2026-04-15 10:52:42,1776250362,R_75,32393.5402,1,1.5889999999999418,BACKFILL_AUTO
2026-04-15 10:52:44,1776250364,R_75,32397.1942,1,3.65400000000227,BACKFILL_AUTO
2026-04-15 10:52:46,1776250366,R_75,32395.5056,-1,1.6886000000013155,BACKFILL_AUTO
2026-04-15 10:52:48,1776250368,R_75,32391.3248,-1,4.180800000001909,BACKFILL_AUTO
2026-04-15 10:52:50,1776250370,R_75,32386.994,-1,4.330799999999726,BACKFILL_AUTO
2026-04-15 10:52:52,1776250372,R_75,32378.7933,-1,8.200699999997596,BACKFILL_AUTO
2026-04-15 10:52:54,1776250374,R_75,32382.6284,1,3.8351000000002387,BACKFILL_AUTO
2026-04-15 10:52:56,1776250376,R_75,32373.7524,-1,8.876000000000204,BACKFILL_AUTO
2026-04-15 10:52:58,1776250378,R_75,32379.7851,1,6.03269999999975,BACKFILL_AUTO
2026-04-15 10:53:00,1776250380,R_75,32369.8861,-1,9.899000000001251,BACKFILL_AUTO
2026-04-15 10:53:02,1776250382,R_75,32367.1513,-1,2.7347999999983585,BACKFILL_AUTO
2026-04-15 10:53:04,1776250384,R_75,32369.4075,1,2.256199999999808,BACKFILL_AUTO
2026-04-15 10:53:06,1776250386,R_75,32368.787,-1,0.6205000000009022,BACKFILL_AUTO
2026-04-15 10:53:08,1776250388,R_75,32371.2485,1,2.4615000000012515,BACKFILL_AUTO
2026-04-15 10:53:10,1776250390,R_75,32361.8629,-1,9.385600000001432,BACKFILL_AUTO
2026-04-15 10:53:12,1776250392,R_75,32359.0272,-1,2.8356999999996333,BACKFILL_AUTO
2026-04-15 10:53:14,1776250394,R_75,32362.171,1,3.1437999999980093,BACKFILL_AUTO
2026-04-15 10:53:16,1776250396,R_75,32366.0995,1,3.9285000000018044,BACKFILL_AUTO
2026-04-15 10:53:18,1776250398,R_75,32375.5027,1,9.403200000000652,BACKFILL_AUTO
2026-04-15 10:53:20,1776250400,R_75,32371.8594,-1,3.6432999999997264,BACKFILL_AUTO
2026-04-15 10:53:22,1776250402,R_75,32367.8953,-1,3.9641000000010536,BACKFILL_AUTO
2026-04-15 10:53:24,1776250404,R_75,32361.7307,-1,6.164600000000064,BACKFILL_AUTO
2026-04-15 10:53:26,1776250406,R_75,32355.3297,-1,6.401000000001659,BACKFILL_AUTO
2026-04-15 10:53:28,1776250408,R_75,32365.5625,1,10.232800000001589,BACKFILL_AUTO
2026-04-15 10:53:30,1776250410,R_75,32366.3905,1,0.8280000000013388,BACKFILL_AUTO
2026-04-15 10:53:32,1776250412,R_75,32362.4908,-1,3.899700000001758,BACKFILL_AUTO
2026-04-15 10:53:34,1776250414,R_75,32360.2515,-1,2.2393000000010943,BACKFILL_AUTO
2026-04-15 10:53:36,1776250416,R_75,32352.3983,-1,7.8531999999977415,BACKFILL_AUTO
2026-04-15 10:53:38,1776250418,R_75,32348.1898,-1,4.20850000000064,BACKFILL_AUTO
2026-04-15 10:53:40,1776250420,R_75,32365.587,1,17.39719999999943,BACKFILL_AUTO
2026-04-15 10:53:42,1776250422,R_75,32359.0936,-1,6.493399999999383,BACKFILL_AUTO
2026-04-15 10:53:44,1776250424,R_75,32357.2501,-1,1.8434999999990396,BACKFILL_AUTO
2026-04-15 10:53:46,1776250426,R_75,32362.7213,1,5.471199999999953,BACKFILL_AUTO
2026-04-15 10:53:48,1776250428,R_75,32366.0618,1,3.3404999999984284,BACKFILL_AUTO
2026-04-15 10:53:50,1776250430,R_75,32366.1947,1,0.13290000000051805,BACKFILL_AUTO
2026-04-15 10:53:52,1776250432,R_75,32365.2645,-1,0.9301999999988766,BACKFILL_AUTO
2026-04-15 10:53:54,1776250434,R_75,32361.3911,-1,3.8734000000004016,BACKFILL_AUTO
2026-04-15 10:53:56,1776250436,R_75,32361.1561,-1,0.23500000000058208,BACKFILL_AUTO
2026-04-15 10:53:58,1776250438,R_75,32365.3208,1,4.164700000001176,BACKFILL_AUTO
2026-04-15 10:54:00,1776250440,R_75,32361.9663,-1,3.3545000000012806,BACKFILL_AUTO
2026-04-15 10:54:02,1776250442,R_75,32364.9603,1,2.9939999999987776,BACKFILL_AUTO
2026-04-15 10:54:04,1776250444,R_75,32362.75,-1,2.210299999998824,BACKFILL_AUTO
2026-04-15 10:54:06,1776250446,R_75,32366.7797,1,4.0296999999991385,BACKFILL_AUTO
2026-04-15 10:54:08,1776250448,R_75,32375.9804,1,9.200700000001234,BACKFILL_AUTO
2026-04-15 10:54:10,1776250450,R_75,32377.6533,1,1.6729000000013912,BACKFILL_AUTO
2026-04-15 10:54:12,1776250452,R_75,32370.2212,-1,7.43210000000181,BACKFILL_AUTO
2026-04-15 10:54:14,1776250454,R_75,32366.0255,-1,4.195700000000215,BACKFILL_AUTO
2026-04-15 10:54:16,1776250456,R_75,32360.6126,-1,5.412899999999354,BACKFILL_AUTO
2026-04-15 10:54:18,1776250458,R_75,32368.3698,1,7.757200000000012,BACKFILL_AUTO
2026-04-15 10:54:20,1776250460,R_75,32356.8054,-1,11.564399999999296,BACKFILL_AUTO
2026-04-15 10:54:22,1776250462,R_75,32350.3183,-1,6.487100000002101,BACKFILL_AUTO
2026-04-15 10:54:24,1776250464,R_75,32338.6788,-1,11.639499999997497,BACKFILL_AUTO
2026-04-15 10:54:26,1776250466,R_75,32328.4706,-1,10.208200000000943,BACKFILL_AUTO
2026-04-15 10:54:28,1776250468,R_75,32323.0535,-1,5.417099999998754,BACKFILL_AUTO
2026-04-15 10:54:30,1776250470,R_75,32332.292,1,9.238499999999476,BACKFILL_AUTO
2026-04-15 10:54:32,1776250472,R_75,32328.7718,-1,3.52020000000266,BACKFILL_AUTO
2026-04-15 10:54:34,1776250474,R_75,32329.4014,1,0.6296000000002095,BACKFILL_AUTO
2026-04-15 10:54:36,1776250476,R_75,32326.5428,-1,2.8585999999995693,BACKFILL_AUTO
2026-04-15 10:54:38,1776250478,R_75,32326.4871,-1,0.055700000000797445,BACKFILL_AUTO
2026-04-15 10:54:40,1776250480,R_75,32324.2685,-1,2.2186000000001513,BACKFILL_AUTO
2026-04-15 10:54:42,1776250482,R_75,32320.511,-1,3.757499999999709,BACKFILL_AUTO
2026-04-15 10:54:44,1776250484,R_75,32320.4733,-1,0.03769999999713036,BACKFILL_AUTO
2026-04-15 10:54:46,1776250486,R_75,32317.6346,-1,2.8387000000002445,BACKFILL_AUTO
2026-04-15 10:54:48,1776250488,R_75,32308.1221,-1,9.512500000000728,BACKFILL_AUTO
2026-04-15 10:54:50,1776250490,R_75,32316.5594,1,8.437299999997776,BACKFILL_AUTO
2026-04-15 10:54:52,1776250492,R_75,32326.8145,1,10.25510000000213,BACKFILL_AUTO
2026-04-15 10:54:54,1776250494,R_75,32324.9318,-1,1.8827000000019325,BACKFILL_AUTO
2026-04-15 10:54:56,1776250496,R_75,32323.1368,-1,1.7949999999982538,BACKFILL_AUTO
2026-04-15 10:54:58,1776250498,R_75,32328.3959,1,5.259099999999307,BACKFILL_AUTO
2026-04-15 10:55:00,1776250500,R_75,32327.5645,-1,0.8313999999991211,BACKFILL_AUTO
2026-04-15 10:55:02,1776250502,R_75,32331.1944,1,3.629899999999907,BACKFILL_AUTO
2026-04-15 10:55:04,1776250504,R_75,32323.2283,-1,7.966100000001461,BACKFILL_AUTO
2026-04-15 10:55:06,1776250506,R_75,32324.0842,1,0.8559000000022934,BACKFILL_AUTO
2026-04-15 10:55:08,1776250508,R_75,32329.551,1,5.466799999998329,BACKFILL_AUTO
2026-04-15 10:55:10,1776250510,R_75,32320.8449,-1,8.706099999999424,BACKFILL_AUTO
2026-04-15 10:55:12,1776250512,R_75,32322.2576,1,1.4127000000007683,BACKFILL_AUTO
2026-04-15 10:55:14,1776250514,R_75,32322.3588,1,0.10120000000097207,BACKFILL_AUTO
2026-04-15 10:55:16,1776250516,R_75,32320.3328,-1,2.026000000001659,BACKFILL_AUTO
2026-04-15 10:55:18,1776250518,R_75,32319.1443,-1,1.1885000000002037,BACKFILL_AUTO
2026-04-15 10:55:20,1776250520,R_75,32311.1973,-1,7.947000000000116,BACKFILL_AUTO
2026-04-15 10:55:22,1776250522,R_75,32303.5636,-1,7.633699999998498,BACKFILL_AUTO
2026-04-15 10:55:24,1776250524,R_75,32296.9125,-1,6.651100000002771,BACKFILL_AUTO
2026-04-15 10:55:26,1776250526,R_75,32295.2346,-1,1.6778999999987718,BACKFILL_AUTO
2026-04-15 10:55:28,1776250528,R_75,32295.09,-1,0.14459999999962747,BACKFILL_AUTO
2026-04-15 10:55:30,1776250530,R_75,32296.8651,1,1.775099999998929,BACKFILL_AUTO
2026-04-15 10:55:32,1776250532,R_75,32297.4293,1,0.5642000000007101,BACKFILL_AUTO
2026-04-15 10:55:34,1776250534,R_75,32307.615,1,10.185700000001816,BACKFILL_AUTO
2026-04-15 10:55:36,1776250536,R_75,32307.3563,-1,0.2587000000021362,BACKFILL_AUTO
2026-04-15 10:55:38,1776250538,R_75,32314.9949,1,7.638600000002043,BACKFILL_AUTO
2026-04-15 10:55:40,1776250540,R_75,32319.9288,1,4.933899999999994,BACKFILL_AUTO
2026-04-15 10:55:42,1776250542,R_75,32325.5052,1,5.576399999998102,BACKFILL_AUTO
2026-04-15 10:55:44,1776250544,R_75,32329.9882,1,4.483000000000175,BACKFILL_AUTO
2026-04-15 10:55:46,1776250546,R_75,32331.6067,1,1.6185000000004948,BACKFILL_AUTO
2026-04-15 10:55:48,1776250548,R_75,32329.1213,-1,2.485400000001391,BACKFILL_AUTO
2026-04-15 10:55:50,1776250550,R_75,32337.0406,1,7.919300000001385,BACKFILL_AUTO
2026-04-15 10:55:52,1776250552,R_75,32332.5927,-1,4.447899999999208,BACKFILL_AUTO
2026-04-15 10:55:54,1776250554,R_75,32326.1088,-1,6.483899999999267,BACKFILL_AUTO
2026-04-15 10:55:56,1776250556,R_75,32331.9132,1,5.804399999997258,BACKFILL_AUTO
2026-04-15 10:55:58,1776250558,R_75,32326.774,-1,5.1391999999978,BACKFILL_AUTO
2026-04-15 10:56:00,1776250560,R_75,32331.9959,1,5.22190000000046,BACKFILL_AUTO
2026-04-15 10:56:02,1776250562,R_75,32332.1836,1,0.18769999999858555,BACKFILL_AUTO
2026-04-15 10:56:04,1776250564,R_75,32331.8282,-1,0.35540000000037253,BACKFILL_AUTO
2026-04-15 10:56:06,1776250566,R_75,32325.4772,-1,6.3509999999987485,BACKFILL_AUTO
2026-04-15 10:56:08,1776250568,R_75,32328.9062,1,3.4290000000000873,BACKFILL_AUTO
2026-04-15 10:56:10,1776250570,R_75,32336.2466,1,7.340399999997317,BACKFILL_AUTO
2026-04-15 10:56:12,1776250572,R_75,32327.5695,-1,8.677099999997154,BACKFILL_AUTO
2026-04-15 10:56:14,1776250574,R_75,32331.9035,1,4.333999999998923,BACKFILL_AUTO
2026-04-15 10:56:16,1776250576,R_75,32334.8248,1,2.921299999998155,BACKFILL_AUTO
2026-04-15 10:56:18,1776250578,R_75,32343.9569,1,9.132100000002538,BACKFILL_AUTO
2026-04-15 10:56:20,1776250580,R_75,32348.1076,1,4.150699999998324,BACKFILL_AUTO
2026-04-15 10:56:22,1776250582,R_75,32350.9771,1,2.8695000000006985,BACKFILL_AUTO
2026-04-15 10:56:24,1776250584,R_75,32363.6179,1,12.640800000001036,BACKFILL_AUTO
2026-04-15 10:56:26,1776250586,R_75,32365.0939,1,1.4759999999987485,BACKFILL_AUTO
2026-04-15 10:56:28,1776250588,R_75,32368.8554,1,3.761500000000524,BACKFILL_AUTO
2026-04-15 10:56:30,1776250590,R_75,32364.2443,-1,4.611100000001898,BACKFILL_AUTO
2026-04-15 10:56:32,1776250592,R_75,32360.324,-1,3.920299999997951,BACKFILL_AUTO
2026-04-15 10:56:34,1776250594,R_75,32360.0235,-1,0.30050000000119326,BACKFILL_AUTO
2026-04-15 10:56:36,1776250596,R_75,32374.5158,1,14.492300000001705,BACKFILL_AUTO
2026-04-15 10:56:38,1776250598,R_75,32373.2491,-1,1.266700000000128,BACKFILL_AUTO
2026-04-15 10:56:40,1776250600,R_75,32367.7202,-1,5.528900000001158,BACKFILL_AUTO
2026-04-15 10:56:42,1776250602,R_75,32363.6702,-1,4.049999999999272,BACKFILL_AUTO
2026-04-15 10:56:44,1776250604,R_75,32369.9253,1,6.255099999998492,BACKFILL_AUTO
2026-04-15 10:56:46,1776250606,R_75,32369.6189,-1,0.3063999999976659,BACKFILL_AUTO
2026-04-15 10:56:48,1776250608,R_75,32362.008,-1,7.610899999999674,BACKFILL_AUTO
2026-04-15 10:56:50,1776250610,R_75,32357.154,-1,4.854000000002998,BACKFILL_AUTO
2026-04-15 10:56:52,1776250612,R_75,32353.6352,-1,3.5187999999980093,BACKFILL_AUTO
2026-04-15 10:56:54,1776250614,R_75,32354.7603,1,1.1251000000011118,BACKFILL_AUTO
2026-04-15 10:56:56,1776250616,R_75,32349.6026,-1,5.157700000003388,BACKFILL_AUTO
2026-04-15 10:56:58,1776250618,R_75,32351.0619,1,1.4593000000022585,BACKFILL_AUTO
2026-04-15 10:57:00,1776250620,R_75,32341.3218,-1,9.740099999999074,BACKFILL_AUTO
2026-04-15 10:57:02,1776250622,R_75,32334.2142,-1,7.1076000000030035,BACKFILL_AUTO
2026-04-15 10:57:04,1776250624,R_75,32333.3479,-1,0.8662999999978638,BACKFILL_AUTO
2026-04-15 10:57:06,1776250626,R_75,32345.2893,1,11.941399999999703,BACKFILL_AUTO
2026-04-15 10:57:08,1776250628,R_75,32341.6517,-1,3.6376000000018394,BACKFILL_AUTO
2026-04-15 10:57:10,1776250630,R_75,32333.4397,-1,8.211999999999534,BACKFILL_AUTO
2026-04-15 10:57:12,1776250632,R_75,32320.2652,-1,13.174499999997352,BACKFILL_AUTO
2026-04-15 10:57:14,1776250634,R_75,32311.8053,-1,8.459900000001653,BACKFILL_AUTO
2026-04-15 10:57:16,1776250636,R_75,32320.8695,1,9.06420000000071,BACKFILL_AUTO
2026-04-15 10:57:18,1776250638,R_75,32319.5168,-1,1.3526999999994587,BACKFILL_AUTO
2026-04-15 10:57:20,1776250640,R_75,32315.3599,-1,4.1569000000017695,BACKFILL_AUTO
2026-04-15 10:57:22,1776250642,R_75,32315.057,-1,0.3028999999987718,BACKFILL_AUTO
2026-04-15 10:57:24,1776250644,R_75,32310.1825,-1,4.874500000001717,BACKFILL_AUTO
2026-04-15 10:57:26,1776250646,R_75,32309.217,-1,0.9654999999984284,BACKFILL_AUTO
2026-04-15 10:57:28,1776250648,R_75,32312.2879,1,3.070899999998801,BACKFILL_AUTO
2026-04-15 10:57:30,1776250650,R_75,32305.8056,-1,6.482299999999668,BACKFILL_AUTO
2026-04-15 10:57:32,1776250652,R_75,32297.8849,-1,7.92069999999876,BACKFILL_AUTO
2026-04-15 10:57:34,1776250654,R_75,32290.9142,-1,6.970700000001671,BACKFILL_AUTO
2026-04-15 10:57:36,1776250656,R_75,32280.3312,-1,10.58299999999872,BACKFILL_AUTO
2026-04-15 10:57:38,1776250658,R_75,32277.521,-1,2.8101999999998952,BACKFILL_AUTO
2026-04-15 10:57:40,1776250660,R_75,32269.8594,-1,7.661599999999453,BACKFILL_AUTO
2026-04-15 10:57:42,1776250662,R_75,32275.9519,1,6.092499999998836,BACKFILL_AUTO
2026-04-15 10:57:44,1776250664,R_75,32278.9886,1,3.0367000000005646,BACKFILL_AUTO
2026-04-15 10:57:46,1776250666,R_75,32273.2544,-1,5.734199999998964,BACKFILL_AUTO
2026-04-15 10:57:48,1776250668,R_75,32273.9989,1,0.7444999999970605,BACKFILL_AUTO
2026-04-15 10:57:50,1776250670,R_75,32275.6422,1,1.6432999999997264,BACKFILL_AUTO
2026-04-15 10:57:52,1776250672,R_75,32268.3495,-1,7.292699999998149,BACKFILL_AUTO
2026-04-15 10:57:54,1776250674,R_75,32263.3429,-1,5.006600000000617,BACKFILL_AUTO
2026-04-15 10:57:56,1776250676,R_75,32250.6115,-1,12.731400000000576,BACKFILL_AUTO
2026-04-15 10:57:58,1776250678,R_75,32249.7487,-1,0.8627999999989697,BACKFILL_AUTO
2026-04-15 10:58:00,1776250680,R_75,32235.348,-1,14.400699999998324,BACKFILL_AUTO
2026-04-15 10:58:02,1776250682,R_75,32225.9751,-1,9.372900000002119,BACKFILL_AUTO
2026-04-15 10:58:04,1776250684,R_75,32230.4938,1,4.5187000000005355,BACKFILL_AUTO
2026-04-15 10:58:06,1776250686,R_75,32229.091,-1,1.4027999999998428,BACKFILL_AUTO
2026-04-15 10:58:08,1776250688,R_75,32228.6162,-1,0.47479999999995925,BACKFILL_AUTO
2026-04-15 10:58:10,1776250690,R_75,32226.5261,-1,2.0901000000012573,BACKFILL_AUTO
2026-04-15 10:58:12,1776250692,R_75,32228.0079,1,1.4818000000013853,BACKFILL_AUTO
2026-04-15 10:58:14,1776250694,R_75,32226.0925,-1,1.9154000000016822,BACKFILL_AUTO
2026-04-15 10:58:16,1776250696,R_75,32223.2107,-1,2.8817999999992026,BACKFILL_AUTO
2026-04-15 10:58:18,1776250698,R_75,32225.9358,1,2.7250999999996566,BACKFILL_AUTO
2026-04-15 10:58:20,1776250700,R_75,32224.1209,-1,1.8148999999975786,BACKFILL_AUTO
2026-04-15 10:58:22,1776250702,R_75,32220.4543,-1,3.6666000000004715,BACKFILL_AUTO
2026-04-15 10:58:24,1776250704,R_75,32209.8332,-1,10.621100000000297,BACKFILL_AUTO
2026-04-15 10:58:26,1776250706,R_75,32201.0049,-1,8.828300000001036,BACKFILL_AUTO
2026-04-15 10:58:28,1776250708,R_75,32196.2014,-1,4.8034999999981665,BACKFILL_AUTO
2026-04-15 10:58:30,1776250710,R_75,32202.9346,1,6.73319999999876,BACKFILL_AUTO
2026-04-15 10:58:32,1776250712,R_75,32206.8962,1,3.9615999999987253,BACKFILL_AUTO
2026-04-15 10:58:34,1776250714,R_75,32211.6042,1,4.708000000002357,BACKFILL_AUTO
2026-04-15 10:58:36,1776250716,R_75,32221.7844,1,10.180199999998877,BACKFILL_AUTO
2026-04-15 10:58:38,1776250718,R_75,32225.2153,1,3.430899999999383,BACKFILL_AUTO
2026-04-15 10:58:40,1776250720,R_75,32223.0259,-1,2.1893999999992957,BACKFILL_AUTO
2026-04-15 10:58:42,1776250722,R_75,32230.7257,1,7.699799999998504,BACKFILL_AUTO
2026-04-15 10:58:44,1776250724,R_75,32224.5576,-1,6.168099999998958,BACKFILL_AUTO
2026-04-15 10:58:46,1776250726,R_75,32219.7187,-1,4.83889999999883,BACKFILL_AUTO
2026-04-15 10:58:48,1776250728,R_75,32220.3975,1,0.6787999999978638,BACKFILL_AUTO
2026-04-15 10:58:50,1776250730,R_75,32218.2374,-1,2.1600999999973283,BACKFILL_AUTO
2026-04-15 10:58:52,1776250732,R_75,32208.4639,-1,9.773500000002969,BACKFILL_AUTO
2026-04-15 10:58:54,1776250734,R_75,32207.7009,-1,0.7629999999990105,BACKFILL_AUTO
2026-04-15 10:58:56,1776250736,R_75,32206.0289,-1,1.6719999999986612,BACKFILL_AUTO
2026-04-15 10:58:58,1776250738,R_75,32211.245,1,5.216099999997823,BACKFILL_AUTO
2026-04-15 10:59:00,1776250740,R_75,32204.7168,-1,6.528200000000652,BACKFILL_AUTO
2026-04-15 10:59:02,1776250742,R_75,32204.5294,-1,0.18739999999888823,BACKFILL_AUTO
2026-04-15 10:59:04,1776250744,R_75,32205.5825,1,1.0531000000009954,BACKFILL_AUTO
2026-04-15 10:59:06,1776250746,R_75,32210.9029,1,5.320400000000518,BACKFILL_AUTO
2026-04-15 10:59:08,1776250748,R_75,32226.0331,1,15.130199999999604,BACKFILL_AUTO
2026-04-15 10:59:10,1776250750,R_75,32225.4188,-1,0.6143000000010943,BACKFILL_AUTO
2026-04-15 10:59:12,1776250752,R_75,32228.4935,1,3.0747000000010303,BACKFILL_AUTO
2026-04-15 10:59:14,1776250754,R_75,32226.4853,-1,2.0082000000002154,BACKFILL_AUTO
2026-04-15 10:59:16,1776250756,R_75,32230.4733,1,3.9880000000011933,BACKFILL_AUTO
2026-04-15 10:59:18,1776250758,R_75,32227.9706,-1,2.502700000000914,BACKFILL_AUTO
2026-04-15 10:59:20,1776250760,R_75,32218.9122,-1,9.058400000001711,BACKFILL_AUTO
2026-04-15 10:59:22,1776250762,R_75,32219.4151,1,0.5028999999994994,BACKFILL_AUTO
2026-04-15 10:59:24,1776250764,R_75,32219.6733,1,0.25820000000021537,BACKFILL_AUTO
2026-04-15 10:59:26,1776250766,R_75,32215.4517,-1,4.2215999999971245,BACKFILL_AUTO
2026-04-15 10:59:28,1776250768,R_75,32205.0965,-1,10.355200000001787,BACKFILL_AUTO
2026-04-15 10:59:30,1776250770,R_75,32202.894,-1,2.202499999999418,BACKFILL_AUTO
2026-04-15 10:59:32,1776250772,R_75,32198.6892,-1,4.204799999999523,BACKFILL_AUTO
2026-04-15 10:59:34,1776250774,R_75,32199.7135,1,1.0243000000009488,BACKFILL_AUTO
2026-04-15 10:59:36,1776250776,R_75,32197.7884,-1,1.9251000000003842,BACKFILL_AUTO
2026-04-15 10:59:38,1776250778,R_75,32183.1549,-1,14.633499999999913,BACKFILL_AUTO
2026-04-15 10:59:40,1776250780,R_75,32179.295,-1,3.8599000000031083,BACKFILL_AUTO
2026-04-15 10:59:42,1776250782,R_75,32180.8304,1,1.5354000000006636,BACKFILL_AUTO
2026-04-15 10:59:44,1776250784,R_75,32172.2404,-1,8.590000000000146,BACKFILL_AUTO
2026-04-15 10:59:46,1776250786,R_75,32161.1296,-1,11.110799999998562,BACKFILL_AUTO
2026-04-15 10:59:48,1776250788,R_75,32166.3228,1,5.193200000001525,BACKFILL_AUTO
2026-04-15 10:59:50,1776250790,R_75,32162.04,-1,4.2828000000008615,BACKFILL_AUTO
2026-04-15 10:59:52,1776250792,R_75,32165.2939,1,3.253899999999703,BACKFILL_AUTO
2026-04-15 10:59:54,1776250794,R_75,32164.5963,-1,0.6975999999995111,BACKFILL_AUTO
2026-04-15 10:59:56,1776250796,R_75,32154.3654,-1,10.230900000002293,BACKFILL_AUTO
2026-04-15 10:59:58,1776250798,R_75,32157.8283,1,3.4629000000022643,BACKFILL_AUTO
2026-04-15 11:00:00,1776250800,R_75,32163.5875,1,5.759200000000419,BACKFILL_AUTO
2026-04-15 11:00:02,1776250802,R_75,32164.6861,1,1.098599999997532,BACKFILL_AUTO
2026-04-15 11:00:04,1776250804,R_75,32170.4301,1,5.744000000002416,BACKFILL_AUTO
2026-04-15 11:00:06,1776250806,R_75,32170.427,-1,0.0031000000017229468,BACKFILL_AUTO
2026-04-15 11:00:08,1776250808,R_75,32159.2085,-1,11.21849999999904,BACKFILL_AUTO
2026-04-15 11:00:10,1776250810,R_75,32159.7469,1,0.5383999999976368,BACKFILL_AUTO
2026-04-15 11:00:12,1776250812,R_75,32164.0141,1,4.267200000002049,BACKFILL_AUTO
2026-04-15 11:00:14,1776250814,R_75,32153.4077,-1,10.606400000000576,BACKFILL_AUTO
2026-04-15 11:00:16,1776250816,R_75,32158.4579,1,5.050200000001496,BACKFILL_AUTO
2026-04-15 11:00:18,1776250818,R_75,32159.6557,1,1.1977999999980966,BACKFILL_AUTO
2026-04-15 11:00:20,1776250820,R_75,32160.0867,1,0.43100000000049477,BACKFILL_AUTO
2026-04-15 11:00:22,1776250822,R_75,32153.294,-1,6.792699999998149,BACKFILL_AUTO
2026-04-15 11:00:24,1776250824,R_75,32149.0132,-1,4.280800000000454,BACKFILL_AUTO
2026-04-15 11:00:26,1776250826,R_75,32159.5199,1,10.50669999999809,BACKFILL_AUTO
2026-04-15 11:00:28,1776250828,R_75,32159.3871,-1,0.13279999999940628,BACKFILL_AUTO
2026-04-15 11:00:30,1776250830,R_75,32162.5531,1,3.166000000001077,BACKFILL_AUTO
2026-04-15 11:00:32,1776250832,R_75,32163.4472,1,0.8940999999977066,BACKFILL_AUTO
2026-04-15 11:00:34,1776250834,R_75,32173.8288,1,10.381600000000617,BACKFILL_AUTO
2026-04-15 11:00:36,1776250836,R_75,32171.4132,-1,2.4156000000002678,BACKFILL_AUTO
2026-04-15 11:00:38,1776250838,R_75,32161.4925,-1,9.92069999999876,BACKFILL_AUTO
2026-04-15 11:00:40,1776250840,R_75,32153.5028,-1,7.989700000001903,BACKFILL_AUTO
2026-04-15 11:00:42,1776250842,R_75,32161.2678,1,7.765000000003056,BACKFILL_AUTO
2026-04-15 11:00:44,1776250844,R_75,32174.9843,1,13.716499999998632,BACKFILL_AUTO
2026-04-15 11:00:46,1776250846,R_75,32174.9388,-1,0.04550000000017462,BACKFILL_AUTO
2026-04-15 11:00:48,1776250848,R_75,32171.8486,-1,3.090199999998731,BACKFILL_AUTO
2026-04-15 11:00:50,1776250850,R_75,32178.139,1,6.290399999998044,BACKFILL_AUTO
2026-04-15 11:00:52,1776250852,R_75,32180.3142,1,2.175200000001496,BACKFILL_AUTO
2026-04-15 11:00:54,1776250854,R_75,32176.1976,-1,4.116600000001199,BACKFILL_AUTO
2026-04-15 11:00:56,1776250856,R_75,32175.0703,-1,1.1273000000001048,BACKFILL_AUTO
2026-04-15 11:00:58,1776250858,R_75,32171.0315,-1,4.038799999998446,BACKFILL_AUTO
2026-04-15 11:01:00,1776250860,R_75,32178.1755,1,7.144000000000233,BACKFILL_AUTO
2026-04-15 11:01:02,1776250862,R_75,32157.6483,-1,20.527200000000448,BACKFILL_AUTO
2026-04-15 11:01:04,1776250864,R_75,32168.9602,1,11.311900000000605,BACKFILL_AUTO
2026-04-15 11:01:06,1776250866,R_75,32171.2848,1,2.3245999999999185,BACKFILL_AUTO
2026-04-15 11:01:08,1776250868,R_75,32170.6689,-1,0.6159000000006927,BACKFILL_AUTO
2026-04-15 11:01:10,1776250870,R_75,32171.155,1,0.4860999999982596,BACKFILL_AUTO
2026-04-15 11:01:12,1776250872,R_75,32178.8003,1,7.645300000000134,BACKFILL_AUTO
2026-04-15 11:01:14,1776250874,R_75,32175.047,-1,3.7533000000003085,BACKFILL_AUTO
2026-04-15 11:01:16,1776250876,R_75,32177.3642,1,2.3172000000013213,BACKFILL_AUTO
2026-04-15 11:01:18,1776250878,R_75,32169.8219,-1,7.542300000000978,BACKFILL_AUTO
2026-04-15 11:01:20,1776250880,R_75,32173.0787,1,3.2567999999992026,BACKFILL_AUTO
2026-04-15 11:01:22,1776250882,R_75,32170.3091,-1,2.7695999999996275,BACKFILL_AUTO
2026-04-15 11:01:24,1776250884,R_75,32173.6225,1,3.31340000000273,BACKFILL_AUTO
2026-04-15 11:01:26,1776250886,R_75,32177.0404,1,3.4179000000003725,BACKFILL_AUTO
2026-04-15 11:01:28,1776250888,R_75,32178.9987,1,1.9582999999984168,BACKFILL_AUTO
2026-04-15 11:01:30,1776250890,R_75,32179.3901,1,0.39140000000043074,BACKFILL_AUTO
2026-04-15 11:01:32,1776250892,R_75,32175.9059,-1,3.484199999998964,BACKFILL_AUTO
2026-04-15 11:01:34,1776250894,R_75,32172.1839,-1,3.7220000000015716,BACKFILL_AUTO
2026-04-15 11:01:36,1776250896,R_75,32160.815,-1,11.368900000001304,BACKFILL_AUTO
2026-04-15 11:01:38,1776250898,R_75,32169.1657,1,8.35070000000269,BACKFILL_AUTO
2026-04-15 11:01:40,1776250900,R_75,32165.7952,-1,3.370500000000902,BACKFILL_AUTO
2026-04-15 11:01:42,1776250902,R_75,32165.8948,1,0.09959999999773572,BACKFILL_AUTO
2026-04-15 11:01:44,1776250904,R_75,32160.5038,-1,5.390999999999622,BACKFILL_AUTO
2026-04-15 11:01:46,1776250906,R_75,32165.4432,1,4.939400000002934,BACKFILL_AUTO
2026-04-15 11:01:48,1776250908,R_75,32164.1307,-1,1.3125,BACKFILL_AUTO
2026-04-15 11:01:50,1776250910,R_75,32167.5196,1,3.3888999999981024,BACKFILL_AUTO
2026-04-15 11:01:52,1776250912,R_75,32165.1938,-1,2.325799999998708,BACKFILL_AUTO
2026-04-15 11:01:54,1776250914,R_75,32163.0091,-1,2.1847000000016124,BACKFILL_AUTO
2026-04-15 11:01:56,1776250916,R_75,32152.1636,-1,10.845499999999447,BACKFILL_AUTO
2026-04-15 11:01:58,1776250918,R_75,32143.7506,-1,8.413000000000466,BACKFILL_AUTO
2026-04-15 11:02:00,1776250920,R_75,32147.8978,1,4.14719999999943,BACKFILL_AUTO
2026-04-15 11:02:02,1776250922,R_75,32154.3119,1,6.414100000001781,BACKFILL_AUTO
2026-04-15 11:02:04,1776250924,R_75,32166.9014,1,12.589499999998225,BACKFILL_AUTO
2026-04-15 11:02:06,1776250926,R_75,32176.4516,1,9.550200000001496,BACKFILL_AUTO
2026-04-15 11:02:08,1776250928,R_75,32173.0313,-1,3.420300000001589,BACKFILL_AUTO
2026-04-15 11:02:10,1776250930,R_75,32176.371,1,3.339700000000448,BACKFILL_AUTO
2026-04-15 11:02:12,1776250932,R_75,32169.4206,-1,6.950399999997899,BACKFILL_AUTO
2026-04-15 11:02:14,1776250934,R_75,32171.4824,1,2.0617999999994936,BACKFILL_AUTO
2026-04-15 11:02:16,1776250936,R_75,32174.1789,1,2.6964999999981956,BACKFILL_AUTO
2026-04-15 11:02:18,1776250938,R_75,32178.7561,1,4.577199999999721,BACKFILL_AUTO
2026-04-15 11:02:20,1776250940,R_75,32183.3166,1,4.5604999999995925,BACKFILL_AUTO
2026-04-15 11:02:22,1776250942,R_75,32174.0451,-1,9.271499999998923,BACKFILL_AUTO
2026-04-15 11:02:24,1776250944,R_75,32171.0871,-1,2.9579999999987194,BACKFILL_AUTO
2026-04-15 11:02:26,1776250946,R_75,32177.6218,1,6.534700000000157,BACKFILL_AUTO
2026-04-15 11:02:28,1776250948,R_75,32169.1303,-1,8.491500000000087,BACKFILL_AUTO
2026-04-15 11:02:30,1776250950,R_75,32163.6356,-1,5.494699999999284,BACKFILL_AUTO
2026-04-15 11:02:32,1776250952,R_75,32164.2721,1,0.6364999999968859,BACKFILL_AUTO
2026-04-15 11:02:34,1776250954,R_75,32167.9254,1,3.6533000000017637,BACKFILL_AUTO
2026-04-15 11:02:36,1776250956,R_75,32156.5107,-1,11.414700000001176,BACKFILL_AUTO
2026-04-15 11:02:38,1776250958,R_75,32158.0476,1,1.5369000000027881,BACKFILL_AUTO
2026-04-15 11:02:40,1776250960,R_75,32146.2847,-1,11.762900000001537,BACKFILL_AUTO
2026-04-15 11:02:42,1776250962,R_75,32143.5927,-1,2.691999999999098,BACKFILL_AUTO
2026-04-15 11:02:44,1776250964,R_75,32139.3791,-1,4.213600000002771,BACKFILL_AUTO
2026-04-15 11:02:46,1776250966,R_75,32137.0491,-1,2.3299999999981083,BACKFILL_AUTO
2026-04-15 11:02:48,1776250968,R_75,32135.4165,-1,1.6326000000008207,BACKFILL_AUTO
2026-04-15 11:02:50,1776250970,R_75,32132.9821,-1,2.434399999998277,BACKFILL_AUTO
2026-04-15 11:02:52,1776250972,R_75,32141.1731,1,8.190999999998894,BACKFILL_AUTO
2026-04-15 11:02:54,1776250974,R_75,32144.979,1,3.805899999999383,BACKFILL_AUTO
2026-04-15 11:02:56,1776250976,R_75,32149.3146,1,4.3356000000021595,BACKFILL_AUTO
2026-04-15 11:02:58,1776250978,R_75,32148.3622,-1,0.9524000000019441,BACKFILL_AUTO
2026-04-15 11:03:00,1776250980,R_75,32145.4228,-1,2.9393999999992957,BACKFILL_AUTO
2026-04-15 11:03:02,1776250982,R_75,32147.7182,1,2.295399999999063,BACKFILL_AUTO
2026-04-15 11:03:04,1776250984,R_75,32147.0153,-1,0.702900000000227,BACKFILL_AUTO
2026-04-15 11:03:06,1776250986,R_75,32157.1296,1,10.114300000001094,BACKFILL_AUTO
2026-04-15 11:03:08,1776250988,R_75,32160.7998,1,3.6702000000004773,BACKFILL_AUTO
2026-04-15 11:03:10,1776250990,R_75,32159.0516,-1,1.748200000001816,BACKFILL_AUTO
2026-04-15 11:03:12,1776250992,R_75,32159.8391,1,0.7875000000021828,BACKFILL_AUTO
2026-04-15 11:03:14,1776250994,R_75,32144.5387,-1,15.300400000000081,BACKFILL_AUTO
2026-04-15 11:03:16,1776250996,R_75,32152.0428,1,7.504099999998289,BACKFILL_AUTO
2026-04-15 11:03:18,1776250998,R_75,32157.4115,1,5.36869999999908,BACKFILL_AUTO
2026-04-15 11:03:20,1776251000,R_75,32149.3098,-1,8.101699999999255,BACKFILL_AUTO
2026-04-15 11:03:22,1776251002,R_75,32145.1449,-1,4.164899999999761,BACKFILL_AUTO
2026-04-15 11:03:24,1776251004,R_75,32140.6561,-1,4.4887999999991735,BACKFILL_AUTO
2026-04-15 11:03:26,1776251006,R_75,32136.2418,-1,4.414300000000367,BACKFILL_AUTO
2026-04-15 11:03:28,1776251008,R_75,32143.071,1,6.829200000000128,BACKFILL_AUTO
2026-04-15 11:03:30,1776251010,R_75,32150.0909,1,7.019899999999325,BACKFILL_AUTO
2026-04-15 11:03:32,1776251012,R_75,32153.5299,1,3.4390000000021246,BACKFILL_AUTO
2026-04-15 11:03:34,1776251014,R_75,32156.9054,1,3.375499999998283,BACKFILL_AUTO
2026-04-15 11:03:36,1776251016,R_75,32151.7339,-1,5.171500000000378,BACKFILL_AUTO
2026-04-15 11:03:38,1776251018,R_75,32151.0821,-1,0.6517999999996391,BACKFILL_AUTO
2026-04-15 11:03:40,1776251020,R_75,32149.1485,-1,1.9336000000002969,BACKFILL_AUTO
2026-04-15 11:03:42,1776251022,R_75,32143.2726,-1,5.875899999999092,BACKFILL_AUTO
2026-04-15 11:03:44,1776251024,R_75,32135.5352,-1,7.737400000001799,BACKFILL_AUTO
2026-04-15 11:03:46,1776251026,R_75,32131.3417,-1,4.193499999997584,BACKFILL_AUTO
2026-04-15 11:03:48,1776251028,R_75,32129.9817,-1,1.360000000000582,BACKFILL_AUTO
2026-04-15 11:03:50,1776251030,R_75,32135.0387,1,5.0570000000006985,BACKFILL_AUTO
2026-04-15 11:03:52,1776251032,R_75,32139.1648,1,4.1260999999976775,BACKFILL_AUTO
2026-04-15 11:03:54,1776251034,R_75,32158.0429,1,18.878100000001723,BACKFILL_AUTO
2026-04-15 11:03:56,1776251036,R_75,32158.3201,1,0.2772000000004482,BACKFILL_AUTO
2026-04-15 11:03:58,1776251038,R_75,32156.5238,-1,1.7963000000017928,BACKFILL_AUTO
2026-04-15 11:04:00,1776251040,R_75,32163.3059,1,6.782100000000355,BACKFILL_AUTO
2026-04-15 11:04:02,1776251042,R_75,32163.0526,-1,0.2533000000003085,BACKFILL_AUTO
2026-04-15 11:04:04,1776251044,R_75,32156.9005,-1,6.152099999999336,BACKFILL_AUTO
2026-04-15 11:04:06,1776251046,R_75,32151.4389,-1,5.461599999998725,BACKFILL_AUTO
2026-04-15 11:04:08,1776251048,R_75,32150.2645,-1,1.1743999999998778,BACKFILL_AUTO
2026-04-15 11:04:10,1776251050,R_75,32146.0398,-1,4.2247000000024855,BACKFILL_AUTO
2026-04-15 11:04:12,1776251052,R_75,32139.4201,-1,6.619699999999284,BACKFILL_AUTO
2026-04-15 11:04:14,1776251054,R_75,32137.0878,-1,2.332299999998213,BACKFILL_AUTO
2026-04-15 11:04:16,1776251056,R_75,32133.3426,-1,3.745200000001205,BACKFILL_AUTO
2026-04-15 11:04:18,1776251058,R_75,32138.5548,1,5.212200000001758,BACKFILL_AUTO
2026-04-15 11:04:20,1776251060,R_75,32141.4052,1,2.850399999999354,BACKFILL_AUTO
2026-04-15 11:04:22,1776251062,R_75,32143.0602,1,1.6549999999988358,BACKFILL_AUTO
2026-04-15 11:04:24,1776251064,R_75,32140.923,-1,2.1372000000010303,BACKFILL_AUTO
2026-04-15 11:04:26,1776251066,R_75,32150.354,1,9.431000000000495,BACKFILL_AUTO
2026-04-15 11:04:28,1776251068,R_75,32152.7104,1,2.3564000000005763,BACKFILL_AUTO
2026-04-15 11:04:30,1776251070,R_75,32151.1181,-1,1.5923000000002503,BACKFILL_AUTO
2026-04-15 11:04:32,1776251072,R_75,32157.1914,1,6.0733000000000175,BACKFILL_AUTO
2026-04-15 11:04:34,1776251074,R_75,32166.6388,1,9.447400000000926,BACKFILL_AUTO
2026-04-15 11:04:36,1776251076,R_75,32163.1811,-1,3.457699999999022,BACKFILL_AUTO
2026-04-15 11:04:38,1776251078,R_75,32174.2049,1,11.023799999999028,BACKFILL_AUTO
2026-04-15 11:04:40,1776251080,R_75,32177.8299,1,3.625,BACKFILL_AUTO
2026-04-15 11:04:42,1776251082,R_75,32184.9349,1,7.104999999999563,BACKFILL_AUTO
2026-04-15 11:04:44,1776251084,R_75,32182.9189,-1,2.0159999999996217,BACKFILL_AUTO
2026-04-15 11:04:46,1776251086,R_75,32183.6255,1,0.7065999999977066,BACKFILL_AUTO
2026-04-15 11:04:48,1776251088,R_75,32186.8495,1,3.224000000001979,BACKFILL_AUTO
2026-04-15 11:04:50,1776251090,R_75,32182.9543,-1,3.895199999999022,BACKFILL_AUTO
2026-04-15 11:04:52,1776251092,R_75,32173.6541,-1,9.300200000001496,BACKFILL_AUTO
2026-04-15 11:04:54,1776251094,R_75,32174.2069,1,0.552800000001298,BACKFILL_AUTO
2026-04-15 11:04:56,1776251096,R_75,32168.3728,-1,5.834100000000035,BACKFILL_AUTO
2026-04-15 11:04:58,1776251098,R_75,32164.8232,-1,3.5496000000021013,BACKFILL_AUTO
2026-04-15 11:05:00,1776251100,R_75,32160.0698,-1,4.753399999997782,BACKFILL_AUTO
2026-04-15 11:05:02,1776251102,R_75,32161.3913,1,1.3214999999981956,BACKFILL_AUTO
2026-04-15 11:05:04,1776251104,R_75,32156.9709,-1,4.420399999999063,BACKFILL_AUTO
2026-04-15 11:05:06,1776251106,R_75,32146.8324,-1,10.138500000000931,BACKFILL_AUTO
2026-04-15 11:05:08,1776251108,R_75,32150.1461,1,3.3137000000024273,BACKFILL_AUTO
2026-04-15 11:05:10,1776251110,R_75,32148.8172,-1,1.3289000000004307,BACKFILL_AUTO
2026-04-15 11:05:12,1776251112,R_75,32154.2509,1,5.433699999997771,BACKFILL_AUTO
2026-04-15 11:05:14,1776251114,R_75,32148.2186,-1,6.032299999998941,BACKFILL_AUTO
2026-04-15 11:05:16,1776251116,R_75,32141.372,-1,6.8466000000007625,BACKFILL_AUTO
2026-04-15 11:05:18,1776251118,R_75,32137.2216,-1,4.150399999998626,BACKFILL_AUTO
2026-04-15 11:05:20,1776251120,R_75,32132.2966,-1,4.924999999999272,BACKFILL_AUTO
2026-04-15 11:05:22,1776251122,R_75,32132.6714,1,0.37479999999777647,BACKFILL_AUTO
2026-04-15 11:05:24,1776251124,R_75,32132.5838,-1,0.08759999999892898,BACKFILL_AUTO
2026-04-15 11:05:26,1776251126,R_75,32142.2151,1,9.63130000000092,BACKFILL_AUTO
2026-04-15 11:05:28,1776251128,R_75,32149.5063,1,7.291199999999662,BACKFILL_AUTO
2026-04-15 11:05:30,1776251130,R_75,32147.3977,-1,2.1085999999995693,BACKFILL_AUTO
2026-04-15 11:05:32,1776251132,R_75,32152.4046,1,5.006900000000314,BACKFILL_AUTO
2026-04-15 11:05:34,1776251134,R_75,32140.3506,-1,12.054000000000087,BACKFILL_AUTO
2026-04-15 11:05:36,1776251136,R_75,32142.7671,1,2.4164999999993597,BACKFILL_AUTO
2026-04-15 11:05:38,1776251138,R_75,32142.7344,-1,0.03269999999974971,BACKFILL_AUTO
2026-04-15 11:05:40,1776251140,R_75,32147.1845,1,4.450099999998201,BACKFILL_AUTO
2026-04-15 11:05:42,1776251142,R_75,32138.6705,-1,8.513999999999214,BACKFILL_AUTO
2026-04-15 11:05:44,1776251144,R_75,32146.7006,1,8.030099999999948,BACKFILL_AUTO
2026-04-15 11:05:46,1776251146,R_75,32147.2527,1,0.5521000000007916,BACKFILL_AUTO
2026-04-15 11:05:48,1776251148,R_75,32146.8905,-1,0.3621999999995751,BACKFILL_AUTO
2026-04-15 11:05:50,1776251150,R_75,32158.1425,1,11.252000000000407,BACKFILL_AUTO
2026-04-15 11:05:52,1776251152,R_75,32156.6322,-1,1.5103000000017346,BACKFILL_AUTO
2026-04-15 11:05:54,1776251154,R_75,32150.8001,-1,5.8320999999996275,BACKFILL_AUTO
2026-04-15 11:05:56,1776251156,R_75,32153.877,1,3.0769000000000233,BACKFILL_AUTO
2026-04-15 11:05:58,1776251158,R_75,32152.2047,-1,1.6723000000019965,BACKFILL_AUTO
2026-04-15 11:06:00,1776251160,R_75,32144.2233,-1,7.981399999996938,BACKFILL_AUTO
2026-04-15 11:06:02,1776251162,R_75,32150.9465,1,6.723199999996723,BACKFILL_AUTO
2026-04-15 11:06:04,1776251164,R_75,32152.843,1,1.8965000000025611,BACKFILL_AUTO
2026-04-15 11:06:06,1776251166,R_75,32153.5949,1,0.7518999999992957,BACKFILL_AUTO
2026-04-15 11:06:08,1776251168,R_75,32161.3159,1,7.721000000001368,BACKFILL_AUTO
2026-04-15 11:06:10,1776251170,R_75,32167.9066,1,6.590699999997014,BACKFILL_AUTO
2026-04-15 11:06:12,1776251172,R_75,32169.0046,1,1.0980000000017753,BACKFILL_AUTO
2026-04-15 11:06:14,1776251174,R_75,32168.2452,-1,0.7593999999990046,BACKFILL_AUTO
2026-04-15 11:06:16,1776251176,R_75,32173.0923,1,4.847099999999045,BACKFILL_AUTO
2026-04-15 11:06:18,1776251178,R_75,32163.5353,-1,9.557000000000698,BACKFILL_AUTO
2026-04-15 11:06:20,1776251180,R_75,32160.9811,-1,2.554199999998673,BACKFILL_AUTO
2026-04-15 11:06:22,1776251182,R_75,32159.5918,-1,1.3893000000025495,BACKFILL_AUTO
2026-04-15 11:06:24,1776251184,R_75,32163.5194,1,3.9276000000027125,BACKFILL_AUTO
2026-04-15 11:06:26,1776251186,R_75,32161.4537,-1,2.0657000000028347,BACKFILL_AUTO
2026-04-15 11:06:28,1776251188,R_75,32157.3292,-1,4.124499999998079,BACKFILL_AUTO
2026-04-15 11:06:30,1776251190,R_75,32154.5572,-1,2.772000000000844,BACKFILL_AUTO
2026-04-15 11:06:32,1776251192,R_75,32143.3152,-1,11.24199999999837,BACKFILL_AUTO
2026-04-15 11:06:34,1776251194,R_75,32148.123,1,4.807799999998679,BACKFILL_AUTO
2026-04-15 11:06:36,1776251196,R_75,32151.9088,1,3.7858000000014727,BACKFILL_AUTO
2026-04-15 11:06:38,1776251198,R_75,32148.6121,-1,3.296700000002602,BACKFILL_AUTO
2026-04-15 11:06:40,1776251200,R_75,32144.3853,-1,4.226799999996729,BACKFILL_AUTO
2026-04-15 11:06:42,1776251202,R_75,32146.0071,1,1.6217999999971653,BACKFILL_AUTO
2026-04-15 11:06:44,1776251204,R_75,32145.2119,-1,0.7952000000004773,BACKFILL_AUTO
2026-04-15 11:06:46,1776251206,R_75,32136.6934,-1,8.518499999998312,BACKFILL_AUTO
2026-04-15 11:06:48,1776251208,R_75,32136.4866,-1,0.20679999999993015,BACKFILL_AUTO
2026-04-15 11:06:50,1776251210,R_75,32136.3105,-1,0.1761000000005879,BACKFILL_AUTO
2026-04-15 11:06:52,1776251212,R_75,32140.6569,1,4.346400000002177,BACKFILL_AUTO
2026-04-15 11:06:54,1776251214,R_75,32137.7088,-1,2.948100000001432,BACKFILL_AUTO
2026-04-15 11:06:56,1776251216,R_75,32138.376,1,0.6671999999998661,BACKFILL_AUTO
2026-04-15 11:06:58,1776251218,R_75,32134.4328,-1,3.943200000001525,BACKFILL_AUTO
2026-04-15 11:07:00,1776251220,R_75,32132.1465,-1,2.2862999999997555,BACKFILL_AUTO
2026-04-15 11:07:02,1776251222,R_75,32126.0477,-1,6.0987999999997555,BACKFILL_AUTO
2026-04-15 11:07:04,1776251224,R_75,32131.4984,1,5.450700000001234,BACKFILL_AUTO
2026-04-15 11:07:06,1776251226,R_75,32126.1408,-1,5.3575999999993655,BACKFILL_AUTO
2026-04-15 11:07:08,1776251228,R_75,32140.2936,1,14.152799999999843,BACKFILL_AUTO
2026-04-15 11:07:10,1776251230,R_75,32133.5659,-1,6.727699999999459,BACKFILL_AUTO
2026-04-15 11:07:12,1776251232,R_75,32128.7644,-1,4.801500000001397,BACKFILL_AUTO
2026-04-15 11:07:14,1776251234,R_75,32113.07,-1,15.694400000000314,BACKFILL_AUTO
2026-04-15 11:07:16,1776251236,R_75,32119.8014,1,6.731400000000576,BACKFILL_AUTO
2026-04-15 11:07:18,1776251238,R_75,32108.8349,-1,10.966499999998632,BACKFILL_AUTO
2026-04-15 11:07:20,1776251240,R_75,32115.8583,1,7.023399999998219,BACKFILL_AUTO
2026-04-15 11:07:22,1776251242,R_75,32105.8039,-1,10.054400000000896,BACKFILL_AUTO
2026-04-15 11:07:24,1776251244,R_75,32109.7223,1,3.9184000000022934,BACKFILL_AUTO
2026-04-15 11:07:26,1776251246,R_75,32101.8639,-1,7.858400000000984,BACKFILL_AUTO
2026-04-15 11:07:28,1776251248,R_75,32096.7505,-1,5.113400000002002,BACKFILL_AUTO
2026-04-15 11:07:30,1776251250,R_75,32103.0791,1,6.328600000000733,BACKFILL_AUTO
2026-04-15 11:07:32,1776251252,R_75,32112.151,1,9.071900000002643,BACKFILL_AUTO
2026-04-15 11:07:34,1776251254,R_75,32116.2914,1,4.140399999996589,BACKFILL_AUTO
2026-04-15 11:07:36,1776251256,R_75,32109.6944,-1,6.596999999997934,BACKFILL_AUTO
2026-04-15 11:07:38,1776251258,R_75,32118.8658,1,9.171399999999267,BACKFILL_AUTO
2026-04-15 11:07:40,1776251260,R_75,32115.9187,-1,2.947100000001228,BACKFILL_AUTO
2026-04-15 11:07:42,1776251262,R_75,32121.6656,1,5.746900000001915,BACKFILL_AUTO
2026-04-15 11:07:44,1776251264,R_75,32124.276,1,2.610400000001391,BACKFILL_AUTO
2026-04-15 11:07:46,1776251266,R_75,32124.6392,1,0.3631999999997788,BACKFILL_AUTO
2026-04-15 11:07:48,1776251268,R_75,32128.2947,1,3.6554999999971187,BACKFILL_AUTO
2026-04-15 11:07:50,1776251270,R_75,32130.3413,1,2.04660000000149,BACKFILL_AUTO
2026-04-15 11:07:52,1776251272,R_75,32125.5757,-1,4.765599999998813,BACKFILL_AUTO
2026-04-15 11:07:54,1776251274,R_75,32131.2362,1,5.660499999998137,BACKFILL_AUTO
2026-04-15 11:07:56,1776251276,R_75,32128.6859,-1,2.5502999999989697,BACKFILL_AUTO
2026-04-15 11:07:58,1776251278,R_75,32136.5848,1,7.89890000000014,BACKFILL_AUTO
2026-04-15 11:08:00,1776251280,R_75,32129.1963,-1,7.388500000000931,BACKFILL_AUTO
2026-04-15 11:08:02,1776251282,R_75,32135.4252,1,6.228900000001886,BACKFILL_AUTO
2026-04-15 11:08:04,1776251284,R_75,32129.7342,-1,5.691000000002532,BACKFILL_AUTO
2026-04-15 11:08:06,1776251286,R_75,32131.9881,1,2.253899999999703,BACKFILL_AUTO
2026-04-15 11:08:08,1776251288,R_75,32140.7042,1,8.716100000001461,BACKFILL_AUTO
2026-04-15 11:08:10,1776251290,R_75,32146.1289,1,5.424699999999575,BACKFILL_AUTO
2026-04-15 11:08:12,1776251292,R_75,32143.5005,-1,2.6284000000014203,BACKFILL_AUTO
2026-04-15 11:08:14,1776251294,R_75,32133.2632,-1,10.237299999997049,BACKFILL_AUTO
2026-04-15 11:08:16,1776251296,R_75,32126.2722,-1,6.991000000001804,BACKFILL_AUTO
2026-04-15 11:08:18,1776251298,R_75,32124.5096,-1,1.7625999999982014,BACKFILL_AUTO
2026-04-15 11:08:20,1776251300,R_75,32124.0848,-1,0.42480000000068685,BACKFILL_AUTO
2026-04-15 11:08:22,1776251302,R_75,32130.3529,1,6.268100000001141,BACKFILL_AUTO
2026-04-15 11:08:24,1776251304,R_75,32122.876,-1,7.4769000000014785,BACKFILL_AUTO
2026-04-15 11:08:26,1776251306,R_75,32106.07,-1,16.806000000000495,BACKFILL_AUTO
2026-04-15 11:08:28,1776251308,R_75,32104.3369,-1,1.7331000000012864,BACKFILL_AUTO
2026-04-15 11:08:30,1776251310,R_75,32113.1116,1,8.774700000001758,BACKFILL_AUTO
2026-04-15 11:08:32,1776251312,R_75,32103.7386,-1,9.372999999999593,BACKFILL_AUTO
2026-04-15 11:08:34,1776251314,R_75,32119.574,1,15.835399999999936,BACKFILL_AUTO
2026-04-15 11:08:36,1776251316,R_75,32120.8541,1,1.2800999999999476,BACKFILL_AUTO
2026-04-15 11:08:38,1776251318,R_75,32117.6244,-1,3.229699999999866,BACKFILL_AUTO
2026-04-15 11:08:40,1776251320,R_75,32125.2723,1,7.647899999999936,BACKFILL_AUTO
2026-04-15 11:08:42,1776251322,R_75,32127.6976,1,2.4252999999989697,BACKFILL_AUTO
2026-04-15 11:08:44,1776251324,R_75,32126.2279,-1,1.4696999999978289,BACKFILL_AUTO
2026-04-15 11:08:46,1776251326,R_75,32128.963,1,2.735099999998056,BACKFILL_AUTO
2026-04-15 11:08:48,1776251328,R_75,32130.277,1,1.3139999999984866,BACKFILL_AUTO
2026-04-15 11:08:50,1776251330,R_75,32132.3607,1,2.083700000002864,BACKFILL_AUTO
2026-04-15 11:08:52,1776251332,R_75,32138.3414,1,5.98070000000007,BACKFILL_AUTO
2026-04-15 11:08:54,1776251334,R_75,32162.6849,1,24.34349999999904,BACKFILL_AUTO
2026-04-15 11:08:56,1776251336,R_75,32164.9803,1,2.295399999999063,BACKFILL_AUTO
2026-04-15 11:08:58,1776251338,R_75,32161.9042,-1,3.076099999998405,BACKFILL_AUTO
2026-04-15 11:09:00,1776251340,R_75,32168.7087,1,6.80449999999837,BACKFILL_AUTO
2026-04-15 11:09:02,1776251342,R_75,32169.4603,1,0.7515999999995984,BACKFILL_AUTO
2026-04-15 11:09:04,1776251344,R_75,32166.2376,-1,3.22269999999844,BACKFILL_AUTO
2026-04-15 11:09:06,1776251346,R_75,32148.8445,-1,17.39310000000114,BACKFILL_AUTO
2026-04-15 11:09:08,1776251348,R_75,32140.3602,-1,8.484300000000076,BACKFILL_AUTO
2026-04-15 11:09:10,1776251350,R_75,32142.6555,1,2.295300000001589,BACKFILL_AUTO
2026-04-15 11:09:12,1776251352,R_75,32140.4117,-1,2.243800000000192,BACKFILL_AUTO
2026-04-15 11:09:14,1776251354,R_75,32153.4802,1,13.068500000001222,BACKFILL_AUTO
2026-04-15 11:09:16,1776251356,R_75,32158.3568,1,4.876599999999598,BACKFILL_AUTO
2026-04-15 11:09:18,1776251358,R_75,32156.6763,-1,1.680500000002212,BACKFILL_AUTO
2026-04-15 11:09:20,1776251360,R_75,32155.2816,-1,1.3947000000007392,BACKFILL_AUTO
2026-04-15 11:09:22,1776251362,R_75,32147.954,-1,7.327599999996892,BACKFILL_AUTO
2026-04-15 11:09:24,1776251364,R_75,32152.1244,1,4.170399999999063,BACKFILL_AUTO
2026-04-15 11:09:26,1776251366,R_75,32163.4783,1,11.353899999998248,BACKFILL_AUTO
2026-04-15 11:09:28,1776251368,R_75,32162.9236,-1,0.5547000000005937,BACKFILL_AUTO
2026-04-15 11:09:30,1776251370,R_75,32164.7054,1,1.7818000000006577,BACKFILL_AUTO
2026-04-15 11:09:32,1776251372,R_75,32158.1612,-1,6.544200000000274,BACKFILL_AUTO
2026-04-15 11:09:34,1776251374,R_75,32164.2281,1,6.066900000001624,BACKFILL_AUTO
2026-04-15 11:09:36,1776251376,R_75,32164.7401,1,0.5119999999988067,BACKFILL_AUTO
2026-04-15 11:09:38,1776251378,R_75,32165.1638,1,0.42369999999937136,BACKFILL_AUTO
2026-04-15 11:09:40,1776251380,R_75,32156.1813,-1,8.982499999998254,BACKFILL_AUTO
2026-04-15 11:09:42,1776251382,R_75,32163.3183,1,7.136999999998807,BACKFILL_AUTO
2026-04-15 11:09:44,1776251384,R_75,32153.4198,-1,9.89849999999933,BACKFILL_AUTO
2026-04-15 11:09:46,1776251386,R_75,32150.7632,-1,2.656599999998434,BACKFILL_AUTO
2026-04-15 11:09:48,1776251388,R_75,32150.6491,-1,0.11410000000250875,BACKFILL_AUTO
2026-04-15 11:09:50,1776251390,R_75,32146.6263,-1,4.022799999998824,BACKFILL_AUTO
2026-04-15 11:09:52,1776251392,R_75,32147.9835,1,1.3571999999985565,BACKFILL_AUTO
2026-04-15 11:09:54,1776251394,R_75,32141.6379,-1,6.345599999996921,BACKFILL_AUTO
2026-04-15 11:09:56,1776251396,R_75,32152.7011,1,11.063199999996868,BACKFILL_AUTO
2026-04-15 11:09:58,1776251398,R_75,32162.0143,1,9.313200000000506,BACKFILL_AUTO
2026-04-15 11:10:00,1776251400,R_75,32168.3039,1,6.289600000000064,BACKFILL_AUTO
2026-04-15 11:10:02,1776251402,R_75,32176.8638,1,8.559900000000198,BACKFILL_AUTO
2026-04-15 11:10:04,1776251404,R_75,32167.7164,-1,9.147399999998015,BACKFILL_AUTO
2026-04-15 11:10:06,1776251406,R_75,32171.3364,1,3.6199999999989814,BACKFILL_AUTO
2026-04-15 11:10:08,1776251408,R_75,32177.3089,1,5.9724999999998545,BACKFILL_AUTO
2026-04-15 11:10:10,1776251410,R_75,32178.1257,1,0.8168000000005122,BACKFILL_AUTO
2026-04-15 11:10:12,1776251412,R_75,32176.8236,-1,1.3021000000007916,BACKFILL_AUTO
2026-04-15 11:10:14,1776251414,R_75,32170.1141,-1,6.709500000000844,BACKFILL_AUTO
2026-04-15 11:10:16,1776251416,R_75,32166.869,-1,3.245100000000093,BACKFILL_AUTO
2026-04-15 11:10:18,1776251418,R_75,32168.3867,1,1.5177000000003318,BACKFILL_AUTO
2026-04-15 11:10:20,1776251420,R_75,32171.8531,1,3.4664000000011583,BACKFILL_AUTO
2026-04-15 11:10:22,1776251422,R_75,32173.2591,1,1.4059999999990396,BACKFILL_AUTO
2026-04-15 11:10:24,1776251424,R_75,32174.998,1,1.7389000000002852,BACKFILL_AUTO
2026-04-15 11:10:26,1776251426,R_75,32170.548,-1,4.450000000000728,BACKFILL_AUTO
2026-04-15 11:10:28,1776251428,R_75,32167.8622,-1,2.68579999999929,BACKFILL_AUTO
2026-04-15 11:10:30,1776251430,R_75,32174.283,1,6.420799999999872,BACKFILL_AUTO
2026-04-15 11:10:32,1776251432,R_75,32168.5419,-1,5.741099999999278,BACKFILL_AUTO
2026-04-15 11:10:34,1776251434,R_75,32171.1472,1,2.6052999999992608,BACKFILL_AUTO
2026-04-15 11:10:36,1776251436,R_75,32162.0455,-1,9.101699999999255,BACKFILL_AUTO
2026-04-15 11:10:38,1776251438,R_75,32158.8527,-1,3.192800000000716,BACKFILL_AUTO
2026-04-15 11:10:40,1776251440,R_75,32147.1645,-1,11.688200000000506,BACKFILL_AUTO
2026-04-15 11:10:42,1776251442,R_75,32158.7966,1,11.632100000002538,BACKFILL_AUTO
2026-04-15 11:10:44,1776251444,R_75,32166.6664,1,7.869799999996758,BACKFILL_AUTO
2026-04-15 11:10:46,1776251446,R_75,32154.465,-1,12.201399999998102,BACKFILL_AUTO
2026-04-15 11:10:48,1776251448,R_75,32157.4445,1,2.9795000000012806,BACKFILL_AUTO
2026-04-15 11:10:50,1776251450,R_75,32156.3999,-1,1.0446000000010827,BACKFILL_AUTO
2026-04-15 11:10:52,1776251452,R_75,32156.6483,1,0.24840000000040163,BACKFILL_AUTO
2026-04-15 11:10:54,1776251454,R_75,32168.0965,1,11.448199999998906,BACKFILL_AUTO
2026-04-15 11:10:56,1776251456,R_75,32164.6459,-1,3.4506000000001222,BACKFILL_AUTO
2026-04-15 11:10:58,1776251458,R_75,32163.1758,-1,1.470099999998638,BACKFILL_AUTO
2026-04-15 11:11:00,1776251460,R_75,32162.5171,-1,0.6586999999999534,BACKFILL_AUTO
2026-04-15 11:11:02,1776251462,R_75,32152.1841,-1,10.333000000002357,BACKFILL_AUTO
2026-04-15 11:11:04,1776251464,R_75,32154.7979,1,2.6138000000028114,BACKFILL_AUTO
2026-04-15 11:11:06,1776251466,R_75,32144.2899,-1,10.50800000000163,BACKFILL_AUTO
2026-04-15 11:11:08,1776251468,R_75,32140.46,-1,3.8299000000006345,BACKFILL_AUTO
2026-04-15 11:11:10,1776251470,R_75,32144.8149,1,4.35490000000209,BACKFILL_AUTO
2026-04-15 11:11:12,1776251472,R_75,32136.9393,-1,7.875600000003033,BACKFILL_AUTO
2026-04-15 11:11:14,1776251474,R_75,32130.6259,-1,6.313399999999092,BACKFILL_AUTO
2026-04-15 11:11:16,1776251476,R_75,32123.2598,-1,7.366099999999278,BACKFILL_AUTO
2026-04-15 11:11:18,1776251478,R_75,32118.5199,-1,4.739900000000489,BACKFILL_AUTO
2026-04-15 11:11:20,1776251480,R_75,32113.76,-1,4.7599000000009255,BACKFILL_AUTO
2026-04-15 11:11:22,1776251482,R_75,32117.8964,1,4.13640000000305,BACKFILL_AUTO
2026-04-15 11:11:24,1776251484,R_75,32119.9699,1,2.073499999998603,BACKFILL_AUTO
2026-04-15 11:11:26,1776251486,R_75,32118.6509,-1,1.3189999999995052,BACKFILL_AUTO
2026-04-15 11:11:28,1776251488,R_75,32112.4624,-1,6.188500000000204,BACKFILL_AUTO
2026-04-15 11:11:30,1776251490,R_75,32112.9602,1,0.497800000001007,BACKFILL_AUTO
2026-04-15 11:11:32,1776251492,R_75,32116.7676,1,3.8073999999978696,BACKFILL_AUTO
2026-04-15 11:11:34,1776251494,R_75,32115.328,-1,1.4395999999978812,BACKFILL_AUTO
2026-04-15 11:11:36,1776251496,R_75,32125.7522,1,10.424199999997654,BACKFILL_AUTO
2026-04-15 11:11:38,1776251498,R_75,32126.484,1,0.7318000000013853,BACKFILL_AUTO
2026-04-15 11:11:40,1776251500,R_75,32111.8775,-1,14.606500000001688,BACKFILL_AUTO
2026-04-15 11:11:42,1776251502,R_75,32109.365,-1,2.5124999999970896,BACKFILL_AUTO
2026-04-15 11:11:44,1776251504,R_75,32107.1663,-1,2.1987000000008265,BACKFILL_AUTO
2026-04-15 11:11:46,1776251506,R_75,32107.9897,1,0.8233999999974912,BACKFILL_AUTO
2026-04-15 11:11:48,1776251508,R_75,32112.5236,1,4.533900000002177,BACKFILL_AUTO
2026-04-15 11:11:50,1776251510,R_75,32120.7226,1,8.199000000000524,BACKFILL_AUTO
2026-04-15 11:11:52,1776251512,R_75,32112.2287,-1,8.493900000001304,BACKFILL_AUTO
2026-04-15 11:11:54,1776251514,R_75,32107.3998,-1,4.828900000000431,BACKFILL_AUTO
2026-04-15 11:11:56,1776251516,R_75,32118.4521,1,11.052299999999377,BACKFILL_AUTO
2026-04-15 11:11:58,1776251518,R_75,32117.2115,-1,1.2405999999973574,BACKFILL_AUTO
2026-04-15 11:12:00,1776251520,R_75,32113.8374,-1,3.374100000000908,BACKFILL_AUTO
2026-04-15 11:12:02,1776251522,R_75,32105.3544,-1,8.483000000000175,BACKFILL_AUTO
2026-04-15 11:12:04,1776251524,R_75,32106.898,1,1.543600000000879,BACKFILL_AUTO
2026-04-15 11:12:06,1776251526,R_75,32111.2101,1,4.312099999999191,BACKFILL_AUTO
2026-04-15 11:12:08,1776251528,R_75,32119.9666,1,8.756499999999505,BACKFILL_AUTO
2026-04-15 11:12:10,1776251530,R_75,32112.8295,-1,7.1370999999999185,BACKFILL_AUTO
2026-04-15 11:12:12,1776251532,R_75,32109.1516,-1,3.677899999998772,BACKFILL_AUTO
2026-04-15 11:12:14,1776251534,R_75,32095.9785,-1,13.173099999999977,BACKFILL_AUTO
2026-04-15 11:12:16,1776251536,R_75,32094.8701,-1,1.1084000000009837,BACKFILL_AUTO
2026-04-15 11:12:18,1776251538,R_75,32092.9327,-1,1.9373999999988882,BACKFILL_AUTO
2026-04-15 11:12:20,1776251540,R_75,32096.3691,1,3.4363999999986845,BACKFILL_AUTO
2026-04-15 11:12:22,1776251542,R_75,32104.0353,1,7.666199999999662,BACKFILL_AUTO
2026-04-15 11:12:24,1776251544,R_75,32106.8015,1,2.766200000001845,BACKFILL_AUTO
2026-04-15 11:12:26,1776251546,R_75,32105.3194,-1,1.4821000000010827,BACKFILL_AUTO
2026-04-15 11:12:28,1776251548,R_75,32108.4536,1,3.134200000000419,BACKFILL_AUTO
2026-04-15 11:12:30,1776251550,R_75,32095.9154,-1,12.538199999999051,BACKFILL_AUTO
2026-04-15 11:12:32,1776251552,R_75,32092.679,-1,3.236400000001595,BACKFILL_AUTO
2026-04-15 11:12:34,1776251554,R_75,32113.7894,1,21.11040000000139,BACKFILL_AUTO
2026-04-15 11:12:36,1776251556,R_75,32115.5078,1,1.7183999999979278,BACKFILL_AUTO
2026-04-15 11:12:38,1776251558,R_75,32107.5867,-1,7.921099999999569,BACKFILL_AUTO
2026-04-15 11:12:40,1776251560,R_75,32111.066,1,3.479299999999057,BACKFILL_AUTO
2026-04-15 11:12:42,1776251562,R_75,32109.9509,-1,1.1150999999990745,BACKFILL_AUTO
2026-04-15 11:12:44,1776251564,R_75,32111.0781,1,1.127199999998993,BACKFILL_AUTO
2026-04-15 11:12:46,1776251566,R_75,32098.3211,-1,12.756999999997788,BACKFILL_AUTO
2026-04-15 11:12:48,1776251568,R_75,32101.0855,1,2.7644000000000233,BACKFILL_AUTO
2026-04-15 11:12:50,1776251570,R_75,32094.8139,-1,6.271600000000035,BACKFILL_AUTO
2026-04-15 11:12:52,1776251572,R_75,32090.4487,-1,4.365200000000186,BACKFILL_AUTO
2026-04-15 11:12:54,1776251574,R_75,32079.5849,-1,10.863799999999173,BACKFILL_AUTO
2026-04-15 11:12:56,1776251576,R_75,32073.3842,-1,6.200700000001234,BACKFILL_AUTO
2026-04-15 11:12:58,1776251578,R_75,32066.6445,-1,6.739700000001903,BACKFILL_AUTO
2026-04-15 11:13:00,1776251580,R_75,32060.6335,-1,6.010999999998603,BACKFILL_AUTO
2026-04-15 11:13:02,1776251582,R_75,32063.2424,1,2.6088999999992666,BACKFILL_AUTO
2026-04-15 11:13:04,1776251584,R_75,32060.6646,-1,2.5777999999991152,BACKFILL_AUTO
2026-04-15 11:13:06,1776251586,R_75,32059.7159,-1,0.9487000000008265,BACKFILL_AUTO
2026-04-15 11:13:08,1776251588,R_75,32063.3789,1,3.6630000000004657,BACKFILL_AUTO
2026-04-15 11:13:10,1776251590,R_75,32074.4742,1,11.095300000000861,BACKFILL_AUTO
2026-04-15 11:13:12,1776251592,R_75,32073.8939,-1,0.5803000000014435,BACKFILL_AUTO
2026-04-15 11:13:14,1776251594,R_75,32071.118,-1,2.775900000000547,BACKFILL_AUTO
2026-04-15 11:13:16,1776251596,R_75,32078.0138,1,6.895800000002055,BACKFILL_AUTO
2026-04-15 11:13:18,1776251598,R_75,32080.73,1,2.716199999998935,BACKFILL_AUTO
2026-04-15 11:13:20,1776251600,R_75,32083.6305,1,2.900499999999738,BACKFILL_AUTO
2026-04-15 11:13:22,1776251602,R_75,32090.5525,1,6.922000000002299,BACKFILL_AUTO
2026-04-15 11:13:24,1776251604,R_75,32092.9669,1,2.4143999999978405,BACKFILL_AUTO
2026-04-15 11:13:26,1776251606,R_75,32099.2448,1,6.277900000000955,BACKFILL_AUTO
2026-04-15 11:13:28,1776251608,R_75,32107.8385,1,8.593700000001263,BACKFILL_AUTO
2026-04-15 11:13:30,1776251610,R_75,32107.9236,1,0.08509999999660067,BACKFILL_AUTO
2026-04-15 11:13:32,1776251612,R_75,32095.3428,-1,12.580799999999726,BACKFILL_AUTO
2026-04-15 11:13:34,1776251614,R_75,32092.0822,-1,3.260599999997794,BACKFILL_AUTO
2026-04-15 11:13:36,1776251616,R_75,32087.5518,-1,4.530399999999645,BACKFILL_AUTO
2026-04-15 11:13:38,1776251618,R_75,32085.6945,-1,1.8572999999996682,BACKFILL_AUTO
2026-04-15 11:13:40,1776251620,R_75,32093.3702,1,7.675699999999779,BACKFILL_AUTO
2026-04-15 11:13:42,1776251622,R_75,32099.9439,1,6.573699999997189,BACKFILL_AUTO
2026-04-15 11:13:44,1776251624,R_75,32092.0683,-1,7.875599999999395,BACKFILL_AUTO
2026-04-15 11:13:46,1776251626,R_75,32100.4234,1,8.355100000000675,BACKFILL_AUTO
2026-04-15 11:13:48,1776251628,R_75,32095.0458,-1,5.377599999999802,BACKFILL_AUTO
2026-04-15 11:13:50,1776251630,R_75,32082.0562,-1,12.989600000000792,BACKFILL_AUTO
2026-04-15 11:13:52,1776251632,R_75,32081.8172,-1,0.238999999997759,BACKFILL_AUTO
2026-04-15 11:13:54,1776251634,R_75,32085.0588,1,3.241599999997561,BACKFILL_AUTO
2026-04-15 11:13:56,1776251636,R_75,32085.5204,1,0.46160000000236323,BACKFILL_AUTO
2026-04-15 11:13:58,1776251638,R_75,32073.8667,-1,11.653700000002573,BACKFILL_AUTO
2026-04-15 11:14:00,1776251640,R_75,32068.758,-1,5.108699999997043,BACKFILL_AUTO
2026-04-15 11:14:02,1776251642,R_75,32060.5705,-1,8.1875,BACKFILL_AUTO
2026-04-15 11:14:04,1776251644,R_75,32059.4648,-1,1.1057000000000698,BACKFILL_AUTO
2026-04-15 11:14:06,1776251646,R_75,32056.0737,-1,3.3911000000007334,BACKFILL_AUTO
2026-04-15 11:14:08,1776251648,R_75,32049.5255,-1,6.5482000000010885,BACKFILL_AUTO
2026-04-15 11:14:10,1776251650,R_75,32059.3674,1,9.841899999999441,BACKFILL_AUTO
2026-04-15 11:14:12,1776251652,R_75,32055.9397,-1,3.4277000000001863,BACKFILL_AUTO
2026-04-15 11:14:14,1776251654,R_75,32054.0897,-1,1.8499999999985448,BACKFILL_AUTO
2026-04-15 11:14:16,1776251656,R_75,32061.2522,1,7.162499999998545,BACKFILL_AUTO
2026-04-15 11:14:18,1776251658,R_75,32064.2892,1,3.037000000000262,BACKFILL_AUTO
2026-04-15 11:14:20,1776251660,R_75,32061.0298,-1,3.2593999999990046,BACKFILL_AUTO
2026-04-15 11:14:22,1776251662,R_75,32071.494,1,10.464199999998527,BACKFILL_AUTO
2026-04-15 11:14:24,1776251664,R_75,32076.2433,1,4.749299999999494,BACKFILL_AUTO
2026-04-15 11:14:26,1776251666,R_75,32072.8527,-1,3.3905999999988126,BACKFILL_AUTO
2026-04-15 11:14:28,1776251668,R_75,32071.4351,-1,1.4176000000006752,BACKFILL_AUTO
2026-04-15 11:14:30,1776251670,R_75,32086.2862,1,14.85109999999986,BACKFILL_AUTO
2026-04-15 11:14:32,1776251672,R_75,32091.8706,1,5.584399999999732,BACKFILL_AUTO
2026-04-15 11:14:34,1776251674,R_75,32094.4406,1,2.570000000003347,BACKFILL_AUTO
2026-04-15 11:14:36,1776251676,R_75,32105.7162,1,11.275599999997212,BACKFILL_AUTO
2026-04-15 11:14:38,1776251678,R_75,32104.3273,-1,1.3888999999981024,BACKFILL_AUTO
2026-04-15 11:14:40,1776251680,R_75,32106.5134,1,2.186099999998987,BACKFILL_AUTO
2026-04-15 11:14:42,1776251682,R_75,32101.9339,-1,4.579499999999825,BACKFILL_AUTO
2026-04-15 11:14:44,1776251684,R_75,32103.1326,1,1.1987000000008265,BACKFILL_AUTO
2026-04-15 11:14:46,1776251686,R_75,32100.3275,-1,2.805100000001403,BACKFILL_AUTO
2026-04-15 11:14:48,1776251688,R_75,32093.592,-1,6.735499999998865,BACKFILL_AUTO
2026-04-15 11:14:50,1776251690,R_75,32090.8297,-1,2.762300000002142,BACKFILL_AUTO
2026-04-15 11:14:52,1776251692,R_75,32099.0466,1,8.21690000000308,BACKFILL_AUTO
2026-04-15 11:14:54,1776251694,R_75,32091.0552,-1,7.9914000000026135,BACKFILL_AUTO
2026-04-15 11:14:56,1776251696,R_75,32090.5909,-1,0.4642999999996391,BACKFILL_AUTO
2026-04-15 11:14:58,1776251698,R_75,32091.7901,1,1.1991999999991094,BACKFILL_AUTO
2026-04-15 11:15:00,1776251700,R_75,32087.1336,-1,4.6564999999973224,BACKFILL_AUTO
2026-04-15 11:15:02,1776251702,R_75,32084.5553,-1,2.578300000001036,BACKFILL_AUTO
2026-04-15 11:15:04,1776251704,R_75,32089.9835,1,5.428199999998469,BACKFILL_AUTO
2026-04-15 11:15:06,1776251706,R_75,32092.2535,1,2.2700000000004366,BACKFILL_AUTO
2026-04-15 11:15:08,1776251708,R_75,32104.6975,1,12.443999999999505,BACKFILL_AUTO
2026-04-15 11:15:10,1776251710,R_75,32111.6172,1,6.919700000002194,BACKFILL_AUTO
2026-04-15 11:15:12,1776251712,R_75,32117.8313,1,6.214100000001054,BACKFILL_AUTO
2026-04-15 11:15:14,1776251714,R_75,32116.9334,-1,0.897899999999936,BACKFILL_AUTO
2026-04-15 11:15:16,1776251716,R_75,32117.574,1,0.6405999999988126,BACKFILL_AUTO
2026-04-15 11:15:18,1776251718,R_75,32109.1638,-1,8.410200000002078,BACKFILL_AUTO
2026-04-15 11:15:20,1776251720,R_75,32123.4853,1,14.321500000001834,BACKFILL_AUTO
2026-04-15 11:15:22,1776251722,R_75,32129.6697,1,6.184399999998277,BACKFILL_AUTO
2026-04-15 11:15:24,1776251724,R_75,32136.2006,1,6.530900000001566,BACKFILL_AUTO
2026-04-15 11:15:26,1776251726,R_75,32126.134,-1,10.066600000001927,BACKFILL_AUTO
2026-04-15 11:15:28,1776251728,R_75,32127.7103,1,1.5763000000006286,BACKFILL_AUTO
2026-04-15 11:15:30,1776251730,R_75,32128.6357,1,0.9254000000000815,BACKFILL_AUTO
2026-04-15 11:15:32,1776251732,R_75,32138.4767,1,9.84100000000035,BACKFILL_AUTO
2026-04-15 11:15:34,1776251734,R_75,32148.7049,1,10.22820000000138,BACKFILL_AUTO
2026-04-15 11:15:36,1776251736,R_75,32142.9138,-1,5.791100000002189,BACKFILL_AUTO
2026-04-15 11:15:38,1776251738,R_75,32154.601,1,11.687200000000303,BACKFILL_AUTO
2026-04-15 11:15:40,1776251740,R_75,32151.2428,-1,3.35819999999876,BACKFILL_AUTO
2026-04-15 11:15:42,1776251742,R_75,32154.429,1,3.186200000000099,BACKFILL_AUTO
2026-04-15 11:15:44,1776251744,R_75,32159.3618,1,4.932799999998679,BACKFILL_AUTO
2026-04-15 11:15:46,1776251746,R_75,32149.0948,-1,10.266999999999825,BACKFILL_AUTO
2026-04-15 11:15:48,1776251748,R_75,32156.8459,1,7.7511000000013155,BACKFILL_AUTO
2026-04-15 11:15:50,1776251750,R_75,32156.1263,-1,0.7196000000003551,BACKFILL_AUTO
2026-04-15 11:15:52,1776251752,R_75,32159.4321,1,3.305800000001909,BACKFILL_AUTO
2026-04-15 11:15:54,1776251754,R_75,32162.5088,1,3.0766999999977998,BACKFILL_AUTO
2026-04-15 11:15:56,1776251756,R_75,32163.7385,1,1.2296999999998661,BACKFILL_AUTO
2026-04-15 11:15:58,1776251758,R_75,32162.1024,-1,1.6360999999997148,BACKFILL_AUTO
2026-04-15 11:16:00,1776251760,R_75,32165.473,1,3.370600000002014,BACKFILL_AUTO
2026-04-15 11:16:02,1776251762,R_75,32171.1063,1,5.633299999997689,BACKFILL_AUTO
2026-04-15 11:16:04,1776251764,R_75,32167.0331,-1,4.073199999998906,BACKFILL_AUTO
2026-04-15 11:16:06,1776251766,R_75,32159.5915,-1,7.441600000001927,BACKFILL_AUTO
2026-04-15 11:16:08,1776251768,R_75,32144.2804,-1,15.311099999998987,BACKFILL_AUTO
2026-04-15 11:16:10,1776251770,R_75,32148.856,1,4.575600000000122,BACKFILL_AUTO
2026-04-15 11:16:12,1776251772,R_75,32154.2641,1,5.408100000000559,BACKFILL_AUTO
2026-04-15 11:16:14,1776251774,R_75,32162.6415,1,8.377400000001217,BACKFILL_AUTO
2026-04-15 11:16:16,1776251776,R_75,32163.2264,1,0.5848999999980151,BACKFILL_AUTO
2026-04-15 11:16:18,1776251778,R_75,32159.0803,-1,4.146099999998114,BACKFILL_AUTO
2026-04-15 11:16:20,1776251780,R_75,32165.8142,1,6.733899999999267,BACKFILL_AUTO
2026-04-15 11:16:22,1776251782,R_75,32159.9908,-1,5.823400000001129,BACKFILL_AUTO
2026-04-15 11:16:24,1776251784,R_75,32153.3786,-1,6.612199999999575,BACKFILL_AUTO
2026-04-15 11:16:26,1776251786,R_75,32157.3323,1,3.953699999998207,BACKFILL_AUTO
2026-04-15 11:16:28,1776251788,R_75,32175.2458,1,17.913500000002387,BACKFILL_AUTO
2026-04-15 11:16:30,1776251790,R_75,32178.4832,1,3.2373999999981606,BACKFILL_AUTO
2026-04-15 11:16:32,1776251792,R_75,32178.1203,-1,0.3629000000000815,BACKFILL_AUTO
2026-04-15 11:16:34,1776251794,R_75,32180.7069,1,2.5866000000023632,BACKFILL_AUTO
2026-04-15 11:16:36,1776251796,R_75,32178.4394,-1,2.2675000000017462,BACKFILL_AUTO
2026-04-15 11:16:38,1776251798,R_75,32180.5648,1,2.125400000000809,BACKFILL_AUTO
2026-04-15 11:16:40,1776251800,R_75,32174.4994,-1,6.065399999999499,BACKFILL_AUTO
2026-04-15 11:16:42,1776251802,R_75,32181.1953,1,6.695899999998801,BACKFILL_AUTO
2026-04-15 11:16:44,1776251804,R_75,32181.4902,1,0.29490000000078,BACKFILL_AUTO
2026-04-15 11:16:46,1776251806,R_75,32179.0377,-1,2.452499999999418,BACKFILL_AUTO
2026-04-15 11:16:48,1776251808,R_75,32178.7289,-1,0.3088000000025204,BACKFILL_AUTO
2026-04-15 11:16:50,1776251810,R_75,32174.6062,-1,4.122699999999895,BACKFILL_AUTO
2026-04-15 11:16:52,1776251812,R_75,32184.221,1,9.614800000003015,BACKFILL_AUTO
2026-04-15 11:16:54,1776251814,R_75,32187.1208,1,2.8997999999992317,BACKFILL_AUTO
2026-04-15 11:16:56,1776251816,R_75,32197.6925,1,10.571700000000419,BACKFILL_AUTO
2026-04-15 11:16:58,1776251818,R_75,32190.3318,-1,7.3607000000010885,BACKFILL_AUTO
2026-04-15 11:17:00,1776251820,R_75,32193.8012,1,3.4694000000017695,BACKFILL_AUTO
2026-04-15 11:17:02,1776251822,R_75,32201.0024,1,7.201199999999517,BACKFILL_AUTO
2026-04-15 11:17:04,1776251824,R_75,32197.7257,-1,3.2767000000021653,BACKFILL_AUTO
2026-04-15 11:17:06,1776251826,R_75,32200.3618,1,2.636099999999715,BACKFILL_AUTO
2026-04-15 11:17:08,1776251828,R_75,32195.0275,-1,5.3342999999986205,BACKFILL_AUTO
2026-04-15 11:17:10,1776251830,R_75,32190.9009,-1,4.126599999999598,BACKFILL_AUTO
2026-04-15 11:17:12,1776251832,R_75,32192.0632,1,1.1622999999999593,BACKFILL_AUTO
2026-04-15 11:17:14,1776251834,R_75,32181.6852,-1,10.378000000000611,BACKFILL_AUTO
2026-04-15 11:17:16,1776251836,R_75,32177.7067,-1,3.978500000001077,BACKFILL_AUTO
2026-04-15 11:17:18,1776251838,R_75,32179.6415,1,1.9348000000027241,BACKFILL_AUTO
2026-04-15 11:17:20,1776251840,R_75,32177.4571,-1,2.184400000001915,BACKFILL_AUTO
2026-04-15 11:17:22,1776251842,R_75,32183.771,1,6.313900000001013,BACKFILL_AUTO
2026-04-15 11:17:24,1776251844,R_75,32181.6465,-1,2.124500000001717,BACKFILL_AUTO
2026-04-15 11:17:26,1776251846,R_75,32185.8165,1,4.170000000001892,BACKFILL_AUTO
2026-04-15 11:17:28,1776251848,R_75,32188.2474,1,2.430899999999383,BACKFILL_AUTO
2026-04-15 11:17:30,1776251850,R_75,32189.3816,1,1.134200000000419,BACKFILL_AUTO
2026-04-15 11:17:32,1776251852,R_75,32191.4458,1,2.06420000000071,BACKFILL_AUTO
2026-04-15 11:17:34,1776251854,R_75,32188.2136,-1,3.2322000000021944,BACKFILL_AUTO
2026-04-15 11:17:36,1776251856,R_75,32190.8176,1,2.6039999999993597,BACKFILL_AUTO
2026-04-15 11:17:38,1776251858,R_75,32191.9098,1,1.0922000000027765,BACKFILL_AUTO
2026-04-15 11:17:40,1776251860,R_75,32187.9658,-1,3.9439999999995052,BACKFILL_AUTO
2026-04-15 11:17:42,1776251862,R_75,32180.4156,-1,7.550200000001496,BACKFILL_AUTO
2026-04-15 11:17:44,1776251864,R_75,32184.6333,1,4.217700000001059,BACKFILL_AUTO
2026-04-15 11:17:46,1776251866,R_75,32176.2227,-1,8.410600000002887,BACKFILL_AUTO
2026-04-15 11:17:48,1776251868,R_75,32176.1665,-1,0.05619999999908032,BACKFILL_AUTO
2026-04-15 11:17:50,1776251870,R_75,32189.9359,1,13.769400000001042,BACKFILL_AUTO
2026-04-15 11:17:52,1776251872,R_75,32183.6189,-1,6.316999999999098,BACKFILL_AUTO
2026-04-15 11:17:54,1776251874,R_75,32185.9297,1,2.31079999999929,BACKFILL_AUTO
2026-04-15 11:17:56,1776251876,R_75,32191.9421,1,6.012399999999616,BACKFILL_AUTO
2026-04-15 11:17:58,1776251878,R_75,32192.748,1,0.805899999999383,BACKFILL_AUTO
2026-04-15 11:18:00,1776251880,R_75,32191.2248,-1,1.5231999999996333,BACKFILL_AUTO
2026-04-15 11:18:02,1776251882,R_75,32183.2784,-1,7.946400000000722,BACKFILL_AUTO
2026-04-15 11:18:04,1776251884,R_75,32176.5891,-1,6.689299999998184,BACKFILL_AUTO
2026-04-15 11:18:06,1776251886,R_75,32178.5324,1,1.9432999999989988,BACKFILL_AUTO
2026-04-15 11:18:08,1776251888,R_75,32170.1693,-1,8.363099999998667,BACKFILL_AUTO
2026-04-15 11:18:10,1776251890,R_75,32178.3292,1,8.159899999998743,BACKFILL_AUTO
2026-04-15 11:18:12,1776251892,R_75,32188.9892,1,10.659999999999854,BACKFILL_AUTO
2026-04-15 11:18:14,1776251894,R_75,32195.1796,1,6.190399999999499,BACKFILL_AUTO
2026-04-15 11:18:16,1776251896,R_75,32189.4933,-1,5.686300000001211,BACKFILL_AUTO
2026-04-15 11:18:18,1776251898,R_75,32192.1652,1,2.6719000000011874,BACKFILL_AUTO
2026-04-15 11:18:20,1776251900,R_75,32181.924,-1,10.24120000000039,BACKFILL_AUTO
2026-04-15 11:18:22,1776251902,R_75,32194.5044,1,12.580400000002555,BACKFILL_AUTO
2026-04-15 11:18:24,1776251904,R_75,32186.8693,-1,7.635100000003149,BACKFILL_AUTO
2026-04-15 11:18:26,1776251906,R_75,32190.7974,1,3.9281000000009954,BACKFILL_AUTO
2026-04-15 11:18:28,1776251908,R_75,32185.3099,-1,5.487499999999272,BACKFILL_AUTO
2026-04-15 11:18:30,1776251910,R_75,32189.8722,1,4.5623000000014144,BACKFILL_AUTO
2026-04-15 11:18:32,1776251912,R_75,32196.6469,1,6.77469999999812,BACKFILL_AUTO
2026-04-15 11:18:34,1776251914,R_75,32192.5946,-1,4.052299999999377,BACKFILL_AUTO
2026-04-15 11:18:36,1776251916,R_75,32191.0855,-1,1.5090999999993073,BACKFILL_AUTO
2026-04-15 11:18:38,1776251918,R_75,32180.8973,-1,10.188200000000506,BACKFILL_AUTO
2026-04-15 11:18:40,1776251920,R_75,32176.1323,-1,4.764999999999418,BACKFILL_AUTO
2026-04-15 11:18:42,1776251922,R_75,32182.3298,1,6.197499999998399,BACKFILL_AUTO
2026-04-15 11:18:44,1776251924,R_75,32177.8772,-1,4.45260000000053,BACKFILL_AUTO
2026-04-15 11:18:46,1776251926,R_75,32183.3561,1,5.478900000001886,BACKFILL_AUTO
2026-04-15 11:18:48,1776251928,R_75,32176.6763,-1,6.6798000000017055,BACKFILL_AUTO
2026-04-15 11:18:50,1776251930,R_75,32180.3574,1,3.6811000000016065,BACKFILL_AUTO
2026-04-15 11:18:52,1776251932,R_75,32182.316,1,1.958599999998114,BACKFILL_AUTO
2026-04-15 11:18:54,1776251934,R_75,32182.4317,1,0.11570000000210712,BACKFILL_AUTO
2026-04-15 11:18:56,1776251936,R_75,32178.2002,-1,4.231500000001688,BACKFILL_AUTO
2026-04-15 11:18:58,1776251938,R_75,32162.3199,-1,15.880300000000716,BACKFILL_AUTO
2026-04-15 11:19:00,1776251940,R_75,32163.3572,1,1.0372999999999593,BACKFILL_AUTO
2026-04-15 11:19:02,1776251942,R_75,32160.1641,-1,3.1930999999967753,BACKFILL_AUTO
2026-04-15 11:19:04,1776251944,R_75,32158.407,-1,1.7571000000025379,BACKFILL_AUTO
2026-04-15 11:19:06,1776251946,R_75,32154.7497,-1,3.6572999999989406,BACKFILL_AUTO
2026-04-15 11:19:08,1776251948,R_75,32158.1899,1,3.440200000000914,BACKFILL_AUTO
2026-04-15 11:19:10,1776251950,R_75,32148.1489,-1,10.041000000001077,BACKFILL_AUTO
2026-04-15 11:19:12,1776251952,R_75,32151.0318,1,2.882900000000518,BACKFILL_AUTO
2026-04-15 11:19:14,1776251954,R_75,32162.4019,1,11.370100000000093,BACKFILL_AUTO
2026-04-15 11:19:16,1776251956,R_75,32152.9698,-1,9.43210000000181,BACKFILL_AUTO
2026-04-15 11:19:18,1776251958,R_75,32157.7856,1,4.8158000000003085,BACKFILL_AUTO
2026-04-15 11:19:20,1776251960,R_75,32154.7942,-1,2.9913999999989755,BACKFILL_AUTO
2026-04-15 11:19:22,1776251962,R_75,32143.7572,-1,11.037000000000262,BACKFILL_AUTO
2026-04-15 11:19:24,1776251964,R_75,32148.6877,1,4.930499999998574,BACKFILL_AUTO
2026-04-15 11:19:26,1776251966,R_75,32143.7356,-1,4.952099999998609,BACKFILL_AUTO
2026-04-15 11:19:28,1776251968,R_75,32139.9065,-1,3.8290999999990163,BACKFILL_AUTO
2026-04-15 11:19:30,1776251970,R_75,32146.7911,1,6.88459999999759,BACKFILL_AUTO
2026-04-15 11:19:32,1776251972,R_75,32149.5795,1,2.7884000000012747,BACKFILL_AUTO
2026-04-15 11:19:34,1776251974,R_75,32148.9094,-1,0.6700999999993655,BACKFILL_AUTO
2026-04-15 11:19:36,1776251976,R_75,32151.517,1,2.6075999999993655,BACKFILL_AUTO
2026-04-15 11:19:38,1776251978,R_75,32157.5305,1,6.013500000000931,BACKFILL_AUTO
2026-04-15 11:19:40,1776251980,R_75,32168.3796,1,10.849099999999453,BACKFILL_AUTO
2026-04-15 11:19:42,1776251982,R_75,32172.7653,1,4.385699999998906,BACKFILL_AUTO
2026-04-15 11:19:44,1776251984,R_75,32168.5165,-1,4.248799999997573,BACKFILL_AUTO
2026-04-15 11:19:46,1776251986,R_75,32164.7662,-1,3.7503000000033353,BACKFILL_AUTO
2026-04-15 11:19:48,1776251988,R_75,32172.3224,1,7.556200000002718,BACKFILL_AUTO
2026-04-15 11:19:50,1776251990,R_75,32171.91,-1,0.412400000001071,BACKFILL_AUTO
2026-04-15 11:19:52,1776251992,R_75,32165.2536,-1,6.656399999999849,BACKFILL_AUTO
2026-04-15 11:19:54,1776251994,R_75,32164.576,-1,0.6775999999990745,BACKFILL_AUTO
2026-04-15 11:19:56,1776251996,R_75,32168.8871,1,4.311099999998987,BACKFILL_AUTO
2026-04-15 11:19:58,1776251998,R_75,32165.7528,-1,3.134300000001531,BACKFILL_AUTO
2026-04-15 11:20:00,1776252000,R_75,32170.2979,1,4.5451000000030035,BACKFILL_AUTO
2026-04-15 11:20:02,1776252002,R_75,32173.5161,1,3.2181999999993423,BACKFILL_AUTO
2026-04-15 11:20:04,1776252004,R_75,32178.7231,1,5.206999999998516,BACKFILL_AUTO
2026-04-15 11:20:06,1776252006,R_75,32176.1652,-1,2.5578999999997905,BACKFILL_AUTO
2026-04-15 11:20:08,1776252008,R_75,32180.0666,1,3.90139999999883,BACKFILL_AUTO
2026-04-15 11:20:10,1776252010,R_75,32175.5174,-1,4.549199999997654,BACKFILL_AUTO
2026-04-15 11:20:12,1776252012,R_75,32171.9719,-1,3.5455000000001746,BACKFILL_AUTO
2026-04-15 11:20:14,1776252014,R_75,32173.0881,1,1.11620000000039,BACKFILL_AUTO
2026-04-15 11:20:16,1776252016,R_75,32180.9057,1,7.817599999998492,BACKFILL_AUTO
2026-04-15 11:20:18,1776252018,R_75,32189.1868,1,8.281100000000151,BACKFILL_AUTO
2026-04-15 11:20:20,1776252020,R_75,32190.2738,1,1.0869999999995343,BACKFILL_AUTO
2026-04-15 11:20:22,1776252022,R_75,32183.4359,-1,6.837899999998626,BACKFILL_AUTO
2026-04-15 11:20:24,1776252024,R_75,32197.586,1,14.150099999998929,BACKFILL_AUTO
2026-04-15 11:20:26,1776252026,R_75,32197.3269,-1,0.25909999999930733,BACKFILL_AUTO
2026-04-15 11:20:28,1776252028,R_75,32192.6035,-1,4.723399999998946,BACKFILL_AUTO
2026-04-15 11:20:30,1776252030,R_75,32190.4363,-1,2.167199999999866,BACKFILL_AUTO
2026-04-15 11:20:32,1776252032,R_75,32187.1798,-1,3.2564999999995052,BACKFILL_AUTO
2026-04-15 11:20:34,1776252034,R_75,32190.1885,1,3.0086999999984982,BACKFILL_AUTO
2026-04-15 11:20:36,1776252036,R_75,32191.4064,1,1.217899999999645,BACKFILL_AUTO
2026-04-15 11:20:38,1776252038,R_75,32189.5935,-1,1.812900000000809,BACKFILL_AUTO
2026-04-15 11:20:40,1776252040,R_75,32183.413,-1,6.180499999998574,BACKFILL_AUTO
2026-04-15 11:20:42,1776252042,R_75,32175.1157,-1,8.297300000001997,BACKFILL_AUTO
2026-04-15 11:20:44,1776252044,R_75,32176.0299,1,0.9142000000028929,BACKFILL_AUTO
2026-04-15 11:20:46,1776252046,R_75,32176.635,1,0.6050999999970372,BACKFILL_AUTO
2026-04-15 11:20:48,1776252048,R_75,32184.644,1,8.009000000001834,BACKFILL_AUTO
2026-04-15 11:20:50,1776252050,R_75,32173.7282,-1,10.915799999998853,BACKFILL_AUTO
2026-04-15 11:20:52,1776252052,R_75,32177.6853,1,3.9570999999996275,BACKFILL_AUTO
2026-04-15 11:20:54,1776252054,R_75,32177.8095,1,0.12419999999838183,BACKFILL_AUTO
2026-04-15 11:20:56,1776252056,R_75,32180.4764,1,2.666900000000169,BACKFILL_AUTO
2026-04-15 11:20:58,1776252058,R_75,32188.2992,1,7.822800000001735,BACKFILL_AUTO
2026-04-15 11:21:00,1776252060,R_75,32189.2142,1,0.9149999999972351,BACKFILL_AUTO
2026-04-15 11:21:02,1776252062,R_75,32192.4402,1,3.2260000000023865,BACKFILL_AUTO
2026-04-15 11:21:04,1776252064,R_75,32200.0809,1,7.640699999999924,BACKFILL_AUTO
2026-04-15 11:21:06,1776252066,R_75,32184.4584,-1,15.62250000000131,BACKFILL_AUTO
2026-04-15 11:21:08,1776252068,R_75,32185.5808,1,1.122400000000198,BACKFILL_AUTO
2026-04-15 11:21:10,1776252070,R_75,32190.0577,1,4.4769000000014785,BACKFILL_AUTO
2026-04-15 11:21:12,1776252072,R_75,32189.5804,-1,0.47730000000228756,BACKFILL_AUTO
2026-04-15 11:21:14,1776252074,R_75,32199.0322,1,9.45180000000255,BACKFILL_AUTO
2026-04-15 11:21:16,1776252076,R_75,32198.5646,-1,0.4675999999999476,BACKFILL_AUTO
2026-04-15 11:21:18,1776252078,R_75,32205.3305,1,6.76589999999851,BACKFILL_AUTO
2026-04-15 11:21:20,1776252080,R_75,32202.8171,-1,2.5133999999998196,BACKFILL_AUTO
2026-04-15 11:21:22,1776252082,R_75,32195.9297,-1,6.887399999999616,BACKFILL_AUTO
2026-04-15 11:21:24,1776252084,R_75,32190.8846,-1,5.0450999999993655,BACKFILL_AUTO
2026-04-15 11:21:26,1776252086,R_75,32200.2033,1,9.318699999999808,BACKFILL_AUTO
2026-04-15 11:21:28,1776252088,R_75,32207.6769,1,7.473599999997532,BACKFILL_AUTO
2026-04-15 11:21:30,1776252090,R_75,32205.0936,-1,2.5832999999984168,BACKFILL_AUTO
2026-04-15 11:21:32,1776252092,R_75,32213.3724,1,8.278800000000047,BACKFILL_AUTO
2026-04-15 11:21:34,1776252094,R_75,32216.3814,1,3.0089999999981956,BACKFILL_AUTO
2026-04-15 11:21:36,1776252096,R_75,32209.0576,-1,7.3237999999983,BACKFILL_AUTO
2026-04-15 11:21:38,1776252098,R_75,32204.7575,-1,4.300100000000384,BACKFILL_AUTO
2026-04-15 11:21:40,1776252100,R_75,32206.759,1,2.0014999999984866,BACKFILL_AUTO
2026-04-15 11:21:42,1776252102,R_75,32200.3046,-1,6.454399999998714,BACKFILL_AUTO
2026-04-15 11:21:44,1776252104,R_75,32191.3044,-1,9.000199999998586,BACKFILL_AUTO
2026-04-15 11:21:46,1776252106,R_75,32181.7213,-1,9.583099999999831,BACKFILL_AUTO
2026-04-15 11:21:48,1776252108,R_75,32181.6153,-1,0.10599999999976717,BACKFILL_AUTO
2026-04-15 11:21:50,1776252110,R_75,32186.1835,1,4.568199999997887,BACKFILL_AUTO
2026-04-15 11:21:52,1776252112,R_75,32194.565,1,8.381499999999505,BACKFILL_AUTO
2026-04-15 11:21:54,1776252114,R_75,32193.8041,-1,0.7608999999974912,BACKFILL_AUTO
2026-04-15 11:21:56,1776252116,R_75,32192.4001,-1,1.40400000000227,BACKFILL_AUTO
2026-04-15 11:21:58,1776252118,R_75,32202.8479,1,10.447800000001735,BACKFILL_AUTO
2026-04-15 11:22:00,1776252120,R_75,32191.7483,-1,11.099600000001374,BACKFILL_AUTO
2026-04-15 11:22:02,1776252122,R_75,32184.5153,-1,7.233000000000175,BACKFILL_AUTO
2026-04-15 11:22:04,1776252124,R_75,32186.48,1,1.9647000000004482,BACKFILL_AUTO
2026-04-15 11:22:06,1776252126,R_75,32182.8247,-1,3.655299999998533,BACKFILL_AUTO
2026-04-15 11:22:08,1776252128,R_75,32189.2788,1,6.454099999999016,BACKFILL_AUTO
2026-04-15 11:22:10,1776252130,R_75,32189.4799,1,0.2010999999984051,BACKFILL_AUTO
2026-04-15 11:22:12,1776252132,R_75,32185.8889,-1,3.5909999999967113,BACKFILL_AUTO
2026-04-15 11:22:14,1776252134,R_75,32186.1734,1,0.28449999999793363,BACKFILL_AUTO
2026-04-15 11:22:16,1776252136,R_75,32186.8169,1,0.64350000000195,BACKFILL_AUTO
2026-04-15 11:22:18,1776252138,R_75,32182.3323,-1,4.484600000003411,BACKFILL_AUTO
2026-04-15 11:22:20,1776252140,R_75,32180.168,-1,2.1642999999967287,BACKFILL_AUTO
2026-04-15 11:22:22,1776252142,R_75,32174.938,-1,5.230000000003201,BACKFILL_AUTO
2026-04-15 11:22:24,1776252144,R_75,32171.0869,-1,3.8510999999998603,BACKFILL_AUTO
2026-04-15 11:22:26,1776252146,R_75,32178.8257,1,7.738800000002811,BACKFILL_AUTO
2026-04-15 11:22:28,1776252148,R_75,32189.1062,1,10.280499999997119,BACKFILL_AUTO
2026-04-15 11:22:30,1776252150,R_75,32184.5481,-1,4.558099999998376,BACKFILL_AUTO
2026-04-15 11:22:32,1776252152,R_75,32191.3177,1,6.7695999999996275,BACKFILL_AUTO
2026-04-15 11:22:34,1776252154,R_75,32195.1548,1,3.837100000000646,BACKFILL_AUTO
2026-04-15 11:22:36,1776252156,R_75,32195.5225,1,0.3676999999988766,BACKFILL_AUTO
2026-04-15 11:22:38,1776252158,R_75,32198.0081,1,2.4855999999999767,BACKFILL_AUTO
2026-04-15 11:22:40,1776252160,R_75,32199.8011,1,1.7930000000014843,BACKFILL_AUTO
2026-04-15 11:22:42,1776252162,R_75,32205.6082,1,5.807099999998172,BACKFILL_AUTO
2026-04-15 11:22:44,1776252164,R_75,32212.0014,1,6.393200000002253,BACKFILL_AUTO
2026-04-15 11:22:46,1776252166,R_75,32218.0831,1,6.081699999998818,BACKFILL_AUTO
2026-04-15 11:22:48,1776252168,R_75,32229.6675,1,11.584399999999732,BACKFILL_AUTO
2026-04-15 11:22:50,1776252170,R_75,32223.675,-1,5.992500000000291,BACKFILL_AUTO
2026-04-15 11:22:52,1776252172,R_75,32229.4989,1,5.823899999999412,BACKFILL_AUTO
2026-04-15 11:22:54,1776252174,R_75,32218.3937,-1,11.105199999998149,BACKFILL_AUTO
2026-04-15 11:22:56,1776252176,R_75,32214.9277,-1,3.4660000000003492,BACKFILL_AUTO
2026-04-15 11:22:58,1776252178,R_75,32208.5283,-1,6.399399999998423,BACKFILL_AUTO
2026-04-15 11:23:00,1776252180,R_75,32210.4195,1,1.8911999999982072,BACKFILL_AUTO
2026-04-15 11:23:02,1776252182,R_75,32215.2137,1,4.794200000000274,BACKFILL_AUTO
2026-04-15 11:23:04,1776252184,R_75,32228.9247,1,13.71099999999933,BACKFILL_AUTO
2026-04-15 11:23:06,1776252186,R_75,32233.7296,1,4.804899999999179,BACKFILL_AUTO
2026-04-15 11:23:08,1776252188,R_75,32241.1386,1,7.408999999999651,BACKFILL_AUTO
2026-04-15 11:23:10,1776252190,R_75,32240.5598,-1,0.578799999999319,BACKFILL_AUTO
2026-04-15 11:23:12,1776252192,R_75,32233.574,-1,6.985799999998562,BACKFILL_AUTO
2026-04-15 11:23:14,1776252194,R_75,32240.5272,1,6.953199999999924,BACKFILL_AUTO
2026-04-15 11:23:16,1776252196,R_75,32232.1625,-1,8.364700000001903,BACKFILL_AUTO
2026-04-15 11:23:18,1776252198,R_75,32237.7727,1,5.610200000002806,BACKFILL_AUTO
2026-04-15 11:23:20,1776252200,R_75,32246.5989,1,8.826199999999517,BACKFILL_AUTO
2026-04-15 11:23:22,1776252202,R_75,32245.6294,-1,0.9694999999992433,BACKFILL_AUTO
2026-04-15 11:23:24,1776252204,R_75,32258.4049,1,12.775499999999738,BACKFILL_AUTO
2026-04-15 11:23:26,1776252206,R_75,32262.3876,1,3.9826999999968393,BACKFILL_AUTO
2026-04-15 11:23:28,1776252208,R_75,32258.7281,-1,3.6594999999979336,BACKFILL_AUTO
2026-04-15 11:23:30,1776252210,R_75,32262.1292,1,3.4010999999991327,BACKFILL_AUTO
2026-04-15 11:23:32,1776252212,R_75,32271.2568,1,9.127599999999802,BACKFILL_AUTO
2026-04-15 11:23:34,1776252214,R_75,32275.2098,1,3.9530000000013388,BACKFILL_AUTO
2026-04-15 11:23:36,1776252216,R_75,32268.5556,-1,6.654200000000856,BACKFILL_AUTO
2026-04-15 11:23:38,1776252218,R_75,32268.5547,-1,0.0008999999990919605,BACKFILL_AUTO
2026-04-15 11:23:40,1776252220,R_75,32268.5045,-1,0.05020000000149594,BACKFILL_AUTO
2026-04-15 11:23:42,1776252222,R_75,32269.9547,1,1.4501999999993131,BACKFILL_AUTO
2026-04-15 11:23:44,1776252224,R_75,32261.9218,-1,8.032899999998335,BACKFILL_AUTO
2026-04-15 11:23:46,1776252226,R_75,32253.2756,-1,8.646199999999226,BACKFILL_AUTO
2026-04-15 11:23:48,1776252228,R_75,32256.8982,1,3.6225999999987835,BACKFILL_AUTO
2026-04-15 11:23:50,1776252230,R_75,32259.4365,1,2.538300000000163,BACKFILL_AUTO
2026-04-15 11:23:52,1776252232,R_75,32263.0743,1,3.637800000000425,BACKFILL_AUTO
2026-04-15 11:23:54,1776252234,R_75,32265.9411,1,2.8667999999997846,BACKFILL_AUTO
2026-04-15 11:23:56,1776252236,R_75,32266.8146,1,0.8735000000015134,BACKFILL_AUTO
2026-04-15 11:23:58,1776252238,R_75,32269.4095,1,2.5949000000000524,BACKFILL_AUTO
2026-04-15 11:24:00,1776252240,R_75,32274.4472,1,5.03769999999713,BACKFILL_AUTO
2026-04-15 11:24:02,1776252242,R_75,32276.7306,1,2.283400000000256,BACKFILL_AUTO
2026-04-15 11:24:04,1776252244,R_75,32281.96,1,5.229400000000169,BACKFILL_AUTO
2026-04-15 11:24:06,1776252246,R_75,32282.3816,1,0.4216000000014901,BACKFILL_AUTO
2026-04-15 11:24:08,1776252248,R_75,32269.9291,-1,12.452499999999418,BACKFILL_AUTO
2026-04-15 11:24:10,1776252250,R_75,32261.0907,-1,8.838400000000547,BACKFILL_AUTO
2026-04-15 11:24:12,1776252252,R_75,32262.4557,1,1.3649999999979627,BACKFILL_AUTO
2026-04-15 11:24:14,1776252254,R_75,32263.811,1,1.3553000000028987,BACKFILL_AUTO
2026-04-15 11:24:16,1776252256,R_75,32263.035,-1,0.7760000000016589,BACKFILL_AUTO
2026-04-15 11:24:18,1776252258,R_75,32266.6782,1,3.6431999999986147,BACKFILL_AUTO
2026-04-15 11:24:20,1776252260,R_75,32263.5167,-1,3.161499999998341,BACKFILL_AUTO
2026-04-15 11:24:22,1776252262,R_75,32259.4188,-1,4.097900000000664,BACKFILL_AUTO
2026-04-15 11:24:24,1776252264,R_75,32260.3725,1,0.9537000000018452,BACKFILL_AUTO
2026-04-15 11:24:26,1776252266,R_75,32269.3435,1,8.97099999999773,BACKFILL_AUTO
2026-04-15 11:24:28,1776252268,R_75,32267.5946,-1,1.7488999999986845,BACKFILL_AUTO
2026-04-15 11:24:30,1776252270,R_75,32269.4973,1,1.902699999998731,BACKFILL_AUTO
2026-04-15 11:24:32,1776252272,R_75,32271.858,1,2.3607000000010885,BACKFILL_AUTO
2026-04-15 11:24:34,1776252274,R_75,32274.9916,1,3.1336000000010245,BACKFILL_AUTO
2026-04-15 11:24:36,1776252276,R_75,32277.0802,1,2.0885999999991327,BACKFILL_AUTO
2026-04-15 11:24:38,1776252278,R_75,32281.8212,1,4.7409999999981665,BACKFILL_AUTO
2026-04-15 11:24:40,1776252280,R_75,32295.9405,1,14.119300000002113,BACKFILL_AUTO
2026-04-15 11:24:42,1776252282,R_75,32305.5713,1,9.630799999998999,BACKFILL_AUTO
2026-04-15 11:24:44,1776252284,R_75,32303.6502,-1,1.9210999999995693,BACKFILL_AUTO
2026-04-15 11:24:46,1776252286,R_75,32299.1616,-1,4.488600000000588,BACKFILL_AUTO
2026-04-15 11:24:48,1776252288,R_75,32293.0354,-1,6.126199999998789,BACKFILL_AUTO
2026-04-15 11:24:50,1776252290,R_75,32292.4517,-1,0.5836999999992258,BACKFILL_AUTO
2026-04-15 11:24:52,1776252292,R_75,32285.3611,-1,7.090600000003178,BACKFILL_AUTO
2026-04-15 11:24:54,1776252294,R_75,32287.9829,1,2.6218000000008033,BACKFILL_AUTO
2026-04-15 11:24:56,1776252296,R_75,32292.9869,1,5.004000000000815,BACKFILL_AUTO
2026-04-15 11:24:58,1776252298,R_75,32282.8822,-1,10.104699999999866,BACKFILL_AUTO
2026-04-15 11:25:00,1776252300,R_75,32279.9159,-1,2.9663000000000466,BACKFILL_AUTO
2026-04-15 11:25:02,1776252302,R_75,32290.9736,1,11.057700000001205,BACKFILL_AUTO
2026-04-15 11:25:04,1776252304,R_75,32292.8495,1,1.875899999999092,BACKFILL_AUTO
2026-04-15 11:25:06,1776252306,R_75,32300.1894,1,7.339899999999034,BACKFILL_AUTO
2026-04-15 11:25:08,1776252308,R_75,32292.6229,-1,7.566500000000815,BACKFILL_AUTO
2026-04-15 11:25:10,1776252310,R_75,32289.3193,-1,3.3035999999992782,BACKFILL_AUTO
2026-04-15 11:25:12,1776252312,R_75,32290.6757,1,1.3564000000005763,BACKFILL_AUTO
2026-04-15 11:25:14,1776252314,R_75,32291.2322,1,0.5564999999987776,BACKFILL_AUTO
2026-04-15 11:25:16,1776252316,R_75,32292.3121,1,1.0799000000006345,BACKFILL_AUTO
2026-04-15 11:25:18,1776252318,R_75,32293.9854,1,1.6733000000022002,BACKFILL_AUTO
2026-04-15 11:25:20,1776252320,R_75,32290.8144,-1,3.1710000000020955,BACKFILL_AUTO
2026-04-15 11:25:22,1776252322,R_75,32302.2386,1,11.424200000001292,BACKFILL_AUTO
2026-04-15 11:25:24,1776252324,R_75,32302.7481,1,0.5095000000001164,BACKFILL_AUTO
2026-04-15 11:25:26,1776252326,R_75,32307.4489,1,4.700799999998708,BACKFILL_AUTO
2026-04-15 11:25:28,1776252328,R_75,32304.0207,-1,3.428199999998469,BACKFILL_AUTO
2026-04-15 11:25:30,1776252330,R_75,32309.3386,1,5.31789999999819,BACKFILL_AUTO
2026-04-15 11:25:32,1776252332,R_75,32311.8535,1,2.514900000001944,BACKFILL_AUTO
2026-04-15 11:25:34,1776252334,R_75,32307.9729,-1,3.8806000000004133,BACKFILL_AUTO
2026-04-15 11:25:36,1776252336,R_75,32312.8589,1,4.885999999998603,BACKFILL_AUTO
2026-04-15 11:25:38,1776252338,R_75,32319.7841,1,6.925200000001496,BACKFILL_AUTO
2026-04-15 11:25:40,1776252340,R_75,32313.7984,-1,5.9857000000010885,BACKFILL_AUTO
2026-04-15 11:25:42,1776252342,R_75,32313.9058,1,0.10740000000077998,BACKFILL_AUTO
2026-04-15 11:25:44,1776252344,R_75,32321.4372,1,7.531399999999849,BACKFILL_AUTO
2026-04-15 11:25:46,1776252346,R_75,32317.7997,-1,3.6375000000007276,BACKFILL_AUTO
2026-04-15 11:25:48,1776252348,R_75,32318.6952,1,0.8954999999987194,BACKFILL_AUTO
2026-04-15 11:25:50,1776252350,R_75,32318.7296,1,0.03440000000045984,BACKFILL_AUTO
2026-04-15 11:25:52,1776252352,R_75,32301.3172,-1,17.412399999997433,BACKFILL_AUTO
2026-04-15 11:25:54,1776252354,R_75,32304.5591,1,3.2418999999972584,BACKFILL_AUTO
2026-04-15 11:25:56,1776252356,R_75,32304.5175,-1,0.0415999999968335,BACKFILL_AUTO
2026-04-15 11:25:58,1776252358,R_75,32306.779,1,2.261499999996886,BACKFILL_AUTO
2026-04-15 11:26:00,1776252360,R_75,32310.9263,1,4.147300000000541,BACKFILL_AUTO
2026-04-15 11:26:02,1776252362,R_75,32312.4896,1,1.5633000000016182,BACKFILL_AUTO
2026-04-15 11:26:04,1776252364,R_75,32306.801,-1,5.6886000000013155,BACKFILL_AUTO
2026-04-15 11:26:06,1776252366,R_75,32307.3484,1,0.5473999999994703,BACKFILL_AUTO
2026-04-15 11:26:08,1776252368,R_75,32311.2208,1,3.872400000000198,BACKFILL_AUTO
2026-04-15 11:26:10,1776252370,R_75,32307.7182,-1,3.502599999999802,BACKFILL_AUTO
2026-04-15 11:26:12,1776252372,R_75,32304.0311,-1,3.687099999999191,BACKFILL_AUTO
2026-04-15 11:26:14,1776252374,R_75,32304.8962,1,0.8650999999990745,BACKFILL_AUTO
2026-04-15 11:26:16,1776252376,R_75,32301.6255,-1,3.270700000000943,BACKFILL_AUTO
2026-04-15 11:26:18,1776252378,R_75,32301.3066,-1,0.31889999999839347,BACKFILL_AUTO
2026-04-15 11:26:20,1776252380,R_75,32307.9397,1,6.633099999999104,BACKFILL_AUTO
2026-04-15 11:26:22,1776252382,R_75,32310.4818,1,2.5421000000023923,BACKFILL_AUTO
2026-04-15 11:26:24,1776252384,R_75,32312.6151,1,2.133299999997689,BACKFILL_AUTO
2026-04-15 11:26:26,1776252386,R_75,32305.4708,-1,7.14429999999993,BACKFILL_AUTO
2026-04-15 11:26:28,1776252388,R_75,32304.4885,-1,0.9822999999996682,BACKFILL_AUTO
2026-04-15 11:26:30,1776252390,R_75,32311.1114,1,6.622900000002119,BACKFILL_AUTO
2026-04-15 11:26:32,1776252392,R_75,32313.4826,1,2.3711999999977706,BACKFILL_AUTO
2026-04-15 11:26:34,1776252394,R_75,32312.3281,-1,1.154500000000553,BACKFILL_AUTO
2026-04-15 11:26:36,1776252396,R_75,32310.8638,-1,1.4642999999996391,BACKFILL_AUTO
2026-04-15 11:26:38,1776252398,R_75,32308.6774,-1,2.1863999999986845,BACKFILL_AUTO
2026-04-15 11:26:40,1776252400,R_75,32309.4158,1,0.7383999999983644,BACKFILL_AUTO
2026-04-15 11:26:42,1776252402,R_75,32309.9477,1,0.5319000000017695,BACKFILL_AUTO
2026-04-15 11:26:44,1776252404,R_75,32320.9797,1,11.031999999999243,BACKFILL_AUTO
2026-04-15 11:26:46,1776252406,R_75,32327.9661,1,6.986400000001595,BACKFILL_AUTO
2026-04-15 11:26:48,1776252408,R_75,32316.724,-1,11.24210000000312,BACKFILL_AUTO
2026-04-15 11:26:50,1776252410,R_75,32315.3713,-1,1.3526999999994587,BACKFILL_AUTO
2026-04-15 11:26:52,1776252412,R_75,32306.29,-1,9.08129999999801,BACKFILL_AUTO
2026-04-15 11:26:54,1776252414,R_75,32306.3248,1,0.03479999999763095,BACKFILL_AUTO
2026-04-15 11:26:56,1776252416,R_75,32303.3888,-1,2.9359999999978754,BACKFILL_AUTO
2026-04-15 11:26:58,1776252418,R_75,32305.7631,1,2.3742999999994936,BACKFILL_AUTO
2026-04-15 11:27:00,1776252420,R_75,32295.6015,-1,10.161599999999453,BACKFILL_AUTO
2026-04-15 11:27:02,1776252422,R_75,32296.8734,1,1.2718999999997322,BACKFILL_AUTO
2026-04-15 11:27:04,1776252424,R_75,32288.8593,-1,8.014100000000326,BACKFILL_AUTO
2026-04-15 11:27:06,1776252426,R_75,32291.8906,1,3.031299999998737,BACKFILL_AUTO
2026-04-15 11:27:08,1776252428,R_75,32286.0902,-1,5.8004000000000815,BACKFILL_AUTO
2026-04-15 11:27:10,1776252430,R_75,32280.7763,-1,5.313899999997375,BACKFILL_AUTO
2026-04-15 11:27:12,1776252432,R_75,32280.9228,1,0.14649999999892316,BACKFILL_AUTO
2026-04-15 11:27:14,1776252434,R_75,32285.6684,1,4.745599999998376,BACKFILL_AUTO
2026-04-15 11:27:16,1776252436,R_75,32288.286,1,2.617600000001403,BACKFILL_AUTO
2026-04-15 11:27:18,1776252438,R_75,32279.4995,-1,8.786499999998341,BACKFILL_AUTO
2026-04-15 11:27:20,1776252440,R_75,32290.0799,1,10.580399999998917,BACKFILL_AUTO
2026-04-15 11:27:22,1776252442,R_75,32285.1924,-1,4.887500000000728,BACKFILL_AUTO
2026-04-15 11:27:24,1776252444,R_75,32279.6942,-1,5.498199999998178,BACKFILL_AUTO
2026-04-15 11:27:26,1776252446,R_75,32284.7124,1,5.018199999998615,BACKFILL_AUTO
2026-04-15 11:27:28,1776252448,R_75,32272.0206,-1,12.691800000000512,BACKFILL_AUTO
2026-04-15 11:27:30,1776252450,R_75,32277.7456,1,5.724999999998545,BACKFILL_AUTO
2026-04-15 11:27:32,1776252452,R_75,32278.1575,1,0.41190000000278815,BACKFILL_AUTO
2026-04-15 11:27:34,1776252454,R_75,32272.5099,-1,5.647600000000239,BACKFILL_AUTO
2026-04-15 11:27:36,1776252456,R_75,32267.7063,-1,4.803599999999278,BACKFILL_AUTO
2026-04-15 11:27:38,1776252458,R_75,32269.7155,1,2.009199999996781,BACKFILL_AUTO
2026-04-15 11:27:40,1776252460,R_75,32268.4337,-1,1.2817999999970198,BACKFILL_AUTO
2026-04-15 11:27:42,1776252462,R_75,32270.7754,1,2.3416999999972177,BACKFILL_AUTO
2026-04-15 11:27:44,1776252464,R_75,32266.6002,-1,4.175199999997858,BACKFILL_AUTO
2026-04-15 11:27:46,1776252466,R_75,32261.2589,-1,5.341300000000047,BACKFILL_AUTO
2026-04-15 11:27:48,1776252468,R_75,32270.313,1,9.054099999997561,BACKFILL_AUTO
2026-04-15 11:27:50,1776252470,R_75,32273.4728,1,3.159800000001269,BACKFILL_AUTO
2026-04-15 11:27:52,1776252472,R_75,32275.4275,1,1.954700000002049,BACKFILL_AUTO
2026-04-15 11:27:54,1776252474,R_75,32266.1231,-1,9.304400000000896,BACKFILL_AUTO
2026-04-15 11:27:56,1776252476,R_75,32272.5243,1,6.4012000000002445,BACKFILL_AUTO
2026-04-15 11:27:58,1776252478,R_75,32270.8068,-1,1.7175000000024738,BACKFILL_AUTO
2026-04-15 11:28:00,1776252480,R_75,32274.8506,1,4.0438000000031025,BACKFILL_AUTO
2026-04-15 11:28:02,1776252482,R_75,32276.6842,1,1.833599999998114,BACKFILL_AUTO
2026-04-15 11:28:04,1776252484,R_75,32278.3685,1,1.6843000000008033,BACKFILL_AUTO
2026-04-15 11:28:06,1776252486,R_75,32273.4609,-1,4.907600000002276,BACKFILL_AUTO
2026-04-15 11:28:08,1776252488,R_75,32271.3436,-1,2.1172999999980675,BACKFILL_AUTO
2026-04-15 11:28:10,1776252490,R_75,32272.3136,1,0.9700000000011642,BACKFILL_AUTO
2026-04-15 11:28:12,1776252492,R_75,32268.0947,-1,4.218899999999849,BACKFILL_AUTO
2026-04-15 11:28:14,1776252494,R_75,32262.1661,-1,5.928600000002916,BACKFILL_AUTO
2026-04-15 11:28:16,1776252496,R_75,32256.9641,-1,5.201999999997497,BACKFILL_AUTO
2026-04-15 11:28:18,1776252498,R_75,32262.4827,1,5.518599999999424,BACKFILL_AUTO
2026-04-15 11:28:20,1776252500,R_75,32264.0314,1,1.5486999999993714,BACKFILL_AUTO
2026-04-15 11:28:22,1776252502,R_75,32272.688,1,8.656599999998434,BACKFILL_AUTO
2026-04-15 11:28:24,1776252504,R_75,32270.8299,-1,1.8580999999976484,BACKFILL_AUTO
2026-04-15 11:28:26,1776252506,R_75,32268.6253,-1,2.204600000000937,BACKFILL_AUTO
2026-04-15 11:28:28,1776252508,R_75,32278.6029,1,9.977600000001985,BACKFILL_AUTO
2026-04-15 11:28:30,1776252510,R_75,32280.2893,1,1.6863999999986845,BACKFILL_AUTO
2026-04-15 11:28:32,1776252512,R_75,32282.2453,1,1.955999999998312,BACKFILL_AUTO
2026-04-15 11:28:34,1776252514,R_75,32273.4171,-1,8.828199999999924,BACKFILL_AUTO
2026-04-15 11:28:36,1776252516,R_75,32271.3098,-1,2.107299999999668,BACKFILL_AUTO
2026-04-15 11:28:38,1776252518,R_75,32264.9357,-1,6.37409999999727,BACKFILL_AUTO
2026-04-15 11:28:40,1776252520,R_75,32265.0953,1,0.1595999999990454,BACKFILL_AUTO
2026-04-15 11:28:42,1776252522,R_75,32265.8017,1,0.7063999999991211,BACKFILL_AUTO
2026-04-15 11:28:44,1776252524,R_75,32269.6775,1,3.875800000001618,BACKFILL_AUTO
2026-04-15 11:28:46,1776252526,R_75,32263.6453,-1,6.032200000001467,BACKFILL_AUTO
2026-04-15 11:28:48,1776252528,R_75,32264.3396,1,0.6942999999992026,BACKFILL_AUTO
2026-04-15 11:28:50,1776252530,R_75,32264.9664,1,0.6268000000018219,BACKFILL_AUTO
2026-04-15 11:28:52,1776252532,R_75,32268.4928,1,3.52639999999883,BACKFILL_AUTO
2026-04-15 11:28:54,1776252534,R_75,32269.6567,1,1.1638999999995576,BACKFILL_AUTO
2026-04-15 11:28:56,1776252536,R_75,32273.6984,1,4.041700000001583,BACKFILL_AUTO
2026-04-15 11:28:58,1776252538,R_75,32268.3459,-1,5.352500000000873,BACKFILL_AUTO
2026-04-15 11:29:00,1776252540,R_75,32289.4358,1,21.089899999999034,BACKFILL_AUTO
2026-04-15 11:29:02,1776252542,R_75,32283.7576,-1,5.678199999998469,BACKFILL_AUTO
2026-04-15 11:29:04,1776252544,R_75,32288.9679,1,5.210299999998824,BACKFILL_AUTO
2026-04-15 11:29:06,1776252546,R_75,32292.739,1,3.771100000001752,BACKFILL_AUTO
2026-04-15 11:29:08,1776252548,R_75,32292.8792,1,0.14019999999800348,BACKFILL_AUTO
2026-04-15 11:29:10,1776252550,R_75,32298.4897,1,5.610499999998865,BACKFILL_AUTO
2026-04-15 11:29:12,1776252552,R_75,32296.1425,-1,2.347199999996519,BACKFILL_AUTO
2026-04-15 11:29:14,1776252554,R_75,32300.0043,1,3.861799999998766,BACKFILL_AUTO
2026-04-15 11:29:16,1776252556,R_75,32299.9332,-1,0.07110000000102445,BACKFILL_AUTO
2026-04-15 11:29:18,1776252558,R_75,32297.127,-1,2.8061999999990803,BACKFILL_AUTO
2026-04-15 11:29:20,1776252560,R_75,32290.8181,-1,6.308899999999994,BACKFILL_AUTO
2026-04-15 11:29:22,1776252562,R_75,32288.3723,-1,2.445800000001327,BACKFILL_AUTO
2026-04-15 11:29:24,1776252564,R_75,32277.5836,-1,10.788699999997334,BACKFILL_AUTO
2026-04-15 11:29:26,1776252566,R_75,32276.208,-1,1.3756000000030326,BACKFILL_AUTO
2026-04-15 11:29:28,1776252568,R_75,32279.4086,1,3.2006000000001222,BACKFILL_AUTO
2026-04-15 11:29:30,1776252570,R_75,32285.4267,1,6.018100000001141,BACKFILL_AUTO
2026-04-15 11:29:32,1776252572,R_75,32285.0993,-1,0.32739999999830616,BACKFILL_AUTO
2026-04-15 11:29:34,1776252574,R_75,32284.1028,-1,0.996500000001106,BACKFILL_AUTO
2026-04-15 11:29:36,1776252576,R_75,32280.9164,-1,3.1864000000023225,BACKFILL_AUTO
2026-04-15 11:29:38,1776252578,R_75,32283.9209,1,3.0045000000027358,BACKFILL_AUTO
2026-04-15 11:29:40,1776252580,R_75,32290.8476,1,6.9266999999999825,BACKFILL_AUTO
2026-04-15 11:29:42,1776252582,R_75,32291.857,1,1.0093999999990046,BACKFILL_AUTO
2026-04-15 11:29:44,1776252584,R_75,32286.9567,-1,4.9003000000011525,BACKFILL_AUTO
2026-04-15 11:29:46,1776252586,R_75,32281.2396,-1,5.717099999998027,BACKFILL_AUTO
2026-04-15 11:29:48,1776252588,R_75,32289.0873,1,7.84769999999844,BACKFILL_AUTO
2026-04-15 11:29:50,1776252590,R_75,32294.4412,1,5.353900000001886,BACKFILL_AUTO
2026-04-15 11:29:52,1776252592,R_75,32289.2465,-1,5.194700000000012,BACKFILL_AUTO
2026-04-15 11:29:54,1776252594,R_75,32294.8695,1,5.6229999999995925,BACKFILL_AUTO
2026-04-15 11:29:56,1776252596,R_75,32297.2717,1,2.402200000000448,BACKFILL_AUTO
2026-04-15 11:29:58,1776252598,R_75,32296.7409,-1,0.530800000000454,BACKFILL_AUTO
2026-04-15 11:30:00,1776252600,R_75,32298.4366,1,1.6957000000002154,BACKFILL_AUTO
2026-04-15 11:30:02,1776252602,R_75,32296.0936,-1,2.3430000000007567,BACKFILL_AUTO
2026-04-15 11:30:04,1776252604,R_75,32299.1696,1,3.0760000000009313,BACKFILL_AUTO
2026-04-15 11:30:06,1776252606,R_75,32306.4319,1,7.262299999998504,BACKFILL_AUTO
2026-04-15 11:30:08,1776252608,R_75,32304.5267,-1,1.9052000000010594,BACKFILL_AUTO
2026-04-15 11:30:10,1776252610,R_75,32296.113,-1,8.413699999997334,BACKFILL_AUTO
2026-04-15 11:30:12,1776252612,R_75,32302.4933,1,6.380299999997078,BACKFILL_AUTO
2026-04-15 11:30:14,1776252614,R_75,32298.9045,-1,3.5887999999977183,BACKFILL_AUTO
2026-04-15 11:30:16,1776252616,R_75,32301.0408,1,2.1362999999983003,BACKFILL_AUTO
2026-04-15 11:30:18,1776252618,R_75,32308.5268,1,7.486000000000786,BACKFILL_AUTO
2026-04-15 11:30:20,1776252620,R_75,32308.6285,1,0.10169999999925494,BACKFILL_AUTO
2026-04-15 11:30:22,1776252622,R_75,32302.8793,-1,5.749199999998382,BACKFILL_AUTO
2026-04-15 11:30:24,1776252624,R_75,32298.7459,-1,4.133399999998801,BACKFILL_AUTO
2026-04-15 11:30:26,1776252626,R_75,32292.3602,-1,6.385700000002544,BACKFILL_AUTO
2026-04-15 11:30:28,1776252628,R_75,32292.4667,1,0.10650000000168802,BACKFILL_AUTO
2026-04-15 11:30:30,1776252630,R_75,32303.0534,1,10.586699999999837,BACKFILL_AUTO
2026-04-15 11:30:32,1776252632,R_75,32301.9443,-1,1.1091000000014901,BACKFILL_AUTO
2026-04-15 11:30:34,1776252634,R_75,32295.1654,-1,6.77889999999752,BACKFILL_AUTO
2026-04-15 11:30:36,1776252636,R_75,32284.9654,-1,10.200000000000728,BACKFILL_AUTO
2026-04-15 11:30:38,1776252638,R_75,32288.4536,1,3.488199999999779,BACKFILL_AUTO
2026-04-15 11:30:40,1776252640,R_75,32286.8823,-1,1.57129999999961,BACKFILL_AUTO
2026-04-15 11:30:42,1776252642,R_75,32292.5783,1,5.695999999999913,BACKFILL_AUTO
2026-04-15 11:30:44,1776252644,R_75,32299.7633,1,7.184999999997672,BACKFILL_AUTO
2026-04-15 11:30:46,1776252646,R_75,32300.884,1,1.1206999999994878,BACKFILL_AUTO
2026-04-15 11:30:48,1776252648,R_75,32294.6737,-1,6.210299999998824,BACKFILL_AUTO
2026-04-15 11:30:50,1776252650,R_75,32289.7469,-1,4.926800000001094,BACKFILL_AUTO
2026-04-15 11:30:52,1776252652,R_75,32293.0528,1,3.305900000003021,BACKFILL_AUTO
2026-04-15 11:30:54,1776252654,R_75,32284.8385,-1,8.21429999999964,BACKFILL_AUTO
2026-04-15 11:30:56,1776252656,R_75,32280.2833,-1,4.555200000002515,BACKFILL_AUTO
2026-04-15 11:30:58,1776252658,R_75,32292.4442,1,12.160900000002584,BACKFILL_AUTO
2026-04-15 11:31:00,1776252660,R_75,32296.2411,1,3.7968999999975495,BACKFILL_AUTO
2026-04-15 11:31:02,1776252662,R_75,32298.3468,1,2.10570000000007,BACKFILL_AUTO
2026-04-15 11:31:04,1776252664,R_75,32291.0927,-1,7.254099999998289,BACKFILL_AUTO
2026-04-15 11:31:06,1776252666,R_75,32287.6583,-1,3.434400000001915,BACKFILL_AUTO
2026-04-15 11:31:08,1776252668,R_75,32282.8042,-1,4.8541000000004715,BACKFILL_AUTO
2026-04-15 11:31:10,1776252670,R_75,32283.6504,1,0.8461999999999534,BACKFILL_AUTO
2026-04-15 11:31:12,1776252672,R_75,32298.4702,1,14.819800000001123,BACKFILL_AUTO
2026-04-15 11:31:14,1776252674,R_75,32293.1744,-1,5.295799999999872,BACKFILL_AUTO
2026-04-15 11:31:16,1776252676,R_75,32290.1552,-1,3.0191999999988184,BACKFILL_AUTO
2026-04-15 11:31:18,1776252678,R_75,32297.0128,1,6.8575999999993655,BACKFILL_AUTO
2026-04-15 11:31:20,1776252680,R_75,32299.6624,1,2.649600000000646,BACKFILL_AUTO
2026-04-15 11:31:22,1776252682,R_75,32300.4986,1,0.8361999999979162,BACKFILL_AUTO
2026-04-15 11:31:24,1776252684,R_75,32300.5907,1,0.09210000000166474,BACKFILL_AUTO
2026-04-15 11:31:26,1776252686,R_75,32301.5651,1,0.9743999999991502,BACKFILL_AUTO
2026-04-15 11:31:28,1776252688,R_75,32312.835,1,11.269899999999325,BACKFILL_AUTO
2026-04-15 11:31:30,1776252690,R_75,32318.3178,1,5.482800000001589,BACKFILL_AUTO
2026-04-15 11:31:32,1776252692,R_75,32319.8359,1,1.518099999997503,BACKFILL_AUTO
2026-04-15 11:31:34,1776252694,R_75,32310.8355,-1,9.000399999997171,BACKFILL_AUTO
2026-04-15 11:31:36,1776252696,R_75,32314.2969,1,3.4614000000001397,BACKFILL_AUTO
2026-04-15 11:31:38,1776252698,R_75,32329.5686,1,15.271699999997509,BACKFILL_AUTO
2026-04-15 11:31:40,1776252700,R_75,32328.4669,-1,1.101699999999255,BACKFILL_AUTO
2026-04-15 11:31:42,1776252702,R_75,32322.5422,-1,5.924699999999575,BACKFILL_AUTO
2026-04-15 11:31:44,1776252704,R_75,32328.2215,1,5.679299999999785,BACKFILL_AUTO
2026-04-15 11:31:46,1776252706,R_75,32315.3429,-1,12.878600000000006,BACKFILL_AUTO
2026-04-15 11:31:48,1776252708,R_75,32312.2429,-1,3.099999999998545,BACKFILL_AUTO
2026-04-15 11:31:50,1776252710,R_75,32319.8758,1,7.632900000000518,BACKFILL_AUTO
2026-04-15 11:31:52,1776252712,R_75,32317.7394,-1,2.13640000000305,BACKFILL_AUTO
2026-04-15 11:31:54,1776252714,R_75,32319.7023,1,1.9629000000022643,BACKFILL_AUTO
2026-04-15 11:31:56,1776252716,R_75,32321.4373,1,1.735000000000582,BACKFILL_AUTO
2026-04-15 11:31:58,1776252718,R_75,32326.2456,1,4.808299999996962,BACKFILL_AUTO
2026-04-15 11:32:00,1776252720,R_75,32328.0608,1,1.8152000000009139,BACKFILL_AUTO
2026-04-15 11:32:02,1776252722,R_75,32325.22,-1,2.8407999999981257,BACKFILL_AUTO
2026-04-15 11:32:04,1776252724,R_75,32322.6355,-1,2.584500000000844,BACKFILL_AUTO
2026-04-15 11:32:06,1776252726,R_75,32319.0842,-1,3.5512999999991735,BACKFILL_AUTO
2026-04-15 11:32:08,1776252728,R_75,32319.1755,1,0.09130000000004657,BACKFILL_AUTO
2026-04-15 11:32:10,1776252730,R_75,32317.6401,-1,1.5354000000006636,BACKFILL_AUTO
2026-04-15 11:32:12,1776252732,R_75,32313.3674,-1,4.27270000000135,BACKFILL_AUTO
2026-04-15 11:32:14,1776252734,R_75,32321.0643,1,7.696899999999005,BACKFILL_AUTO
2026-04-15 11:32:16,1776252736,R_75,32322.2821,1,1.2178000000021711,BACKFILL_AUTO
2026-04-15 11:32:18,1776252738,R_75,32325.8838,1,3.601699999999255,BACKFILL_AUTO
2026-04-15 11:32:20,1776252740,R_75,32321.8817,-1,4.002099999997881,BACKFILL_AUTO
2026-04-15 11:32:22,1776252742,R_75,32316.9737,-1,4.908000000003085,BACKFILL_AUTO
2026-04-15 11:32:24,1776252744,R_75,32318.636,1,1.6622999999999593,BACKFILL_AUTO
2026-04-15 11:32:26,1776252746,R_75,32326.3701,1,7.73410000000149,BACKFILL_AUTO
2026-04-15 11:32:28,1776252748,R_75,32314.8805,-1,11.489600000000792,BACKFILL_AUTO
2026-04-15 11:32:30,1776252750,R_75,32323.431,1,8.550500000001193,BACKFILL_AUTO
2026-04-15 11:32:32,1776252752,R_75,32312.7837,-1,10.647300000000541,BACKFILL_AUTO
2026-04-15 11:32:34,1776252754,R_75,32306.3966,-1,6.3870999999999185,BACKFILL_AUTO
2026-04-15 11:32:36,1776252756,R_75,32302.6426,-1,3.754000000000815,BACKFILL_AUTO
2026-04-15 11:32:38,1776252758,R_75,32303.0694,1,0.4268000000010943,BACKFILL_AUTO
2026-04-15 11:32:40,1776252760,R_75,32294.1749,-1,8.894499999998516,BACKFILL_AUTO
2026-04-15 11:32:42,1776252762,R_75,32281.2135,-1,12.96140000000014,BACKFILL_AUTO
2026-04-15 11:32:44,1776252764,R_75,32274.7296,-1,6.483900000002905,BACKFILL_AUTO
2026-04-15 11:32:46,1776252766,R_75,32273.4012,-1,1.3283999999985099,BACKFILL_AUTO
2026-04-15 11:32:48,1776252768,R_75,32270.1956,-1,3.205600000001141,BACKFILL_AUTO
2026-04-15 11:32:50,1776252770,R_75,32270.9782,1,0.7826000000022759,BACKFILL_AUTO
2026-04-15 11:32:52,1776252772,R_75,32273.8227,1,2.8444999999992433,BACKFILL_AUTO
2026-04-15 11:32:54,1776252774,R_75,32269.4624,-1,4.360300000000279,BACKFILL_AUTO
2026-04-15 11:32:56,1776252776,R_75,32274.9252,1,5.4628000000011525,BACKFILL_AUTO
2026-04-15 11:32:58,1776252778,R_75,32285.5959,1,10.67069999999876,BACKFILL_AUTO
2026-04-15 11:33:00,1776252780,R_75,32280.6787,-1,4.917199999999866,BACKFILL_AUTO
2026-04-15 11:33:02,1776252782,R_75,32273.2821,-1,7.396600000000035,BACKFILL_AUTO
2026-04-15 11:33:04,1776252784,R_75,32268.5204,-1,4.761699999999109,BACKFILL_AUTO
2026-04-15 11:33:06,1776252786,R_75,32265.6644,-1,2.855999999999767,BACKFILL_AUTO
2026-04-15 11:33:08,1776252788,R_75,32273.9167,1,8.252300000000105,BACKFILL_AUTO
2026-04-15 11:33:10,1776252790,R_75,32281.0678,1,7.151099999999133,BACKFILL_AUTO
2026-04-15 11:33:12,1776252792,R_75,32290.4768,1,9.40899999999965,BACKFILL_AUTO
2026-04-15 11:33:14,1776252794,R_75,32282.5779,-1,7.89890000000014,BACKFILL_AUTO
2026-04-15 11:33:16,1776252796,R_75,32283.8307,1,1.2527999999983876,BACKFILL_AUTO
2026-04-15 11:33:18,1776252798,R_75,32289.8411,1,6.010400000002846,BACKFILL_AUTO
2026-04-15 11:33:20,1776252800,R_75,32279.9581,-1,9.88300000000163,BACKFILL_AUTO
2026-04-15 11:33:22,1776252802,R_75,32279.4757,-1,0.48240000000078,BACKFILL_AUTO
2026-04-15 11:33:24,1776252804,R_75,32274.213,-1,5.262699999999313,BACKFILL_AUTO
2026-04-15 11:33:26,1776252806,R_75,32266.7296,-1,7.483400000000984,BACKFILL_AUTO
2026-04-15 11:33:28,1776252808,R_75,32269.2682,1,2.5385999999998603,BACKFILL_AUTO
2026-04-15 11:33:30,1776252810,R_75,32259.5067,-1,9.761499999996886,BACKFILL_AUTO
2026-04-15 11:33:32,1776252812,R_75,32259.9514,1,0.44470000000001164,BACKFILL_AUTO
2026-04-15 11:33:34,1776252814,R_75,32258.4349,-1,1.5165000000015425,BACKFILL_AUTO
2026-04-15 11:33:36,1776252816,R_75,32258.6093,1,0.17439999999987776,BACKFILL_AUTO
2026-04-15 11:33:38,1776252818,R_75,32252.5814,-1,6.027900000000955,BACKFILL_AUTO
2026-04-15 11:33:40,1776252820,R_75,32247.9948,-1,4.586599999998725,BACKFILL_AUTO
2026-04-15 11:33:42,1776252822,R_75,32262.2711,1,14.276300000001356,BACKFILL_AUTO
2026-04-15 11:33:44,1776252824,R_75,32270.0641,1,7.792999999997846,BACKFILL_AUTO
2026-04-15 11:33:46,1776252826,R_75,32266.8527,-1,3.2114000000001397,BACKFILL_AUTO
2026-04-15 11:33:48,1776252828,R_75,32249.7301,-1,17.122599999998783,BACKFILL_AUTO
2026-04-15 11:33:50,1776252830,R_75,32250.9645,1,1.2343999999975495,BACKFILL_AUTO
2026-04-15 11:33:52,1776252832,R_75,32242.9293,-1,8.03519999999844,BACKFILL_AUTO
2026-04-15 11:33:54,1776252834,R_75,32255.2633,1,12.333999999998923,BACKFILL_AUTO
2026-04-15 11:33:56,1776252836,R_75,32249.9045,-1,5.358799999998155,BACKFILL_AUTO
2026-04-15 11:33:58,1776252838,R_75,32243.0251,-1,6.879400000001624,BACKFILL_AUTO
2026-04-15 11:34:00,1776252840,R_75,32236.3692,-1,6.655899999997928,BACKFILL_AUTO
2026-04-15 11:34:02,1776252842,R_75,32235.0626,-1,1.3065999999998894,BACKFILL_AUTO
2026-04-15 11:34:04,1776252844,R_75,32232.5389,-1,2.523700000001554,BACKFILL_AUTO
2026-04-15 11:34:06,1776252846,R_75,32242.8869,1,10.348000000001775,BACKFILL_AUTO
2026-04-15 11:34:08,1776252848,R_75,32243.6997,1,0.8127999999996973,BACKFILL_AUTO
2026-04-15 11:34:10,1776252850,R_75,32252.4232,1,8.723500000000058,BACKFILL_AUTO
2026-04-15 11:34:12,1776252852,R_75,32248.3417,-1,4.081500000000233,BACKFILL_AUTO
2026-04-15 11:34:14,1776252854,R_75,32245.4059,-1,2.93579999999929,BACKFILL_AUTO
2026-04-15 11:34:16,1776252856,R_75,32240.2207,-1,5.185199999999895,BACKFILL_AUTO
2026-04-15 11:34:18,1776252858,R_75,32233.8467,-1,6.374000000003434,BACKFILL_AUTO
2026-04-15 11:34:20,1776252860,R_75,32234.1444,1,0.2977000000028056,BACKFILL_AUTO
2026-04-15 11:34:22,1776252862,R_75,32229.9699,-1,4.1745000000009895,BACKFILL_AUTO
2026-04-15 11:34:24,1776252864,R_75,32233.0938,1,3.1238999999986845,BACKFILL_AUTO
2026-04-15 11:34:26,1776252866,R_75,32235.7818,1,2.688000000001921,BACKFILL_AUTO
2026-04-15 11:34:28,1776252868,R_75,32233.8927,-1,1.889100000000326,BACKFILL_AUTO
2026-04-15 11:34:30,1776252870,R_75,32234.4794,1,0.586699999999837,BACKFILL_AUTO
2026-04-15 11:34:32,1776252872,R_75,32231.5938,-1,2.885600000001432,BACKFILL_AUTO
2026-04-15 11:34:34,1776252874,R_75,32228.3586,-1,3.2351999999991676,BACKFILL_AUTO
2026-04-15 11:34:36,1776252876,R_75,32223.6329,-1,4.725699999999051,BACKFILL_AUTO
2026-04-15 11:34:38,1776252878,R_75,32219.7097,-1,3.9232000000010885,BACKFILL_AUTO
2026-04-15 11:34:40,1776252880,R_75,32218.6663,-1,1.0433999999986554,BACKFILL_AUTO
2026-04-15 11:34:42,1776252882,R_75,32222.9845,1,4.318199999997887,BACKFILL_AUTO
2026-04-15 11:34:44,1776252884,R_75,32220.8639,-1,2.120599999998376,BACKFILL_AUTO
2026-04-15 11:34:46,1776252886,R_75,32217.8473,-1,3.0165999999990163,BACKFILL_AUTO
2026-04-15 11:34:48,1776252888,R_75,32209.0831,-1,8.764200000001438,BACKFILL_AUTO
2026-04-15 11:34:50,1776252890,R_75,32205.7843,-1,3.298800000000483,BACKFILL_AUTO
2026-04-15 11:34:52,1776252892,R_75,32206.6239,1,0.8395999999993364,BACKFILL_AUTO
2026-04-15 11:34:54,1776252894,R_75,32207.7573,1,1.133400000002439,BACKFILL_AUTO
2026-04-15 11:34:56,1776252896,R_75,32206.5109,-1,1.2463999999999942,BACKFILL_AUTO
2026-04-15 11:34:58,1776252898,R_75,32205.4614,-1,1.0495000000009895,BACKFILL_AUTO
2026-04-15 11:35:00,1776252900,R_75,32201.7498,-1,3.7115999999987253,BACKFILL_AUTO
2026-04-15 11:35:02,1776252902,R_75,32192.2786,-1,9.471199999999953,BACKFILL_AUTO
2026-04-15 11:35:04,1776252904,R_75,32192.8959,1,0.6172999999980675,BACKFILL_AUTO
2026-04-15 11:35:06,1776252906,R_75,32206.2341,1,13.338200000001962,BACKFILL_AUTO
2026-04-15 11:35:08,1776252908,R_75,32214.6787,1,8.4445999999989,BACKFILL_AUTO
2026-04-15 11:35:10,1776252910,R_75,32214.9075,1,0.22880000000077416,BACKFILL_AUTO
2026-04-15 11:35:12,1776252912,R_75,32210.6397,-1,4.2678000000014435,BACKFILL_AUTO
2026-04-15 11:35:14,1776252914,R_75,32212.1443,1,1.5046000000002095,BACKFILL_AUTO
2026-04-15 11:35:16,1776252916,R_75,32218.0599,1,5.915600000000268,BACKFILL_AUTO
2026-04-15 11:35:18,1776252918,R_75,32218.7727,1,0.7128000000011525,BACKFILL_AUTO
2026-04-15 11:35:20,1776252920,R_75,32232.3122,1,13.539499999998952,BACKFILL_AUTO
2026-04-15 11:35:22,1776252922,R_75,32224.9831,-1,7.329099999999016,BACKFILL_AUTO
2026-04-15 11:35:24,1776252924,R_75,32225.4348,1,0.45169999999779975,BACKFILL_AUTO
2026-04-15 11:35:26,1776252926,R_75,32225.1153,-1,0.3194999999977881,BACKFILL_AUTO
2026-04-15 11:35:28,1776252928,R_75,32232.538,1,7.422699999999168,BACKFILL_AUTO
2026-04-15 11:35:30,1776252930,R_75,32231.3883,-1,1.1497000000017579,BACKFILL_AUTO
2026-04-15 11:35:32,1776252932,R_75,32227.2737,-1,4.114599999997154,BACKFILL_AUTO
2026-04-15 11:35:34,1776252934,R_75,32235.1445,1,7.870799999996962,BACKFILL_AUTO
2026-04-15 11:35:36,1776252936,R_75,32231.4228,-1,3.7216999999982363,BACKFILL_AUTO
2026-04-15 11:35:38,1776252938,R_75,32235.0737,1,3.650900000000547,BACKFILL_AUTO
2026-04-15 11:35:40,1776252940,R_75,32251.6856,1,16.611899999999878,BACKFILL_AUTO
2026-04-15 11:35:42,1776252942,R_75,32249.3262,-1,2.3594000000011874,BACKFILL_AUTO
2026-04-15 11:35:44,1776252944,R_75,32250.523,1,1.1968000000015309,BACKFILL_AUTO
2026-04-15 11:35:46,1776252946,R_75,32256.8927,1,6.369699999999284,BACKFILL_AUTO
2026-04-15 11:35:48,1776252948,R_75,32251.5484,-1,5.344300000000658,BACKFILL_AUTO
2026-04-15 11:35:50,1776252950,R_75,32264.6228,1,13.074400000001333,BACKFILL_AUTO
2026-04-15 11:35:52,1776252952,R_75,32272.7252,1,8.102399999999761,BACKFILL_AUTO
2026-04-15 11:35:54,1776252954,R_75,32259.0329,-1,13.692300000002433,BACKFILL_AUTO
2026-04-15 11:35:56,1776252956,R_75,32255.419,-1,3.6138999999966472,BACKFILL_AUTO
2026-04-15 11:35:58,1776252958,R_75,32261.2555,1,5.8364999999976135,BACKFILL_AUTO
2026-04-15 11:36:00,1776252960,R_75,32279.6738,1,18.41830000000118,BACKFILL_AUTO
2026-04-15 11:36:02,1776252962,R_75,32274.0794,-1,5.5944000000017695,BACKFILL_AUTO
2026-04-15 11:36:04,1776252964,R_75,32269.9346,-1,4.144799999998213,BACKFILL_AUTO
2026-04-15 11:36:06,1776252966,R_75,32278.305,1,8.37039999999979,BACKFILL_AUTO
2026-04-15 11:36:08,1776252968,R_75,32273.5785,-1,4.726500000000669,BACKFILL_AUTO
2026-04-15 11:36:10,1776252970,R_75,32263.5214,-1,10.057099999998172,BACKFILL_AUTO
2026-04-15 11:36:12,1776252972,R_75,32263.0604,-1,0.4610000000029686,BACKFILL_AUTO
2026-04-15 11:36:14,1776252974,R_75,32266.6253,1,3.5649000000012165,BACKFILL_AUTO
2026-04-15 11:36:16,1776252976,R_75,32261.4385,-1,5.186799999999494,BACKFILL_AUTO
2026-04-15 11:36:18,1776252978,R_75,32260.4082,-1,1.0302999999985332,BACKFILL_AUTO
2026-04-15 11:36:20,1776252980,R_75,32270.1291,1,9.720899999996618,BACKFILL_AUTO
2026-04-15 11:36:22,1776252982,R_75,32265.8651,-1,4.263999999999214,BACKFILL_AUTO
2026-04-15 11:36:24,1776252984,R_75,32268.7162,1,2.8510999999998603,BACKFILL_AUTO
2026-04-15 11:36:26,1776252986,R_75,32274.4769,1,5.760700000002544,BACKFILL_AUTO
2026-04-15 11:36:28,1776252988,R_75,32279.4269,1,4.94999999999709,BACKFILL_AUTO
2026-04-15 11:36:30,1776252990,R_75,32287.5294,1,8.102500000000873,BACKFILL_AUTO
2026-04-15 11:36:32,1776252992,R_75,32287.721,1,0.19160000000192667,BACKFILL_AUTO
2026-04-15 11:36:34,1776252994,R_75,32290.5212,1,2.800199999997858,BACKFILL_AUTO
2026-04-15 11:36:36,1776252996,R_75,32296.6181,1,6.09690000000046,BACKFILL_AUTO
2026-04-15 11:36:38,1776252998,R_75,32296.9182,1,0.30010000000038417,BACKFILL_AUTO
2026-04-15 11:36:40,1776253000,R_75,32297.8454,1,0.9271999999982654,BACKFILL_AUTO
2026-04-15 11:36:42,1776253002,R_75,32302.9777,1,5.132300000001123,BACKFILL_AUTO
2026-04-15 11:36:44,1776253004,R_75,32310.2176,1,7.239900000000489,BACKFILL_AUTO
2026-04-15 11:36:46,1776253006,R_75,32309.7894,-1,0.42819999999846914,BACKFILL_AUTO
2026-04-15 11:36:48,1776253008,R_75,32294.6791,-1,15.11030000000028,BACKFILL_AUTO
2026-04-15 11:36:50,1776253010,R_75,32303.1484,1,8.46929999999702,BACKFILL_AUTO
2026-04-15 11:36:52,1776253012,R_75,32293.1504,-1,9.997999999999593,BACKFILL_AUTO
2026-04-15 11:36:54,1776253014,R_75,32296.1282,1,2.9778000000005704,BACKFILL_AUTO
2026-04-15 11:36:56,1776253016,R_75,32301.8611,1,5.732899999999063,BACKFILL_AUTO
2026-04-15 11:36:58,1776253018,R_75,32301.726,-1,0.13509999999951106,BACKFILL_AUTO
2026-04-15 11:37:00,1776253020,R_75,32306.5759,1,4.849900000001071,BACKFILL_AUTO
2026-04-15 11:37:02,1776253022,R_75,32308.9323,1,2.3564000000005763,BACKFILL_AUTO
2026-04-15 11:37:04,1776253024,R_75,32313.6341,1,4.7017999999989115,BACKFILL_AUTO
2026-04-15 11:37:06,1776253026,R_75,32304.6095,-1,9.024600000000646,BACKFILL_AUTO
2026-04-15 11:37:08,1776253028,R_75,32311.591,1,6.981500000001688,BACKFILL_AUTO
2026-04-15 11:37:10,1776253030,R_75,32309.2762,-1,2.3148000000001048,BACKFILL_AUTO
2026-04-15 11:37:12,1776253032,R_75,32315.6334,1,6.3571999999985565,BACKFILL_AUTO
2026-04-15 11:37:14,1776253034,R_75,32299.2202,-1,16.41319999999905,BACKFILL_AUTO
2026-04-15 11:37:16,1776253036,R_75,32295.8806,-1,3.3395999999993364,BACKFILL_AUTO
2026-04-15 11:37:18,1776253038,R_75,32288.7953,-1,7.085299999998824,BACKFILL_AUTO
2026-04-15 11:37:20,1776253040,R_75,32290.6386,1,1.843299999996816,BACKFILL_AUTO
2026-04-15 11:37:22,1776253042,R_75,32297.268,1,6.629400000001624,BACKFILL_AUTO
2026-04-15 11:37:24,1776253044,R_75,32305.2046,1,7.936600000000908,BACKFILL_AUTO
2026-04-15 11:37:26,1776253046,R_75,32311.516,1,6.3113999999986845,BACKFILL_AUTO
2026-04-15 11:37:28,1776253048,R_75,32315.1446,1,3.628600000000006,BACKFILL_AUTO
2026-04-15 11:37:30,1776253050,R_75,32320.195,1,5.0504000000000815,BACKFILL_AUTO
2026-04-15 11:37:32,1776253052,R_75,32340.4148,1,20.21979999999894,BACKFILL_AUTO
2026-04-15 11:37:34,1776253054,R_75,32336.3532,-1,4.06159999999727,BACKFILL_AUTO
2026-04-15 11:37:36,1776253056,R_75,32340.6316,1,4.2783999999992375,BACKFILL_AUTO
2026-04-15 11:37:38,1776253058,R_75,32350.3025,1,9.670900000000984,BACKFILL_AUTO
2026-04-15 11:37:40,1776253060,R_75,32343.1383,-1,7.164200000002893,BACKFILL_AUTO
2026-04-15 11:37:42,1776253062,R_75,32339.8401,-1,3.2981999999974505,BACKFILL_AUTO
2026-04-15 11:37:44,1776253064,R_75,32334.329,-1,5.511099999999715,BACKFILL_AUTO
2026-04-15 11:37:46,1776253066,R_75,32330.1905,-1,4.138500000000931,BACKFILL_AUTO
2026-04-15 11:37:48,1776253068,R_75,32325.4896,-1,4.70089999999982,BACKFILL_AUTO
2026-04-15 11:37:50,1776253070,R_75,32326.6195,1,1.1298999999999069,BACKFILL_AUTO
2026-04-15 11:37:52,1776253072,R_75,32331.9012,1,5.281699999999546,BACKFILL_AUTO
2026-04-15 11:37:54,1776253074,R_75,32324.1462,-1,7.755000000001019,BACKFILL_AUTO
2026-04-15 11:37:56,1776253076,R_75,32336.7465,1,12.60030000000188,BACKFILL_AUTO
2026-04-15 11:37:58,1776253078,R_75,32335.0834,-1,1.6631000000015774,BACKFILL_AUTO
2026-04-15 11:38:00,1776253080,R_75,32338.6032,1,3.519800000001851,BACKFILL_AUTO
2026-04-15 11:38:02,1776253082,R_75,32335.9235,-1,2.6797000000005937,BACKFILL_AUTO
2026-04-15 11:38:04,1776253084,R_75,32331.5384,-1,4.385099999999511,BACKFILL_AUTO
2026-04-15 11:38:06,1776253086,R_75,32347.1204,1,15.581999999998516,BACKFILL_AUTO
2026-04-15 11:38:08,1776253088,R_75,32338.1349,-1,8.985499999998865,BACKFILL_AUTO
2026-04-15 11:38:10,1776253090,R_75,32330.0726,-1,8.062300000001414,BACKFILL_AUTO
2026-04-15 11:38:12,1776253092,R_75,32335.1107,1,5.038100000001577,BACKFILL_AUTO
2026-04-15 11:38:14,1776253094,R_75,32339.7941,1,4.683399999998073,BACKFILL_AUTO
2026-04-15 11:38:16,1776253096,R_75,32342.0257,1,2.231599999999162,BACKFILL_AUTO
2026-04-15 11:38:18,1776253098,R_75,32346.5879,1,4.562200000000303,BACKFILL_AUTO
2026-04-15 11:38:20,1776253100,R_75,32343.6433,-1,2.9445999999989,BACKFILL_AUTO
2026-04-15 11:38:22,1776253102,R_75,32338.1189,-1,5.524399999998423,BACKFILL_AUTO
2026-04-15 11:38:24,1776253104,R_75,32346.6888,1,8.569899999998597,BACKFILL_AUTO
2026-04-15 11:38:26,1776253106,R_75,32352.5195,1,5.830699999998615,BACKFILL_AUTO
2026-04-15 11:38:28,1776253108,R_75,32349.5385,-1,2.980999999999767,BACKFILL_AUTO
2026-04-15 11:38:30,1776253110,R_75,32349.0609,-1,0.4775999999983469,BACKFILL_AUTO
2026-04-15 11:38:32,1776253112,R_75,32361.555,1,12.49409999999989,BACKFILL_AUTO
2026-04-15 11:38:34,1776253114,R_75,32350.2614,-1,11.293600000000879,BACKFILL_AUTO
2026-04-15 11:38:36,1776253116,R_75,32360.0088,1,9.747400000000198,BACKFILL_AUTO
2026-04-15 11:38:38,1776253118,R_75,32363.7216,1,3.7128000000011525,BACKFILL_AUTO
2026-04-15 11:38:40,1776253120,R_75,32374.3392,1,10.617599999997765,BACKFILL_AUTO
2026-04-15 11:38:42,1776253122,R_75,32367.3709,-1,6.968299999996816,BACKFILL_AUTO
2026-04-15 11:38:44,1776253124,R_75,32360.3725,-1,6.998400000000402,BACKFILL_AUTO
2026-04-15 11:38:46,1776253126,R_75,32361.6199,1,1.247400000000198,BACKFILL_AUTO
2026-04-15 11:38:48,1776253128,R_75,32364.8579,1,3.2379999999975553,BACKFILL_AUTO
2026-04-15 11:38:50,1776253130,R_75,32366.3712,1,1.5133000000023458,BACKFILL_AUTO
2026-04-15 11:38:52,1776253132,R_75,32370.41,1,4.038799999998446,BACKFILL_AUTO
2026-04-15 11:38:54,1776253134,R_75,32367.0261,-1,3.3839000000007218,BACKFILL_AUTO
2026-04-15 11:38:56,1776253136,R_75,32364.0731,-1,2.952999999997701,BACKFILL_AUTO
2026-04-15 11:38:58,1776253138,R_75,32375.4053,1,11.332199999997101,BACKFILL_AUTO
2026-04-15 11:39:00,1776253140,R_75,32375.1193,-1,0.2860000000000582,BACKFILL_AUTO
2026-04-15 11:39:02,1776253142,R_75,32370.7131,-1,4.406199999997625,BACKFILL_AUTO
2026-04-15 11:39:04,1776253144,R_75,32371.2364,1,0.5233000000007451,BACKFILL_AUTO
2026-04-15 11:39:06,1776253146,R_75,32377.5983,1,6.361899999999878,BACKFILL_AUTO
2026-04-15 11:39:08,1776253148,R_75,32373.8085,-1,3.7898000000022876,BACKFILL_AUTO
2026-04-15 11:39:10,1776253150,R_75,32365.616,-1,8.19249999999738,BACKFILL_AUTO
2026-04-15 11:39:12,1776253152,R_75,32371.913,1,6.296999999998661,BACKFILL_AUTO
2026-04-15 11:39:14,1776253154,R_75,32384.1739,1,12.26090000000113,BACKFILL_AUTO
2026-04-15 11:39:16,1776253156,R_75,32388.9308,1,4.756899999996676,BACKFILL_AUTO
2026-04-15 11:39:18,1776253158,R_75,32387.8249,-1,1.1058999999986554,BACKFILL_AUTO
2026-04-15 11:39:20,1776253160,R_75,32386.063,-1,1.761900000001333,BACKFILL_AUTO
2026-04-15 11:39:22,1776253162,R_75,32387.1417,1,1.0787000000018452,BACKFILL_AUTO
2026-04-15 11:39:24,1776253164,R_75,32401.1748,1,14.033100000000559,BACKFILL_AUTO
2026-04-15 11:39:26,1776253166,R_75,32411.9718,1,10.796999999998661,BACKFILL_AUTO
2026-04-15 11:39:28,1776253168,R_75,32410.4582,-1,1.513599999998405,BACKFILL_AUTO
2026-04-15 11:39:30,1776253170,R_75,32412.1258,1,1.6676000000006752,BACKFILL_AUTO
2026-04-15 11:39:32,1776253172,R_75,32410.1034,-1,2.022400000001653,BACKFILL_AUTO
2026-04-15 11:39:34,1776253174,R_75,32398.6317,-1,11.471699999998236,BACKFILL_AUTO
2026-04-15 11:39:36,1776253176,R_75,32400.1243,1,1.4925999999977648,BACKFILL_AUTO
2026-04-15 11:39:38,1776253178,R_75,32396.5827,-1,3.5416000000004715,BACKFILL_AUTO
2026-04-15 11:39:40,1776253180,R_75,32401.4812,1,4.898499999999331,BACKFILL_AUTO
2026-04-15 11:39:42,1776253182,R_75,32398.1751,-1,3.3060999999979686,BACKFILL_AUTO
2026-04-15 11:39:44,1776253184,R_75,32396.9124,-1,1.2626999999993131,BACKFILL_AUTO
2026-04-15 11:39:46,1776253186,R_75,32401.1453,1,4.232899999999063,BACKFILL_AUTO
2026-04-15 11:39:48,1776253188,R_75,32401.4154,1,0.2701000000015483,BACKFILL_AUTO
2026-04-15 11:39:50,1776253190,R_75,32397.6549,-1,3.76050000000032,BACKFILL_AUTO
2026-04-15 11:39:52,1776253192,R_75,32408.0331,1,10.378199999999197,BACKFILL_AUTO
2026-04-15 11:39:54,1776253194,R_75,32408.696,1,0.6628999999993539,BACKFILL_AUTO
2026-04-15 11:39:56,1776253196,R_75,32414.6443,1,5.9483000000000175,BACKFILL_AUTO
2026-04-15 11:39:58,1776253198,R_75,32417.2846,1,2.6402999999991152,BACKFILL_AUTO
2026-04-15 11:40:00,1776253200,R_75,32418.6673,1,1.3827000000019325,BACKFILL_AUTO
2026-04-15 11:40:02,1776253202,R_75,32421.0243,1,2.356999999999971,BACKFILL_AUTO
2026-04-15 11:40:04,1776253204,R_75,32419.3326,-1,1.6916999999994005,BACKFILL_AUTO
2026-04-15 11:40:06,1776253206,R_75,32414.7537,-1,4.578900000000431,BACKFILL_AUTO
2026-04-15 11:40:08,1776253208,R_75,32416.2268,1,1.4730999999992491,BACKFILL_AUTO
2026-04-15 11:40:10,1776253210,R_75,32428.0044,1,11.777600000001257,BACKFILL_AUTO
2026-04-15 11:40:12,1776253212,R_75,32430.749,1,2.7445999999981723,BACKFILL_AUTO
2026-04-15 11:40:14,1776253214,R_75,32429.6391,-1,1.1098999999994703,BACKFILL_AUTO
2026-04-15 11:40:16,1776253216,R_75,32426.873,-1,2.7661000000007334,BACKFILL_AUTO
2026-04-15 11:40:18,1776253218,R_75,32430.3813,1,3.508300000001327,BACKFILL_AUTO
2026-04-15 11:40:20,1776253220,R_75,32427.5024,-1,2.878899999999703,BACKFILL_AUTO
2026-04-15 11:40:22,1776253222,R_75,32415.489,-1,12.01339999999982,BACKFILL_AUTO
2026-04-15 11:40:24,1776253224,R_75,32407.7387,-1,7.750299999999697,BACKFILL_AUTO
2026-04-15 11:40:26,1776253226,R_75,32403.7881,-1,3.9506000000001222,BACKFILL_AUTO
2026-04-15 11:40:28,1776253228,R_75,32411.8142,1,8.026099999999133,BACKFILL_AUTO
2026-04-15 11:40:30,1776253230,R_75,32401.0503,-1,10.76390000000174,BACKFILL_AUTO
2026-04-15 11:40:32,1776253232,R_75,32402.3547,1,1.3044000000008964,BACKFILL_AUTO
2026-04-15 11:40:34,1776253234,R_75,32410.4832,1,8.128499999998894,BACKFILL_AUTO
2026-04-15 11:40:36,1776253236,R_75,32413.3767,1,2.89350000000195,BACKFILL_AUTO
2026-04-15 11:40:38,1776253238,R_75,32418.6473,1,5.270599999999831,BACKFILL_AUTO
2026-04-15 11:40:40,1776253240,R_75,32420.3422,1,1.6948999999985972,BACKFILL_AUTO
2026-04-15 11:40:42,1776253242,R_75,32419.6327,-1,0.709500000000844,BACKFILL_AUTO
2026-04-15 11:40:44,1776253244,R_75,32423.8147,1,4.1820000000006985,BACKFILL_AUTO
2026-04-15 11:40:46,1776253246,R_75,32419.4915,-1,4.323199999998906,BACKFILL_AUTO
2026-04-15 11:40:48,1776253248,R_75,32428.52,1,9.02850000000035,BACKFILL_AUTO
2026-04-15 11:40:50,1776253250,R_75,32424.4895,-1,4.030500000000757,BACKFILL_AUTO
2026-04-15 11:40:52,1776253252,R_75,32423.4271,-1,1.0623999999988882,BACKFILL_AUTO
2026-04-15 11:40:54,1776253254,R_75,32423.8441,1,0.4169999999976426,BACKFILL_AUTO
2026-04-15 11:40:56,1776253256,R_75,32425.8228,1,1.9787000000033004,BACKFILL_AUTO
2026-04-15 11:40:58,1776253258,R_75,32429.2679,1,3.4450999999971827,BACKFILL_AUTO
2026-04-15 11:41:00,1776253260,R_75,32427.2746,-1,1.9932999999982712,BACKFILL_AUTO
2026-04-15 11:41:02,1776253262,R_75,32427.4427,1,0.16809999999895808,BACKFILL_AUTO
2026-04-15 11:41:04,1776253264,R_75,32435.2711,1,7.828400000002148,BACKFILL_AUTO
2026-04-15 11:41:06,1776253266,R_75,32442.39,1,7.118899999997666,BACKFILL_AUTO
2026-04-15 11:41:08,1776253268,R_75,32446.4197,1,4.0296999999991385,BACKFILL_AUTO
2026-04-15 11:41:10,1776253270,R_75,32450.0029,1,3.583200000000943,BACKFILL_AUTO
2026-04-15 11:41:12,1776253272,R_75,32450.1265,1,0.12359999999898719,BACKFILL_AUTO
2026-04-15 11:41:14,1776253274,R_75,32440.7856,-1,9.340899999999237,BACKFILL_AUTO
2026-04-15 11:41:16,1776253276,R_75,32444.1509,1,3.365300000001298,BACKFILL_AUTO
2026-04-15 11:41:18,1776253278,R_75,32448.1947,1,4.0437999999994645,BACKFILL_AUTO
2026-04-15 11:41:20,1776253280,R_75,32453.4623,1,5.26759999999922,BACKFILL_AUTO
2026-04-15 11:41:22,1776253282,R_75,32454.8469,1,1.3846000000012282,BACKFILL_AUTO
2026-04-15 11:41:24,1776253284,R_75,32457.3392,1,2.4922999999980675,BACKFILL_AUTO
2026-04-15 11:41:26,1776253286,R_75,32464.7262,1,7.387000000002445,BACKFILL_AUTO
2026-04-15 11:41:28,1776253288,R_75,32464.2087,-1,0.5175000000017462,BACKFILL_AUTO
2026-04-15 11:41:30,1776253290,R_75,32464.2115,1,0.0028000000020256266,BACKFILL_AUTO
2026-04-15 11:41:32,1776253292,R_75,32460.2219,-1,3.9896000000007916,BACKFILL_AUTO
2026-04-15 11:41:34,1776253294,R_75,32452.8282,-1,7.3937000000005355,BACKFILL_AUTO
2026-04-15 11:41:36,1776253296,R_75,32456.9672,1,4.138999999999214,BACKFILL_AUTO
2026-04-15 11:41:38,1776253298,R_75,32468.3795,1,11.41229999999996,BACKFILL_AUTO
2026-04-15 11:41:40,1776253300,R_75,32462.3514,-1,6.02809999999954,BACKFILL_AUTO
2026-04-15 11:41:42,1776253302,R_75,32461.2063,-1,1.1450999999979103,BACKFILL_AUTO
2026-04-15 11:41:44,1776253304,R_75,32457.1191,-1,4.087200000001758,BACKFILL_AUTO
2026-04-15 11:41:46,1776253306,R_75,32452.288,-1,4.831099999999424,BACKFILL_AUTO
2026-04-15 11:41:48,1776253308,R_75,32449.3965,-1,2.8915000000015425,BACKFILL_AUTO
2026-04-15 11:41:50,1776253310,R_75,32453.8571,1,4.4606000000021595,BACKFILL_AUTO
2026-04-15 11:41:52,1776253312,R_75,32454.5304,1,0.6732999999985623,BACKFILL_AUTO
2026-04-15 11:41:54,1776253314,R_75,32456.3397,1,1.8093000000008033,BACKFILL_AUTO
2026-04-15 11:41:56,1776253316,R_75,32454.1831,-1,2.156600000002072,BACKFILL_AUTO
2026-04-15 11:41:58,1776253318,R_75,32457.4915,1,3.3084000000017113,BACKFILL_AUTO
2026-04-15 11:42:00,1776253320,R_75,32463.4904,1,5.9988999999986845,BACKFILL_AUTO
2026-04-15 11:42:02,1776253322,R_75,32471.3857,1,7.895300000000134,BACKFILL_AUTO
2026-04-15 11:42:04,1776253324,R_75,32475.739,1,4.353300000002491,BACKFILL_AUTO
2026-04-15 11:42:06,1776253326,R_75,32479.4434,1,3.7043999999987136,BACKFILL_AUTO
2026-04-15 11:42:08,1776253328,R_75,32491.4644,1,12.02100000000064,BACKFILL_AUTO
2026-04-15 11:42:10,1776253330,R_75,32500.9041,1,9.439699999998993,BACKFILL_AUTO
2026-04-15 11:42:12,1776253332,R_75,32504.6287,1,3.7246000000013737,BACKFILL_AUTO
2026-04-15 11:42:14,1776253334,R_75,32506.7632,1,2.1345000000001164,BACKFILL_AUTO
2026-04-15 11:42:16,1776253336,R_75,32514.8658,1,8.102599999998347,BACKFILL_AUTO
2026-04-15 11:42:18,1776253338,R_75,32520.9704,1,6.104599999998754,BACKFILL_AUTO
2026-04-15 11:42:20,1776253340,R_75,32525.14,1,4.169600000001083,BACKFILL_AUTO
2026-04-15 11:42:22,1776253342,R_75,32515.9102,-1,9.229800000000978,BACKFILL_AUTO
2026-04-15 11:42:24,1776253344,R_75,32515.7151,-1,0.19509999999718275,BACKFILL_AUTO
2026-04-15 11:42:26,1776253346,R_75,32512.4098,-1,3.3052999999999884,BACKFILL_AUTO
2026-04-15 11:42:28,1776253348,R_75,32515.1529,1,2.7430999999996857,BACKFILL_AUTO
2026-04-15 11:42:30,1776253350,R_75,32517.5236,1,2.3706999999994878,BACKFILL_AUTO
2026-04-15 11:42:32,1776253352,R_75,32518.6485,1,1.1248999999988882,BACKFILL_AUTO
2026-04-15 11:42:34,1776253354,R_75,32520.2195,1,1.5709999999999127,BACKFILL_AUTO
2026-04-15 11:42:36,1776253356,R_75,32520.4732,1,0.2537000000011176,BACKFILL_AUTO
2026-04-15 11:42:38,1776253358,R_75,32514.8648,-1,5.608400000000984,BACKFILL_AUTO
2026-04-15 11:42:40,1776253360,R_75,32533.2679,1,18.40309999999954,BACKFILL_AUTO
2026-04-15 11:42:42,1776253362,R_75,32531.2978,-1,1.970099999998638,BACKFILL_AUTO
2026-04-15 11:42:44,1776253364,R_75,32527.2299,-1,4.067900000001828,BACKFILL_AUTO
2026-04-15 11:42:46,1776253366,R_75,32523.4987,-1,3.7311999999983527,BACKFILL_AUTO
2026-04-15 11:42:48,1776253368,R_75,32525.4534,1,1.954699999998411,BACKFILL_AUTO
2026-04-15 11:42:50,1776253370,R_75,32525.5392,1,0.08580000000074506,BACKFILL_AUTO
2026-04-15 11:42:52,1776253372,R_75,32527.3135,1,1.7743000000009488,BACKFILL_AUTO
2026-04-15 11:42:54,1776253374,R_75,32525.1641,-1,2.1493999999984226,BACKFILL_AUTO
2026-04-15 11:42:56,1776253376,R_75,32534.5874,1,9.423299999998562,BACKFILL_AUTO
2026-04-15 11:42:58,1776253378,R_75,32533.2367,-1,1.3506999999990512,BACKFILL_AUTO
2026-04-15 11:43:00,1776253380,R_75,32532.2328,-1,1.0038999999997031,BACKFILL_AUTO
2026-04-15 11:43:02,1776253382,R_75,32528.8613,-1,3.371500000001106,BACKFILL_AUTO
2026-04-15 11:43:04,1776253384,R_75,32528.3107,-1,0.550599999998667,BACKFILL_AUTO
2026-04-15 11:43:06,1776253386,R_75,32522.7648,-1,5.545900000000984,BACKFILL_AUTO
2026-04-15 11:43:08,1776253388,R_75,32522.294,-1,0.47079999999914435,BACKFILL_AUTO
2026-04-15 11:43:10,1776253390,R_75,32521.3201,-1,0.9739000000008673,BACKFILL_AUTO
2026-04-15 11:43:12,1776253392,R_75,32515.1208,-1,6.199300000000221,BACKFILL_AUTO
2026-04-15 11:43:14,1776253394,R_75,32515.335,1,0.21419999999852735,BACKFILL_AUTO
2026-04-15 11:43:16,1776253396,R_75,32514.1242,-1,1.210800000000745,BACKFILL_AUTO
2026-04-15 11:43:18,1776253398,R_75,32517.7412,1,3.617000000002008,BACKFILL_AUTO
2026-04-15 11:43:20,1776253400,R_75,32521.8018,1,4.060600000000704,BACKFILL_AUTO
2026-04-15 11:43:22,1776253402,R_75,32532.3786,1,10.576799999998912,BACKFILL_AUTO
2026-04-15 11:43:24,1776253404,R_75,32540.393,1,8.014400000000023,BACKFILL_AUTO
2026-04-15 11:43:26,1776253406,R_75,32543.3217,1,2.92870000000039,BACKFILL_AUTO
2026-04-15 11:43:28,1776253408,R_75,32546.2962,1,2.974500000000262,BACKFILL_AUTO
2026-04-15 11:43:30,1776253410,R_75,32535.2802,-1,11.015999999999622,BACKFILL_AUTO
2026-04-15 11:43:32,1776253412,R_75,32523.9752,-1,11.305000000000291,BACKFILL_AUTO
2026-04-15 11:43:34,1776253414,R_75,32520.5929,-1,3.3823000000011234,BACKFILL_AUTO
2026-04-15 11:43:36,1776253416,R_75,32518.0796,-1,2.513299999998708,BACKFILL_AUTO
2026-04-15 11:43:38,1776253418,R_75,32519.15,1,1.070400000000518,BACKFILL_AUTO
2026-04-15 11:43:40,1776253420,R_75,32512.3415,-1,6.808500000002823,BACKFILL_AUTO
2026-04-15 11:43:42,1776253422,R_75,32510.0175,-1,2.323999999996886,BACKFILL_AUTO
2026-04-15 11:43:44,1776253424,R_75,32506.0028,-1,4.014700000003359,BACKFILL_AUTO
2026-04-15 11:43:46,1776253426,R_75,32530.5799,1,24.577100000002247,BACKFILL_AUTO
2026-04-15 11:43:48,1776253428,R_75,32529.1401,-1,1.4398000000001048,BACKFILL_AUTO
2026-04-15 11:43:50,1776253430,R_75,32532.6206,1,3.4804999999978463,BACKFILL_AUTO
2026-04-15 11:43:52,1776253432,R_75,32544.8743,1,12.253700000001118,BACKFILL_AUTO
2026-04-15 11:43:54,1776253434,R_75,32548.4477,1,3.5734000000011292,BACKFILL_AUTO
2026-04-15 11:43:56,1776253436,R_75,32549.7489,1,1.3011999999980617,BACKFILL_AUTO
2026-04-15 11:43:58,1776253438,R_75,32546.1193,-1,3.6296000000002095,BACKFILL_AUTO
2026-04-15 11:44:00,1776253440,R_75,32545.4866,-1,0.6326999999982945,BACKFILL_AUTO
2026-04-15 11:44:02,1776253442,R_75,32539.5827,-1,5.903900000001158,BACKFILL_AUTO
2026-04-15 11:44:04,1776253444,R_75,32530.3778,-1,9.204900000000634,BACKFILL_AUTO
2026-04-15 11:44:06,1776253446,R_75,32525.8767,-1,4.5010999999976775,BACKFILL_AUTO
2026-04-15 11:44:08,1776253448,R_75,32520.9584,-1,4.918300000001182,BACKFILL_AUTO
2026-04-15 11:44:10,1776253450,R_75,32504.5723,-1,16.386099999999715,BACKFILL_AUTO
2026-04-15 11:44:12,1776253452,R_75,32514.709,1,10.13669999999911,BACKFILL_AUTO
2026-04-15 11:44:14,1776253454,R_75,32513.5232,-1,1.1857999999992899,BACKFILL_AUTO
2026-04-15 11:44:16,1776253456,R_75,32509.6534,-1,3.869800000000396,BACKFILL_AUTO
2026-04-15 11:44:18,1776253458,R_75,32511.1199,1,1.46650000000227,BACKFILL_AUTO
2026-04-15 11:44:20,1776253460,R_75,32517.8428,1,6.722899999997026,BACKFILL_AUTO
2026-04-15 11:44:22,1776253462,R_75,32514.1309,-1,3.7118999999984226,BACKFILL_AUTO
2026-04-15 11:44:24,1776253464,R_75,32516.9637,1,2.832800000000134,BACKFILL_AUTO
2026-04-15 11:44:26,1776253466,R_75,32518.0904,1,1.1267000000007101,BACKFILL_AUTO
2026-04-15 11:44:28,1776253468,R_75,32517.9969,-1,0.09350000000267755,BACKFILL_AUTO
2026-04-15 11:44:30,1776253470,R_75,32521.8465,1,3.8496000000013737,BACKFILL_AUTO
2026-04-15 11:44:32,1776253472,R_75,32523.6793,1,1.8328000000001339,BACKFILL_AUTO
2026-04-15 11:44:34,1776253474,R_75,32524.4668,1,0.7874999999985448,BACKFILL_AUTO
2026-04-15 11:44:36,1776253476,R_75,32528.3187,1,3.8519000000014785,BACKFILL_AUTO
2026-04-15 11:44:38,1776253478,R_75,32528.4233,1,0.10459999999875436,BACKFILL_AUTO
2026-04-15 11:44:40,1776253480,R_75,32531.6664,1,3.2430999999996857,BACKFILL_AUTO
2026-04-15 11:44:42,1776253482,R_75,32540.4073,1,8.740900000000693,BACKFILL_AUTO
2026-04-15 11:44:44,1776253484,R_75,32550.6785,1,10.271200000002864,BACKFILL_AUTO
2026-04-15 11:44:46,1776253486,R_75,32553.8166,1,3.1380999999964843,BACKFILL_AUTO
2026-04-15 11:44:48,1776253488,R_75,32558.5459,1,4.729300000002695,BACKFILL_AUTO
2026-04-15 11:44:50,1776253490,R_75,32558.4543,-1,0.09159999999974389,BACKFILL_AUTO
2026-04-15 11:44:52,1776253492,R_75,32568.8214,1,10.367099999999482,BACKFILL_AUTO
2026-04-15 11:44:54,1776253494,R_75,32569.1613,1,0.33989999999903375,BACKFILL_AUTO
2026-04-15 11:44:56,1776253496,R_75,32566.2514,-1,2.9098999999987427,BACKFILL_AUTO
2026-04-15 11:44:58,1776253498,R_75,32577.913,1,11.661599999999453,BACKFILL_AUTO
2026-04-15 11:45:00,1776253500,R_75,32572.4557,-1,5.457300000001851,BACKFILL_AUTO
2026-04-15 11:45:02,1776253502,R_75,32585.3258,1,12.870100000000093,BACKFILL_AUTO
2026-04-15 11:45:04,1776253504,R_75,32579.9629,-1,5.3629000000000815,BACKFILL_AUTO
2026-04-15 11:45:06,1776253506,R_75,32566.2063,-1,13.756599999996979,BACKFILL_AUTO
2026-04-15 11:45:08,1776253508,R_75,32557.7534,-1,8.452900000000227,BACKFILL_AUTO
2026-04-15 11:45:10,1776253510,R_75,32558.5625,1,0.8090999999985797,BACKFILL_AUTO
2026-04-15 11:45:12,1776253512,R_75,32565.1579,1,6.595399999998335,BACKFILL_AUTO
2026-04-15 11:45:14,1776253514,R_75,32574.744,1,9.586100000000442,BACKFILL_AUTO
2026-04-15 11:45:16,1776253516,R_75,32576.7723,1,2.0283000000017637,BACKFILL_AUTO
2026-04-15 11:45:18,1776253518,R_75,32575.719,-1,1.053299999999581,BACKFILL_AUTO
2026-04-15 11:45:20,1776253520,R_75,32567.3077,-1,8.411299999999756,BACKFILL_AUTO
2026-04-15 11:45:22,1776253522,R_75,32577.9064,1,10.598699999998644,BACKFILL_AUTO
2026-04-15 11:45:24,1776253524,R_75,32580.6724,1,2.7659999999996217,BACKFILL_AUTO
2026-04-15 11:45:26,1776253526,R_75,32575.937,-1,4.735399999997753,BACKFILL_AUTO
2026-04-15 11:45:28,1776253528,R_75,32566.7219,-1,9.215100000001257,BACKFILL_AUTO
2026-04-15 11:45:30,1776253530,R_75,32563.1017,-1,3.620200000001205,BACKFILL_AUTO
2026-04-15 11:45:32,1776253532,R_75,32566.2543,1,3.1526000000012573,BACKFILL_AUTO
2026-04-15 11:45:34,1776253534,R_75,32568.2912,1,2.03689999999915,BACKFILL_AUTO
2026-04-15 11:45:36,1776253536,R_75,32571.1854,1,2.8941999999988184,BACKFILL_AUTO
2026-04-15 11:45:38,1776253538,R_75,32568.1515,-1,3.033899999998539,BACKFILL_AUTO
2026-04-15 11:45:40,1776253540,R_75,32563.6956,-1,4.455900000000838,BACKFILL_AUTO
2026-04-15 11:45:42,1776253542,R_75,32567.627,1,3.931400000001304,BACKFILL_AUTO
2026-04-15 11:45:44,1776253544,R_75,32555.969,-1,11.657999999999447,BACKFILL_AUTO
2026-04-15 11:45:46,1776253546,R_75,32556.0652,1,0.09619999999995343,BACKFILL_AUTO
2026-04-15 11:45:48,1776253548,R_75,32551.6183,-1,4.446900000002643,BACKFILL_AUTO
2026-04-15 11:45:50,1776253550,R_75,32541.6307,-1,9.987599999996746,BACKFILL_AUTO
2026-04-15 11:45:52,1776253552,R_75,32540.5971,-1,1.0336000000024796,BACKFILL_AUTO
2026-04-15 11:45:54,1776253554,R_75,32539.4366,-1,1.1604999999981374,BACKFILL_AUTO
2026-04-15 11:45:56,1776253556,R_75,32529.1523,-1,10.284299999999348,BACKFILL_AUTO
2026-04-15 11:45:58,1776253558,R_75,32532.0199,1,2.867599999997765,BACKFILL_AUTO
2026-04-15 11:46:00,1776253560,R_75,32529.2292,-1,2.7906999999977415,BACKFILL_AUTO
2026-04-15 11:46:02,1776253562,R_75,32532.985,1,3.755799999998999,BACKFILL_AUTO
2026-04-15 11:46:04,1776253564,R_75,32529.7205,-1,3.264500000001135,BACKFILL_AUTO
2026-04-15 11:46:06,1776253566,R_75,32517.6722,-1,12.048299999998562,BACKFILL_AUTO
2026-04-15 11:46:08,1776253568,R_75,32525.8627,1,8.190500000000611,BACKFILL_AUTO
2026-04-15 11:46:10,1776253570,R_75,32530.0747,1,4.211999999999534,BACKFILL_AUTO
2026-04-15 11:46:12,1776253572,R_75,32523.5452,-1,6.529500000000553,BACKFILL_AUTO
2026-04-15 11:46:14,1776253574,R_75,32526.9325,1,3.387299999998504,BACKFILL_AUTO
2026-04-15 11:46:16,1776253576,R_75,32530.6356,1,3.7031000000024505,BACKFILL_AUTO
2026-04-15 11:46:18,1776253578,R_75,32523.0468,-1,7.588800000001356,BACKFILL_AUTO
2026-04-15 11:46:20,1776253580,R_75,32528.3854,1,5.338599999999133,BACKFILL_AUTO
2026-04-15 11:46:22,1776253582,R_75,32518.6349,-1,9.750499999998283,BACKFILL_AUTO
2026-04-15 11:46:24,1776253584,R_75,32517.9051,-1,0.7298000000009779,BACKFILL_AUTO
2026-04-15 11:46:26,1776253586,R_75,32525.6004,1,7.695299999999406,BACKFILL_AUTO
2026-04-15 11:46:28,1776253588,R_75,32520.0337,-1,5.5666999999994005,BACKFILL_AUTO
2026-04-15 11:46:30,1776253590,R_75,32517.0752,-1,2.9585000000006403,BACKFILL_AUTO
2026-04-15 11:46:32,1776253592,R_75,32516.5826,-1,0.4925999999977648,BACKFILL_AUTO
2026-04-15 11:46:34,1776253594,R_75,32521.7453,1,5.16269999999713,BACKFILL_AUTO
2026-04-15 11:46:36,1776253596,R_75,32528.8171,1,7.071800000001531,BACKFILL_AUTO
2026-04-15 11:46:38,1776253598,R_75,32534.0162,1,5.199099999997998,BACKFILL_AUTO
2026-04-15 11:46:40,1776253600,R_75,32522.3243,-1,11.691899999997986,BACKFILL_AUTO
2026-04-15 11:46:42,1776253602,R_75,32530.9851,1,8.660800000001473,BACKFILL_AUTO
2026-04-15 11:46:44,1776253604,R_75,32533.742,1,2.7568999999966763,BACKFILL_AUTO
2026-04-15 11:46:46,1776253606,R_75,32538.607,1,4.865000000001601,BACKFILL_AUTO
2026-04-15 11:46:48,1776253608,R_75,32541.5366,1,2.929599999999482,BACKFILL_AUTO
2026-04-15 11:46:50,1776253610,R_75,32537.7344,-1,3.8021999999982654,BACKFILL_AUTO
2026-04-15 11:46:52,1776253612,R_75,32537.9695,1,0.23509999999805586,BACKFILL_AUTO
2026-04-15 11:46:54,1776253614,R_75,32546.5778,1,8.608299999999872,BACKFILL_AUTO
2026-04-15 11:46:56,1776253616,R_75,32545.4491,-1,1.1286999999974796,BACKFILL_AUTO
2026-04-15 11:46:58,1776253618,R_75,32561.2695,1,15.82039999999688,BACKFILL_AUTO
2026-04-15 11:47:00,1776253620,R_75,32550.6583,-1,10.611199999999371,BACKFILL_AUTO
2026-04-15 11:47:02,1776253622,R_75,32546.294,-1,4.364299999997456,BACKFILL_AUTO
2026-04-15 11:47:04,1776253624,R_75,32544.4917,-1,1.8023000000030152,BACKFILL_AUTO
2026-04-15 11:47:06,1776253626,R_75,32542.8885,-1,1.6031999999977415,BACKFILL_AUTO
2026-04-15 11:47:08,1776253628,R_75,32536.4965,-1,6.391999999999825,BACKFILL_AUTO
2026-04-15 11:47:10,1776253630,R_75,32536.069,-1,0.4275000000016007,BACKFILL_AUTO
2026-04-15 11:47:12,1776253632,R_75,32528.0881,-1,7.980899999998655,BACKFILL_AUTO
2026-04-15 11:47:14,1776253634,R_75,32519.5642,-1,8.52390000000014,BACKFILL_AUTO
2026-04-15 11:47:16,1776253636,R_75,32519.0598,-1,0.504400000001624,BACKFILL_AUTO
2026-04-15 11:47:18,1776253638,R_75,32520.6229,1,1.5630999999993946,BACKFILL_AUTO
2026-04-15 11:47:20,1776253640,R_75,32523.2564,1,2.6334999999999127,BACKFILL_AUTO
2026-04-15 11:47:22,1776253642,R_75,32523.7434,1,0.48700000000098953,BACKFILL_AUTO
2026-04-15 11:47:24,1776253644,R_75,32518.9917,-1,4.75170000000071,BACKFILL_AUTO
2026-04-15 11:47:26,1776253646,R_75,32516.2252,-1,2.7664999999979045,BACKFILL_AUTO
2026-04-15 11:47:28,1776253648,R_75,32510.788,-1,5.437200000000303,BACKFILL_AUTO
2026-04-15 11:47:30,1776253650,R_75,32502.2235,-1,8.564500000000407,BACKFILL_AUTO
2026-04-15 11:47:32,1776253652,R_75,32509.5705,1,7.347000000001572,BACKFILL_AUTO
2026-04-15 11:47:34,1776253654,R_75,32509.5921,1,0.021600000000034925,BACKFILL_AUTO
2026-04-15 11:47:36,1776253656,R_75,32507.9473,-1,1.644800000001851,BACKFILL_AUTO
2026-04-15 11:47:38,1776253658,R_75,32512.1419,1,4.1945999999989,BACKFILL_AUTO
2026-04-15 11:47:40,1776253660,R_75,32505.8472,-1,6.2946999999985565,BACKFILL_AUTO
2026-04-15 11:47:42,1776253662,R_75,32501.8729,-1,3.9743000000016764,BACKFILL_AUTO
2026-04-15 11:47:44,1776253664,R_75,32511.4845,1,9.61160000000018,BACKFILL_AUTO
2026-04-15 11:47:46,1776253666,R_75,32506.2706,-1,5.21389999999883,BACKFILL_AUTO
2026-04-15 11:47:48,1776253668,R_75,32511.4494,1,5.178800000001502,BACKFILL_AUTO
2026-04-15 11:47:50,1776253670,R_75,32509.7846,-1,1.6648000000022876,BACKFILL_AUTO
2026-04-15 11:47:52,1776253672,R_75,32511.5927,1,1.808100000002014,BACKFILL_AUTO
2026-04-15 11:47:54,1776253674,R_75,32513.988,1,2.395300000000134,BACKFILL_AUTO
2026-04-15 11:47:56,1776253676,R_75,32505.2105,-1,8.777500000000146,BACKFILL_AUTO
2026-04-15 11:47:58,1776253678,R_75,32493.3813,-1,11.829200000000128,BACKFILL_AUTO
2026-04-15 11:48:00,1776253680,R_75,32497.8944,1,4.513100000000122,BACKFILL_AUTO
2026-04-15 11:48:02,1776253682,R_75,32487.4376,-1,10.45679999999993,BACKFILL_AUTO
2026-04-15 11:48:04,1776253684,R_75,32502.6334,1,15.19579999999769,BACKFILL_AUTO
2026-04-15 11:48:06,1776253686,R_75,32494.3135,-1,8.319899999998597,BACKFILL_AUTO
2026-04-15 11:48:08,1776253688,R_75,32506.4104,1,12.09690000000046,BACKFILL_AUTO
2026-04-15 11:48:10,1776253690,R_75,32505.0665,-1,1.3438999999998487,BACKFILL_AUTO
2026-04-15 11:48:12,1776253692,R_75,32495.3604,-1,9.706099999999424,BACKFILL_AUTO
2026-04-15 11:48:14,1776253694,R_75,32495.2086,-1,0.1517999999996391,BACKFILL_AUTO
2026-04-15 11:48:16,1776253696,R_75,32485.4799,-1,9.7287000000033,BACKFILL_AUTO
2026-04-15 11:48:18,1776253698,R_75,32488.924,1,3.444100000000617,BACKFILL_AUTO
2026-04-15 11:48:20,1776253700,R_75,32472.4539,-1,16.470099999998638,BACKFILL_AUTO
2026-04-15 11:48:22,1776253702,R_75,32476.3222,1,3.8682999999982712,BACKFILL_AUTO
2026-04-15 11:48:24,1776253704,R_75,32475.5381,-1,0.7840999999971245,BACKFILL_AUTO
2026-04-15 11:48:26,1776253706,R_75,32475.5722,1,0.03409999999712454,BACKFILL_AUTO
2026-04-15 11:48:28,1776253708,R_75,32477.6735,1,2.101300000002084,BACKFILL_AUTO
2026-04-15 11:48:30,1776253710,R_75,32479.5838,1,1.9102999999995518,BACKFILL_AUTO
2026-04-15 11:48:32,1776253712,R_75,32481.8875,1,2.30370000000039,BACKFILL_AUTO
2026-04-15 11:48:34,1776253714,R_75,32473.4149,-1,8.472600000000966,BACKFILL_AUTO
2026-04-15 11:48:36,1776253716,R_75,32461.9372,-1,11.477699999999459,BACKFILL_AUTO
2026-04-15 11:48:38,1776253718,R_75,32460.6489,-1,1.288300000000163,BACKFILL_AUTO
2026-04-15 11:48:40,1776253720,R_75,32468.7105,1,8.061600000000908,BACKFILL_AUTO
2026-04-15 11:48:42,1776253722,R_75,32461.27,-1,7.440500000000611,BACKFILL_AUTO
2026-04-15 11:48:44,1776253724,R_75,32453.1166,-1,8.153399999999237,BACKFILL_AUTO
2026-04-15 11:48:46,1776253726,R_75,32464.8925,1,11.775900000000547,BACKFILL_AUTO
2026-04-15 11:48:48,1776253728,R_75,32460.9462,-1,3.946300000003248,BACKFILL_AUTO
2026-04-15 11:48:50,1776253730,R_75,32465.2057,1,4.259500000000116,BACKFILL_AUTO
2026-04-15 11:48:52,1776253732,R_75,32463.988,-1,1.2176999999974214,BACKFILL_AUTO
2026-04-15 11:48:54,1776253734,R_75,32475.7212,1,11.73319999999876,BACKFILL_AUTO
2026-04-15 11:48:56,1776253736,R_75,32475.1641,-1,0.5570999999981723,BACKFILL_AUTO
2026-04-15 11:48:58,1776253738,R_75,32473.0001,-1,2.1640000000006694,BACKFILL_AUTO
2026-04-15 11:49:00,1776253740,R_75,32467.6666,-1,5.33350000000064,BACKFILL_AUTO
2026-04-15 11:49:02,1776253742,R_75,32461.6648,-1,6.001800000001822,BACKFILL_AUTO
2026-04-15 11:49:04,1776253744,R_75,32458.8649,-1,2.7998999999981606,BACKFILL_AUTO
2026-04-15 11:49:06,1776253746,R_75,32466.3498,1,7.48489999999947,BACKFILL_AUTO
2026-04-15 11:49:08,1776253748,R_75,32453.6578,-1,12.691999999999098,BACKFILL_AUTO
2026-04-15 11:49:10,1776253750,R_75,32457.3065,1,3.648699999997916,BACKFILL_AUTO
2026-04-15 11:49:12,1776253752,R_75,32454.9342,-1,2.372299999999086,BACKFILL_AUTO
2026-04-15 11:49:14,1776253754,R_75,32457.2866,1,2.3523999999997613,BACKFILL_AUTO
2026-04-15 11:49:16,1776253756,R_75,32462.3171,1,5.030500000000757,BACKFILL_AUTO
2026-04-15 11:49:18,1776253758,R_75,32475.0431,1,12.725999999998749,BACKFILL_AUTO
2026-04-15 11:49:20,1776253760,R_75,32478.6232,1,3.580100000002858,BACKFILL_AUTO
2026-04-15 11:49:22,1776253762,R_75,32475.9523,-1,2.6709000000009837,BACKFILL_AUTO
2026-04-15 11:49:24,1776253764,R_75,32474.6674,-1,1.2849000000023807,BACKFILL_AUTO
2026-04-15 11:49:26,1776253766,R_75,32464.5139,-1,10.153499999996711,BACKFILL_AUTO
2026-04-15 11:49:28,1776253768,R_75,32463.3964,-1,1.117500000000291,BACKFILL_AUTO
2026-04-15 11:49:30,1776253770,R_75,32456.8916,-1,6.504800000002433,BACKFILL_AUTO
2026-04-15 11:49:32,1776253772,R_75,32449.0469,-1,7.844699999997829,BACKFILL_AUTO
2026-04-15 11:49:34,1776253774,R_75,32445.4309,-1,3.6160000000018044,BACKFILL_AUTO
2026-04-15 11:49:36,1776253776,R_75,32437.643,-1,7.787899999999354,BACKFILL_AUTO
2026-04-15 11:49:38,1776253778,R_75,32427.2687,-1,10.374299999999494,BACKFILL_AUTO
2026-04-15 11:49:40,1776253780,R_75,32415.6947,-1,11.574000000000524,BACKFILL_AUTO
2026-04-15 11:49:42,1776253782,R_75,32415.8052,1,0.11049999999886495,BACKFILL_AUTO
2026-04-15 11:49:44,1776253784,R_75,32407.9872,-1,7.8179999999993015,BACKFILL_AUTO
2026-04-15 11:49:46,1776253786,R_75,32406.2041,-1,1.7831000000005588,BACKFILL_AUTO
2026-04-15 11:49:48,1776253788,R_75,32408.5891,1,2.3850000000020373,BACKFILL_AUTO
2026-04-15 11:49:50,1776253790,R_75,32410.9554,1,2.366299999997864,BACKFILL_AUTO
2026-04-15 11:49:52,1776253792,R_75,32412.2048,1,1.2494000000006054,BACKFILL_AUTO
2026-04-15 11:49:54,1776253794,R_75,32406.398,-1,5.806799999998475,BACKFILL_AUTO
2026-04-15 11:49:56,1776253796,R_75,32394.033,-1,12.3650000000016,BACKFILL_AUTO
2026-04-15 11:49:58,1776253798,R_75,32385.2938,-1,8.739199999999983,BACKFILL_AUTO
2026-04-15 11:50:00,1776253800,R_75,32388.0431,1,2.7492999999994936,BACKFILL_AUTO
2026-04-15 11:50:02,1776253802,R_75,32389.4004,1,1.3572999999996682,BACKFILL_AUTO
2026-04-15 11:50:04,1776253804,R_75,32396.6842,1,7.283800000001065,BACKFILL_AUTO
2026-04-15 11:50:06,1776253806,R_75,32385.0615,-1,11.622699999999895,BACKFILL_AUTO
2026-04-15 11:50:08,1776253808,R_75,32373.8758,-1,11.185699999998178,BACKFILL_AUTO
2026-04-15 11:50:10,1776253810,R_75,32370.8173,-1,3.058500000002823,BACKFILL_AUTO
2026-04-15 11:50:12,1776253812,R_75,32371.4507,1,0.6334000000024389,BACKFILL_AUTO
2026-04-15 11:50:14,1776253814,R_75,32362.0084,-1,9.442300000002433,BACKFILL_AUTO
2026-04-15 11:50:16,1776253816,R_75,32369.954,1,7.945600000002742,BACKFILL_AUTO
2026-04-15 11:50:18,1776253818,R_75,32385.292,1,15.337999999999738,BACKFILL_AUTO
2026-04-15 11:50:20,1776253820,R_75,32383.4176,-1,1.8744000000006054,BACKFILL_AUTO
2026-04-15 11:50:22,1776253822,R_75,32377.1215,-1,6.296099999999569,BACKFILL_AUTO
2026-04-15 11:50:24,1776253824,R_75,32374.401,-1,2.720499999999447,BACKFILL_AUTO
2026-04-15 11:50:26,1776253826,R_75,32374.6659,1,0.26489999999830616,BACKFILL_AUTO
2026-04-15 11:50:28,1776253828,R_75,32387.8712,1,13.205300000001444,BACKFILL_AUTO
2026-04-15 11:50:30,1776253830,R_75,32387.0674,-1,0.8038000000015018,BACKFILL_AUTO
2026-04-15 11:50:32,1776253832,R_75,32391.2997,1,4.232299999999668,BACKFILL_AUTO
2026-04-15 11:50:34,1776253834,R_75,32398.2891,1,6.989400000002206,BACKFILL_AUTO
2026-04-15 11:50:36,1776253836,R_75,32396.6653,-1,1.6238000000012107,BACKFILL_AUTO
2026-04-15 11:50:38,1776253838,R_75,32402.3331,1,5.667799999999261,BACKFILL_AUTO
2026-04-15 11:50:40,1776253840,R_75,32397.6501,-1,4.683000000000902,BACKFILL_AUTO
2026-04-15 11:50:42,1776253842,R_75,32399.1803,1,1.5302000000010594,BACKFILL_AUTO
2026-04-15 11:50:44,1776253844,R_75,32395.1765,-1,4.003799999998591,BACKFILL_AUTO
2026-04-15 11:50:46,1776253846,R_75,32400.1146,1,4.938099999999395,BACKFILL_AUTO
2026-04-15 11:50:48,1776253848,R_75,32395.0541,-1,5.0604999999995925,BACKFILL_AUTO
2026-04-15 11:50:50,1776253850,R_75,32394.3536,-1,0.7005000000026484,BACKFILL_AUTO
2026-04-15 11:50:52,1776253852,R_75,32393.0283,-1,1.325299999996787,BACKFILL_AUTO
2026-04-15 11:50:54,1776253854,R_75,32397.4446,1,4.416299999997136,BACKFILL_AUTO
2026-04-15 11:50:56,1776253856,R_75,32402.5576,1,5.113000000001193,BACKFILL_AUTO
2026-04-15 11:50:58,1776253858,R_75,32411.8734,1,9.315800000000309,BACKFILL_AUTO
2026-04-15 11:51:00,1776253860,R_75,32412.0828,1,0.20939999999973224,BACKFILL_AUTO
2026-04-15 11:51:02,1776253862,R_75,32421.8151,1,9.732299999999668,BACKFILL_AUTO
2026-04-15 11:51:04,1776253864,R_75,32422.8327,1,1.01759999999922,BACKFILL_AUTO
2026-04-15 11:51:06,1776253866,R_75,32417.1881,-1,5.6445999999996275,BACKFILL_AUTO
2026-04-15 11:51:08,1776253868,R_75,32424.7382,1,7.550100000000384,BACKFILL_AUTO
2026-04-15 11:51:10,1776253870,R_75,32424.9361,1,0.19789999999920838,BACKFILL_AUTO
2026-04-15 11:51:12,1776253872,R_75,32430.794,1,5.857900000002701,BACKFILL_AUTO
2026-04-15 11:51:14,1776253874,R_75,32434.5379,1,3.743899999997666,BACKFILL_AUTO
2026-04-15 11:51:16,1776253876,R_75,32440.5012,1,5.963299999999435,BACKFILL_AUTO
2026-04-15 11:51:18,1776253878,R_75,32455.1148,1,14.613600000000588,BACKFILL_AUTO
2026-04-15 11:51:20,1776253880,R_75,32446.9945,-1,8.120299999998679,BACKFILL_AUTO
2026-04-15 11:51:22,1776253882,R_75,32454.7024,1,7.707899999997608,BACKFILL_AUTO
2026-04-15 11:51:24,1776253884,R_75,32452.7124,-1,1.9899999999979627,BACKFILL_AUTO
2026-04-15 11:51:26,1776253886,R_75,32448.628,-1,4.084399999999732,BACKFILL_AUTO
2026-04-15 11:51:28,1776253888,R_75,32451.5493,1,2.921299999998155,BACKFILL_AUTO
2026-04-15 11:51:30,1776253890,R_75,32458.7034,1,7.154099999999744,BACKFILL_AUTO
2026-04-15 11:51:32,1776253892,R_75,32466.16,1,7.456600000001345,BACKFILL_AUTO
2026-04-15 11:51:34,1776253894,R_75,32454.5496,-1,11.610400000001391,BACKFILL_AUTO
2026-04-15 11:51:36,1776253896,R_75,32443.4542,-1,11.095399999998335,BACKFILL_AUTO
2026-04-15 11:51:38,1776253898,R_75,32451.1529,1,7.6987000000008265,BACKFILL_AUTO
2026-04-15 11:51:40,1776253900,R_75,32455.2488,1,4.095900000000256,BACKFILL_AUTO
2026-04-15 11:51:42,1776253902,R_75,32452.3988,-1,2.850000000002183,BACKFILL_AUTO
2026-04-15 11:51:44,1776253904,R_75,32453.6374,1,1.238600000000588,BACKFILL_AUTO
2026-04-15 11:51:46,1776253906,R_75,32455.6144,1,1.9769999999989523,BACKFILL_AUTO
2026-04-15 11:51:48,1776253908,R_75,32464.9547,1,9.340299999999843,BACKFILL_AUTO
2026-04-15 11:51:50,1776253910,R_75,32470.347,1,5.392300000003161,BACKFILL_AUTO
2026-04-15 11:51:52,1776253912,R_75,32479.8056,1,9.458599999998114,BACKFILL_AUTO
2026-04-15 11:51:54,1776253914,R_75,32478.6204,-1,1.1851999999998952,BACKFILL_AUTO
2026-04-15 11:51:56,1776253916,R_75,32479.9392,1,1.3188000000009197,BACKFILL_AUTO
2026-04-15 11:51:58,1776253918,R_75,32478.7029,-1,1.2363000000004831,BACKFILL_AUTO
2026-04-15 11:52:00,1776253920,R_75,32477.9646,-1,0.7383000000008906,BACKFILL_AUTO
2026-04-15 11:52:02,1776253922,R_75,32471.6351,-1,6.329499999999825,BACKFILL_AUTO
2026-04-15 11:52:04,1776253924,R_75,32467.5097,-1,4.125400000000809,BACKFILL_AUTO
2026-04-15 11:52:06,1776253926,R_75,32451.7738,-1,15.735899999999674,BACKFILL_AUTO
2026-04-15 11:52:08,1776253928,R_75,32451.7057,-1,0.06810000000041327,BACKFILL_AUTO
2026-04-15 11:52:10,1776253930,R_75,32454.8123,1,3.1066000000028,BACKFILL_AUTO
2026-04-15 11:52:12,1776253932,R_75,32454.0789,-1,0.7334000000009837,BACKFILL_AUTO
2026-04-15 11:52:14,1776253934,R_75,32462.3086,1,8.229699999999866,BACKFILL_AUTO
2026-04-15 11:52:16,1776253936,R_75,32466.7105,1,4.401900000000751,BACKFILL_AUTO
2026-04-15 11:52:18,1776253938,R_75,32459.2496,-1,7.460900000001857,BACKFILL_AUTO
2026-04-15 11:52:20,1776253940,R_75,32440.3349,-1,18.914699999997538,BACKFILL_AUTO
2026-04-15 11:52:22,1776253942,R_75,32436.7258,-1,3.60910000000149,BACKFILL_AUTO
2026-04-15 11:52:24,1776253944,R_75,32443.8293,1,7.103500000001077,BACKFILL_AUTO
2026-04-15 11:52:26,1776253946,R_75,32444.0373,1,0.20799999999871943,BACKFILL_AUTO
2026-04-15 11:52:28,1776253948,R_75,32441.3221,-1,2.715199999998731,BACKFILL_AUTO
2026-04-15 11:52:30,1776253950,R_75,32440.8182,-1,0.5038999999997031,BACKFILL_AUTO
2026-04-15 11:52:32,1776253952,R_75,32439.0321,-1,1.78610000000117,BACKFILL_AUTO
2026-04-15 11:52:34,1776253954,R_75,32447.0425,1,8.010399999999208,BACKFILL_AUTO
2026-04-15 11:52:36,1776253956,R_75,32453.2107,1,6.16820000000007,BACKFILL_AUTO
2026-04-15 11:52:38,1776253958,R_75,32462.0241,1,8.813399999999092,BACKFILL_AUTO
2026-04-15 11:52:40,1776253960,R_75,32468.7725,1,6.748400000000402,BACKFILL_AUTO
2026-04-15 11:52:42,1776253962,R_75,32469.6853,1,0.9128000000018801,BACKFILL_AUTO
2026-04-15 11:52:44,1776253964,R_75,32464.4158,-1,5.269500000002154,BACKFILL_AUTO
2026-04-15 11:52:46,1776253966,R_75,32467.4443,1,3.0285000000003492,BACKFILL_AUTO
2026-04-15 11:52:48,1776253968,R_75,32467.763,1,0.3186999999998079,BACKFILL_AUTO
2026-04-15 11:52:50,1776253970,R_75,32473.241,1,5.478000000002794,BACKFILL_AUTO
2026-04-15 11:52:52,1776253972,R_75,32470.458,-1,2.783000000003085,BACKFILL_AUTO
2026-04-15 11:52:54,1776253974,R_75,32466.5535,-1,3.904499999996915,BACKFILL_AUTO
2026-04-15 11:52:56,1776253976,R_75,32474.586,1,8.032499999997526,BACKFILL_AUTO
2026-04-15 11:52:58,1776253978,R_75,32472.8496,-1,1.736399999997957,BACKFILL_AUTO
2026-04-15 11:53:00,1776253980,R_75,32471.664,-1,1.1856000000007043,BACKFILL_AUTO
2026-04-15 11:53:02,1776253982,R_75,32472.0121,1,0.3480999999992491,BACKFILL_AUTO
2026-04-15 11:53:04,1776253984,R_75,32477.3092,1,5.297099999999773,BACKFILL_AUTO
2026-04-15 11:53:06,1776253986,R_75,32481.4386,1,4.129400000001624,BACKFILL_AUTO
2026-04-15 11:53:08,1776253988,R_75,32479.1378,-1,2.3008000000008906,BACKFILL_AUTO
2026-04-15 11:53:10,1776253990,R_75,32474.0087,-1,5.129100000001927,BACKFILL_AUTO
2026-04-15 11:53:12,1776253992,R_75,32469.1699,-1,4.838799999997718,BACKFILL_AUTO
2026-04-15 11:53:14,1776253994,R_75,32469.1724,1,0.0024999999986903276,BACKFILL_AUTO
2026-04-15 11:53:16,1776253996,R_75,32460.9535,-1,8.218899999999849,BACKFILL_AUTO
2026-04-15 11:53:18,1776253998,R_75,32476.4967,1,15.54320000000007,BACKFILL_AUTO
2026-04-15 11:53:20,1776254000,R_75,32479.1321,1,2.6353999999992084,BACKFILL_AUTO
2026-04-15 11:53:22,1776254002,R_75,32482.8653,1,3.733200000002398,BACKFILL_AUTO
2026-04-15 11:53:24,1776254004,R_75,32485.1912,1,2.3258999999998196,BACKFILL_AUTO
2026-04-15 11:53:26,1776254006,R_75,32481.6487,-1,3.5424999999995634,BACKFILL_AUTO
2026-04-15 11:53:28,1776254008,R_75,32481.1332,-1,0.5155000000013388,BACKFILL_AUTO
2026-04-15 11:53:30,1776254010,R_75,32484.5978,1,3.4645999999993364,BACKFILL_AUTO
2026-04-15 11:53:32,1776254012,R_75,32483.0567,-1,1.5410999999985506,BACKFILL_AUTO
2026-04-15 11:53:34,1776254014,R_75,32484.8239,1,1.767199999998411,BACKFILL_AUTO
2026-04-15 11:53:36,1776254016,R_75,32483.8802,-1,0.9436999999998079,BACKFILL_AUTO
2026-04-15 11:53:38,1776254018,R_75,32488.147,1,4.26680000000124,BACKFILL_AUTO
2026-04-15 11:53:40,1776254020,R_75,32495.9207,1,7.773699999997916,BACKFILL_AUTO
2026-04-15 11:53:42,1776254022,R_75,32496.3219,1,0.40120000000024447,BACKFILL_AUTO
2026-04-15 11:53:44,1776254024,R_75,32492.4459,-1,3.8760000000002037,BACKFILL_AUTO
2026-04-15 11:53:46,1776254026,R_75,32481.8571,-1,10.588799999997718,BACKFILL_AUTO
2026-04-15 11:53:48,1776254028,R_75,32483.1293,1,1.2721999999994296,BACKFILL_AUTO
2026-04-15 11:53:50,1776254030,R_75,32479.1164,-1,4.012900000001537,BACKFILL_AUTO
2026-04-15 11:53:52,1776254032,R_75,32478.0714,-1,1.0449999999982538,BACKFILL_AUTO
2026-04-15 11:53:54,1776254034,R_75,32474.6324,-1,3.4390000000021246,BACKFILL_AUTO
2026-04-15 11:53:56,1776254036,R_75,32475.4161,1,0.7836999999999534,BACKFILL_AUTO
2026-04-15 11:53:58,1776254038,R_75,32481.8575,1,6.441399999999703,BACKFILL_AUTO
2026-04-15 11:54:00,1776254040,R_75,32484.1788,1,2.321300000003248,BACKFILL_AUTO
2026-04-15 11:54:02,1776254042,R_75,32488.2528,1,4.073999999996886,BACKFILL_AUTO
2026-04-15 11:54:04,1776254044,R_75,32482.9802,-1,5.272599999996601,BACKFILL_AUTO
2026-04-15 11:54:06,1776254046,R_75,32483.1595,1,0.17929999999978463,BACKFILL_AUTO
2026-04-15 11:54:08,1776254048,R_75,32498.2425,1,15.08299999999872,BACKFILL_AUTO
2026-04-15 11:54:10,1776254050,R_75,32501.9312,1,3.6886999999987893,BACKFILL_AUTO
2026-04-15 11:54:12,1776254052,R_75,32504.397,1,2.4658000000017637,BACKFILL_AUTO
2026-04-15 11:54:14,1776254054,R_75,32512.2509,1,7.853899999998248,BACKFILL_AUTO
2026-04-15 11:54:16,1776254056,R_75,32523.0005,1,10.749599999999191,BACKFILL_AUTO
2026-04-15 11:54:18,1776254058,R_75,32523.7318,1,0.7313000000031025,BACKFILL_AUTO
2026-04-15 11:54:20,1776254060,R_75,32523.8307,1,0.09889999999722932,BACKFILL_AUTO
2026-04-15 11:54:22,1776254062,R_75,32525.4682,1,1.6375000000007276,BACKFILL_AUTO
2026-04-15 11:54:24,1776254064,R_75,32524.2262,-1,1.2419999999983702,BACKFILL_AUTO
2026-04-15 11:54:26,1776254066,R_75,32528.7117,1,4.485499999998865,BACKFILL_AUTO
2026-04-15 11:54:28,1776254068,R_75,32534.1373,1,5.425599999998667,BACKFILL_AUTO
2026-04-15 11:54:30,1776254070,R_75,32525.6842,-1,8.453099999998813,BACKFILL_AUTO
2026-04-15 11:54:32,1776254072,R_75,32528.6573,1,2.973099999999249,BACKFILL_AUTO
2026-04-15 11:54:34,1776254074,R_75,32536.4062,1,7.7489000000023225,BACKFILL_AUTO
2026-04-15 11:54:36,1776254076,R_75,32524.8968,-1,11.509400000002643,BACKFILL_AUTO
2026-04-15 11:54:38,1776254078,R_75,32526.4875,1,1.590700000000652,BACKFILL_AUTO
2026-04-15 11:54:40,1776254080,R_75,32524.5889,-1,1.8986000000004424,BACKFILL_AUTO
2026-04-15 11:54:42,1776254082,R_75,32520.1731,-1,4.415799999998853,BACKFILL_AUTO
2026-04-15 11:54:44,1776254084,R_75,32516.6022,-1,3.570899999998801,BACKFILL_AUTO
2026-04-15 11:54:46,1776254086,R_75,32517.1557,1,0.5534999999981665,BACKFILL_AUTO
2026-04-15 11:54:48,1776254088,R_75,32519.8453,1,2.689600000001519,BACKFILL_AUTO
2026-04-15 11:54:50,1776254090,R_75,32522.2904,1,2.4451000000008207,BACKFILL_AUTO
2026-04-15 11:54:52,1776254092,R_75,32527.5363,1,5.245899999998073,BACKFILL_AUTO
2026-04-15 11:54:54,1776254094,R_75,32524.5112,-1,3.025099999998929,BACKFILL_AUTO
2026-04-15 11:54:56,1776254096,R_75,32520.1042,-1,4.406999999999243,BACKFILL_AUTO
2026-04-15 11:54:58,1776254098,R_75,32519.0495,-1,1.0547000000005937,BACKFILL_AUTO
2026-04-15 11:55:00,1776254100,R_75,32522.3863,1,3.336799999997311,BACKFILL_AUTO
2026-04-15 11:55:02,1776254102,R_75,32526.9833,1,4.597000000001572,BACKFILL_AUTO
2026-04-15 11:55:04,1776254104,R_75,32527.7239,1,0.7406000000009954,BACKFILL_AUTO
2026-04-15 11:55:06,1776254106,R_75,32532.8306,1,5.106700000000274,BACKFILL_AUTO
2026-04-15 11:55:08,1776254108,R_75,32539.943,1,7.112399999998161,BACKFILL_AUTO
2026-04-15 11:55:10,1776254110,R_75,32547.015,1,7.072000000000116,BACKFILL_AUTO
2026-04-15 11:55:12,1776254112,R_75,32537.9582,-1,9.056799999998475,BACKFILL_AUTO
2026-04-15 11:55:14,1776254114,R_75,32541.2215,1,3.263299999998708,BACKFILL_AUTO
2026-04-15 11:55:16,1776254116,R_75,32545.0018,1,3.780299999998533,BACKFILL_AUTO
2026-04-15 11:55:18,1776254118,R_75,32537.7248,-1,7.276999999998225,BACKFILL_AUTO
2026-04-15 11:55:20,1776254120,R_75,32529.4525,-1,8.272300000000541,BACKFILL_AUTO
2026-04-15 11:55:22,1776254122,R_75,32531.8751,1,2.422600000001694,BACKFILL_AUTO
2026-04-15 11:55:24,1776254124,R_75,32529.0443,-1,2.8307999999997264,BACKFILL_AUTO
2026-04-15 11:55:26,1776254126,R_75,32534.8428,1,5.798499999997148,BACKFILL_AUTO
2026-04-15 11:55:28,1776254128,R_75,32540.3564,1,5.513600000002043,BACKFILL_AUTO
2026-04-15 11:55:30,1776254130,R_75,32537.7457,-1,2.6107000000010885,BACKFILL_AUTO
2026-04-15 11:55:32,1776254132,R_75,32535.6779,-1,2.067800000000716,BACKFILL_AUTO
2026-04-15 11:55:34,1776254134,R_75,32539.8139,1,4.136000000002241,BACKFILL_AUTO
2026-04-15 11:55:36,1776254136,R_75,32544.9073,1,5.093399999997928,BACKFILL_AUTO
2026-04-15 11:55:38,1776254138,R_75,32544.8368,-1,0.07049999999799184,BACKFILL_AUTO
2026-04-15 11:55:40,1776254140,R_75,32537.7476,-1,7.089200000002165,BACKFILL_AUTO
2026-04-15 11:55:42,1776254142,R_75,32531.3053,-1,6.442299999998795,BACKFILL_AUTO
2026-04-15 11:55:44,1776254144,R_75,32521.6186,-1,9.686699999998382,BACKFILL_AUTO
2026-04-15 11:55:46,1776254146,R_75,32513.6979,-1,7.920700000002398,BACKFILL_AUTO
2026-04-15 11:55:48,1776254148,R_75,32520.8075,1,7.109599999999773,BACKFILL_AUTO
2026-04-15 11:55:50,1776254150,R_75,32518.1182,-1,2.689299999998184,BACKFILL_AUTO
2026-04-15 11:55:52,1776254152,R_75,32517.9026,-1,0.21559999999954016,BACKFILL_AUTO
2026-04-15 11:55:54,1776254154,R_75,32508.528,-1,9.374600000002829,BACKFILL_AUTO
2026-04-15 11:55:56,1776254156,R_75,32511.1625,1,2.6345000000001164,BACKFILL_AUTO
2026-04-15 11:55:58,1776254158,R_75,32510.864,-1,0.2984999999971478,BACKFILL_AUTO
2026-04-15 11:56:00,1776254160,R_75,32507.9343,-1,2.9297000000005937,BACKFILL_AUTO
2026-04-15 11:56:02,1776254162,R_75,32516.4539,1,8.519599999999627,BACKFILL_AUTO
2026-04-15 11:56:04,1776254164,R_75,32510.9081,-1,5.545799999999872,BACKFILL_AUTO
2026-04-15 11:56:06,1776254166,R_75,32505.8277,-1,5.080399999998917,BACKFILL_AUTO
2026-04-15 11:56:08,1776254168,R_75,32513.5068,1,7.679099999997561,BACKFILL_AUTO
2026-04-15 11:56:10,1776254170,R_75,32514.2046,1,0.6978000000017346,BACKFILL_AUTO
2026-04-15 11:56:12,1776254172,R_75,32509.0282,-1,5.176400000000285,BACKFILL_AUTO
2026-04-15 11:56:14,1776254174,R_75,32513.3489,1,4.320700000000215,BACKFILL_AUTO
2026-04-15 11:56:16,1776254176,R_75,32508.3048,-1,5.044099999999162,BACKFILL_AUTO
2026-04-15 11:56:18,1776254178,R_75,32497.9523,-1,10.352500000000873,BACKFILL_AUTO
2026-04-15 11:56:20,1776254180,R_75,32504.1378,1,6.1854999999995925,BACKFILL_AUTO
2026-04-15 11:56:22,1776254182,R_75,32505.05,1,0.9121999999988475,BACKFILL_AUTO
2026-04-15 11:56:24,1776254184,R_75,32502.3676,-1,2.6823999999978696,BACKFILL_AUTO
2026-04-15 11:56:26,1776254186,R_75,32496.7092,-1,5.658400000000256,BACKFILL_AUTO
2026-04-15 11:56:28,1776254188,R_75,32501.1006,1,4.391400000000431,BACKFILL_AUTO
2026-04-15 11:56:30,1776254190,R_75,32498.8122,-1,2.2884000000012747,BACKFILL_AUTO
2026-04-15 11:56:32,1776254192,R_75,32503.3013,1,4.489099999998871,BACKFILL_AUTO
2026-04-15 11:56:34,1776254194,R_75,32505.1657,1,1.864400000002206,BACKFILL_AUTO
2026-04-15 11:56:36,1776254196,R_75,32502.6266,-1,2.539100000001781,BACKFILL_AUTO
2026-04-15 11:56:38,1776254198,R_75,32507.0583,1,4.431700000001001,BACKFILL_AUTO
2026-04-15 11:56:40,1776254200,R_75,32493.9631,-1,13.09519999999975,BACKFILL_AUTO
2026-04-15 11:56:42,1776254202,R_75,32495.4483,1,1.4851999999991676,BACKFILL_AUTO
2026-04-15 11:56:44,1776254204,R_75,32500.1881,1,4.739799999999377,BACKFILL_AUTO
2026-04-15 11:56:46,1776254206,R_75,32504.8261,1,4.6379999999990105,BACKFILL_AUTO
2026-04-15 11:56:48,1776254208,R_75,32493.8539,-1,10.972200000000157,BACKFILL_AUTO
2026-04-15 11:56:50,1776254210,R_75,32498.2124,1,4.3585000000020955,BACKFILL_AUTO
2026-04-15 11:56:52,1776254212,R_75,32509.6829,1,11.470499999999447,BACKFILL_AUTO
2026-04-15 11:56:54,1776254214,R_75,32509.6434,-1,0.03949999999895226,BACKFILL_AUTO
2026-04-15 11:56:56,1776254216,R_75,32520.9504,1,11.307000000000698,BACKFILL_AUTO
2026-04-15 11:56:58,1776254218,R_75,32512.5624,-1,8.388000000002648,BACKFILL_AUTO
2026-04-15 11:57:00,1776254220,R_75,32511.7103,-1,0.852100000000064,BACKFILL_AUTO
2026-04-15 11:57:02,1776254222,R_75,32507.1883,-1,4.521999999997206,BACKFILL_AUTO
2026-04-15 11:57:04,1776254224,R_75,32518.9003,1,11.711999999999534,BACKFILL_AUTO
2026-04-15 11:57:06,1776254226,R_75,32522.6622,1,3.761899999997695,BACKFILL_AUTO
2026-04-15 11:57:08,1776254228,R_75,32531.1809,1,8.518700000000536,BACKFILL_AUTO
2026-04-15 11:57:10,1776254230,R_75,32535.6111,1,4.430199999998877,BACKFILL_AUTO
2026-04-15 11:57:12,1776254232,R_75,32538.0774,1,2.4663000000000466,BACKFILL_AUTO
2026-04-15 11:57:14,1776254234,R_75,32543.6026,1,5.525200000000041,BACKFILL_AUTO
2026-04-15 11:57:16,1776254236,R_75,32543.2063,-1,0.3962999999966996,BACKFILL_AUTO
2026-04-15 11:57:18,1776254238,R_75,32540.8274,-1,2.378900000003341,BACKFILL_AUTO
2026-04-15 11:57:20,1776254240,R_75,32544.9099,1,4.082500000000437,BACKFILL_AUTO
2026-04-15 11:57:22,1776254242,R_75,32538.6684,-1,6.241500000000087,BACKFILL_AUTO
2026-04-15 11:57:24,1776254244,R_75,32547.9501,1,9.281699999999546,BACKFILL_AUTO
2026-04-15 11:57:26,1776254246,R_75,32540.9222,-1,7.027899999997317,BACKFILL_AUTO
2026-04-15 11:57:28,1776254248,R_75,32545.7732,1,4.8509999999987485,BACKFILL_AUTO
2026-04-15 11:57:30,1776254250,R_75,32545.348,-1,0.42519999999785796,BACKFILL_AUTO
2026-04-15 11:57:32,1776254252,R_75,32544.7245,-1,0.6235000000015134,BACKFILL_AUTO
2026-04-15 11:57:34,1776254254,R_75,32543.5649,-1,1.1595999999990454,BACKFILL_AUTO
2026-04-15 11:57:36,1776254256,R_75,32547.4505,1,3.885599999997794,BACKFILL_AUTO
2026-04-15 11:57:38,1776254258,R_75,32542.9189,-1,4.531599999998434,BACKFILL_AUTO
2026-04-15 11:57:40,1776254260,R_75,32546.362,1,3.4431000000004133,BACKFILL_AUTO
2026-04-15 11:57:42,1776254262,R_75,32545.8272,-1,0.5348000000012689,BACKFILL_AUTO
2026-04-15 11:57:44,1776254264,R_75,32546.8499,1,1.0227000000013504,BACKFILL_AUTO
2026-04-15 11:57:46,1776254266,R_75,32558.1533,1,11.303400000000693,BACKFILL_AUTO
2026-04-15 11:57:48,1776254268,R_75,32557.3581,-1,0.7952000000004773,BACKFILL_AUTO
2026-04-15 11:57:50,1776254270,R_75,32548.4936,-1,8.86449999999968,BACKFILL_AUTO
2026-04-15 11:57:52,1776254272,R_75,32555.3705,1,6.876899999999296,BACKFILL_AUTO
2026-04-15 11:57:54,1776254274,R_75,32558.9445,1,3.574000000000524,BACKFILL_AUTO
2026-04-15 11:57:56,1776254276,R_75,32551.5536,-1,7.390900000002148,BACKFILL_AUTO
2026-04-15 11:57:58,1776254278,R_75,32549.4723,-1,2.0812999999980093,BACKFILL_AUTO
2026-04-15 11:58:00,1776254280,R_75,32553.9933,1,4.520999999997002,BACKFILL_AUTO
2026-04-15 11:58:02,1776254282,R_75,32560.7296,1,6.736300000000483,BACKFILL_AUTO
2026-04-15 11:58:04,1776254284,R_75,32560.1621,-1,0.5674999999973807,BACKFILL_AUTO
2026-04-15 11:58:06,1776254286,R_75,32570.2812,1,10.11909999999989,BACKFILL_AUTO
2026-04-15 11:58:08,1776254288,R_75,32575.753,1,5.471799999999348,BACKFILL_AUTO
2026-04-15 11:58:10,1776254290,R_75,32574.1445,-1,1.6085000000020955,BACKFILL_AUTO
2026-04-15 11:58:12,1776254292,R_75,32573.9103,-1,0.2341999999989639,BACKFILL_AUTO
2026-04-15 11:58:14,1776254294,R_75,32570.826,-1,3.0842999999986205,BACKFILL_AUTO
2026-04-15 11:58:16,1776254296,R_75,32573.1288,1,2.30279999999766,BACKFILL_AUTO
2026-04-15 11:58:18,1776254298,R_75,32562.629,-1,10.499799999997776,BACKFILL_AUTO
2026-04-15 11:58:20,1776254300,R_75,32566.2214,1,3.592399999997724,BACKFILL_AUTO
2026-04-15 11:58:22,1776254302,R_75,32557.9266,-1,8.294799999999668,BACKFILL_AUTO
2026-04-15 11:58:24,1776254304,R_75,32562.0234,1,4.096799999999348,BACKFILL_AUTO
2026-04-15 11:58:26,1776254306,R_75,32552.4806,-1,9.54279999999926,BACKFILL_AUTO
2026-04-15 11:58:28,1776254308,R_75,32554.8966,1,2.416000000001077,BACKFILL_AUTO
2026-04-15 11:58:30,1776254310,R_75,32552.4825,-1,2.414100000001781,BACKFILL_AUTO
2026-04-15 11:58:32,1776254312,R_75,32559.1099,1,6.6274000000012165,BACKFILL_AUTO
2026-04-15 11:58:34,1776254314,R_75,32553.3307,-1,5.779200000000856,BACKFILL_AUTO
2026-04-15 11:58:36,1776254316,R_75,32561.6437,1,8.31300000000192,BACKFILL_AUTO
2026-04-15 11:58:38,1776254318,R_75,32568.0603,1,6.4166000000004715,BACKFILL_AUTO
2026-04-15 11:58:40,1776254320,R_75,32566.0826,-1,1.9776999999994587,BACKFILL_AUTO
2026-04-15 11:58:42,1776254322,R_75,32561.0983,-1,4.984300000000076,BACKFILL_AUTO
2026-04-15 11:58:44,1776254324,R_75,32556.4079,-1,4.690400000003137,BACKFILL_AUTO
2026-04-15 11:58:46,1776254326,R_75,32557.2503,1,0.8424000000013621,BACKFILL_AUTO
2026-04-15 11:58:48,1776254328,R_75,32560.6568,1,3.4065000000009604,BACKFILL_AUTO
2026-04-15 11:58:50,1776254330,R_75,32553.6641,-1,6.992699999998877,BACKFILL_AUTO
2026-04-15 11:58:52,1776254332,R_75,32558.1384,1,4.474299999998038,BACKFILL_AUTO
2026-04-15 11:58:54,1776254334,R_75,32537.571,-1,20.567399999999907,BACKFILL_AUTO
2026-04-15 11:58:56,1776254336,R_75,32531.9525,-1,5.618500000000495,BACKFILL_AUTO
2026-04-15 11:58:58,1776254338,R_75,32529.3257,-1,2.626799999998184,BACKFILL_AUTO
2026-04-15 11:59:00,1776254340,R_75,32525.0587,-1,4.266999999999825,BACKFILL_AUTO
2026-04-15 11:59:02,1776254342,R_75,32504.9327,-1,20.126000000000204,BACKFILL_AUTO
2026-04-15 11:59:04,1776254344,R_75,32499.324,-1,5.608700000000681,BACKFILL_AUTO
2026-04-15 11:59:06,1776254346,R_75,32506.1934,1,6.869399999999587,BACKFILL_AUTO
2026-04-15 11:59:08,1776254348,R_75,32505.5839,-1,0.6094999999986612,BACKFILL_AUTO
2026-04-15 11:59:10,1776254350,R_75,32507.271,1,1.687099999999191,BACKFILL_AUTO
2026-04-15 11:59:12,1776254352,R_75,32513.1454,1,5.874400000000605,BACKFILL_AUTO
2026-04-15 11:59:14,1776254354,R_75,32508.6677,-1,4.477699999999459,BACKFILL_AUTO
2026-04-15 11:59:16,1776254356,R_75,32502.6034,-1,6.064300000001822,BACKFILL_AUTO
2026-04-15 11:59:18,1776254358,R_75,32497.2926,-1,5.31079999999929,BACKFILL_AUTO
2026-04-15 11:59:20,1776254360,R_75,32503.2151,1,5.922500000000582,BACKFILL_AUTO
2026-04-15 11:59:22,1776254362,R_75,32506.7376,1,3.522499999999127,BACKFILL_AUTO
2026-04-15 11:59:24,1776254364,R_75,32496.0753,-1,10.66229999999996,BACKFILL_AUTO
2026-04-15 11:59:26,1776254366,R_75,32505.8027,1,9.727399999999761,BACKFILL_AUTO
2026-04-15 11:59:28,1776254368,R_75,32518.9256,1,13.12289999999848,BACKFILL_AUTO
2026-04-15 11:59:30,1776254370,R_75,32502.47,-1,16.455599999997503,BACKFILL_AUTO
2026-04-15 11:59:32,1776254372,R_75,32510.9218,1,8.451799999998912,BACKFILL_AUTO
2026-04-15 11:59:34,1776254374,R_75,32504.3078,-1,6.614000000001397,BACKFILL_AUTO
2026-04-15 11:59:36,1776254376,R_75,32509.9424,1,5.634600000001228,BACKFILL_AUTO
2026-04-15 11:59:38,1776254378,R_75,32513.2503,1,3.3078999999997905,BACKFILL_AUTO
2026-04-15 11:59:40,1776254380,R_75,32513.6617,1,0.4114000000008673,BACKFILL_AUTO
2026-04-15 11:59:42,1776254382,R_75,32513.2091,-1,0.4526000000005297,BACKFILL_AUTO
2026-04-15 11:59:44,1776254384,R_75,32516.9432,1,3.73410000000149,BACKFILL_AUTO
2026-04-15 11:59:46,1776254386,R_75,32505.3017,-1,11.641500000001543,BACKFILL_AUTO
2026-04-15 11:59:48,1776254388,R_75,32511.2545,1,5.952799999999115,BACKFILL_AUTO
2026-04-15 11:59:50,1776254390,R_75,32514.4522,1,3.197700000000623,BACKFILL_AUTO
2026-04-15 11:59:52,1776254392,R_75,32513.6577,-1,0.7944999999999709,BACKFILL_AUTO
2026-04-15 11:59:54,1776254394,R_75,32508.8022,-1,4.855500000001484,BACKFILL_AUTO
2026-04-15 11:59:56,1776254396,R_75,32509.7298,1,0.9276000000027125,BACKFILL_AUTO
2026-04-15 11:59:58,1776254398,R_75,32513.8721,1,4.142299999999523,BACKFILL_AUTO
2026-04-15 12:00:00,1776254400,R_75,32533.4174,1,19.54529999999795,BACKFILL_AUTO
2026-04-15 12:00:02,1776254402,R_75,32531.1323,-1,2.2850999999973283,BACKFILL_AUTO
2026-04-15 12:00:04,1776254404,R_75,32529.7052,-1,1.4271000000007916,BACKFILL_AUTO
2026-04-15 12:00:06,1776254406,R_75,32525.4719,-1,4.233299999999872,BACKFILL_AUTO
2026-04-15 12:00:08,1776254408,R_75,32521.4922,-1,3.979699999999866,BACKFILL_AUTO
2026-04-15 12:00:10,1776254410,R_75,32523.729,1,2.236799999998766,BACKFILL_AUTO
2026-04-15 12:00:12,1776254412,R_75,32524.3001,1,0.5711000000010245,BACKFILL_AUTO
2026-04-15 12:00:14,1776254414,R_75,32525.7535,1,1.4533999999985099,BACKFILL_AUTO
2026-04-15 12:00:16,1776254416,R_75,32528.5487,1,2.7952000000004773,BACKFILL_AUTO
2026-04-15 12:00:18,1776254418,R_75,32534.5593,1,6.010600000001432,BACKFILL_AUTO
2026-04-15 12:00:20,1776254420,R_75,32539.7731,1,5.213799999997718,BACKFILL_AUTO
2026-04-15 12:00:22,1776254422,R_75,32540.0293,1,0.2561999999998079,BACKFILL_AUTO
2026-04-15 12:00:24,1776254424,R_75,32538.9854,-1,1.0438999999969383,BACKFILL_AUTO
2026-04-15 12:00:26,1776254426,R_75,32531.1999,-1,7.785500000001775,BACKFILL_AUTO
2026-04-15 12:00:28,1776254428,R_75,32534.3243,1,3.1244000000006054,BACKFILL_AUTO
2026-04-15 12:00:30,1776254430,R_75,32540.5176,1,6.193299999998999,BACKFILL_AUTO
2026-04-15 12:00:32,1776254432,R_75,32540.9357,1,0.41810000000259606,BACKFILL_AUTO
2026-04-15 12:00:34,1776254434,R_75,32545.3634,1,4.427699999996548,BACKFILL_AUTO
2026-04-15 12:00:36,1776254436,R_75,32544.6043,-1,0.7590999999993073,BACKFILL_AUTO
2026-04-15 12:00:38,1776254438,R_75,32534.6837,-1,9.920599999997648,BACKFILL_AUTO
2026-04-15 12:00:40,1776254440,R_75,32536.1443,1,1.4605999999985215,BACKFILL_AUTO
2026-04-15 12:00:42,1776254442,R_75,32536.2859,1,0.1415999999990163,BACKFILL_AUTO
2026-04-15 12:00:44,1776254444,R_75,32533.3444,-1,2.941499999997177,BACKFILL_AUTO
2026-04-15 12:00:46,1776254446,R_75,32534.2027,1,0.8582999999998719,BACKFILL_AUTO
2026-04-15 12:00:48,1776254448,R_75,32531.2984,-1,2.9043000000019674,BACKFILL_AUTO
2026-04-15 12:00:50,1776254450,R_75,32528.4445,-1,2.853899999998248,BACKFILL_AUTO
2026-04-15 12:00:52,1776254452,R_75,32537.0494,1,8.604899999998452,BACKFILL_AUTO
2026-04-15 12:00:54,1776254454,R_75,32543.3815,1,6.3320999999996275,BACKFILL_AUTO
2026-04-15 12:00:56,1776254456,R_75,32542.88,-1,0.5014999999984866,BACKFILL_AUTO
2026-04-15 12:00:58,1776254458,R_75,32542.0746,-1,0.8054000000011001,BACKFILL_AUTO
2026-04-15 12:01:00,1776254460,R_75,32545.1119,1,3.0372999999999593,BACKFILL_AUTO
2026-04-15 12:01:02,1776254462,R_75,32541.0894,-1,4.022499999999127,BACKFILL_AUTO
2026-04-15 12:01:04,1776254464,R_75,32553.2917,1,12.202300000000832,BACKFILL_AUTO
2026-04-15 12:01:06,1776254466,R_75,32551.8987,-1,1.393000000000029,BACKFILL_AUTO
2026-04-15 12:01:08,1776254468,R_75,32557.5894,1,5.690699999999197,BACKFILL_AUTO
2026-04-15 12:01:10,1776254470,R_75,32559.4499,1,1.860499999998865,BACKFILL_AUTO
2026-04-15 12:01:12,1776254472,R_75,32558.6071,-1,0.8427999999985332,BACKFILL_AUTO
2026-04-15 12:01:14,1776254474,R_75,32562.6742,1,4.0671000000002095,BACKFILL_AUTO
2026-04-15 12:01:16,1776254476,R_75,32570.5584,1,7.884200000000419,BACKFILL_AUTO
2026-04-15 12:01:18,1776254478,R_75,32569.6034,-1,0.9550000000017462,BACKFILL_AUTO
2026-04-15 12:01:20,1776254480,R_75,32572.0159,1,2.412499999998545,BACKFILL_AUTO
2026-04-15 12:01:22,1776254482,R_75,32565.9822,-1,6.033699999999953,BACKFILL_AUTO
2026-04-15 12:01:24,1776254484,R_75,32577.1275,1,11.145300000000134,BACKFILL_AUTO
2026-04-15 12:01:26,1776254486,R_75,32572.3798,-1,4.747699999999895,BACKFILL_AUTO
2026-04-15 12:01:28,1776254488,R_75,32567.0735,-1,5.306300000000192,BACKFILL_AUTO
2026-04-15 12:01:30,1776254490,R_75,32554.2762,-1,12.797299999998359,BACKFILL_AUTO
2026-04-15 12:01:32,1776254492,R_75,32551.3898,-1,2.886399999999412,BACKFILL_AUTO
2026-04-15 12:01:34,1776254494,R_75,32550.1767,-1,1.2131000000008498,BACKFILL_AUTO
2026-04-15 12:01:36,1776254496,R_75,32553.6974,1,3.520700000000943,BACKFILL_AUTO
2026-04-15 12:01:38,1776254498,R_75,32557.3917,1,3.6942999999992026,BACKFILL_AUTO
2026-04-15 12:01:40,1776254500,R_75,32562.1795,1,4.787799999998242,BACKFILL_AUTO
2026-04-15 12:01:42,1776254502,R_75,32568.4974,1,6.317900000001828,BACKFILL_AUTO
2026-04-15 12:01:44,1776254504,R_75,32577.6373,1,9.139899999998306,BACKFILL_AUTO
2026-04-15 12:01:46,1776254506,R_75,32575.7152,-1,1.922099999999773,BACKFILL_AUTO
2026-04-15 12:01:48,1776254508,R_75,32570.3528,-1,5.362399999998161,BACKFILL_AUTO
2026-04-15 12:01:50,1776254510,R_75,32576.4585,1,6.10570000000007,BACKFILL_AUTO
2026-04-15 12:01:52,1776254512,R_75,32566.7498,-1,9.708699999999226,BACKFILL_AUTO
2026-04-15 12:01:54,1776254514,R_75,32569.0981,1,2.3482999999978347,BACKFILL_AUTO
2026-04-15 12:01:56,1776254516,R_75,32577.8405,1,8.74239999999918,BACKFILL_AUTO
2026-04-15 12:01:58,1776254518,R_75,32584.3261,1,6.485599999999977,BACKFILL_AUTO
2026-04-15 12:02:00,1776254520,R_75,32586.6107,1,2.2846000000026834,BACKFILL_AUTO
2026-04-15 12:02:02,1776254522,R_75,32582.3207,-1,4.290000000000873,BACKFILL_AUTO
2026-04-15 12:02:04,1776254524,R_75,32583.9702,1,1.6494999999995343,BACKFILL_AUTO
2026-04-15 12:02:06,1776254526,R_75,32587.7058,1,3.7355999999999767,BACKFILL_AUTO
2026-04-15 12:02:08,1776254528,R_75,32582.8198,-1,4.885999999998603,BACKFILL_AUTO
2026-04-15 12:02:10,1776254530,R_75,32588.0246,1,5.204799999999523,BACKFILL_AUTO
2026-04-15 12:02:12,1776254532,R_75,32579.9376,-1,8.086999999999534,BACKFILL_AUTO
2026-04-15 12:02:14,1776254534,R_75,32581.1711,1,1.2334999999984575,BACKFILL_AUTO
2026-04-15 12:02:16,1776254536,R_75,32580.5671,-1,0.6039999999993597,BACKFILL_AUTO
2026-04-15 12:02:18,1776254538,R_75,32581.5289,1,0.9618000000009488,BACKFILL_AUTO
2026-04-15 12:02:20,1776254540,R_75,32574.7333,-1,6.795600000001286,BACKFILL_AUTO
2026-04-15 12:02:22,1776254542,R_75,32570.8681,-1,3.8652000000001863,BACKFILL_AUTO
2026-04-15 12:02:24,1776254544,R_75,32572.6134,1,1.7452999999986787,BACKFILL_AUTO
2026-04-15 12:02:26,1776254546,R_75,32573.7787,1,1.1653000000005704,BACKFILL_AUTO
2026-04-15 12:02:28,1776254548,R_75,32576.3471,1,2.5684000000001106,BACKFILL_AUTO
2026-04-15 12:02:30,1776254550,R_75,32583.0961,1,6.748999999999796,BACKFILL_AUTO
2026-04-15 12:02:32,1776254552,R_75,32585.6188,1,2.5227000000013504,BACKFILL_AUTO
2026-04-15 12:02:34,1776254554,R_75,32586.6909,1,1.0721000000012282,BACKFILL_AUTO
2026-04-15 12:02:36,1776254556,R_75,32590.6714,1,3.9804999999978463,BACKFILL_AUTO
2026-04-15 12:02:38,1776254558,R_75,32587.7447,-1,2.9266999999999825,BACKFILL_AUTO
2026-04-15 12:02:40,1776254560,R_75,32590.4253,1,2.6805999999996857,BACKFILL_AUTO
2026-04-15 12:02:42,1776254562,R_75,32585.0686,-1,5.356700000000274,BACKFILL_AUTO
2026-04-15 12:02:44,1776254564,R_75,32588.3516,1,3.283000000003085,BACKFILL_AUTO
2026-04-15 12:02:46,1776254566,R_75,32590.8084,1,2.45679999999993,BACKFILL_AUTO
2026-04-15 12:02:48,1776254568,R_75,32602.9147,1,12.106299999999464,BACKFILL_AUTO
2026-04-15 12:02:50,1776254570,R_75,32601.1248,-1,1.7898999999997613,BACKFILL_AUTO
2026-04-15 12:02:52,1776254572,R_75,32606.004,1,4.8791999999994005,BACKFILL_AUTO
2026-04-15 12:02:54,1776254574,R_75,32604.8783,-1,1.1257000000005064,BACKFILL_AUTO
2026-04-15 12:02:56,1776254576,R_75,32599.3648,-1,5.513500000000931,BACKFILL_AUTO
2026-04-15 12:02:58,1776254578,R_75,32596.9145,-1,2.450300000000425,BACKFILL_AUTO
2026-04-15 12:03:00,1776254580,R_75,32598.0015,1,1.0869999999995343,BACKFILL_AUTO
2026-04-15 12:03:02,1776254582,R_75,32602.674,1,4.672500000000582,BACKFILL_AUTO
2026-04-15 12:03:04,1776254584,R_75,32611.7553,1,9.081300000001647,BACKFILL_AUTO
2026-04-15 12:03:06,1776254586,R_75,32616.4475,1,4.692199999997683,BACKFILL_AUTO
2026-04-15 12:03:08,1776254588,R_75,32628.1916,1,11.74409999999989,BACKFILL_AUTO
2026-04-15 12:03:10,1776254590,R_75,32633.8249,1,5.633300000001327,BACKFILL_AUTO
2026-04-15 12:03:12,1776254592,R_75,32645.3609,1,11.536000000000058,BACKFILL_AUTO
2026-04-15 12:03:14,1776254594,R_75,32638.9911,-1,6.369800000000396,BACKFILL_AUTO
2026-04-15 12:03:16,1776254596,R_75,32632.563,-1,6.428100000000995,BACKFILL_AUTO
2026-04-15 12:03:18,1776254598,R_75,32632.3748,-1,0.18819999999686843,BACKFILL_AUTO
2026-04-15 12:03:20,1776254600,R_75,32627.9382,-1,4.436600000000908,BACKFILL_AUTO
2026-04-15 12:03:22,1776254602,R_75,32619.7346,-1,8.203600000000733,BACKFILL_AUTO
2026-04-15 12:03:24,1776254604,R_75,32626.6678,1,6.933199999999488,BACKFILL_AUTO
2026-04-15 12:03:26,1776254606,R_75,32629.89,1,3.222200000000157,BACKFILL_AUTO
2026-04-15 12:03:28,1776254608,R_75,32629.0887,-1,0.8012999999991735,BACKFILL_AUTO
2026-04-15 12:03:30,1776254610,R_75,32627.7145,-1,1.3742000000020198,BACKFILL_AUTO
2026-04-15 12:03:32,1776254612,R_75,32630.8291,1,3.1146000000007916,BACKFILL_AUTO
2026-04-15 12:03:34,1776254614,R_75,32628.2527,-1,2.5763999999981024,BACKFILL_AUTO
2026-04-15 12:03:36,1776254616,R_75,32624.0371,-1,4.21559999999954,BACKFILL_AUTO
2026-04-15 12:03:38,1776254618,R_75,32626.1349,1,2.097799999999552,BACKFILL_AUTO
2026-04-15 12:03:40,1776254620,R_75,32616.6491,-1,9.4858000000022,BACKFILL_AUTO
2026-04-15 12:03:42,1776254622,R_75,32629.7076,1,13.058500000002823,BACKFILL_AUTO
2026-04-15 12:03:44,1776254624,R_75,32640.9561,1,11.248499999997875,BACKFILL_AUTO
2026-04-15 12:03:46,1776254626,R_75,32638.1774,-1,2.778699999998935,BACKFILL_AUTO
2026-04-15 12:03:48,1776254628,R_75,32628.7427,-1,9.434700000001612,BACKFILL_AUTO
2026-04-15 12:03:50,1776254630,R_75,32642.3717,1,13.629000000000815,BACKFILL_AUTO
2026-04-15 12:03:52,1776254632,R_75,32630.0367,-1,12.334999999999127,BACKFILL_AUTO
2026-04-15 12:03:54,1776254634,R_75,32636.1144,1,6.0776999999980035,BACKFILL_AUTO
2026-04-15 12:03:56,1776254636,R_75,32636.0665,-1,0.047899999997753184,BACKFILL_AUTO
2026-04-15 12:03:58,1776254638,R_75,32644.9817,1,8.915199999999459,BACKFILL_AUTO
2026-04-15 12:04:00,1776254640,R_75,32645.5435,1,0.5617999999994936,BACKFILL_AUTO
2026-04-15 12:04:02,1776254642,R_75,32644.6087,-1,0.9347999999990861,BACKFILL_AUTO
2026-04-15 12:04:04,1776254644,R_75,32643.2106,-1,1.3981000000021595,BACKFILL_AUTO
2026-04-15 12:04:06,1776254646,R_75,32648.9794,1,5.768800000001647,BACKFILL_AUTO
2026-04-15 12:04:08,1776254648,R_75,32644.311,-1,4.668399999998655,BACKFILL_AUTO
2026-04-15 12:04:10,1776254650,R_75,32641.0225,-1,3.2885000000023865,BACKFILL_AUTO
2026-04-15 12:04:12,1776254652,R_75,32637.9007,-1,3.1218000000008033,BACKFILL_AUTO
2026-04-15 12:04:14,1776254654,R_75,32642.8622,1,4.9615000000012515,BACKFILL_AUTO
2026-04-15 12:04:16,1776254656,R_75,32649.0722,1,6.209999999999127,BACKFILL_AUTO
2026-04-15 12:04:18,1776254658,R_75,32646.5648,-1,2.507399999998597,BACKFILL_AUTO
2026-04-15 12:04:20,1776254660,R_75,32638.2649,-1,8.299900000001799,BACKFILL_AUTO
2026-04-15 12:04:22,1776254662,R_75,32639.8853,1,1.6204000000034284,BACKFILL_AUTO
2026-04-15 12:04:24,1776254664,R_75,32630.4254,-1,9.459900000001653,BACKFILL_AUTO
2026-04-15 12:04:26,1776254666,R_75,32624.9068,-1,5.518599999999424,BACKFILL_AUTO
2026-04-15 12:04:28,1776254668,R_75,32631.848,1,6.941200000001118,BACKFILL_AUTO
2026-04-15 12:04:30,1776254670,R_75,32635.2001,1,3.352099999996426,BACKFILL_AUTO
2026-04-15 12:04:32,1776254672,R_75,32638.5336,1,3.3335000000006403,BACKFILL_AUTO
2026-04-15 12:04:34,1776254674,R_75,32644.5847,1,6.051100000000588,BACKFILL_AUTO
2026-04-15 12:04:36,1776254676,R_75,32645.4767,1,0.8919999999998254,BACKFILL_AUTO
2026-04-15 12:04:38,1776254678,R_75,32639.3322,-1,6.144499999998516,BACKFILL_AUTO
2026-04-15 12:04:40,1776254680,R_75,32641.4884,1,2.156199999997625,BACKFILL_AUTO
2026-04-15 12:04:42,1776254682,R_75,32626.6049,-1,14.883499999999913,BACKFILL_AUTO
2026-04-15 12:04:44,1776254684,R_75,32625.6733,-1,0.9315999999998894,BACKFILL_AUTO
2026-04-15 12:04:46,1776254686,R_75,32632.1112,1,6.437900000000809,BACKFILL_AUTO
2026-04-15 12:04:48,1776254688,R_75,32626.8491,-1,5.2620999999999185,BACKFILL_AUTO
2026-04-15 12:04:50,1776254690,R_75,32631.3835,1,4.53440000000046,BACKFILL_AUTO
2026-04-15 12:04:52,1776254692,R_75,32621.6423,-1,9.74120000000039,BACKFILL_AUTO
2026-04-15 12:04:54,1776254694,R_75,32633.8865,1,12.244200000001001,BACKFILL_AUTO
2026-04-15 12:04:56,1776254696,R_75,32634.315,1,0.42849999999816646,BACKFILL_AUTO
2026-04-15 12:04:58,1776254698,R_75,32632.1074,-1,2.2075999999979103,BACKFILL_AUTO
2026-04-15 12:05:00,1776254700,R_75,32629.4514,-1,2.6559999999990396,BACKFILL_AUTO
2026-04-15 12:05:02,1776254702,R_75,32624.4137,-1,5.037700000000768,BACKFILL_AUTO
2026-04-15 12:05:04,1776254704,R_75,32627.7988,1,3.385099999999511,BACKFILL_AUTO
2026-04-15 12:05:06,1776254706,R_75,32619.2037,-1,8.595100000002276,BACKFILL_AUTO
2026-04-15 12:05:08,1776254708,R_75,32614.6963,-1,4.507399999998597,BACKFILL_AUTO
2026-04-15 12:05:10,1776254710,R_75,32612.6808,-1,2.0155000000013388,BACKFILL_AUTO
2026-04-15 12:05:12,1776254712,R_75,32608.1265,-1,4.554299999999785,BACKFILL_AUTO
2026-04-15 12:05:14,1776254714,R_75,32598.6612,-1,9.465299999999843,BACKFILL_AUTO
2026-04-15 12:05:16,1776254716,R_75,32593.1329,-1,5.528299999998126,BACKFILL_AUTO
2026-04-15 12:05:18,1776254718,R_75,32605.0358,1,11.902900000000955,BACKFILL_AUTO
2026-04-15 12:05:20,1776254720,R_75,32608.8293,1,3.793499999999767,BACKFILL_AUTO
2026-04-15 12:05:22,1776254722,R_75,32612.3515,1,3.5221999999994296,BACKFILL_AUTO
2026-04-15 12:05:24,1776254724,R_75,32603.9272,-1,8.424300000002404,BACKFILL_AUTO
2026-04-15 12:05:26,1776254726,R_75,32604.4495,1,0.5223000000005413,BACKFILL_AUTO
2026-04-15 12:05:28,1776254728,R_75,32601.3953,-1,3.054199999998673,BACKFILL_AUTO
2026-04-15 12:05:30,1776254730,R_75,32596.8082,-1,4.587100000000646,BACKFILL_AUTO
2026-04-15 12:05:32,1776254732,R_75,32595.3296,-1,1.4785999999985506,BACKFILL_AUTO
2026-04-15 12:05:34,1776254734,R_75,32592.6608,-1,2.6687999999994645,BACKFILL_AUTO
2026-04-15 12:05:36,1776254736,R_75,32581.4894,-1,11.171400000002905,BACKFILL_AUTO
2026-04-15 12:05:38,1776254738,R_75,32589.6543,1,8.164899999999761,BACKFILL_AUTO
2026-04-15 12:05:40,1776254740,R_75,32596.07,1,6.4157000000013795,BACKFILL_AUTO
2026-04-15 12:05:42,1776254742,R_75,32592.5636,-1,3.5063999999983935,BACKFILL_AUTO
2026-04-15 12:05:44,1776254744,R_75,32590.1752,-1,2.3883999999998196,BACKFILL_AUTO
2026-04-15 12:05:46,1776254746,R_75,32593.2804,1,3.105199999998149,BACKFILL_AUTO
2026-04-15 12:05:48,1776254748,R_75,32594.1342,1,0.8538000000007742,BACKFILL_AUTO
2026-04-15 12:05:50,1776254750,R_75,32603.8272,1,9.692999999999302,BACKFILL_AUTO
2026-04-15 12:05:52,1776254752,R_75,32605.2595,1,1.4323000000003958,BACKFILL_AUTO
2026-04-15 12:05:54,1776254754,R_75,32609.8768,1,4.6172999999980675,BACKFILL_AUTO
2026-04-15 12:05:56,1776254756,R_75,32606.1551,-1,3.7216999999982363,BACKFILL_AUTO
2026-04-15 12:05:58,1776254758,R_75,32595.8806,-1,10.274499999999534,BACKFILL_AUTO
2026-04-15 12:06:00,1776254760,R_75,32587.3238,-1,8.556800000002113,BACKFILL_AUTO
2026-04-15 12:06:02,1776254762,R_75,32589.0888,1,1.765000000003056,BACKFILL_AUTO
2026-04-15 12:06:04,1776254764,R_75,32575.8071,-1,13.281699999999546,BACKFILL_AUTO
2026-04-15 12:06:06,1776254766,R_75,32572.8467,-1,2.960400000003574,BACKFILL_AUTO
2026-04-15 12:06:08,1776254768,R_75,32562.2509,-1,10.595799999999144,BACKFILL_AUTO
2026-04-15 12:06:10,1776254770,R_75,32567.224,1,4.973099999999249,BACKFILL_AUTO
2026-04-15 12:06:12,1776254772,R_75,32566.9416,-1,0.2824000000000524,BACKFILL_AUTO
2026-04-15 12:06:14,1776254774,R_75,32563.6426,-1,3.2989999999990687,BACKFILL_AUTO
2026-04-15 12:06:16,1776254776,R_75,32566.1799,1,2.5372999999999593,BACKFILL_AUTO
2026-04-15 12:06:18,1776254778,R_75,32557.1407,-1,9.039199999999255,BACKFILL_AUTO
2026-04-15 12:06:20,1776254780,R_75,32556.0981,-1,1.0426000000006752,BACKFILL_AUTO
2026-04-15 12:06:22,1776254782,R_75,32551.9835,-1,4.114600000000792,BACKFILL_AUTO
2026-04-15 12:06:24,1776254784,R_75,32539.7649,-1,12.218600000000151,BACKFILL_AUTO
2026-04-15 12:06:26,1776254786,R_75,32543.5694,1,3.804500000002008,BACKFILL_AUTO
2026-04-15 12:06:28,1776254788,R_75,32548.5233,1,4.953900000000431,BACKFILL_AUTO
2026-04-15 12:06:30,1776254790,R_75,32548.9082,1,0.3849000000009255,BACKFILL_AUTO
2026-04-15 12:06:32,1776254792,R_75,32539.908,-1,9.000200000002224,BACKFILL_AUTO
2026-04-15 12:06:34,1776254794,R_75,32543.6141,1,3.7060999999994237,BACKFILL_AUTO
2026-04-15 12:06:36,1776254796,R_75,32538.4326,-1,5.181499999998778,BACKFILL_AUTO
2026-04-15 12:06:38,1776254798,R_75,32538.6871,1,0.2544999999990978,BACKFILL_AUTO
2026-04-15 12:06:40,1776254800,R_75,32542.1886,1,3.5015000000021246,BACKFILL_AUTO
2026-04-15 12:06:42,1776254802,R_75,32541.0542,-1,1.1344000000026426,BACKFILL_AUTO
2026-04-15 12:06:44,1776254804,R_75,32537.888,-1,3.1661999999996624,BACKFILL_AUTO
2026-04-15 12:06:46,1776254806,R_75,32538.0417,1,0.15370000000257278,BACKFILL_AUTO
2026-04-15 12:06:48,1776254808,R_75,32540.9057,1,2.863999999997759,BACKFILL_AUTO
2026-04-15 12:06:50,1776254810,R_75,32539.1555,-1,1.7501999999985856,BACKFILL_AUTO
2026-04-15 12:06:52,1776254812,R_75,32536.917,-1,2.238499999999476,BACKFILL_AUTO
2026-04-15 12:06:54,1776254814,R_75,32543.263,1,6.34599999999773,BACKFILL_AUTO
2026-04-15 12:06:56,1776254816,R_75,32543.6117,1,0.34870000000228174,BACKFILL_AUTO
2026-04-15 12:06:58,1776254818,R_75,32545.4669,1,1.855199999998149,BACKFILL_AUTO
2026-04-15 12:07:00,1776254820,R_75,32544.0193,-1,1.447599999999511,BACKFILL_AUTO
2026-04-15 12:07:02,1776254822,R_75,32553.15,1,9.130700000001525,BACKFILL_AUTO
2026-04-15 12:07:04,1776254824,R_75,32558.7319,1,5.581899999997404,BACKFILL_AUTO
2026-04-15 12:07:06,1776254826,R_75,32556.016,-1,2.7158999999992375,BACKFILL_AUTO
2026-04-15 12:07:08,1776254828,R_75,32550.8306,-1,5.185399999998481,BACKFILL_AUTO
2026-04-15 12:07:10,1776254830,R_75,32551.6124,1,0.7818000000006577,BACKFILL_AUTO
2026-04-15 12:07:12,1776254832,R_75,32553.1396,1,1.5271999999968102,BACKFILL_AUTO
2026-04-15 12:07:14,1776254834,R_75,32556.76,1,3.6203999999997905,BACKFILL_AUTO
2026-04-15 12:07:16,1776254836,R_75,32569.3517,1,12.591700000000856,BACKFILL_AUTO
2026-04-15 12:07:18,1776254838,R_75,32566.4391,-1,2.9125999999996566,BACKFILL_AUTO
2026-04-15 12:07:20,1776254840,R_75,32567.5538,1,1.1147000000019034,BACKFILL_AUTO
2026-04-15 12:07:22,1776254842,R_75,32569.2677,1,1.71389999999883,BACKFILL_AUTO
2026-04-15 12:07:24,1776254844,R_75,32571.6601,1,2.3924000000006345,BACKFILL_AUTO
2026-04-15 12:07:26,1776254846,R_75,32582.8626,1,11.202499999999418,BACKFILL_AUTO
2026-04-15 12:07:28,1776254848,R_75,32579.9479,-1,2.914700000001176,BACKFILL_AUTO
2026-04-15 12:07:30,1776254850,R_75,32596.8345,1,16.886600000001636,BACKFILL_AUTO
2026-04-15 12:07:32,1776254852,R_75,32596.7792,-1,0.05529999999998836,BACKFILL_AUTO
2026-04-15 12:07:34,1776254854,R_75,32592.7265,-1,4.052700000000186,BACKFILL_AUTO
2026-04-15 12:07:36,1776254856,R_75,32592.5083,-1,0.21819999999934225,BACKFILL_AUTO
2026-04-15 12:07:38,1776254858,R_75,32600.2032,1,7.694899999998597,BACKFILL_AUTO
2026-04-15 12:07:40,1776254860,R_75,32600.2822,1,0.0790000000015425,BACKFILL_AUTO
2026-04-15 12:07:42,1776254862,R_75,32604.6607,1,4.378499999998894,BACKFILL_AUTO
2026-04-15 12:07:44,1776254864,R_75,32609.4776,1,4.816899999997986,BACKFILL_AUTO
2026-04-15 12:07:46,1776254866,R_75,32614.8143,1,5.336699999999837,BACKFILL_AUTO
2026-04-15 12:07:48,1776254868,R_75,32613.8639,-1,0.9503999999978987,BACKFILL_AUTO
2026-04-15 12:07:50,1776254870,R_75,32610.7923,-1,3.0715999999993073,BACKFILL_AUTO
2026-04-15 12:07:52,1776254872,R_75,32606.6029,-1,4.189399999999296,BACKFILL_AUTO
2026-04-15 12:07:54,1776254874,R_75,32602.6727,-1,3.9302000000025146,BACKFILL_AUTO
2026-04-15 12:07:56,1776254876,R_75,32604.0565,1,1.38379999999961,BACKFILL_AUTO
2026-04-15 12:07:58,1776254878,R_75,32598.0721,-1,5.9843999999975495,BACKFILL_AUTO
2026-04-15 12:08:00,1776254880,R_75,32609.6405,1,11.56840000000011,BACKFILL_AUTO
2026-04-15 12:08:02,1776254882,R_75,32612.5564,1,2.915899999999965,BACKFILL_AUTO
2026-04-15 12:08:04,1776254884,R_75,32617.042,1,4.485599999999977,BACKFILL_AUTO
2026-04-15 12:08:06,1776254886,R_75,32608.6775,-1,8.36449999999968,BACKFILL_AUTO
2026-04-15 12:08:08,1776254888,R_75,32618.1421,1,9.464599999999336,BACKFILL_AUTO
2026-04-15 12:08:10,1776254890,R_75,32611.2918,-1,6.85030000000188,BACKFILL_AUTO
2026-04-15 12:08:12,1776254892,R_75,32601.0085,-1,10.283299999999144,BACKFILL_AUTO
2026-04-15 12:08:14,1776254894,R_75,32592.3117,-1,8.69680000000153,BACKFILL_AUTO
2026-04-15 12:08:16,1776254896,R_75,32593.0637,1,0.7520000000004075,BACKFILL_AUTO
2026-04-15 12:08:18,1776254898,R_75,32583.0663,-1,9.997400000000198,BACKFILL_AUTO
2026-04-15 12:08:20,1776254900,R_75,32592.8784,1,9.812100000002829,BACKFILL_AUTO
2026-04-15 12:08:22,1776254902,R_75,32598.6517,1,5.773299999997107,BACKFILL_AUTO
2026-04-15 12:08:24,1776254904,R_75,32592.6515,-1,6.0001999999985856,BACKFILL_AUTO
2026-04-15 12:08:26,1776254906,R_75,32581.8733,-1,10.778200000000652,BACKFILL_AUTO
2026-04-15 12:08:28,1776254908,R_75,32577.0889,-1,4.78440000000046,BACKFILL_AUTO
2026-04-15 12:08:30,1776254910,R_75,32581.9898,1,4.900900000000547,BACKFILL_AUTO
2026-04-15 12:08:32,1776254912,R_75,32582.3335,1,0.3437000000012631,BACKFILL_AUTO
2026-04-15 12:08:34,1776254914,R_75,32571.9961,-1,10.337400000000343,BACKFILL_AUTO
2026-04-15 12:08:36,1776254916,R_75,32577.159,1,5.162899999999354,BACKFILL_AUTO
2026-04-15 12:08:38,1776254918,R_75,32568.2699,-1,8.889100000000326,BACKFILL_AUTO
2026-04-15 12:08:40,1776254920,R_75,32573.1976,1,4.927700000000186,BACKFILL_AUTO
2026-04-15 12:08:42,1776254922,R_75,32557.3245,-1,15.873100000000704,BACKFILL_AUTO
2026-04-15 12:08:44,1776254924,R_75,32564.5172,1,7.192699999999604,BACKFILL_AUTO
2026-04-15 12:08:46,1776254926,R_75,32559.5398,-1,4.977399999999761,BACKFILL_AUTO
2026-04-15 12:08:48,1776254928,R_75,32563.4879,1,3.948100000001432,BACKFILL_AUTO
2026-04-15 12:08:50,1776254930,R_75,32576.938,1,13.450099999998201,BACKFILL_AUTO
2026-04-15 12:08:52,1776254932,R_75,32580.7268,1,3.788800000002084,BACKFILL_AUTO
2026-04-15 12:08:54,1776254934,R_75,32572.9963,-1,7.730500000001484,BACKFILL_AUTO
2026-04-15 12:08:56,1776254936,R_75,32558.6184,-1,14.3778999999995,BACKFILL_AUTO
2026-04-15 12:08:58,1776254938,R_75,32562.7588,1,4.140400000000227,BACKFILL_AUTO
2026-04-15 12:09:00,1776254940,R_75,32564.9955,1,2.236700000001292,BACKFILL_AUTO
2026-04-15 12:09:02,1776254942,R_75,32556.3874,-1,8.608100000001286,BACKFILL_AUTO
2026-04-15 12:09:04,1776254944,R_75,32551.6673,-1,4.720099999998638,BACKFILL_AUTO
2026-04-15 12:09:06,1776254946,R_75,32555.0313,1,3.363999999997759,BACKFILL_AUTO
2026-04-15 12:09:08,1776254948,R_75,32549.3517,-1,5.679599999999482,BACKFILL_AUTO
2026-04-15 12:09:10,1776254950,R_75,32549.0214,-1,0.33029999999780557,BACKFILL_AUTO
2026-04-15 12:09:12,1776254952,R_75,32553.3368,1,4.315399999999499,BACKFILL_AUTO
2026-04-15 12:09:14,1776254954,R_75,32562.2155,1,8.87869999999748,BACKFILL_AUTO
2026-04-15 12:09:16,1776254956,R_75,32564.6593,1,2.4438000000009197,BACKFILL_AUTO
2026-04-15 12:09:18,1776254958,R_75,32558.4534,-1,6.205900000000838,BACKFILL_AUTO
2026-04-15 12:09:20,1776254960,R_75,32559.026,1,0.572600000003149,BACKFILL_AUTO
2026-04-15 12:09:22,1776254962,R_75,32555.33,-1,3.6959999999999127,BACKFILL_AUTO
2026-04-15 12:09:24,1776254964,R_75,32555.9874,1,0.6574000000000524,BACKFILL_AUTO
2026-04-15 12:09:26,1776254966,R_75,32554.8852,-1,1.1022000000011758,BACKFILL_AUTO
2026-04-15 12:09:28,1776254968,R_75,32543.5301,-1,11.355100000000675,BACKFILL_AUTO
2026-04-15 12:09:30,1776254970,R_75,32539.2626,-1,4.267500000001746,BACKFILL_AUTO
2026-04-15 12:09:32,1776254972,R_75,32552.0658,1,12.803200000002107,BACKFILL_AUTO
2026-04-15 12:09:34,1776254974,R_75,32553.1234,1,1.0576000000000931,BACKFILL_AUTO
2026-04-15 12:09:36,1776254976,R_75,32555.6522,1,2.5288000000000466,BACKFILL_AUTO
2026-04-15 12:09:38,1776254978,R_75,32550.5977,-1,5.054500000002008,BACKFILL_AUTO
2026-04-15 12:09:40,1776254980,R_75,32556.9781,1,6.380400000001828,BACKFILL_AUTO
2026-04-15 12:09:42,1776254982,R_75,32555.9529,-1,1.0252000000000407,BACKFILL_AUTO
2026-04-15 12:09:44,1776254984,R_75,32551.3628,-1,4.590100000001257,BACKFILL_AUTO
2026-04-15 12:09:46,1776254986,R_75,32551.5997,1,0.23689999999987776,BACKFILL_AUTO
2026-04-15 12:09:48,1776254988,R_75,32552.1903,1,0.5905999999995402,BACKFILL_AUTO
2026-04-15 12:09:50,1776254990,R_75,32550.4229,-1,1.7673999999969965,BACKFILL_AUTO
2026-04-15 12:09:52,1776254992,R_75,32554.3219,1,3.8989999999976135,BACKFILL_AUTO
2026-04-15 12:09:54,1776254994,R_75,32558.4106,1,4.0887000000002445,BACKFILL_AUTO
2026-04-15 12:09:56,1776254996,R_75,32560.0332,1,1.6226000000024214,BACKFILL_AUTO
2026-04-15 12:09:58,1776254998,R_75,32544.4642,-1,15.569000000003143,BACKFILL_AUTO
2026-04-15 12:10:00,1776255000,R_75,32555.8882,1,11.424000000002707,BACKFILL_AUTO
2026-04-15 12:10:02,1776255002,R_75,32568.0377,1,12.149499999999534,BACKFILL_AUTO
2026-04-15 12:10:04,1776255004,R_75,32564.2383,-1,3.7993999999998778,BACKFILL_AUTO
2026-04-15 12:10:06,1776255006,R_75,32561.583,-1,2.655300000002171,BACKFILL_AUTO
2026-04-15 12:10:08,1776255008,R_75,32561.5733,-1,0.00969999999870197,BACKFILL_AUTO
2026-04-15 12:10:10,1776255010,R_75,32556.8249,-1,4.748400000000402,BACKFILL_AUTO
2026-04-15 12:10:12,1776255012,R_75,32550.8709,-1,5.9539999999979045,BACKFILL_AUTO
2026-04-15 12:10:14,1776255014,R_75,32551.035,1,0.16409999999814318,BACKFILL_AUTO
2026-04-15 12:10:16,1776255016,R_75,32548.7355,-1,2.2995000000009895,BACKFILL_AUTO
2026-04-15 12:10:18,1776255018,R_75,32545.1931,-1,3.5423999999984517,BACKFILL_AUTO
2026-04-15 12:10:20,1776255020,R_75,32543.2843,-1,1.9088000000010652,BACKFILL_AUTO
2026-04-15 12:10:22,1776255022,R_75,32544.0701,1,0.7858000000014727,BACKFILL_AUTO
2026-04-15 12:10:24,1776255024,R_75,32539.2855,-1,4.784599999999045,BACKFILL_AUTO
2026-04-15 12:10:26,1776255026,R_75,32545.3761,1,6.09059999999954,BACKFILL_AUTO
2026-04-15 12:10:28,1776255028,R_75,32536.4109,-1,8.965200000002369,BACKFILL_AUTO
2026-04-15 12:10:30,1776255030,R_75,32538.0472,1,1.6363000000019383,BACKFILL_AUTO
2026-04-15 12:10:32,1776255032,R_75,32527.4692,-1,10.578000000001339,BACKFILL_AUTO
2026-04-15 12:10:34,1776255034,R_75,32525.6858,-1,1.7834000000002561,BACKFILL_AUTO
2026-04-15 12:10:36,1776255036,R_75,32524.9399,-1,0.7458999999980733,BACKFILL_AUTO
2026-04-15 12:10:38,1776255038,R_75,32538.6915,1,13.751599999999598,BACKFILL_AUTO
2026-04-15 12:10:40,1776255040,R_75,32552.5135,1,13.822000000000116,BACKFILL_AUTO
2026-04-15 12:10:42,1776255042,R_75,32537.3699,-1,15.143599999999424,BACKFILL_AUTO
2026-04-15 12:10:44,1776255044,R_75,32543.0626,1,5.692699999999604,BACKFILL_AUTO
2026-04-15 12:10:46,1776255046,R_75,32546.8927,1,3.83009999999922,BACKFILL_AUTO
2026-04-15 12:10:48,1776255048,R_75,32543.0345,-1,3.85819999999876,BACKFILL_AUTO
2026-04-15 12:10:50,1776255050,R_75,32543.9732,1,0.9386999999987893,BACKFILL_AUTO
2026-04-15 12:10:52,1776255052,R_75,32546.8446,1,2.871399999999994,BACKFILL_AUTO
2026-04-15 12:10:54,1776255054,R_75,32558.3703,1,11.525699999998324,BACKFILL_AUTO
2026-04-15 12:10:56,1776255056,R_75,32567.0207,1,8.650400000002264,BACKFILL_AUTO
2026-04-15 12:10:58,1776255058,R_75,32570.8387,1,3.8179999999993015,BACKFILL_AUTO
2026-04-15 12:11:00,1776255060,R_75,32567.1583,-1,3.6804000000011,BACKFILL_AUTO
2026-04-15 12:11:02,1776255062,R_75,32554.8055,-1,12.35280000000057,BACKFILL_AUTO
2026-04-15 12:11:04,1776255064,R_75,32543.3296,-1,11.475899999997637,BACKFILL_AUTO
2026-04-15 12:11:06,1776255066,R_75,32537.1058,-1,6.2237999999997555,BACKFILL_AUTO
2026-04-15 12:11:08,1776255068,R_75,32546.7981,1,9.692299999998795,BACKFILL_AUTO
2026-04-15 12:11:10,1776255070,R_75,32539.3211,-1,7.476999999998952,BACKFILL_AUTO
2026-04-15 12:11:12,1776255072,R_75,32545.9245,1,6.603399999999965,BACKFILL_AUTO
2026-04-15 12:11:14,1776255074,R_75,32548.8853,1,2.960800000000745,BACKFILL_AUTO
2026-04-15 12:11:16,1776255076,R_75,32548.1895,-1,0.6958000000013271,BACKFILL_AUTO
2026-04-15 12:11:18,1776255078,R_75,32552.0256,1,3.8361000000004424,BACKFILL_AUTO
2026-04-15 12:11:20,1776255080,R_75,32549.0654,-1,2.9602000000013504,BACKFILL_AUTO
2026-04-15 12:11:22,1776255082,R_75,32557.4507,1,8.385300000001735,BACKFILL_AUTO
2026-04-15 12:11:24,1776255084,R_75,32559.5479,1,2.097200000000157,BACKFILL_AUTO
2026-04-15 12:11:26,1776255086,R_75,32564.1375,1,4.589599999999336,BACKFILL_AUTO
2026-04-15 12:11:28,1776255088,R_75,32556.174,-1,7.963500000001659,BACKFILL_AUTO
2026-04-15 12:11:30,1776255090,R_75,32554.7043,-1,1.4696999999978289,BACKFILL_AUTO
2026-04-15 12:11:32,1776255092,R_75,32547.6644,-1,7.039899999999761,BACKFILL_AUTO
2026-04-15 12:11:34,1776255094,R_75,32545.225,-1,2.4394000000029337,BACKFILL_AUTO
2026-04-15 12:11:36,1776255096,R_75,32540.5945,-1,4.6304999999993015,BACKFILL_AUTO
2026-04-15 12:11:38,1776255098,R_75,32531.6827,-1,8.911799999998038,BACKFILL_AUTO
2026-04-15 12:11:40,1776255100,R_75,32513.5734,-1,18.109300000000076,BACKFILL_AUTO
2026-04-15 12:11:42,1776255102,R_75,32511.0778,-1,2.495600000002014,BACKFILL_AUTO
2026-04-15 12:11:44,1776255104,R_75,32498.7239,-1,12.353899999998248,BACKFILL_AUTO
2026-04-15 12:11:46,1776255106,R_75,32499.6837,1,0.9598000000005413,BACKFILL_AUTO
2026-04-15 12:11:48,1776255108,R_75,32491.3533,-1,8.330400000002555,BACKFILL_AUTO
2026-04-15 12:11:50,1776255110,R_75,32488.8082,-1,2.5450999999993655,BACKFILL_AUTO
2026-04-15 12:11:52,1776255112,R_75,32481.7942,-1,7.013999999999214,BACKFILL_AUTO
2026-04-15 12:11:54,1776255114,R_75,32482.2206,1,0.4264000000002852,BACKFILL_AUTO
2026-04-15 12:11:56,1776255116,R_75,32480.8373,-1,1.3833000000013271,BACKFILL_AUTO
2026-04-15 12:11:58,1776255118,R_75,32469.2147,-1,11.622599999998783,BACKFILL_AUTO
2026-04-15 12:12:00,1776255120,R_75,32469.3608,1,0.14609999999811407,BACKFILL_AUTO
2026-04-15 12:12:02,1776255122,R_75,32470.8732,1,1.5124000000032538,BACKFILL_AUTO
2026-04-15 12:12:04,1776255124,R_75,32474.6579,1,3.784699999996519,BACKFILL_AUTO
2026-04-15 12:12:06,1776255126,R_75,32475.041,1,0.3831000000027416,BACKFILL_AUTO
2026-04-15 12:12:08,1776255128,R_75,32474.9678,-1,0.07320000000254367,BACKFILL_AUTO
2026-04-15 12:12:10,1776255130,R_75,32472.4823,-1,2.485499999998865,BACKFILL_AUTO
2026-04-15 12:12:12,1776255132,R_75,32476.8606,1,4.3783000000003085,BACKFILL_AUTO
2026-04-15 12:12:14,1776255134,R_75,32484.0085,1,7.147899999999936,BACKFILL_AUTO
2026-04-15 12:12:16,1776255136,R_75,32484.5494,1,0.5408999999999651,BACKFILL_AUTO
2026-04-15 12:12:18,1776255138,R_75,32482.9991,-1,1.5502999999989697,BACKFILL_AUTO
2026-04-15 12:12:20,1776255140,R_75,32485.0611,1,2.061999999998079,BACKFILL_AUTO
2026-04-15 12:12:22,1776255142,R_75,32488.9531,1,3.8919999999998254,BACKFILL_AUTO
2026-04-15 12:12:24,1776255144,R_75,32501.7372,1,12.784100000000763,BACKFILL_AUTO
2026-04-15 12:12:26,1776255146,R_75,32499.185,-1,2.5521999999982654,BACKFILL_AUTO
2026-04-15 12:12:28,1776255148,R_75,32503.1807,1,3.9956999999994878,BACKFILL_AUTO
2026-04-15 12:12:30,1776255150,R_75,32501.5935,-1,1.5872000000017579,BACKFILL_AUTO
2026-04-15 12:12:32,1776255152,R_75,32503.349,1,1.7554999999993015,BACKFILL_AUTO
2026-04-15 12:12:34,1776255154,R_75,32503.3789,1,0.02990000000136206,BACKFILL_AUTO
2026-04-15 12:12:36,1776255156,R_75,32505.7464,1,2.367500000000291,BACKFILL_AUTO
2026-04-15 12:12:38,1776255158,R_75,32498.637,-1,7.109400000001187,BACKFILL_AUTO
2026-04-15 12:12:40,1776255160,R_75,32490.6282,-1,8.00879999999961,BACKFILL_AUTO
2026-04-15 12:12:42,1776255162,R_75,32495.4988,1,4.870600000002014,BACKFILL_AUTO
2026-04-15 12:12:44,1776255164,R_75,32496.2746,1,0.7757999999994354,BACKFILL_AUTO
2026-04-15 12:12:46,1776255166,R_75,32491.9059,-1,4.36869999999908,BACKFILL_AUTO
2026-04-15 12:12:48,1776255168,R_75,32493.7406,1,1.8346999999994296,BACKFILL_AUTO
2026-04-15 12:12:50,1776255170,R_75,32499.9452,1,6.204599999997299,BACKFILL_AUTO
2026-04-15 12:12:52,1776255172,R_75,32506.0035,1,6.0583000000005995,BACKFILL_AUTO
2026-04-15 12:12:54,1776255174,R_75,32507.9198,1,1.9163000000007742,BACKFILL_AUTO
2026-04-15 12:12:56,1776255176,R_75,32507.8489,-1,0.07089999999880092,BACKFILL_AUTO
2026-04-15 12:12:58,1776255178,R_75,32512.1529,1,4.304000000000087,BACKFILL_AUTO
2026-04-15 12:13:00,1776255180,R_75,32510.1917,-1,1.9612000000015541,BACKFILL_AUTO
2026-04-15 12:13:02,1776255182,R_75,32506.5639,-1,3.6277999999983876,BACKFILL_AUTO
2026-04-15 12:13:04,1776255184,R_75,32503.1488,-1,3.415100000001985,BACKFILL_AUTO
2026-04-15 12:13:06,1776255186,R_75,32505.3619,1,2.21310000000085,BACKFILL_AUTO
2026-04-15 12:13:08,1776255188,R_75,32508.071,1,2.709100000000035,BACKFILL_AUTO
2026-04-15 12:13:10,1776255190,R_75,32491.3987,-1,16.67229999999836,BACKFILL_AUTO
2026-04-15 12:13:12,1776255192,R_75,32486.7089,-1,4.689800000000105,BACKFILL_AUTO
2026-04-15 12:13:14,1776255194,R_75,32485.9465,-1,0.7624000000032538,BACKFILL_AUTO
2026-04-15 12:13:16,1776255196,R_75,32491.6824,1,5.735900000003312,BACKFILL_AUTO
2026-04-15 12:13:18,1776255198,R_75,32484.988,-1,6.694400000000314,BACKFILL_AUTO
2026-04-15 12:13:20,1776255200,R_75,32490.5005,1,5.51249999999709,BACKFILL_AUTO
2026-04-15 12:13:22,1776255202,R_75,32496.6234,1,6.122900000002119,BACKFILL_AUTO
2026-04-15 12:13:24,1776255204,R_75,32496.0356,-1,0.5878000000011525,BACKFILL_AUTO
2026-04-15 12:13:26,1776255206,R_75,32496.2871,1,0.2515000000021246,BACKFILL_AUTO
2026-04-15 12:13:28,1776255208,R_75,32497.9289,1,1.6417999999976018,BACKFILL_AUTO
2026-04-15 12:13:30,1776255210,R_75,32495.1145,-1,2.8143999999992957,BACKFILL_AUTO
2026-04-15 12:13:32,1776255212,R_75,32488.8363,-1,6.278200000000652,BACKFILL_AUTO
2026-04-15 12:13:34,1776255214,R_75,32480.4348,-1,8.401499999999942,BACKFILL_AUTO
2026-04-15 12:13:36,1776255216,R_75,32484.2487,1,3.813900000001013,BACKFILL_AUTO
2026-04-15 12:13:38,1776255218,R_75,32491.0776,1,6.828900000000431,BACKFILL_AUTO
2026-04-15 12:13:40,1776255220,R_75,32491.5997,1,0.5220999999983178,BACKFILL_AUTO
2026-04-15 12:13:42,1776255222,R_75,32497.2213,1,5.621600000002218,BACKFILL_AUTO
2026-04-15 12:13:44,1776255224,R_75,32490.2402,-1,6.981100000000879,BACKFILL_AUTO
2026-04-15 12:13:46,1776255226,R_75,32500.2715,1,10.031299999998737,BACKFILL_AUTO
2026-04-15 12:13:48,1776255228,R_75,32510.5995,1,10.328000000001339,BACKFILL_AUTO
2026-04-15 12:13:50,1776255230,R_75,32507.7451,-1,2.854400000000169,BACKFILL_AUTO
2026-04-15 12:13:52,1776255232,R_75,32514.5665,1,6.821400000000722,BACKFILL_AUTO
2026-04-15 12:13:54,1776255234,R_75,32513.8262,-1,0.740300000001298,BACKFILL_AUTO
2026-04-15 12:13:56,1776255236,R_75,32510.8062,-1,3.0200000000004366,BACKFILL_AUTO
2026-04-15 12:13:58,1776255238,R_75,32506.221,-1,4.585199999997712,BACKFILL_AUTO
2026-04-15 12:14:00,1776255240,R_75,32497.9927,-1,8.228300000002491,BACKFILL_AUTO
2026-04-15 12:14:02,1776255242,R_75,32494.2801,-1,3.712599999998929,BACKFILL_AUTO
2026-04-15 12:14:04,1776255244,R_75,32498.7859,1,4.505799999998999,BACKFILL_AUTO
2026-04-15 12:14:06,1776255246,R_75,32497.4223,-1,1.363600000000588,BACKFILL_AUTO
2026-04-15 12:14:08,1776255248,R_75,32504.7004,1,7.278100000003178,BACKFILL_AUTO
2026-04-15 12:14:10,1776255250,R_75,32500.5073,-1,4.193100000000413,BACKFILL_AUTO
2026-04-15 12:14:12,1776255252,R_75,32497.0705,-1,3.4367999999994936,BACKFILL_AUTO
2026-04-15 12:14:14,1776255254,R_75,32493.4975,-1,3.57300000000032,BACKFILL_AUTO
2026-04-15 12:14:16,1776255256,R_75,32500.5371,1,7.039600000000064,BACKFILL_AUTO
2026-04-15 12:14:18,1776255258,R_75,32493.0451,-1,7.492000000002008,BACKFILL_AUTO
2026-04-15 12:14:20,1776255260,R_75,32487.1455,-1,5.899600000000646,BACKFILL_AUTO
2026-04-15 12:14:22,1776255262,R_75,32491.5065,1,4.361000000000786,BACKFILL_AUTO
2026-04-15 12:14:24,1776255264,R_75,32498.6695,1,7.163000000000466,BACKFILL_AUTO
2026-04-15 12:14:26,1776255266,R_75,32493.1054,-1,5.564099999999598,BACKFILL_AUTO
2026-04-15 12:14:28,1776255268,R_75,32490.9952,-1,2.1101999999991676,BACKFILL_AUTO
2026-04-15 12:14:30,1776255270,R_75,32490.0153,-1,0.9799000000020897,BACKFILL_AUTO
2026-04-15 12:14:32,1776255272,R_75,32491.6494,1,1.6340999999993073,BACKFILL_AUTO
2026-04-15 12:14:34,1776255274,R_75,32487.541,-1,4.108399999997346,BACKFILL_AUTO
2026-04-15 12:14:36,1776255276,R_75,32479.8374,-1,7.703600000000733,BACKFILL_AUTO
2026-04-15 12:14:38,1776255278,R_75,32487.8362,1,7.998800000001211,BACKFILL_AUTO
2026-04-15 12:14:40,1776255280,R_75,32481.1482,-1,6.688000000001921,BACKFILL_AUTO
2026-04-15 12:14:42,1776255282,R_75,32480.0272,-1,1.120999999999185,BACKFILL_AUTO
2026-04-15 12:14:44,1776255284,R_75,32475.3467,-1,4.680500000002212,BACKFILL_AUTO
2026-04-15 12:14:46,1776255286,R_75,32481.8025,1,6.455800000003364,BACKFILL_AUTO
2026-04-15 12:14:48,1776255288,R_75,32480.2049,-1,1.5976000000009662,BACKFILL_AUTO
2026-04-15 12:14:50,1776255290,R_75,32485.3676,1,5.162700000000768,BACKFILL_AUTO
2026-04-15 12:14:52,1776255292,R_75,32475.6758,-1,9.691800000000512,BACKFILL_AUTO
2026-04-15 12:14:54,1776255294,R_75,32470.3497,-1,5.326100000002043,BACKFILL_AUTO
2026-04-15 12:14:56,1776255296,R_75,32458.9885,-1,11.361199999999371,BACKFILL_AUTO
2026-04-15 12:14:58,1776255298,R_75,32460.7785,1,1.7900000000008731,BACKFILL_AUTO
2026-04-15 12:15:00,1776255300,R_75,32456.3379,-1,4.440600000001723,BACKFILL_AUTO
2026-04-15 12:15:02,1776255302,R_75,32451.0714,-1,5.2664999999979045,BACKFILL_AUTO
2026-04-15 12:15:04,1776255304,R_75,32450.7939,-1,0.2775000000001455,BACKFILL_AUTO
2026-04-15 12:15:06,1776255306,R_75,32437.5938,-1,13.20010000000184,BACKFILL_AUTO
2026-04-15 12:15:08,1776255308,R_75,32431.7359,-1,5.857899999999063,BACKFILL_AUTO
2026-04-15 12:15:10,1776255310,R_75,32428.5541,-1,3.181799999998475,BACKFILL_AUTO
2026-04-15 12:15:12,1776255312,R_75,32425.7903,-1,2.7638000000006286,BACKFILL_AUTO
2026-04-15 12:15:14,1776255314,R_75,32423.6711,-1,2.119200000001001,BACKFILL_AUTO
2026-04-15 12:15:16,1776255316,R_75,32428.8526,1,5.181499999998778,BACKFILL_AUTO
2026-04-15 12:15:18,1776255318,R_75,32428.9247,1,0.07210000000122818,BACKFILL_AUTO
2026-04-15 12:15:20,1776255320,R_75,32433.9744,1,5.049699999999575,BACKFILL_AUTO
2026-04-15 12:15:22,1776255322,R_75,32421.9641,-1,12.010299999998097,BACKFILL_AUTO
2026-04-15 12:15:24,1776255324,R_75,32420.1175,-1,1.8466000000007625,BACKFILL_AUTO
2026-04-15 12:15:26,1776255326,R_75,32432.3991,1,12.281599999998434,BACKFILL_AUTO
2026-04-15 12:15:28,1776255328,R_75,32441.1865,1,8.787400000001071,BACKFILL_AUTO
2026-04-15 12:15:30,1776255330,R_75,32438.5063,-1,2.6801999999988766,BACKFILL_AUTO
2026-04-15 12:15:32,1776255332,R_75,32434.2185,-1,4.28780000000188,BACKFILL_AUTO
2026-04-15 12:15:34,1776255334,R_75,32431.5084,-1,2.7101000000002387,BACKFILL_AUTO
2026-04-15 12:15:36,1776255336,R_75,32425.3076,-1,6.200799999998708,BACKFILL_AUTO
2026-04-15 12:15:38,1776255338,R_75,32430.2927,1,4.985100000001694,BACKFILL_AUTO
2026-04-15 12:15:40,1776255340,R_75,32434.7737,1,4.480999999999767,BACKFILL_AUTO
2026-04-15 12:15:42,1776255342,R_75,32441.2927,1,6.519000000000233,BACKFILL_AUTO
2026-04-15 12:15:44,1776255344,R_75,32442.9088,1,1.6160999999992782,BACKFILL_AUTO
2026-04-15 12:15:46,1776255346,R_75,32448.3242,1,5.415399999998044,BACKFILL_AUTO
2026-04-15 12:15:48,1776255348,R_75,32453.6784,1,5.354200000001583,BACKFILL_AUTO
2026-04-15 12:15:50,1776255350,R_75,32452.5125,-1,1.165899999999965,BACKFILL_AUTO
2026-04-15 12:15:52,1776255352,R_75,32448.1398,-1,4.372699999999895,BACKFILL_AUTO
2026-04-15 12:15:54,1776255354,R_75,32444.736,-1,3.4038000000000466,BACKFILL_AUTO
2026-04-15 12:15:56,1776255356,R_75,32449.3455,1,4.609499999998661,BACKFILL_AUTO
2026-04-15 12:15:58,1776255358,R_75,32445.7822,-1,3.56329999999798,BACKFILL_AUTO
2026-04-15 12:16:00,1776255360,R_75,32444.7695,-1,1.0127000000029511,BACKFILL_AUTO
2026-04-15 12:16:02,1776255362,R_75,32435.3488,-1,9.42069999999876,BACKFILL_AUTO
2026-04-15 12:16:04,1776255364,R_75,32432.5531,-1,2.79569999999876,BACKFILL_AUTO
2026-04-15 12:16:06,1776255366,R_75,32427.2985,-1,5.2546000000002095,BACKFILL_AUTO
2026-04-15 12:16:08,1776255368,R_75,32423.3366,-1,3.9619000000020606,BACKFILL_AUTO
2026-04-15 12:16:10,1776255370,R_75,32422.967,-1,0.3695999999981723,BACKFILL_AUTO
2026-04-15 12:16:12,1776255372,R_75,32415.3832,-1,7.583800000000338,BACKFILL_AUTO
2026-04-15 12:16:14,1776255374,R_75,32428.9826,1,13.59939999999915,BACKFILL_AUTO
2026-04-15 12:16:16,1776255376,R_75,32425.9466,-1,3.036000000000058,BACKFILL_AUTO
2026-04-15 12:16:18,1776255378,R_75,32434.383,1,8.436400000002322,BACKFILL_AUTO
2026-04-15 12:16:20,1776255380,R_75,32421.9971,-1,12.38590000000113,BACKFILL_AUTO
2026-04-15 12:16:22,1776255382,R_75,32419.045,-1,2.952100000002247,BACKFILL_AUTO
2026-04-15 12:16:24,1776255384,R_75,32409.4462,-1,9.598799999999756,BACKFILL_AUTO
2026-04-15 12:16:26,1776255386,R_75,32404.5084,-1,4.937799999999697,BACKFILL_AUTO
2026-04-15 12:16:28,1776255388,R_75,32397.1735,-1,7.334899999998015,BACKFILL_AUTO
2026-04-15 12:16:30,1776255390,R_75,32393.4562,-1,3.7173000000002503,BACKFILL_AUTO
2026-04-15 12:16:32,1776255392,R_75,32383.3015,-1,10.154699999999139,BACKFILL_AUTO
2026-04-15 12:16:34,1776255394,R_75,32380.8676,-1,2.433899999999994,BACKFILL_AUTO
2026-04-15 12:16:36,1776255396,R_75,32380.6713,-1,0.19629999999961,BACKFILL_AUTO
2026-04-15 12:16:38,1776255398,R_75,32384.4698,1,3.798499999997148,BACKFILL_AUTO
2026-04-15 12:16:40,1776255400,R_75,32384.6402,1,0.17040000000270084,BACKFILL_AUTO
2026-04-15 12:16:42,1776255402,R_75,32373.9551,-1,10.685100000002421,BACKFILL_AUTO
2026-04-15 12:16:44,1776255404,R_75,32369.7024,-1,4.252700000000914,BACKFILL_AUTO
2026-04-15 12:16:46,1776255406,R_75,32368.2527,-1,1.4496999999973923,BACKFILL_AUTO
2026-04-15 12:16:48,1776255408,R_75,32375.0902,1,6.837499999997817,BACKFILL_AUTO
2026-04-15 12:16:50,1776255410,R_75,32377.9787,1,2.8885000000009313,BACKFILL_AUTO
2026-04-15 12:16:52,1776255412,R_75,32372.832,-1,5.146700000001147,BACKFILL_AUTO
2026-04-15 12:16:54,1776255414,R_75,32376.1905,1,3.3585000000020955,BACKFILL_AUTO
2026-04-15 12:16:56,1776255416,R_75,32370.9466,-1,5.243900000001304,BACKFILL_AUTO
2026-04-15 12:16:58,1776255418,R_75,32371.605,1,0.6584000000002561,BACKFILL_AUTO
2026-04-15 12:17:00,1776255420,R_75,32370.0253,-1,1.579699999998411,BACKFILL_AUTO
2026-04-15 12:17:02,1776255422,R_75,32373.6422,1,3.6168999999972584,BACKFILL_AUTO
2026-04-15 12:17:04,1776255424,R_75,32376.885,1,3.2427999999999884,BACKFILL_AUTO
2026-04-15 12:17:06,1776255426,R_75,32372.4921,-1,4.392899999998917,BACKFILL_AUTO
2026-04-15 12:17:08,1776255428,R_75,32391.0567,1,18.56460000000152,BACKFILL_AUTO
2026-04-15 12:17:10,1776255430,R_75,32399.8005,1,8.743800000000192,BACKFILL_AUTO
2026-04-15 12:17:12,1776255432,R_75,32391.4964,-1,8.304100000001199,BACKFILL_AUTO
2026-04-15 12:17:14,1776255434,R_75,32388.2867,-1,3.2096999999994296,BACKFILL_AUTO
2026-04-15 12:17:16,1776255436,R_75,32387.6121,-1,0.6746000000021013,BACKFILL_AUTO
2026-04-15 12:17:18,1776255438,R_75,32382.7378,-1,4.874299999999494,BACKFILL_AUTO
2026-04-15 12:17:20,1776255440,R_75,32385.739,1,3.0012000000024273,BACKFILL_AUTO
2026-04-15 12:17:22,1776255442,R_75,32389.9848,1,4.245799999996962,BACKFILL_AUTO
2026-04-15 12:17:24,1776255444,R_75,32383.6336,-1,6.351199999997334,BACKFILL_AUTO
2026-04-15 12:17:26,1776255446,R_75,32382.7068,-1,0.9268000000010943,BACKFILL_AUTO
2026-04-15 12:17:28,1776255448,R_75,32389.4261,1,6.719300000000658,BACKFILL_AUTO
2026-04-15 12:17:30,1776255450,R_75,32380.1002,-1,9.32589999999982,BACKFILL_AUTO
2026-04-15 12:17:32,1776255452,R_75,32376.7926,-1,3.307600000000093,BACKFILL_AUTO
2026-04-15 12:17:34,1776255454,R_75,32384.5016,1,7.708999999998923,BACKFILL_AUTO
2026-04-15 12:17:36,1776255456,R_75,32377.8626,-1,6.638999999999214,BACKFILL_AUTO
2026-04-15 12:17:38,1776255458,R_75,32381.9695,1,4.106899999998859,BACKFILL_AUTO
2026-04-15 12:17:40,1776255460,R_75,32384.1607,1,2.1912000000011176,BACKFILL_AUTO
2026-04-15 12:17:42,1776255462,R_75,32387.3899,1,3.2291999999979453,BACKFILL_AUTO
2026-04-15 12:17:44,1776255464,R_75,32386.6257,-1,0.7641999999977998,BACKFILL_AUTO
2026-04-15 12:17:46,1776255466,R_75,32374.3613,-1,12.264400000000023,BACKFILL_AUTO
2026-04-15 12:17:48,1776255468,R_75,32385.4377,1,11.076399999998102,BACKFILL_AUTO
2026-04-15 12:17:50,1776255470,R_75,32387.7547,1,2.3170000000027358,BACKFILL_AUTO
2026-04-15 12:17:52,1776255472,R_75,32391.0153,1,3.260599999997794,BACKFILL_AUTO
2026-04-15 12:17:54,1776255474,R_75,32393.2573,1,2.242000000002008,BACKFILL_AUTO
2026-04-15 12:17:56,1776255476,R_75,32384.6705,-1,8.586800000000949,BACKFILL_AUTO
2026-04-15 12:17:58,1776255478,R_75,32381.0634,-1,3.6071000000010827,BACKFILL_AUTO
2026-04-15 12:18:00,1776255480,R_75,32383.4418,1,2.3784000000014203,BACKFILL_AUTO
2026-04-15 12:18:02,1776255482,R_75,32378.055,-1,5.386800000000221,BACKFILL_AUTO
2026-04-15 12:18:04,1776255484,R_75,32371.0283,-1,7.026699999998527,BACKFILL_AUTO
2026-04-15 12:18:06,1776255486,R_75,32363.0833,-1,7.945000000003347,BACKFILL_AUTO
2026-04-15 12:18:08,1776255488,R_75,32360.0906,-1,2.9926999999988766,BACKFILL_AUTO
2026-04-15 12:18:10,1776255490,R_75,32358.7548,-1,1.335800000000745,BACKFILL_AUTO
2026-04-15 12:18:12,1776255492,R_75,32367.747,1,8.992200000000594,BACKFILL_AUTO
2026-04-15 12:18:14,1776255494,R_75,32372.535,1,4.788000000000466,BACKFILL_AUTO
2026-04-15 12:18:16,1776255496,R_75,32373.1176,1,0.5826000000015483,BACKFILL_AUTO
2026-04-15 12:18:18,1776255498,R_75,32374.9212,1,1.8035999999992782,BACKFILL_AUTO
2026-04-15 12:18:20,1776255500,R_75,32372.3079,-1,2.6133000000008906,BACKFILL_AUTO
2026-04-15 12:18:22,1776255502,R_75,32363.7987,-1,8.509200000000419,BACKFILL_AUTO
2026-04-15 12:18:24,1776255504,R_75,32359.3419,-1,4.45679999999993,BACKFILL_AUTO
2026-04-15 12:18:26,1776255506,R_75,32365.2804,1,5.938500000000204,BACKFILL_AUTO
2026-04-15 12:18:28,1776255508,R_75,32358.0,-1,7.280399999999645,BACKFILL_AUTO
2026-04-15 12:18:30,1776255510,R_75,32355.9153,-1,2.0846999999994296,BACKFILL_AUTO
2026-04-15 12:18:32,1776255512,R_75,32355.9048,-1,0.010500000000320142,BACKFILL_AUTO
2026-04-15 12:18:34,1776255514,R_75,32350.8487,-1,5.0561000000016065,BACKFILL_AUTO
2026-04-15 12:18:36,1776255516,R_75,32344.5643,-1,6.28440000000046,BACKFILL_AUTO
2026-04-15 12:18:38,1776255518,R_75,32355.1876,1,10.623300000002928,BACKFILL_AUTO
2026-04-15 12:18:40,1776255520,R_75,32358.079,1,2.8914000000004307,BACKFILL_AUTO
2026-04-15 12:18:42,1776255522,R_75,32351.2328,-1,6.846199999999953,BACKFILL_AUTO
2026-04-15 12:18:44,1776255524,R_75,32351.9426,1,0.7097999999969034,BACKFILL_AUTO
2026-04-15 12:18:46,1776255526,R_75,32345.0214,-1,6.921199999997043,BACKFILL_AUTO
2026-04-15 12:18:48,1776255528,R_75,32354.5089,1,9.487499999999272,BACKFILL_AUTO
2026-04-15 12:18:50,1776255530,R_75,32338.4734,-1,16.035500000001775,BACKFILL_AUTO
2026-04-15 12:18:52,1776255532,R_75,32333.8992,-1,4.574199999999109,BACKFILL_AUTO
2026-04-15 12:18:54,1776255534,R_75,32343.496,1,9.596799999999348,BACKFILL_AUTO
2026-04-15 12:18:56,1776255536,R_75,32336.9828,-1,6.513199999997596,BACKFILL_AUTO
2026-04-15 12:18:58,1776255538,R_75,32333.7642,-1,3.2186000000001513,BACKFILL_AUTO
2026-04-15 12:19:00,1776255540,R_75,32338.3024,1,4.538199999999051,BACKFILL_AUTO
2026-04-15 12:19:02,1776255542,R_75,32346.8133,1,8.51090000000113,BACKFILL_AUTO
2026-04-15 12:19:04,1776255544,R_75,32343.3793,-1,3.434000000001106,BACKFILL_AUTO
2026-04-15 12:19:06,1776255546,R_75,32342.6574,-1,0.7219000000004598,BACKFILL_AUTO
2026-04-15 12:19:08,1776255548,R_75,32335.3302,-1,7.327199999999721,BACKFILL_AUTO
2026-04-15 12:19:10,1776255550,R_75,32345.0404,1,9.71020000000135,BACKFILL_AUTO
2026-04-15 12:19:12,1776255552,R_75,32329.4916,-1,15.548800000000483,BACKFILL_AUTO
2026-04-15 12:19:14,1776255554,R_75,32329.6919,1,0.20030000000042492,BACKFILL_AUTO
2026-04-15 12:19:16,1776255556,R_75,32325.3753,-1,4.316600000001927,BACKFILL_AUTO
2026-04-15 12:19:18,1776255558,R_75,32325.5134,1,0.13810000000012224,BACKFILL_AUTO
2026-04-15 12:19:20,1776255560,R_75,32323.3462,-1,2.167199999999866,BACKFILL_AUTO
2026-04-15 12:19:22,1776255562,R_75,32329.2073,1,5.86109999999826,BACKFILL_AUTO
2026-04-15 12:19:24,1776255564,R_75,32325.0012,-1,4.206099999999424,BACKFILL_AUTO
2026-04-15 12:19:26,1776255566,R_75,32322.8915,-1,2.1096999999972468,BACKFILL_AUTO
2026-04-15 12:19:28,1776255568,R_75,32317.1359,-1,5.755600000000413,BACKFILL_AUTO
2026-04-15 12:19:30,1776255570,R_75,32307.9205,-1,9.215400000000955,BACKFILL_AUTO
2026-04-15 12:19:32,1776255572,R_75,32300.5035,-1,7.417000000001281,BACKFILL_AUTO
2026-04-15 12:19:34,1776255574,R_75,32304.9964,1,4.4929000000011,BACKFILL_AUTO
2026-04-15 12:19:36,1776255576,R_75,32296.4542,-1,8.542199999999866,BACKFILL_AUTO
2026-04-15 12:19:38,1776255578,R_75,32302.9777,1,6.523499999999331,BACKFILL_AUTO
2026-04-15 12:19:40,1776255580,R_75,32307.2737,1,4.2960000000020955,BACKFILL_AUTO
2026-04-15 12:19:42,1776255582,R_75,32305.9619,-1,1.3118000000031316,BACKFILL_AUTO
2026-04-15 12:19:44,1776255584,R_75,32310.3523,1,4.390400000000227,BACKFILL_AUTO
2026-04-15 12:19:46,1776255586,R_75,32310.6584,1,0.30610000000160653,BACKFILL_AUTO
2026-04-15 12:19:48,1776255588,R_75,32318.3298,1,7.671399999999267,BACKFILL_AUTO
2026-04-15 12:19:50,1776255590,R_75,32315.6918,-1,2.6379999999990105,BACKFILL_AUTO
2026-04-15 12:19:52,1776255592,R_75,32316.4066,1,0.714799999997922,BACKFILL_AUTO
2026-04-15 12:19:54,1776255594,R_75,32313.4567,-1,2.949899999999616,BACKFILL_AUTO
2026-04-15 12:19:56,1776255596,R_75,32312.1709,-1,1.2857999999978347,BACKFILL_AUTO
2026-04-15 12:19:58,1776255598,R_75,32312.5254,1,0.3544999999976426,BACKFILL_AUTO
2026-04-15 12:20:00,1776255600,R_75,32314.4467,1,1.9213000000017928,BACKFILL_AUTO
2026-04-15 12:20:02,1776255602,R_75,32309.2505,-1,5.196200000002136,BACKFILL_AUTO
2026-04-15 12:20:04,1776255604,R_75,32310.5178,1,1.2673000000031607,BACKFILL_AUTO
2026-04-15 12:20:06,1776255606,R_75,32319.5819,1,9.064099999999598,BACKFILL_AUTO
2026-04-15 12:20:08,1776255608,R_75,32313.8806,-1,5.701300000000629,BACKFILL_AUTO
2026-04-15 12:20:10,1776255610,R_75,32305.0899,-1,8.79070000000138,BACKFILL_AUTO
2026-04-15 12:20:12,1776255612,R_75,32303.0778,-1,2.0120999999999185,BACKFILL_AUTO
2026-04-15 12:20:14,1776255614,R_75,32304.6939,1,1.6160999999992782,BACKFILL_AUTO
2026-04-15 12:20:16,1776255616,R_75,32301.9512,-1,2.7426999999988766,BACKFILL_AUTO
2026-04-15 12:20:18,1776255618,R_75,32304.4632,1,2.5119999999988067,BACKFILL_AUTO
2026-04-15 12:20:20,1776255620,R_75,32306.4016,1,1.93840000000273,BACKFILL_AUTO
2026-04-15 12:20:22,1776255622,R_75,32306.9689,1,0.5672999999987951,BACKFILL_AUTO
2026-04-15 12:20:24,1776255624,R_75,32296.8878,-1,10.081099999999424,BACKFILL_AUTO
2026-04-15 12:20:26,1776255626,R_75,32295.2594,-1,1.6284000000014203,BACKFILL_AUTO
2026-04-15 12:20:28,1776255628,R_75,32296.0597,1,0.8003000000026077,BACKFILL_AUTO
2026-04-15 12:20:30,1776255630,R_75,32302.7406,1,6.680899999999383,BACKFILL_AUTO
2026-04-15 12:20:32,1776255632,R_75,32316.5987,1,13.858099999997648,BACKFILL_AUTO
2026-04-15 12:20:34,1776255634,R_75,32319.8198,1,3.2211000000024796,BACKFILL_AUTO
2026-04-15 12:20:36,1776255636,R_75,32315.8824,-1,3.937400000002526,BACKFILL_AUTO
2026-04-15 12:20:38,1776255638,R_75,32322.315,1,6.432600000000093,BACKFILL_AUTO
2026-04-15 12:20:40,1776255640,R_75,32323.9237,1,1.608700000000681,BACKFILL_AUTO
2026-04-15 12:20:42,1776255642,R_75,32312.1094,-1,11.814299999998184,BACKFILL_AUTO
2026-04-15 12:20:44,1776255644,R_75,32304.2277,-1,7.881700000001729,BACKFILL_AUTO
2026-04-15 12:20:46,1776255646,R_75,32310.4485,1,6.220799999999144,BACKFILL_AUTO
2026-04-15 12:20:48,1776255648,R_75,32313.3502,1,2.9017000000021653,BACKFILL_AUTO
2026-04-15 12:20:50,1776255650,R_75,32304.058,-1,9.292199999999866,BACKFILL_AUTO
2026-04-15 12:20:52,1776255652,R_75,32299.8218,-1,4.236199999999371,BACKFILL_AUTO
2026-04-15 12:20:54,1776255654,R_75,32305.8031,1,5.9812999999994645,BACKFILL_AUTO
2026-04-15 12:20:56,1776255656,R_75,32300.4602,-1,5.342899999999645,BACKFILL_AUTO
2026-04-15 12:20:58,1776255658,R_75,32283.9411,-1,16.519100000001345,BACKFILL_AUTO
2026-04-15 12:21:00,1776255660,R_75,32300.663,1,16.72190000000046,BACKFILL_AUTO
2026-04-15 12:21:02,1776255662,R_75,32296.2923,-1,4.370699999999488,BACKFILL_AUTO
2026-04-15 12:21:04,1776255664,R_75,32286.7326,-1,9.559700000001612,BACKFILL_AUTO
2026-04-15 12:21:06,1776255666,R_75,32283.6363,-1,3.096300000001065,BACKFILL_AUTO
2026-04-15 12:21:08,1776255668,R_75,32287.1989,1,3.5626000000011118,BACKFILL_AUTO
2026-04-15 12:21:10,1776255670,R_75,32283.3695,-1,3.8293999999987136,BACKFILL_AUTO
2026-04-15 12:21:12,1776255672,R_75,32287.6096,1,4.2400999999990745,BACKFILL_AUTO
2026-04-15 12:21:14,1776255674,R_75,32286.7429,-1,0.8666999999986729,BACKFILL_AUTO
2026-04-15 12:21:16,1776255676,R_75,32284.338,-1,2.404900000001362,BACKFILL_AUTO
2026-04-15 12:21:18,1776255678,R_75,32276.8378,-1,7.5001999999985856,BACKFILL_AUTO
2026-04-15 12:21:20,1776255680,R_75,32283.0442,1,6.206399999999121,BACKFILL_AUTO
2026-04-15 12:21:22,1776255682,R_75,32294.2475,1,11.203300000001036,BACKFILL_AUTO
2026-04-15 12:21:24,1776255684,R_75,32301.1995,1,6.951999999997497,BACKFILL_AUTO
2026-04-15 12:21:26,1776255686,R_75,32309.5971,1,8.397600000000239,BACKFILL_AUTO
2026-04-15 12:21:28,1776255688,R_75,32307.0924,-1,2.5046999999976833,BACKFILL_AUTO
2026-04-15 12:21:30,1776255690,R_75,32307.9799,1,0.8874999999970896,BACKFILL_AUTO
2026-04-15 12:21:32,1776255692,R_75,32314.9424,1,6.962500000001455,BACKFILL_AUTO
2026-04-15 12:21:34,1776255694,R_75,32305.9326,-1,9.009799999999814,BACKFILL_AUTO
2026-04-15 12:21:36,1776255696,R_75,32307.1301,1,1.1974999999983993,BACKFILL_AUTO
2026-04-15 12:21:38,1776255698,R_75,32308.7641,1,1.6340000000018335,BACKFILL_AUTO
2026-04-15 12:21:40,1776255700,R_75,32317.4165,1,8.652399999999034,BACKFILL_AUTO
2026-04-15 12:21:42,1776255702,R_75,32319.303,1,1.8865000000005239,BACKFILL_AUTO
2026-04-15 12:21:44,1776255704,R_75,32320.8519,1,1.548900000001595,BACKFILL_AUTO
2026-04-15 12:21:46,1776255706,R_75,32320.3633,-1,0.4886000000005879,BACKFILL_AUTO
2026-04-15 12:21:48,1776255708,R_75,32321.9177,1,1.5544000000008964,BACKFILL_AUTO
2026-04-15 12:21:50,1776255710,R_75,32325.2341,1,3.316399999999703,BACKFILL_AUTO
2026-04-15 12:21:52,1776255712,R_75,32333.1526,1,7.918499999999767,BACKFILL_AUTO
2026-04-15 12:21:54,1776255714,R_75,32335.3771,1,2.224500000000262,BACKFILL_AUTO
2026-04-15 12:21:56,1776255716,R_75,32334.5279,-1,0.8492000000005646,BACKFILL_AUTO
2026-04-15 12:21:58,1776255718,R_75,32333.933,-1,0.5949000000000524,BACKFILL_AUTO
2026-04-15 12:22:00,1776255720,R_75,32335.9455,1,2.0125000000007276,BACKFILL_AUTO
2026-04-15 12:22:02,1776255722,R_75,32332.5983,-1,3.347200000000157,BACKFILL_AUTO
2026-04-15 12:22:04,1776255724,R_75,32321.266,-1,11.332300000001851,BACKFILL_AUTO
2026-04-15 12:22:06,1776255726,R_75,32321.4601,1,0.194100000000617,BACKFILL_AUTO
2026-04-15 12:22:08,1776255728,R_75,32322.4893,1,1.0292000000008557,BACKFILL_AUTO
2026-04-15 12:22:10,1776255730,R_75,32322.3147,-1,0.1746000000021013,BACKFILL_AUTO
2026-04-15 12:22:12,1776255732,R_75,32326.1032,1,3.7885000000023865,BACKFILL_AUTO
2026-04-15 12:22:14,1776255734,R_75,32324.5162,-1,1.5870000000031723,BACKFILL_AUTO
2026-04-15 12:22:16,1776255736,R_75,32328.3206,1,3.8044000000008964,BACKFILL_AUTO
2026-04-15 12:22:18,1776255738,R_75,32335.4342,1,7.113600000000588,BACKFILL_AUTO
2026-04-15 12:22:20,1776255740,R_75,32351.8845,1,16.450300000000425,BACKFILL_AUTO
2026-04-15 12:22:22,1776255742,R_75,32348.1044,-1,3.7800999999999476,BACKFILL_AUTO
2026-04-15 12:22:24,1776255744,R_75,32351.2348,1,3.1303999999981897,BACKFILL_AUTO
2026-04-15 12:22:26,1776255746,R_75,32353.0814,1,1.8466000000007625,BACKFILL_AUTO
2026-04-15 12:22:28,1776255748,R_75,32350.777,-1,2.3044000000008964,BACKFILL_AUTO
2026-04-15 12:22:30,1776255750,R_75,32345.9327,-1,4.84429999999702,BACKFILL_AUTO
2026-04-15 12:22:32,1776255752,R_75,32339.7424,-1,6.190300000002026,BACKFILL_AUTO
2026-04-15 12:22:34,1776255754,R_75,32346.3686,1,6.626200000002427,BACKFILL_AUTO
2026-04-15 12:22:36,1776255756,R_75,32339.5932,-1,6.775400000002264,BACKFILL_AUTO
2026-04-15 12:22:38,1776255758,R_75,32339.6141,1,0.020899999999528518,BACKFILL_AUTO
2026-04-15 12:22:40,1776255760,R_75,32338.7622,-1,0.8518999999978405,BACKFILL_AUTO
2026-04-15 12:22:42,1776255762,R_75,32340.4593,1,1.6970999999975902,BACKFILL_AUTO
2026-04-15 12:22:44,1776255764,R_75,32335.8367,-1,4.6225999999987835,BACKFILL_AUTO
2026-04-15 12:22:46,1776255766,R_75,32333.211,-1,2.6257000000005064,BACKFILL_AUTO
2026-04-15 12:22:48,1776255768,R_75,32333.4973,1,0.28629999999975553,BACKFILL_AUTO
2026-04-15 12:22:50,1776255770,R_75,32321.0686,-1,12.42870000000039,BACKFILL_AUTO
2026-04-15 12:22:52,1776255772,R_75,32316.1234,-1,4.9451999999982945,BACKFILL_AUTO
2026-04-15 12:22:54,1776255774,R_75,32325.067,1,8.943599999998696,BACKFILL_AUTO
2026-04-15 12:22:56,1776255776,R_75,32327.0965,1,2.029500000000553,BACKFILL_AUTO
2026-04-15 12:22:58,1776255778,R_75,32322.8381,-1,4.258399999998801,BACKFILL_AUTO
2026-04-15 12:23:00,1776255780,R_75,32323.4822,1,0.6440999999977066,BACKFILL_AUTO
2026-04-15 12:23:02,1776255782,R_75,32321.5062,-1,1.9759999999987485,BACKFILL_AUTO
2026-04-15 12:23:04,1776255784,R_75,32323.51,1,2.0037999999985914,BACKFILL_AUTO
2026-04-15 12:23:06,1776255786,R_75,32328.8364,1,5.32640000000174,BACKFILL_AUTO
2026-04-15 12:23:08,1776255788,R_75,32335.7262,1,6.889800000000832,BACKFILL_AUTO
2026-04-15 12:23:10,1776255790,R_75,32334.9564,-1,0.769800000001851,BACKFILL_AUTO
2026-04-15 12:23:12,1776255792,R_75,32331.5958,-1,3.3605999999999767,BACKFILL_AUTO
2026-04-15 12:23:14,1776255794,R_75,32325.1797,-1,6.416099999998551,BACKFILL_AUTO
2026-04-15 12:23:16,1776255796,R_75,32325.4415,1,0.2618000000002212,BACKFILL_AUTO
2026-04-15 12:23:18,1776255798,R_75,32342.396,1,16.954499999999825,BACKFILL_AUTO
2026-04-15 12:23:20,1776255800,R_75,32338.1455,-1,4.250500000001921,BACKFILL_AUTO
2026-04-15 12:23:22,1776255802,R_75,32336.2929,-1,1.852599999998347,BACKFILL_AUTO
2026-04-15 12:23:24,1776255804,R_75,32340.5341,1,4.24120000000039,BACKFILL_AUTO
2026-04-15 12:23:26,1776255806,R_75,32339.065,-1,1.4691000000020722,BACKFILL_AUTO
2026-04-15 12:23:28,1776255808,R_75,32337.829,-1,1.2359999999971478,BACKFILL_AUTO
2026-04-15 12:23:30,1776255810,R_75,32333.4188,-1,4.410200000002078,BACKFILL_AUTO
2026-04-15 12:23:32,1776255812,R_75,32336.6368,1,3.2180000000007567,BACKFILL_AUTO
2026-04-15 12:23:34,1776255814,R_75,32341.8372,1,5.200400000001537,BACKFILL_AUTO
2026-04-15 12:23:36,1776255816,R_75,32321.854,-1,19.983200000002398,BACKFILL_AUTO
2026-04-15 12:23:38,1776255818,R_75,32325.7834,1,3.9294000000008964,BACKFILL_AUTO
2026-04-15 12:23:40,1776255820,R_75,32327.7779,1,1.9945000000006985,BACKFILL_AUTO
2026-04-15 12:23:42,1776255822,R_75,32320.1827,-1,7.59519999999975,BACKFILL_AUTO
2026-04-15 12:23:44,1776255824,R_75,32330.2616,1,10.07890000000043,BACKFILL_AUTO
2026-04-15 12:23:46,1776255826,R_75,32319.953,-1,10.308600000000297,BACKFILL_AUTO
2026-04-15 12:23:48,1776255828,R_75,32328.2186,1,8.265599999998813,BACKFILL_AUTO
2026-04-15 12:23:50,1776255830,R_75,32324.1794,-1,4.039199999999255,BACKFILL_AUTO
2026-04-15 12:23:52,1776255832,R_75,32315.6806,-1,8.49880000000121,BACKFILL_AUTO
2026-04-15 12:23:54,1776255834,R_75,32305.9025,-1,9.77809999999954,BACKFILL_AUTO
2026-04-15 12:23:56,1776255836,R_75,32298.7052,-1,7.197299999999814,BACKFILL_AUTO
2026-04-15 12:23:58,1776255838,R_75,32295.0505,-1,3.6546999999991385,BACKFILL_AUTO
2026-04-15 12:24:00,1776255840,R_75,32299.906,1,4.855499999997846,BACKFILL_AUTO
2026-04-15 12:24:02,1776255842,R_75,32301.174,1,1.268000000000029,BACKFILL_AUTO
2026-04-15 12:24:04,1776255844,R_75,32299.3789,-1,1.7950999999993655,BACKFILL_AUTO
2026-04-15 12:24:06,1776255846,R_75,32298.9864,-1,0.39249999999810825,BACKFILL_AUTO
2026-04-15 12:24:08,1776255848,R_75,32301.4561,1,2.469699999997829,BACKFILL_AUTO
2026-04-15 12:24:10,1776255850,R_75,32300.4116,-1,1.044499999999971,BACKFILL_AUTO
2026-04-15 12:24:12,1776255852,R_75,32289.2243,-1,11.187299999997776,BACKFILL_AUTO
2026-04-15 12:24:14,1776255854,R_75,32297.3725,1,8.148199999999633,BACKFILL_AUTO
2026-04-15 12:24:16,1776255856,R_75,32303.6471,1,6.274599999997008,BACKFILL_AUTO
2026-04-15 12:24:18,1776255858,R_75,32307.8244,1,4.177300000003015,BACKFILL_AUTO
2026-04-15 12:24:20,1776255860,R_75,32309.2455,1,1.4210999999995693,BACKFILL_AUTO
2026-04-15 12:24:22,1776255862,R_75,32321.9588,1,12.713299999999435,BACKFILL_AUTO
2026-04-15 12:24:24,1776255864,R_75,32324.7268,1,2.768000000000029,BACKFILL_AUTO
2026-04-15 12:24:26,1776255866,R_75,32325.9991,1,1.2723000000005413,BACKFILL_AUTO
2026-04-15 12:24:28,1776255868,R_75,32326.927,1,0.9278999999987718,BACKFILL_AUTO
2026-04-15 12:24:30,1776255870,R_75,32329.2449,1,2.3179000000018277,BACKFILL_AUTO
2026-04-15 12:24:32,1776255872,R_75,32327.9506,-1,1.2943000000013853,BACKFILL_AUTO
2026-04-15 12:24:34,1776255874,R_75,32325.5596,-1,2.3909999999996217,BACKFILL_AUTO
2026-04-15 12:24:36,1776255876,R_75,32323.6619,-1,1.8977000000013504,BACKFILL_AUTO
2026-04-15 12:24:38,1776255878,R_75,32329.1342,1,5.472300000001269,BACKFILL_AUTO
2026-04-15 12:24:40,1776255880,R_75,32331.8937,1,2.7595000000001164,BACKFILL_AUTO
2026-04-15 12:24:42,1776255882,R_75,32337.2751,1,5.3813999999983935,BACKFILL_AUTO
2026-04-15 12:24:44,1776255884,R_75,32338.8774,1,1.6023000000022876,BACKFILL_AUTO
2026-04-15 12:24:46,1776255886,R_75,32344.9534,1,6.075999999997293,BACKFILL_AUTO
2026-04-15 12:24:48,1776255888,R_75,32348.564,1,3.6105999999999767,BACKFILL_AUTO
2026-04-15 12:24:50,1776255890,R_75,32354.2484,1,5.684400000001915,BACKFILL_AUTO
2026-04-15 12:24:52,1776255892,R_75,32357.1164,1,2.867999999998574,BACKFILL_AUTO
2026-04-15 12:24:54,1776255894,R_75,32361.8659,1,4.749500000001717,BACKFILL_AUTO
2026-04-15 12:24:56,1776255896,R_75,32362.9445,1,1.0786000000007334,BACKFILL_AUTO
2026-04-15 12:24:58,1776255898,R_75,32357.9581,-1,4.986400000001595,BACKFILL_AUTO
2026-04-15 12:25:00,1776255900,R_75,32363.3324,1,5.374299999999494,BACKFILL_AUTO
2026-04-15 12:25:02,1776255902,R_75,32354.8924,-1,8.43999999999869,BACKFILL_AUTO
2026-04-15 12:25:04,1776255904,R_75,32356.1199,1,1.2275000000008731,BACKFILL_AUTO
2026-04-15 12:25:06,1776255906,R_75,32363.6212,1,7.501299999999901,BACKFILL_AUTO
2026-04-15 12:25:08,1776255908,R_75,32364.4954,1,0.8741999999983818,BACKFILL_AUTO
2026-04-15 12:25:10,1776255910,R_75,32360.7057,-1,3.789700000001176,BACKFILL_AUTO
2026-04-15 12:25:12,1776255912,R_75,32357.5319,-1,3.173799999996845,BACKFILL_AUTO
2026-04-15 12:25:14,1776255914,R_75,32357.0437,-1,0.4882000000034168,BACKFILL_AUTO
2026-04-15 12:25:16,1776255916,R_75,32351.9648,-1,5.078899999996793,BACKFILL_AUTO
2026-04-15 12:25:18,1776255918,R_75,32348.0052,-1,3.9596000000019558,BACKFILL_AUTO
2026-04-15 12:25:20,1776255920,R_75,32347.8229,-1,0.1823000000003958,BACKFILL_AUTO
2026-04-15 12:25:22,1776255922,R_75,32343.9243,-1,3.8986000000004424,BACKFILL_AUTO
2026-04-15 12:25:24,1776255924,R_75,32340.3831,-1,3.5411999999996624,BACKFILL_AUTO
2026-04-15 12:25:26,1776255926,R_75,32335.0874,-1,5.29569999999876,BACKFILL_AUTO
2026-04-15 12:25:28,1776255928,R_75,32327.24,-1,7.847399999998743,BACKFILL_AUTO
2026-04-15 12:25:30,1776255930,R_75,32345.1494,1,17.909399999996822,BACKFILL_AUTO
2026-04-15 12:25:32,1776255932,R_75,32351.6506,1,6.501200000002427,BACKFILL_AUTO
2026-04-15 12:25:34,1776255934,R_75,32361.289,1,9.63839999999982,BACKFILL_AUTO
2026-04-15 12:25:36,1776255936,R_75,32355.2682,-1,6.020800000002055,BACKFILL_AUTO
2026-04-15 12:25:38,1776255938,R_75,32357.1347,1,1.8665000000000873,BACKFILL_AUTO
2026-04-15 12:25:40,1776255940,R_75,32352.6855,-1,4.449199999999109,BACKFILL_AUTO
2026-04-15 12:25:42,1776255942,R_75,32360.0019,1,7.316399999999703,BACKFILL_AUTO
2026-04-15 12:25:44,1776255944,R_75,32355.6291,-1,4.372800000001007,BACKFILL_AUTO
2026-04-15 12:25:46,1776255946,R_75,32344.5182,-1,11.110899999999674,BACKFILL_AUTO
2026-04-15 12:25:48,1776255948,R_75,32336.2723,-1,8.245899999998073,BACKFILL_AUTO
2026-04-15 12:25:50,1776255950,R_75,32334.0546,-1,2.2177000000010594,BACKFILL_AUTO
2026-04-15 12:25:52,1776255952,R_75,32346.2759,1,12.221300000001065,BACKFILL_AUTO
2026-04-15 12:25:54,1776255954,R_75,32341.0831,-1,5.192800000000716,BACKFILL_AUTO
2026-04-15 12:25:56,1776255956,R_75,32335.5545,-1,5.528600000001461,BACKFILL_AUTO
2026-04-15 12:25:58,1776255958,R_75,32332.8056,-1,2.7488999999986845,BACKFILL_AUTO
2026-04-15 12:26:00,1776255960,R_75,32330.7224,-1,2.083200000000943,BACKFILL_AUTO
2026-04-15 12:26:02,1776255962,R_75,32325.4995,-1,5.222899999997026,BACKFILL_AUTO
2026-04-15 12:26:04,1776255964,R_75,32327.6693,1,2.169799999999668,BACKFILL_AUTO
2026-04-15 12:26:06,1776255966,R_75,32328.1515,1,0.48219999999855645,BACKFILL_AUTO
2026-04-15 12:26:08,1776255968,R_75,32319.8706,-1,8.280900000001566,BACKFILL_AUTO
2026-04-15 12:26:10,1776255970,R_75,32318.9266,-1,0.9439999999995052,BACKFILL_AUTO
2026-04-15 12:26:12,1776255972,R_75,32319.3826,1,0.45600000000194996,BACKFILL_AUTO
2026-04-15 12:26:14,1776255974,R_75,32330.4347,1,11.052100000000792,BACKFILL_AUTO
2026-04-15 12:26:16,1776255976,R_75,32332.538,1,2.1032999999988533,BACKFILL_AUTO
2026-04-15 12:26:18,1776255978,R_75,32339.4681,1,6.930099999997765,BACKFILL_AUTO
2026-04-15 12:26:20,1776255980,R_75,32339.9172,1,0.44910000000163564,BACKFILL_AUTO
2026-04-15 12:26:22,1776255982,R_75,32336.4573,-1,3.459900000001653,BACKFILL_AUTO
2026-04-15 12:26:24,1776255984,R_75,32344.6541,1,8.19680000000153,BACKFILL_AUTO
2026-04-15 12:26:26,1776255986,R_75,32329.1097,-1,15.54439999999886,BACKFILL_AUTO
2026-04-15 12:26:28,1776255988,R_75,32333.453,1,4.343300000000454,BACKFILL_AUTO
2026-04-15 12:26:30,1776255990,R_75,32339.2554,1,5.802399999996851,BACKFILL_AUTO
2026-04-15 12:26:32,1776255992,R_75,32351.9191,1,12.663700000000972,BACKFILL_AUTO
2026-04-15 12:26:34,1776255994,R_75,32353.2332,1,1.3140999999995984,BACKFILL_AUTO
2026-04-15 12:26:36,1776255996,R_75,32347.7765,-1,5.456699999998818,BACKFILL_AUTO
2026-04-15 12:26:38,1776255998,R_75,32336.6938,-1,11.082699999999022,BACKFILL_AUTO
2026-04-15 12:26:40,1776256000,R_75,32333.2866,-1,3.407200000001467,BACKFILL_AUTO
2026-04-15 12:26:42,1776256002,R_75,32326.9125,-1,6.374100000000908,BACKFILL_AUTO
2026-04-15 12:26:44,1776256004,R_75,32332.812,1,5.899500000003172,BACKFILL_AUTO
2026-04-15 12:26:46,1776256006,R_75,32340.7977,1,7.9856999999974505,BACKFILL_AUTO
2026-04-15 12:26:48,1776256008,R_75,32344.8983,1,4.100600000001577,BACKFILL_AUTO
2026-04-15 12:26:50,1776256010,R_75,32340.3811,-1,4.517200000002049,BACKFILL_AUTO
2026-04-15 12:26:52,1776256012,R_75,32335.9498,-1,4.431300000000192,BACKFILL_AUTO
2026-04-15 12:26:54,1776256014,R_75,32331.3222,-1,4.627599999999802,BACKFILL_AUTO
2026-04-15 12:26:56,1776256016,R_75,32317.8802,-1,13.441999999999098,BACKFILL_AUTO
2026-04-15 12:26:58,1776256018,R_75,32309.4923,-1,8.387899999997899,BACKFILL_AUTO
2026-04-15 12:27:00,1776256020,R_75,32320.4961,1,11.003799999998591,BACKFILL_AUTO
2026-04-15 12:27:02,1776256022,R_75,32315.6566,-1,4.839500000001863,BACKFILL_AUTO
2026-04-15 12:27:04,1776256024,R_75,32319.763,1,4.106400000000576,BACKFILL_AUTO
2026-04-15 12:27:06,1776256026,R_75,32320.4713,1,0.7083000000020547,BACKFILL_AUTO
2026-04-15 12:27:08,1776256028,R_75,32318.1966,-1,2.274700000001758,BACKFILL_AUTO
2026-04-15 12:27:10,1776256030,R_75,32325.3545,1,7.157900000001973,BACKFILL_AUTO
2026-04-15 12:27:12,1776256032,R_75,32326.4358,1,1.0812999999980093,BACKFILL_AUTO
2026-04-15 12:27:14,1776256034,R_75,32311.9791,-1,14.456699999998818,BACKFILL_AUTO
2026-04-15 12:27:16,1776256036,R_75,32308.4266,-1,3.5525000000016007,BACKFILL_AUTO
2026-04-15 12:27:18,1776256038,R_75,32308.1054,-1,0.32119999999849824,BACKFILL_AUTO
2026-04-15 12:27:20,1776256040,R_75,32308.3988,1,0.2933999999986554,BACKFILL_AUTO
2026-04-15 12:27:22,1776256042,R_75,32310.0695,1,1.6707000000023982,BACKFILL_AUTO
2026-04-15 12:27:24,1776256044,R_75,32311.2611,1,1.1915999999982887,BACKFILL_AUTO
2026-04-15 12:27:26,1776256046,R_75,32321.5148,1,10.253700000001118,BACKFILL_AUTO
2026-04-15 12:27:28,1776256048,R_75,32312.4276,-1,9.087200000001758,BACKFILL_AUTO
2026-04-15 12:27:30,1776256050,R_75,32301.8092,-1,10.618399999999383,BACKFILL_AUTO
2026-04-15 12:27:32,1776256052,R_75,32308.9234,1,7.1141999999999825,BACKFILL_AUTO
2026-04-15 12:27:34,1776256054,R_75,32298.1567,-1,10.766700000000128,BACKFILL_AUTO
2026-04-15 12:27:36,1776256056,R_75,32293.5433,-1,4.613399999998364,BACKFILL_AUTO
2026-04-15 12:27:38,1776256058,R_75,32299.2306,1,5.6872999999977765,BACKFILL_AUTO
2026-04-15 12:27:40,1776256060,R_75,32293.5848,-1,5.645799999998417,BACKFILL_AUTO
2026-04-15 12:27:42,1776256062,R_75,32298.8443,1,5.259500000000116,BACKFILL_AUTO
2026-04-15 12:27:44,1776256064,R_75,32294.5208,-1,4.323500000002241,BACKFILL_AUTO
2026-04-15 12:27:46,1776256066,R_75,32289.3741,-1,5.146699999997509,BACKFILL_AUTO
2026-04-15 12:27:48,1776256068,R_75,32285.0057,-1,4.368399999999383,BACKFILL_AUTO
2026-04-15 12:27:50,1776256070,R_75,32278.8881,-1,6.117600000001403,BACKFILL_AUTO
2026-04-15 12:27:52,1776256072,R_75,32275.8023,-1,3.085800000000745,BACKFILL_AUTO
2026-04-15 12:27:54,1776256074,R_75,32269.1419,-1,6.660400000000664,BACKFILL_AUTO
2026-04-15 12:27:56,1776256076,R_75,32267.6992,-1,1.4426999999996042,BACKFILL_AUTO
2026-04-15 12:27:58,1776256078,R_75,32266.074,-1,1.6251999999985856,BACKFILL_AUTO
2026-04-15 12:28:00,1776256080,R_75,32272.3852,1,6.311200000000099,BACKFILL_AUTO
2026-04-15 12:28:02,1776256082,R_75,32274.3601,1,1.974900000001071,BACKFILL_AUTO
2026-04-15 12:28:04,1776256084,R_75,32274.6444,1,0.2842999999993481,BACKFILL_AUTO
2026-04-15 12:28:06,1776256086,R_75,32272.2479,-1,2.396500000002561,BACKFILL_AUTO
2026-04-15 12:28:08,1776256088,R_75,32262.5749,-1,9.672999999998865,BACKFILL_AUTO
2026-04-15 12:28:10,1776256090,R_75,32266.9751,1,4.400200000000041,BACKFILL_AUTO
2026-04-15 12:28:12,1776256092,R_75,32259.872,-1,7.103100000000268,BACKFILL_AUTO
2026-04-15 12:28:14,1776256094,R_75,32269.319,1,9.447000000000116,BACKFILL_AUTO
2026-04-15 12:28:16,1776256096,R_75,32266.3749,-1,2.944100000000617,BACKFILL_AUTO
2026-04-15 12:28:18,1776256098,R_75,32273.5941,1,7.219199999999546,BACKFILL_AUTO
2026-04-15 12:28:20,1776256100,R_75,32276.218,1,2.6239000000023225,BACKFILL_AUTO
2026-04-15 12:28:22,1776256102,R_75,32288.8065,1,12.588499999998021,BACKFILL_AUTO
2026-04-15 12:28:24,1776256104,R_75,32292.2328,1,3.4263000000028114,BACKFILL_AUTO
2026-04-15 12:28:26,1776256106,R_75,32290.8107,-1,1.422099999999773,BACKFILL_AUTO
2026-04-15 12:28:28,1776256108,R_75,32289.935,-1,0.8757000000005064,BACKFILL_AUTO
2026-04-15 12:28:30,1776256110,R_75,32279.4416,-1,10.493400000003021,BACKFILL_AUTO
2026-04-15 12:28:32,1776256112,R_75,32283.1511,1,3.709500000000844,BACKFILL_AUTO
2026-04-15 12:28:34,1776256114,R_75,32276.707,-1,6.444100000000617,BACKFILL_AUTO
2026-04-15 12:28:36,1776256116,R_75,32265.2318,-1,11.47519999999713,BACKFILL_AUTO
2026-04-15 12:28:38,1776256118,R_75,32282.5203,1,17.28849999999875,BACKFILL_AUTO
2026-04-15 12:28:40,1776256120,R_75,32280.7493,-1,1.7710000000006403,BACKFILL_AUTO
2026-04-15 12:28:42,1776256122,R_75,32289.6809,1,8.93159999999989,BACKFILL_AUTO
2026-04-15 12:28:44,1776256124,R_75,32292.8663,1,3.1854000000021188,BACKFILL_AUTO
2026-04-15 12:28:46,1776256126,R_75,32294.0432,1,1.176899999998568,BACKFILL_AUTO
2026-04-15 12:28:48,1776256128,R_75,32302.254,1,8.210800000000745,BACKFILL_AUTO
2026-04-15 12:28:50,1776256130,R_75,32302.3631,1,0.10909999999785214,BACKFILL_AUTO
2026-04-15 12:28:52,1776256132,R_75,32301.1785,-1,1.1845999999968626,BACKFILL_AUTO
2026-04-15 12:28:54,1776256134,R_75,32311.1585,1,9.979999999999563,BACKFILL_AUTO
2026-04-15 12:28:56,1776256136,R_75,32305.4534,-1,5.705100000002858,BACKFILL_AUTO
2026-04-15 12:28:58,1776256138,R_75,32305.4013,-1,0.052099999997153645,BACKFILL_AUTO
2026-04-15 12:29:00,1776256140,R_75,32304.1231,-1,1.278200000000652,BACKFILL_AUTO
2026-04-15 12:29:02,1776256142,R_75,32303.9079,-1,0.21520000000236905,BACKFILL_AUTO
2026-04-15 12:29:04,1776256144,R_75,32292.1387,-1,11.769199999998818,BACKFILL_AUTO
2026-04-15 12:29:06,1776256146,R_75,32293.2963,1,1.157600000002276,BACKFILL_AUTO
2026-04-15 12:29:08,1776256148,R_75,32283.9338,-1,9.36250000000291,BACKFILL_AUTO
2026-04-15 12:29:10,1776256150,R_75,32274.594,-1,9.339799999997922,BACKFILL_AUTO
2026-04-15 12:29:12,1776256152,R_75,32282.4681,1,7.87409999999727,BACKFILL_AUTO
2026-04-15 12:29:14,1776256154,R_75,32272.7508,-1,9.717299999996612,BACKFILL_AUTO
2026-04-15 12:29:16,1776256156,R_75,32262.7386,-1,10.01220000000103,BACKFILL_AUTO
2026-04-15 12:29:18,1776256158,R_75,32263.2872,1,0.5485999999982596,BACKFILL_AUTO
2026-04-15 12:29:20,1776256160,R_75,32262.8527,-1,0.4344999999993888,BACKFILL_AUTO
2026-04-15 12:29:22,1776256162,R_75,32266.5658,1,3.71310000000085,BACKFILL_AUTO
2026-04-15 12:29:24,1776256164,R_75,32269.1761,1,2.6103000000002794,BACKFILL_AUTO
2026-04-15 12:29:26,1776256166,R_75,32266.6278,-1,2.5483000000022002,BACKFILL_AUTO
2026-04-15 12:29:28,1776256168,R_75,32273.1904,1,6.562600000001112,BACKFILL_AUTO
2026-04-15 12:29:30,1776256170,R_75,32270.7445,-1,2.445899999998801,BACKFILL_AUTO
2026-04-15 12:29:32,1776256172,R_75,32275.9647,1,5.22019999999975,BACKFILL_AUTO
2026-04-15 12:29:34,1776256174,R_75,32269.8116,-1,6.15309999999954,BACKFILL_AUTO
2026-04-15 12:29:36,1776256176,R_75,32266.738,-1,3.073599999999715,BACKFILL_AUTO
2026-04-15 12:29:38,1776256178,R_75,32265.3134,-1,1.4246000000021013,BACKFILL_AUTO
2026-04-15 12:29:40,1776256180,R_75,32270.5001,1,5.18670000000202,BACKFILL_AUTO
2026-04-15 12:29:42,1776256182,R_75,32271.7479,1,1.247799999997369,BACKFILL_AUTO
2026-04-15 12:29:44,1776256184,R_75,32268.8341,-1,2.913799999998446,BACKFILL_AUTO
2026-04-15 12:29:46,1776256186,R_75,32261.272,-1,7.562099999999191,BACKFILL_AUTO
2026-04-15 12:29:48,1776256188,R_75,32265.9544,1,4.68239999999787,BACKFILL_AUTO
2026-04-15 12:29:50,1776256190,R_75,32263.9836,-1,1.9707999999991443,BACKFILL_AUTO
2026-04-15 12:29:52,1776256192,R_75,32260.158,-1,3.8256000000001222,BACKFILL_AUTO
2026-04-15 12:29:54,1776256194,R_75,32276.0198,1,15.861799999998766,BACKFILL_AUTO
2026-04-15 12:29:56,1776256196,R_75,32283.0507,1,7.030900000001566,BACKFILL_AUTO
2026-04-15 12:29:58,1776256198,R_75,32290.2721,1,7.221399999998539,BACKFILL_AUTO
2026-04-15 12:30:00,1776256200,R_75,32294.1385,1,3.8664000000026135,BACKFILL_AUTO
2026-04-15 12:30:02,1776256202,R_75,32285.7246,-1,8.413899999999558,BACKFILL_AUTO
2026-04-15 12:30:04,1776256204,R_75,32290.5608,1,4.836199999997916,BACKFILL_AUTO
2026-04-15 12:30:06,1776256206,R_75,32294.6298,1,4.068999999999505,BACKFILL_AUTO
2026-04-15 12:30:08,1776256208,R_75,32288.8321,-1,5.797699999999168,BACKFILL_AUTO
2026-04-15 12:30:10,1776256210,R_75,32280.1787,-1,8.653399999999237,BACKFILL_AUTO
2026-04-15 12:30:12,1776256212,R_75,32280.0755,-1,0.10320000000137952,BACKFILL_AUTO
2026-04-15 12:30:14,1776256214,R_75,32276.7827,-1,3.2927999999992608,BACKFILL_AUTO
2026-04-15 12:30:16,1776256216,R_75,32277.5333,1,0.7505999999993946,BACKFILL_AUTO
2026-04-15 12:30:18,1776256218,R_75,32281.464,1,3.9307000000007974,BACKFILL_AUTO
2026-04-15 12:30:20,1776256220,R_75,32276.5018,-1,4.962200000001758,BACKFILL_AUTO
2026-04-15 12:30:22,1776256222,R_75,32284.3869,1,7.885100000003149,BACKFILL_AUTO
2026-04-15 12:30:24,1776256224,R_75,32288.8583,1,4.471399999998539,BACKFILL_AUTO
2026-04-15 12:30:26,1776256226,R_75,32276.2318,-1,12.626499999998487,BACKFILL_AUTO
2026-04-15 12:30:28,1776256228,R_75,32266.3051,-1,9.926699999999983,BACKFILL_AUTO
2026-04-15 12:30:30,1776256230,R_75,32264.3244,-1,1.9807000000000698,BACKFILL_AUTO
2026-04-15 12:30:32,1776256232,R_75,32271.0738,1,6.749399999996967,BACKFILL_AUTO
2026-04-15 12:30:34,1776256234,R_75,32275.5682,1,4.494400000003225,BACKFILL_AUTO
2026-04-15 12:30:36,1776256236,R_75,32275.3767,-1,0.1915000000008149,BACKFILL_AUTO
2026-04-15 12:30:38,1776256238,R_75,32270.7223,-1,4.654399999999441,BACKFILL_AUTO
2026-04-15 12:30:40,1776256240,R_75,32263.532,-1,7.190300000002026,BACKFILL_AUTO
2026-04-15 12:30:42,1776256242,R_75,32265.2788,1,1.7468000000008033,BACKFILL_AUTO
2026-04-15 12:30:44,1776256244,R_75,32279.459,1,14.180199999998877,BACKFILL_AUTO
2026-04-15 12:30:46,1776256246,R_75,32281.8639,1,2.404900000001362,BACKFILL_AUTO
2026-04-15 12:30:48,1776256248,R_75,32278.2784,-1,3.5855000000010477,BACKFILL_AUTO
2026-04-15 12:30:50,1776256250,R_75,32272.2184,-1,6.059999999997672,BACKFILL_AUTO
2026-04-15 12:30:52,1776256252,R_75,32269.4912,-1,2.727200000001176,BACKFILL_AUTO
2026-04-15 12:30:54,1776256254,R_75,32268.6625,-1,0.8287000000018452,BACKFILL_AUTO
2026-04-15 12:30:56,1776256256,R_75,32268.7092,1,0.04670000000260188,BACKFILL_AUTO
2026-04-15 12:30:58,1776256258,R_75,32269.4059,1,0.6967000000004191,BACKFILL_AUTO
2026-04-15 12:31:00,1776256260,R_75,32278.1515,1,8.745599999998376,BACKFILL_AUTO
2026-04-15 12:31:02,1776256262,R_75,32273.7151,-1,4.4363999999986845,BACKFILL_AUTO
2026-04-15 12:31:04,1776256264,R_75,32271.2889,-1,2.4262000000016997,BACKFILL_AUTO
2026-04-15 12:31:06,1776256266,R_75,32278.1267,1,6.8378000000011525,BACKFILL_AUTO
2026-04-15 12:31:08,1776256268,R_75,32269.6196,-1,8.5070999999989,BACKFILL_AUTO
2026-04-15 12:31:10,1776256270,R_75,32275.9025,1,6.282899999998335,BACKFILL_AUTO
2026-04-15 12:31:12,1776256272,R_75,32286.8925,1,10.9900000000016,BACKFILL_AUTO
2026-04-15 12:31:14,1776256274,R_75,32272.0999,-1,14.792600000000675,BACKFILL_AUTO
2026-04-15 12:31:16,1776256276,R_75,32266.2228,-1,5.877100000001519,BACKFILL_AUTO
2026-04-15 12:31:18,1776256278,R_75,32263.8837,-1,2.3391000000010536,BACKFILL_AUTO
2026-04-15 12:31:20,1776256280,R_75,32269.3419,1,5.458200000000943,BACKFILL_AUTO
2026-04-15 12:31:22,1776256282,R_75,32273.4464,1,4.104500000001281,BACKFILL_AUTO
2026-04-15 12:31:24,1776256284,R_75,32276.3783,1,2.9318999999995867,BACKFILL_AUTO
2026-04-15 12:31:26,1776256286,R_75,32278.8467,1,2.468399999997928,BACKFILL_AUTO
2026-04-15 12:31:28,1776256288,R_75,32280.9409,1,2.094200000003184,BACKFILL_AUTO
2026-04-15 12:31:30,1776256290,R_75,32285.7988,1,4.857899999999063,BACKFILL_AUTO
2026-04-15 12:31:32,1776256292,R_75,32284.2917,-1,1.5070999999988999,BACKFILL_AUTO
2026-04-15 12:31:34,1776256294,R_75,32287.4781,1,3.1863999999986845,BACKFILL_AUTO
2026-04-15 12:31:36,1776256296,R_75,32304.4607,1,16.982599999999366,BACKFILL_AUTO
2026-04-15 12:31:38,1776256298,R_75,32311.6697,1,7.208999999998923,BACKFILL_AUTO
2026-04-15 12:31:40,1776256300,R_75,32315.8659,1,4.196200000002136,BACKFILL_AUTO
2026-04-15 12:31:42,1776256302,R_75,32312.6314,-1,3.234500000002299,BACKFILL_AUTO
2026-04-15 12:31:44,1776256304,R_75,32310.3581,-1,2.273299999997107,BACKFILL_AUTO
2026-04-15 12:31:46,1776256306,R_75,32313.5903,1,3.2321999999985565,BACKFILL_AUTO
2026-04-15 12:31:48,1776256308,R_75,32324.1729,1,10.582600000001548,BACKFILL_AUTO
2026-04-15 12:31:50,1776256310,R_75,32310.3077,-1,13.865200000000186,BACKFILL_AUTO
2026-04-15 12:31:52,1776256312,R_75,32310.6763,1,0.36859999999796855,BACKFILL_AUTO
2026-04-15 12:31:54,1776256314,R_75,32304.0169,-1,6.65940000000046,BACKFILL_AUTO
2026-04-15 12:31:56,1776256316,R_75,32303.3405,-1,0.6764000000002852,BACKFILL_AUTO
2026-04-15 12:31:58,1776256318,R_75,32293.2477,-1,10.092799999998533,BACKFILL_AUTO
2026-04-15 12:32:00,1776256320,R_75,32300.759,1,7.5112999999983,BACKFILL_AUTO
2026-04-15 12:32:02,1776256322,R_75,32309.0075,1,8.248500000001513,BACKFILL_AUTO
2026-04-15 12:32:04,1776256324,R_75,32311.7751,1,2.76759999999922,BACKFILL_AUTO
2026-04-15 12:32:06,1776256326,R_75,32315.7022,1,3.9271000000007916,BACKFILL_AUTO
2026-04-15 12:32:08,1776256328,R_75,32321.679,1,5.976800000000367,BACKFILL_AUTO
2026-04-15 12:32:10,1776256330,R_75,32326.4307,1,4.75170000000071,BACKFILL_AUTO
2026-04-15 12:32:12,1776256332,R_75,32333.5144,1,7.083699999999226,BACKFILL_AUTO
2026-04-15 12:32:14,1776256334,R_75,32344.3635,1,10.849099999999453,BACKFILL_AUTO
2026-04-15 12:32:16,1776256336,R_75,32344.173,-1,0.19050000000061118,BACKFILL_AUTO
2026-04-15 12:32:18,1776256338,R_75,32345.4952,1,1.32220000000234,BACKFILL_AUTO
2026-04-15 12:32:20,1776256340,R_75,32350.5249,1,5.0296999999991385,BACKFILL_AUTO
2026-04-15 12:32:22,1776256342,R_75,32349.0075,-1,1.5174000000006345,BACKFILL_AUTO
2026-04-15 12:32:24,1776256344,R_75,32355.6662,1,6.658699999999953,BACKFILL_AUTO
2026-04-15 12:32:26,1776256346,R_75,32355.6558,-1,0.010399999999208376,BACKFILL_AUTO
2026-04-15 12:32:28,1776256348,R_75,32355.0026,-1,0.6532000000006519,BACKFILL_AUTO
2026-04-15 12:32:30,1776256350,R_75,32355.0633,1,0.06070000000181608,BACKFILL_AUTO
2026-04-15 12:32:32,1776256352,R_75,32367.4419,1,12.378600000000006,BACKFILL_AUTO
2026-04-15 12:32:34,1776256354,R_75,32366.6668,-1,0.775100000002567,BACKFILL_AUTO
2026-04-15 12:32:36,1776256356,R_75,32374.8786,1,8.211800000000949,BACKFILL_AUTO
2026-04-15 12:32:38,1776256358,R_75,32372.4223,-1,2.4563000000016473,BACKFILL_AUTO
2026-04-15 12:32:40,1776256360,R_75,32374.9032,1,2.4809000000022934,BACKFILL_AUTO
2026-04-15 12:32:42,1776256362,R_75,32376.4486,1,1.5453999999990629,BACKFILL_AUTO
2026-04-15 12:32:44,1776256364,R_75,32379.3558,1,2.907200000001467,BACKFILL_AUTO
2026-04-15 12:32:46,1776256366,R_75,32378.4454,-1,0.9104000000006636,BACKFILL_AUTO
2026-04-15 12:32:48,1776256368,R_75,32379.0852,1,0.6398000000008324,BACKFILL_AUTO
2026-04-15 12:32:50,1776256370,R_75,32374.6388,-1,4.446400000000722,BACKFILL_AUTO
2026-04-15 12:32:52,1776256372,R_75,32369.9837,-1,4.655099999999948,BACKFILL_AUTO
2026-04-15 12:32:54,1776256374,R_75,32368.1594,-1,1.8243000000002212,BACKFILL_AUTO
2026-04-15 12:32:56,1776256376,R_75,32378.591,1,10.43159999999989,BACKFILL_AUTO
2026-04-15 12:32:58,1776256378,R_75,32390.1424,1,11.551400000000285,BACKFILL_AUTO
2026-04-15 12:33:00,1776256380,R_75,32392.2204,1,2.077999999997701,BACKFILL_AUTO
2026-04-15 12:33:02,1776256382,R_75,32397.0246,1,4.804200000002311,BACKFILL_AUTO
2026-04-15 12:33:04,1776256384,R_75,32392.7319,-1,4.292700000001787,BACKFILL_AUTO
2026-04-15 12:33:06,1776256386,R_75,32403.498,1,10.766100000000733,BACKFILL_AUTO
2026-04-15 12:33:08,1776256388,R_75,32402.5158,-1,0.9821999999985565,BACKFILL_AUTO
2026-04-15 12:33:10,1776256390,R_75,32411.7275,1,9.211699999999837,BACKFILL_AUTO
2026-04-15 12:33:12,1776256392,R_75,32412.6309,1,0.9033999999992375,BACKFILL_AUTO
2026-04-15 12:33:14,1776256394,R_75,32416.9695,1,4.338599999999133,BACKFILL_AUTO
2026-04-15 12:33:16,1776256396,R_75,32406.2673,-1,10.70219999999972,BACKFILL_AUTO
2026-04-15 12:33:18,1776256398,R_75,32405.7181,-1,0.5492000000012922,BACKFILL_AUTO
2026-04-15 12:33:20,1776256400,R_75,32415.7156,1,9.99750000000131,BACKFILL_AUTO
2026-04-15 12:33:22,1776256402,R_75,32416.5823,1,0.8666999999986729,BACKFILL_AUTO
2026-04-15 12:33:24,1776256404,R_75,32419.4005,1,2.818200000001525,BACKFILL_AUTO
2026-04-15 12:33:26,1776256406,R_75,32419.3764,-1,0.024099999998725252,BACKFILL_AUTO
2026-04-15 12:33:28,1776256408,R_75,32410.4202,-1,8.956200000000536,BACKFILL_AUTO
2026-04-15 12:33:30,1776256410,R_75,32412.1499,1,1.7296999999998661,BACKFILL_AUTO
2026-04-15 12:33:32,1776256412,R_75,32415.4081,1,3.2582000000002154,BACKFILL_AUTO
2026-04-15 12:33:34,1776256414,R_75,32415.5739,1,0.1657999999988533,BACKFILL_AUTO
2026-04-15 12:33:36,1776256416,R_75,32415.8376,1,0.2636999999995169,BACKFILL_AUTO
2026-04-15 12:33:38,1776256418,R_75,32416.4543,1,0.6167000000023108,BACKFILL_AUTO
2026-04-15 12:33:40,1776256420,R_75,32420.6333,1,4.179000000000087,BACKFILL_AUTO
2026-04-15 12:33:42,1776256422,R_75,32416.565,-1,4.068300000002637,BACKFILL_AUTO
2026-04-15 12:33:44,1776256424,R_75,32416.8725,1,0.30750000000261934,BACKFILL_AUTO
2026-04-15 12:33:46,1776256426,R_75,32411.6,-1,5.272500000002765,BACKFILL_AUTO
2026-04-15 12:33:48,1776256428,R_75,32417.0876,1,5.487600000000384,BACKFILL_AUTO
2026-04-15 12:33:50,1776256430,R_75,32420.3928,1,3.3052000000025146,BACKFILL_AUTO
2026-04-15 12:33:52,1776256432,R_75,32421.097,1,0.7042000000001281,BACKFILL_AUTO
2026-04-15 12:33:54,1776256434,R_75,32428.0554,1,6.9583999999995285,BACKFILL_AUTO
2026-04-15 12:33:56,1776256436,R_75,32418.3953,-1,9.660100000000966,BACKFILL_AUTO
2026-04-15 12:33:58,1776256438,R_75,32422.1388,1,3.7435000000004948,BACKFILL_AUTO
2026-04-15 12:34:00,1776256440,R_75,32419.2539,-1,2.8849000000009255,BACKFILL_AUTO
2026-04-15 12:34:02,1776256442,R_75,32414.4396,-1,4.814299999998184,BACKFILL_AUTO
2026-04-15 12:34:04,1776256444,R_75,32413.2031,-1,1.2365000000027067,BACKFILL_AUTO
2026-04-15 12:34:06,1776256446,R_75,32408.2449,-1,4.958199999997305,BACKFILL_AUTO
2026-04-15 12:34:08,1776256448,R_75,32398.1129,-1,10.132000000001426,BACKFILL_AUTO
2026-04-15 12:34:10,1776256450,R_75,32399.7268,1,1.6139000000002852,BACKFILL_AUTO
2026-04-15 12:34:12,1776256452,R_75,32387.0847,-1,12.642100000000937,BACKFILL_AUTO
2026-04-15 12:34:14,1776256454,R_75,32389.1798,1,2.095100000002276,BACKFILL_AUTO
2026-04-15 12:34:16,1776256456,R_75,32381.913,-1,7.26680000000124,BACKFILL_AUTO
2026-04-15 12:34:18,1776256458,R_75,32383.9664,1,2.0534000000006927,BACKFILL_AUTO
2026-04-15 12:34:20,1776256460,R_75,32390.7471,1,6.780699999999342,BACKFILL_AUTO
2026-04-15 12:34:22,1776256462,R_75,32393.9939,1,3.2468000000008033,BACKFILL_AUTO
2026-04-15 12:34:24,1776256464,R_75,32404.7943,1,10.800400000000081,BACKFILL_AUTO
2026-04-15 12:34:26,1776256466,R_75,32410.0439,1,5.249599999999191,BACKFILL_AUTO
2026-04-15 12:34:28,1776256468,R_75,32405.3468,-1,4.697100000001228,BACKFILL_AUTO
2026-04-15 12:34:30,1776256470,R_75,32407.7404,1,2.3935999999994237,BACKFILL_AUTO
2026-04-15 12:34:32,1776256472,R_75,32400.0417,-1,7.698699999997189,BACKFILL_AUTO
2026-04-15 12:34:34,1776256474,R_75,32400.8162,1,0.7744999999995343,BACKFILL_AUTO
2026-04-15 12:34:36,1776256476,R_75,32400.4048,-1,0.4114000000008673,BACKFILL_AUTO
2026-04-15 12:34:38,1776256478,R_75,32393.1369,-1,7.267899999998917,BACKFILL_AUTO
2026-04-15 12:34:40,1776256480,R_75,32394.5995,1,1.462599999998929,BACKFILL_AUTO
2026-04-15 12:34:42,1776256482,R_75,32399.0841,1,4.484599999999773,BACKFILL_AUTO
2026-04-15 12:34:44,1776256484,R_75,32412.0977,1,13.013599999998405,BACKFILL_AUTO
2026-04-15 12:34:46,1776256486,R_75,32411.9771,-1,0.120599999998376,BACKFILL_AUTO
2026-04-15 12:34:48,1776256488,R_75,32415.6219,1,3.644799999998213,BACKFILL_AUTO
2026-04-15 12:34:50,1776256490,R_75,32415.7287,1,0.10680000000138534,BACKFILL_AUTO
2026-04-15 12:34:52,1776256492,R_75,32416.0985,1,0.3698000000003958,BACKFILL_AUTO
2026-04-15 12:34:54,1776256494,R_75,32416.1063,1,0.007799999999406282,BACKFILL_AUTO
2026-04-15 12:34:56,1776256496,R_75,32419.7843,1,3.6779999999998836,BACKFILL_AUTO
2026-04-15 12:34:58,1776256498,R_75,32426.7537,1,6.9694000000017695,BACKFILL_AUTO
2026-04-15 12:35:00,1776256500,R_75,32438.8892,1,12.13550000000032,BACKFILL_AUTO
2026-04-15 12:35:02,1776256502,R_75,32446.1092,1,7.219999999997526,BACKFILL_AUTO
2026-04-15 12:35:04,1776256504,R_75,32437.1025,-1,9.00669999999809,BACKFILL_AUTO
2026-04-15 12:35:06,1776256506,R_75,32430.4479,-1,6.654600000001665,BACKFILL_AUTO
2026-04-15 12:35:08,1776256508,R_75,32428.3251,-1,2.122800000001007,BACKFILL_AUTO
2026-04-15 12:35:10,1776256510,R_75,32428.3208,-1,0.004299999996874249,BACKFILL_AUTO
2026-04-15 12:35:12,1776256512,R_75,32422.967,-1,5.353800000000774,BACKFILL_AUTO
2026-04-15 12:35:14,1776256514,R_75,32424.4517,1,1.4847000000008848,BACKFILL_AUTO
2026-04-15 12:35:16,1776256516,R_75,32428.7802,1,4.328499999999622,BACKFILL_AUTO
2026-04-15 12:35:18,1776256518,R_75,32425.8551,-1,2.925100000000384,BACKFILL_AUTO
2026-04-15 12:35:20,1776256520,R_75,32420.2842,-1,5.570900000002439,BACKFILL_AUTO
2026-04-15 12:35:22,1776256522,R_75,32419.3404,-1,0.9437999999972817,BACKFILL_AUTO
2026-04-15 12:35:24,1776256524,R_75,32422.8495,1,3.5090999999993073,BACKFILL_AUTO
2026-04-15 12:35:26,1776256526,R_75,32420.4954,-1,2.3541000000004715,BACKFILL_AUTO
2026-04-15 12:35:28,1776256528,R_75,32419.9414,-1,0.5540000000000873,BACKFILL_AUTO
2026-04-15 12:35:30,1776256530,R_75,32412.3933,-1,7.548099999999977,BACKFILL_AUTO
2026-04-15 12:35:32,1776256532,R_75,32408.2248,-1,4.168499999999767,BACKFILL_AUTO
2026-04-15 12:35:34,1776256534,R_75,32409.9996,1,1.7747999999992317,BACKFILL_AUTO
2026-04-15 12:35:36,1776256536,R_75,32401.6482,-1,8.351399999999558,BACKFILL_AUTO
2026-04-15 12:35:38,1776256538,R_75,32397.0612,-1,4.586999999999534,BACKFILL_AUTO
2026-04-15 12:35:40,1776256540,R_75,32398.1107,1,1.0495000000009895,BACKFILL_AUTO
2026-04-15 12:35:42,1776256542,R_75,32392.0024,-1,6.108299999999872,BACKFILL_AUTO
2026-04-15 12:35:44,1776256544,R_75,32387.6334,-1,4.369000000002416,BACKFILL_AUTO
2026-04-15 12:35:46,1776256546,R_75,32380.5154,-1,7.117999999998574,BACKFILL_AUTO
2026-04-15 12:35:48,1776256548,R_75,32374.8387,-1,5.6766999999999825,BACKFILL_AUTO
2026-04-15 12:35:50,1776256550,R_75,32374.3556,-1,0.4831000000012864,BACKFILL_AUTO
2026-04-15 12:35:52,1776256552,R_75,32378.6259,1,4.270300000000134,BACKFILL_AUTO
2026-04-15 12:35:54,1776256554,R_75,32377.3668,-1,1.2590999999993073,BACKFILL_AUTO
2026-04-15 12:35:56,1776256556,R_75,32370.8878,-1,6.47899999999936,BACKFILL_AUTO
2026-04-15 12:35:58,1776256558,R_75,32370.0712,-1,0.8166000000019267,BACKFILL_AUTO
2026-04-15 12:36:00,1776256560,R_75,32371.0947,1,1.0235000000029686,BACKFILL_AUTO
2026-04-15 12:36:02,1776256562,R_75,32374.8416,1,3.746899999998277,BACKFILL_AUTO
2026-04-15 12:36:04,1776256564,R_75,32379.561,1,4.7194000000017695,BACKFILL_AUTO
2026-04-15 12:36:06,1776256566,R_75,32378.4728,-1,1.0882000000019616,BACKFILL_AUTO
2026-04-15 12:36:08,1776256568,R_75,32374.3538,-1,4.118999999998778,BACKFILL_AUTO
2026-04-15 12:36:10,1776256570,R_75,32375.8954,1,1.5416000000004715,BACKFILL_AUTO
2026-04-15 12:36:12,1776256572,R_75,32377.7067,1,1.8112999999975727,BACKFILL_AUTO
2026-04-15 12:36:14,1776256574,R_75,32384.2196,1,6.512900000001537,BACKFILL_AUTO
2026-04-15 12:36:16,1776256576,R_75,32385.3145,1,1.0949000000000524,BACKFILL_AUTO
2026-04-15 12:36:18,1776256578,R_75,32374.8502,-1,10.46429999999964,BACKFILL_AUTO
2026-04-15 12:36:20,1776256580,R_75,32376.865,1,2.0148000000008324,BACKFILL_AUTO
2026-04-15 12:36:22,1776256582,R_75,32368.4027,-1,8.46230000000287,BACKFILL_AUTO
2026-04-15 12:36:24,1776256584,R_75,32375.2215,1,6.81880000000092,BACKFILL_AUTO
2026-04-15 12:36:26,1776256586,R_75,32371.8821,-1,3.339400000000751,BACKFILL_AUTO
2026-04-15 12:36:28,1776256588,R_75,32360.2293,-1,11.652799999999843,BACKFILL_AUTO
2026-04-15 12:36:30,1776256590,R_75,32358.6162,-1,1.613099999998667,BACKFILL_AUTO
2026-04-15 12:36:32,1776256592,R_75,32365.8862,1,7.270000000000437,BACKFILL_AUTO
2026-04-15 12:36:34,1776256594,R_75,32364.2946,-1,1.5915999999997439,BACKFILL_AUTO
2026-04-15 12:36:36,1776256596,R_75,32361.6803,-1,2.6143000000010943,BACKFILL_AUTO
2026-04-15 12:36:38,1776256598,R_75,32354.6906,-1,6.989699999998265,BACKFILL_AUTO
2026-04-15 12:36:40,1776256600,R_75,32358.1958,1,3.505199999999604,BACKFILL_AUTO
2026-04-15 12:36:42,1776256602,R_75,32360.7572,1,2.5613999999986845,BACKFILL_AUTO
2026-04-15 12:36:44,1776256604,R_75,32363.3979,1,2.6406999999999243,BACKFILL_AUTO
2026-04-15 12:36:46,1776256606,R_75,32356.9733,-1,6.424599999998463,BACKFILL_AUTO
2026-04-15 12:36:48,1776256608,R_75,32351.8976,-1,5.075700000001234,BACKFILL_AUTO
2026-04-15 12:36:50,1776256610,R_75,32345.7795,-1,6.118099999999686,BACKFILL_AUTO
2026-04-15 12:36:52,1776256612,R_75,32354.7897,1,9.010200000000623,BACKFILL_AUTO
2026-04-15 12:36:54,1776256614,R_75,32353.826,-1,0.9637000000002445,BACKFILL_AUTO
2026-04-15 12:36:56,1776256616,R_75,32343.2253,-1,10.60070000000269,BACKFILL_AUTO
2026-04-15 12:36:58,1776256618,R_75,32344.8106,1,1.5853000000024622,BACKFILL_AUTO
2026-04-15 12:37:00,1776256620,R_75,32339.5554,-1,5.255199999999604,BACKFILL_AUTO
2026-04-15 12:37:02,1776256622,R_75,32338.1566,-1,1.398800000002666,BACKFILL_AUTO
2026-04-15 12:37:04,1776256624,R_75,32340.0094,1,1.8528000000005704,BACKFILL_AUTO
2026-04-15 12:37:06,1776256626,R_75,32346.4453,1,6.435900000000402,BACKFILL_AUTO
2026-04-15 12:37:08,1776256628,R_75,32337.4867,-1,8.958599999998114,BACKFILL_AUTO
2026-04-15 12:37:10,1776256630,R_75,32337.318,-1,0.1687000000019907,BACKFILL_AUTO
2026-04-15 12:37:12,1776256632,R_75,32332.4547,-1,4.863300000000891,BACKFILL_AUTO
2026-04-15 12:37:14,1776256634,R_75,32329.4415,-1,3.013199999997596,BACKFILL_AUTO
2026-04-15 12:37:16,1776256636,R_75,32319.1794,-1,10.262099999999919,BACKFILL_AUTO
2026-04-15 12:37:18,1776256638,R_75,32322.4782,1,3.298800000000483,BACKFILL_AUTO
2026-04-15 12:37:20,1776256640,R_75,32323.7029,1,1.2246999999988475,BACKFILL_AUTO
2026-04-15 12:37:22,1776256642,R_75,32327.1693,1,3.4664000000011583,BACKFILL_AUTO
2026-04-15 12:37:24,1776256644,R_75,32326.9008,-1,0.26850000000194996,BACKFILL_AUTO
2026-04-15 12:37:26,1776256646,R_75,32337.0935,1,10.192699999999604,BACKFILL_AUTO
2026-04-15 12:37:28,1776256648,R_75,32338.1191,1,1.0256000000008498,BACKFILL_AUTO
2026-04-15 12:37:30,1776256650,R_75,32340.7201,1,2.6009999999987485,BACKFILL_AUTO
2026-04-15 12:37:32,1776256652,R_75,32332.1546,-1,8.565499999996973,BACKFILL_AUTO
2026-04-15 12:37:34,1776256654,R_75,32330.8965,-1,1.2581000000027416,BACKFILL_AUTO
2026-04-15 12:37:36,1776256656,R_75,32331.5236,1,0.6271000000015192,BACKFILL_AUTO
2026-04-15 12:37:38,1776256658,R_75,32331.8026,1,0.2789999999986321,BACKFILL_AUTO
2026-04-15 12:37:40,1776256660,R_75,32320.0293,-1,11.773300000000745,BACKFILL_AUTO
2026-04-15 12:37:42,1776256662,R_75,32335.3053,1,15.276000000001659,BACKFILL_AUTO
2026-04-15 12:37:44,1776256664,R_75,32338.4145,1,3.109199999998964,BACKFILL_AUTO
2026-04-15 12:37:46,1776256666,R_75,32336.8119,-1,1.602599999998347,BACKFILL_AUTO
2026-04-15 12:37:48,1776256668,R_75,32332.286,-1,4.525900000000547,BACKFILL_AUTO
2026-04-15 12:37:50,1776256670,R_75,32328.7087,-1,3.5773000000008324,BACKFILL_AUTO
2026-04-15 12:37:52,1776256672,R_75,32329.3548,1,0.646100000001752,BACKFILL_AUTO
2026-04-15 12:37:54,1776256674,R_75,32331.4714,1,2.116599999997561,BACKFILL_AUTO
2026-04-15 12:37:56,1776256676,R_75,32328.3809,-1,3.0904999999984284,BACKFILL_AUTO
2026-04-15 12:37:58,1776256678,R_75,32330.8058,1,2.4248999999981606,BACKFILL_AUTO
2026-04-15 12:38:00,1776256680,R_75,32333.1435,1,2.3377000000000407,BACKFILL_AUTO
2026-04-15 12:38:02,1776256682,R_75,32335.9289,1,2.7854000000006636,BACKFILL_AUTO
2026-04-15 12:38:04,1776256684,R_75,32351.1427,1,15.213800000001356,BACKFILL_AUTO
2026-04-15 12:38:06,1776256686,R_75,32349.9405,-1,1.2021999999997206,BACKFILL_AUTO
2026-04-15 12:38:08,1776256688,R_75,32349.1325,-1,0.8080000000009022,BACKFILL_AUTO
2026-04-15 12:38:10,1776256690,R_75,32347.7836,-1,1.3489000000008673,BACKFILL_AUTO
2026-04-15 12:38:12,1776256692,R_75,32356.6664,1,8.882799999999406,BACKFILL_AUTO
2026-04-15 12:38:14,1776256694,R_75,32357.7611,1,1.0947000000014668,BACKFILL_AUTO
2026-04-15 12:38:16,1776256696,R_75,32362.0506,1,4.289499999998952,BACKFILL_AUTO
2026-04-15 12:38:18,1776256698,R_75,32367.9484,1,5.897800000002462,BACKFILL_AUTO
2026-04-15 12:38:20,1776256700,R_75,32376.6188,1,8.670399999999063,BACKFILL_AUTO
2026-04-15 12:38:22,1776256702,R_75,32371.9257,-1,4.693100000000413,BACKFILL_AUTO
2026-04-15 12:38:24,1776256704,R_75,32371.974,1,0.04829999999856227,BACKFILL_AUTO
2026-04-15 12:38:26,1776256706,R_75,32382.8521,1,10.878100000001723,BACKFILL_AUTO
2026-04-15 12:38:28,1776256708,R_75,32388.0379,1,5.18579999999929,BACKFILL_AUTO
2026-04-15 12:38:30,1776256710,R_75,32388.7871,1,0.7492000000020198,BACKFILL_AUTO
2026-04-15 12:38:32,1776256712,R_75,32386.053,-1,2.73410000000149,BACKFILL_AUTO
2026-04-15 12:38:34,1776256714,R_75,32397.2162,1,11.163199999999051,BACKFILL_AUTO
2026-04-15 12:38:36,1776256716,R_75,32387.4804,-1,9.735799999998562,BACKFILL_AUTO
2026-04-15 12:38:38,1776256718,R_75,32379.258,-1,8.222399999998743,BACKFILL_AUTO
2026-04-15 12:38:40,1776256720,R_75,32385.4143,1,6.156299999998737,BACKFILL_AUTO
2026-04-15 12:38:42,1776256722,R_75,32385.6266,1,0.21229999999923166,BACKFILL_AUTO
2026-04-15 12:38:44,1776256724,R_75,32378.5006,-1,7.126000000000204,BACKFILL_AUTO
2026-04-15 12:38:46,1776256726,R_75,32372.683,-1,5.817599999998492,BACKFILL_AUTO
2026-04-15 12:38:48,1776256728,R_75,32368.3459,-1,4.337100000000646,BACKFILL_AUTO
2026-04-15 12:38:50,1776256730,R_75,32367.908,-1,0.4379000000008091,BACKFILL_AUTO
2026-04-15 12:38:52,1776256732,R_75,32371.7015,1,3.793499999999767,BACKFILL_AUTO
2026-04-15 12:38:54,1776256734,R_75,32368.526,-1,3.1754999999975553,BACKFILL_AUTO
2026-04-15 12:38:56,1776256736,R_75,32377.54,1,9.013999999999214,BACKFILL_AUTO
2026-04-15 12:38:58,1776256738,R_75,32381.3596,1,3.8195999999989,BACKFILL_AUTO
2026-04-15 12:39:00,1776256740,R_75,32376.4222,-1,4.937399999998888,BACKFILL_AUTO
2026-04-15 12:39:02,1776256742,R_75,32386.1285,1,9.70629999999801,BACKFILL_AUTO
2026-04-15 12:39:04,1776256744,R_75,32381.8224,-1,4.3060999999979686,BACKFILL_AUTO
2026-04-15 12:39:06,1776256746,R_75,32374.3223,-1,7.500100000001112,BACKFILL_AUTO
2026-04-15 12:39:08,1776256748,R_75,32374.0227,-1,0.2995999999984633,BACKFILL_AUTO
2026-04-15 12:39:10,1776256750,R_75,32382.0103,1,7.987600000000384,BACKFILL_AUTO
2026-04-15 12:39:12,1776256752,R_75,32376.9388,-1,5.0715000000018335,BACKFILL_AUTO
2026-04-15 12:39:14,1776256754,R_75,32374.4756,-1,2.4631999999983236,BACKFILL_AUTO
2026-04-15 12:39:16,1776256756,R_75,32371.6732,-1,2.802400000000489,BACKFILL_AUTO
2026-04-15 12:39:18,1776256758,R_75,32369.8722,-1,1.8009999999994761,BACKFILL_AUTO
2026-04-15 12:39:20,1776256760,R_75,32366.3445,-1,3.527700000002369,BACKFILL_AUTO
2026-04-15 12:39:22,1776256762,R_75,32372.6252,1,6.280699999999342,BACKFILL_AUTO
2026-04-15 12:39:24,1776256764,R_75,32373.1031,1,0.4779000000016822,BACKFILL_AUTO
2026-04-15 12:39:26,1776256766,R_75,32374.9606,1,1.8574999999982538,BACKFILL_AUTO
2026-04-15 12:39:28,1776256768,R_75,32374.5781,-1,0.38249999999970896,BACKFILL_AUTO
2026-04-15 12:39:30,1776256770,R_75,32372.0369,-1,2.5411999999996624,BACKFILL_AUTO
2026-04-15 12:39:32,1776256772,R_75,32369.3385,-1,2.6983999999974912,BACKFILL_AUTO
2026-04-15 12:39:34,1776256774,R_75,32362.9665,-1,6.372000000003027,BACKFILL_AUTO
2026-04-15 12:39:36,1776256776,R_75,32371.5974,1,8.63090000000011,BACKFILL_AUTO
2026-04-15 12:39:38,1776256778,R_75,32371.4845,-1,0.11290000000008149,BACKFILL_AUTO
2026-04-15 12:39:40,1776256780,R_75,32373.1612,1,1.6766999999999825,BACKFILL_AUTO
2026-04-15 12:39:42,1776256782,R_75,32377.1172,1,3.95600000000195,BACKFILL_AUTO
2026-04-15 12:39:44,1776256784,R_75,32380.4804,1,3.363199999999779,BACKFILL_AUTO
2026-04-15 12:39:46,1776256786,R_75,32381.0182,1,0.5377999999982421,BACKFILL_AUTO
2026-04-15 12:39:48,1776256788,R_75,32374.7981,-1,6.220099999998638,BACKFILL_AUTO
2026-04-15 12:39:50,1776256790,R_75,32380.3206,1,5.522499999999127,BACKFILL_AUTO
2026-04-15 12:39:52,1776256792,R_75,32379.4446,-1,0.8760000000002037,BACKFILL_AUTO
2026-04-15 12:39:54,1776256794,R_75,32378.1376,-1,1.3070000000006985,BACKFILL_AUTO
2026-04-15 12:39:56,1776256796,R_75,32379.6484,1,1.5108000000000175,BACKFILL_AUTO
2026-04-15 12:39:58,1776256798,R_75,32378.6436,-1,1.004799999998795,BACKFILL_AUTO
2026-04-15 12:40:00,1776256800,R_75,32375.3239,-1,3.3197000000000116,BACKFILL_AUTO
2026-04-15 12:40:02,1776256802,R_75,32375.7564,1,0.43249999999898137,BACKFILL_AUTO
2026-04-15 12:40:04,1776256804,R_75,32375.3697,-1,0.3866999999991094,BACKFILL_AUTO
2026-04-15 12:40:06,1776256806,R_75,32378.9674,1,3.597700000002078,BACKFILL_AUTO
2026-04-15 12:40:08,1776256808,R_75,32379.4562,1,0.48879999999917345,BACKFILL_AUTO
2026-04-15 12:40:10,1776256810,R_75,32380.6439,1,1.1876999999985856,BACKFILL_AUTO
2026-04-15 12:40:12,1776256812,R_75,32373.5496,-1,7.094300000000658,BACKFILL_AUTO
2026-04-15 12:40:14,1776256814,R_75,32376.2721,1,2.7224999999998545,BACKFILL_AUTO
2026-04-15 12:40:16,1776256816,R_75,32377.251,1,0.9789000000018859,BACKFILL_AUTO
2026-04-15 12:40:18,1776256818,R_75,32370.9187,-1,6.332300000001851,BACKFILL_AUTO
2026-04-15 12:40:20,1776256820,R_75,32374.3628,1,3.444100000000617,BACKFILL_AUTO
2026-04-15 12:40:22,1776256822,R_75,32371.1329,-1,3.2298999999984517,BACKFILL_AUTO
2026-04-15 12:40:24,1776256824,R_75,32363.9013,-1,7.231599999999162,BACKFILL_AUTO
2026-04-15 12:40:26,1776256826,R_75,32364.5153,1,0.613999999997759,BACKFILL_AUTO
2026-04-15 12:40:28,1776256828,R_75,32372.7968,1,8.28150000000096,BACKFILL_AUTO
2026-04-15 12:40:30,1776256830,R_75,32373.8845,1,1.0877000000000407,BACKFILL_AUTO
2026-04-15 12:40:32,1776256832,R_75,32382.7397,1,8.855199999998149,BACKFILL_AUTO
2026-04-15 12:40:34,1776256834,R_75,32381.8401,-1,0.8995999999970081,BACKFILL_AUTO
2026-04-15 12:40:36,1776256836,R_75,32390.0444,1,8.204299999997602,BACKFILL_AUTO
2026-04-15 12:40:38,1776256838,R_75,32392.4852,1,2.4408000000003085,BACKFILL_AUTO
2026-04-15 12:40:40,1776256840,R_75,32391.6606,-1,0.8245999999999185,BACKFILL_AUTO
2026-04-15 12:40:42,1776256842,R_75,32386.1124,-1,5.5481999999974505,BACKFILL_AUTO
2026-04-15 12:40:44,1776256844,R_75,32391.3379,1,5.225499999996828,BACKFILL_AUTO
2026-04-15 12:40:46,1776256846,R_75,32397.8831,1,6.545200000000477,BACKFILL_AUTO
2026-04-15 12:40:48,1776256848,R_75,32399.4583,1,1.5751999999993131,BACKFILL_AUTO
2026-04-15 12:40:50,1776256850,R_75,32385.6999,-1,13.758399999998801,BACKFILL_AUTO
2026-04-15 12:40:52,1776256852,R_75,32389.6322,1,3.932300000000396,BACKFILL_AUTO
2026-04-15 12:40:54,1776256854,R_75,32378.5263,-1,11.105899999998655,BACKFILL_AUTO
2026-04-15 12:40:56,1776256856,R_75,32370.2131,-1,8.313200000000506,BACKFILL_AUTO
2026-04-15 12:40:58,1776256858,R_75,32385.1686,1,14.955500000000029,BACKFILL_AUTO
2026-04-15 12:41:00,1776256860,R_75,32383.9127,-1,1.2559000000001106,BACKFILL_AUTO
2026-04-15 12:41:02,1776256862,R_75,32391.9491,1,8.036400000000867,BACKFILL_AUTO
2026-04-15 12:41:04,1776256864,R_75,32379.6987,-1,12.250400000000809,BACKFILL_AUTO
2026-04-15 12:41:06,1776256866,R_75,32375.4461,-1,4.252599999999802,BACKFILL_AUTO
2026-04-15 12:41:08,1776256868,R_75,32375.5072,1,0.06109999999898719,BACKFILL_AUTO
2026-04-15 12:41:10,1776256870,R_75,32368.3263,-1,7.180899999999383,BACKFILL_AUTO
2026-04-15 12:41:12,1776256872,R_75,32355.7323,-1,12.59400000000096,BACKFILL_AUTO
2026-04-15 12:41:14,1776256874,R_75,32352.0343,-1,3.69800000000032,BACKFILL_AUTO
2026-04-15 12:41:16,1776256876,R_75,32351.6789,-1,0.35540000000037253,BACKFILL_AUTO
2026-04-15 12:41:18,1776256878,R_75,32353.3602,1,1.681300000000192,BACKFILL_AUTO
2026-04-15 12:41:20,1776256880,R_75,32357.0206,1,3.6604000000006636,BACKFILL_AUTO
2026-04-15 12:41:22,1776256882,R_75,32359.9189,1,2.898300000000745,BACKFILL_AUTO
2026-04-15 12:41:24,1776256884,R_75,32357.8323,-1,2.0866000000023632,BACKFILL_AUTO
2026-04-15 12:41:26,1776256886,R_75,32356.3325,-1,1.4997999999977765,BACKFILL_AUTO
2026-04-15 12:41:28,1776256888,R_75,32369.7046,1,13.3721000000005,BACKFILL_AUTO
2026-04-15 12:41:30,1776256890,R_75,32368.472,-1,1.2325999999993655,BACKFILL_AUTO
2026-04-15 12:41:32,1776256892,R_75,32363.5379,-1,4.934100000002218,BACKFILL_AUTO
2026-04-15 12:41:34,1776256894,R_75,32363.7582,1,0.22030000000086147,BACKFILL_AUTO
2026-04-15 12:41:36,1776256896,R_75,32367.7527,1,3.9945000000006985,BACKFILL_AUTO
2026-04-15 12:41:38,1776256898,R_75,32363.3689,-1,4.38379999999961,BACKFILL_AUTO
2026-04-15 12:41:40,1776256900,R_75,32365.2183,1,1.8493999999991502,BACKFILL_AUTO
2026-04-15 12:41:42,1776256902,R_75,32353.7098,-1,11.508499999999913,BACKFILL_AUTO
2026-04-15 12:41:44,1776256904,R_75,32350.4534,-1,3.2564000000020314,BACKFILL_AUTO
2026-04-15 12:41:46,1776256906,R_75,32352.0741,1,1.6207000000031258,BACKFILL_AUTO
2026-04-15 12:41:48,1776256908,R_75,32340.1397,-1,11.934400000001915,BACKFILL_AUTO
2026-04-15 12:41:50,1776256910,R_75,32344.6017,1,4.461999999999534,BACKFILL_AUTO
2026-04-15 12:41:52,1776256912,R_75,32342.8684,-1,1.733299999999872,BACKFILL_AUTO
2026-04-15 12:41:54,1776256914,R_75,32354.2452,1,11.376800000001822,BACKFILL_AUTO
2026-04-15 12:41:56,1776256916,R_75,32352.8143,-1,1.430900000003021,BACKFILL_AUTO
2026-04-15 12:41:58,1776256918,R_75,32353.2694,1,0.455100000002858,BACKFILL_AUTO
2026-04-15 12:42:00,1776256920,R_75,32357.5358,1,4.266400000000431,BACKFILL_AUTO
2026-04-15 12:42:02,1776256922,R_75,32363.4127,1,5.876899999999296,BACKFILL_AUTO
2026-04-15 12:42:04,1776256924,R_75,32372.0481,1,8.635399999999208,BACKFILL_AUTO
2026-04-15 12:42:06,1776256926,R_75,32368.9677,-1,3.0803999999989173,BACKFILL_AUTO
2026-04-15 12:42:08,1776256928,R_75,32369.3357,1,0.3679999999985739,BACKFILL_AUTO
2026-04-15 12:42:10,1776256930,R_75,32372.7012,1,3.3654999999998836,BACKFILL_AUTO
2026-04-15 12:42:12,1776256932,R_75,32379.3272,1,6.626000000000204,BACKFILL_AUTO
2026-04-15 12:42:14,1776256934,R_75,32374.1289,-1,5.1983000000000175,BACKFILL_AUTO
2026-04-15 12:42:16,1776256936,R_75,32377.6649,1,3.536000000000058,BACKFILL_AUTO
2026-04-15 12:42:18,1776256938,R_75,32367.5658,-1,10.099099999999453,BACKFILL_AUTO
2026-04-15 12:42:20,1776256940,R_75,32367.8126,1,0.24680000000080327,BACKFILL_AUTO
2026-04-15 12:42:22,1776256942,R_75,32360.6442,-1,7.168400000002293,BACKFILL_AUTO
2026-04-15 12:42:24,1776256944,R_75,32355.6875,-1,4.956699999998818,BACKFILL_AUTO
2026-04-15 12:42:26,1776256946,R_75,32364.4376,1,8.750100000001112,BACKFILL_AUTO
2026-04-15 12:42:28,1776256948,R_75,32355.0955,-1,9.342100000001665,BACKFILL_AUTO
2026-04-15 12:42:30,1776256950,R_75,32355.3819,1,0.2864000000008673,BACKFILL_AUTO
2026-04-15 12:42:32,1776256952,R_75,32352.6136,-1,2.7682999999997264,BACKFILL_AUTO
2026-04-15 12:42:34,1776256954,R_75,32347.4915,-1,5.122100000000501,BACKFILL_AUTO
2026-04-15 12:42:36,1776256956,R_75,32338.5513,-1,8.940200000000914,BACKFILL_AUTO
2026-04-15 12:42:38,1776256958,R_75,32340.1603,1,1.6090000000003783,BACKFILL_AUTO
2026-04-15 12:42:40,1776256960,R_75,32346.742,1,6.581699999998818,BACKFILL_AUTO
2026-04-15 12:42:42,1776256962,R_75,32343.7988,-1,2.943199999997887,BACKFILL_AUTO
2026-04-15 12:42:44,1776256964,R_75,32338.297,-1,5.501800000001822,BACKFILL_AUTO
2026-04-15 12:42:46,1776256966,R_75,32341.4671,1,3.1701000000030035,BACKFILL_AUTO
2026-04-15 12:42:48,1776256968,R_75,32340.4071,-1,1.0600000000013097,BACKFILL_AUTO
2026-04-15 12:42:50,1776256970,R_75,32331.9187,-1,8.488400000002002,BACKFILL_AUTO
2026-04-15 12:42:52,1776256972,R_75,32330.1623,-1,1.7563999999983935,BACKFILL_AUTO
2026-04-15 12:42:54,1776256974,R_75,32338.5505,1,8.388200000001234,BACKFILL_AUTO
2026-04-15 12:42:56,1776256976,R_75,32335.1827,-1,3.3677999999999884,BACKFILL_AUTO
2026-04-15 12:42:58,1776256978,R_75,32337.4496,1,2.2668999999987136,BACKFILL_AUTO
2026-04-15 12:43:00,1776256980,R_75,32341.1629,1,3.7132999999994354,BACKFILL_AUTO
2026-04-15 12:43:02,1776256982,R_75,32336.1612,-1,5.00170000000071,BACKFILL_AUTO
2026-04-15 12:43:04,1776256984,R_75,32337.503,1,1.3418000000019674,BACKFILL_AUTO
2026-04-15 12:43:06,1776256986,R_75,32338.0189,1,0.5158999999985099,BACKFILL_AUTO
2026-04-15 12:43:08,1776256988,R_75,32329.3029,-1,8.71600000000035,BACKFILL_AUTO
2026-04-15 12:43:10,1776256990,R_75,32328.4767,-1,0.8261999999995169,BACKFILL_AUTO
2026-04-15 12:43:12,1776256992,R_75,32340.3853,1,11.90860000000248,BACKFILL_AUTO
2026-04-15 12:43:14,1776256994,R_75,32338.2513,-1,2.1340000000018335,BACKFILL_AUTO
2026-04-15 12:43:16,1776256996,R_75,32345.1179,1,6.866600000001199,BACKFILL_AUTO
2026-04-15 12:43:18,1776256998,R_75,32346.1646,1,1.046699999998964,BACKFILL_AUTO
2026-04-15 12:43:20,1776257000,R_75,32347.4371,1,1.2724999999991269,BACKFILL_AUTO
2026-04-15 12:43:22,1776257002,R_75,32338.5148,-1,8.922299999998359,BACKFILL_AUTO
2026-04-15 12:43:24,1776257004,R_75,32339.1291,1,0.6142999999974563,BACKFILL_AUTO
2026-04-15 12:43:26,1776257006,R_75,32336.4481,-1,2.680999999996857,BACKFILL_AUTO
2026-04-15 12:43:28,1776257008,R_75,32340.5838,1,4.135699999998906,BACKFILL_AUTO
2026-04-15 12:43:30,1776257010,R_75,32342.8717,1,2.287899999999354,BACKFILL_AUTO
2026-04-15 12:43:32,1776257012,R_75,32343.8224,1,0.950700000001234,BACKFILL_AUTO
2026-04-15 12:43:34,1776257014,R_75,32349.4705,1,5.6480999999985215,BACKFILL_AUTO
2026-04-15 12:43:36,1776257016,R_75,32349.3094,-1,0.16110000000116997,BACKFILL_AUTO
2026-04-15 12:43:38,1776257018,R_75,32349.1475,-1,0.16189999999915017,BACKFILL_AUTO
2026-04-15 12:43:40,1776257020,R_75,32354.237,1,5.089500000001863,BACKFILL_AUTO
2026-04-15 12:43:42,1776257022,R_75,32353.2341,-1,1.0028999999994994,BACKFILL_AUTO
2026-04-15 12:43:44,1776257024,R_75,32358.2334,1,4.999299999999494,BACKFILL_AUTO
2026-04-15 12:43:46,1776257026,R_75,32355.798,-1,2.4354000000021188,BACKFILL_AUTO
2026-04-15 12:43:48,1776257028,R_75,32360.0205,1,4.2224999999998545,BACKFILL_AUTO
2026-04-15 12:43:50,1776257030,R_75,32361.8745,1,1.8540000000029977,BACKFILL_AUTO
2026-04-15 12:43:52,1776257032,R_75,32352.1784,-1,9.696100000001024,BACKFILL_AUTO
2026-04-15 12:43:54,1776257034,R_75,32351.7413,-1,0.4370999999991909,BACKFILL_AUTO
2026-04-15 12:43:56,1776257036,R_75,32355.2509,1,3.50959999999759,BACKFILL_AUTO
2026-04-15 12:43:58,1776257038,R_75,32356.351,1,1.1000999999996566,BACKFILL_AUTO
2026-04-15 12:44:00,1776257040,R_75,32359.542,1,3.191000000002532,BACKFILL_AUTO
2026-04-15 12:44:02,1776257042,R_75,32352.989,-1,6.552999999999884,BACKFILL_AUTO
2026-04-15 12:44:04,1776257044,R_75,32365.1813,1,12.192299999998795,BACKFILL_AUTO
2026-04-15 12:44:06,1776257046,R_75,32371.0422,1,5.860899999999674,BACKFILL_AUTO
2026-04-15 12:44:08,1776257048,R_75,32375.1632,1,4.120999999999185,BACKFILL_AUTO
2026-04-15 12:44:10,1776257050,R_75,32373.649,-1,1.5141999999977998,BACKFILL_AUTO
2026-04-15 12:44:12,1776257052,R_75,32378.0284,1,4.379399999997986,BACKFILL_AUTO
2026-04-15 12:44:14,1776257054,R_75,32369.2286,-1,8.799800000000687,BACKFILL_AUTO
2026-04-15 12:44:16,1776257056,R_75,32355.279,-1,13.949599999999919,BACKFILL_AUTO
2026-04-15 12:44:18,1776257058,R_75,32354.0799,-1,1.1990999999979977,BACKFILL_AUTO
2026-04-15 12:44:20,1776257060,R_75,32353.1824,-1,0.8974999999991269,BACKFILL_AUTO
2026-04-15 12:44:22,1776257062,R_75,32343.9049,-1,9.277500000000146,BACKFILL_AUTO
2026-04-15 12:44:24,1776257064,R_75,32348.5495,1,4.6445999999996275,BACKFILL_AUTO
2026-04-15 12:44:26,1776257066,R_75,32348.1478,-1,0.4017000000021653,BACKFILL_AUTO
2026-04-15 12:44:28,1776257068,R_75,32347.7898,-1,0.3580000000001746,BACKFILL_AUTO
2026-04-15 12:44:30,1776257070,R_75,32341.0034,-1,6.786399999997229,BACKFILL_AUTO
2026-04-15 12:44:32,1776257072,R_75,32345.9296,1,4.926199999998062,BACKFILL_AUTO
2026-04-15 12:44:34,1776257074,R_75,32342.1338,-1,3.795799999999872,BACKFILL_AUTO
2026-04-15 12:44:36,1776257076,R_75,32329.0885,-1,13.045299999997951,BACKFILL_AUTO
2026-04-15 12:44:38,1776257078,R_75,32327.5294,-1,1.5591000000022177,BACKFILL_AUTO
2026-04-15 12:44:40,1776257080,R_75,32320.2936,-1,7.235799999998562,BACKFILL_AUTO
2026-04-15 12:44:42,1776257082,R_75,32311.3278,-1,8.965800000001764,BACKFILL_AUTO
2026-04-15 12:44:44,1776257084,R_75,32307.6791,-1,3.648699999997916,BACKFILL_AUTO
2026-04-15 12:44:46,1776257086,R_75,32306.7936,-1,0.8855000000003201,BACKFILL_AUTO
2026-04-15 12:44:48,1776257088,R_75,32310.7836,1,3.9899999999979627,BACKFILL_AUTO
2026-04-15 12:44:50,1776257090,R_75,32316.6843,1,5.900700000001962,BACKFILL_AUTO
2026-04-15 12:44:52,1776257092,R_75,32315.8222,-1,0.8621000000021013,BACKFILL_AUTO
2026-04-15 12:44:54,1776257094,R_75,32319.895,1,4.072800000001735,BACKFILL_AUTO
2026-04-15 12:44:56,1776257096,R_75,32318.9874,-1,0.9075999999986379,BACKFILL_AUTO
2026-04-15 12:44:58,1776257098,R_75,32305.012,-1,13.975400000002992,BACKFILL_AUTO
2026-04-15 12:45:00,1776257100,R_75,32302.1347,-1,2.8773000000001048,BACKFILL_AUTO
2026-04-15 12:45:02,1776257102,R_75,32300.199,-1,1.935699999998178,BACKFILL_AUTO
2026-04-15 12:45:04,1776257104,R_75,32312.7847,1,12.585699999999633,BACKFILL_AUTO
2026-04-15 12:45:06,1776257106,R_75,32315.8854,1,3.100699999999051,BACKFILL_AUTO
2026-04-15 12:45:08,1776257108,R_75,32302.92,-1,12.965400000000955,BACKFILL_AUTO
2026-04-15 12:45:10,1776257110,R_75,32313.87,1,10.950000000000728,BACKFILL_AUTO
2026-04-15 12:45:12,1776257112,R_75,32324.2768,1,10.406800000000658,BACKFILL_AUTO
2026-04-15 12:45:14,1776257114,R_75,32322.948,-1,1.328799999999319,BACKFILL_AUTO
2026-04-15 12:45:16,1776257116,R_75,32314.913,-1,8.034999999999854,BACKFILL_AUTO
2026-04-15 12:45:18,1776257118,R_75,32304.7552,-1,10.157800000000861,BACKFILL_AUTO
2026-04-15 12:45:20,1776257120,R_75,32301.9612,-1,2.79399999999805,BACKFILL_AUTO
2026-04-15 12:45:22,1776257122,R_75,32287.607,-1,14.354200000001583,BACKFILL_AUTO
2026-04-15 12:45:24,1776257124,R_75,32292.1769,1,4.569899999998597,BACKFILL_AUTO
2026-04-15 12:45:26,1776257126,R_75,32292.5336,1,0.3567000000002736,BACKFILL_AUTO
2026-04-15 12:45:28,1776257128,R_75,32299.0821,1,6.548500000000786,BACKFILL_AUTO
2026-04-15 12:45:30,1776257130,R_75,32294.0881,-1,4.993999999998778,BACKFILL_AUTO
2026-04-15 12:45:32,1776257132,R_75,32291.0532,-1,3.0349000000023807,BACKFILL_AUTO
2026-04-15 12:45:34,1776257134,R_75,32284.6518,-1,6.40139999999883,BACKFILL_AUTO
2026-04-15 12:45:36,1776257136,R_75,32292.0083,1,7.356500000001688,BACKFILL_AUTO
2026-04-15 12:45:38,1776257138,R_75,32293.7877,1,1.7793999999994412,BACKFILL_AUTO
2026-04-15 12:45:40,1776257140,R_75,32291.8405,-1,1.94720000000234,BACKFILL_AUTO
2026-04-15 12:45:42,1776257142,R_75,32295.6778,1,3.8373000000028696,BACKFILL_AUTO
2026-04-15 12:45:44,1776257144,R_75,32297.4921,1,1.814299999998184,BACKFILL_AUTO
2026-04-15 12:45:46,1776257146,R_75,32294.7359,-1,2.756199999999808,BACKFILL_AUTO
2026-04-15 12:45:48,1776257148,R_75,32289.548,-1,5.187900000000809,BACKFILL_AUTO
2026-04-15 12:45:50,1776257150,R_75,32290.3246,1,0.7766000000010536,BACKFILL_AUTO
2026-04-15 12:45:52,1776257152,R_75,32287.722,-1,2.602599999998347,BACKFILL_AUTO
2026-04-15 12:45:54,1776257154,R_75,32283.4885,-1,4.2335000000020955,BACKFILL_AUTO
2026-04-15 12:45:56,1776257156,R_75,32283.814,1,0.32549999999901047,BACKFILL_AUTO
2026-04-15 12:45:58,1776257158,R_75,32285.6422,1,1.8281999999999243,BACKFILL_AUTO
2026-04-15 12:46:00,1776257160,R_75,32288.4094,1,2.767200000002049,BACKFILL_AUTO
2026-04-15 12:46:02,1776257162,R_75,32287.8592,-1,0.5502000000014959,BACKFILL_AUTO
2026-04-15 12:46:04,1776257164,R_75,32292.5378,1,4.678599999999278,BACKFILL_AUTO
2026-04-15 12:46:06,1776257166,R_75,32297.5444,1,5.006600000000617,BACKFILL_AUTO
2026-04-15 12:46:08,1776257168,R_75,32302.2413,1,4.696900000002643,BACKFILL_AUTO
2026-04-15 12:46:10,1776257170,R_75,32303.247,1,1.005699999997887,BACKFILL_AUTO
2026-04-15 12:46:12,1776257172,R_75,32301.7803,-1,1.4667000000008557,BACKFILL_AUTO
2026-04-15 12:46:14,1776257174,R_75,32300.0733,-1,1.7069999999985157,BACKFILL_AUTO
2026-04-15 12:46:16,1776257176,R_75,32290.7358,-1,9.337500000001455,BACKFILL_AUTO
2026-04-15 12:46:18,1776257178,R_75,32292.5757,1,1.8399000000026717,BACKFILL_AUTO
2026-04-15 12:46:20,1776257180,R_75,32287.2284,-1,5.347300000001269,BACKFILL_AUTO
2026-04-15 12:46:22,1776257182,R_75,32290.038,1,2.8096000000005006,BACKFILL_AUTO
2026-04-15 12:46:24,1776257184,R_75,32278.491,-1,11.546999999998661,BACKFILL_AUTO
2026-04-15 12:46:26,1776257186,R_75,32283.446,1,4.954999999998108,BACKFILL_AUTO
2026-04-15 12:46:28,1776257188,R_75,32292.2495,1,8.803500000001804,BACKFILL_AUTO
2026-04-15 12:46:30,1776257190,R_75,32285.5772,-1,6.6723000000019965,BACKFILL_AUTO
2026-04-15 12:46:32,1776257192,R_75,32285.9758,1,0.3986000000004424,BACKFILL_AUTO
2026-04-15 12:46:34,1776257194,R_75,32281.2344,-1,4.7413999999989755,BACKFILL_AUTO
2026-04-15 12:46:36,1776257196,R_75,32285.1702,1,3.93579999999929,BACKFILL_AUTO
2026-04-15 12:46:38,1776257198,R_75,32290.1906,1,5.020400000001246,BACKFILL_AUTO
2026-04-15 12:46:40,1776257200,R_75,32291.7682,1,1.5775999999968917,BACKFILL_AUTO
2026-04-15 12:46:42,1776257202,R_75,32293.0287,1,1.2605000000003201,BACKFILL_AUTO
2026-04-15 12:46:44,1776257204,R_75,32292.5169,-1,0.5118000000002212,BACKFILL_AUTO
2026-04-15 12:46:46,1776257206,R_75,32286.0279,-1,6.488999999997759,BACKFILL_AUTO
2026-04-15 12:46:48,1776257208,R_75,32288.0666,1,2.038699999997334,BACKFILL_AUTO
2026-04-15 12:46:50,1776257210,R_75,32289.4914,1,1.4248000000006869,BACKFILL_AUTO
2026-04-15 12:46:52,1776257212,R_75,32296.2213,1,6.72990000000209,BACKFILL_AUTO
2026-04-15 12:46:54,1776257214,R_75,32305.0469,1,8.825600000000122,BACKFILL_AUTO
2026-04-15 12:46:56,1776257216,R_75,32309.351,1,4.304099999997561,BACKFILL_AUTO
2026-04-15 12:46:58,1776257218,R_75,32318.2043,1,8.853300000002491,BACKFILL_AUTO
2026-04-15 12:47:00,1776257220,R_75,32316.6612,-1,1.543100000002596,BACKFILL_AUTO
2026-04-15 12:47:02,1776257222,R_75,32318.1248,1,1.4636000000027707,BACKFILL_AUTO
2026-04-15 12:47:04,1776257224,R_75,32323.0197,1,4.894899999999325,BACKFILL_AUTO
2026-04-15 12:47:06,1776257226,R_75,32328.46,1,5.440299999998388,BACKFILL_AUTO
2026-04-15 12:47:08,1776257228,R_75,32334.0764,1,5.6164000000026135,BACKFILL_AUTO
2026-04-15 12:47:10,1776257230,R_75,32344.9958,1,10.91939999999886,BACKFILL_AUTO
2026-04-15 12:47:12,1776257232,R_75,32336.6965,-1,8.299300000002404,BACKFILL_AUTO
2026-04-15 12:47:14,1776257234,R_75,32326.396,-1,10.300499999997555,BACKFILL_AUTO
2026-04-15 12:47:16,1776257236,R_75,32332.7556,1,6.359599999999773,BACKFILL_AUTO
2026-04-15 12:47:18,1776257238,R_75,32343.7791,1,11.02349999999933,BACKFILL_AUTO
2026-04-15 12:47:20,1776257240,R_75,32342.698,-1,1.0810999999994237,BACKFILL_AUTO
2026-04-15 12:47:22,1776257242,R_75,32343.3407,1,0.6427000000003318,BACKFILL_AUTO
2026-04-15 12:47:24,1776257244,R_75,32350.0751,1,6.7343999999975495,BACKFILL_AUTO
2026-04-15 12:47:26,1776257246,R_75,32344.6252,-1,5.449899999999616,BACKFILL_AUTO
2026-04-15 12:47:28,1776257248,R_75,32348.4463,1,3.8211000000010245,BACKFILL_AUTO
2026-04-15 12:47:30,1776257250,R_75,32343.9444,-1,4.501899999999296,BACKFILL_AUTO
2026-04-15 12:47:32,1776257252,R_75,32345.2173,1,1.272899999999936,BACKFILL_AUTO
2026-04-15 12:47:34,1776257254,R_75,32333.4165,-1,11.80080000000089,BACKFILL_AUTO
2026-04-15 12:47:36,1776257256,R_75,32330.5727,-1,2.843799999998737,BACKFILL_AUTO
2026-04-15 12:47:38,1776257258,R_75,32327.1672,-1,3.4055000000007567,BACKFILL_AUTO
2026-04-15 12:47:40,1776257260,R_75,32324.5382,-1,2.629000000000815,BACKFILL_AUTO
2026-04-15 12:47:42,1776257262,R_75,32325.574,1,1.0358000000014727,BACKFILL_AUTO
2026-04-15 12:47:44,1776257264,R_75,32324.9468,-1,0.627199999998993,BACKFILL_AUTO
2026-04-15 12:47:46,1776257266,R_75,32336.7704,1,11.823599999999715,BACKFILL_AUTO
2026-04-15 12:47:48,1776257268,R_75,32327.5621,-1,9.208300000002055,BACKFILL_AUTO
2026-04-15 12:47:50,1776257270,R_75,32329.2062,1,1.6441000000013446,BACKFILL_AUTO
2026-04-15 12:47:52,1776257272,R_75,32333.7842,1,4.577999999997701,BACKFILL_AUTO
2026-04-15 12:47:54,1776257274,R_75,32334.681,1,0.8968000000022585,BACKFILL_AUTO
2026-04-15 12:47:56,1776257276,R_75,32336.7657,1,2.0846999999994296,BACKFILL_AUTO
2026-04-15 12:47:58,1776257278,R_75,32337.9873,1,1.2216000000007625,BACKFILL_AUTO
2026-04-15 12:48:00,1776257280,R_75,32320.9206,-1,17.0666999999994,BACKFILL_AUTO
2026-04-15 12:48:02,1776257282,R_75,32328.7017,1,7.781100000000151,BACKFILL_AUTO
2026-04-15 12:48:04,1776257284,R_75,32326.0731,-1,2.628600000000006,BACKFILL_AUTO
2026-04-15 12:48:06,1776257286,R_75,32319.9642,-1,6.108900000002905,BACKFILL_AUTO
2026-04-15 12:48:08,1776257288,R_75,32325.6666,1,5.702400000001944,BACKFILL_AUTO
2026-04-15 12:48:10,1776257290,R_75,32330.6454,1,4.978800000000774,BACKFILL_AUTO
2026-04-15 12:48:12,1776257292,R_75,32315.4909,-1,15.154500000000553,BACKFILL_AUTO
2026-04-15 12:48:14,1776257294,R_75,32316.7803,1,1.2893999999978405,BACKFILL_AUTO
2026-04-15 12:48:16,1776257296,R_75,32313.658,-1,3.122299999999086,BACKFILL_AUTO
2026-04-15 12:48:18,1776257298,R_75,32320.8999,1,7.241900000000896,BACKFILL_AUTO
2026-04-15 12:48:20,1776257300,R_75,32313.5561,-1,7.343799999998737,BACKFILL_AUTO
2026-04-15 12:48:22,1776257302,R_75,32318.2013,1,4.645199999999022,BACKFILL_AUTO
2026-04-15 12:48:24,1776257304,R_75,32315.8149,-1,2.386399999999412,BACKFILL_AUTO
2026-04-15 12:48:26,1776257306,R_75,32309.4412,-1,6.373700000000099,BACKFILL_AUTO
2026-04-15 12:48:28,1776257308,R_75,32312.5244,1,3.083199999997305,BACKFILL_AUTO
2026-04-15 12:48:30,1776257310,R_75,32298.7686,-1,13.755799999998999,BACKFILL_AUTO
2026-04-15 12:48:32,1776257312,R_75,32303.6978,1,4.929200000002311,BACKFILL_AUTO
2026-04-15 12:48:34,1776257314,R_75,32299.5225,-1,4.175300000002608,BACKFILL_AUTO
2026-04-15 12:48:36,1776257316,R_75,32306.9518,1,7.429299999999785,BACKFILL_AUTO
2026-04-15 12:48:38,1776257318,R_75,32308.6117,1,1.6599000000023807,BACKFILL_AUTO
2026-04-15 12:48:40,1776257320,R_75,32301.4877,-1,7.123999999999796,BACKFILL_AUTO
2026-04-15 12:48:42,1776257322,R_75,32302.543,1,1.0552999999999884,BACKFILL_AUTO
2026-04-15 12:48:44,1776257324,R_75,32303.907,1,1.363999999997759,BACKFILL_AUTO
2026-04-15 12:48:46,1776257326,R_75,32314.6691,1,10.762099999999919,BACKFILL_AUTO
2026-04-15 12:48:48,1776257328,R_75,32321.2119,1,6.542799999999261,BACKFILL_AUTO
2026-04-15 12:48:50,1776257330,R_75,32317.9227,-1,3.289199999999255,BACKFILL_AUTO
2026-04-15 12:48:52,1776257332,R_75,32328.4737,1,10.550999999999476,BACKFILL_AUTO
2026-04-15 12:48:54,1776257334,R_75,32320.9489,-1,7.524799999999232,BACKFILL_AUTO
2026-04-15 12:48:56,1776257336,R_75,32328.1057,1,7.156800000000658,BACKFILL_AUTO
2026-04-15 12:48:58,1776257338,R_75,32329.6178,1,1.5120999999999185,BACKFILL_AUTO
2026-04-15 12:49:00,1776257340,R_75,32330.3136,1,0.6958000000013271,BACKFILL_AUTO
2026-04-15 12:49:02,1776257342,R_75,32337.1734,1,6.8597999999983585,BACKFILL_AUTO
2026-04-15 12:49:04,1776257344,R_75,32351.4796,1,14.30619999999908,BACKFILL_AUTO
2026-04-15 12:49:06,1776257346,R_75,32362.5199,1,11.04030000000057,BACKFILL_AUTO
2026-04-15 12:49:08,1776257348,R_75,32363.3677,1,0.8477999999995518,BACKFILL_AUTO
2026-04-15 12:49:10,1776257350,R_75,32367.1729,1,3.8052000000025146,BACKFILL_AUTO
2026-04-15 12:49:12,1776257352,R_75,32375.1381,1,7.965199999998731,BACKFILL_AUTO
2026-04-15 12:49:14,1776257354,R_75,32375.4979,1,0.35979999999835854,BACKFILL_AUTO
2026-04-15 12:49:16,1776257356,R_75,32372.5464,-1,2.951499999999214,BACKFILL_AUTO
2026-04-15 12:49:18,1776257358,R_75,32375.8504,1,3.3040000000000873,BACKFILL_AUTO
2026-04-15 12:49:20,1776257360,R_75,32372.0894,-1,3.760999999998603,BACKFILL_AUTO
2026-04-15 12:49:22,1776257362,R_75,32386.0582,1,13.968799999998737,BACKFILL_AUTO
2026-04-15 12:49:24,1776257364,R_75,32389.2928,1,3.234599999999773,BACKFILL_AUTO
2026-04-15 12:49:26,1776257366,R_75,32394.8982,1,5.6054000000003725,BACKFILL_AUTO
2026-04-15 12:49:28,1776257368,R_75,32394.0045,-1,0.8937000000005355,BACKFILL_AUTO
2026-04-15 12:49:30,1776257370,R_75,32398.4228,1,4.418300000001182,BACKFILL_AUTO
2026-04-15 12:49:32,1776257372,R_75,32395.9174,-1,2.5054000000018277,BACKFILL_AUTO
2026-04-15 12:49:34,1776257374,R_75,32398.9542,1,3.0368000000016764,BACKFILL_AUTO
2026-04-15 12:49:36,1776257376,R_75,32413.8862,1,14.932000000000698,BACKFILL_AUTO
2026-04-15 12:49:38,1776257378,R_75,32417.9383,1,4.052100000000792,BACKFILL_AUTO
2026-04-15 12:49:40,1776257380,R_75,32428.429,1,10.49069999999847,BACKFILL_AUTO
2026-04-15 12:49:42,1776257382,R_75,32429.5514,1,1.122400000000198,BACKFILL_AUTO
2026-04-15 12:49:44,1776257384,R_75,32436.4488,1,6.897399999998015,BACKFILL_AUTO
2026-04-15 12:49:46,1776257386,R_75,32425.9714,-1,10.477399999999761,BACKFILL_AUTO
2026-04-15 12:49:48,1776257388,R_75,32419.35,-1,6.621399999999994,BACKFILL_AUTO
2026-04-15 12:49:50,1776257390,R_75,32426.4017,1,7.0516999999999825,BACKFILL_AUTO
2026-04-15 12:49:52,1776257392,R_75,32425.6481,-1,0.7536000000000058,BACKFILL_AUTO
2026-04-15 12:49:54,1776257394,R_75,32424.0149,-1,1.6332000000002154,BACKFILL_AUTO
2026-04-15 12:49:56,1776257396,R_75,32425.268,1,1.253100000001723,BACKFILL_AUTO
2026-04-15 12:49:58,1776257398,R_75,32422.9612,-1,2.306799999998475,BACKFILL_AUTO
2026-04-15 12:50:00,1776257400,R_75,32428.2063,1,5.245100000000093,BACKFILL_AUTO
2026-04-15 12:50:02,1776257402,R_75,32421.693,-1,6.513300000002346,BACKFILL_AUTO
2026-04-15 12:50:04,1776257404,R_75,32421.9239,1,0.23090000000229338,BACKFILL_AUTO
2026-04-15 12:50:06,1776257406,R_75,32422.8725,1,0.9485999999997148,BACKFILL_AUTO
2026-04-15 12:50:08,1776257408,R_75,32417.9143,-1,4.958200000000943,BACKFILL_AUTO
2026-04-15 12:50:10,1776257410,R_75,32417.0868,-1,0.8274999999994179,BACKFILL_AUTO
2026-04-15 12:50:12,1776257412,R_75,32423.1806,1,6.093799999998737,BACKFILL_AUTO
2026-04-15 12:50:14,1776257414,R_75,32431.7429,1,8.562300000001414,BACKFILL_AUTO
2026-04-15 12:50:16,1776257416,R_75,32432.9175,1,1.1745999999984633,BACKFILL_AUTO
2026-04-15 12:50:18,1776257418,R_75,32433.8364,1,0.9189000000005763,BACKFILL_AUTO
2026-04-15 12:50:20,1776257420,R_75,32427.3775,-1,6.458900000001449,BACKFILL_AUTO
2026-04-15 12:50:22,1776257422,R_75,32428.637,1,1.2595000000001164,BACKFILL_AUTO
2026-04-15 12:50:24,1776257424,R_75,32418.6821,-1,9.954899999996996,BACKFILL_AUTO
2026-04-15 12:50:26,1776257426,R_75,32431.7481,1,13.065999999998894,BACKFILL_AUTO
2026-04-15 12:50:28,1776257428,R_75,32441.6417,1,9.893599999999424,BACKFILL_AUTO
2026-04-15 12:50:30,1776257430,R_75,32442.437,1,0.7953000000015891,BACKFILL_AUTO
2026-04-15 12:50:32,1776257432,R_75,32437.5898,-1,4.847200000000157,BACKFILL_AUTO
2026-04-15 12:50:34,1776257434,R_75,32440.5592,1,2.9693999999981315,BACKFILL_AUTO
2026-04-15 12:50:36,1776257436,R_75,32442.5959,1,2.0367000000005646,BACKFILL_AUTO
2026-04-15 12:50:38,1776257438,R_75,32440.2561,-1,2.33980000000156,BACKFILL_AUTO
2026-04-15 12:50:40,1776257440,R_75,32444.0221,1,3.7659999999996217,BACKFILL_AUTO
2026-04-15 12:50:42,1776257442,R_75,32444.7651,1,0.7430000000022119,BACKFILL_AUTO
2026-04-15 12:50:44,1776257444,R_75,32439.5124,-1,5.252700000000914,BACKFILL_AUTO
2026-04-15 12:50:46,1776257446,R_75,32433.3069,-1,6.205500000000029,BACKFILL_AUTO
2026-04-15 12:50:48,1776257448,R_75,32433.8284,1,0.5214999999989232,BACKFILL_AUTO
2026-04-15 12:50:50,1776257450,R_75,32426.9383,-1,6.890099999996892,BACKFILL_AUTO
2026-04-15 12:50:52,1776257452,R_75,32428.2104,1,1.2720999999983178,BACKFILL_AUTO
2026-04-15 12:50:54,1776257454,R_75,32420.9369,-1,7.273499999999331,BACKFILL_AUTO
2026-04-15 12:50:56,1776257456,R_75,32421.1176,1,0.18070000000079744,BACKFILL_AUTO
2026-04-15 12:50:58,1776257458,R_75,32424.395,1,3.2773999999990338,BACKFILL_AUTO
2026-04-15 12:51:00,1776257460,R_75,32427.2235,1,2.8284999999996217,BACKFILL_AUTO
2026-04-15 12:51:02,1776257462,R_75,32429.1346,1,1.91110000000117,BACKFILL_AUTO
2026-04-15 12:51:04,1776257464,R_75,32428.4944,-1,0.6402000000016415,BACKFILL_AUTO
2026-04-15 12:51:06,1776257466,R_75,32420.8513,-1,7.643100000001141,BACKFILL_AUTO
2026-04-15 12:51:08,1776257468,R_75,32426.9138,1,6.0625,BACKFILL_AUTO
2026-04-15 12:51:10,1776257470,R_75,32425.6082,-1,1.3055999999996857,BACKFILL_AUTO
2026-04-15 12:51:12,1776257472,R_75,32427.5217,1,1.9135000000023865,BACKFILL_AUTO
2026-04-15 12:51:14,1776257474,R_75,32436.2382,1,8.716499999998632,BACKFILL_AUTO
2026-04-15 12:51:16,1776257476,R_75,32436.9544,1,0.7161999999989348,BACKFILL_AUTO
2026-04-15 12:51:18,1776257478,R_75,32435.4383,-1,1.5160999999970954,BACKFILL_AUTO
2026-04-15 12:51:20,1776257480,R_75,32434.0117,-1,1.4266000000025088,BACKFILL_AUTO
2026-04-15 12:51:22,1776257482,R_75,32426.2333,-1,7.7783999999992375,BACKFILL_AUTO
2026-04-15 12:51:24,1776257484,R_75,32429.9608,1,3.727500000000873,BACKFILL_AUTO
2026-04-15 12:51:26,1776257486,R_75,32433.5984,1,3.6375999999982014,BACKFILL_AUTO
2026-04-15 12:51:28,1776257488,R_75,32428.5329,-1,5.065500000000611,BACKFILL_AUTO
2026-04-15 12:51:30,1776257490,R_75,32427.7277,-1,0.8051999999988766,BACKFILL_AUTO
2026-04-15 12:51:32,1776257492,R_75,32429.1593,1,1.4315999999998894,BACKFILL_AUTO
2026-04-15 12:51:34,1776257494,R_75,32431.8964,1,2.7371000000021013,BACKFILL_AUTO
2026-04-15 12:51:36,1776257496,R_75,32431.1597,-1,0.7367000000012922,BACKFILL_AUTO
2026-04-15 12:51:38,1776257498,R_75,32436.6851,1,5.525399999998626,BACKFILL_AUTO
2026-04-15 12:51:40,1776257500,R_75,32436.1289,-1,0.5561999999990803,BACKFILL_AUTO
2026-04-15 12:51:42,1776257502,R_75,32438.2585,1,2.1296000000002095,BACKFILL_AUTO
2026-04-15 12:51:44,1776257504,R_75,32449.3285,1,11.069999999999709,BACKFILL_AUTO
2026-04-15 12:51:46,1776257506,R_75,32444.3985,-1,4.930000000000291,BACKFILL_AUTO
2026-04-15 12:51:48,1776257508,R_75,32441.8012,-1,2.597299999997631,BACKFILL_AUTO
2026-04-15 12:51:50,1776257510,R_75,32444.3533,1,2.5520999999971536,BACKFILL_AUTO
2026-04-15 12:51:52,1776257512,R_75,32442.5728,-1,1.7804999999971187,BACKFILL_AUTO
2026-04-15 12:51:54,1776257514,R_75,32442.8582,1,0.2853999999970256,BACKFILL_AUTO
2026-04-15 12:51:56,1776257516,R_75,32443.3406,1,0.48240000000078,BACKFILL_AUTO
2026-04-15 12:51:58,1776257518,R_75,32454.856,1,11.515400000000227,BACKFILL_AUTO
2026-04-15 12:52:00,1776257520,R_75,32449.4898,-1,5.36620000000039,BACKFILL_AUTO
2026-04-15 12:52:02,1776257522,R_75,32455.9181,1,6.428299999999581,BACKFILL_AUTO
2026-04-15 12:52:04,1776257524,R_75,32468.267,1,12.348900000000867,BACKFILL_AUTO
2026-04-15 12:52:06,1776257526,R_75,32465.2749,-1,2.992099999999482,BACKFILL_AUTO
2026-04-15 12:52:08,1776257528,R_75,32466.9959,1,1.7210000000013679,BACKFILL_AUTO
2026-04-15 12:52:10,1776257530,R_75,32462.1098,-1,4.886100000003353,BACKFILL_AUTO
2026-04-15 12:52:12,1776257532,R_75,32462.2273,1,0.11750000000029104,BACKFILL_AUTO
2026-04-15 12:52:14,1776257534,R_75,32482.6749,1,20.44760000000315,BACKFILL_AUTO
2026-04-15 12:52:16,1776257536,R_75,32497.2201,1,14.54519999999684,BACKFILL_AUTO
2026-04-15 12:52:18,1776257538,R_75,32495.012,-1,2.208099999999831,BACKFILL_AUTO
2026-04-15 12:52:20,1776257540,R_75,32497.9132,1,2.9012000000002445,BACKFILL_AUTO
2026-04-15 12:52:22,1776257542,R_75,32506.395,1,8.481800000001385,BACKFILL_AUTO
2026-04-15 12:52:24,1776257544,R_75,32514.2975,1,7.9025000000001455,BACKFILL_AUTO
2026-04-15 12:52:26,1776257546,R_75,32508.3492,-1,5.9483000000000175,BACKFILL_AUTO
2026-04-15 12:52:28,1776257548,R_75,32496.0934,-1,12.255799999998999,BACKFILL_AUTO
2026-04-15 12:52:30,1776257550,R_75,32490.1724,-1,5.9210000000020955,BACKFILL_AUTO
2026-04-15 12:52:32,1776257552,R_75,32480.2891,-1,9.88329999999769,BACKFILL_AUTO
2026-04-15 12:52:34,1776257554,R_75,32470.5827,-1,9.706400000002759,BACKFILL_AUTO
2026-04-15 12:52:36,1776257556,R_75,32483.109,1,12.526300000001356,BACKFILL_AUTO
2026-04-15 12:52:38,1776257558,R_75,32486.1539,1,3.04490000000078,BACKFILL_AUTO
2026-04-15 12:52:40,1776257560,R_75,32485.7948,-1,0.3591000000014901,BACKFILL_AUTO
2026-04-15 12:52:42,1776257562,R_75,32488.7951,1,3.0002999999996973,BACKFILL_AUTO
2026-04-15 12:52:44,1776257564,R_75,32495.5355,1,6.74040000000241,BACKFILL_AUTO
2026-04-15 12:52:46,1776257566,R_75,32492.4571,-1,3.078400000002148,BACKFILL_AUTO
2026-04-15 12:52:48,1776257568,R_75,32491.5354,-1,0.9216999999989639,BACKFILL_AUTO
2026-04-15 12:52:50,1776257570,R_75,32495.8966,1,4.361199999999371,BACKFILL_AUTO
2026-04-15 12:52:52,1776257572,R_75,32504.1542,1,8.25760000000082,BACKFILL_AUTO
2026-04-15 12:52:54,1776257574,R_75,32493.1658,-1,10.988400000002002,BACKFILL_AUTO
2026-04-15 12:52:56,1776257576,R_75,32491.3611,-1,1.8047000000005937,BACKFILL_AUTO
2026-04-15 12:52:58,1776257578,R_75,32490.8807,-1,0.48039999999673455,BACKFILL_AUTO
2026-04-15 12:53:00,1776257580,R_75,32485.0818,-1,5.798900000001595,BACKFILL_AUTO
2026-04-15 12:53:02,1776257582,R_75,32484.508,-1,0.5737999999983003,BACKFILL_AUTO
2026-04-15 12:53:04,1776257584,R_75,32494.3614,1,9.853399999999965,BACKFILL_AUTO
2026-04-15 12:53:06,1776257586,R_75,32500.7213,1,6.35989999999947,BACKFILL_AUTO
2026-04-15 12:53:08,1776257588,R_75,32510.4755,1,9.7541999999994,BACKFILL_AUTO
2026-04-15 12:53:10,1776257590,R_75,32513.2999,1,2.824400000001333,BACKFILL_AUTO
2026-04-15 12:53:12,1776257592,R_75,32527.6786,1,14.37869999999748,BACKFILL_AUTO
2026-04-15 12:53:14,1776257594,R_75,32531.4137,1,3.735100000001694,BACKFILL_AUTO
2026-04-15 12:53:16,1776257596,R_75,32532.184,1,0.7703000000001339,BACKFILL_AUTO
2026-04-15 12:53:18,1776257598,R_75,32538.6838,1,6.4997999999977765,BACKFILL_AUTO
2026-04-15 12:53:20,1776257600,R_75,32544.4743,1,5.790500000002794,BACKFILL_AUTO
2026-04-15 12:53:22,1776257602,R_75,32538.5968,-1,5.877500000002328,BACKFILL_AUTO
2026-04-15 12:53:24,1776257604,R_75,32537.4695,-1,1.1273000000001048,BACKFILL_AUTO
2026-04-15 12:53:26,1776257606,R_75,32543.0051,1,5.535599999999249,BACKFILL_AUTO
2026-04-15 12:53:28,1776257608,R_75,32534.211,-1,8.794099999999162,BACKFILL_AUTO
2026-04-15 12:53:30,1776257610,R_75,32524.0433,-1,10.167699999998149,BACKFILL_AUTO
2026-04-15 12:53:32,1776257612,R_75,32538.7517,1,14.708399999999529,BACKFILL_AUTO
2026-04-15 12:53:34,1776257614,R_75,32537.5341,-1,1.2175999999999476,BACKFILL_AUTO
2026-04-15 12:53:36,1776257616,R_75,32537.8439,1,0.30979999999908614,BACKFILL_AUTO
2026-04-15 12:53:38,1776257618,R_75,32540.8308,1,2.9868999999998778,BACKFILL_AUTO
2026-04-15 12:53:40,1776257620,R_75,32541.8099,1,0.9791000000004715,BACKFILL_AUTO
2026-04-15 12:53:42,1776257622,R_75,32541.6441,-1,0.1657999999988533,BACKFILL_AUTO
2026-04-15 12:53:44,1776257624,R_75,32536.7383,-1,4.905800000000454,BACKFILL_AUTO
2026-04-15 12:53:46,1776257626,R_75,32533.6851,-1,3.053200000002107,BACKFILL_AUTO
2026-04-15 12:53:48,1776257628,R_75,32538.3127,1,4.627599999999802,BACKFILL_AUTO
2026-04-15 12:53:50,1776257630,R_75,32546.95,1,8.637300000002142,BACKFILL_AUTO
2026-04-15 12:53:52,1776257632,R_75,32545.2809,-1,1.6690999999991618,BACKFILL_AUTO
2026-04-15 12:53:54,1776257634,R_75,32555.2105,1,9.929599999999482,BACKFILL_AUTO
2026-04-15 12:53:56,1776257636,R_75,32555.6532,1,0.4426999999996042,BACKFILL_AUTO
2026-04-15 12:53:58,1776257638,R_75,32564.198,1,8.544799999999668,BACKFILL_AUTO
2026-04-15 12:54:00,1776257640,R_75,32553.4869,-1,10.711100000000442,BACKFILL_AUTO
2026-04-15 12:54:02,1776257642,R_75,32559.4874,1,6.000500000001921,BACKFILL_AUTO
2026-04-15 12:54:04,1776257644,R_75,32559.697,1,0.2095999999983178,BACKFILL_AUTO
2026-04-15 12:54:06,1776257646,R_75,32564.1397,1,4.442699999999604,BACKFILL_AUTO
2026-04-15 12:54:08,1776257648,R_75,32564.6075,1,0.46779999999853317,BACKFILL_AUTO
2026-04-15 12:54:10,1776257650,R_75,32569.7438,1,5.136300000001938,BACKFILL_AUTO
2026-04-15 12:54:12,1776257652,R_75,32569.2801,-1,0.46370000000024447,BACKFILL_AUTO
2026-04-15 12:54:14,1776257654,R_75,32574.236,1,4.955900000000838,BACKFILL_AUTO
2026-04-15 12:54:16,1776257656,R_75,32581.7711,1,7.535100000000966,BACKFILL_AUTO
2026-04-15 12:54:18,1776257658,R_75,32589.0306,1,7.259499999996478,BACKFILL_AUTO
2026-04-15 12:54:20,1776257660,R_75,32596.5078,1,7.477200000001176,BACKFILL_AUTO
2026-04-15 12:54:22,1776257662,R_75,32586.7994,-1,9.708399999999529,BACKFILL_AUTO
2026-04-15 12:54:24,1776257664,R_75,32592.7793,1,5.979899999998452,BACKFILL_AUTO
2026-04-15 12:54:26,1776257666,R_75,32585.773,-1,7.006299999997282,BACKFILL_AUTO
2026-04-15 12:54:28,1776257668,R_75,32581.9707,-1,3.802299999999377,BACKFILL_AUTO
2026-04-15 12:54:30,1776257670,R_75,32591.3591,1,9.38839999999982,BACKFILL_AUTO
2026-04-15 12:54:32,1776257672,R_75,32590.8359,-1,0.5232000000032713,BACKFILL_AUTO
2026-04-15 12:54:34,1776257674,R_75,32578.9268,-1,11.909099999997125,BACKFILL_AUTO
2026-04-15 12:54:36,1776257676,R_75,32576.7351,-1,2.1916999999994005,BACKFILL_AUTO
2026-04-15 12:54:38,1776257678,R_75,32575.992,-1,0.7431000000033237,BACKFILL_AUTO
2026-04-15 12:54:40,1776257680,R_75,32582.505,1,6.5130000000026484,BACKFILL_AUTO
2026-04-15 12:54:42,1776257682,R_75,32588.9593,1,6.454299999997602,BACKFILL_AUTO
2026-04-15 12:54:44,1776257684,R_75,32580.7753,-1,8.183999999997468,BACKFILL_AUTO
2026-04-15 12:54:46,1776257686,R_75,32586.389,1,5.613699999998062,BACKFILL_AUTO
2026-04-15 12:54:48,1776257688,R_75,32583.0906,-1,3.298399999999674,BACKFILL_AUTO
2026-04-15 12:54:50,1776257690,R_75,32573.1617,-1,9.928899999998976,BACKFILL_AUTO
2026-04-15 12:54:52,1776257692,R_75,32563.7293,-1,9.432400000001508,BACKFILL_AUTO
2026-04-15 12:54:54,1776257694,R_75,32568.9056,1,5.1762999999991735,BACKFILL_AUTO
2026-04-15 12:54:56,1776257696,R_75,32566.7751,-1,2.1304999999993015,BACKFILL_AUTO
2026-04-15 12:54:58,1776257698,R_75,32554.1141,-1,12.661000000000058,BACKFILL_AUTO
2026-04-15 12:55:00,1776257700,R_75,32549.5013,-1,4.61279999999897,BACKFILL_AUTO
2026-04-15 12:55:02,1776257702,R_75,32544.7105,-1,4.790799999998853,BACKFILL_AUTO
2026-04-15 12:55:04,1776257704,R_75,32545.8221,1,1.1116000000001804,BACKFILL_AUTO
2026-04-15 12:55:06,1776257706,R_75,32549.1609,1,3.3387999999977183,BACKFILL_AUTO
2026-04-15 12:55:08,1776257708,R_75,32534.2726,-1,14.888299999998708,BACKFILL_AUTO
2026-04-15 12:55:10,1776257710,R_75,32546.5329,1,12.260299999998097,BACKFILL_AUTO
2026-04-15 12:55:12,1776257712,R_75,32552.0873,1,5.554400000000896,BACKFILL_AUTO
2026-04-15 12:55:14,1776257714,R_75,32540.6028,-1,11.484499999998661,BACKFILL_AUTO
2026-04-15 12:55:16,1776257716,R_75,32539.2018,-1,1.401000000001659,BACKFILL_AUTO
2026-04-15 12:55:18,1776257718,R_75,32543.2239,1,4.022100000001956,BACKFILL_AUTO
2026-04-15 12:55:20,1776257720,R_75,32540.4283,-1,2.7956000000012864,BACKFILL_AUTO
2026-04-15 12:55:22,1776257722,R_75,32538.2143,-1,2.213999999999942,BACKFILL_AUTO
2026-04-15 12:55:24,1776257724,R_75,32533.1396,-1,5.07470000000103,BACKFILL_AUTO
2026-04-15 12:55:26,1776257726,R_75,32524.5648,-1,8.574799999998504,BACKFILL_AUTO
2026-04-15 12:55:28,1776257728,R_75,32523.5596,-1,1.0051999999996042,BACKFILL_AUTO
2026-04-15 12:55:30,1776257730,R_75,32531.2857,1,7.72609999999986,BACKFILL_AUTO
2026-04-15 12:55:32,1776257732,R_75,32534.7289,1,3.443199999997887,BACKFILL_AUTO
2026-04-15 12:55:34,1776257734,R_75,32535.7854,1,1.0565000000024156,BACKFILL_AUTO
2026-04-15 12:55:36,1776257736,R_75,32535.6556,-1,0.12980000000243308,BACKFILL_AUTO
2026-04-15 12:55:38,1776257738,R_75,32536.3161,1,0.6605000000017753,BACKFILL_AUTO
2026-04-15 12:55:40,1776257740,R_75,32538.2306,1,1.9144999999989523,BACKFILL_AUTO
2026-04-15 12:55:42,1776257742,R_75,32532.6765,-1,5.554099999997561,BACKFILL_AUTO
2026-04-15 12:55:44,1776257744,R_75,32543.7746,1,11.09809999999925,BACKFILL_AUTO
2026-04-15 12:55:46,1776257746,R_75,32536.7459,-1,7.028699999998935,BACKFILL_AUTO
2026-04-15 12:55:48,1776257748,R_75,32530.8656,-1,5.880300000000716,BACKFILL_AUTO
2026-04-15 12:55:50,1776257750,R_75,32533.232,1,2.3663999999989755,BACKFILL_AUTO
2026-04-15 12:55:52,1776257752,R_75,32527.7255,-1,5.506499999999505,BACKFILL_AUTO
2026-04-15 12:55:54,1776257754,R_75,32526.9221,-1,0.8034000000006927,BACKFILL_AUTO
2026-04-15 12:55:56,1776257756,R_75,32520.5185,-1,6.403600000001461,BACKFILL_AUTO
2026-04-15 12:55:58,1776257758,R_75,32508.7858,-1,11.73269999999684,BACKFILL_AUTO
2026-04-15 12:56:00,1776257760,R_75,32511.4215,1,2.6356999999989057,BACKFILL_AUTO
2026-04-15 12:56:02,1776257762,R_75,32506.3036,-1,5.1179000000011,BACKFILL_AUTO
2026-04-15 12:56:04,1776257764,R_75,32512.6299,1,6.326300000000629,BACKFILL_AUTO
2026-04-15 12:56:06,1776257766,R_75,32518.6737,1,6.0437999999994645,BACKFILL_AUTO
2026-04-15 12:56:08,1776257768,R_75,32524.9367,1,6.2629999999990105,BACKFILL_AUTO
2026-04-15 12:56:10,1776257770,R_75,32525.7314,1,0.7947000000021944,BACKFILL_AUTO
2026-04-15 12:56:12,1776257772,R_75,32523.8135,-1,1.9179000000003725,BACKFILL_AUTO
2026-04-15 12:56:14,1776257774,R_75,32525.1427,1,1.329200000000128,BACKFILL_AUTO
2026-04-15 12:56:16,1776257776,R_75,32531.9163,1,6.773600000000442,BACKFILL_AUTO
2026-04-15 12:56:18,1776257778,R_75,32530.6411,-1,1.2752000000000407,BACKFILL_AUTO
2026-04-15 12:56:20,1776257780,R_75,32530.8605,1,0.21939999999813153,BACKFILL_AUTO
2026-04-15 12:56:22,1776257782,R_75,32517.8109,-1,13.049599999998463,BACKFILL_AUTO
2026-04-15 12:56:24,1776257784,R_75,32525.0222,1,7.211299999999028,BACKFILL_AUTO
2026-04-15 12:56:26,1776257786,R_75,32521.1348,-1,3.887399999999616,BACKFILL_AUTO
2026-04-15 12:56:28,1776257788,R_75,32522.3994,1,1.2645999999986088,BACKFILL_AUTO
2026-04-15 12:56:30,1776257790,R_75,32517.7546,-1,4.644799999998213,BACKFILL_AUTO
2026-04-15 12:56:32,1776257792,R_75,32526.7741,1,9.019499999998516,BACKFILL_AUTO
2026-04-15 12:56:34,1776257794,R_75,32538.9405,1,12.166400000001886,BACKFILL_AUTO
2026-04-15 12:56:36,1776257796,R_75,32536.7677,-1,2.1728000000002794,BACKFILL_AUTO
2026-04-15 12:56:38,1776257798,R_75,32539.406,1,2.638299999998708,BACKFILL_AUTO
2026-04-15 12:56:40,1776257800,R_75,32536.6382,-1,2.7677999999978056,BACKFILL_AUTO
2026-04-15 12:56:42,1776257802,R_75,32541.6309,1,4.992699999998877,BACKFILL_AUTO
2026-04-15 12:56:44,1776257804,R_75,32539.9251,-1,1.7057999999997264,BACKFILL_AUTO
2026-04-15 12:56:46,1776257806,R_75,32544.6125,1,4.687399999998888,BACKFILL_AUTO
2026-04-15 12:56:48,1776257808,R_75,32551.7106,1,7.098099999999249,BACKFILL_AUTO
2026-04-15 12:56:50,1776257810,R_75,32568.7473,1,17.036700000000565,BACKFILL_AUTO
2026-04-15 12:56:52,1776257812,R_75,32569.0443,1,0.2970000000022992,BACKFILL_AUTO
2026-04-15 12:56:54,1776257814,R_75,32571.9151,1,2.8707999999969616,BACKFILL_AUTO
2026-04-15 12:56:56,1776257816,R_75,32580.5383,1,8.623200000001816,BACKFILL_AUTO
2026-04-15 12:56:58,1776257818,R_75,32569.6706,-1,10.867699999998877,BACKFILL_AUTO
2026-04-15 12:57:00,1776257820,R_75,32570.0022,1,0.3315999999977066,BACKFILL_AUTO
2026-04-15 12:57:02,1776257822,R_75,32568.9162,-1,1.0859999999993306,BACKFILL_AUTO
2026-04-15 12:57:04,1776257824,R_75,32560.4421,-1,8.474099999999453,BACKFILL_AUTO
2026-04-15 12:57:06,1776257826,R_75,32556.3498,-1,4.09230000000025,BACKFILL_AUTO
2026-04-15 12:57:08,1776257828,R_75,32545.2633,-1,11.086500000001251,BACKFILL_AUTO
2026-04-15 12:57:10,1776257830,R_75,32544.2257,-1,1.0375999999996566,BACKFILL_AUTO
2026-04-15 12:57:12,1776257832,R_75,32543.9353,-1,0.2903999999980442,BACKFILL_AUTO
2026-04-15 12:57:14,1776257834,R_75,32551.6475,1,7.71219999999812,BACKFILL_AUTO
2026-04-15 12:57:16,1776257836,R_75,32556.3939,1,4.746399999999994,BACKFILL_AUTO
2026-04-15 12:57:18,1776257838,R_75,32555.9033,-1,0.49059999999735737,BACKFILL_AUTO
2026-04-15 12:57:20,1776257840,R_75,32563.4075,1,7.5041999999994005,BACKFILL_AUTO
2026-04-15 12:57:22,1776257842,R_75,32564.4306,1,1.0230999999985215,BACKFILL_AUTO
2026-04-15 12:57:24,1776257844,R_75,32563.3069,-1,1.123700000000099,BACKFILL_AUTO
2026-04-15 12:57:26,1776257846,R_75,32559.3806,-1,3.9262999999991735,BACKFILL_AUTO
2026-04-15 12:57:28,1776257848,R_75,32568.681,1,9.300400000000081,BACKFILL_AUTO
2026-04-15 12:57:30,1776257850,R_75,32575.4071,1,6.72609999999986,BACKFILL_AUTO
2026-04-15 12:57:32,1776257852,R_75,32568.3121,-1,7.095000000001164,BACKFILL_AUTO
2026-04-15 12:57:34,1776257854,R_75,32564.9488,-1,3.3633000000008906,BACKFILL_AUTO
2026-04-15 12:57:36,1776257856,R_75,32557.3286,-1,7.620199999997567,BACKFILL_AUTO
2026-04-15 12:57:38,1776257858,R_75,32548.3752,-1,8.953400000002148,BACKFILL_AUTO
2026-04-15 12:57:40,1776257860,R_75,32558.2352,1,9.860000000000582,BACKFILL_AUTO
2026-04-15 12:57:42,1776257862,R_75,32557.0199,-1,1.2152999999998428,BACKFILL_AUTO
2026-04-15 12:57:44,1776257864,R_75,32559.9801,1,2.9602000000013504,BACKFILL_AUTO
2026-04-15 12:57:46,1776257866,R_75,32568.3038,1,8.323700000000827,BACKFILL_AUTO
2026-04-15 12:57:48,1776257868,R_75,32562.0706,-1,6.233200000002398,BACKFILL_AUTO
2026-04-15 12:57:50,1776257870,R_75,32552.7927,-1,9.277899999997317,BACKFILL_AUTO
2026-04-15 12:57:52,1776257872,R_75,32555.2204,1,2.4276999999965483,BACKFILL_AUTO
2026-04-15 12:57:54,1776257874,R_75,32551.8089,-1,3.411499999998341,BACKFILL_AUTO
2026-04-15 12:57:56,1776257876,R_75,32553.9329,1,2.1239999999997963,BACKFILL_AUTO
2026-04-15 12:57:58,1776257878,R_75,32554.2299,1,0.2969999999986612,BACKFILL_AUTO
2026-04-15 12:58:00,1776257880,R_75,32558.3762,1,4.146300000000338,BACKFILL_AUTO
2026-04-15 12:58:02,1776257882,R_75,32556.015,-1,2.3611999999993714,BACKFILL_AUTO
2026-04-15 12:58:04,1776257884,R_75,32552.437,-1,3.577999999997701,BACKFILL_AUTO
2026-04-15 12:58:06,1776257886,R_75,32563.9413,1,11.504299999996874,BACKFILL_AUTO
2026-04-15 12:58:08,1776257888,R_75,32558.6555,-1,5.285799999997835,BACKFILL_AUTO
2026-04-15 12:58:10,1776257890,R_75,32549.8746,-1,8.780900000001566,BACKFILL_AUTO
2026-04-15 12:58:12,1776257892,R_75,32558.116,1,8.241400000002614,BACKFILL_AUTO
2026-04-15 12:58:14,1776257894,R_75,32564.6337,1,6.517699999996694,BACKFILL_AUTO
2026-04-15 12:58:16,1776257896,R_75,32558.4571,-1,6.176599999998871,BACKFILL_AUTO
2026-04-15 12:58:18,1776257898,R_75,32547.1192,-1,11.337899999998626,BACKFILL_AUTO
2026-04-15 12:58:20,1776257900,R_75,32548.3878,1,1.2685999999994237,BACKFILL_AUTO
2026-04-15 12:58:22,1776257902,R_75,32553.5725,1,5.184699999997974,BACKFILL_AUTO
2026-04-15 12:58:24,1776257904,R_75,32559.8374,1,6.264900000001944,BACKFILL_AUTO
2026-04-15 12:58:26,1776257906,R_75,32559.4202,-1,0.4171999999998661,BACKFILL_AUTO
2026-04-15 12:58:28,1776257908,R_75,32562.3436,1,2.923399999999674,BACKFILL_AUTO
2026-04-15 12:58:30,1776257910,R_75,32561.4224,-1,0.921200000000681,BACKFILL_AUTO
2026-04-15 12:58:32,1776257912,R_75,32567.0486,1,5.626199999998789,BACKFILL_AUTO
2026-04-15 12:58:34,1776257914,R_75,32569.0248,1,1.976200000000972,BACKFILL_AUTO
2026-04-15 12:58:36,1776257916,R_75,32567.0069,-1,2.0178999999989173,BACKFILL_AUTO
2026-04-15 12:58:38,1776257918,R_75,32560.276,-1,6.730899999998655,BACKFILL_AUTO
2026-04-15 12:58:40,1776257920,R_75,32564.3275,1,4.051499999997759,BACKFILL_AUTO
2026-04-15 12:58:42,1776257922,R_75,32562.6411,-1,1.6863999999986845,BACKFILL_AUTO
2026-04-15 12:58:44,1776257924,R_75,32554.2671,-1,8.373999999999796,BACKFILL_AUTO
2026-04-15 12:58:46,1776257926,R_75,32554.5538,1,0.2867000000005646,BACKFILL_AUTO
2026-04-15 12:58:48,1776257928,R_75,32553.2258,-1,1.3280000000013388,BACKFILL_AUTO
2026-04-15 12:58:50,1776257930,R_75,32550.7731,-1,2.4527000000016415,BACKFILL_AUTO
2026-04-15 12:58:52,1776257932,R_75,32549.2373,-1,1.5357999999978347,BACKFILL_AUTO
2026-04-15 12:58:54,1776257934,R_75,32542.9261,-1,6.311200000000099,BACKFILL_AUTO
2026-04-15 12:58:56,1776257936,R_75,32538.9026,-1,4.023499999999331,BACKFILL_AUTO
2026-04-15 12:58:58,1776257938,R_75,32533.7407,-1,5.161900000002788,BACKFILL_AUTO
2026-04-15 12:59:00,1776257940,R_75,32543.4842,1,9.743500000000495,BACKFILL_AUTO
2026-04-15 12:59:02,1776257942,R_75,32546.9118,1,3.4276000000027125,BACKFILL_AUTO
2026-04-15 12:59:04,1776257944,R_75,32558.339,1,11.427199999998265,BACKFILL_AUTO
2026-04-15 12:59:06,1776257946,R_75,32569.5379,1,11.198899999999412,BACKFILL_AUTO
2026-04-15 12:59:08,1776257948,R_75,32564.8167,-1,4.721199999999953,BACKFILL_AUTO
2026-04-15 12:59:10,1776257950,R_75,32571.1186,1,6.301900000002206,BACKFILL_AUTO
2026-04-15 12:59:12,1776257952,R_75,32578.96,1,7.84139999999752,BACKFILL_AUTO
2026-04-15 12:59:14,1776257954,R_75,32574.6413,-1,4.318699999999808,BACKFILL_AUTO
2026-04-15 12:59:16,1776257956,R_75,32575.275,1,0.6337000000021362,BACKFILL_AUTO
2026-04-15 12:59:18,1776257958,R_75,32571.1494,-1,4.125600000003033,BACKFILL_AUTO
2026-04-15 12:59:20,1776257960,R_75,32567.6222,-1,3.52719999999681,BACKFILL_AUTO
2026-04-15 12:59:22,1776257962,R_75,32574.1068,1,6.484599999999773,BACKFILL_AUTO
2026-04-15 12:59:24,1776257964,R_75,32578.1476,1,4.040799999998853,BACKFILL_AUTO
2026-04-15 12:59:26,1776257966,R_75,32587.2292,1,9.081600000001345,BACKFILL_AUTO
2026-04-15 12:59:28,1776257968,R_75,32586.5014,-1,0.7278000000005704,BACKFILL_AUTO
2026-04-15 12:59:30,1776257970,R_75,32581.1367,-1,5.364700000001903,BACKFILL_AUTO
2026-04-15 12:59:32,1776257972,R_75,32586.4991,1,5.362400000001799,BACKFILL_AUTO
2026-04-15 12:59:34,1776257974,R_75,32579.4739,-1,7.025200000000041,BACKFILL_AUTO
2026-04-15 12:59:36,1776257976,R_75,32574.4932,-1,4.98070000000007,BACKFILL_AUTO
2026-04-15 12:59:38,1776257978,R_75,32579.2241,1,4.730899999998655,BACKFILL_AUTO
2026-04-15 12:59:40,1776257980,R_75,32585.5893,1,6.365200000000186,BACKFILL_AUTO
2026-04-15 12:59:42,1776257982,R_75,32597.2923,1,11.703000000001339,BACKFILL_AUTO
2026-04-15 12:59:44,1776257984,R_75,32593.2347,-1,4.057600000000093,BACKFILL_AUTO
2026-04-15 12:59:46,1776257986,R_75,32594.311,1,1.0763000000006286,BACKFILL_AUTO
2026-04-15 12:59:48,1776257988,R_75,32587.0109,-1,7.300100000000384,BACKFILL_AUTO
2026-04-15 12:59:50,1776257990,R_75,32584.16,-1,2.8509000000012747,BACKFILL_AUTO
2026-04-15 12:59:52,1776257992,R_75,32577.7824,-1,6.377599999999802,BACKFILL_AUTO
2026-04-15 12:59:54,1776257994,R_75,32579.1779,1,1.3954999999987194,BACKFILL_AUTO
2026-04-15 12:59:56,1776257996,R_75,32582.8082,1,3.630300000000716,BACKFILL_AUTO
2026-04-15 12:59:58,1776257998,R_75,32579.6789,-1,3.1293000000005122,BACKFILL_AUTO
2026-04-15 13:00:00,1776258000,R_75,32586.3407,1,6.661800000001676,BACKFILL_AUTO
2026-04-15 13:00:02,1776258002,R_75,32591.4893,1,5.148600000000442,BACKFILL_AUTO
2026-04-15 13:00:04,1776258004,R_75,32588.0814,-1,3.4079000000019732,BACKFILL_AUTO
2026-04-15 13:00:06,1776258006,R_75,32592.4456,1,4.3641999999999825,BACKFILL_AUTO
2026-04-15 13:00:08,1776258008,R_75,32600.1581,1,7.712500000001455,BACKFILL_AUTO
2026-04-15 13:00:10,1776258010,R_75,32602.4369,1,2.2788000000000466,BACKFILL_AUTO
2026-04-15 13:00:12,1776258012,R_75,32608.1451,1,5.708200000000943,BACKFILL_AUTO
2026-04-15 13:00:14,1776258014,R_75,32617.8236,1,9.678499999998166,BACKFILL_AUTO
2026-04-15 13:00:16,1776258016,R_75,32616.2555,-1,1.5681000000004133,BACKFILL_AUTO
2026-04-15 13:00:18,1776258018,R_75,32618.3171,1,2.061600000000908,BACKFILL_AUTO
2026-04-15 13:00:20,1776258020,R_75,32624.4908,1,6.173699999999371,BACKFILL_AUTO
2026-04-15 13:00:22,1776258022,R_75,32621.3416,-1,3.149199999999837,BACKFILL_AUTO
2026-04-15 13:00:24,1776258024,R_75,32615.5548,-1,5.786799999998038,BACKFILL_AUTO
2026-04-15 13:00:26,1776258026,R_75,32608.4651,-1,7.089700000000448,BACKFILL_AUTO
2026-04-15 13:00:28,1776258028,R_75,32614.3887,1,5.92359999999826,BACKFILL_AUTO
2026-04-15 13:00:30,1776258030,R_75,32609.5221,-1,4.866600000001199,BACKFILL_AUTO
2026-04-15 13:00:32,1776258032,R_75,32612.3319,1,2.809800000002724,BACKFILL_AUTO
2026-04-15 13:00:34,1776258034,R_75,32609.3588,-1,2.973099999999249,BACKFILL_AUTO
2026-04-15 13:00:36,1776258036,R_75,32599.054,-1,10.304800000001705,BACKFILL_AUTO
2026-04-15 13:00:38,1776258038,R_75,32601.1569,1,2.102900000001682,BACKFILL_AUTO
2026-04-15 13:00:40,1776258040,R_75,32600.4429,-1,0.7140000000035798,BACKFILL_AUTO
2026-04-15 13:00:42,1776258042,R_75,32596.734,-1,3.7088999999978114,BACKFILL_AUTO
2026-04-15 13:00:44,1776258044,R_75,32596.0432,-1,0.6908000000003085,BACKFILL_AUTO
2026-04-15 13:00:46,1776258046,R_75,32592.6441,-1,3.3990999999987253,BACKFILL_AUTO
2026-04-15 13:00:48,1776258048,R_75,32587.2797,-1,5.364400000002206,BACKFILL_AUTO
2026-04-15 13:00:50,1776258050,R_75,32603.429,1,16.14930000000095,BACKFILL_AUTO
2026-04-15 13:00:52,1776258052,R_75,32601.7571,-1,1.6719000000011874,BACKFILL_AUTO
2026-04-15 13:00:54,1776258054,R_75,32601.5814,-1,0.1756999999997788,BACKFILL_AUTO
2026-04-15 13:00:56,1776258056,R_75,32595.4229,-1,6.15849999999773,BACKFILL_AUTO
2026-04-15 13:00:58,1776258058,R_75,32593.9666,-1,1.4563000000016473,BACKFILL_AUTO
2026-04-15 13:01:00,1776258060,R_75,32598.0408,1,4.074199999999109,BACKFILL_AUTO
2026-04-15 13:01:02,1776258062,R_75,32613.6057,1,15.564900000001217,BACKFILL_AUTO
2026-04-15 13:01:04,1776258064,R_75,32613.7478,1,0.14210000000093714,BACKFILL_AUTO
2026-04-15 13:01:06,1776258066,R_75,32610.6599,-1,3.0879000000022643,BACKFILL_AUTO
2026-04-15 13:01:08,1776258068,R_75,32610.636,-1,0.0239000000001397,BACKFILL_AUTO
2026-04-15 13:01:10,1776258070,R_75,32609.7402,-1,0.8957999999984168,BACKFILL_AUTO
2026-04-15 13:01:12,1776258072,R_75,32596.0656,-1,13.674599999998463,BACKFILL_AUTO
2026-04-15 13:01:14,1776258074,R_75,32593.6945,-1,2.371100000000297,BACKFILL_AUTO
2026-04-15 13:01:16,1776258076,R_75,32593.5512,-1,0.14329999999972642,BACKFILL_AUTO
2026-04-15 13:01:18,1776258078,R_75,32595.3347,1,1.78349999999773,BACKFILL_AUTO
2026-04-15 13:01:20,1776258080,R_75,32598.9445,1,3.6098000000019965,BACKFILL_AUTO
2026-04-15 13:01:22,1776258082,R_75,32589.5711,-1,9.373400000000402,BACKFILL_AUTO
2026-04-15 13:01:24,1776258084,R_75,32580.7155,-1,8.855600000002596,BACKFILL_AUTO
2026-04-15 13:01:26,1776258086,R_75,32585.8369,1,5.121399999999994,BACKFILL_AUTO
2026-04-15 13:01:28,1776258088,R_75,32593.2604,1,7.423500000000786,BACKFILL_AUTO
2026-04-15 13:01:30,1776258090,R_75,32591.2052,-1,2.0551999999988766,BACKFILL_AUTO
2026-04-15 13:01:32,1776258092,R_75,32590.402,-1,0.8032000000021071,BACKFILL_AUTO
2026-04-15 13:01:34,1776258094,R_75,32585.8288,-1,4.573199999998906,BACKFILL_AUTO
2026-04-15 13:01:36,1776258096,R_75,32578.8874,-1,6.941399999999703,BACKFILL_AUTO
2026-04-15 13:01:38,1776258098,R_75,32582.1294,1,3.242000000002008,BACKFILL_AUTO
2026-04-15 13:01:40,1776258100,R_75,32581.9398,-1,0.18960000000151922,BACKFILL_AUTO
2026-04-15 13:01:42,1776258102,R_75,32584.3681,1,2.428299999999581,BACKFILL_AUTO
2026-04-15 13:01:44,1776258104,R_75,32579.525,-1,4.8430999999982305,BACKFILL_AUTO
2026-04-15 13:01:46,1776258106,R_75,32581.3992,1,1.8741999999983818,BACKFILL_AUTO
2026-04-15 13:01:48,1776258108,R_75,32584.8125,1,3.413300000000163,BACKFILL_AUTO
2026-04-15 13:01:50,1776258110,R_75,32585.4605,1,0.6480000000010477,BACKFILL_AUTO
2026-04-15 13:01:52,1776258112,R_75,32584.974,-1,0.48650000000270666,BACKFILL_AUTO
2026-04-15 13:01:54,1776258114,R_75,32579.7807,-1,5.193299999998999,BACKFILL_AUTO
2026-04-15 13:01:56,1776258116,R_75,32586.4468,1,6.666100000002189,BACKFILL_AUTO
2026-04-15 13:01:58,1776258118,R_75,32590.4128,1,3.9659999999967113,BACKFILL_AUTO
2026-04-15 13:02:00,1776258120,R_75,32579.7837,-1,10.629099999998289,BACKFILL_AUTO
2026-04-15 13:02:02,1776258122,R_75,32585.8806,1,6.09690000000046,BACKFILL_AUTO
2026-04-15 13:02:04,1776258124,R_75,32584.0802,-1,1.8004000000000815,BACKFILL_AUTO
2026-04-15 13:02:06,1776258126,R_75,32578.8984,-1,5.181800000002113,BACKFILL_AUTO
2026-04-15 13:02:08,1776258128,R_75,32582.5132,1,3.614800000003015,BACKFILL_AUTO
2026-04-15 13:02:10,1776258130,R_75,32577.5068,-1,5.0064000000020314,BACKFILL_AUTO
2026-04-15 13:02:12,1776258132,R_75,32571.961,-1,5.545799999999872,BACKFILL_AUTO
2026-04-15 13:02:14,1776258134,R_75,32583.0006,1,11.039600000000064,BACKFILL_AUTO
2026-04-15 13:02:16,1776258136,R_75,32575.6267,-1,7.3738999999986845,BACKFILL_AUTO
2026-04-15 13:02:18,1776258138,R_75,32571.5841,-1,4.042600000000675,BACKFILL_AUTO
2026-04-15 13:02:20,1776258140,R_75,32562.9237,-1,8.660400000000664,BACKFILL_AUTO
2026-04-15 13:02:22,1776258142,R_75,32561.7902,-1,1.1334999999999127,BACKFILL_AUTO
2026-04-15 13:02:24,1776258144,R_75,32559.1421,-1,2.6480999999985215,BACKFILL_AUTO
2026-04-15 13:02:26,1776258146,R_75,32562.694,1,3.551899999998568,BACKFILL_AUTO
2026-04-15 13:02:28,1776258148,R_75,32557.3517,-1,5.34230000000025,BACKFILL_AUTO
2026-04-15 13:02:30,1776258150,R_75,32557.676,1,0.3243000000002212,BACKFILL_AUTO
2026-04-15 13:02:32,1776258152,R_75,32554.2219,-1,3.4540999999990163,BACKFILL_AUTO
2026-04-15 13:02:34,1776258154,R_75,32548.8798,-1,5.342100000001665,BACKFILL_AUTO
2026-04-15 13:02:36,1776258156,R_75,32540.7723,-1,8.107499999998254,BACKFILL_AUTO
2026-04-15 13:02:38,1776258158,R_75,32543.6902,1,2.9179000000003725,BACKFILL_AUTO
2026-04-15 13:02:40,1776258160,R_75,32538.4984,-1,5.191800000000512,BACKFILL_AUTO
2026-04-15 13:02:42,1776258162,R_75,32547.2848,1,8.786400000000867,BACKFILL_AUTO
2026-04-15 13:02:44,1776258164,R_75,32537.8861,-1,9.398700000001554,BACKFILL_AUTO
2026-04-15 13:02:46,1776258166,R_75,32530.8155,-1,7.070599999999104,BACKFILL_AUTO
2026-04-15 13:02:48,1776258168,R_75,32527.5589,-1,3.256600000000617,BACKFILL_AUTO
2026-04-15 13:02:50,1776258170,R_75,32525.0063,-1,2.5525999999990745,BACKFILL_AUTO
2026-04-15 13:02:52,1776258172,R_75,32522.9111,-1,2.0951999999997497,BACKFILL_AUTO
2026-04-15 13:02:54,1776258174,R_75,32508.2165,-1,14.694600000002538,BACKFILL_AUTO
2026-04-15 13:02:56,1776258176,R_75,32498.8991,-1,9.317399999999907,BACKFILL_AUTO
2026-04-15 13:02:58,1776258178,R_75,32498.699,-1,0.20009999999820138,BACKFILL_AUTO
2026-04-15 13:03:00,1776258180,R_75,32503.14,1,4.440999999998894,BACKFILL_AUTO
2026-04-15 13:03:02,1776258182,R_75,32505.5913,1,2.4513000000006286,BACKFILL_AUTO
2026-04-15 13:03:04,1776258184,R_75,32496.6191,-1,8.972200000000157,BACKFILL_AUTO
2026-04-15 13:03:06,1776258186,R_75,32498.7571,1,2.1379999999990105,BACKFILL_AUTO
2026-04-15 13:03:08,1776258188,R_75,32499.0153,1,0.25820000000021537,BACKFILL_AUTO
2026-04-15 13:03:10,1776258190,R_75,32498.2892,-1,0.7260999999998603,BACKFILL_AUTO
2026-04-15 13:03:12,1776258192,R_75,32497.4374,-1,0.8518000000003667,BACKFILL_AUTO
2026-04-15 13:03:14,1776258194,R_75,32507.1344,1,9.697000000000116,BACKFILL_AUTO
2026-04-15 13:03:16,1776258196,R_75,32500.5086,-1,6.62579999999798,BACKFILL_AUTO
2026-04-15 13:03:18,1776258198,R_75,32498.695,-1,1.8136000000013155,BACKFILL_AUTO
2026-04-15 13:03:20,1776258200,R_75,32487.2616,-1,11.433399999998073,BACKFILL_AUTO
2026-04-15 13:03:22,1776258202,R_75,32482.4419,-1,4.819700000000012,BACKFILL_AUTO
2026-04-15 13:03:24,1776258204,R_75,32477.3421,-1,5.099799999999959,BACKFILL_AUTO
2026-04-15 13:03:26,1776258206,R_75,32488.4376,1,11.095499999999447,BACKFILL_AUTO
2026-04-15 13:03:28,1776258208,R_75,32487.9055,-1,0.5321000000003551,BACKFILL_AUTO
2026-04-15 13:03:30,1776258210,R_75,32491.0441,1,3.138599999998405,BACKFILL_AUTO
2026-04-15 13:03:32,1776258212,R_75,32490.4528,-1,0.5913000000000466,BACKFILL_AUTO
2026-04-15 13:03:34,1776258214,R_75,32491.5705,1,1.1177000000025146,BACKFILL_AUTO
2026-04-15 13:03:36,1776258216,R_75,32496.3134,1,4.742899999997462,BACKFILL_AUTO
2026-04-15 13:03:38,1776258218,R_75,32509.2882,1,12.97479999999996,BACKFILL_AUTO
2026-04-15 13:03:40,1776258220,R_75,32507.7419,-1,1.5462999999981548,BACKFILL_AUTO
2026-04-15 13:03:42,1776258222,R_75,32504.5354,-1,3.206500000000233,BACKFILL_AUTO
2026-04-15 13:03:44,1776258224,R_75,32496.6491,-1,7.886300000001938,BACKFILL_AUTO
2026-04-15 13:03:46,1776258226,R_75,32502.3354,1,5.686300000001211,BACKFILL_AUTO
2026-04-15 13:03:48,1776258228,R_75,32497.0684,-1,5.266999999999825,BACKFILL_AUTO
2026-04-15 13:03:50,1776258230,R_75,32491.1703,-1,5.8980999999985215,BACKFILL_AUTO
2026-04-15 13:03:52,1776258232,R_75,32496.6196,1,5.449300000000221,BACKFILL_AUTO
2026-04-15 13:03:54,1776258234,R_75,32495.4127,-1,1.206900000001042,BACKFILL_AUTO
2026-04-15 13:03:56,1776258236,R_75,32502.0826,1,6.66990000000078,BACKFILL_AUTO
2026-04-15 13:03:58,1776258238,R_75,32498.2238,-1,3.858800000001793,BACKFILL_AUTO
2026-04-15 13:04:00,1776258240,R_75,32508.3952,1,10.171399999999267,BACKFILL_AUTO
2026-04-15 13:04:02,1776258242,R_75,32506.6063,-1,1.7888999999995576,BACKFILL_AUTO
2026-04-15 13:04:04,1776258244,R_75,32512.9835,1,6.377199999998993,BACKFILL_AUTO
2026-04-15 13:04:06,1776258246,R_75,32521.1758,1,8.192300000002433,BACKFILL_AUTO
2026-04-15 13:04:08,1776258248,R_75,32532.7963,1,11.620500000000902,BACKFILL_AUTO
2026-04-15 13:04:10,1776258250,R_75,32534.8487,1,2.052399999996851,BACKFILL_AUTO
2026-04-15 13:04:12,1776258252,R_75,32537.1004,1,2.25170000000071,BACKFILL_AUTO
2026-04-15 13:04:14,1776258254,R_75,32544.2031,1,7.102699999999459,BACKFILL_AUTO
2026-04-15 13:04:16,1776258256,R_75,32534.6665,-1,9.536599999999453,BACKFILL_AUTO
2026-04-15 13:04:18,1776258258,R_75,32538.6026,1,3.936099999998987,BACKFILL_AUTO
2026-04-15 13:04:20,1776258260,R_75,32528.2249,-1,10.377699999997276,BACKFILL_AUTO
2026-04-15 13:04:22,1776258262,R_75,32530.4913,1,2.2664000000004307,BACKFILL_AUTO
2026-04-15 13:04:24,1776258264,R_75,32530.6526,1,0.16129999999975553,BACKFILL_AUTO
2026-04-15 13:04:26,1776258266,R_75,32523.5752,-1,7.077400000001944,BACKFILL_AUTO
2026-04-15 13:04:28,1776258268,R_75,32534.2289,1,10.653699999998935,BACKFILL_AUTO
2026-04-15 13:04:30,1776258270,R_75,32527.2418,-1,6.987099999998463,BACKFILL_AUTO
2026-04-15 13:04:32,1776258272,R_75,32528.1745,1,0.9327000000012049,BACKFILL_AUTO
2026-04-15 13:04:34,1776258274,R_75,32522.1393,-1,6.035200000002078,BACKFILL_AUTO
2026-04-15 13:04:36,1776258276,R_75,32520.41,-1,1.729299999999057,BACKFILL_AUTO
2026-04-15 13:04:38,1776258278,R_75,32521.8173,1,1.4072999999989406,BACKFILL_AUTO
2026-04-15 13:04:40,1776258280,R_75,32509.8209,-1,11.996399999999994,BACKFILL_AUTO
2026-04-15 13:04:42,1776258282,R_75,32507.0599,-1,2.760999999998603,BACKFILL_AUTO
2026-04-15 13:04:44,1776258284,R_75,32504.5053,-1,2.554599999999482,BACKFILL_AUTO
2026-04-15 13:04:46,1776258286,R_75,32501.8573,-1,2.6480000000010477,BACKFILL_AUTO
2026-04-15 13:04:48,1776258288,R_75,32486.5636,-1,15.293699999998353,BACKFILL_AUTO
2026-04-15 13:04:50,1776258290,R_75,32486.9028,1,0.33919999999852735,BACKFILL_AUTO
2026-04-15 13:04:52,1776258292,R_75,32485.6596,-1,1.2432000000007974,BACKFILL_AUTO
2026-04-15 13:04:54,1776258294,R_75,32489.3519,1,3.692300000002433,BACKFILL_AUTO
2026-04-15 13:04:56,1776258296,R_75,32486.3108,-1,3.0411000000021886,BACKFILL_AUTO
2026-04-15 13:04:58,1776258298,R_75,32488.5686,1,2.2577999999994063,BACKFILL_AUTO
2026-04-15 13:05:00,1776258300,R_75,32492.8789,1,4.310300000001007,BACKFILL_AUTO
2026-04-15 13:05:02,1776258302,R_75,32499.456,1,6.577099999998609,BACKFILL_AUTO
2026-04-15 13:05:04,1776258304,R_75,32491.149,-1,8.30699999999706,BACKFILL_AUTO
2026-04-15 13:05:06,1776258306,R_75,32495.2272,1,4.078199999999924,BACKFILL_AUTO
2026-04-15 13:05:08,1776258308,R_75,32493.7985,-1,1.42870000000039,BACKFILL_AUTO
2026-04-15 13:05:10,1776258310,R_75,32484.2623,-1,9.536200000002282,BACKFILL_AUTO
2026-04-15 13:05:12,1776258312,R_75,32470.2695,-1,13.992799999999988,BACKFILL_AUTO
2026-04-15 13:05:14,1776258314,R_75,32470.5271,1,0.25760000000082073,BACKFILL_AUTO
2026-04-15 13:05:16,1776258316,R_75,32470.332,-1,0.19510000000082073,BACKFILL_AUTO
2026-04-15 13:05:18,1776258318,R_75,32463.0878,-1,7.244199999997363,BACKFILL_AUTO
2026-04-15 13:05:20,1776258320,R_75,32459.7754,-1,3.312400000002526,BACKFILL_AUTO
2026-04-15 13:05:22,1776258322,R_75,32449.6134,-1,10.162000000000262,BACKFILL_AUTO
2026-04-15 13:05:24,1776258324,R_75,32439.8152,-1,9.79819999999745,BACKFILL_AUTO
2026-04-15 13:05:26,1776258326,R_75,32445.4877,1,5.672500000000582,BACKFILL_AUTO
2026-04-15 13:05:28,1776258328,R_75,32437.0104,-1,8.477300000002288,BACKFILL_AUTO
2026-04-15 13:05:30,1776258330,R_75,32424.5502,-1,12.460199999997712,BACKFILL_AUTO
2026-04-15 13:05:32,1776258332,R_75,32417.8206,-1,6.729600000002392,BACKFILL_AUTO
2026-04-15 13:05:34,1776258334,R_75,32429.0524,1,11.231800000001385,BACKFILL_AUTO
2026-04-15 13:05:36,1776258336,R_75,32433.6012,1,4.548800000000483,BACKFILL_AUTO
2026-04-15 13:05:38,1776258338,R_75,32429.7201,-1,3.881100000002334,BACKFILL_AUTO
2026-04-15 13:05:40,1776258340,R_75,32424.4561,-1,5.263999999999214,BACKFILL_AUTO
2026-04-15 13:05:42,1776258342,R_75,32430.11,1,5.653900000001158,BACKFILL_AUTO
2026-04-15 13:05:44,1776258344,R_75,32423.4653,-1,6.644700000000739,BACKFILL_AUTO
2026-04-15 13:05:46,1776258346,R_75,32422.8979,-1,0.5673999999999069,BACKFILL_AUTO
2026-04-15 13:05:48,1776258348,R_75,32426.8722,1,3.9743000000016764,BACKFILL_AUTO
2026-04-15 13:05:50,1776258350,R_75,32423.5802,-1,3.2920000000012806,BACKFILL_AUTO
2026-04-15 13:05:52,1776258352,R_75,32420.462,-1,3.1182000000007974,BACKFILL_AUTO
2026-04-15 13:05:54,1776258354,R_75,32413.4868,-1,6.975200000000768,BACKFILL_AUTO
2026-04-15 13:05:56,1776258356,R_75,32402.7626,-1,10.724200000000565,BACKFILL_AUTO
2026-04-15 13:05:58,1776258358,R_75,32398.9717,-1,3.790899999999965,BACKFILL_AUTO
2026-04-15 13:06:00,1776258360,R_75,32406.6156,1,7.643900000002759,BACKFILL_AUTO
2026-04-15 13:06:02,1776258362,R_75,32396.1578,-1,10.457800000000134,BACKFILL_AUTO
2026-04-15 13:06:04,1776258364,R_75,32396.5532,1,0.39539999999760767,BACKFILL_AUTO
2026-04-15 13:06:06,1776258366,R_75,32414.3198,1,17.766600000002654,BACKFILL_AUTO
2026-04-15 13:06:08,1776258368,R_75,32408.8887,-1,5.4311000000016065,BACKFILL_AUTO
2026-04-15 13:06:10,1776258370,R_75,32405.8946,-1,2.9940999999998894,BACKFILL_AUTO
2026-04-15 13:06:12,1776258372,R_75,32407.2548,1,1.3601999999991676,BACKFILL_AUTO
2026-04-15 13:06:14,1776258374,R_75,32406.8125,-1,0.4422999999987951,BACKFILL_AUTO
2026-04-15 13:06:16,1776258376,R_75,32412.9175,1,6.104999999999563,BACKFILL_AUTO
2026-04-15 13:06:18,1776258378,R_75,32419.3149,1,6.397400000001653,BACKFILL_AUTO
2026-04-15 13:06:20,1776258380,R_75,32420.212,1,0.8970999999983178,BACKFILL_AUTO
2026-04-15 13:06:22,1776258382,R_75,32412.0333,-1,8.17870000000039,BACKFILL_AUTO
2026-04-15 13:06:24,1776258384,R_75,32412.7289,1,0.6955999999991036,BACKFILL_AUTO
2026-04-15 13:06:26,1776258386,R_75,32408.3499,-1,4.378999999997177,BACKFILL_AUTO
2026-04-15 13:06:28,1776258388,R_75,32409.6906,1,1.340700000000652,BACKFILL_AUTO
2026-04-15 13:06:30,1776258390,R_75,32404.7937,-1,4.89690000000337,BACKFILL_AUTO
2026-04-15 13:06:32,1776258392,R_75,32414.072,1,9.278300000001764,BACKFILL_AUTO
2026-04-15 13:06:34,1776258394,R_75,32408.6448,-1,5.427200000001903,BACKFILL_AUTO
2026-04-15 13:06:36,1776258396,R_75,32406.3614,-1,2.283399999996618,BACKFILL_AUTO
2026-04-15 13:06:38,1776258398,R_75,32396.9702,-1,9.391200000001845,BACKFILL_AUTO
2026-04-15 13:06:40,1776258400,R_75,32401.3496,1,4.379400000001624,BACKFILL_AUTO
2026-04-15 13:06:42,1776258402,R_75,32408.9939,1,7.64429999999993,BACKFILL_AUTO
2026-04-15 13:06:44,1776258404,R_75,32416.5179,1,7.5239999999976135,BACKFILL_AUTO
2026-04-15 13:06:46,1776258406,R_75,32416.2516,-1,0.26629999999931897,BACKFILL_AUTO
2026-04-15 13:06:48,1776258408,R_75,32418.3111,1,2.059499999999389,BACKFILL_AUTO
2026-04-15 13:06:50,1776258410,R_75,32410.0997,-1,8.21140000000014,BACKFILL_AUTO
2026-04-15 13:06:52,1776258412,R_75,32415.4067,1,5.3070000000006985,BACKFILL_AUTO
2026-04-15 13:06:54,1776258414,R_75,32416.0266,1,0.6199000000015076,BACKFILL_AUTO
2026-04-15 13:06:56,1776258416,R_75,32421.3428,1,5.31619999999748,BACKFILL_AUTO
2026-04-15 13:06:58,1776258418,R_75,32429.0466,1,7.703800000002957,BACKFILL_AUTO
2026-04-15 13:07:00,1776258420,R_75,32422.874,-1,6.172600000001694,BACKFILL_AUTO
2026-04-15 13:07:02,1776258422,R_75,32422.7879,-1,0.08610000000044238,BACKFILL_AUTO
2026-04-15 13:07:04,1776258424,R_75,32414.5502,-1,8.237699999997858,BACKFILL_AUTO
2026-04-15 13:07:06,1776258426,R_75,32404.6581,-1,9.892100000000937,BACKFILL_AUTO
2026-04-15 13:07:08,1776258428,R_75,32403.5943,-1,1.063799999999901,BACKFILL_AUTO
2026-04-15 13:07:10,1776258430,R_75,32402.4828,-1,1.1114999999990687,BACKFILL_AUTO
2026-04-15 13:07:12,1776258432,R_75,32402.3086,-1,0.1742000000012922,BACKFILL_AUTO
2026-04-15 13:07:14,1776258434,R_75,32409.4227,1,7.114099999998871,BACKFILL_AUTO
2026-04-15 13:07:16,1776258436,R_75,32403.5415,-1,5.881199999999808,BACKFILL_AUTO
2026-04-15 13:07:18,1776258438,R_75,32408.856,1,5.3145000000004075,BACKFILL_AUTO
2026-04-15 13:07:20,1776258440,R_75,32409.9463,1,1.0902999999998428,BACKFILL_AUTO
2026-04-15 13:07:22,1776258442,R_75,32404.0825,-1,5.8637999999991735,BACKFILL_AUTO
2026-04-15 13:07:24,1776258444,R_75,32402.8407,-1,1.2417999999997846,BACKFILL_AUTO
2026-04-15 13:07:26,1776258446,R_75,32404.0422,1,1.2014999999992142,BACKFILL_AUTO
2026-04-15 13:07:28,1776258448,R_75,32413.2862,1,9.243999999998778,BACKFILL_AUTO
2026-04-15 13:07:30,1776258450,R_75,32411.5982,-1,1.6879999999982829,BACKFILL_AUTO
2026-04-15 13:07:32,1776258452,R_75,32403.7648,-1,7.8333999999995285,BACKFILL_AUTO
2026-04-15 13:07:34,1776258454,R_75,32393.6258,-1,10.138999999999214,BACKFILL_AUTO
2026-04-15 13:07:36,1776258456,R_75,32391.1969,-1,2.4289000000026135,BACKFILL_AUTO
2026-04-15 13:07:38,1776258458,R_75,32388.2103,-1,2.9866000000001804,BACKFILL_AUTO
2026-04-15 13:07:40,1776258460,R_75,32381.897,-1,6.31329999999798,BACKFILL_AUTO
2026-04-15 13:07:42,1776258462,R_75,32377.9716,-1,3.9254000000000815,BACKFILL_AUTO
2026-04-15 13:07:44,1776258464,R_75,32382.5362,1,4.564599999997881,BACKFILL_AUTO
2026-04-15 13:07:46,1776258466,R_75,32388.1231,1,5.5869000000020606,BACKFILL_AUTO
2026-04-15 13:07:48,1776258468,R_75,32384.5381,-1,3.584999999999127,BACKFILL_AUTO
2026-04-15 13:07:50,1776258470,R_75,32375.8177,-1,8.720400000001973,BACKFILL_AUTO
2026-04-15 13:07:52,1776258472,R_75,32377.3248,1,1.5070999999988999,BACKFILL_AUTO
2026-04-15 13:07:54,1776258474,R_75,32378.9708,1,1.6460000000006403,BACKFILL_AUTO
2026-04-15 13:07:56,1776258476,R_75,32374.9039,-1,4.066899999997986,BACKFILL_AUTO
2026-04-15 13:07:58,1776258478,R_75,32378.5726,1,3.6686999999983527,BACKFILL_AUTO
2026-04-15 13:08:00,1776258480,R_75,32394.0587,1,15.486100000001898,BACKFILL_AUTO
2026-04-15 13:08:02,1776258482,R_75,32398.8553,1,4.796599999997852,BACKFILL_AUTO
2026-04-15 13:08:04,1776258484,R_75,32397.1484,-1,1.706900000001042,BACKFILL_AUTO
2026-04-15 13:08:06,1776258486,R_75,32396.1081,-1,1.0402999999969325,BACKFILL_AUTO
2026-04-15 13:08:08,1776258488,R_75,32397.7086,1,1.6005000000004657,BACKFILL_AUTO
2026-04-15 13:08:10,1776258490,R_75,32392.7056,-1,5.003000000000611,BACKFILL_AUTO
2026-04-15 13:08:12,1776258492,R_75,32397.3639,1,4.658299999999144,BACKFILL_AUTO
2026-04-15 13:08:14,1776258494,R_75,32397.1871,-1,0.1768000000010943,BACKFILL_AUTO
2026-04-15 13:08:16,1776258496,R_75,32408.9725,1,11.785400000000664,BACKFILL_AUTO
2026-04-15 13:08:18,1776258498,R_75,32411.1223,1,2.1497999999992317,BACKFILL_AUTO
2026-04-15 13:08:20,1776258500,R_75,32411.9493,1,0.827000000001135,BACKFILL_AUTO
2026-04-15 13:08:22,1776258502,R_75,32411.9954,1,0.04609999999956926,BACKFILL_AUTO
2026-04-15 13:08:24,1776258504,R_75,32409.5433,-1,2.452099999998609,BACKFILL_AUTO
2026-04-15 13:08:26,1776258506,R_75,32403.5693,-1,5.974000000001979,BACKFILL_AUTO
2026-04-15 13:08:28,1776258508,R_75,32395.351,-1,8.218300000000454,BACKFILL_AUTO
2026-04-15 13:08:30,1776258510,R_75,32386.7687,-1,8.582299999998213,BACKFILL_AUTO
2026-04-15 13:08:32,1776258512,R_75,32389.3673,1,2.59860000000117,BACKFILL_AUTO
2026-04-15 13:08:34,1776258514,R_75,32385.7496,-1,3.6177000000025146,BACKFILL_AUTO
2026-04-15 13:08:36,1776258516,R_75,32385.6156,-1,0.13399999999819556,BACKFILL_AUTO
2026-04-15 13:08:38,1776258518,R_75,32381.5974,-1,4.018200000002253,BACKFILL_AUTO
2026-04-15 13:08:40,1776258520,R_75,32381.1019,-1,0.49549999999726424,BACKFILL_AUTO
2026-04-15 13:08:42,1776258522,R_75,32379.0141,-1,2.0878000000011525,BACKFILL_AUTO
2026-04-15 13:08:44,1776258524,R_75,32370.5951,-1,8.419000000001688,BACKFILL_AUTO
2026-04-15 13:08:46,1776258526,R_75,32373.7111,1,3.1160000000018044,BACKFILL_AUTO
2026-04-15 13:08:48,1776258528,R_75,32379.5343,1,5.823199999998906,BACKFILL_AUTO
2026-04-15 13:08:50,1776258530,R_75,32376.5738,-1,2.9605000000010477,BACKFILL_AUTO
2026-04-15 13:08:52,1776258532,R_75,32375.8636,-1,0.7101999999977124,BACKFILL_AUTO
2026-04-15 13:08:54,1776258534,R_75,32383.2076,1,7.34400000000096,BACKFILL_AUTO
2026-04-15 13:08:56,1776258536,R_75,32381.4214,-1,1.7862000000022817,BACKFILL_AUTO
2026-04-15 13:08:58,1776258538,R_75,32384.4555,1,3.0341000000007625,BACKFILL_AUTO
2026-04-15 13:09:00,1776258540,R_75,32378.3843,-1,6.071199999998498,BACKFILL_AUTO
2026-04-15 13:09:02,1776258542,R_75,32367.8078,-1,10.576500000002852,BACKFILL_AUTO
2026-04-15 13:09:04,1776258544,R_75,32369.885,1,2.0771999999997206,BACKFILL_AUTO
2026-04-15 13:09:06,1776258546,R_75,32369.5204,-1,0.36459999999715365,BACKFILL_AUTO
2026-04-15 13:09:08,1776258548,R_75,32365.7881,-1,3.732299999999668,BACKFILL_AUTO
2026-04-15 13:09:10,1776258550,R_75,32364.0901,-1,1.6980000000003201,BACKFILL_AUTO
2026-04-15 13:09:12,1776258552,R_75,32363.0195,-1,1.0706000000027416,BACKFILL_AUTO
2026-04-15 13:09:14,1776258554,R_75,32363.0882,1,0.06869999999980791,BACKFILL_AUTO
2026-04-15 13:09:16,1776258556,R_75,32358.4388,-1,4.649399999998423,BACKFILL_AUTO
2026-04-15 13:09:18,1776258558,R_75,32360.6127,1,2.173900000001595,BACKFILL_AUTO
2026-04-15 13:09:20,1776258560,R_75,32363.0447,1,2.4319999999970605,BACKFILL_AUTO
2026-04-15 13:09:22,1776258562,R_75,32352.3658,-1,10.678899999998976,BACKFILL_AUTO
2026-04-15 13:09:24,1776258564,R_75,32342.2391,-1,10.12670000000071,BACKFILL_AUTO
2026-04-15 13:09:26,1776258566,R_75,32335.9388,-1,6.30029999999897,BACKFILL_AUTO
2026-04-15 13:09:28,1776258568,R_75,32347.2468,1,11.308000000000902,BACKFILL_AUTO
2026-04-15 13:09:30,1776258570,R_75,32336.4362,-1,10.810600000000704,BACKFILL_AUTO
2026-04-15 13:09:32,1776258572,R_75,32335.6454,-1,0.7907999999988533,BACKFILL_AUTO
2026-04-15 13:09:34,1776258574,R_75,32328.1808,-1,7.464600000002974,BACKFILL_AUTO
2026-04-15 13:09:36,1776258576,R_75,32334.5109,1,6.330100000002858,BACKFILL_AUTO
2026-04-15 13:09:38,1776258578,R_75,32337.8555,1,3.344600000000355,BACKFILL_AUTO
2026-04-15 13:09:40,1776258580,R_75,32324.4935,-1,13.36200000000099,BACKFILL_AUTO
2026-04-15 13:09:42,1776258582,R_75,32336.5683,1,12.074799999998504,BACKFILL_AUTO
2026-04-15 13:09:44,1776258584,R_75,32341.0807,1,4.512399999999616,BACKFILL_AUTO
2026-04-15 13:09:46,1776258586,R_75,32333.2152,-1,7.865499999999884,BACKFILL_AUTO
2026-04-15 13:09:48,1776258588,R_75,32336.9829,1,3.767700000000332,BACKFILL_AUTO
2026-04-15 13:09:50,1776258590,R_75,32338.1105,1,1.127599999999802,BACKFILL_AUTO
2026-04-15 13:09:52,1776258592,R_75,32348.3444,1,10.233900000002905,BACKFILL_AUTO
2026-04-15 13:09:54,1776258594,R_75,32349.9253,1,1.5808999999972002,BACKFILL_AUTO
2026-04-15 13:09:56,1776258596,R_75,32348.0988,-1,1.8264999999992142,BACKFILL_AUTO
2026-04-15 13:09:58,1776258598,R_75,32357.6254,1,9.526600000001054,BACKFILL_AUTO
2026-04-15 13:10:00,1776258600,R_75,32363.1176,1,5.492200000000594,BACKFILL_AUTO
2026-04-15 13:10:02,1776258602,R_75,32358.5416,-1,4.576000000000931,BACKFILL_AUTO
2026-04-15 13:10:04,1776258604,R_75,32348.9242,-1,9.61739999999918,BACKFILL_AUTO
2026-04-15 13:10:06,1776258606,R_75,32348.6574,-1,0.2668000000012398,BACKFILL_AUTO
2026-04-15 13:10:08,1776258608,R_75,32348.0775,-1,0.5799000000006345,BACKFILL_AUTO
2026-04-15 13:10:10,1776258610,R_75,32343.1975,-1,4.880000000001019,BACKFILL_AUTO
2026-04-15 13:10:12,1776258612,R_75,32347.716,1,4.51850000000195,BACKFILL_AUTO
2026-04-15 13:10:14,1776258614,R_75,32351.2319,1,3.51589999999851,BACKFILL_AUTO
2026-04-15 13:10:16,1776258616,R_75,32359.914,1,8.68210000000181,BACKFILL_AUTO
2026-04-15 13:10:18,1776258618,R_75,32355.9794,-1,3.9346000000005006,BACKFILL_AUTO
2026-04-15 13:10:20,1776258620,R_75,32358.2965,1,2.3171000000002095,BACKFILL_AUTO
2026-04-15 13:10:22,1776258622,R_75,32352.3529,-1,5.943599999998696,BACKFILL_AUTO
2026-04-15 13:10:24,1776258624,R_75,32334.2487,-1,18.104200000001583,BACKFILL_AUTO
2026-04-15 13:10:26,1776258626,R_75,32324.8051,-1,9.443599999998696,BACKFILL_AUTO
2026-04-15 13:10:28,1776258628,R_75,32319.2194,-1,5.585699999999633,BACKFILL_AUTO
2026-04-15 13:10:30,1776258630,R_75,32312.8863,-1,6.333100000003469,BACKFILL_AUTO
2026-04-15 13:10:32,1776258632,R_75,32317.0191,1,4.132800000003044,BACKFILL_AUTO
2026-04-15 13:10:34,1776258634,R_75,32315.3167,-1,1.7024000000019441,BACKFILL_AUTO
2026-04-15 13:10:36,1776258636,R_75,32312.7805,-1,2.5361999999986438,BACKFILL_AUTO
2026-04-15 13:10:38,1776258638,R_75,32312.1521,-1,0.6284000000014203,BACKFILL_AUTO
2026-04-15 13:10:40,1776258640,R_75,32315.5075,1,3.3554000000003725,BACKFILL_AUTO
2026-04-15 13:10:42,1776258642,R_75,32314.1313,-1,1.3761999999987893,BACKFILL_AUTO
2026-04-15 13:10:44,1776258644,R_75,32309.9438,-1,4.1875,BACKFILL_AUTO
2026-04-15 13:10:46,1776258646,R_75,32315.3882,1,5.444400000000314,BACKFILL_AUTO
2026-04-15 13:10:48,1776258648,R_75,32311.716,-1,3.6722000000008848,BACKFILL_AUTO
2026-04-15 13:10:50,1776258650,R_75,32306.8047,-1,4.9112999999997555,BACKFILL_AUTO
2026-04-15 13:10:52,1776258652,R_75,32310.3705,1,3.5658000000003085,BACKFILL_AUTO
2026-04-15 13:10:54,1776258654,R_75,32317.1879,1,6.817399999999907,BACKFILL_AUTO
2026-04-15 13:10:56,1776258656,R_75,32319.4206,1,2.2327000000004773,BACKFILL_AUTO
2026-04-15 13:10:58,1776258658,R_75,32322.8712,1,3.4506000000001222,BACKFILL_AUTO
2026-04-15 13:11:00,1776258660,R_75,32316.2149,-1,6.656300000002375,BACKFILL_AUTO
2026-04-15 13:11:02,1776258662,R_75,32315.569,-1,0.6458999999995285,BACKFILL_AUTO
2026-04-15 13:11:04,1776258664,R_75,32317.7791,1,2.2101000000002387,BACKFILL_AUTO
2026-04-15 13:11:06,1776258666,R_75,32324.1891,1,6.4099999999998545,BACKFILL_AUTO
2026-04-15 13:11:08,1776258668,R_75,32323.174,-1,1.0151000000005297,BACKFILL_AUTO
2026-04-15 13:11:10,1776258670,R_75,32310.2262,-1,12.947799999998097,BACKFILL_AUTO
2026-04-15 13:11:12,1776258672,R_75,32306.9055,-1,3.3207000000002154,BACKFILL_AUTO
2026-04-15 13:11:14,1776258674,R_75,32298.2812,-1,8.624299999999494,BACKFILL_AUTO
2026-04-15 13:11:16,1776258676,R_75,32298.5712,1,0.28999999999723514,BACKFILL_AUTO
2026-04-15 13:11:18,1776258678,R_75,32311.0253,1,12.454100000002654,BACKFILL_AUTO
2026-04-15 13:11:20,1776258680,R_75,32319.3602,1,8.334899999998015,BACKFILL_AUTO
2026-04-15 13:11:22,1776258682,R_75,32314.2964,-1,5.063799999999901,BACKFILL_AUTO
2026-04-15 13:11:24,1776258684,R_75,32321.8881,1,7.591700000000856,BACKFILL_AUTO
2026-04-15 13:11:26,1776258686,R_75,32325.7673,1,3.8791999999994005,BACKFILL_AUTO
2026-04-15 13:11:28,1776258688,R_75,32328.8392,1,3.0718999999990046,BACKFILL_AUTO
2026-04-15 13:11:30,1776258690,R_75,32328.8893,1,0.05010000000038417,BACKFILL_AUTO
2026-04-15 13:11:32,1776258692,R_75,32333.6729,1,4.78360000000248,BACKFILL_AUTO
2026-04-15 13:11:34,1776258694,R_75,32345.1483,1,11.475399999999354,BACKFILL_AUTO
2026-04-15 13:11:36,1776258696,R_75,32335.2509,-1,9.897400000001653,BACKFILL_AUTO
2026-04-15 13:11:38,1776258698,R_75,32345.5759,1,10.325000000000728,BACKFILL_AUTO
2026-04-15 13:11:40,1776258700,R_75,32345.1897,-1,0.38620000000082655,BACKFILL_AUTO
2026-04-15 13:11:42,1776258702,R_75,32348.0817,1,2.8919999999998254,BACKFILL_AUTO
2026-04-15 13:11:44,1776258704,R_75,32345.9366,-1,2.1450999999979103,BACKFILL_AUTO
2026-04-15 13:11:46,1776258706,R_75,32340.2724,-1,5.664199999999255,BACKFILL_AUTO
2026-04-15 13:11:48,1776258708,R_75,32335.3596,-1,4.91280000000188,BACKFILL_AUTO
2026-04-15 13:11:50,1776258710,R_75,32339.6924,1,4.332800000000134,BACKFILL_AUTO
2026-04-15 13:11:52,1776258712,R_75,32335.9233,-1,3.7691000000013446,BACKFILL_AUTO
2026-04-15 13:11:54,1776258714,R_75,32350.6263,1,14.703000000001339,BACKFILL_AUTO
2026-04-15 13:11:56,1776258716,R_75,32356.6639,1,6.037599999999657,BACKFILL_AUTO
2026-04-15 13:11:58,1776258718,R_75,32347.7452,-1,8.918699999998353,BACKFILL_AUTO
2026-04-15 13:12:00,1776258720,R_75,32352.5245,1,4.779299999998329,BACKFILL_AUTO
2026-04-15 13:12:02,1776258722,R_75,32354.9192,1,2.3947000000007392,BACKFILL_AUTO
2026-04-15 13:12:04,1776258724,R_75,32353.8333,-1,1.0859000000018568,BACKFILL_AUTO
2026-04-15 13:12:06,1776258726,R_75,32345.072,-1,8.7612999999983,BACKFILL_AUTO
2026-04-15 13:12:08,1776258728,R_75,32340.0572,-1,5.014800000000832,BACKFILL_AUTO
2026-04-15 13:12:10,1776258730,R_75,32349.2646,1,9.207399999999325,BACKFILL_AUTO
2026-04-15 13:12:12,1776258732,R_75,32351.5381,1,2.2735000000029686,BACKFILL_AUTO
2026-04-15 13:12:14,1776258734,R_75,32348.9583,-1,2.5798000000031607,BACKFILL_AUTO
2026-04-15 13:12:16,1776258736,R_75,32349.5811,1,0.622800000001007,BACKFILL_AUTO
2026-04-15 13:12:18,1776258738,R_75,32352.1034,1,2.5223000000005413,BACKFILL_AUTO
2026-04-15 13:12:20,1776258740,R_75,32341.0024,-1,11.100999999998749,BACKFILL_AUTO
2026-04-15 13:12:22,1776258742,R_75,32339.2728,-1,1.7296000000023923,BACKFILL_AUTO
2026-04-15 13:12:24,1776258744,R_75,32330.0923,-1,9.180499999998574,BACKFILL_AUTO
2026-04-15 13:12:26,1776258746,R_75,32330.0019,-1,0.0904000000009546,BACKFILL_AUTO
2026-04-15 13:12:28,1776258748,R_75,32336.3549,1,6.352999999999156,BACKFILL_AUTO
2026-04-15 13:12:30,1776258750,R_75,32340.7078,1,4.352900000001682,BACKFILL_AUTO
2026-04-15 13:12:32,1776258752,R_75,32334.2876,-1,6.420200000000477,BACKFILL_AUTO
2026-04-15 13:12:34,1776258754,R_75,32331.9463,-1,2.3413000000000466,BACKFILL_AUTO
2026-04-15 13:12:36,1776258756,R_75,32321.2523,-1,10.693999999999505,BACKFILL_AUTO
2026-04-15 13:12:38,1776258758,R_75,32328.4172,1,7.164899999999761,BACKFILL_AUTO
2026-04-15 13:12:40,1776258760,R_75,32321.54,-1,6.877199999998993,BACKFILL_AUTO
2026-04-15 13:12:42,1776258762,R_75,32323.0078,1,1.4677999999985332,BACKFILL_AUTO
2026-04-15 13:12:44,1776258764,R_75,32327.4194,1,4.411599999999453,BACKFILL_AUTO
2026-04-15 13:12:46,1776258766,R_75,32327.8552,1,0.43580000000292785,BACKFILL_AUTO
2026-04-15 13:12:48,1776258768,R_75,32331.0481,1,3.1928999999981897,BACKFILL_AUTO
2026-04-15 13:12:50,1776258770,R_75,32331.6632,1,0.6150999999990745,BACKFILL_AUTO
2026-04-15 13:12:52,1776258772,R_75,32340.3864,1,8.72320000000036,BACKFILL_AUTO
2026-04-15 13:12:54,1776258774,R_75,32337.1622,-1,3.2242000000005646,BACKFILL_AUTO
2026-04-15 13:12:56,1776258776,R_75,32335.0707,-1,2.091499999998632,BACKFILL_AUTO
2026-04-15 13:12:58,1776258778,R_75,32340.5551,1,5.484400000001187,BACKFILL_AUTO
2026-04-15 13:13:00,1776258780,R_75,32346.2824,1,5.72729999999865,BACKFILL_AUTO
2026-04-15 13:13:02,1776258782,R_75,32348.9445,1,2.6621000000013737,BACKFILL_AUTO
2026-04-15 13:13:04,1776258784,R_75,32346.8357,-1,2.108800000001793,BACKFILL_AUTO
2026-04-15 13:13:06,1776258786,R_75,32346.2918,-1,0.5439000000005763,BACKFILL_AUTO
2026-04-15 13:13:08,1776258788,R_75,32346.5934,1,0.30160000000250875,BACKFILL_AUTO
2026-04-15 13:13:10,1776258790,R_75,32344.1175,-1,2.4759000000012747,BACKFILL_AUTO
2026-04-15 13:13:12,1776258792,R_75,32343.8578,-1,0.25969999999870197,BACKFILL_AUTO
2026-04-15 13:13:14,1776258794,R_75,32334.716,-1,9.14180000000124,BACKFILL_AUTO
2026-04-15 13:13:16,1776258796,R_75,32327.1295,-1,7.5865000000012515,BACKFILL_AUTO
2026-04-15 13:13:18,1776258798,R_75,32328.5676,1,1.4380999999993946,BACKFILL_AUTO
2026-04-15 13:13:20,1776258800,R_75,32332.4708,1,3.903200000000652,BACKFILL_AUTO
2026-04-15 13:13:22,1776258802,R_75,32329.0949,-1,3.375899999999092,BACKFILL_AUTO
2026-04-15 13:13:24,1776258804,R_75,32331.2444,1,2.1494999999995343,BACKFILL_AUTO
2026-04-15 13:13:26,1776258806,R_75,32327.6845,-1,3.559900000000198,BACKFILL_AUTO
2026-04-15 13:13:28,1776258808,R_75,32328.5404,1,0.8559000000022934,BACKFILL_AUTO
2026-04-15 13:13:30,1776258810,R_75,32329.5215,1,0.981099999997241,BACKFILL_AUTO
2026-04-15 13:13:32,1776258812,R_75,32328.285,-1,1.2364999999990687,BACKFILL_AUTO
2026-04-15 13:13:34,1776258814,R_75,32334.6444,1,6.359400000001187,BACKFILL_AUTO
2026-04-15 13:13:36,1776258816,R_75,32330.5186,-1,4.125800000001618,BACKFILL_AUTO
2026-04-15 13:13:38,1776258818,R_75,32331.9653,1,1.446700000000419,BACKFILL_AUTO
2026-04-15 13:13:40,1776258820,R_75,32314.9214,-1,17.043900000000576,BACKFILL_AUTO
2026-04-15 13:13:42,1776258822,R_75,32320.2309,1,5.309499999999389,BACKFILL_AUTO
2026-04-15 13:13:44,1776258824,R_75,32319.5927,-1,0.638199999997596,BACKFILL_AUTO
2026-04-15 13:13:46,1776258826,R_75,32327.9881,1,8.395399999997608,BACKFILL_AUTO
2026-04-15 13:13:48,1776258828,R_75,32322.2495,-1,5.73859999999695,BACKFILL_AUTO
2026-04-15 13:13:50,1776258830,R_75,32325.1448,1,2.895299999996496,BACKFILL_AUTO
2026-04-15 13:13:52,1776258832,R_75,32325.8593,1,0.7145000000018626,BACKFILL_AUTO
2026-04-15 13:13:54,1776258834,R_75,32323.6741,-1,2.1851999999998952,BACKFILL_AUTO
2026-04-15 13:13:56,1776258836,R_75,32328.8252,1,5.151099999999133,BACKFILL_AUTO
2026-04-15 13:13:58,1776258838,R_75,32331.4365,1,2.611300000000483,BACKFILL_AUTO
2026-04-15 13:14:00,1776258840,R_75,32328.5093,-1,2.9271999999982654,BACKFILL_AUTO
2026-04-15 13:14:02,1776258842,R_75,32333.3435,1,4.834199999997509,BACKFILL_AUTO
2026-04-15 13:14:04,1776258844,R_75,32327.2553,-1,6.088199999998324,BACKFILL_AUTO
2026-04-15 13:14:06,1776258846,R_75,32333.308,1,6.052700000000186,BACKFILL_AUTO
2026-04-15 13:14:08,1776258848,R_75,32338.7148,1,5.406800000000658,BACKFILL_AUTO
2026-04-15 13:14:10,1776258850,R_75,32345.3689,1,6.654099999999744,BACKFILL_AUTO
2026-04-15 13:14:12,1776258852,R_75,32337.0844,-1,8.284500000001572,BACKFILL_AUTO
2026-04-15 13:14:14,1776258854,R_75,32326.6379,-1,10.446499999998196,BACKFILL_AUTO
2026-04-15 13:14:16,1776258856,R_75,32328.5374,1,1.8994999999995343,BACKFILL_AUTO
2026-04-15 13:14:18,1776258858,R_75,32332.2246,1,3.6872000000003027,BACKFILL_AUTO
2026-04-15 13:14:20,1776258860,R_75,32342.4405,1,10.215899999999237,BACKFILL_AUTO
2026-04-15 13:14:22,1776258862,R_75,32335.7739,-1,6.6666000000004715,BACKFILL_AUTO
2026-04-15 13:14:24,1776258864,R_75,32338.0059,1,2.231999999999971,BACKFILL_AUTO
2026-04-15 13:14:26,1776258866,R_75,32342.2145,1,4.208599999998114,BACKFILL_AUTO
2026-04-15 13:14:28,1776258868,R_75,32355.0167,1,12.802200000001903,BACKFILL_AUTO
2026-04-15 13:14:30,1776258870,R_75,32342.7032,-1,12.313500000000204,BACKFILL_AUTO
2026-04-15 13:14:32,1776258872,R_75,32339.1365,-1,3.5666999999994005,BACKFILL_AUTO
2026-04-15 13:14:34,1776258874,R_75,32335.9493,-1,3.1872000000003027,BACKFILL_AUTO
2026-04-15 13:14:36,1776258876,R_75,32327.905,-1,8.044300000001385,BACKFILL_AUTO
2026-04-15 13:14:38,1776258878,R_75,32339.1746,1,11.269599999999627,BACKFILL_AUTO
2026-04-15 13:14:40,1776258880,R_75,32341.846,1,2.6714000000029046,BACKFILL_AUTO
2026-04-15 13:14:42,1776258882,R_75,32340.1536,-1,1.6923999999999069,BACKFILL_AUTO
2026-04-15 13:14:44,1776258884,R_75,32342.7466,1,2.5929999999971187,BACKFILL_AUTO
2026-04-15 13:14:46,1776258886,R_75,32348.5223,1,5.775700000001962,BACKFILL_AUTO
2026-04-15 13:14:48,1776258888,R_75,32343.1636,-1,5.358700000000681,BACKFILL_AUTO
2026-04-15 13:14:50,1776258890,R_75,32334.1027,-1,9.060900000000402,BACKFILL_AUTO
2026-04-15 13:14:52,1776258892,R_75,32321.7344,-1,12.368299999998271,BACKFILL_AUTO
2026-04-15 13:14:54,1776258894,R_75,32328.1197,1,6.385299999998097,BACKFILL_AUTO
2026-04-15 13:14:56,1776258896,R_75,32319.1824,-1,8.937299999997776,BACKFILL_AUTO
2026-04-15 13:14:58,1776258898,R_75,32332.259,1,13.076599999996688,BACKFILL_AUTO
2026-04-15 13:15:00,1776258900,R_75,32329.3283,-1,2.9306999999971595,BACKFILL_AUTO
2026-04-15 13:15:02,1776258902,R_75,32329.4485,1,0.12019999999756692,BACKFILL_AUTO
2026-04-15 13:15:04,1776258904,R_75,32334.9882,1,5.539700000001176,BACKFILL_AUTO
2026-04-15 13:15:06,1776258906,R_75,32335.3488,1,0.3605999999999767,BACKFILL_AUTO
2026-04-15 13:15:08,1776258908,R_75,32333.7993,-1,1.5495000000009895,BACKFILL_AUTO
2026-04-15 13:15:10,1776258910,R_75,32334.1493,1,0.3500000000021828,BACKFILL_AUTO
2026-04-15 13:15:12,1776258912,R_75,32337.4945,1,3.3451999999997497,BACKFILL_AUTO
2026-04-15 13:15:14,1776258914,R_75,32335.5851,-1,1.9094000000004598,BACKFILL_AUTO
2026-04-15 13:15:16,1776258916,R_75,32337.283,1,1.6978999999992084,BACKFILL_AUTO
2026-04-15 13:15:18,1776258918,R_75,32336.2519,-1,1.0311000000001513,BACKFILL_AUTO
2026-04-15 13:15:20,1776258920,R_75,32341.6791,1,5.427200000001903,BACKFILL_AUTO
2026-04-15 13:15:22,1776258922,R_75,32346.2649,1,4.585799999997107,BACKFILL_AUTO
2026-04-15 13:15:24,1776258924,R_75,32349.7283,1,3.463400000000547,BACKFILL_AUTO
2026-04-15 13:15:26,1776258926,R_75,32348.6405,-1,1.0877999999975145,BACKFILL_AUTO
2026-04-15 13:15:28,1776258928,R_75,32355.554,1,6.9134999999987485,BACKFILL_AUTO
2026-04-15 13:15:30,1776258930,R_75,32360.9648,1,5.410800000001473,BACKFILL_AUTO
2026-04-15 13:15:32,1776258932,R_75,32369.8717,1,8.906899999998132,BACKFILL_AUTO
2026-04-15 13:15:34,1776258934,R_75,32372.5548,1,2.683100000002014,BACKFILL_AUTO
2026-04-15 13:15:36,1776258936,R_75,32373.8062,1,1.2513999999973748,BACKFILL_AUTO
2026-04-15 13:15:38,1776258938,R_75,32375.1038,1,1.2976000000016938,BACKFILL_AUTO
2026-04-15 13:15:40,1776258940,R_75,32379.3472,1,4.243399999999383,BACKFILL_AUTO
2026-04-15 13:15:42,1776258942,R_75,32375.7662,-1,3.58100000000195,BACKFILL_AUTO
2026-04-15 13:15:44,1776258944,R_75,32375.8,1,0.0338000000010652,BACKFILL_AUTO
2026-04-15 13:15:46,1776258946,R_75,32379.2368,1,3.4367999999994936,BACKFILL_AUTO
2026-04-15 13:15:48,1776258948,R_75,32386.8124,1,7.575600000000122,BACKFILL_AUTO
2026-04-15 13:15:50,1776258950,R_75,32385.2994,-1,1.5129999999990105,BACKFILL_AUTO
2026-04-15 13:15:52,1776258952,R_75,32397.777,1,12.477599999998347,BACKFILL_AUTO
2026-04-15 13:15:54,1776258954,R_75,32399.3724,1,1.5954000000019732,BACKFILL_AUTO
2026-04-15 13:15:56,1776258956,R_75,32397.6293,-1,1.7430999999996857,BACKFILL_AUTO
2026-04-15 13:15:58,1776258958,R_75,32409.7919,1,12.162599999999657,BACKFILL_AUTO
2026-04-15 13:16:00,1776258960,R_75,32404.9079,-1,4.8840000000018335,BACKFILL_AUTO
2026-04-15 13:16:02,1776258962,R_75,32409.6598,1,4.751900000002934,BACKFILL_AUTO
2026-04-15 13:16:04,1776258964,R_75,32410.9107,1,1.250899999999092,BACKFILL_AUTO
2026-04-15 13:16:06,1776258966,R_75,32413.7477,1,2.8369999999995343,BACKFILL_AUTO
2026-04-15 13:16:08,1776258968,R_75,32410.3361,-1,3.411599999999453,BACKFILL_AUTO
2026-04-15 13:16:10,1776258970,R_75,32417.7911,1,7.454999999998108,BACKFILL_AUTO
2026-04-15 13:16:12,1776258972,R_75,32406.9307,-1,10.860399999997753,BACKFILL_AUTO
2026-04-15 13:16:14,1776258974,R_75,32409.7093,1,2.778599999997823,BACKFILL_AUTO
2026-04-15 13:16:16,1776258976,R_75,32407.778,-1,1.931300000000192,BACKFILL_AUTO
2026-04-15 13:16:18,1776258978,R_75,32405.8751,-1,1.9028999999973166,BACKFILL_AUTO
2026-04-15 13:16:20,1776258980,R_75,32404.4075,-1,1.4675999999999476,BACKFILL_AUTO
2026-04-15 13:16:22,1776258982,R_75,32409.9767,1,5.569199999998091,BACKFILL_AUTO
2026-04-15 13:16:24,1776258984,R_75,32414.3544,1,4.377700000000914,BACKFILL_AUTO
2026-04-15 13:16:26,1776258986,R_75,32408.9137,-1,5.440699999999197,BACKFILL_AUTO
2026-04-15 13:16:28,1776258988,R_75,32407.9155,-1,0.9982000000018161,BACKFILL_AUTO
2026-04-15 13:16:30,1776258990,R_75,32414.7726,1,6.857100000001083,BACKFILL_AUTO
2026-04-15 13:16:32,1776258992,R_75,32413.083,-1,1.6896000000015192,BACKFILL_AUTO
2026-04-15 13:16:34,1776258994,R_75,32415.8282,1,2.745200000001205,BACKFILL_AUTO
2026-04-15 13:16:36,1776258996,R_75,32418.9064,1,3.0781999999999243,BACKFILL_AUTO
2026-04-15 13:16:38,1776258998,R_75,32417.4456,-1,1.460800000000745,BACKFILL_AUTO
2026-04-15 13:16:40,1776259000,R_75,32425.6255,1,8.17989999999918,BACKFILL_AUTO
2026-04-15 13:16:42,1776259002,R_75,32429.7547,1,4.129200000003038,BACKFILL_AUTO
2026-04-15 13:16:44,1776259004,R_75,32431.0122,1,1.257499999999709,BACKFILL_AUTO
2026-04-15 13:16:46,1776259006,R_75,32438.1856,1,7.173399999999674,BACKFILL_AUTO
2026-04-15 13:16:48,1776259008,R_75,32430.7661,-1,7.419499999999971,BACKFILL_AUTO
2026-04-15 13:16:50,1776259010,R_75,32430.691,-1,0.07510000000183936,BACKFILL_AUTO
2026-04-15 13:16:52,1776259012,R_75,32428.6744,-1,2.0165999999990163,BACKFILL_AUTO
2026-04-15 13:16:54,1776259014,R_75,32431.5642,1,2.8898000000008324,BACKFILL_AUTO
2026-04-15 13:16:56,1776259016,R_75,32438.9056,1,7.34139999999752,BACKFILL_AUTO
2026-04-15 13:16:58,1776259018,R_75,32446.862,1,7.956400000002759,BACKFILL_AUTO
2026-04-15 13:17:00,1776259020,R_75,32444.7075,-1,2.154500000000553,BACKFILL_AUTO
2026-04-15 13:17:02,1776259022,R_75,32441.0692,-1,3.638299999998708,BACKFILL_AUTO
2026-04-15 13:17:04,1776259024,R_75,32437.6283,-1,3.4409000000014203,BACKFILL_AUTO
2026-04-15 13:17:06,1776259026,R_75,32434.2568,-1,3.371500000001106,BACKFILL_AUTO
2026-04-15 13:17:08,1776259028,R_75,32429.7606,-1,4.496199999997771,BACKFILL_AUTO
2026-04-15 13:17:10,1776259030,R_75,32439.4362,1,9.675599999998667,BACKFILL_AUTO
2026-04-15 13:17:12,1776259032,R_75,32445.5523,1,6.116099999999278,BACKFILL_AUTO
2026-04-15 13:17:14,1776259034,R_75,32433.9929,-1,11.559399999998277,BACKFILL_AUTO
2026-04-15 13:17:16,1776259036,R_75,32440.9961,1,7.003199999999197,BACKFILL_AUTO
2026-04-15 13:17:18,1776259038,R_75,32441.5852,1,0.5891000000010536,BACKFILL_AUTO
2026-04-15 13:17:20,1776259040,R_75,32432.6742,-1,8.911000000000058,BACKFILL_AUTO
2026-04-15 13:17:22,1776259042,R_75,32439.9348,1,7.260599999997794,BACKFILL_AUTO
2026-04-15 13:17:24,1776259044,R_75,32441.6158,1,1.6810000000004948,BACKFILL_AUTO
2026-04-15 13:17:26,1776259046,R_75,32444.4673,1,2.8515000000006694,BACKFILL_AUTO
2026-04-15 13:17:28,1776259048,R_75,32432.1742,-1,12.293099999998958,BACKFILL_AUTO
2026-04-15 13:17:30,1776259050,R_75,32434.8135,1,2.6392999999989115,BACKFILL_AUTO
2026-04-15 13:17:32,1776259052,R_75,32429.5721,-1,5.2413999999989755,BACKFILL_AUTO
2026-04-15 13:17:34,1776259054,R_75,32438.585,1,9.012899999997899,BACKFILL_AUTO
2026-04-15 13:17:36,1776259056,R_75,32445.3107,1,6.725700000002689,BACKFILL_AUTO
2026-04-15 13:17:38,1776259058,R_75,32445.9193,1,0.6085999999995693,BACKFILL_AUTO
2026-04-15 13:17:40,1776259060,R_75,32444.0387,-1,1.8806000000004133,BACKFILL_AUTO
2026-04-15 13:17:42,1776259062,R_75,32453.3812,1,9.342499999998836,BACKFILL_AUTO
2026-04-15 13:17:44,1776259064,R_75,32447.5152,-1,5.8659999999981665,BACKFILL_AUTO
2026-04-15 13:17:46,1776259066,R_75,32440.5482,-1,6.967000000000553,BACKFILL_AUTO
2026-04-15 13:17:48,1776259068,R_75,32427.5875,-1,12.960699999999633,BACKFILL_AUTO
2026-04-15 13:17:50,1776259070,R_75,32434.0043,1,6.416799999999057,BACKFILL_AUTO
2026-04-15 13:17:52,1776259072,R_75,32434.3833,1,0.3790000000008149,BACKFILL_AUTO
2026-04-15 13:17:54,1776259074,R_75,32440.871,1,6.487699999997858,BACKFILL_AUTO
2026-04-15 13:17:56,1776259076,R_75,32440.5142,-1,0.35679999999774736,BACKFILL_AUTO
2026-04-15 13:17:58,1776259078,R_75,32430.9353,-1,9.57890000000043,BACKFILL_AUTO
2026-04-15 13:18:00,1776259080,R_75,32434.2251,1,3.2897999999986496,BACKFILL_AUTO
2026-04-15 13:18:02,1776259082,R_75,32427.479,-1,6.746100000000297,BACKFILL_AUTO
2026-04-15 13:18:04,1776259084,R_75,32420.2369,-1,7.242099999999482,BACKFILL_AUTO
2026-04-15 13:18:06,1776259086,R_75,32422.1371,1,1.9002000000000407,BACKFILL_AUTO
2026-04-15 13:18:08,1776259088,R_75,32417.991,-1,4.146099999998114,BACKFILL_AUTO
2026-04-15 13:18:10,1776259090,R_75,32429.4722,1,11.481199999998353,BACKFILL_AUTO
2026-04-15 13:18:12,1776259092,R_75,32423.7312,-1,5.741000000001804,BACKFILL_AUTO
2026-04-15 13:18:14,1776259094,R_75,32430.7315,1,7.000300000003335,BACKFILL_AUTO
2026-04-15 13:18:16,1776259096,R_75,32428.9012,-1,1.8303000000014435,BACKFILL_AUTO
2026-04-15 13:18:18,1776259098,R_75,32432.2898,1,3.388599999998405,BACKFILL_AUTO
2026-04-15 13:18:20,1776259100,R_75,32421.6176,-1,10.672199999997247,BACKFILL_AUTO
2026-04-15 13:18:22,1776259102,R_75,32433.5843,1,11.966699999997218,BACKFILL_AUTO
2026-04-15 13:18:24,1776259104,R_75,32437.3601,1,3.7758000000030734,BACKFILL_AUTO
2026-04-15 13:18:26,1776259106,R_75,32435.017,-1,2.3431000000018685,BACKFILL_AUTO
2026-04-15 13:18:28,1776259108,R_75,32437.2693,1,2.2523000000001048,BACKFILL_AUTO
2026-04-15 13:18:30,1776259110,R_75,32435.2343,-1,2.0349999999998545,BACKFILL_AUTO
2026-04-15 13:18:32,1776259112,R_75,32425.5681,-1,9.666199999999662,BACKFILL_AUTO
2026-04-15 13:18:34,1776259114,R_75,32421.4678,-1,4.10030000000188,BACKFILL_AUTO
2026-04-15 13:18:36,1776259116,R_75,32409.151,-1,12.316799999996874,BACKFILL_AUTO
2026-04-15 13:18:38,1776259118,R_75,32409.1641,1,0.013100000000122236,BACKFILL_AUTO
2026-04-15 13:18:40,1776259120,R_75,32408.9673,-1,0.19680000000153086,BACKFILL_AUTO
2026-04-15 13:18:42,1776259122,R_75,32404.5194,-1,4.447899999999208,BACKFILL_AUTO
2026-04-15 13:18:44,1776259124,R_75,32397.8264,-1,6.6929999999993015,BACKFILL_AUTO
2026-04-15 13:18:46,1776259126,R_75,32409.3215,1,11.495099999996455,BACKFILL_AUTO
2026-04-15 13:18:48,1776259128,R_75,32400.8042,-1,8.517299999999523,BACKFILL_AUTO
2026-04-15 13:18:50,1776259130,R_75,32405.3113,1,4.507100000002538,BACKFILL_AUTO
2026-04-15 13:18:52,1776259132,R_75,32415.6783,1,10.36699999999837,BACKFILL_AUTO
2026-04-15 13:18:54,1776259134,R_75,32417.6592,1,1.9808999999986554,BACKFILL_AUTO
2026-04-15 13:18:56,1776259136,R_75,32403.4323,-1,14.22689999999784,BACKFILL_AUTO
2026-04-15 13:18:58,1776259138,R_75,32396.8407,-1,6.591599999999744,BACKFILL_AUTO
2026-04-15 13:19:00,1776259140,R_75,32390.6976,-1,6.143100000001141,BACKFILL_AUTO
2026-04-15 13:19:02,1776259142,R_75,32400.7037,1,10.006099999998696,BACKFILL_AUTO
2026-04-15 13:19:04,1776259144,R_75,32393.6988,-1,7.004899999999907,BACKFILL_AUTO
2026-04-15 13:19:06,1776259146,R_75,32388.6049,-1,5.093899999999849,BACKFILL_AUTO
2026-04-15 13:19:08,1776259148,R_75,32386.5681,-1,2.0367999999980384,BACKFILL_AUTO
2026-04-15 13:19:10,1776259150,R_75,32372.7531,-1,13.81499999999869,BACKFILL_AUTO
2026-04-15 13:19:12,1776259152,R_75,32384.3809,1,11.627799999998388,BACKFILL_AUTO
2026-04-15 13:19:14,1776259154,R_75,32378.22,-1,6.160899999998946,BACKFILL_AUTO
2026-04-15 13:19:16,1776259156,R_75,32383.9092,1,5.689199999997072,BACKFILL_AUTO
2026-04-15 13:19:18,1776259158,R_75,32382.3378,-1,1.5713999999970838,BACKFILL_AUTO
2026-04-15 13:19:20,1776259160,R_75,32384.1289,1,1.7910999999985506,BACKFILL_AUTO
2026-04-15 13:19:22,1776259162,R_75,32377.8344,-1,6.294499999999971,BACKFILL_AUTO
2026-04-15 13:19:24,1776259164,R_75,32381.074,1,3.2396000000007916,BACKFILL_AUTO
2026-04-15 13:19:26,1776259166,R_75,32382.4213,1,1.347300000001269,BACKFILL_AUTO
2026-04-15 13:19:28,1776259168,R_75,32389.6134,1,7.192099999996572,BACKFILL_AUTO
2026-04-15 13:19:30,1776259170,R_75,32389.9499,1,0.33650000000125146,BACKFILL_AUTO
2026-04-15 13:19:32,1776259172,R_75,32387.4507,-1,2.499199999998382,BACKFILL_AUTO
2026-04-15 13:19:34,1776259174,R_75,32383.3487,-1,4.10200000000259,BACKFILL_AUTO
2026-04-15 13:19:36,1776259176,R_75,32382.698,-1,0.6506999999983236,BACKFILL_AUTO
2026-04-15 13:19:38,1776259178,R_75,32379.2853,-1,3.4127000000007683,BACKFILL_AUTO
2026-04-15 13:19:40,1776259180,R_75,32370.6909,-1,8.594399999998132,BACKFILL_AUTO
2026-04-15 13:19:42,1776259182,R_75,32374.9068,1,4.2158999999992375,BACKFILL_AUTO
2026-04-15 13:19:44,1776259184,R_75,32378.1183,1,3.2114999999976135,BACKFILL_AUTO
2026-04-15 13:19:46,1776259186,R_75,32376.5633,-1,1.554999999996653,BACKFILL_AUTO
2026-04-15 13:19:48,1776259188,R_75,32379.9571,1,3.3937999999980093,BACKFILL_AUTO
2026-04-15 13:19:50,1776259190,R_75,32384.9164,1,4.9592999999986205,BACKFILL_AUTO
2026-04-15 13:19:52,1776259192,R_75,32380.3772,-1,4.539199999999255,BACKFILL_AUTO
2026-04-15 13:19:54,1776259194,R_75,32373.7052,-1,6.671999999998661,BACKFILL_AUTO
2026-04-15 13:19:56,1776259196,R_75,32376.6703,1,2.9651000000012573,BACKFILL_AUTO
2026-04-15 13:19:58,1776259198,R_75,32391.1668,1,14.496499999997468,BACKFILL_AUTO
2026-04-15 13:20:00,1776259200,R_75,32399.4243,1,8.257499999999709,BACKFILL_AUTO
2026-04-15 13:20:02,1776259202,R_75,32400.1602,1,0.735899999999674,BACKFILL_AUTO
2026-04-15 13:20:04,1776259204,R_75,32401.583,1,1.4228000000002794,BACKFILL_AUTO
2026-04-15 13:20:06,1776259206,R_75,32406.594,1,5.011000000002241,BACKFILL_AUTO
2026-04-15 13:20:08,1776259208,R_75,32412.7727,1,6.17870000000039,BACKFILL_AUTO
2026-04-15 13:20:10,1776259210,R_75,32409.2394,-1,3.5333000000027823,BACKFILL_AUTO
2026-04-15 13:20:12,1776259212,R_75,32389.3211,-1,19.918299999997544,BACKFILL_AUTO
2026-04-15 13:20:14,1776259214,R_75,32386.4169,-1,2.9042000000008557,BACKFILL_AUTO
2026-04-15 13:20:16,1776259216,R_75,32385.0033,-1,1.4135999999998603,BACKFILL_AUTO
2026-04-15 13:20:18,1776259218,R_75,32385.5359,1,0.5325999999986379,BACKFILL_AUTO
2026-04-15 13:20:20,1776259220,R_75,32388.7589,1,3.2230000000017753,BACKFILL_AUTO
2026-04-15 13:20:22,1776259222,R_75,32394.834,1,6.075099999998201,BACKFILL_AUTO
2026-04-15 13:20:24,1776259224,R_75,32393.0705,-1,1.7634999999972933,BACKFILL_AUTO
2026-04-15 13:20:26,1776259226,R_75,32385.1675,-1,7.903000000002066,BACKFILL_AUTO
2026-04-15 13:20:28,1776259228,R_75,32385.4277,1,0.2602000000006228,BACKFILL_AUTO
2026-04-15 13:20:30,1776259230,R_75,32385.5673,1,0.13959999999860884,BACKFILL_AUTO
2026-04-15 13:20:32,1776259232,R_75,32394.1955,1,8.628200000002835,BACKFILL_AUTO
2026-04-15 13:20:34,1776259234,R_75,32392.3398,-1,1.8557000000000698,BACKFILL_AUTO
2026-04-15 13:20:36,1776259236,R_75,32380.2974,-1,12.04240000000209,BACKFILL_AUTO
2026-04-15 13:20:38,1776259238,R_75,32381.6135,1,1.3161000000000058,BACKFILL_AUTO
2026-04-15 13:20:40,1776259240,R_75,32381.5655,-1,0.04799999999886495,BACKFILL_AUTO
2026-04-15 13:20:42,1776259242,R_75,32385.2423,1,3.6768000000010943,BACKFILL_AUTO
2026-04-15 13:20:44,1776259244,R_75,32387.1186,1,1.876299999999901,BACKFILL_AUTO
2026-04-15 13:20:46,1776259246,R_75,32395.914,1,8.795399999999063,BACKFILL_AUTO
2026-04-15 13:20:48,1776259248,R_75,32395.8495,-1,0.06450000000040745,BACKFILL_AUTO
2026-04-15 13:20:50,1776259250,R_75,32388.3366,-1,7.512900000001537,BACKFILL_AUTO
2026-04-15 13:20:52,1776259252,R_75,32387.9196,-1,0.4169999999976426,BACKFILL_AUTO
2026-04-15 13:20:54,1776259254,R_75,32391.5042,1,3.584599999998318,BACKFILL_AUTO
2026-04-15 13:20:56,1776259256,R_75,32388.1935,-1,3.310699999998178,BACKFILL_AUTO
2026-04-15 13:20:58,1776259258,R_75,32388.2224,1,0.028899999997520354,BACKFILL_AUTO
2026-04-15 13:21:00,1776259260,R_75,32381.7734,-1,6.449000000000524,BACKFILL_AUTO
2026-04-15 13:21:02,1776259262,R_75,32384.1482,1,2.3748000000014144,BACKFILL_AUTO
2026-04-15 13:21:04,1776259264,R_75,32376.0303,-1,8.1179000000011,BACKFILL_AUTO
2026-04-15 13:21:06,1776259266,R_75,32372.6707,-1,3.359599999999773,BACKFILL_AUTO
2026-04-15 13:21:08,1776259268,R_75,32374.9105,1,2.239800000003015,BACKFILL_AUTO
2026-04-15 13:21:10,1776259270,R_75,32373.9941,-1,0.9164000000018859,BACKFILL_AUTO
2026-04-15 13:21:12,1776259272,R_75,32366.4567,-1,7.537400000001071,BACKFILL_AUTO
2026-04-15 13:21:14,1776259274,R_75,32370.1899,1,3.733200000002398,BACKFILL_AUTO
2026-04-15 13:21:16,1776259276,R_75,32364.4577,-1,5.732200000002194,BACKFILL_AUTO
2026-04-15 13:21:18,1776259278,R_75,32362.9395,-1,1.5181999999986147,BACKFILL_AUTO
2026-04-15 13:21:20,1776259280,R_75,32359.7285,-1,3.2109999999993306,BACKFILL_AUTO
2026-04-15 13:21:22,1776259282,R_75,32358.943,-1,0.7855000000017753,BACKFILL_AUTO
2026-04-15 13:21:24,1776259284,R_75,32360.3854,1,1.4423999999999069,BACKFILL_AUTO
2026-04-15 13:21:26,1776259286,R_75,32357.2099,-1,3.1754999999975553,BACKFILL_AUTO
2026-04-15 13:21:28,1776259288,R_75,32358.455,1,1.2451000000000931,BACKFILL_AUTO
2026-04-15 13:21:30,1776259290,R_75,32365.7866,1,7.331599999997707,BACKFILL_AUTO
2026-04-15 13:21:32,1776259292,R_75,32373.6419,1,7.855299999999261,BACKFILL_AUTO
2026-04-15 13:21:34,1776259294,R_75,32378.3482,1,4.706300000001647,BACKFILL_AUTO
2026-04-15 13:21:36,1776259296,R_75,32392.663,1,14.314800000000105,BACKFILL_AUTO
2026-04-15 13:21:38,1776259298,R_75,32396.916,1,4.253000000000611,BACKFILL_AUTO
2026-04-15 13:21:40,1776259300,R_75,32407.3538,1,10.437799999999697,BACKFILL_AUTO
2026-04-15 13:21:42,1776259302,R_75,32404.406,-1,2.9478000000017346,BACKFILL_AUTO
2026-04-15 13:21:44,1776259304,R_75,32411.1647,1,6.758700000002136,BACKFILL_AUTO
2026-04-15 13:21:46,1776259306,R_75,32418.5129,1,7.348200000000361,BACKFILL_AUTO
2026-04-15 13:21:48,1776259308,R_75,32411.8056,-1,6.707300000001851,BACKFILL_AUTO
2026-04-15 13:21:50,1776259310,R_75,32412.47,1,0.6644000000014785,BACKFILL_AUTO
2026-04-15 13:21:52,1776259312,R_75,32415.6628,1,3.192799999997078,BACKFILL_AUTO
2026-04-15 13:21:54,1776259314,R_75,32423.0193,1,7.356500000001688,BACKFILL_AUTO
2026-04-15 13:21:56,1776259316,R_75,32430.3712,1,7.3519000000014785,BACKFILL_AUTO
2026-04-15 13:21:58,1776259318,R_75,32434.1581,1,3.78689999999915,BACKFILL_AUTO
2026-04-15 13:22:00,1776259320,R_75,32424.1682,-1,9.989900000000489,BACKFILL_AUTO
2026-04-15 13:22:02,1776259322,R_75,32413.2622,-1,10.90599999999904,BACKFILL_AUTO
2026-04-15 13:22:04,1776259324,R_75,32409.2356,-1,4.026600000001054,BACKFILL_AUTO
2026-04-15 13:22:06,1776259326,R_75,32398.906,-1,10.329600000000937,BACKFILL_AUTO
2026-04-15 13:22:08,1776259328,R_75,32404.5255,1,5.6195000000006985,BACKFILL_AUTO
2026-04-15 13:22:10,1776259330,R_75,32411.8426,1,7.3171000000002095,BACKFILL_AUTO
2026-04-15 13:22:12,1776259332,R_75,32398.4246,-1,13.418000000001484,BACKFILL_AUTO
2026-04-15 13:22:14,1776259334,R_75,32390.6991,-1,7.725499999996828,BACKFILL_AUTO
2026-04-15 13:22:16,1776259336,R_75,32399.9636,1,9.264499999997497,BACKFILL_AUTO
2026-04-15 13:22:18,1776259338,R_75,32400.2859,1,0.32229999999981374,BACKFILL_AUTO
2026-04-15 13:22:20,1776259340,R_75,32399.5504,-1,0.735499999998865,BACKFILL_AUTO
2026-04-15 13:22:22,1776259342,R_75,32408.4001,1,8.849699999998847,BACKFILL_AUTO
2026-04-15 13:22:24,1776259344,R_75,32409.8271,1,1.4269999999996799,BACKFILL_AUTO
2026-04-15 13:22:26,1776259346,R_75,32414.6975,1,4.8703999999997905,BACKFILL_AUTO
2026-04-15 13:22:28,1776259348,R_75,32405.3381,-1,9.35939999999755,BACKFILL_AUTO
2026-04-15 13:22:30,1776259350,R_75,32398.78,-1,6.558100000002014,BACKFILL_AUTO
2026-04-15 13:22:32,1776259352,R_75,32394.0027,-1,4.777299999997922,BACKFILL_AUTO
2026-04-15 13:22:34,1776259354,R_75,32398.1659,1,4.163199999999051,BACKFILL_AUTO
2026-04-15 13:22:36,1776259356,R_75,32394.7395,-1,3.426400000000285,BACKFILL_AUTO
2026-04-15 13:22:38,1776259358,R_75,32399.3078,1,4.568299999998999,BACKFILL_AUTO
2026-04-15 13:22:40,1776259360,R_75,32393.6126,-1,5.6951999999982945,BACKFILL_AUTO
2026-04-15 13:22:42,1776259362,R_75,32391.4063,-1,2.2063000000016473,BACKFILL_AUTO
2026-04-15 13:22:44,1776259364,R_75,32397.6543,1,6.2479999999995925,BACKFILL_AUTO
2026-04-15 13:22:46,1776259366,R_75,32399.085,1,1.4307000000007974,BACKFILL_AUTO
2026-04-15 13:22:48,1776259368,R_75,32403.4609,1,4.375899999999092,BACKFILL_AUTO
2026-04-15 13:22:50,1776259370,R_75,32407.5134,1,4.052500000001601,BACKFILL_AUTO
2026-04-15 13:22:52,1776259372,R_75,32406.0898,-1,1.4235999999982596,BACKFILL_AUTO
2026-04-15 13:22:54,1776259374,R_75,32405.8861,-1,0.20370000000184518,BACKFILL_AUTO
2026-04-15 13:22:56,1776259376,R_75,32416.2683,1,10.382200000000012,BACKFILL_AUTO
2026-04-15 13:22:58,1776259378,R_75,32412.0973,-1,4.1709999999984575,BACKFILL_AUTO
2026-04-15 13:23:00,1776259380,R_75,32413.0126,1,0.9152999999969325,BACKFILL_AUTO
2026-04-15 13:23:02,1776259382,R_75,32407.9463,-1,5.066299999998591,BACKFILL_AUTO
2026-04-15 13:23:04,1776259384,R_75,32408.4411,1,0.4948000000003958,BACKFILL_AUTO
2026-04-15 13:23:06,1776259386,R_75,32416.5752,1,8.134099999999307,BACKFILL_AUTO
2026-04-15 13:23:08,1776259388,R_75,32416.2469,-1,0.3283000000010361,BACKFILL_AUTO
2026-04-15 13:23:10,1776259390,R_75,32423.3578,1,7.110900000003312,BACKFILL_AUTO
2026-04-15 13:23:12,1776259392,R_75,32413.2811,-1,10.076700000001438,BACKFILL_AUTO
2026-04-15 13:23:14,1776259394,R_75,32415.1197,1,1.8385999999991327,BACKFILL_AUTO
2026-04-15 13:23:16,1776259396,R_75,32411.3513,-1,3.768400000000838,BACKFILL_AUTO
2026-04-15 13:23:18,1776259398,R_75,32404.5209,-1,6.830399999998917,BACKFILL_AUTO
2026-04-15 13:23:20,1776259400,R_75,32405.0477,1,0.5267999999996391,BACKFILL_AUTO
2026-04-15 13:23:22,1776259402,R_75,32411.6918,1,6.644100000001345,BACKFILL_AUTO
2026-04-15 13:23:24,1776259404,R_75,32421.0459,1,9.354100000000471,BACKFILL_AUTO
2026-04-15 13:23:26,1776259406,R_75,32420.3946,-1,0.6513000000013562,BACKFILL_AUTO
2026-04-15 13:23:28,1776259408,R_75,32416.0642,-1,4.330399999998917,BACKFILL_AUTO
2026-04-15 13:23:30,1776259410,R_75,32420.3319,1,4.267700000000332,BACKFILL_AUTO
2026-04-15 13:23:32,1776259412,R_75,32420.6829,1,0.35099999999874854,BACKFILL_AUTO
2026-04-15 13:23:34,1776259414,R_75,32418.6118,-1,2.0711000000010245,BACKFILL_AUTO
2026-04-15 13:23:36,1776259416,R_75,32408.9568,-1,9.654999999998836,BACKFILL_AUTO
2026-04-15 13:23:38,1776259418,R_75,32413.8854,1,4.928599999999278,BACKFILL_AUTO
2026-04-15 13:23:40,1776259420,R_75,32419.4673,1,5.581900000001042,BACKFILL_AUTO
2026-04-15 13:23:42,1776259422,R_75,32412.9682,-1,6.499100000000908,BACKFILL_AUTO
2026-04-15 13:23:44,1776259424,R_75,32418.0518,1,5.083600000001752,BACKFILL_AUTO
2026-04-15 13:23:46,1776259426,R_75,32412.402,-1,5.64980000000287,BACKFILL_AUTO
2026-04-15 13:23:48,1776259428,R_75,32417.326,1,4.924000000002707,BACKFILL_AUTO
2026-04-15 13:23:50,1776259430,R_75,32411.641,-1,5.68500000000131,BACKFILL_AUTO
2026-04-15 13:23:52,1776259432,R_75,32417.6578,1,6.01680000000124,BACKFILL_AUTO
2026-04-15 13:23:54,1776259434,R_75,32422.2643,1,4.60649999999805,BACKFILL_AUTO
2026-04-15 13:23:56,1776259436,R_75,32418.8904,-1,3.3738999999986845,BACKFILL_AUTO
2026-04-15 13:23:58,1776259438,R_75,32408.0748,-1,10.815600000001723,BACKFILL_AUTO
2026-04-15 13:24:00,1776259440,R_75,32401.4107,-1,6.664099999998143,BACKFILL_AUTO
2026-04-15 13:24:02,1776259442,R_75,32401.9874,1,0.5767000000014377,BACKFILL_AUTO
2026-04-15 13:24:04,1776259444,R_75,32399.9165,-1,2.070900000002439,BACKFILL_AUTO
2026-04-15 13:24:06,1776259446,R_75,32402.9372,1,3.020700000000943,BACKFILL_AUTO
2026-04-15 13:24:08,1776259448,R_75,32402.6878,-1,0.24940000000060536,BACKFILL_AUTO
2026-04-15 13:24:10,1776259450,R_75,32401.2686,-1,1.4192000000002736,BACKFILL_AUTO
2026-04-15 13:24:12,1776259452,R_75,32391.0625,-1,10.206099999999424,BACKFILL_AUTO
2026-04-15 13:24:14,1776259454,R_75,32394.7406,1,3.6781000000009954,BACKFILL_AUTO
2026-04-15 13:24:16,1776259456,R_75,32384.8759,-1,9.864700000001903,BACKFILL_AUTO
2026-04-15 13:24:18,1776259458,R_75,32376.5455,-1,8.330399999998917,BACKFILL_AUTO
2026-04-15 13:24:20,1776259460,R_75,32380.5192,1,3.9736999999986438,BACKFILL_AUTO
2026-04-15 13:24:22,1776259462,R_75,32384.18,1,3.6608000000014727,BACKFILL_AUTO
2026-04-15 13:24:24,1776259464,R_75,32387.171,1,2.9909999999981665,BACKFILL_AUTO
2026-04-15 13:24:26,1776259466,R_75,32399.5757,1,12.404700000002777,BACKFILL_AUTO
2026-04-15 13:24:28,1776259468,R_75,32411.3358,1,11.760099999999511,BACKFILL_AUTO
2026-04-15 13:24:30,1776259470,R_75,32401.6514,-1,9.684400000001915,BACKFILL_AUTO
2026-04-15 13:24:32,1776259472,R_75,32396.5497,-1,5.101699999999255,BACKFILL_AUTO
2026-04-15 13:24:34,1776259474,R_75,32396.0961,-1,0.4536000000007334,BACKFILL_AUTO
2026-04-15 13:24:36,1776259476,R_75,32389.9656,-1,6.1304999999993015,BACKFILL_AUTO
2026-04-15 13:24:38,1776259478,R_75,32385.5331,-1,4.432499999998981,BACKFILL_AUTO
2026-04-15 13:24:40,1776259480,R_75,32381.2235,-1,4.309600000000501,BACKFILL_AUTO
2026-04-15 13:24:42,1776259482,R_75,32379.4844,-1,1.7390999999988708,BACKFILL_AUTO
2026-04-15 13:24:44,1776259484,R_75,32380.3193,1,0.8348999999980151,BACKFILL_AUTO
2026-04-15 13:24:46,1776259486,R_75,32377.0982,-1,3.2210999999988417,BACKFILL_AUTO
2026-04-15 13:24:48,1776259488,R_75,32376.6744,-1,0.4238000000004831,BACKFILL_AUTO
2026-04-15 13:24:50,1776259490,R_75,32372.1512,-1,4.523199999999633,BACKFILL_AUTO
2026-04-15 13:24:52,1776259492,R_75,32376.7776,1,4.626400000001013,BACKFILL_AUTO
2026-04-15 13:24:54,1776259494,R_75,32392.9949,1,16.21730000000025,BACKFILL_AUTO
2026-04-15 13:24:56,1776259496,R_75,32392.546,-1,0.4489000000030501,BACKFILL_AUTO
2026-04-15 13:24:58,1776259498,R_75,32391.5167,-1,1.0292999999983294,BACKFILL_AUTO
2026-04-15 13:25:00,1776259500,R_75,32393.8018,1,2.2851000000009662,BACKFILL_AUTO
2026-04-15 13:25:02,1776259502,R_75,32394.2761,1,0.4742999999980384,BACKFILL_AUTO
2026-04-15 13:25:04,1776259504,R_75,32390.5089,-1,3.767199999998411,BACKFILL_AUTO
2026-04-15 13:25:06,1776259506,R_75,32384.5522,-1,5.956700000002456,BACKFILL_AUTO
2026-04-15 13:25:08,1776259508,R_75,32380.7678,-1,3.784399999996822,BACKFILL_AUTO
2026-04-15 13:25:10,1776259510,R_75,32378.8148,-1,1.9530000000013388,BACKFILL_AUTO
2026-04-15 13:25:12,1776259512,R_75,32379.8506,1,1.0358000000014727,BACKFILL_AUTO
2026-04-15 13:25:14,1776259514,R_75,32390.1974,1,10.346799999999348,BACKFILL_AUTO
2026-04-15 13:25:16,1776259516,R_75,32386.3496,-1,3.847799999999552,BACKFILL_AUTO
2026-04-15 13:25:18,1776259518,R_75,32382.455,-1,3.8945999999996275,BACKFILL_AUTO
2026-04-15 13:25:20,1776259520,R_75,32387.9164,1,5.461399999996502,BACKFILL_AUTO
2026-04-15 13:25:22,1776259522,R_75,32380.0287,-1,7.887699999999313,BACKFILL_AUTO
2026-04-15 13:25:24,1776259524,R_75,32379.4582,-1,0.5704999999979918,BACKFILL_AUTO
2026-04-15 13:25:26,1776259526,R_75,32378.8917,-1,0.5665000000008149,BACKFILL_AUTO
2026-04-15 13:25:28,1776259528,R_75,32371.2786,-1,7.613099999998667,BACKFILL_AUTO
2026-04-15 13:25:30,1776259530,R_75,32370.3104,-1,0.9682000000029802,BACKFILL_AUTO
2026-04-15 13:25:32,1776259532,R_75,32359.4291,-1,10.881299999997282,BACKFILL_AUTO
2026-04-15 13:25:34,1776259534,R_75,32362.1571,1,2.727999999999156,BACKFILL_AUTO
2026-04-15 13:25:36,1776259536,R_75,32364.5648,1,2.4076999999997497,BACKFILL_AUTO
2026-04-15 13:25:38,1776259538,R_75,32367.9898,1,3.4249999999992724,BACKFILL_AUTO
2026-04-15 13:25:40,1776259540,R_75,32363.0666,-1,4.9232000000010885,BACKFILL_AUTO
2026-04-15 13:25:42,1776259542,R_75,32370.5419,1,7.47530000000188,BACKFILL_AUTO
2026-04-15 13:25:44,1776259544,R_75,32365.8587,-1,4.683199999999488,BACKFILL_AUTO
2026-04-15 13:25:46,1776259546,R_75,32363.5111,-1,2.3476000000009662,BACKFILL_AUTO
2026-04-15 13:25:48,1776259548,R_75,32365.1619,1,1.6507999999994354,BACKFILL_AUTO
2026-04-15 13:25:50,1776259550,R_75,32363.2547,-1,1.9071999999978289,BACKFILL_AUTO
2026-04-15 13:25:52,1776259552,R_75,32365.7284,1,2.4736999999986438,BACKFILL_AUTO
2026-04-15 13:25:54,1776259554,R_75,32360.4375,-1,5.290899999999965,BACKFILL_AUTO
2026-04-15 13:25:56,1776259556,R_75,32349.3673,-1,11.070199999998295,BACKFILL_AUTO
2026-04-15 13:25:58,1776259558,R_75,32351.2417,1,1.8743999999969674,BACKFILL_AUTO
2026-04-15 13:26:00,1776259560,R_75,32358.7543,1,7.512600000001839,BACKFILL_AUTO
2026-04-15 13:26:02,1776259562,R_75,32360.3307,1,1.5763999999981024,BACKFILL_AUTO
2026-04-15 13:26:04,1776259564,R_75,32362.0511,1,1.7204000000019732,BACKFILL_AUTO
2026-04-15 13:26:06,1776259566,R_75,32372.6218,1,10.570700000000215,BACKFILL_AUTO
2026-04-15 13:26:08,1776259568,R_75,32374.2681,1,1.6463000000003376,BACKFILL_AUTO
2026-04-15 13:26:10,1776259570,R_75,32375.1301,1,0.8619999999973516,BACKFILL_AUTO
2026-04-15 13:26:12,1776259572,R_75,32368.6047,-1,6.525399999998626,BACKFILL_AUTO
2026-04-15 13:26:14,1776259574,R_75,32382.3706,1,13.76589999999851,BACKFILL_AUTO
2026-04-15 13:26:16,1776259576,R_75,32383.2375,1,0.8669000000008964,BACKFILL_AUTO
2026-04-15 13:26:18,1776259578,R_75,32371.6555,-1,11.581999999998516,BACKFILL_AUTO
2026-04-15 13:26:20,1776259580,R_75,32381.7128,1,10.057300000000396,BACKFILL_AUTO
2026-04-15 13:26:22,1776259582,R_75,32377.1169,-1,4.595900000000256,BACKFILL_AUTO
2026-04-15 13:26:24,1776259584,R_75,32374.5863,-1,2.5306000000018685,BACKFILL_AUTO
2026-04-15 13:26:26,1776259586,R_75,32381.8801,1,7.2937999999994645,BACKFILL_AUTO
2026-04-15 13:26:28,1776259588,R_75,32373.5066,-1,8.373499999997875,BACKFILL_AUTO
2026-04-15 13:26:30,1776259590,R_75,32366.3659,-1,7.140699999999924,BACKFILL_AUTO
2026-04-15 13:26:32,1776259592,R_75,32364.6618,-1,1.7040999999990163,BACKFILL_AUTO
2026-04-15 13:26:34,1776259594,R_75,32356.5612,-1,8.100600000001577,BACKFILL_AUTO
2026-04-15 13:26:36,1776259596,R_75,32352.4337,-1,4.12749999999869,BACKFILL_AUTO
2026-04-15 13:26:38,1776259598,R_75,32358.9532,1,6.519499999998516,BACKFILL_AUTO
2026-04-15 13:26:40,1776259600,R_75,32360.9234,1,1.9701999999997497,BACKFILL_AUTO
2026-04-15 13:26:42,1776259602,R_75,32359.2905,-1,1.632900000000518,BACKFILL_AUTO
2026-04-15 13:26:44,1776259604,R_75,32357.5779,-1,1.712599999998929,BACKFILL_AUTO
2026-04-15 13:26:46,1776259606,R_75,32362.5178,1,4.9399000000012165,BACKFILL_AUTO
2026-04-15 13:26:48,1776259608,R_75,32351.6058,-1,10.912000000000262,BACKFILL_AUTO
2026-04-15 13:26:50,1776259610,R_75,32350.9826,-1,0.6232000000018161,BACKFILL_AUTO
2026-04-15 13:26:52,1776259612,R_75,32357.4258,1,6.443200000001525,BACKFILL_AUTO
2026-04-15 13:26:54,1776259614,R_75,32370.5337,1,13.107899999999063,BACKFILL_AUTO
2026-04-15 13:26:56,1776259616,R_75,32361.9635,-1,8.570199999998295,BACKFILL_AUTO
2026-04-15 13:26:58,1776259618,R_75,32380.2247,1,18.26119999999719,BACKFILL_AUTO
2026-04-15 13:27:00,1776259620,R_75,32372.0039,-1,8.220799999999144,BACKFILL_AUTO
2026-04-15 13:27:02,1776259622,R_75,32372.5694,1,0.5655000000006112,BACKFILL_AUTO
2026-04-15 13:27:04,1776259624,R_75,32357.7859,-1,14.783500000001368,BACKFILL_AUTO
2026-04-15 13:27:06,1776259626,R_75,32358.0182,1,0.23229999999966822,BACKFILL_AUTO
2026-04-15 13:27:08,1776259628,R_75,32357.7639,-1,0.25429999999687425,BACKFILL_AUTO
2026-04-15 13:27:10,1776259630,R_75,32358.3584,1,0.5944999999992433,BACKFILL_AUTO
2026-04-15 13:27:12,1776259632,R_75,32342.5481,-1,15.810300000001007,BACKFILL_AUTO
2026-04-15 13:27:14,1776259634,R_75,32352.9685,1,10.420399999999063,BACKFILL_AUTO
2026-04-15 13:27:16,1776259636,R_75,32348.3091,-1,4.65940000000046,BACKFILL_AUTO
2026-04-15 13:27:18,1776259638,R_75,32353.2299,1,4.920799999999872,BACKFILL_AUTO
2026-04-15 13:27:20,1776259640,R_75,32352.5243,-1,0.7055999999975029,BACKFILL_AUTO
2026-04-15 13:27:22,1776259642,R_75,32351.1646,-1,1.3597000000008848,BACKFILL_AUTO
2026-04-15 13:27:24,1776259644,R_75,32360.5384,1,9.37380000000121,BACKFILL_AUTO
2026-04-15 13:27:26,1776259646,R_75,32360.4542,-1,0.08420000000114669,BACKFILL_AUTO
2026-04-15 13:27:28,1776259648,R_75,32367.7262,1,7.272000000000844,BACKFILL_AUTO
2026-04-15 13:27:30,1776259650,R_75,32372.4549,1,4.728699999999662,BACKFILL_AUTO
2026-04-15 13:27:32,1776259652,R_75,32362.0095,-1,10.445400000000518,BACKFILL_AUTO
2026-04-15 13:27:34,1776259654,R_75,32377.2678,1,15.258300000001327,BACKFILL_AUTO
2026-04-15 13:27:36,1776259656,R_75,32375.5639,-1,1.7039000000004307,BACKFILL_AUTO
2026-04-15 13:27:38,1776259658,R_75,32372.1426,-1,3.421300000001793,BACKFILL_AUTO
2026-04-15 13:27:40,1776259660,R_75,32372.4564,1,0.31379999999990105,BACKFILL_AUTO
2026-04-15 13:27:42,1776259662,R_75,32378.0878,1,5.6314000000020314,BACKFILL_AUTO
2026-04-15 13:27:44,1776259664,R_75,32380.2625,1,2.174699999999575,BACKFILL_AUTO
2026-04-15 13:27:46,1776259666,R_75,32393.5057,1,13.243200000000797,BACKFILL_AUTO
2026-04-15 13:27:48,1776259668,R_75,32393.4615,-1,0.044200000000273576,BACKFILL_AUTO
2026-04-15 13:27:50,1776259670,R_75,32389.7455,-1,3.7160000000003492,BACKFILL_AUTO
2026-04-15 13:27:52,1776259672,R_75,32382.5756,-1,7.16990000000078,BACKFILL_AUTO
2026-04-15 13:27:54,1776259674,R_75,32381.4801,-1,1.095499999999447,BACKFILL_AUTO
2026-04-15 13:27:56,1776259676,R_75,32379.2173,-1,2.262800000000425,BACKFILL_AUTO
2026-04-15 13:27:58,1776259678,R_75,32380.2708,1,1.0534999999981665,BACKFILL_AUTO
2026-04-15 13:28:00,1776259680,R_75,32373.7368,-1,6.533999999999651,BACKFILL_AUTO
2026-04-15 13:28:02,1776259682,R_75,32366.6164,-1,7.1203999999997905,BACKFILL_AUTO
2026-04-15 13:28:04,1776259684,R_75,32369.9574,1,3.3410000000003492,BACKFILL_AUTO
2026-04-15 13:28:06,1776259686,R_75,32371.2441,1,1.2867000000005646,BACKFILL_AUTO
2026-04-15 13:28:08,1776259688,R_75,32368.9984,-1,2.2456999999994878,BACKFILL_AUTO
2026-04-15 13:28:10,1776259690,R_75,32378.9621,1,9.963700000000244,BACKFILL_AUTO
2026-04-15 13:28:12,1776259692,R_75,32372.045,-1,6.917100000002392,BACKFILL_AUTO
2026-04-15 13:28:14,1776259694,R_75,32368.5426,-1,3.5023999999975786,BACKFILL_AUTO
2026-04-15 13:28:16,1776259696,R_75,32369.5395,1,0.996899999998277,BACKFILL_AUTO
2026-04-15 13:28:18,1776259698,R_75,32376.3763,1,6.836800000000949,BACKFILL_AUTO
2026-04-15 13:28:20,1776259700,R_75,32376.7207,1,0.3444000000017695,BACKFILL_AUTO
2026-04-15 13:28:22,1776259702,R_75,32375.8933,-1,0.8274000000019441,BACKFILL_AUTO
2026-04-15 13:28:24,1776259704,R_75,32375.8765,-1,0.016800000001239823,BACKFILL_AUTO
2026-04-15 13:28:26,1776259706,R_75,32375.6309,-1,0.245599999998376,BACKFILL_AUTO
2026-04-15 13:28:28,1776259708,R_75,32376.4097,1,0.7788000000000466,BACKFILL_AUTO
2026-04-15 13:28:30,1776259710,R_75,32378.2504,1,1.840700000000652,BACKFILL_AUTO
2026-04-15 13:28:32,1776259712,R_75,32380.1908,1,1.9403999999994994,BACKFILL_AUTO
2026-04-15 13:28:34,1776259714,R_75,32388.0387,1,7.847900000000664,BACKFILL_AUTO
2026-04-15 13:28:36,1776259716,R_75,32393.298,1,5.259299999997893,BACKFILL_AUTO
2026-04-15 13:28:38,1776259718,R_75,32388.5737,-1,4.724299999998038,BACKFILL_AUTO
2026-04-15 13:28:40,1776259720,R_75,32378.2042,-1,10.369500000000698,BACKFILL_AUTO
2026-04-15 13:28:42,1776259722,R_75,32374.7511,-1,3.4530999999988126,BACKFILL_AUTO
2026-04-15 13:28:44,1776259724,R_75,32367.5005,-1,7.250600000003033,BACKFILL_AUTO
2026-04-15 13:28:46,1776259726,R_75,32379.6204,1,12.119900000001508,BACKFILL_AUTO
2026-04-15 13:28:48,1776259728,R_75,32381.539,1,1.918600000000879,BACKFILL_AUTO
2026-04-15 13:28:50,1776259730,R_75,32381.7771,1,0.23809999999866704,BACKFILL_AUTO
2026-04-15 13:28:52,1776259732,R_75,32375.9475,-1,5.829600000000937,BACKFILL_AUTO
2026-04-15 13:28:54,1776259734,R_75,32373.5245,-1,2.422999999998865,BACKFILL_AUTO
2026-04-15 13:28:56,1776259736,R_75,32372.4145,-1,1.110000000000582,BACKFILL_AUTO
2026-04-15 13:28:58,1776259738,R_75,32361.7053,-1,10.709199999997509,BACKFILL_AUTO
2026-04-15 13:29:00,1776259740,R_75,32368.9646,1,7.259299999997893,BACKFILL_AUTO
2026-04-15 13:29:02,1776259742,R_75,32377.3195,1,8.35490000000209,BACKFILL_AUTO
2026-04-15 13:29:04,1776259744,R_75,32383.4271,1,6.1075999999993655,BACKFILL_AUTO
2026-04-15 13:29:06,1776259746,R_75,32389.6728,1,6.245699999999488,BACKFILL_AUTO
2026-04-15 13:29:08,1776259748,R_75,32394.3239,1,4.651099999999133,BACKFILL_AUTO
2026-04-15 13:29:10,1776259750,R_75,32398.6074,1,4.283500000001368,BACKFILL_AUTO
2026-04-15 13:29:12,1776259752,R_75,32384.9553,-1,13.652099999999336,BACKFILL_AUTO
2026-04-15 13:29:14,1776259754,R_75,32386.0869,1,1.131599999996979,BACKFILL_AUTO
2026-04-15 13:29:16,1776259756,R_75,32393.2956,1,7.208700000002864,BACKFILL_AUTO
2026-04-15 13:29:18,1776259758,R_75,32390.7985,-1,2.4971000000005006,BACKFILL_AUTO
2026-04-15 13:29:20,1776259760,R_75,32397.7252,1,6.9266999999999825,BACKFILL_AUTO
2026-04-15 13:29:22,1776259762,R_75,32394.0827,-1,3.6425000000017462,BACKFILL_AUTO
2026-04-15 13:29:24,1776259764,R_75,32398.0445,1,3.961800000000949,BACKFILL_AUTO
2026-04-15 13:29:26,1776259766,R_75,32400.2854,1,2.2409000000006927,BACKFILL_AUTO
2026-04-15 13:29:28,1776259768,R_75,32407.6229,1,7.337499999997817,BACKFILL_AUTO
2026-04-15 13:29:30,1776259770,R_75,32404.9162,-1,2.7066999999988184,BACKFILL_AUTO
2026-04-15 13:29:32,1776259772,R_75,32403.9627,-1,0.9534999999996217,BACKFILL_AUTO
2026-04-15 13:29:34,1776259774,R_75,32401.9849,-1,1.9778000000005704,BACKFILL_AUTO
2026-04-15 13:29:36,1776259776,R_75,32411.9227,1,9.937799999999697,BACKFILL_AUTO
2026-04-15 13:29:38,1776259778,R_75,32410.2938,-1,1.6288999999997031,BACKFILL_AUTO
2026-04-15 13:29:40,1776259780,R_75,32410.3874,1,0.09360000000015134,BACKFILL_AUTO
2026-04-15 13:29:42,1776259782,R_75,32413.3185,1,2.9311000000016065,BACKFILL_AUTO
2026-04-15 13:29:44,1776259784,R_75,32414.5149,1,1.1963999999970838,BACKFILL_AUTO
2026-04-15 13:29:46,1776259786,R_75,32417.8843,1,3.3694000000032247,BACKFILL_AUTO
2026-04-15 13:29:48,1776259788,R_75,32411.0053,-1,6.879000000000815,BACKFILL_AUTO
2026-04-15 13:29:50,1776259790,R_75,32407.4247,-1,3.580600000001141,BACKFILL_AUTO
2026-04-15 13:29:52,1776259792,R_75,32411.5066,1,4.081900000001042,BACKFILL_AUTO
2026-04-15 13:29:54,1776259794,R_75,32412.6883,1,1.1817000000010012,BACKFILL_AUTO
2026-04-15 13:29:56,1776259796,R_75,32413.6769,1,0.9885999999969499,BACKFILL_AUTO
2026-04-15 13:29:58,1776259798,R_75,32419.9316,1,6.254700000001321,BACKFILL_AUTO
2026-04-15 13:30:00,1776259800,R_75,32421.783,1,1.8513999999995576,BACKFILL_AUTO
2026-04-15 13:30:02,1776259802,R_75,32416.7231,-1,5.059900000000198,BACKFILL_AUTO
2026-04-15 13:30:04,1776259804,R_75,32419.7406,1,3.0175000000017462,BACKFILL_AUTO
2026-04-15 13:30:06,1776259806,R_75,32405.4374,-1,14.303200000002107,BACKFILL_AUTO
2026-04-15 13:30:08,1776259808,R_75,32415.2336,1,9.796200000000681,BACKFILL_AUTO
2026-04-15 13:30:10,1776259810,R_75,32416.4018,1,1.1682000000000698,BACKFILL_AUTO
2026-04-15 13:30:12,1776259812,R_75,32420.2835,1,3.8817000000017288,BACKFILL_AUTO
2026-04-15 13:30:14,1776259814,R_75,32419.894,-1,0.38950000000113505,BACKFILL_AUTO
2026-04-15 13:30:16,1776259816,R_75,32431.5273,1,11.633300000001327,BACKFILL_AUTO
2026-04-15 13:30:18,1776259818,R_75,32427.2803,-1,4.247000000003027,BACKFILL_AUTO
2026-04-15 13:30:20,1776259820,R_75,32422.1889,-1,5.09139999999752,BACKFILL_AUTO
2026-04-15 13:30:22,1776259822,R_75,32411.3317,-1,10.857200000002194,BACKFILL_AUTO
2026-04-15 13:30:24,1776259824,R_75,32415.667,1,4.335300000002462,BACKFILL_AUTO
2026-04-15 13:30:26,1776259826,R_75,32418.1188,1,2.4517999999989115,BACKFILL_AUTO
2026-04-15 13:30:28,1776259828,R_75,32418.7603,1,0.6415000000015425,BACKFILL_AUTO
2026-04-15 13:30:30,1776259830,R_75,32408.143,-1,10.617300000001705,BACKFILL_AUTO
2026-04-15 13:30:32,1776259832,R_75,32403.4082,-1,4.7347999999983585,BACKFILL_AUTO
2026-04-15 13:30:34,1776259834,R_75,32396.5225,-1,6.885700000002544,BACKFILL_AUTO
2026-04-15 13:30:36,1776259836,R_75,32399.3563,1,2.8338000000003376,BACKFILL_AUTO
2026-04-15 13:30:38,1776259838,R_75,32404.8207,1,5.464400000000751,BACKFILL_AUTO
2026-04-15 13:30:40,1776259840,R_75,32409.2934,1,4.47269999999844,BACKFILL_AUTO
2026-04-15 13:30:42,1776259842,R_75,32405.8102,-1,3.48319999999876,BACKFILL_AUTO
2026-04-15 13:30:44,1776259844,R_75,32400.5768,-1,5.233400000000984,BACKFILL_AUTO
2026-04-15 13:30:46,1776259846,R_75,32394.4282,-1,6.148600000000442,BACKFILL_AUTO
2026-04-15 13:30:48,1776259848,R_75,32388.9228,-1,5.50539999999819,BACKFILL_AUTO
2026-04-15 13:30:50,1776259850,R_75,32391.4876,1,2.5648000000001048,BACKFILL_AUTO
2026-04-15 13:30:52,1776259852,R_75,32393.8519,1,2.3643000000010943,BACKFILL_AUTO
2026-04-15 13:30:54,1776259854,R_75,32386.3743,-1,7.477600000001985,BACKFILL_AUTO
2026-04-15 13:30:56,1776259856,R_75,32391.3727,1,4.998400000000402,BACKFILL_AUTO
2026-04-15 13:30:58,1776259858,R_75,32394.5806,1,3.2079000000012456,BACKFILL_AUTO
2026-04-15 13:31:00,1776259860,R_75,32394.1794,-1,0.40120000000024447,BACKFILL_AUTO
2026-04-15 13:31:02,1776259862,R_75,32393.9657,-1,0.21370000000024447,BACKFILL_AUTO
2026-04-15 13:31:04,1776259864,R_75,32373.9967,-1,19.96900000000096,BACKFILL_AUTO
2026-04-15 13:31:06,1776259866,R_75,32376.5586,1,2.5619000000006054,BACKFILL_AUTO
2026-04-15 13:31:08,1776259868,R_75,32390.7216,1,14.163000000000466,BACKFILL_AUTO
2026-04-15 13:31:10,1776259870,R_75,32384.7774,-1,5.944200000001729,BACKFILL_AUTO
2026-04-15 13:31:12,1776259872,R_75,32385.586,1,0.8086000000002969,BACKFILL_AUTO
2026-04-15 13:31:14,1776259874,R_75,32387.0127,1,1.4266999999999825,BACKFILL_AUTO
2026-04-15 13:31:16,1776259876,R_75,32389.3392,1,2.326499999999214,BACKFILL_AUTO
2026-04-15 13:31:18,1776259878,R_75,32395.2864,1,5.94720000000234,BACKFILL_AUTO
2026-04-15 13:31:20,1776259880,R_75,32397.1216,1,1.8351999999977124,BACKFILL_AUTO
2026-04-15 13:31:22,1776259882,R_75,32397.0061,-1,0.11549999999988358,BACKFILL_AUTO
2026-04-15 13:31:24,1776259884,R_75,32406.0743,1,9.068200000001525,BACKFILL_AUTO
2026-04-15 13:31:26,1776259886,R_75,32416.979,1,10.904699999999139,BACKFILL_AUTO
2026-04-15 13:31:28,1776259888,R_75,32423.1439,1,6.164899999999761,BACKFILL_AUTO
2026-04-15 13:31:30,1776259890,R_75,32420.0496,-1,3.0943000000006577,BACKFILL_AUTO
2026-04-15 13:31:32,1776259892,R_75,32440.98,1,20.9304000000011,BACKFILL_AUTO
2026-04-15 13:31:34,1776259894,R_75,32444.6744,1,3.6944000000003143,BACKFILL_AUTO
2026-04-15 13:31:36,1776259896,R_75,32446.3041,1,1.6297000000013213,BACKFILL_AUTO
2026-04-15 13:31:38,1776259898,R_75,32442.2101,-1,4.09400000000096,BACKFILL_AUTO
2026-04-15 13:31:40,1776259900,R_75,32444.0061,1,1.7959999999984575,BACKFILL_AUTO
2026-04-15 13:31:42,1776259902,R_75,32448.351,1,4.344900000000052,BACKFILL_AUTO
2026-04-15 13:31:44,1776259904,R_75,32447.1212,-1,1.22979999999734,BACKFILL_AUTO
2026-04-15 13:31:46,1776259906,R_75,32452.2786,1,5.157400000000052,BACKFILL_AUTO
2026-04-15 13:31:48,1776259908,R_75,32451.1049,-1,1.1737000000030093,BACKFILL_AUTO
2026-04-15 13:31:50,1776259910,R_75,32452.4641,1,1.3592000000026019,BACKFILL_AUTO
2026-04-15 13:31:52,1776259912,R_75,32453.3146,1,0.8505000000004657,BACKFILL_AUTO
2026-04-15 13:31:54,1776259914,R_75,32447.7286,-1,5.586000000002969,BACKFILL_AUTO
2026-04-15 13:31:56,1776259916,R_75,32438.7192,-1,9.009399999999005,BACKFILL_AUTO
2026-04-15 13:31:58,1776259918,R_75,32437.2344,-1,1.4847999999983585,BACKFILL_AUTO
2026-04-15 13:32:00,1776259920,R_75,32437.4559,1,0.22149999999965075,BACKFILL_AUTO
2026-04-15 13:32:02,1776259922,R_75,32434.7795,-1,2.676400000000285,BACKFILL_AUTO
2026-04-15 13:32:04,1776259924,R_75,32441.4321,1,6.652600000001257,BACKFILL_AUTO
2026-04-15 13:32:06,1776259926,R_75,32446.7971,1,5.364999999997963,BACKFILL_AUTO
2026-04-15 13:32:08,1776259928,R_75,32439.8247,-1,6.972399999998743,BACKFILL_AUTO
2026-04-15 13:32:10,1776259930,R_75,32436.4112,-1,3.4135000000023865,BACKFILL_AUTO
2026-04-15 13:32:12,1776259932,R_75,32434.8426,-1,1.5685999999986961,BACKFILL_AUTO
2026-04-15 13:32:14,1776259934,R_75,32448.0186,1,13.175999999999476,BACKFILL_AUTO
2026-04-15 13:32:16,1776259936,R_75,32456.7554,1,8.736799999998766,BACKFILL_AUTO
2026-04-15 13:32:18,1776259938,R_75,32472.0127,1,15.257300000001123,BACKFILL_AUTO
2026-04-15 13:32:20,1776259940,R_75,32464.3162,-1,7.696499999998196,BACKFILL_AUTO
2026-04-15 13:32:22,1776259942,R_75,32463.9561,-1,0.36010000000169384,BACKFILL_AUTO
2026-04-15 13:32:24,1776259944,R_75,32464.6782,1,0.7220999999990454,BACKFILL_AUTO
2026-04-15 13:32:26,1776259946,R_75,32471.2622,1,6.584000000002561,BACKFILL_AUTO
2026-04-15 13:32:28,1776259948,R_75,32470.8524,-1,0.4098000000012689,BACKFILL_AUTO
2026-04-15 13:32:30,1776259950,R_75,32464.0,-1,6.852399999999761,BACKFILL_AUTO
2026-04-15 13:32:32,1776259952,R_75,32458.5803,-1,5.4196999999985565,BACKFILL_AUTO
2026-04-15 13:32:34,1776259954,R_75,32459.3413,1,0.760999999998603,BACKFILL_AUTO
2026-04-15 13:32:36,1776259956,R_75,32462.5857,1,3.2443999999995867,BACKFILL_AUTO
2026-04-15 13:32:38,1776259958,R_75,32457.4925,-1,5.093199999999342,BACKFILL_AUTO
2026-04-15 13:32:40,1776259960,R_75,32456.1079,-1,1.3846000000012282,BACKFILL_AUTO
2026-04-15 13:32:42,1776259962,R_75,32464.4291,1,8.321200000002136,BACKFILL_AUTO
2026-04-15 13:32:44,1776259964,R_75,32469.5584,1,5.129300000000512,BACKFILL_AUTO
2026-04-15 13:32:46,1776259966,R_75,32471.4879,1,1.9294999999983702,BACKFILL_AUTO
2026-04-15 13:32:48,1776259968,R_75,32480.1164,1,8.628499999998894,BACKFILL_AUTO
2026-04-15 13:32:50,1776259970,R_75,32471.7161,-1,8.400299999997515,BACKFILL_AUTO
2026-04-15 13:32:52,1776259972,R_75,32464.8886,-1,6.827500000003056,BACKFILL_AUTO
2026-04-15 13:32:54,1776259974,R_75,32469.2363,1,4.347700000002078,BACKFILL_AUTO
2026-04-15 13:32:56,1776259976,R_75,32465.7703,-1,3.4660000000003492,BACKFILL_AUTO
2026-04-15 13:32:58,1776259978,R_75,32470.787,1,5.016700000000128,BACKFILL_AUTO
2026-04-15 13:33:00,1776259980,R_75,32477.0194,1,6.23240000000078,BACKFILL_AUTO
2026-04-15 13:33:02,1776259982,R_75,32482.2961,1,5.276699999998527,BACKFILL_AUTO
2026-04-15 13:33:04,1776259984,R_75,32477.5024,-1,4.793699999998353,BACKFILL_AUTO
2026-04-15 13:33:06,1776259986,R_75,32482.7945,1,5.292099999998754,BACKFILL_AUTO
2026-04-15 13:33:08,1776259988,R_75,32488.6247,1,5.830200000000332,BACKFILL_AUTO
2026-04-15 13:33:10,1776259990,R_75,32485.8441,-1,2.7806000000018685,BACKFILL_AUTO
2026-04-15 13:33:12,1776259992,R_75,32477.687,-1,8.157099999996717,BACKFILL_AUTO
2026-04-15 13:33:14,1776259994,R_75,32472.7596,-1,4.927400000000489,BACKFILL_AUTO
2026-04-15 13:33:16,1776259996,R_75,32463.8323,-1,8.927300000003015,BACKFILL_AUTO
2026-04-15 13:33:18,1776259998,R_75,32462.1674,-1,1.6648999999997613,BACKFILL_AUTO
2026-04-15 13:33:20,1776260000,R_75,32464.9206,1,2.7532000000028347,BACKFILL_AUTO
2026-04-15 13:33:22,1776260002,R_75,32476.9938,1,12.073199999998906,BACKFILL_AUTO
2026-04-15 13:33:24,1776260004,R_75,32460.973,-1,16.020799999998417,BACKFILL_AUTO
2026-04-15 13:33:26,1776260006,R_75,32463.6474,1,2.6743999999998778,BACKFILL_AUTO
2026-04-15 13:33:28,1776260008,R_75,32456.6502,-1,6.997200000001612,BACKFILL_AUTO
2026-04-15 13:33:30,1776260010,R_75,32456.1863,-1,0.46389999999883,BACKFILL_AUTO
2026-04-15 13:33:32,1776260012,R_75,32453.2318,-1,2.9544999999998254,BACKFILL_AUTO
2026-04-15 13:33:34,1776260014,R_75,32456.9238,1,3.691999999999098,BACKFILL_AUTO
2026-04-15 13:33:36,1776260016,R_75,32455.8914,-1,1.0324000000000524,BACKFILL_AUTO
2026-04-15 13:33:38,1776260018,R_75,32452.5257,-1,3.365700000002107,BACKFILL_AUTO
2026-04-15 13:33:40,1776260020,R_75,32453.6131,1,1.0874000000003434,BACKFILL_AUTO
2026-04-15 13:33:42,1776260022,R_75,32452.8402,-1,0.772899999999936,BACKFILL_AUTO
2026-04-15 13:33:44,1776260024,R_75,32452.7828,-1,0.0573999999978696,BACKFILL_AUTO
2026-04-15 13:33:46,1776260026,R_75,32463.2386,1,10.455799999999726,BACKFILL_AUTO
2026-04-15 13:33:48,1776260028,R_75,32450.3054,-1,12.933199999999488,BACKFILL_AUTO
2026-04-15 13:33:50,1776260030,R_75,32455.6781,1,5.372699999999895,BACKFILL_AUTO
2026-04-15 13:33:52,1776260032,R_75,32451.6458,-1,4.032300000002579,BACKFILL_AUTO
2026-04-15 13:33:54,1776260034,R_75,32449.0396,-1,2.6061999999983527,BACKFILL_AUTO
2026-04-15 13:33:56,1776260036,R_75,32442.9877,-1,6.051899999998568,BACKFILL_AUTO
2026-04-15 13:33:58,1776260038,R_75,32444.5038,1,1.5160999999970954,BACKFILL_AUTO
2026-04-15 13:34:00,1776260040,R_75,32444.3773,-1,0.1264999999984866,BACKFILL_AUTO
2026-04-15 13:34:02,1776260042,R_75,32446.4595,1,2.0822000000007392,BACKFILL_AUTO
2026-04-15 13:34:04,1776260044,R_75,32443.2672,-1,3.192300000002433,BACKFILL_AUTO
2026-04-15 13:34:06,1776260046,R_75,32438.5954,-1,4.671800000000076,BACKFILL_AUTO
2026-04-15 13:34:08,1776260048,R_75,32450.9262,1,12.330800000003364,BACKFILL_AUTO
2026-04-15 13:34:10,1776260050,R_75,32456.3658,1,5.439599999997881,BACKFILL_AUTO
2026-04-15 13:34:12,1776260052,R_75,32454.5168,-1,1.848999999998341,BACKFILL_AUTO
2026-04-15 13:34:14,1776260054,R_75,32455.4285,1,0.9117000000005646,BACKFILL_AUTO
2026-04-15 13:34:16,1776260056,R_75,32450.3799,-1,5.048600000001898,BACKFILL_AUTO
2026-04-15 13:34:18,1776260058,R_75,32456.3737,1,5.993800000000192,BACKFILL_AUTO
2026-04-15 13:34:20,1776260060,R_75,32460.212,1,3.8382999999994354,BACKFILL_AUTO
2026-04-15 13:34:22,1776260062,R_75,32460.7819,1,0.5699000000022352,BACKFILL_AUTO
2026-04-15 13:34:24,1776260064,R_75,32458.4139,-1,2.368000000002212,BACKFILL_AUTO
2026-04-15 13:34:26,1776260066,R_75,32460.0357,1,1.6218000000008033,BACKFILL_AUTO
2026-04-15 13:34:28,1776260068,R_75,32455.82,-1,4.215700000000652,BACKFILL_AUTO
2026-04-15 13:34:30,1776260070,R_75,32464.8629,1,9.042900000000373,BACKFILL_AUTO
2026-04-15 13:34:32,1776260072,R_75,32457.5875,-1,7.275399999998626,BACKFILL_AUTO
2026-04-15 13:34:34,1776260074,R_75,32444.6197,-1,12.967800000002171,BACKFILL_AUTO
2026-04-15 13:34:36,1776260076,R_75,32439.5397,-1,5.079999999998108,BACKFILL_AUTO
2026-04-15 13:34:38,1776260078,R_75,32435.5281,-1,4.011600000001636,BACKFILL_AUTO
2026-04-15 13:34:40,1776260080,R_75,32441.0037,1,5.475600000001577,BACKFILL_AUTO
2026-04-15 13:34:42,1776260082,R_75,32435.4771,-1,5.526600000001054,BACKFILL_AUTO
2026-04-15 13:34:44,1776260084,R_75,32436.1274,1,0.6503000000011525,BACKFILL_AUTO
2026-04-15 13:34:46,1776260086,R_75,32438.8487,1,2.721299999997427,BACKFILL_AUTO
2026-04-15 13:34:48,1776260088,R_75,32433.2825,-1,5.56619999999748,BACKFILL_AUTO
2026-04-15 13:34:50,1776260090,R_75,32428.0613,-1,5.221199999999953,BACKFILL_AUTO
2026-04-15 13:34:52,1776260092,R_75,32422.5747,-1,5.48660000000018,BACKFILL_AUTO
2026-04-15 13:34:54,1776260094,R_75,32424.0392,1,1.4644999999982247,BACKFILL_AUTO
2026-04-15 13:34:56,1776260096,R_75,32428.3451,1,4.305899999999383,BACKFILL_AUTO
2026-04-15 13:34:58,1776260098,R_75,32423.7727,-1,4.5723999999972875,BACKFILL_AUTO
2026-04-15 13:35:00,1776260100,R_75,32424.4054,1,0.6326999999982945,BACKFILL_AUTO
2026-04-15 13:35:02,1776260102,R_75,32428.9272,1,4.5217999999986205,BACKFILL_AUTO
2026-04-15 13:35:04,1776260104,R_75,32426.9322,-1,1.9949999999989814,BACKFILL_AUTO
2026-04-15 13:35:06,1776260106,R_75,32422.9687,-1,3.963499999998021,BACKFILL_AUTO
2026-04-15 13:35:08,1776260108,R_75,32432.1707,1,9.201999999997497,BACKFILL_AUTO
2026-04-15 13:35:10,1776260110,R_75,32429.7143,-1,2.456399999999121,BACKFILL_AUTO
2026-04-15 13:35:12,1776260112,R_75,32438.1247,1,8.410400000000664,BACKFILL_AUTO
2026-04-15 13:35:14,1776260114,R_75,32445.581,1,7.456299999998009,BACKFILL_AUTO
2026-04-15 13:35:16,1776260116,R_75,32438.8565,-1,6.724499999996624,BACKFILL_AUTO
2026-04-15 13:35:18,1776260118,R_75,32436.9103,-1,1.9462000000021362,BACKFILL_AUTO
2026-04-15 13:35:20,1776260120,R_75,32434.5865,-1,2.3237999999983003,BACKFILL_AUTO
2026-04-15 13:35:22,1776260122,R_75,32436.9231,1,2.3365999999987253,BACKFILL_AUTO
2026-04-15 13:35:24,1776260124,R_75,32435.6313,-1,1.291799999999057,BACKFILL_AUTO
2026-04-15 13:35:26,1776260126,R_75,32458.2141,1,22.582800000000134,BACKFILL_AUTO
2026-04-15 13:35:28,1776260128,R_75,32467.3181,1,9.10399999999936,BACKFILL_AUTO
2026-04-15 13:35:30,1776260130,R_75,32468.4567,1,1.138599999998405,BACKFILL_AUTO
2026-04-15 13:35:32,1776260132,R_75,32465.8332,-1,2.6234999999978754,BACKFILL_AUTO
2026-04-15 13:35:34,1776260134,R_75,32462.5429,-1,3.2903000000005704,BACKFILL_AUTO
2026-04-15 13:35:36,1776260136,R_75,32479.9159,1,17.372999999999593,BACKFILL_AUTO
2026-04-15 13:35:38,1776260138,R_75,32475.0649,-1,4.8509999999987485,BACKFILL_AUTO
2026-04-15 13:35:40,1776260140,R_75,32472.727,-1,2.3379000000022643,BACKFILL_AUTO
2026-04-15 13:35:42,1776260142,R_75,32484.6111,1,11.884099999999307,BACKFILL_AUTO
2026-04-15 13:35:44,1776260144,R_75,32487.2908,1,2.6797000000005937,BACKFILL_AUTO
2026-04-15 13:35:46,1776260146,R_75,32484.3453,-1,2.945499999997992,BACKFILL_AUTO
2026-04-15 13:35:48,1776260148,R_75,32479.6469,-1,4.698400000001129,BACKFILL_AUTO
2026-04-15 13:35:50,1776260150,R_75,32475.2548,-1,4.392100000000937,BACKFILL_AUTO
2026-04-15 13:35:52,1776260152,R_75,32471.2731,-1,3.9817000000002736,BACKFILL_AUTO
2026-04-15 13:35:54,1776260154,R_75,32477.8332,1,6.560100000002421,BACKFILL_AUTO
2026-04-15 13:35:56,1776260156,R_75,32474.0833,-1,3.749900000002526,BACKFILL_AUTO
2026-04-15 13:35:58,1776260158,R_75,32474.3769,1,0.29360000000087894,BACKFILL_AUTO
2026-04-15 13:36:00,1776260160,R_75,32469.6319,-1,4.744999999998981,BACKFILL_AUTO
2026-04-15 13:36:02,1776260162,R_75,32460.2281,-1,9.403800000000047,BACKFILL_AUTO
2026-04-15 13:36:04,1776260164,R_75,32459.4241,-1,0.8040000000000873,BACKFILL_AUTO
2026-04-15 13:36:06,1776260166,R_75,32462.4119,1,2.9877999999989697,BACKFILL_AUTO
2026-04-15 13:36:08,1776260168,R_75,32447.1194,-1,15.292499999999563,BACKFILL_AUTO
2026-04-15 13:36:10,1776260170,R_75,32439.3472,-1,7.77219999999943,BACKFILL_AUTO
2026-04-15 13:36:12,1776260172,R_75,32435.2808,-1,4.066399999999703,BACKFILL_AUTO
2026-04-15 13:36:14,1776260174,R_75,32437.0242,1,1.743399999999383,BACKFILL_AUTO
2026-04-15 13:36:16,1776260176,R_75,32442.4522,1,5.427999999999884,BACKFILL_AUTO
2026-04-15 13:36:18,1776260178,R_75,32441.185,-1,1.267199999998411,BACKFILL_AUTO
2026-04-15 13:36:20,1776260180,R_75,32437.6443,-1,3.5407000000013795,BACKFILL_AUTO
2026-04-15 13:36:22,1776260182,R_75,32433.0593,-1,4.584999999999127,BACKFILL_AUTO
2026-04-15 13:36:24,1776260184,R_75,32424.8847,-1,8.174600000002101,BACKFILL_AUTO
2026-04-15 13:36:26,1776260186,R_75,32418.7041,-1,6.180599999999686,BACKFILL_AUTO
2026-04-15 13:36:28,1776260188,R_75,32421.087,1,2.382900000000518,BACKFILL_AUTO
2026-04-15 13:36:30,1776260190,R_75,32410.7695,-1,10.317500000001019,BACKFILL_AUTO
2026-04-15 13:36:32,1776260192,R_75,32410.2398,-1,0.5296999999991385,BACKFILL_AUTO
2026-04-15 13:36:34,1776260194,R_75,32414.8438,1,4.60399999999936,BACKFILL_AUTO
2026-04-15 13:36:36,1776260196,R_75,32404.9915,-1,9.85229999999865,BACKFILL_AUTO
2026-04-15 13:36:38,1776260198,R_75,32410.3903,1,5.398799999999028,BACKFILL_AUTO
2026-04-15 13:36:40,1776260200,R_75,32414.7069,1,4.316600000001927,BACKFILL_AUTO
2026-04-15 13:36:42,1776260202,R_75,32420.8832,1,6.1762999999991735,BACKFILL_AUTO
2026-04-15 13:36:44,1776260204,R_75,32433.4561,1,12.572899999999208,BACKFILL_AUTO
2026-04-15 13:36:46,1776260206,R_75,32434.8111,1,1.3549999999995634,BACKFILL_AUTO
2026-04-15 13:36:48,1776260208,R_75,32433.5717,-1,1.239399999998568,BACKFILL_AUTO
2026-04-15 13:36:50,1776260210,R_75,32440.6471,1,7.075399999997899,BACKFILL_AUTO
2026-04-15 13:36:52,1776260212,R_75,32449.8722,1,9.225100000003295,BACKFILL_AUTO
2026-04-15 13:36:54,1776260214,R_75,32442.2301,-1,7.642100000000937,BACKFILL_AUTO
2026-04-15 13:36:56,1776260216,R_75,32440.5436,-1,1.6864999999997963,BACKFILL_AUTO
2026-04-15 13:36:58,1776260218,R_75,32443.8605,1,3.316899999997986,BACKFILL_AUTO
2026-04-15 13:37:00,1776260220,R_75,32436.4856,-1,7.374899999998888,BACKFILL_AUTO
2026-04-15 13:37:02,1776260222,R_75,32437.8639,1,1.3783000000003085,BACKFILL_AUTO
2026-04-15 13:37:04,1776260224,R_75,32438.9726,1,1.108700000000681,BACKFILL_AUTO
2026-04-15 13:37:06,1776260226,R_75,32430.2839,-1,8.688700000002427,BACKFILL_AUTO
2026-04-15 13:37:08,1776260228,R_75,32428.4088,-1,1.8750999999974738,BACKFILL_AUTO
2026-04-15 13:37:10,1776260230,R_75,32426.4132,-1,1.995600000002014,BACKFILL_AUTO
2026-04-15 13:37:12,1776260232,R_75,32420.5412,-1,5.871999999999389,BACKFILL_AUTO
2026-04-15 13:37:14,1776260234,R_75,32410.1376,-1,10.403600000001461,BACKFILL_AUTO
2026-04-15 13:37:16,1776260236,R_75,32411.0069,1,0.8693000000021129,BACKFILL_AUTO
2026-04-15 13:37:18,1776260238,R_75,32404.3142,-1,6.692699999999604,BACKFILL_AUTO
2026-04-15 13:37:20,1776260240,R_75,32398.5603,-1,5.753899999999703,BACKFILL_AUTO
2026-04-15 13:37:22,1776260242,R_75,32399.7197,1,1.1594000000004598,BACKFILL_AUTO
2026-04-15 13:37:24,1776260244,R_75,32399.946,1,0.22629999999844586,BACKFILL_AUTO
2026-04-15 13:37:26,1776260246,R_75,32399.8192,-1,0.12679999999818392,BACKFILL_AUTO
2026-04-15 13:37:28,1776260248,R_75,32401.3123,1,1.4930999999996857,BACKFILL_AUTO
2026-04-15 13:37:30,1776260250,R_75,32400.8221,-1,0.49020000000018626,BACKFILL_AUTO
2026-04-15 13:37:32,1776260252,R_75,32404.5403,1,3.7181999999993423,BACKFILL_AUTO
2026-04-15 13:37:34,1776260254,R_75,32406.2446,1,1.7043000000012398,BACKFILL_AUTO
2026-04-15 13:37:36,1776260256,R_75,32408.375,1,2.1303999999981897,BACKFILL_AUTO
2026-04-15 13:37:38,1776260258,R_75,32415.4913,1,7.116300000001502,BACKFILL_AUTO
2026-04-15 13:37:40,1776260260,R_75,32425.6783,1,10.18699999999808,BACKFILL_AUTO
2026-04-15 13:37:42,1776260262,R_75,32430.8391,1,5.160800000001473,BACKFILL_AUTO
2026-04-15 13:37:44,1776260264,R_75,32429.316,-1,1.5231000000021595,BACKFILL_AUTO
2026-04-15 13:37:46,1776260266,R_75,32421.4434,-1,7.8725999999987835,BACKFILL_AUTO
2026-04-15 13:37:48,1776260268,R_75,32430.3907,1,8.947299999999814,BACKFILL_AUTO
2026-04-15 13:37:50,1776260270,R_75,32438.9766,1,8.585900000001857,BACKFILL_AUTO
2026-04-15 13:37:52,1776260272,R_75,32447.8103,1,8.833699999999226,BACKFILL_AUTO
2026-04-15 13:37:54,1776260274,R_75,32441.3956,-1,6.414700000001176,BACKFILL_AUTO
2026-04-15 13:37:56,1776260276,R_75,32451.3817,1,9.986100000001898,BACKFILL_AUTO
2026-04-15 13:37:58,1776260278,R_75,32459.4323,1,8.050599999998667,BACKFILL_AUTO
2026-04-15 13:38:00,1776260280,R_75,32449.0048,-1,10.4275000000016,BACKFILL_AUTO
2026-04-15 13:38:02,1776260282,R_75,32448.7881,-1,0.21669999999721767,BACKFILL_AUTO
2026-04-15 13:38:04,1776260284,R_75,32454.8959,1,6.107799999997951,BACKFILL_AUTO
2026-04-15 13:38:06,1776260286,R_75,32442.7833,-1,12.112600000000384,BACKFILL_AUTO
2026-04-15 13:38:08,1776260288,R_75,32442.5485,-1,0.23479999999835854,BACKFILL_AUTO
2026-04-15 13:38:10,1776260290,R_75,32447.6606,1,5.112099999998463,BACKFILL_AUTO
2026-04-15 13:38:12,1776260292,R_75,32445.5491,-1,2.1114999999990687,BACKFILL_AUTO
2026-04-15 13:38:14,1776260294,R_75,32443.2626,-1,2.286500000001979,BACKFILL_AUTO
2026-04-15 13:38:16,1776260296,R_75,32446.821,1,3.5584000000017113,BACKFILL_AUTO
2026-04-15 13:38:18,1776260298,R_75,32447.3854,1,0.5643999999992957,BACKFILL_AUTO
2026-04-15 13:38:20,1776260300,R_75,32456.1867,1,8.801299999999173,BACKFILL_AUTO
2026-04-15 13:38:22,1776260302,R_75,32463.1913,1,7.0046000000002095,BACKFILL_AUTO
2026-04-15 13:38:24,1776260304,R_75,32458.3767,-1,4.814599999997881,BACKFILL_AUTO
2026-04-15 13:38:26,1776260306,R_75,32457.2569,-1,1.1198000000003958,BACKFILL_AUTO
2026-04-15 13:38:28,1776260308,R_75,32440.3887,-1,16.868200000000797,BACKFILL_AUTO
2026-04-15 13:38:30,1776260310,R_75,32442.856,1,2.4673000000002503,BACKFILL_AUTO
2026-04-15 13:38:32,1776260312,R_75,32433.5239,-1,9.332099999999627,BACKFILL_AUTO
2026-04-15 13:38:34,1776260314,R_75,32431.5227,-1,2.0011999999987893,BACKFILL_AUTO
2026-04-15 13:38:36,1776260316,R_75,32428.4509,-1,3.071800000001531,BACKFILL_AUTO
2026-04-15 13:38:38,1776260318,R_75,32428.5916,1,0.14069999999992433,BACKFILL_AUTO
2026-04-15 13:38:40,1776260320,R_75,32423.0781,-1,5.513500000000931,BACKFILL_AUTO
2026-04-15 13:38:42,1776260322,R_75,32430.0804,1,7.002300000000105,BACKFILL_AUTO
2026-04-15 13:38:44,1776260324,R_75,32434.9761,1,4.895700000000943,BACKFILL_AUTO
2026-04-15 13:38:46,1776260326,R_75,32427.3111,-1,7.665000000000873,BACKFILL_AUTO
2026-04-15 13:38:48,1776260328,R_75,32423.1471,-1,4.164000000000669,BACKFILL_AUTO
2026-04-15 13:38:50,1776260330,R_75,32424.2517,1,1.1046000000023923,BACKFILL_AUTO
2026-04-15 13:38:52,1776260332,R_75,32423.5416,-1,0.7101000000002387,BACKFILL_AUTO
2026-04-15 13:38:54,1776260334,R_75,32413.6579,-1,9.883700000002136,BACKFILL_AUTO
2026-04-15 13:38:56,1776260336,R_75,32415.7496,1,2.0917000000008557,BACKFILL_AUTO
2026-04-15 13:38:58,1776260338,R_75,32422.3421,1,6.592500000002474,BACKFILL_AUTO
2026-04-15 13:39:00,1776260340,R_75,32420.1342,-1,2.2079000000012456,BACKFILL_AUTO
2026-04-15 13:39:02,1776260342,R_75,32422.7336,1,2.59939999999915,BACKFILL_AUTO
2026-04-15 13:39:04,1776260344,R_75,32422.9214,1,0.18779999999969732,BACKFILL_AUTO
2026-04-15 13:39:06,1776260346,R_75,32415.1345,-1,7.78689999999915,BACKFILL_AUTO
2026-04-15 13:39:08,1776260348,R_75,32398.224,-1,16.910500000001775,BACKFILL_AUTO
2026-04-15 13:39:10,1776260350,R_75,32397.803,-1,0.4209999999984575,BACKFILL_AUTO
2026-04-15 13:39:12,1776260352,R_75,32398.8897,1,1.086699999999837,BACKFILL_AUTO
2026-04-15 13:39:14,1776260354,R_75,32397.4432,-1,1.4464999999981956,BACKFILL_AUTO
2026-04-15 13:39:16,1776260356,R_75,32408.1982,1,10.75499999999738,BACKFILL_AUTO
2026-04-15 13:39:18,1776260358,R_75,32407.8136,-1,0.3845999999975902,BACKFILL_AUTO
2026-04-15 13:39:20,1776260360,R_75,32409.508,1,1.6944000000003143,BACKFILL_AUTO
2026-04-15 13:39:22,1776260362,R_75,32417.1575,1,7.649499999999534,BACKFILL_AUTO
2026-04-15 13:39:24,1776260364,R_75,32419.5899,1,2.4323999999978696,BACKFILL_AUTO
2026-04-15 13:39:26,1776260366,R_75,32419.0361,-1,0.5537999999978638,BACKFILL_AUTO
2026-04-15 13:39:28,1776260368,R_75,32417.0263,-1,2.0097999999998137,BACKFILL_AUTO
2026-04-15 13:39:30,1776260370,R_75,32412.984,-1,4.042300000000978,BACKFILL_AUTO
2026-04-15 13:39:32,1776260372,R_75,32409.7303,-1,3.2537000000011176,BACKFILL_AUTO
2026-04-15 13:39:34,1776260374,R_75,32419.4699,1,9.739600000000792,BACKFILL_AUTO
2026-04-15 13:39:36,1776260376,R_75,32413.6032,-1,5.866699999998673,BACKFILL_AUTO
2026-04-15 13:39:38,1776260378,R_75,32404.4907,-1,9.11250000000291,BACKFILL_AUTO
2026-04-15 13:39:40,1776260380,R_75,32413.5622,1,9.071500000001834,BACKFILL_AUTO
2026-04-15 13:39:42,1776260382,R_75,32417.5309,1,3.968700000001263,BACKFILL_AUTO
2026-04-15 13:39:44,1776260384,R_75,32430.1381,1,12.607199999998556,BACKFILL_AUTO
2026-04-15 13:39:46,1776260386,R_75,32424.2476,-1,5.890500000001339,BACKFILL_AUTO
2026-04-15 13:39:48,1776260388,R_75,32436.565,1,12.317399999999907,BACKFILL_AUTO
2026-04-15 13:39:50,1776260390,R_75,32440.5628,1,3.997800000001007,BACKFILL_AUTO
2026-04-15 13:39:52,1776260392,R_75,32439.8779,-1,0.6849000000001979,BACKFILL_AUTO
2026-04-15 13:39:54,1776260394,R_75,32437.1482,-1,2.729699999999866,BACKFILL_AUTO
2026-04-15 13:39:56,1776260396,R_75,32428.7258,-1,8.42239999999947,BACKFILL_AUTO
2026-04-15 13:39:58,1776260398,R_75,32423.3386,-1,5.38720000000103,BACKFILL_AUTO
2026-04-15 13:40:00,1776260400,R_75,32423.8933,1,0.5547000000005937,BACKFILL_AUTO
2026-04-15 13:40:02,1776260402,R_75,32415.2274,-1,8.665899999999965,BACKFILL_AUTO
2026-04-15 13:40:04,1776260404,R_75,32415.8523,1,0.6248999999988882,BACKFILL_AUTO
2026-04-15 13:40:06,1776260406,R_75,32421.8037,1,5.95140000000174,BACKFILL_AUTO
2026-04-15 13:40:08,1776260408,R_75,32425.1,1,3.296299999998155,BACKFILL_AUTO
2026-04-15 13:40:10,1776260410,R_75,32419.7262,-1,5.373799999997573,BACKFILL_AUTO
2026-04-15 13:40:12,1776260412,R_75,32422.7016,1,2.975399999999354,BACKFILL_AUTO
2026-04-15 13:40:14,1776260414,R_75,32432.1964,1,9.494800000000396,BACKFILL_AUTO
2026-04-15 13:40:16,1776260416,R_75,32420.8199,-1,11.376500000002125,BACKFILL_AUTO
2026-04-15 13:40:18,1776260418,R_75,32419.7948,-1,1.025099999998929,BACKFILL_AUTO
2026-04-15 13:40:20,1776260420,R_75,32426.3192,1,6.5244000000020606,BACKFILL_AUTO
2026-04-15 13:40:22,1776260422,R_75,32425.8027,-1,0.5165000000015425,BACKFILL_AUTO
2026-04-15 13:40:24,1776260424,R_75,32416.7568,-1,9.045900000000984,BACKFILL_AUTO
2026-04-15 13:40:26,1776260426,R_75,32415.5186,-1,1.2381999999997788,BACKFILL_AUTO
2026-04-15 13:40:28,1776260428,R_75,32421.5881,1,6.069500000001426,BACKFILL_AUTO
2026-04-15 13:40:30,1776260430,R_75,32421.1329,-1,0.4552000000003318,BACKFILL_AUTO
2026-04-15 13:40:32,1776260432,R_75,32429.4687,1,8.335800000000745,BACKFILL_AUTO
2026-04-15 13:40:34,1776260434,R_75,32426.5474,-1,2.921300000001793,BACKFILL_AUTO
2026-04-15 13:40:36,1776260436,R_75,32422.2946,-1,4.252799999998388,BACKFILL_AUTO
2026-04-15 13:40:38,1776260438,R_75,32417.1455,-1,5.149100000002363,BACKFILL_AUTO
2026-04-15 13:40:40,1776260440,R_75,32419.9437,1,2.7982000000010885,BACKFILL_AUTO
2026-04-15 13:40:42,1776260442,R_75,32417.8117,-1,2.132000000001426,BACKFILL_AUTO
2026-04-15 13:40:44,1776260444,R_75,32421.6473,1,3.8356000000021595,BACKFILL_AUTO
2026-04-15 13:40:46,1776260446,R_75,32422.577,1,0.9297000000005937,BACKFILL_AUTO
2026-04-15 13:40:48,1776260448,R_75,32423.3053,1,0.7282999999988533,BACKFILL_AUTO
2026-04-15 13:40:50,1776260450,R_75,32421.8829,-1,1.4223999999994703,BACKFILL_AUTO
2026-04-15 13:40:52,1776260452,R_75,32436.1909,1,14.308000000000902,BACKFILL_AUTO
2026-04-15 13:40:54,1776260454,R_75,32443.6963,1,7.50539999999819,BACKFILL_AUTO
2026-04-15 13:40:56,1776260456,R_75,32458.5531,1,14.856800000001385,BACKFILL_AUTO
2026-04-15 13:40:58,1776260458,R_75,32451.2399,-1,7.313200000000506,BACKFILL_AUTO
2026-04-15 13:41:00,1776260460,R_75,32454.3763,1,3.136399999999412,BACKFILL_AUTO
2026-04-15 13:41:02,1776260462,R_75,32454.5949,1,0.21860000000015134,BACKFILL_AUTO
2026-04-15 13:41:04,1776260464,R_75,32455.983,1,1.3881000000001222,BACKFILL_AUTO
2026-04-15 13:41:06,1776260466,R_75,32446.5734,-1,9.409599999999045,BACKFILL_AUTO
2026-04-15 13:41:08,1776260468,R_75,32444.6527,-1,1.9207000000023982,BACKFILL_AUTO
2026-04-15 13:41:10,1776260470,R_75,32436.1877,-1,8.465000000000146,BACKFILL_AUTO
2026-04-15 13:41:12,1776260472,R_75,32431.0603,-1,5.127399999997579,BACKFILL_AUTO
2026-04-15 13:41:14,1776260474,R_75,32430.6436,-1,0.41670000000158325,BACKFILL_AUTO
2026-04-15 13:41:16,1776260476,R_75,32427.9031,-1,2.7404999999998836,BACKFILL_AUTO
2026-04-15 13:41:18,1776260478,R_75,32421.5618,-1,6.341300000000047,BACKFILL_AUTO
2026-04-15 13:41:20,1776260480,R_75,32410.4729,-1,11.08889999999883,BACKFILL_AUTO
2026-04-15 13:41:22,1776260482,R_75,32416.9557,1,6.482799999997951,BACKFILL_AUTO
2026-04-15 13:41:24,1776260484,R_75,32417.6527,1,0.6970000000001164,BACKFILL_AUTO
2026-04-15 13:41:26,1776260486,R_75,32415.5578,-1,2.0949000000000524,BACKFILL_AUTO
2026-04-15 13:41:28,1776260488,R_75,32417.0872,1,1.5294000000030792,BACKFILL_AUTO
2026-04-15 13:41:30,1776260490,R_75,32420.0153,1,2.9280999999973574,BACKFILL_AUTO
2026-04-15 13:41:32,1776260492,R_75,32418.9577,-1,1.0576000000000931,BACKFILL_AUTO
2026-04-15 13:41:34,1776260494,R_75,32422.8765,1,3.9187999999994645,BACKFILL_AUTO
2026-04-15 13:41:36,1776260496,R_75,32418.2727,-1,4.603799999997136,BACKFILL_AUTO
2026-04-15 13:41:38,1776260498,R_75,32423.8068,1,5.5340999999971245,BACKFILL_AUTO
2026-04-15 13:41:40,1776260500,R_75,32424.7359,1,0.9291000000011991,BACKFILL_AUTO
2026-04-15 13:41:42,1776260502,R_75,32432.0389,1,7.302999999999884,BACKFILL_AUTO
2026-04-15 13:41:44,1776260504,R_75,32428.7081,-1,3.3307999999997264,BACKFILL_AUTO
2026-04-15 13:41:46,1776260506,R_75,32438.7059,1,9.997800000001007,BACKFILL_AUTO
2026-04-15 13:41:48,1776260508,R_75,32438.2296,-1,0.47630000000208383,BACKFILL_AUTO
2026-04-15 13:41:50,1776260510,R_75,32434.7031,-1,3.526499999999942,BACKFILL_AUTO
2026-04-15 13:41:52,1776260512,R_75,32439.0672,1,4.364100000002509,BACKFILL_AUTO
2026-04-15 13:41:54,1776260514,R_75,32438.7391,-1,0.32810000000245054,BACKFILL_AUTO
2026-04-15 13:41:56,1776260516,R_75,32426.7145,-1,12.024600000000646,BACKFILL_AUTO
2026-04-15 13:41:58,1776260518,R_75,32426.6659,-1,0.04859999999825959,BACKFILL_AUTO
2026-04-15 13:42:00,1776260520,R_75,32423.0268,-1,3.639100000000326,BACKFILL_AUTO
2026-04-15 13:42:02,1776260522,R_75,32422.3557,-1,0.6710999999995693,BACKFILL_AUTO
2026-04-15 13:42:04,1776260524,R_75,32420.945,-1,1.4107000000003609,BACKFILL_AUTO
2026-04-15 13:42:06,1776260526,R_75,32426.655,1,5.709999999999127,BACKFILL_AUTO
2026-04-15 13:42:08,1776260528,R_75,32433.134,1,6.47899999999936,BACKFILL_AUTO
2026-04-15 13:42:10,1776260530,R_75,32425.1253,-1,8.008699999998498,BACKFILL_AUTO
2026-04-15 13:42:12,1776260532,R_75,32424.5457,-1,0.5796000000009371,BACKFILL_AUTO
2026-04-15 13:42:14,1776260534,R_75,32431.2841,1,6.738400000002002,BACKFILL_AUTO
2026-04-15 13:42:16,1776260536,R_75,32429.6285,-1,1.6556000000018685,BACKFILL_AUTO
2026-04-15 13:42:18,1776260538,R_75,32421.6282,-1,8.000299999999697,BACKFILL_AUTO
2026-04-15 13:42:20,1776260540,R_75,32416.4341,-1,5.194100000000617,BACKFILL_AUTO
2026-04-15 13:42:22,1776260542,R_75,32422.7517,1,6.31760000000213,BACKFILL_AUTO
2026-04-15 13:42:24,1776260544,R_75,32411.3229,-1,11.428800000001502,BACKFILL_AUTO
2026-04-15 13:42:26,1776260546,R_75,32403.7726,-1,7.55029999999897,BACKFILL_AUTO
2026-04-15 13:42:28,1776260548,R_75,32404.0128,1,0.24020000000018626,BACKFILL_AUTO
2026-04-15 13:42:30,1776260550,R_75,32406.7653,1,2.7524999999986903,BACKFILL_AUTO
2026-04-15 13:42:32,1776260552,R_75,32409.4329,1,2.667600000000675,BACKFILL_AUTO
2026-04-15 13:42:34,1776260554,R_75,32403.5954,-1,5.837500000001455,BACKFILL_AUTO
2026-04-15 13:42:36,1776260556,R_75,32405.3164,1,1.7210000000013679,BACKFILL_AUTO
2026-04-15 13:42:38,1776260558,R_75,32399.4789,-1,5.837500000001455,BACKFILL_AUTO
2026-04-15 13:42:40,1776260560,R_75,32384.1381,-1,15.340799999998126,BACKFILL_AUTO
2026-04-15 13:42:42,1776260562,R_75,32384.2761,1,0.13799999999901047,BACKFILL_AUTO
2026-04-15 13:42:44,1776260564,R_75,32388.1673,1,3.891200000001845,BACKFILL_AUTO
2026-04-15 13:42:46,1776260566,R_75,32387.2964,-1,0.8709000000017113,BACKFILL_AUTO
2026-04-15 13:42:48,1776260568,R_75,32374.9703,-1,12.326099999998405,BACKFILL_AUTO
2026-04-15 13:42:50,1776260570,R_75,32365.9306,-1,9.039700000001176,BACKFILL_AUTO
2026-04-15 13:42:52,1776260572,R_75,32362.8207,-1,3.1098999999994703,BACKFILL_AUTO
2026-04-15 13:42:54,1776260574,R_75,32357.2847,-1,5.536000000000058,BACKFILL_AUTO
2026-04-15 13:42:56,1776260576,R_75,32361.1535,1,3.868800000000192,BACKFILL_AUTO
2026-04-15 13:42:58,1776260578,R_75,32354.868,-1,6.285500000001775,BACKFILL_AUTO
2026-04-15 13:43:00,1776260580,R_75,32341.2101,-1,13.657899999998335,BACKFILL_AUTO
2026-04-15 13:43:02,1776260582,R_75,32343.7164,1,2.5063000000009197,BACKFILL_AUTO
2026-04-15 13:43:04,1776260584,R_75,32346.7607,1,3.0442999999977474,BACKFILL_AUTO
2026-04-15 13:43:06,1776260586,R_75,32345.2677,-1,1.492999999998574,BACKFILL_AUTO
2026-04-15 13:43:08,1776260588,R_75,32351.9102,1,6.642499999998108,BACKFILL_AUTO
2026-04-15 13:43:10,1776260590,R_75,32344.2727,-1,7.63749999999709,BACKFILL_AUTO
2026-04-15 13:43:12,1776260592,R_75,32346.0371,1,1.7644000000000233,BACKFILL_AUTO
2026-04-15 13:43:14,1776260594,R_75,32343.0998,-1,2.9373000000014144,BACKFILL_AUTO
2026-04-15 13:43:16,1776260596,R_75,32340.792,-1,2.3077999999986787,BACKFILL_AUTO
2026-04-15 13:43:18,1776260598,R_75,32339.7318,-1,1.0601999999998952,BACKFILL_AUTO
2026-04-15 13:43:20,1776260600,R_75,32345.3791,1,5.647299999996903,BACKFILL_AUTO
2026-04-15 13:43:22,1776260602,R_75,32343.2905,-1,2.0885999999991327,BACKFILL_AUTO
2026-04-15 13:43:24,1776260604,R_75,32343.6639,1,0.37340000000040163,BACKFILL_AUTO
2026-04-15 13:43:26,1776260606,R_75,32336.0832,-1,7.580699999998615,BACKFILL_AUTO
2026-04-15 13:43:28,1776260608,R_75,32333.654,-1,2.429200000002311,BACKFILL_AUTO
2026-04-15 13:43:30,1776260610,R_75,32330.8033,-1,2.850699999999051,BACKFILL_AUTO
2026-04-15 13:43:32,1776260612,R_75,32347.9715,1,17.16820000000007,BACKFILL_AUTO
2026-04-15 13:43:34,1776260614,R_75,32345.5369,-1,2.4346000000005006,BACKFILL_AUTO
2026-04-15 13:43:36,1776260616,R_75,32351.1456,1,5.608700000000681,BACKFILL_AUTO
2026-04-15 13:43:38,1776260618,R_75,32354.2165,1,3.070899999998801,BACKFILL_AUTO
2026-04-15 13:43:40,1776260620,R_75,32359.9776,1,5.761099999999715,BACKFILL_AUTO
2026-04-15 13:43:42,1776260622,R_75,32359.7393,-1,0.2382999999972526,BACKFILL_AUTO
2026-04-15 13:43:44,1776260624,R_75,32359.8874,1,0.14809999999852153,BACKFILL_AUTO
2026-04-15 13:43:46,1776260626,R_75,32358.41,-1,1.4773999999997613,BACKFILL_AUTO
2026-04-15 13:43:48,1776260628,R_75,32365.8885,1,7.478500000001077,BACKFILL_AUTO
2026-04-15 13:43:50,1776260630,R_75,32363.7952,-1,2.093300000000454,BACKFILL_AUTO
2026-04-15 13:43:52,1776260632,R_75,32367.3205,1,3.5253000000011525,BACKFILL_AUTO
2026-04-15 13:43:54,1776260634,R_75,32374.7329,1,7.412399999997433,BACKFILL_AUTO
2026-04-15 13:43:56,1776260636,R_75,32374.8772,1,0.14429999999993015,BACKFILL_AUTO
2026-04-15 13:43:58,1776260638,R_75,32378.5925,1,3.715299999999843,BACKFILL_AUTO
2026-04-15 13:44:00,1776260640,R_75,32377.6655,-1,0.9269999999996799,BACKFILL_AUTO
2026-04-15 13:44:02,1776260642,R_75,32373.8805,-1,3.7849999999998545,BACKFILL_AUTO
2026-04-15 13:44:04,1776260644,R_75,32377.1067,1,3.226200000000972,BACKFILL_AUTO
2026-04-15 13:44:06,1776260646,R_75,32378.7046,1,1.5979000000006636,BACKFILL_AUTO
2026-04-15 13:44:08,1776260648,R_75,32371.8028,-1,6.901799999999639,BACKFILL_AUTO
2026-04-15 13:44:10,1776260650,R_75,32373.6249,1,1.8220999999975902,BACKFILL_AUTO
2026-04-15 13:44:12,1776260652,R_75,32373.0093,-1,0.6155999999973574,BACKFILL_AUTO
2026-04-15 13:44:14,1776260654,R_75,32367.9519,-1,5.057400000001508,BACKFILL_AUTO
2026-04-15 13:44:16,1776260656,R_75,32365.4736,-1,2.4782999999988533,BACKFILL_AUTO
2026-04-15 13:44:18,1776260658,R_75,32363.1664,-1,2.307200000002922,BACKFILL_AUTO
2026-04-15 13:44:20,1776260660,R_75,32358.5001,-1,4.666299999997136,BACKFILL_AUTO
2026-04-15 13:44:22,1776260662,R_75,32361.0953,1,2.5951999999997497,BACKFILL_AUTO
2026-04-15 13:44:24,1776260664,R_75,32343.2332,-1,17.8621000000021,BACKFILL_AUTO
2026-04-15 13:44:26,1776260666,R_75,32351.4587,1,8.225500000000466,BACKFILL_AUTO
2026-04-15 13:44:28,1776260668,R_75,32350.5329,-1,0.9258000000008906,BACKFILL_AUTO
2026-04-15 13:44:30,1776260670,R_75,32356.7637,1,6.230800000001182,BACKFILL_AUTO
2026-04-15 13:44:32,1776260672,R_75,32351.2267,-1,5.537000000000262,BACKFILL_AUTO
2026-04-15 13:44:34,1776260674,R_75,32342.3681,-1,8.85859999999957,BACKFILL_AUTO
2026-04-15 13:44:36,1776260676,R_75,32338.9932,-1,3.3748999999988882,BACKFILL_AUTO
2026-04-15 13:44:38,1776260678,R_75,32325.2843,-1,13.70890000000145,BACKFILL_AUTO
2026-04-15 13:44:40,1776260680,R_75,32339.1714,1,13.887099999999919,BACKFILL_AUTO
2026-04-15 13:44:42,1776260682,R_75,32329.6943,-1,9.477100000000064,BACKFILL_AUTO
2026-04-15 13:44:44,1776260684,R_75,32324.8245,-1,4.869800000000396,BACKFILL_AUTO
2026-04-15 13:44:46,1776260686,R_75,32325.135,1,0.31049999999959255,BACKFILL_AUTO
2026-04-15 13:44:48,1776260688,R_75,32320.2936,-1,4.84139999999752,BACKFILL_AUTO
2026-04-15 13:44:50,1776260690,R_75,32312.624,-1,7.669600000001083,BACKFILL_AUTO
2026-04-15 13:44:52,1776260692,R_75,32302.5329,-1,10.091100000001461,BACKFILL_AUTO
2026-04-15 13:44:54,1776260694,R_75,32296.4433,-1,6.089599999999336,BACKFILL_AUTO
2026-04-15 13:44:56,1776260696,R_75,32307.4316,1,10.98830000000089,BACKFILL_AUTO
2026-04-15 13:44:58,1776260698,R_75,32317.3414,1,9.909800000001269,BACKFILL_AUTO
2026-04-15 13:45:00,1776260700,R_75,32322.0946,1,4.753199999999197,BACKFILL_AUTO
2026-04-15 13:45:02,1776260702,R_75,32329.1956,1,7.1009999999987485,BACKFILL_AUTO
2026-04-15 13:45:04,1776260704,R_75,32327.8183,-1,1.3773000000001048,BACKFILL_AUTO
2026-04-15 13:45:06,1776260706,R_75,32331.8034,1,3.985100000001694,BACKFILL_AUTO
2026-04-15 13:45:08,1776260708,R_75,32322.3994,-1,9.40400000000227,BACKFILL_AUTO
2026-04-15 13:45:10,1776260710,R_75,32317.2287,-1,5.17069999999876,BACKFILL_AUTO
2026-04-15 13:45:12,1776260712,R_75,32304.8831,-1,12.345600000000559,BACKFILL_AUTO
2026-04-15 13:45:14,1776260714,R_75,32310.9689,1,6.085800000000745,BACKFILL_AUTO
2026-04-15 13:45:16,1776260716,R_75,32309.0169,-1,1.952000000001135,BACKFILL_AUTO
2026-04-15 13:45:18,1776260718,R_75,32301.1437,-1,7.873199999998178,BACKFILL_AUTO
2026-04-15 13:45:20,1776260720,R_75,32306.7443,1,5.6005999999979394,BACKFILL_AUTO
2026-04-15 13:45:22,1776260722,R_75,32314.4367,1,7.692399999999907,BACKFILL_AUTO
2026-04-15 13:45:24,1776260724,R_75,32311.5628,-1,2.8738999999986845,BACKFILL_AUTO
2026-04-15 13:45:26,1776260726,R_75,32301.6691,-1,9.893700000000536,BACKFILL_AUTO
2026-04-15 13:45:28,1776260728,R_75,32287.6788,-1,13.99029999999766,BACKFILL_AUTO
2026-04-15 13:45:30,1776260730,R_75,32284.8868,-1,2.7920000000012806,BACKFILL_AUTO
2026-04-15 13:45:32,1776260732,R_75,32285.2232,1,0.3364000000001397,BACKFILL_AUTO
2026-04-15 13:45:34,1776260734,R_75,32295.4444,1,10.221199999999953,BACKFILL_AUTO
2026-04-15 13:45:36,1776260736,R_75,32287.1461,-1,8.298299999998562,BACKFILL_AUTO
2026-04-15 13:45:38,1776260738,R_75,32289.3137,1,2.1675999999970372,BACKFILL_AUTO
2026-04-15 13:45:40,1776260740,R_75,32291.3975,1,2.0838000000003376,BACKFILL_AUTO
2026-04-15 13:45:42,1776260742,R_75,32296.6411,1,5.2436000000016065,BACKFILL_AUTO
2026-04-15 13:45:44,1776260744,R_75,32311.7412,1,15.100099999999657,BACKFILL_AUTO
2026-04-15 13:45:46,1776260746,R_75,32319.6444,1,7.903200000000652,BACKFILL_AUTO
2026-04-15 13:45:48,1776260748,R_75,32319.305,-1,0.3394000000007509,BACKFILL_AUTO
2026-04-15 13:45:50,1776260750,R_75,32319.3992,1,0.09419999999954598,BACKFILL_AUTO
2026-04-15 13:45:52,1776260752,R_75,32330.1384,1,10.739199999999983,BACKFILL_AUTO
2026-04-15 13:45:54,1776260754,R_75,32342.6992,1,12.56079999999929,BACKFILL_AUTO
2026-04-15 13:45:56,1776260756,R_75,32337.4586,-1,5.240599999997357,BACKFILL_AUTO
2026-04-15 13:45:58,1776260758,R_75,32343.6611,1,6.202499999999418,BACKFILL_AUTO
2026-04-15 13:46:00,1776260760,R_75,32346.8635,1,3.202399999998306,BACKFILL_AUTO
2026-04-15 13:46:02,1776260762,R_75,32349.0272,1,2.163700000000972,BACKFILL_AUTO
2026-04-15 13:46:04,1776260764,R_75,32356.8404,1,7.813200000000506,BACKFILL_AUTO
2026-04-15 13:46:06,1776260766,R_75,32354.7463,-1,2.094100000002072,BACKFILL_AUTO
2026-04-15 13:46:08,1776260768,R_75,32343.1821,-1,11.564199999997072,BACKFILL_AUTO
2026-04-15 13:46:10,1776260770,R_75,32340.5198,-1,2.6623000000035972,BACKFILL_AUTO
2026-04-15 13:46:12,1776260772,R_75,32357.1808,1,16.661000000000058,BACKFILL_AUTO
2026-04-15 13:46:14,1776260774,R_75,32356.4028,-1,0.7779999999984284,BACKFILL_AUTO
2026-04-15 13:46:16,1776260776,R_75,32357.9747,1,1.5718999999990046,BACKFILL_AUTO
2026-04-15 13:46:18,1776260778,R_75,32361.7926,1,3.8179000000018277,BACKFILL_AUTO
2026-04-15 13:46:20,1776260780,R_75,32366.2222,1,4.429599999999482,BACKFILL_AUTO
2026-04-15 13:46:22,1776260782,R_75,32373.5814,1,7.359199999998964,BACKFILL_AUTO
2026-04-15 13:46:24,1776260784,R_75,32370.6244,-1,2.9569999999985157,BACKFILL_AUTO
2026-04-15 13:46:26,1776260786,R_75,32376.5379,1,5.9134999999987485,BACKFILL_AUTO
2026-04-15 13:46:28,1776260788,R_75,32377.0254,1,0.4874999999992724,BACKFILL_AUTO
2026-04-15 13:46:30,1776260790,R_75,32382.6886,1,5.663200000002689,BACKFILL_AUTO
2026-04-15 13:46:32,1776260792,R_75,32379.2115,-1,3.477100000000064,BACKFILL_AUTO
2026-04-15 13:46:34,1776260794,R_75,32385.906,1,6.694499999997788,BACKFILL_AUTO
2026-04-15 13:46:36,1776260796,R_75,32389.5864,1,3.6804000000011,BACKFILL_AUTO
2026-04-15 13:46:38,1776260798,R_75,32399.0066,1,9.420200000000477,BACKFILL_AUTO
2026-04-15 13:46:40,1776260800,R_75,32399.3192,1,0.31260000000111177,BACKFILL_AUTO
2026-04-15 13:46:42,1776260802,R_75,32404.6693,1,5.350099999999657,BACKFILL_AUTO
2026-04-15 13:46:44,1776260804,R_75,32409.0075,1,4.338199999998324,BACKFILL_AUTO
2026-04-15 13:46:46,1776260806,R_75,32420.0072,1,10.999700000000303,BACKFILL_AUTO
2026-04-15 13:46:48,1776260808,R_75,32424.2486,1,4.2413999999989755,BACKFILL_AUTO
2026-04-15 13:46:50,1776260810,R_75,32423.9907,-1,0.25790000000051805,BACKFILL_AUTO
2026-04-15 13:46:52,1776260812,R_75,32438.6844,1,14.693699999999808,BACKFILL_AUTO
2026-04-15 13:46:54,1776260814,R_75,32450.9394,1,12.255000000001019,BACKFILL_AUTO
2026-04-15 13:46:56,1776260816,R_75,32457.6501,1,6.710699999999633,BACKFILL_AUTO
2026-04-15 13:46:58,1776260818,R_75,32458.218,1,0.5679000000018277,BACKFILL_AUTO
2026-04-15 13:47:00,1776260820,R_75,32468.1939,1,9.975899999997637,BACKFILL_AUTO
2026-04-15 13:47:02,1776260822,R_75,32468.0344,-1,0.15949999999793363,BACKFILL_AUTO
2026-04-15 13:47:04,1776260824,R_75,32472.1512,1,4.116799999999785,BACKFILL_AUTO
2026-04-15 13:47:06,1776260826,R_75,32466.5143,-1,5.636900000001333,BACKFILL_AUTO
2026-04-15 13:47:08,1776260828,R_75,32469.159,1,2.6447000000007392,BACKFILL_AUTO
2026-04-15 13:47:10,1776260830,R_75,32458.7339,-1,10.425100000000384,BACKFILL_AUTO
2026-04-15 13:47:12,1776260832,R_75,32458.7301,-1,0.0037999999985913746,BACKFILL_AUTO
2026-04-15 13:47:14,1776260834,R_75,32471.9228,1,13.192699999999604,BACKFILL_AUTO
2026-04-15 13:47:16,1776260836,R_75,32476.0133,1,4.090499999998428,BACKFILL_AUTO
2026-04-15 13:47:18,1776260838,R_75,32489.4543,1,13.441000000002532,BACKFILL_AUTO
2026-04-15 13:47:20,1776260840,R_75,32482.1573,-1,7.297000000002299,BACKFILL_AUTO
2026-04-15 13:47:22,1776260842,R_75,32474.2673,-1,7.889999999999418,BACKFILL_AUTO
2026-04-15 13:47:24,1776260844,R_75,32477.3209,1,3.0535999999992782,BACKFILL_AUTO
2026-04-15 13:47:26,1776260846,R_75,32473.675,-1,3.6458999999995285,BACKFILL_AUTO
2026-04-15 13:47:28,1776260848,R_75,32462.5027,-1,11.172299999998359,BACKFILL_AUTO
2026-04-15 13:47:30,1776260850,R_75,32465.8265,1,3.3237999999983003,BACKFILL_AUTO
2026-04-15 13:47:32,1776260852,R_75,32458.4655,-1,7.361000000000786,BACKFILL_AUTO
2026-04-15 13:47:34,1776260854,R_75,32456.8458,-1,1.619699999999284,BACKFILL_AUTO
2026-04-15 13:47:36,1776260856,R_75,32456.2607,-1,0.5851000000002387,BACKFILL_AUTO
2026-04-15 13:47:38,1776260858,R_75,32463.2876,1,7.026900000000751,BACKFILL_AUTO
2026-04-15 13:47:40,1776260860,R_75,32460.7548,-1,2.5328000000008615,BACKFILL_AUTO
2026-04-15 13:47:42,1776260862,R_75,32456.0719,-1,4.6828999999997905,BACKFILL_AUTO
2026-04-15 13:47:44,1776260864,R_75,32455.2879,-1,0.7839999999996508,BACKFILL_AUTO
2026-04-15 13:47:46,1776260866,R_75,32454.9961,-1,0.29179999999905704,BACKFILL_AUTO
2026-04-15 13:47:48,1776260868,R_75,32455.4262,1,0.4301000000014028,BACKFILL_AUTO
2026-04-15 13:47:50,1776260870,R_75,32456.1343,1,0.7080999999998312,BACKFILL_AUTO
2026-04-15 13:47:52,1776260872,R_75,32464.404,1,8.269699999997101,BACKFILL_AUTO
2026-04-15 13:47:54,1776260874,R_75,32473.7176,1,9.313600000001315,BACKFILL_AUTO
2026-04-15 13:47:56,1776260876,R_75,32469.7085,-1,4.009099999999307,BACKFILL_AUTO
2026-04-15 13:47:58,1776260878,R_75,32467.1341,-1,2.574400000001333,BACKFILL_AUTO
2026-04-15 13:48:00,1776260880,R_75,32469.5614,1,2.427299999999377,BACKFILL_AUTO
2026-04-15 13:48:02,1776260882,R_75,32469.2869,-1,0.27449999999953434,BACKFILL_AUTO
2026-04-15 13:48:04,1776260884,R_75,32466.1399,-1,3.147000000000844,BACKFILL_AUTO
2026-04-15 13:48:06,1776260886,R_75,32475.6458,1,9.50590000000011,BACKFILL_AUTO
2026-04-15 13:48:08,1776260888,R_75,32470.1827,-1,5.463099999997212,BACKFILL_AUTO
2026-04-15 13:48:10,1776260890,R_75,32477.763,1,7.580299999997806,BACKFILL_AUTO
2026-04-15 13:48:12,1776260892,R_75,32478.2189,1,0.4559000000008382,BACKFILL_AUTO
2026-04-15 13:48:14,1776260894,R_75,32489.6222,1,11.403300000001764,BACKFILL_AUTO
2026-04-15 13:48:16,1776260896,R_75,32487.6357,-1,1.9865000000027067,BACKFILL_AUTO
2026-04-15 13:48:18,1776260898,R_75,32485.5388,-1,2.09690000000046,BACKFILL_AUTO
2026-04-15 13:48:20,1776260900,R_75,32494.5394,1,9.000600000003033,BACKFILL_AUTO
2026-04-15 13:48:22,1776260902,R_75,32486.5906,-1,7.948800000001938,BACKFILL_AUTO
2026-04-15 13:48:24,1776260904,R_75,32495.2961,1,8.705500000000029,BACKFILL_AUTO
2026-04-15 13:48:26,1776260906,R_75,32485.3472,-1,9.948899999999412,BACKFILL_AUTO
2026-04-15 13:48:28,1776260908,R_75,32486.6937,1,1.3464999999996508,BACKFILL_AUTO
2026-04-15 13:48:30,1776260910,R_75,32479.0727,-1,7.620999999999185,BACKFILL_AUTO
2026-04-15 13:48:32,1776260912,R_75,32480.6375,1,1.5648000000001048,BACKFILL_AUTO
2026-04-15 13:48:34,1776260914,R_75,32477.1596,-1,3.477900000001682,BACKFILL_AUTO
2026-04-15 13:48:36,1776260916,R_75,32478.4292,1,1.2695999999996275,BACKFILL_AUTO
2026-04-15 13:48:38,1776260918,R_75,32474.7019,-1,3.7272999999986496,BACKFILL_AUTO
2026-04-15 13:48:40,1776260920,R_75,32477.3139,1,2.6120000000009895,BACKFILL_AUTO
2026-04-15 13:48:42,1776260922,R_75,32483.2226,1,5.908699999999953,BACKFILL_AUTO
2026-04-15 13:48:44,1776260924,R_75,32483.6207,1,0.3980999999985215,BACKFILL_AUTO
2026-04-15 13:48:46,1776260926,R_75,32483.4664,-1,0.15429999999832944,BACKFILL_AUTO
2026-04-15 13:48:48,1776260928,R_75,32474.9218,-1,8.544600000001083,BACKFILL_AUTO
2026-04-15 13:48:50,1776260930,R_75,32478.3325,1,3.410700000000361,BACKFILL_AUTO
2026-04-15 13:48:52,1776260932,R_75,32465.0229,-1,13.3096000000005,BACKFILL_AUTO
2026-04-15 13:48:54,1776260934,R_75,32460.8833,-1,4.139599999998609,BACKFILL_AUTO
2026-04-15 13:48:56,1776260936,R_75,32461.5191,1,0.6358000000000175,BACKFILL_AUTO
2026-04-15 13:48:58,1776260938,R_75,32464.2817,1,2.7625999999982014,BACKFILL_AUTO
2026-04-15 13:49:00,1776260940,R_75,32464.9928,1,0.7111000000004424,BACKFILL_AUTO
2026-04-15 13:49:02,1776260942,R_75,32472.79,1,7.797200000000885,BACKFILL_AUTO
2026-04-15 13:49:04,1776260944,R_75,32468.0734,-1,4.716599999999744,BACKFILL_AUTO
2026-04-15 13:49:06,1776260946,R_75,32470.16,1,2.0865999999987253,BACKFILL_AUTO
2026-04-15 13:49:08,1776260948,R_75,32460.7523,-1,9.40769999999975,BACKFILL_AUTO
2026-04-15 13:49:10,1776260950,R_75,32465.1896,1,4.4373000000014144,BACKFILL_AUTO
2026-04-15 13:49:12,1776260952,R_75,32473.1229,1,7.933299999996962,BACKFILL_AUTO
2026-04-15 13:49:14,1776260954,R_75,32476.6414,1,3.51850000000195,BACKFILL_AUTO
2026-04-15 13:49:16,1776260956,R_75,32480.701,1,4.059600000000501,BACKFILL_AUTO
2026-04-15 13:49:18,1776260958,R_75,32483.3894,1,2.688399999999092,BACKFILL_AUTO
2026-04-15 13:49:20,1776260960,R_75,32480.064,-1,3.3254000000015367,BACKFILL_AUTO
2026-04-15 13:49:22,1776260962,R_75,32475.1759,-1,4.888100000000122,BACKFILL_AUTO
2026-04-15 13:49:24,1776260964,R_75,32482.3827,1,7.20679999999993,BACKFILL_AUTO
2026-04-15 13:49:26,1776260966,R_75,32477.4651,-1,4.917599999997037,BACKFILL_AUTO
2026-04-15 13:49:28,1776260968,R_75,32481.4631,1,3.9979999999995925,BACKFILL_AUTO
2026-04-15 13:49:30,1776260970,R_75,32479.3426,-1,2.120500000000902,BACKFILL_AUTO
2026-04-15 13:49:32,1776260972,R_75,32472.2476,-1,7.095000000001164,BACKFILL_AUTO
2026-04-15 13:49:34,1776260974,R_75,32454.1887,-1,18.058899999999994,BACKFILL_AUTO
2026-04-15 13:49:36,1776260976,R_75,32454.7097,1,0.5210000000006403,BACKFILL_AUTO
2026-04-15 13:49:38,1776260978,R_75,32468.0696,1,13.35989999999947,BACKFILL_AUTO
2026-04-15 13:49:40,1776260980,R_75,32464.2668,-1,3.80279999999766,BACKFILL_AUTO
2026-04-15 13:49:42,1776260982,R_75,32454.3568,-1,9.909999999999854,BACKFILL_AUTO
2026-04-15 13:49:44,1776260984,R_75,32460.5104,1,6.153599999997823,BACKFILL_AUTO
2026-04-15 13:49:46,1776260986,R_75,32463.0439,1,2.533500000001368,BACKFILL_AUTO
2026-04-15 13:49:48,1776260988,R_75,32467.0947,1,4.050800000000891,BACKFILL_AUTO
2026-04-15 13:49:50,1776260990,R_75,32456.4199,-1,10.674800000000687,BACKFILL_AUTO
2026-04-15 13:49:52,1776260992,R_75,32454.5508,-1,1.8690999999998894,BACKFILL_AUTO
2026-04-15 13:49:54,1776260994,R_75,32451.267,-1,3.283800000001065,BACKFILL_AUTO
2026-04-15 13:49:56,1776260996,R_75,32455.2504,1,3.9834000000009837,BACKFILL_AUTO
2026-04-15 13:49:58,1776260998,R_75,32453.5382,-1,1.7122000000017579,BACKFILL_AUTO
2026-04-15 13:50:00,1776261000,R_75,32456.7497,1,3.2115000000012515,BACKFILL_AUTO
2026-04-15 13:50:02,1776261002,R_75,32464.1323,1,7.382600000000821,BACKFILL_AUTO
2026-04-15 13:50:04,1776261004,R_75,32457.1203,-1,7.012000000002445,BACKFILL_AUTO
2026-04-15 13:50:06,1776261006,R_75,32464.4773,1,7.356999999999971,BACKFILL_AUTO
2026-04-15 13:50:08,1776261008,R_75,32461.006,-1,3.471299999997427,BACKFILL_AUTO
2026-04-15 13:50:10,1776261010,R_75,32460.2642,-1,0.7417999999997846,BACKFILL_AUTO
2026-04-15 13:50:12,1776261012,R_75,32462.8352,1,2.5709999999999127,BACKFILL_AUTO
2026-04-15 13:50:14,1776261014,R_75,32469.0028,1,6.167599999997037,BACKFILL_AUTO
2026-04-15 13:50:16,1776261016,R_75,32466.3679,-1,2.6348999999972875,BACKFILL_AUTO
2026-04-15 13:50:18,1776261018,R_75,32461.0534,-1,5.3145000000004075,BACKFILL_AUTO
2026-04-15 13:50:20,1776261020,R_75,32444.7536,-1,16.299800000000687,BACKFILL_AUTO
2026-04-15 13:50:22,1776261022,R_75,32441.2847,-1,3.4688999999998487,BACKFILL_AUTO
2026-04-15 13:50:24,1776261024,R_75,32430.9799,-1,10.304800000001705,BACKFILL_AUTO
2026-04-15 13:50:26,1776261026,R_75,32421.6265,-1,9.353399999999965,BACKFILL_AUTO
2026-04-15 13:50:28,1776261028,R_75,32412.8412,-1,8.785299999999552,BACKFILL_AUTO
2026-04-15 13:50:30,1776261030,R_75,32406.612,-1,6.229199999997945,BACKFILL_AUTO
2026-04-15 13:50:32,1776261032,R_75,32396.9019,-1,9.710100000000239,BACKFILL_AUTO
2026-04-15 13:50:34,1776261034,R_75,32400.3312,1,3.4292999999997846,BACKFILL_AUTO
2026-04-15 13:50:36,1776261036,R_75,32395.7649,-1,4.566300000002229,BACKFILL_AUTO
2026-04-15 13:50:38,1776261038,R_75,32391.9698,-1,3.7950999999993655,BACKFILL_AUTO
2026-04-15 13:50:40,1776261040,R_75,32394.0762,1,2.1064000000005763,BACKFILL_AUTO
2026-04-15 13:50:42,1776261042,R_75,32399.6555,1,5.57930000000124,BACKFILL_AUTO
2026-04-15 13:50:44,1776261044,R_75,32405.1489,1,5.493399999999383,BACKFILL_AUTO
2026-04-15 13:50:46,1776261046,R_75,32399.7046,-1,5.4442999999992026,BACKFILL_AUTO
2026-04-15 13:50:48,1776261048,R_75,32398.2223,-1,1.4822999999996682,BACKFILL_AUTO
2026-04-15 13:50:50,1776261050,R_75,32400.2554,1,2.033099999996921,BACKFILL_AUTO
2026-04-15 13:50:52,1776261052,R_75,32391.5285,-1,8.72689999999784,BACKFILL_AUTO
2026-04-15 13:50:54,1776261054,R_75,32385.181,-1,6.3474999999998545,BACKFILL_AUTO
2026-04-15 13:50:56,1776261056,R_75,32395.1277,1,9.946700000000419,BACKFILL_AUTO
2026-04-15 13:50:58,1776261058,R_75,32398.9658,1,3.83810000000085,BACKFILL_AUTO
2026-04-15 13:51:00,1776261060,R_75,32395.3403,-1,3.625500000001921,BACKFILL_AUTO
2026-04-15 13:51:02,1776261062,R_75,32399.8491,1,4.50879999999961,BACKFILL_AUTO
2026-04-15 13:51:04,1776261064,R_75,32393.1043,-1,6.744800000000396,BACKFILL_AUTO
2026-04-15 13:51:06,1776261066,R_75,32401.7988,1,8.694500000001426,BACKFILL_AUTO
2026-04-15 13:51:08,1776261068,R_75,32409.0703,1,7.271499999998923,BACKFILL_AUTO
2026-04-15 13:51:10,1776261070,R_75,32416.4246,1,7.354299999999057,BACKFILL_AUTO
2026-04-15 13:51:12,1776261072,R_75,32411.2643,-1,5.160299999999552,BACKFILL_AUTO
2026-04-15 13:51:14,1776261074,R_75,32412.8334,1,1.569100000000617,BACKFILL_AUTO
2026-04-15 13:51:16,1776261076,R_75,32415.9717,1,3.138299999998708,BACKFILL_AUTO
2026-04-15 13:51:18,1776261078,R_75,32418.5546,1,2.5829000000012456,BACKFILL_AUTO
2026-04-15 13:51:20,1776261080,R_75,32410.2548,-1,8.299800000000687,BACKFILL_AUTO
2026-04-15 13:51:22,1776261082,R_75,32406.6643,-1,3.5904999999984284,BACKFILL_AUTO
2026-04-15 13:51:24,1776261084,R_75,32406.4497,-1,0.21459999999933643,BACKFILL_AUTO
2026-04-15 13:51:26,1776261086,R_75,32407.4508,1,1.0010999999976775,BACKFILL_AUTO
2026-04-15 13:51:28,1776261088,R_75,32408.9964,1,1.5456000000012864,BACKFILL_AUTO
2026-04-15 13:51:30,1776261090,R_75,32412.3808,1,3.3843999999990046,BACKFILL_AUTO
2026-04-15 13:51:32,1776261092,R_75,32415.4318,1,3.050999999999476,BACKFILL_AUTO
2026-04-15 13:51:34,1776261094,R_75,32416.0411,1,0.6093000000000757,BACKFILL_AUTO
2026-04-15 13:51:36,1776261096,R_75,32409.5361,-1,6.504999999997381,BACKFILL_AUTO
2026-04-15 13:51:38,1776261098,R_75,32415.1214,1,5.585299999998824,BACKFILL_AUTO
2026-04-15 13:51:40,1776261100,R_75,32405.999,-1,9.122400000000198,BACKFILL_AUTO
2026-04-15 13:51:42,1776261102,R_75,32398.5552,-1,7.44380000000092,BACKFILL_AUTO
2026-04-15 13:51:44,1776261104,R_75,32399.992,1,1.4367999999994936,BACKFILL_AUTO
2026-04-15 13:51:46,1776261106,R_75,32398.0913,-1,1.9006999999983236,BACKFILL_AUTO
2026-04-15 13:51:48,1776261108,R_75,32395.5529,-1,2.5384000000012747,BACKFILL_AUTO
2026-04-15 13:51:50,1776261110,R_75,32410.7259,1,15.173000000002503,BACKFILL_AUTO
2026-04-15 13:51:52,1776261112,R_75,32405.1002,-1,5.625700000000506,BACKFILL_AUTO
2026-04-15 13:51:54,1776261114,R_75,32400.9444,-1,4.155800000000454,BACKFILL_AUTO
2026-04-15 13:51:56,1776261116,R_75,32403.2596,1,2.315200000000914,BACKFILL_AUTO
2026-04-15 13:51:58,1776261118,R_75,32409.2731,1,6.013499999997293,BACKFILL_AUTO
2026-04-15 13:52:00,1776261120,R_75,32405.0127,-1,4.260399999999208,BACKFILL_AUTO
2026-04-15 13:52:02,1776261122,R_75,32404.8737,-1,0.1389999999992142,BACKFILL_AUTO
2026-04-15 13:52:04,1776261124,R_75,32403.2034,-1,1.670300000001589,BACKFILL_AUTO
2026-04-15 13:52:06,1776261126,R_75,32402.2355,-1,0.9678999999996449,BACKFILL_AUTO
2026-04-15 13:52:08,1776261128,R_75,32401.4001,-1,0.835399999999936,BACKFILL_AUTO
2026-04-15 13:52:10,1776261130,R_75,32399.2163,-1,2.1837999999988824,BACKFILL_AUTO
2026-04-15 13:52:12,1776261132,R_75,32414.0745,1,14.85819999999876,BACKFILL_AUTO
2026-04-15 13:52:14,1776261134,R_75,32420.3895,1,6.315000000002328,BACKFILL_AUTO
2026-04-15 13:52:16,1776261136,R_75,32411.712,-1,8.6775000000016,BACKFILL_AUTO
2026-04-15 13:52:18,1776261138,R_75,32415.7879,1,4.07589999999982,BACKFILL_AUTO
2026-04-15 13:52:20,1776261140,R_75,32417.491,1,1.7031000000024505,BACKFILL_AUTO
2026-04-15 13:52:22,1776261142,R_75,32413.589,-1,3.9020000000018626,BACKFILL_AUTO
2026-04-15 13:52:24,1776261144,R_75,32415.2223,1,1.6333000000013271,BACKFILL_AUTO
2026-04-15 13:52:26,1776261146,R_75,32414.8588,-1,0.36349999999947613,BACKFILL_AUTO
2026-04-15 13:52:28,1776261148,R_75,32412.7222,-1,2.1366000000016356,BACKFILL_AUTO
2026-04-15 13:52:30,1776261150,R_75,32417.1314,1,4.409199999998236,BACKFILL_AUTO
2026-04-15 13:52:32,1776261152,R_75,32409.7275,-1,7.40389999999752,BACKFILL_AUTO
2026-04-15 13:52:34,1776261154,R_75,32416.426,1,6.698499999998603,BACKFILL_AUTO
2026-04-15 13:52:36,1776261156,R_75,32426.1226,1,9.696599999999307,BACKFILL_AUTO
2026-04-15 13:52:38,1776261158,R_75,32422.7354,-1,3.3871999999973923,BACKFILL_AUTO
2026-04-15 13:52:40,1776261160,R_75,32427.6171,1,4.881699999998091,BACKFILL_AUTO
2026-04-15 13:52:42,1776261162,R_75,32426.4917,-1,1.125400000000809,BACKFILL_AUTO
2026-04-15 13:52:44,1776261164,R_75,32422.6405,-1,3.851199999997334,BACKFILL_AUTO
2026-04-15 13:52:46,1776261166,R_75,32433.2432,1,10.602699999999459,BACKFILL_AUTO
2026-04-15 13:52:48,1776261168,R_75,32437.5812,1,4.337999999999738,BACKFILL_AUTO
2026-04-15 13:52:50,1776261170,R_75,32436.249,-1,1.3322000000007392,BACKFILL_AUTO
2026-04-15 13:52:52,1776261172,R_75,32431.6088,-1,4.6401999999980035,BACKFILL_AUTO
2026-04-15 13:52:54,1776261174,R_75,32435.4144,1,3.8055999999996857,BACKFILL_AUTO
2026-04-15 13:52:56,1776261176,R_75,32440.0589,1,4.644499999998516,BACKFILL_AUTO
2026-04-15 13:52:58,1776261178,R_75,32430.7025,-1,9.356400000000576,BACKFILL_AUTO
2026-04-15 13:53:00,1776261180,R_75,32434.1299,1,3.427400000000489,BACKFILL_AUTO
2026-04-15 13:53:02,1776261182,R_75,32427.3841,-1,6.7458000000005995,BACKFILL_AUTO
2026-04-15 13:53:04,1776261184,R_75,32428.3007,1,0.9166000000004715,BACKFILL_AUTO
2026-04-15 13:53:06,1776261186,R_75,32415.8766,-1,12.42410000000018,BACKFILL_AUTO
2026-04-15 13:53:08,1776261188,R_75,32414.6205,-1,1.2560999999986961,BACKFILL_AUTO
2026-04-15 13:53:10,1776261190,R_75,32417.5523,1,2.931799999998475,BACKFILL_AUTO
2026-04-15 13:53:12,1776261192,R_75,32419.1741,1,1.6218000000008033,BACKFILL_AUTO
2026-04-15 13:53:14,1776261194,R_75,32417.8509,-1,1.3231999999989057,BACKFILL_AUTO
2026-04-15 13:53:16,1776261196,R_75,32418.6443,1,0.7933999999986554,BACKFILL_AUTO
2026-04-15 13:53:18,1776261198,R_75,32407.6479,-1,10.996399999999994,BACKFILL_AUTO
2026-04-15 13:53:20,1776261200,R_75,32413.9266,1,6.278699999998935,BACKFILL_AUTO
2026-04-15 13:53:22,1776261202,R_75,32421.5517,1,7.625100000001112,BACKFILL_AUTO
2026-04-15 13:53:24,1776261204,R_75,32419.9781,-1,1.5735999999997148,BACKFILL_AUTO
2026-04-15 13:53:26,1776261206,R_75,32422.734,1,2.7559000000001106,BACKFILL_AUTO
2026-04-15 13:53:28,1776261208,R_75,32429.0556,1,6.321599999999307,BACKFILL_AUTO
2026-04-15 13:53:30,1776261210,R_75,32437.3353,1,8.279699999999139,BACKFILL_AUTO
2026-04-15 13:53:32,1776261212,R_75,32442.6946,1,5.359300000000076,BACKFILL_AUTO
2026-04-15 13:53:34,1776261214,R_75,32446.6843,1,3.9897000000019034,BACKFILL_AUTO
2026-04-15 13:53:36,1776261216,R_75,32445.7719,-1,0.912400000001071,BACKFILL_AUTO
2026-04-15 13:53:38,1776261218,R_75,32443.7856,-1,1.9863000000004831,BACKFILL_AUTO
2026-04-15 13:53:40,1776261220,R_75,32441.936,-1,1.8495999999977357,BACKFILL_AUTO
2026-04-15 13:53:42,1776261222,R_75,32447.1062,1,5.170199999996839,BACKFILL_AUTO
2026-04-15 13:53:44,1776261224,R_75,32455.1527,1,8.046500000000378,BACKFILL_AUTO
2026-04-15 13:53:46,1776261226,R_75,32452.6918,-1,2.460899999998219,BACKFILL_AUTO
2026-04-15 13:53:48,1776261228,R_75,32456.2571,1,3.5652999999983876,BACKFILL_AUTO
2026-04-15 13:53:50,1776261230,R_75,32437.0621,-1,19.19499999999971,BACKFILL_AUTO
2026-04-15 13:53:52,1776261232,R_75,32439.0725,1,2.0103999999992084,BACKFILL_AUTO
2026-04-15 13:53:54,1776261234,R_75,32440.4737,1,1.4012000000002445,BACKFILL_AUTO
2026-04-15 13:53:56,1776261236,R_75,32443.4194,1,2.9457000000002154,BACKFILL_AUTO
2026-04-15 13:53:58,1776261238,R_75,32447.9331,1,4.513699999999517,BACKFILL_AUTO
2026-04-15 13:54:00,1776261240,R_75,32447.832,-1,0.1010999999998603,BACKFILL_AUTO
2026-04-15 13:54:02,1776261242,R_75,32448.6453,1,0.8133000000016182,BACKFILL_AUTO
2026-04-15 13:54:04,1776261244,R_75,32443.7511,-1,4.894199999998818,BACKFILL_AUTO
2026-04-15 13:54:06,1776261246,R_75,32426.8222,-1,16.928900000002614,BACKFILL_AUTO
2026-04-15 13:54:08,1776261248,R_75,32423.4819,-1,3.340299999999843,BACKFILL_AUTO
2026-04-15 13:54:10,1776261250,R_75,32422.5731,-1,0.9087999999974272,BACKFILL_AUTO
2026-04-15 13:54:12,1776261252,R_75,32423.6567,1,1.083599999998114,BACKFILL_AUTO
2026-04-15 13:54:14,1776261254,R_75,32423.2773,-1,0.379399999997986,BACKFILL_AUTO
2026-04-15 13:54:16,1776261256,R_75,32427.2845,1,4.007200000000012,BACKFILL_AUTO
2026-04-15 13:54:18,1776261258,R_75,32427.9259,1,0.6413999999967928,BACKFILL_AUTO
2026-04-15 13:54:20,1776261260,R_75,32420.334,-1,7.591899999999441,BACKFILL_AUTO
2026-04-15 13:54:22,1776261262,R_75,32420.245,-1,0.08899999999994179,BACKFILL_AUTO
2026-04-15 13:54:24,1776261264,R_75,32416.8618,-1,3.3832000000002154,BACKFILL_AUTO
2026-04-15 13:54:26,1776261266,R_75,32424.7725,1,7.910700000000361,BACKFILL_AUTO
2026-04-15 13:54:28,1776261268,R_75,32420.099,-1,4.673500000000786,BACKFILL_AUTO
2026-04-15 13:54:30,1776261270,R_75,32421.2535,1,1.154500000000553,BACKFILL_AUTO
2026-04-15 13:54:32,1776261272,R_75,32416.1238,-1,5.129699999997683,BACKFILL_AUTO
2026-04-15 13:54:34,1776261274,R_75,32416.6691,1,0.5452999999979511,BACKFILL_AUTO
2026-04-15 13:54:36,1776261276,R_75,32414.5837,-1,2.085399999999936,BACKFILL_AUTO
2026-04-15 13:54:38,1776261278,R_75,32405.4079,-1,9.17580000000089,BACKFILL_AUTO
2026-04-15 13:54:40,1776261280,R_75,32410.2304,1,4.822500000002037,BACKFILL_AUTO
2026-04-15 13:54:42,1776261282,R_75,32406.3504,-1,3.8800000000010186,BACKFILL_AUTO
2026-04-15 13:54:44,1776261284,R_75,32403.4605,-1,2.889899999998306,BACKFILL_AUTO
2026-04-15 13:54:46,1776261286,R_75,32402.821,-1,0.639500000001135,BACKFILL_AUTO
2026-04-15 13:54:48,1776261288,R_75,32406.4102,1,3.5891999999985273,BACKFILL_AUTO
2026-04-15 13:54:50,1776261290,R_75,32410.7284,1,4.318200000001525,BACKFILL_AUTO
2026-04-15 13:54:52,1776261292,R_75,32411.4225,1,0.694100000000617,BACKFILL_AUTO
2026-04-15 13:54:54,1776261294,R_75,32412.4363,1,1.0138000000006286,BACKFILL_AUTO
2026-04-15 13:54:56,1776261296,R_75,32416.853,1,4.416699999997945,BACKFILL_AUTO
2026-04-15 13:54:58,1776261298,R_75,32423.6744,1,6.821400000000722,BACKFILL_AUTO
2026-04-15 13:55:00,1776261300,R_75,32421.8822,-1,1.7921999999998661,BACKFILL_AUTO
2026-04-15 13:55:02,1776261302,R_75,32426.0442,1,4.162000000000262,BACKFILL_AUTO
2026-04-15 13:55:04,1776261304,R_75,32419.1266,-1,6.917600000000675,BACKFILL_AUTO
2026-04-15 13:55:06,1776261306,R_75,32425.1555,1,6.028900000001158,BACKFILL_AUTO
2026-04-15 13:55:08,1776261308,R_75,32424.7572,-1,0.39830000000074506,BACKFILL_AUTO
2026-04-15 13:55:10,1776261310,R_75,32439.6947,1,14.9375,BACKFILL_AUTO
2026-04-15 13:55:12,1776261312,R_75,32439.7192,1,0.02449999999953434,BACKFILL_AUTO
2026-04-15 13:55:14,1776261314,R_75,32437.9237,-1,1.7955000000001746,BACKFILL_AUTO
2026-04-15 13:55:16,1776261316,R_75,32438.039,1,0.11530000000129803,BACKFILL_AUTO
2026-04-15 13:55:18,1776261318,R_75,32447.8371,1,9.798099999999977,BACKFILL_AUTO
2026-04-15 13:55:20,1776261320,R_75,32450.1931,1,2.355999999999767,BACKFILL_AUTO
2026-04-15 13:55:22,1776261322,R_75,32447.9719,-1,2.2211999999999534,BACKFILL_AUTO
2026-04-15 13:55:24,1776261324,R_75,32443.0257,-1,4.946200000002136,BACKFILL_AUTO
2026-04-15 13:55:26,1776261326,R_75,32439.1737,-1,3.8519999999989523,BACKFILL_AUTO
2026-04-15 13:55:28,1776261328,R_75,32439.3361,1,0.16240000000107102,BACKFILL_AUTO
2026-04-15 13:55:30,1776261330,R_75,32439.6493,1,0.3132000000005064,BACKFILL_AUTO
2026-04-15 13:55:32,1776261332,R_75,32442.3999,1,2.7505999999993946,BACKFILL_AUTO
2026-04-15 13:55:34,1776261334,R_75,32427.4248,-1,14.975099999999657,BACKFILL_AUTO
2026-04-15 13:55:36,1776261336,R_75,32438.5153,1,11.090499999998428,BACKFILL_AUTO
2026-04-15 13:55:38,1776261338,R_75,32436.3136,-1,2.2016999999977998,BACKFILL_AUTO
2026-04-15 13:55:40,1776261340,R_75,32426.9484,-1,9.365200000000186,BACKFILL_AUTO
2026-04-15 13:55:42,1776261342,R_75,32433.2252,1,6.276799999999639,BACKFILL_AUTO
2026-04-15 13:55:44,1776261344,R_75,32433.4786,1,0.2533999999977823,BACKFILL_AUTO
2026-04-15 13:55:46,1776261346,R_75,32422.9668,-1,10.511800000000221,BACKFILL_AUTO
2026-04-15 13:55:48,1776261348,R_75,32417.509,-1,5.457800000000134,BACKFILL_AUTO
2026-04-15 13:55:50,1776261350,R_75,32407.5857,-1,9.923299999998562,BACKFILL_AUTO
2026-04-15 13:55:52,1776261352,R_75,32398.1846,-1,9.401099999999133,BACKFILL_AUTO
2026-04-15 13:55:54,1776261354,R_75,32393.1918,-1,4.992799999999988,BACKFILL_AUTO
2026-04-15 13:55:56,1776261356,R_75,32385.009,-1,8.182800000002317,BACKFILL_AUTO
2026-04-15 13:55:58,1776261358,R_75,32396.0335,1,11.024500000003172,BACKFILL_AUTO
2026-04-15 13:56:00,1776261360,R_75,32390.1898,-1,5.843700000001263,BACKFILL_AUTO
2026-04-15 13:56:02,1776261362,R_75,32404.4179,1,14.228100000000268,BACKFILL_AUTO
2026-04-15 13:56:04,1776261364,R_75,32401.9266,-1,2.4913000000015018,BACKFILL_AUTO
2026-04-15 13:56:06,1776261366,R_75,32397.764,-1,4.162599999999657,BACKFILL_AUTO
2026-04-15 13:56:08,1776261368,R_75,32389.6876,-1,8.076399999998102,BACKFILL_AUTO
2026-04-15 13:56:10,1776261370,R_75,32396.8212,1,7.1335999999973865,BACKFILL_AUTO
2026-04-15 13:56:12,1776261372,R_75,32395.006,-1,1.8151999999972759,BACKFILL_AUTO
2026-04-15 13:56:14,1776261374,R_75,32390.8201,-1,4.185900000000402,BACKFILL_AUTO
2026-04-15 13:56:16,1776261376,R_75,32384.5097,-1,6.310400000002119,BACKFILL_AUTO
2026-04-15 13:56:18,1776261378,R_75,32380.9849,-1,3.5247999999992317,BACKFILL_AUTO
2026-04-15 13:56:20,1776261380,R_75,32378.4923,-1,2.492599999997765,BACKFILL_AUTO
2026-04-15 13:56:22,1776261382,R_75,32380.7885,1,2.296199999997043,BACKFILL_AUTO
2026-04-15 13:56:24,1776261384,R_75,32378.4553,-1,2.333199999997305,BACKFILL_AUTO
2026-04-15 13:56:26,1776261386,R_75,32387.1843,1,8.72899999999936,BACKFILL_AUTO
2026-04-15 13:56:28,1776261388,R_75,32392.8622,1,5.677899999998772,BACKFILL_AUTO
2026-04-15 13:56:30,1776261390,R_75,32398.6804,1,5.818200000001525,BACKFILL_AUTO
2026-04-15 13:56:32,1776261392,R_75,32394.0041,-1,4.676300000002811,BACKFILL_AUTO
2026-04-15 13:56:34,1776261394,R_75,32387.6305,-1,6.373599999998987,BACKFILL_AUTO
2026-04-15 13:56:36,1776261396,R_75,32390.1241,1,2.4936000000016065,BACKFILL_AUTO
2026-04-15 13:56:38,1776261398,R_75,32383.392,-1,6.732100000001083,BACKFILL_AUTO
2026-04-15 13:56:40,1776261400,R_75,32396.2436,1,12.851600000001781,BACKFILL_AUTO
2026-04-15 13:56:42,1776261402,R_75,32383.3165,-1,12.927100000000792,BACKFILL_AUTO
2026-04-15 13:56:44,1776261404,R_75,32382.2442,-1,1.0722999999998137,BACKFILL_AUTO
2026-04-15 13:56:46,1776261406,R_75,32382.063,-1,0.1812000000027183,BACKFILL_AUTO
2026-04-15 13:56:48,1776261408,R_75,32384.4024,1,2.339400000000751,BACKFILL_AUTO
2026-04-15 13:56:50,1776261410,R_75,32382.9519,-1,1.4504999999990105,BACKFILL_AUTO
2026-04-15 13:56:52,1776261412,R_75,32395.9744,1,13.022499999999127,BACKFILL_AUTO
2026-04-15 13:56:54,1776261414,R_75,32405.4181,1,9.443699999999808,BACKFILL_AUTO
2026-04-15 13:56:56,1776261416,R_75,32412.0078,1,6.589700000000448,BACKFILL_AUTO
2026-04-15 13:56:58,1776261418,R_75,32412.2076,1,0.19980000000214204,BACKFILL_AUTO
2026-04-15 13:57:00,1776261420,R_75,32419.9926,1,7.7849999999998545,BACKFILL_AUTO
2026-04-15 13:57:02,1776261422,R_75,32427.2087,1,7.216099999997823,BACKFILL_AUTO
2026-04-15 13:57:04,1776261424,R_75,32424.4676,-1,2.7410999999992782,BACKFILL_AUTO
2026-04-15 13:57:06,1776261426,R_75,32428.5601,1,4.092499999998836,BACKFILL_AUTO
2026-04-15 13:57:08,1776261428,R_75,32430.1535,1,1.5934000000015658,BACKFILL_AUTO
2026-04-15 13:57:10,1776261430,R_75,32425.5179,-1,4.635600000001432,BACKFILL_AUTO
2026-04-15 13:57:12,1776261432,R_75,32425.0374,-1,0.4804999999978463,BACKFILL_AUTO
2026-04-15 13:57:14,1776261434,R_75,32426.5326,1,1.495199999997567,BACKFILL_AUTO
2026-04-15 13:57:16,1776261436,R_75,32432.1292,1,5.5966000000007625,BACKFILL_AUTO
2026-04-15 13:57:18,1776261438,R_75,32434.7814,1,2.652200000000448,BACKFILL_AUTO
2026-04-15 13:57:20,1776261440,R_75,32434.3328,-1,0.4485999999997148,BACKFILL_AUTO
2026-04-15 13:57:22,1776261442,R_75,32430.8461,-1,3.486700000001292,BACKFILL_AUTO
2026-04-15 13:57:24,1776261444,R_75,32431.0917,1,0.24560000000201399,BACKFILL_AUTO
2026-04-15 13:57:26,1776261446,R_75,32425.3566,-1,5.735100000001694,BACKFILL_AUTO
2026-04-15 13:57:28,1776261448,R_75,32422.1083,-1,3.24829999999929,BACKFILL_AUTO
2026-04-15 13:57:30,1776261450,R_75,32428.3288,1,6.220499999999447,BACKFILL_AUTO
2026-04-15 13:57:32,1776261452,R_75,32422.6609,-1,5.6679000000003725,BACKFILL_AUTO
2026-04-15 13:57:34,1776261454,R_75,32420.0724,-1,2.588499999998021,BACKFILL_AUTO
2026-04-15 13:57:36,1776261456,R_75,32427.7752,1,7.702799999999115,BACKFILL_AUTO
2026-04-15 13:57:38,1776261458,R_75,32435.2193,1,7.444100000000617,BACKFILL_AUTO
2026-04-15 13:57:40,1776261460,R_75,32433.0729,-1,2.1464000000014494,BACKFILL_AUTO
2026-04-15 13:57:42,1776261462,R_75,32438.6085,1,5.535599999999249,BACKFILL_AUTO
2026-04-15 13:57:44,1776261464,R_75,32429.467,-1,9.141499999997905,BACKFILL_AUTO
2026-04-15 13:57:46,1776261466,R_75,32429.37,-1,0.0970000000015716,BACKFILL_AUTO
2026-04-15 13:57:48,1776261468,R_75,32433.1242,1,3.7541999999994005,BACKFILL_AUTO
2026-04-15 13:57:50,1776261470,R_75,32436.8481,1,3.7239000000008673,BACKFILL_AUTO
2026-04-15 13:57:52,1776261472,R_75,32435.414,-1,1.4340999999985797,BACKFILL_AUTO
2026-04-15 13:57:54,1776261474,R_75,32430.2229,-1,5.191100000000006,BACKFILL_AUTO
2026-04-15 13:57:56,1776261476,R_75,32418.0776,-1,12.145300000000134,BACKFILL_AUTO
2026-04-15 13:57:58,1776261478,R_75,32431.4605,1,13.382900000000518,BACKFILL_AUTO
2026-04-15 13:58:00,1776261480,R_75,32427.4489,-1,4.011600000001636,BACKFILL_AUTO
2026-04-15 13:58:02,1776261482,R_75,32431.1665,1,3.7175999999999476,BACKFILL_AUTO
2026-04-15 13:58:04,1776261484,R_75,32439.0094,1,7.842899999999645,BACKFILL_AUTO
2026-04-15 13:58:06,1776261486,R_75,32427.4128,-1,11.596600000000763,BACKFILL_AUTO
2026-04-15 13:58:08,1776261488,R_75,32430.7195,1,3.306700000001001,BACKFILL_AUTO
2026-04-15 13:58:10,1776261490,R_75,32433.5579,1,2.838400000000547,BACKFILL_AUTO
2026-04-15 13:58:12,1776261492,R_75,32436.1822,1,2.6242999999994936,BACKFILL_AUTO
2026-04-15 13:58:14,1776261494,R_75,32435.5041,-1,0.6781000000009954,BACKFILL_AUTO
2026-04-15 13:58:16,1776261496,R_75,32441.5165,1,6.012400000003254,BACKFILL_AUTO
2026-04-15 13:58:18,1776261498,R_75,32445.5724,1,4.055899999999383,BACKFILL_AUTO
2026-04-15 13:58:20,1776261500,R_75,32453.9139,1,8.341499999998632,BACKFILL_AUTO
2026-04-15 13:58:22,1776261502,R_75,32451.7888,-1,2.1251000000011118,BACKFILL_AUTO
2026-04-15 13:58:24,1776261504,R_75,32455.2625,1,3.4737000000022817,BACKFILL_AUTO
2026-04-15 13:58:26,1776261506,R_75,32453.2299,-1,2.032600000002276,BACKFILL_AUTO
2026-04-15 13:58:28,1776261508,R_75,32453.6935,1,0.4636000000027707,BACKFILL_AUTO
2026-04-15 13:58:30,1776261510,R_75,32454.2409,1,0.5473999999994703,BACKFILL_AUTO
2026-04-15 13:58:32,1776261512,R_75,32463.4336,1,9.192699999999604,BACKFILL_AUTO
2026-04-15 13:58:34,1776261514,R_75,32455.9021,-1,7.53150000000096,BACKFILL_AUTO
2026-04-15 13:58:36,1776261516,R_75,32466.8744,1,10.972300000001269,BACKFILL_AUTO
2026-04-15 13:58:38,1776261518,R_75,32460.4244,-1,6.450000000000728,BACKFILL_AUTO
2026-04-15 13:58:40,1776261520,R_75,32462.2524,1,1.8280000000013388,BACKFILL_AUTO
2026-04-15 13:58:42,1776261522,R_75,32461.5219,-1,0.7305000000014843,BACKFILL_AUTO
2026-04-15 13:58:44,1776261524,R_75,32460.5188,-1,1.003099999998085,BACKFILL_AUTO
2026-04-15 13:58:46,1776261526,R_75,32457.414,-1,3.104800000000978,BACKFILL_AUTO
2026-04-15 13:58:48,1776261528,R_75,32464.985,1,7.570999999999913,BACKFILL_AUTO
2026-04-15 13:58:50,1776261530,R_75,32461.2177,-1,3.7672999999995227,BACKFILL_AUTO
2026-04-15 13:58:52,1776261532,R_75,32461.9088,1,0.6911000000000058,BACKFILL_AUTO
2026-04-15 13:58:54,1776261534,R_75,32455.5466,-1,6.362199999999575,BACKFILL_AUTO
2026-04-15 13:58:56,1776261536,R_75,32453.8022,-1,1.7444000000032247,BACKFILL_AUTO
2026-04-15 13:58:58,1776261538,R_75,32463.0535,1,9.251300000003539,BACKFILL_AUTO
2026-04-15 13:59:00,1776261540,R_75,32464.7035,1,1.6499999999978172,BACKFILL_AUTO
2026-04-15 13:59:02,1776261542,R_75,32460.849,-1,3.8545000000012806,BACKFILL_AUTO
2026-04-15 13:59:04,1776261544,R_75,32462.4274,1,1.5784000000021479,BACKFILL_AUTO
2026-04-15 13:59:06,1776261546,R_75,32466.1912,1,3.7638000000006286,BACKFILL_AUTO
2026-04-15 13:59:08,1776261548,R_75,32464.1061,-1,2.0851000000002387,BACKFILL_AUTO
2026-04-15 13:59:10,1776261550,R_75,32460.0229,-1,4.083200000000943,BACKFILL_AUTO
2026-04-15 13:59:12,1776261552,R_75,32463.5761,1,3.553199999998469,BACKFILL_AUTO
2026-04-15 13:59:14,1776261554,R_75,32468.4078,1,4.831700000002456,BACKFILL_AUTO
2026-04-15 13:59:16,1776261556,R_75,32476.4278,1,8.020000000000437,BACKFILL_AUTO
2026-04-15 13:59:18,1776261558,R_75,32467.7337,-1,8.694100000000617,BACKFILL_AUTO
2026-04-15 13:59:20,1776261560,R_75,32474.838,1,7.104299999999057,BACKFILL_AUTO
2026-04-15 13:59:22,1776261562,R_75,32479.1165,1,4.278500000000349,BACKFILL_AUTO
2026-04-15 13:59:24,1776261564,R_75,32478.2486,-1,0.8679000000011001,BACKFILL_AUTO
2026-04-15 13:59:26,1776261566,R_75,32475.3344,-1,2.914199999999255,BACKFILL_AUTO
2026-04-15 13:59:28,1776261568,R_75,32484.9132,1,9.578799999999319,BACKFILL_AUTO
2026-04-15 13:59:30,1776261570,R_75,32490.9506,1,6.037400000001071,BACKFILL_AUTO
2026-04-15 13:59:32,1776261572,R_75,32499.3599,1,8.409299999999348,BACKFILL_AUTO
2026-04-15 13:59:34,1776261574,R_75,32492.3416,-1,7.018299999999726,BACKFILL_AUTO
2026-04-15 13:59:36,1776261576,R_75,32494.8612,1,2.5195999999996275,BACKFILL_AUTO
2026-04-15 13:59:38,1776261578,R_75,32503.7968,1,8.935600000000704,BACKFILL_AUTO
2026-04-15 13:59:40,1776261580,R_75,32507.3826,1,3.585800000000745,BACKFILL_AUTO
2026-04-15 13:59:42,1776261582,R_75,32507.2072,-1,0.1754000000000815,BACKFILL_AUTO
2026-04-15 13:59:44,1776261584,R_75,32508.4858,1,1.278599999997823,BACKFILL_AUTO
2026-04-15 13:59:46,1776261586,R_75,32505.464,-1,3.0217999999986205,BACKFILL_AUTO
2026-04-15 13:59:48,1776261588,R_75,32502.921,-1,2.5430000000014843,BACKFILL_AUTO
2026-04-15 13:59:50,1776261590,R_75,32504.3516,1,1.4306000000033237,BACKFILL_AUTO
2026-04-15 13:59:52,1776261592,R_75,32501.7714,-1,2.580200000000332,BACKFILL_AUTO
2026-04-15 13:59:54,1776261594,R_75,32492.4309,-1,9.340500000002066,BACKFILL_AUTO
2026-04-15 13:59:56,1776261596,R_75,32499.6752,1,7.244300000002113,BACKFILL_AUTO
2026-04-15 13:59:58,1776261598,R_75,32499.8757,1,0.20049999999901047,BACKFILL_AUTO
2026-04-15 14:00:00,1776261600,R_75,32500.967,1,1.0913000000000466,BACKFILL_AUTO
2026-04-15 14:00:02,1776261602,R_75,32500.1356,-1,0.8313999999991211,BACKFILL_AUTO
2026-04-15 14:00:04,1776261604,R_75,32499.759,-1,0.37660000000323635,BACKFILL_AUTO
2026-04-15 14:00:06,1776261606,R_75,32479.2512,-1,20.507799999999406,BACKFILL_AUTO
2026-04-15 14:00:08,1776261608,R_75,32491.101,1,11.84979999999996,BACKFILL_AUTO
2026-04-15 14:00:10,1776261610,R_75,32487.9416,-1,3.15940000000046,BACKFILL_AUTO
2026-04-15 14:00:12,1776261612,R_75,32483.7929,-1,4.148699999997916,BACKFILL_AUTO
2026-04-15 14:00:14,1776261614,R_75,32476.4876,-1,7.305299999999988,BACKFILL_AUTO
2026-04-15 14:00:16,1776261616,R_75,32469.0216,-1,7.466000000000349,BACKFILL_AUTO
2026-04-15 14:00:18,1776261618,R_75,32462.5044,-1,6.517199999998411,BACKFILL_AUTO
2026-04-15 14:00:20,1776261620,R_75,32451.8398,-1,10.664600000000064,BACKFILL_AUTO
2026-04-15 14:00:22,1776261622,R_75,32444.1987,-1,7.641100000000733,BACKFILL_AUTO
2026-04-15 14:00:24,1776261624,R_75,32445.6659,1,1.4671999999991385,BACKFILL_AUTO
2026-04-15 14:00:26,1776261626,R_75,32442.5421,-1,3.1238000000012107,BACKFILL_AUTO
2026-04-15 14:00:28,1776261628,R_75,32440.4821,-1,2.0599999999976717,BACKFILL_AUTO
2026-04-15 14:00:30,1776261630,R_75,32446.258,1,5.775900000000547,BACKFILL_AUTO
2026-04-15 14:00:32,1776261632,R_75,32447.7794,1,1.5213999999978114,BACKFILL_AUTO
2026-04-15 14:00:34,1776261634,R_75,32451.8608,1,4.081399999999121,BACKFILL_AUTO
2026-04-15 14:00:36,1776261636,R_75,32443.8834,-1,7.977399999999761,BACKFILL_AUTO
2026-04-15 14:00:38,1776261638,R_75,32445.7605,1,1.8771000000015192,BACKFILL_AUTO
2026-04-15 14:00:40,1776261640,R_75,32448.009,1,2.2484999999978754,BACKFILL_AUTO
2026-04-15 14:00:42,1776261642,R_75,32452.0765,1,4.067500000001019,BACKFILL_AUTO
2026-04-15 14:00:44,1776261644,R_75,32440.4205,-1,11.65599999999904,BACKFILL_AUTO
2026-04-15 14:00:46,1776261646,R_75,32444.8951,1,4.474600000001374,BACKFILL_AUTO
2026-04-15 14:00:48,1776261648,R_75,32437.473,-1,7.422099999999773,BACKFILL_AUTO
2026-04-15 14:00:50,1776261650,R_75,32436.0025,-1,1.470500000003085,BACKFILL_AUTO
2026-04-15 14:00:52,1776261652,R_75,32448.4366,1,12.434100000002218,BACKFILL_AUTO
2026-04-15 14:00:54,1776261654,R_75,32452.8164,1,4.379799999998795,BACKFILL_AUTO
2026-04-15 14:00:56,1776261656,R_75,32449.3746,-1,3.4418000000005122,BACKFILL_AUTO
2026-04-15 14:00:58,1776261658,R_75,32448.0744,-1,1.300199999997858,BACKFILL_AUTO
2026-04-15 14:01:00,1776261660,R_75,32447.382,-1,0.6923999999999069,BACKFILL_AUTO
2026-04-15 14:01:02,1776261662,R_75,32453.4981,1,6.116099999999278,BACKFILL_AUTO
2026-04-15 14:01:04,1776261664,R_75,32443.5353,-1,9.962800000001153,BACKFILL_AUTO
2026-04-15 14:01:06,1776261666,R_75,32439.4679,-1,4.067399999999907,BACKFILL_AUTO
2026-04-15 14:01:08,1776261668,R_75,32423.5123,-1,15.95560000000114,BACKFILL_AUTO
2026-04-15 14:01:10,1776261670,R_75,32419.2898,-1,4.2224999999998545,BACKFILL_AUTO
2026-04-15 14:01:12,1776261672,R_75,32421.3517,1,2.0619000000006054,BACKFILL_AUTO
2026-04-15 14:01:14,1776261674,R_75,32418.3752,-1,2.9765000000006694,BACKFILL_AUTO
2026-04-15 14:01:16,1776261676,R_75,32417.8821,-1,0.4930999999996857,BACKFILL_AUTO
2026-04-15 14:01:18,1776261678,R_75,32421.502,1,3.6199000000015076,BACKFILL_AUTO
2026-04-15 14:01:20,1776261680,R_75,32420.3978,-1,1.1042000000015832,BACKFILL_AUTO
2026-04-15 14:01:22,1776261682,R_75,32419.7843,-1,0.6134999999994761,BACKFILL_AUTO
2026-04-15 14:01:24,1776261684,R_75,32425.7618,1,5.977500000000873,BACKFILL_AUTO
2026-04-15 14:01:26,1776261686,R_75,32427.4679,1,1.7060999999994237,BACKFILL_AUTO
2026-04-15 14:01:28,1776261688,R_75,32429.7471,1,2.2792000000008557,BACKFILL_AUTO
2026-04-15 14:01:30,1776261690,R_75,32418.7164,-1,11.030699999999342,BACKFILL_AUTO
2026-04-15 14:01:32,1776261692,R_75,32422.1911,1,3.4746999999988475,BACKFILL_AUTO
2026-04-15 14:01:34,1776261694,R_75,32419.7862,-1,2.404900000001362,BACKFILL_AUTO
2026-04-15 14:01:36,1776261696,R_75,32408.0208,-1,11.765400000000227,BACKFILL_AUTO
2026-04-15 14:01:38,1776261698,R_75,32421.0703,1,13.04950000000099,BACKFILL_AUTO
2026-04-15 14:01:40,1776261700,R_75,32428.4807,1,7.410400000000664,BACKFILL_AUTO
2026-04-15 14:01:42,1776261702,R_75,32434.3781,1,5.897400000001653,BACKFILL_AUTO
2026-04-15 14:01:44,1776261704,R_75,32430.2631,-1,4.115000000001601,BACKFILL_AUTO
2026-04-15 14:01:46,1776261706,R_75,32433.839,1,3.5758999999998196,BACKFILL_AUTO
2026-04-15 14:01:48,1776261708,R_75,32431.4,-1,2.4389999999984866,BACKFILL_AUTO
2026-04-15 14:01:50,1776261710,R_75,32431.0424,-1,0.3576000000030035,BACKFILL_AUTO
2026-04-15 14:01:52,1776261712,R_75,32440.3135,1,9.271100000001752,BACKFILL_AUTO
2026-04-15 14:01:54,1776261714,R_75,32440.2051,-1,0.10840000000098371,BACKFILL_AUTO
2026-04-15 14:01:56,1776261716,R_75,32442.1009,1,1.8958000000020547,BACKFILL_AUTO
2026-04-15 14:01:58,1776261718,R_75,32442.1451,1,0.044200000000273576,BACKFILL_AUTO
2026-04-15 14:02:00,1776261720,R_75,32437.4444,-1,4.700700000001234,BACKFILL_AUTO
2026-04-15 14:02:02,1776261722,R_75,32438.3428,1,0.8983999999982188,BACKFILL_AUTO
2026-04-15 14:02:04,1776261724,R_75,32445.9788,1,7.636000000002241,BACKFILL_AUTO
2026-04-15 14:02:06,1776261726,R_75,32456.4466,1,10.467799999998533,BACKFILL_AUTO
2026-04-15 14:02:08,1776261728,R_75,32468.2519,1,11.805299999999988,BACKFILL_AUTO
2026-04-15 14:02:10,1776261730,R_75,32468.2912,1,0.03930000000036671,BACKFILL_AUTO
2026-04-15 14:02:12,1776261732,R_75,32460.1657,-1,8.125499999998283,BACKFILL_AUTO
2026-04-15 14:02:14,1776261734,R_75,32477.0517,1,16.885999999998603,BACKFILL_AUTO
2026-04-15 14:02:16,1776261736,R_75,32474.9393,-1,2.1124000000017986,BACKFILL_AUTO
2026-04-15 14:02:18,1776261738,R_75,32473.881,-1,1.0582999999969616,BACKFILL_AUTO
2026-04-15 14:02:20,1776261740,R_75,32476.0142,1,2.1332000000002154,BACKFILL_AUTO
2026-04-15 14:02:22,1776261742,R_75,32468.9796,-1,7.034600000002683,BACKFILL_AUTO
2026-04-15 14:02:24,1776261744,R_75,32477.9609,1,8.981299999999464,BACKFILL_AUTO
2026-04-15 14:02:26,1776261746,R_75,32483.2418,1,5.280900000001566,BACKFILL_AUTO
2026-04-15 14:02:28,1776261748,R_75,32481.4343,-1,1.8074999999989814,BACKFILL_AUTO
2026-04-15 14:02:30,1776261750,R_75,32479.3014,-1,2.132900000000518,BACKFILL_AUTO
2026-04-15 14:02:32,1776261752,R_75,32479.0891,-1,0.21229999999923166,BACKFILL_AUTO
2026-04-15 14:02:34,1776261754,R_75,32483.1444,1,4.055299999999988,BACKFILL_AUTO
2026-04-15 14:02:36,1776261756,R_75,32484.01,1,0.8655999999973574,BACKFILL_AUTO
2026-04-15 14:02:38,1776261758,R_75,32481.2426,-1,2.7673999999969965,BACKFILL_AUTO
2026-04-15 14:02:40,1776261760,R_75,32480.3208,-1,0.9218000000000757,BACKFILL_AUTO
2026-04-15 14:02:42,1776261762,R_75,32485.9883,1,5.667499999999563,BACKFILL_AUTO
2026-04-15 14:02:44,1776261764,R_75,32481.7743,-1,4.213999999999942,BACKFILL_AUTO
2026-04-15 14:02:46,1776261766,R_75,32490.8527,1,9.07839999999851,BACKFILL_AUTO
2026-04-15 14:02:48,1776261768,R_75,32480.6165,-1,10.236199999999371,BACKFILL_AUTO
2026-04-15 14:02:50,1776261770,R_75,32499.4168,1,18.80029999999897,BACKFILL_AUTO
2026-04-15 14:02:52,1776261772,R_75,32508.7579,1,9.341100000001461,BACKFILL_AUTO
2026-04-15 14:02:54,1776261774,R_75,32510.8659,1,2.1080000000001746,BACKFILL_AUTO
2026-04-15 14:02:56,1776261776,R_75,32506.3986,-1,4.46730000000025,BACKFILL_AUTO
2026-04-15 14:02:58,1776261778,R_75,32499.2714,-1,7.127199999998993,BACKFILL_AUTO
2026-04-15 14:03:00,1776261780,R_75,32498.5239,-1,0.7475000000013097,BACKFILL_AUTO
2026-04-15 14:03:02,1776261782,R_75,32498.1555,-1,0.368399999999383,BACKFILL_AUTO
2026-04-15 14:03:04,1776261784,R_75,32494.3597,-1,3.795799999999872,BACKFILL_AUTO
2026-04-15 14:03:06,1776261786,R_75,32502.0355,1,7.675800000000891,BACKFILL_AUTO
2026-04-15 14:03:08,1776261788,R_75,32497.3519,-1,4.683600000000297,BACKFILL_AUTO
2026-04-15 14:03:10,1776261790,R_75,32493.9345,-1,3.4174000000020897,BACKFILL_AUTO
2026-04-15 14:03:12,1776261792,R_75,32495.3777,1,1.443200000001525,BACKFILL_AUTO
2026-04-15 14:03:14,1776261794,R_75,32485.5578,-1,9.819900000002235,BACKFILL_AUTO
2026-04-15 14:03:16,1776261796,R_75,32487.29,1,1.7322000000021944,BACKFILL_AUTO
2026-04-15 14:03:18,1776261798,R_75,32493.6954,1,6.405399999999645,BACKFILL_AUTO
2026-04-15 14:03:20,1776261800,R_75,32487.1974,-1,6.4979999999995925,BACKFILL_AUTO
2026-04-15 14:03:22,1776261802,R_75,32495.0681,1,7.870699999999488,BACKFILL_AUTO
2026-04-15 14:03:24,1776261804,R_75,32488.693,-1,6.375100000001112,BACKFILL_AUTO
2026-04-15 14:03:26,1776261806,R_75,32498.7745,1,10.081500000000233,BACKFILL_AUTO
2026-04-15 14:03:28,1776261808,R_75,32497.9152,-1,0.8593000000000757,BACKFILL_AUTO
2026-04-15 14:03:30,1776261810,R_75,32495.0573,-1,2.857899999999063,BACKFILL_AUTO
2026-04-15 14:03:32,1776261812,R_75,32501.1246,1,6.067299999998795,BACKFILL_AUTO
2026-04-15 14:03:34,1776261814,R_75,32498.4159,-1,2.708699999999226,BACKFILL_AUTO
2026-04-15 14:03:36,1776261816,R_75,32494.3591,-1,4.056799999998475,BACKFILL_AUTO
2026-04-15 14:03:38,1776261818,R_75,32509.3742,1,15.015099999996892,BACKFILL_AUTO
2026-04-15 14:03:40,1776261820,R_75,32500.2156,-1,9.158599999998842,BACKFILL_AUTO
2026-04-15 14:03:42,1776261822,R_75,32494.8247,-1,5.39089999999851,BACKFILL_AUTO
2026-04-15 14:03:44,1776261824,R_75,32493.9612,-1,0.8634999999994761,BACKFILL_AUTO
2026-04-15 14:03:46,1776261826,R_75,32490.1469,-1,3.814300000001822,BACKFILL_AUTO
2026-04-15 14:03:48,1776261828,R_75,32493.0376,1,2.8906999999999243,BACKFILL_AUTO
2026-04-15 14:03:50,1776261830,R_75,32494.7642,1,1.7266000000017812,BACKFILL_AUTO
2026-04-15 14:03:52,1776261832,R_75,32483.9536,-1,10.810600000000704,BACKFILL_AUTO
2026-04-15 14:03:54,1776261834,R_75,32481.7226,-1,2.230999999999767,BACKFILL_AUTO
2026-04-15 14:03:56,1776261836,R_75,32488.1566,1,6.433999999997468,BACKFILL_AUTO
2026-04-15 14:03:58,1776261838,R_75,32479.9565,-1,8.200099999998201,BACKFILL_AUTO
2026-04-15 14:04:00,1776261840,R_75,32475.2182,-1,4.738300000000891,BACKFILL_AUTO
2026-04-15 14:04:02,1776261842,R_75,32483.6612,1,8.442999999999302,BACKFILL_AUTO
2026-04-15 14:04:04,1776261844,R_75,32486.3913,1,2.730100000000675,BACKFILL_AUTO
2026-04-15 14:04:06,1776261846,R_75,32486.5821,1,0.1908000000003085,BACKFILL_AUTO
2026-04-15 14:04:08,1776261848,R_75,32477.824,-1,8.758099999999104,BACKFILL_AUTO
2026-04-15 14:04:10,1776261850,R_75,32486.2271,1,8.40309999999954,BACKFILL_AUTO
2026-04-15 14:04:12,1776261852,R_75,32483.8454,-1,2.3817000000017288,BACKFILL_AUTO
2026-04-15 14:04:14,1776261854,R_75,32467.1754,-1,16.669999999998254,BACKFILL_AUTO
2026-04-15 14:04:16,1776261856,R_75,32460.1167,-1,7.058700000001409,BACKFILL_AUTO
2026-04-15 14:04:18,1776261858,R_75,32463.8425,1,3.725800000000163,BACKFILL_AUTO
2026-04-15 14:04:20,1776261860,R_75,32470.9148,1,7.072299999999814,BACKFILL_AUTO
2026-04-15 14:04:22,1776261862,R_75,32479.0193,1,8.10450000000128,BACKFILL_AUTO
2026-04-15 14:04:24,1776261864,R_75,32480.2046,1,1.185300000001007,BACKFILL_AUTO
2026-04-15 14:04:26,1776261866,R_75,32470.6222,-1,9.582399999999325,BACKFILL_AUTO
2026-04-15 14:04:28,1776261868,R_75,32477.6244,1,7.002199999998993,BACKFILL_AUTO
2026-04-15 14:04:30,1776261870,R_75,32489.7798,1,12.155399999999645,BACKFILL_AUTO
2026-04-15 14:04:32,1776261872,R_75,32496.3445,1,6.564699999998993,BACKFILL_AUTO
2026-04-15 14:04:34,1776261874,R_75,32493.7926,-1,2.551899999998568,BACKFILL_AUTO
2026-04-15 14:04:36,1776261876,R_75,32490.5371,-1,3.2554999999993015,BACKFILL_AUTO
2026-04-15 14:04:38,1776261878,R_75,32475.2785,-1,15.258600000001024,BACKFILL_AUTO
2026-04-15 14:04:40,1776261880,R_75,32480.8746,1,5.596099999998842,BACKFILL_AUTO
2026-04-15 14:04:42,1776261882,R_75,32487.2186,1,6.34400000000096,BACKFILL_AUTO
2026-04-15 14:04:44,1776261884,R_75,32484.3669,-1,2.851699999999255,BACKFILL_AUTO
2026-04-15 14:04:46,1776261886,R_75,32484.8282,1,0.46129999999902793,BACKFILL_AUTO
2026-04-15 14:04:48,1776261888,R_75,32481.3487,-1,3.4795000000012806,BACKFILL_AUTO
2026-04-15 14:04:50,1776261890,R_75,32489.0288,1,7.680100000001403,BACKFILL_AUTO
2026-04-15 14:04:52,1776261892,R_75,32490.6485,1,1.619699999999284,BACKFILL_AUTO
2026-04-15 14:04:54,1776261894,R_75,32484.3007,-1,6.347799999999552,BACKFILL_AUTO
2026-04-15 14:04:56,1776261896,R_75,32483.579,-1,0.7216999999982363,BACKFILL_AUTO
2026-04-15 14:04:58,1776261898,R_75,32484.2648,1,0.6857999999992899,BACKFILL_AUTO
2026-04-15 14:05:00,1776261900,R_75,32484.4181,1,0.1532999999981257,BACKFILL_AUTO
2026-04-15 14:05:02,1776261902,R_75,32483.3276,-1,1.0904999999984284,BACKFILL_AUTO
2026-04-15 14:05:04,1776261904,R_75,32484.3215,1,0.9938999999976659,BACKFILL_AUTO
2026-04-15 14:05:06,1776261906,R_75,32478.2007,-1,6.120799999996962,BACKFILL_AUTO
2026-04-15 14:05:08,1776261908,R_75,32472.5017,-1,5.699000000000524,BACKFILL_AUTO
2026-04-15 14:05:10,1776261910,R_75,32467.4345,-1,5.067200000001321,BACKFILL_AUTO
2026-04-15 14:05:12,1776261912,R_75,32467.1484,-1,0.28610000000117,BACKFILL_AUTO
2026-04-15 14:05:14,1776261914,R_75,32471.6058,1,4.457400000002963,BACKFILL_AUTO
2026-04-15 14:05:16,1776261916,R_75,32472.2879,1,0.6820999999981723,BACKFILL_AUTO
2026-04-15 14:05:18,1776261918,R_75,32474.79,1,2.502100000001519,BACKFILL_AUTO
2026-04-15 14:05:20,1776261920,R_75,32464.5506,-1,10.239400000002206,BACKFILL_AUTO
2026-04-15 14:05:22,1776261922,R_75,32473.5725,1,9.021899999999732,BACKFILL_AUTO
2026-04-15 14:05:24,1776261924,R_75,32467.1454,-1,6.427099999997154,BACKFILL_AUTO
2026-04-15 14:05:26,1776261926,R_75,32463.7271,-1,3.4183000000011816,BACKFILL_AUTO
2026-04-15 14:05:28,1776261928,R_75,32453.8557,-1,9.871399999999994,BACKFILL_AUTO
2026-04-15 14:05:30,1776261930,R_75,32463.0578,1,9.202099999998609,BACKFILL_AUTO
2026-04-15 14:05:32,1776261932,R_75,32461.2639,-1,1.7938999999969383,BACKFILL_AUTO
2026-04-15 14:05:34,1776261934,R_75,32451.3623,-1,9.901600000001054,BACKFILL_AUTO
2026-04-15 14:05:36,1776261936,R_75,32451.3859,1,0.023600000000442378,BACKFILL_AUTO
2026-04-15 14:05:38,1776261938,R_75,32450.9282,-1,0.4577000000026601,BACKFILL_AUTO
2026-04-15 14:05:40,1776261940,R_75,32449.6285,-1,1.299699999999575,BACKFILL_AUTO
2026-04-15 14:05:42,1776261942,R_75,32451.2952,1,1.6667000000015832,BACKFILL_AUTO
2026-04-15 14:05:44,1776261944,R_75,32459.9335,1,8.638299999998708,BACKFILL_AUTO
2026-04-15 14:05:46,1776261946,R_75,32465.3423,1,5.408800000001065,BACKFILL_AUTO
2026-04-15 14:05:48,1776261948,R_75,32467.975,1,2.6326999999982945,BACKFILL_AUTO
2026-04-15 14:05:50,1776261950,R_75,32464.5185,-1,3.456500000000233,BACKFILL_AUTO
2026-04-15 14:05:52,1776261952,R_75,32461.1891,-1,3.3293999999987136,BACKFILL_AUTO
2026-04-15 14:05:54,1776261954,R_75,32463.0262,1,1.837100000000646,BACKFILL_AUTO
2026-04-15 14:05:56,1776261956,R_75,32464.136,1,1.1097999999983585,BACKFILL_AUTO
2026-04-15 14:05:58,1776261958,R_75,32464.8043,1,0.6683000000011816,BACKFILL_AUTO
2026-04-15 14:06:00,1776261960,R_75,32455.2321,-1,9.572199999998702,BACKFILL_AUTO
2026-04-15 14:06:02,1776261962,R_75,32463.8874,1,8.655299999998533,BACKFILL_AUTO
2026-04-15 14:06:04,1776261964,R_75,32460.1772,-1,3.7102000000013504,BACKFILL_AUTO
2026-04-15 14:06:06,1776261966,R_75,32464.3184,1,4.141200000001845,BACKFILL_AUTO
2026-04-15 14:06:08,1776261968,R_75,32467.0808,1,2.762399999999616,BACKFILL_AUTO
2026-04-15 14:06:10,1776261970,R_75,32453.2377,-1,13.84309999999823,BACKFILL_AUTO
2026-04-15 14:06:12,1776261972,R_75,32451.7127,-1,1.5250000000014552,BACKFILL_AUTO
2026-04-15 14:06:14,1776261974,R_75,32451.3181,-1,0.39459999999962747,BACKFILL_AUTO
2026-04-15 14:06:16,1776261976,R_75,32456.9332,1,5.6150999999990745,BACKFILL_AUTO
2026-04-15 14:06:18,1776261978,R_75,32460.6835,1,3.7502999999996973,BACKFILL_AUTO
2026-04-15 14:06:20,1776261980,R_75,32447.529,-1,13.154500000000553,BACKFILL_AUTO
2026-04-15 14:06:22,1776261982,R_75,32443.2858,-1,4.2431999999971595,BACKFILL_AUTO
2026-04-15 14:06:24,1776261984,R_75,32448.2657,1,4.979899999998452,BACKFILL_AUTO
2026-04-15 14:06:26,1776261986,R_75,32440.8197,-1,7.445999999999913,BACKFILL_AUTO
2026-04-15 14:06:28,1776261988,R_75,32440.2602,-1,0.5594999999993888,BACKFILL_AUTO
2026-04-15 14:06:30,1776261990,R_75,32459.8365,1,19.57630000000063,BACKFILL_AUTO
2026-04-15 14:06:32,1776261992,R_75,32462.8674,1,3.030899999997928,BACKFILL_AUTO
2026-04-15 14:06:34,1776261994,R_75,32457.0671,-1,5.80029999999897,BACKFILL_AUTO
2026-04-15 14:06:36,1776261996,R_75,32464.0764,1,7.009300000001531,BACKFILL_AUTO
2026-04-15 14:06:38,1776261998,R_75,32465.875,1,1.7985999999982596,BACKFILL_AUTO
2026-04-15 14:06:40,1776262000,R_75,32472.2728,1,6.397799999998824,BACKFILL_AUTO
2026-04-15 14:06:42,1776262002,R_75,32476.702,1,4.429200000002311,BACKFILL_AUTO
2026-04-15 14:06:44,1776262004,R_75,32474.7864,-1,1.9156000000002678,BACKFILL_AUTO
2026-04-15 14:06:46,1776262006,R_75,32474.573,-1,0.21340000000054715,BACKFILL_AUTO
2026-04-15 14:06:48,1776262008,R_75,32478.2495,1,3.676500000001397,BACKFILL_AUTO
2026-04-15 14:06:50,1776262010,R_75,32485.8592,1,7.609699999997247,BACKFILL_AUTO
2026-04-15 14:06:52,1776262012,R_75,32481.5106,-1,4.348599999997532,BACKFILL_AUTO
2026-04-15 14:06:54,1776262014,R_75,32485.5073,1,3.9966999999996915,BACKFILL_AUTO
2026-04-15 14:06:56,1776262016,R_75,32481.1784,-1,4.328900000000431,BACKFILL_AUTO
2026-04-15 14:06:58,1776262018,R_75,32477.5928,-1,3.5856000000021595,BACKFILL_AUTO
2026-04-15 14:07:00,1776262020,R_75,32483.9971,1,6.404300000001967,BACKFILL_AUTO
2026-04-15 14:07:02,1776262022,R_75,32492.8674,1,8.870299999998679,BACKFILL_AUTO
2026-04-15 14:07:04,1776262024,R_75,32486.5615,-1,6.305899999999383,BACKFILL_AUTO
2026-04-15 14:07:06,1776262026,R_75,32482.6582,-1,3.9032999999981257,BACKFILL_AUTO
2026-04-15 14:07:08,1776262028,R_75,32475.0461,-1,7.612100000002101,BACKFILL_AUTO
2026-04-15 14:07:10,1776262030,R_75,32476.9037,1,1.8575999999993655,BACKFILL_AUTO
2026-04-15 14:07:12,1776262032,R_75,32475.3469,-1,1.556799999998475,BACKFILL_AUTO
2026-04-15 14:07:14,1776262034,R_75,32470.6641,-1,4.682799999998679,BACKFILL_AUTO
2026-04-15 14:07:16,1776262036,R_75,32471.2373,1,0.5731999999989057,BACKFILL_AUTO
2026-04-15 14:07:18,1776262038,R_75,32466.6907,-1,4.54660000000149,BACKFILL_AUTO
2026-04-15 14:07:20,1776262040,R_75,32469.8352,1,3.1445000000021537,BACKFILL_AUTO
2026-04-15 14:07:22,1776262042,R_75,32467.8025,-1,2.0326999999997497,BACKFILL_AUTO
2026-04-15 14:07:24,1776262044,R_75,32462.3153,-1,5.487200000003213,BACKFILL_AUTO
2026-04-15 14:07:26,1776262046,R_75,32461.7486,-1,0.5666999999994005,BACKFILL_AUTO
2026-04-15 14:07:28,1776262048,R_75,32459.437,-1,2.31159999999727,BACKFILL_AUTO
2026-04-15 14:07:30,1776262050,R_75,32465.8644,1,6.427399999996851,BACKFILL_AUTO
2026-04-15 14:07:32,1776262052,R_75,32463.3586,-1,2.505799999998999,BACKFILL_AUTO
2026-04-15 14:07:34,1776262054,R_75,32460.4436,-1,2.915000000000873,BACKFILL_AUTO
2026-04-15 14:07:36,1776262056,R_75,32462.4755,1,2.0319000000017695,BACKFILL_AUTO
2026-04-15 14:07:38,1776262058,R_75,32461.0117,-1,1.4638000000013562,BACKFILL_AUTO
2026-04-15 14:07:40,1776262060,R_75,32462.9458,1,1.9341000000022177,BACKFILL_AUTO
2026-04-15 14:07:42,1776262062,R_75,32471.6958,1,8.75,BACKFILL_AUTO
2026-04-15 14:07:44,1776262064,R_75,32471.9095,1,0.21370000000024447,BACKFILL_AUTO
2026-04-15 14:07:46,1776262066,R_75,32475.4359,1,3.52639999999883,BACKFILL_AUTO
2026-04-15 14:07:48,1776262068,R_75,32484.6259,1,9.18999999999869,BACKFILL_AUTO
2026-04-15 14:07:50,1776262070,R_75,32493.8207,1,9.194800000001123,BACKFILL_AUTO
2026-04-15 14:07:52,1776262072,R_75,32508.4236,1,14.602899999998044,BACKFILL_AUTO
2026-04-15 14:07:54,1776262074,R_75,32514.6629,1,6.239300000001094,BACKFILL_AUTO
2026-04-15 14:07:56,1776262076,R_75,32518.4715,1,3.808600000000297,BACKFILL_AUTO
2026-04-15 14:07:58,1776262078,R_75,32522.506,1,4.034500000001572,BACKFILL_AUTO
2026-04-15 14:08:00,1776262080,R_75,32523.375,1,0.8689999999987776,BACKFILL_AUTO
2026-04-15 14:08:02,1776262082,R_75,32524.2056,1,0.8306000000011409,BACKFILL_AUTO
2026-04-15 14:08:04,1776262084,R_75,32519.077,-1,5.128600000000006,BACKFILL_AUTO
2026-04-15 14:08:06,1776262086,R_75,32515.217,-1,3.860000000000582,BACKFILL_AUTO
2026-04-15 14:08:08,1776262088,R_75,32524.2527,1,9.03570000000036,BACKFILL_AUTO
2026-04-15 14:08:10,1776262090,R_75,32522.8964,-1,1.3562999999994645,BACKFILL_AUTO
2026-04-15 14:08:12,1776262092,R_75,32528.4398,1,5.543399999998655,BACKFILL_AUTO
2026-04-15 14:08:14,1776262094,R_75,32521.3925,-1,7.0472999999983585,BACKFILL_AUTO
2026-04-15 14:08:16,1776262096,R_75,32520.3582,-1,1.034300000002986,BACKFILL_AUTO
2026-04-15 14:08:18,1776262098,R_75,32525.6123,1,5.254100000001927,BACKFILL_AUTO
2026-04-15 14:08:20,1776262100,R_75,32514.285,-1,11.327300000000832,BACKFILL_AUTO
2026-04-15 14:08:22,1776262102,R_75,32513.212,-1,1.0730000000003201,BACKFILL_AUTO
2026-04-15 14:08:24,1776262104,R_75,32504.2956,-1,8.916399999998248,BACKFILL_AUTO
2026-04-15 14:08:26,1776262106,R_75,32509.4051,1,5.109499999998661,BACKFILL_AUTO
2026-04-15 14:08:28,1776262108,R_75,32519.2217,1,9.816599999998289,BACKFILL_AUTO
2026-04-15 14:08:30,1776262110,R_75,32523.067,1,3.8453000000008615,BACKFILL_AUTO
2026-04-15 14:08:32,1776262112,R_75,32520.5335,-1,2.53349999999773,BACKFILL_AUTO
2026-04-15 14:08:34,1776262114,R_75,32518.7039,-1,1.8296000000009371,BACKFILL_AUTO
2026-04-15 14:08:36,1776262116,R_75,32510.2291,-1,8.47479999999996,BACKFILL_AUTO
2026-04-15 14:08:38,1776262118,R_75,32512.5747,1,2.345600000000559,BACKFILL_AUTO
2026-04-15 14:08:40,1776262120,R_75,32516.3252,1,3.750499999998283,BACKFILL_AUTO
2026-04-15 14:08:42,1776262122,R_75,32521.1484,1,4.823199999998906,BACKFILL_AUTO
2026-04-15 14:08:44,1776262124,R_75,32511.2869,-1,9.861499999999069,BACKFILL_AUTO
2026-04-15 14:08:46,1776262126,R_75,32513.6802,1,2.3932999999997264,BACKFILL_AUTO
2026-04-15 14:08:48,1776262128,R_75,32508.5649,-1,5.11529999999766,BACKFILL_AUTO
2026-04-15 14:08:50,1776262130,R_75,32512.2455,1,3.6805999999996857,BACKFILL_AUTO
2026-04-15 14:08:52,1776262132,R_75,32509.0481,-1,3.1974000000009255,BACKFILL_AUTO
2026-04-15 14:08:54,1776262134,R_75,32502.0106,-1,7.037499999998545,BACKFILL_AUTO
2026-04-15 14:08:56,1776262136,R_75,32494.1426,-1,7.868000000002212,BACKFILL_AUTO
2026-04-15 14:08:58,1776262138,R_75,32482.6059,-1,11.536700000000565,BACKFILL_AUTO
2026-04-15 14:09:00,1776262140,R_75,32488.867,1,6.261099999999715,BACKFILL_AUTO
2026-04-15 14:09:02,1776262142,R_75,32476.9304,-1,11.93659999999727,BACKFILL_AUTO
2026-04-15 14:09:04,1776262144,R_75,32472.5863,-1,4.344100000002072,BACKFILL_AUTO
2026-04-15 14:09:06,1776262146,R_75,32468.4272,-1,4.1591000000007625,BACKFILL_AUTO
2026-04-15 14:09:08,1776262148,R_75,32469.005,1,0.5778000000027532,BACKFILL_AUTO
2026-04-15 14:09:10,1776262150,R_75,32469.9352,1,0.9301999999988766,BACKFILL_AUTO
2026-04-15 14:09:12,1776262152,R_75,32460.1698,-1,9.765400000000227,BACKFILL_AUTO
2026-04-15 14:09:14,1776262154,R_75,32460.663,1,0.49320000000079744,BACKFILL_AUTO
2026-04-15 14:09:16,1776262156,R_75,32455.5608,-1,5.102200000001176,BACKFILL_AUTO
2026-04-15 14:09:18,1776262158,R_75,32466.0597,1,10.498900000002322,BACKFILL_AUTO
2026-04-15 14:09:20,1776262160,R_75,32472.439,1,6.379299999996874,BACKFILL_AUTO
2026-04-15 14:09:22,1776262162,R_75,32473.954,1,1.515000000003056,BACKFILL_AUTO
2026-04-15 14:09:24,1776262164,R_75,32471.0663,-1,2.887700000002951,BACKFILL_AUTO
2026-04-15 14:09:26,1776262166,R_75,32478.157,1,7.090700000000652,BACKFILL_AUTO
2026-04-15 14:09:28,1776262168,R_75,32476.5682,-1,1.5887999999977183,BACKFILL_AUTO
2026-04-15 14:09:30,1776262170,R_75,32475.273,-1,1.2952000000004773,BACKFILL_AUTO
2026-04-15 14:09:32,1776262172,R_75,32483.0293,1,7.756299999997282,BACKFILL_AUTO
2026-04-15 14:09:34,1776262174,R_75,32482.6123,-1,0.4169999999976426,BACKFILL_AUTO
2026-04-15 14:09:36,1776262176,R_75,32487.4409,1,4.828600000000733,BACKFILL_AUTO
2026-04-15 14:09:38,1776262178,R_75,32477.7351,-1,9.705799999999726,BACKFILL_AUTO
2026-04-15 14:09:40,1776262180,R_75,32482.1336,1,4.398499999999331,BACKFILL_AUTO
2026-04-15 14:09:42,1776262182,R_75,32481.159,-1,0.9746000000013737,BACKFILL_AUTO
2026-04-15 14:09:44,1776262184,R_75,32489.3755,1,8.216499999998632,BACKFILL_AUTO
2026-04-15 14:09:46,1776262186,R_75,32501.8287,1,12.453199999999924,BACKFILL_AUTO
2026-04-15 14:09:48,1776262188,R_75,32488.7954,-1,13.033299999999144,BACKFILL_AUTO
2026-04-15 14:09:50,1776262190,R_75,32504.1072,1,15.311799999999494,BACKFILL_AUTO
2026-04-15 14:09:52,1776262192,R_75,32512.4903,1,8.383100000002742,BACKFILL_AUTO
2026-04-15 14:09:54,1776262194,R_75,32517.17,1,4.679699999996956,BACKFILL_AUTO
2026-04-15 14:09:56,1776262196,R_75,32517.3033,1,0.13330000000132713,BACKFILL_AUTO
2026-04-15 14:09:58,1776262198,R_75,32523.7666,1,6.463299999999435,BACKFILL_AUTO
2026-04-15 14:10:00,1776262200,R_75,32532.4,1,8.633400000002439,BACKFILL_AUTO
2026-04-15 14:10:02,1776262202,R_75,32534.6807,1,2.2806999999993423,BACKFILL_AUTO
2026-04-15 14:10:04,1776262204,R_75,32523.5457,-1,11.135000000002037,BACKFILL_AUTO
2026-04-15 14:10:06,1776262206,R_75,32528.5993,1,5.053600000002916,BACKFILL_AUTO
2026-04-15 14:10:08,1776262208,R_75,32519.4376,-1,9.161700000000565,BACKFILL_AUTO
2026-04-15 14:10:10,1776262210,R_75,32522.9532,1,3.5155999999988126,BACKFILL_AUTO
2026-04-15 14:10:12,1776262212,R_75,32519.9826,-1,2.970600000000559,BACKFILL_AUTO
2026-04-15 14:10:14,1776262214,R_75,32511.09,-1,8.89259999999922,BACKFILL_AUTO
2026-04-15 14:10:16,1776262216,R_75,32507.7606,-1,3.3293999999987136,BACKFILL_AUTO
2026-04-15 14:10:18,1776262218,R_75,32501.8832,-1,5.8774000000012165,BACKFILL_AUTO
2026-04-15 14:10:20,1776262220,R_75,32498.9108,-1,2.9723999999987427,BACKFILL_AUTO
2026-04-15 14:10:22,1776262222,R_75,32503.3163,1,4.405499999997119,BACKFILL_AUTO
2026-04-15 14:10:24,1776262224,R_75,32506.0622,1,2.7459000000017113,BACKFILL_AUTO
2026-04-15 14:10:26,1776262226,R_75,32511.6197,1,5.557499999998981,BACKFILL_AUTO
2026-04-15 14:10:28,1776262228,R_75,32509.7482,-1,1.871499999997468,BACKFILL_AUTO
2026-04-15 14:10:30,1776262230,R_75,32516.6986,1,6.950399999997899,BACKFILL_AUTO
2026-04-15 14:10:32,1776262232,R_75,32518.5843,1,1.8856999999989057,BACKFILL_AUTO
2026-04-15 14:10:34,1776262234,R_75,32512.7482,-1,5.836099999996804,BACKFILL_AUTO
2026-04-15 14:10:36,1776262236,R_75,32513.2993,1,0.5510999999969499,BACKFILL_AUTO
2026-04-15 14:10:38,1776262238,R_75,32514.4997,1,1.2004000000015367,BACKFILL_AUTO
2026-04-15 14:10:40,1776262240,R_75,32518.4896,1,3.989900000000489,BACKFILL_AUTO
2026-04-15 14:10:42,1776262242,R_75,32524.0332,1,5.543600000000879,BACKFILL_AUTO
2026-04-15 14:10:44,1776262244,R_75,32513.8647,-1,10.168500000003405,BACKFILL_AUTO
2026-04-15 14:10:46,1776262246,R_75,32519.3504,1,5.4857000000010885,BACKFILL_AUTO
2026-04-15 14:10:48,1776262248,R_75,32514.706,-1,4.644400000001042,BACKFILL_AUTO
2026-04-15 14:10:50,1776262250,R_75,32515.5775,1,0.871500000001106,BACKFILL_AUTO
2026-04-15 14:10:52,1776262252,R_75,32507.2017,-1,8.37579999999798,BACKFILL_AUTO
2026-04-15 14:10:54,1776262254,R_75,32518.8164,1,11.614699999998265,BACKFILL_AUTO
2026-04-15 14:10:56,1776262256,R_75,32513.1977,-1,5.61869999999908,BACKFILL_AUTO
2026-04-15 14:10:58,1776262258,R_75,32521.7464,1,8.548699999999371,BACKFILL_AUTO
2026-04-15 14:11:00,1776262260,R_75,32515.9062,-1,5.840199999998731,BACKFILL_AUTO
2026-04-15 14:11:02,1776262262,R_75,32519.2867,1,3.3804999999993015,BACKFILL_AUTO
2026-04-15 14:11:04,1776262264,R_75,32510.8902,-1,8.396499999998923,BACKFILL_AUTO
2026-04-15 14:11:06,1776262266,R_75,32501.3559,-1,9.534300000002986,BACKFILL_AUTO
2026-04-15 14:11:08,1776262268,R_75,32497.4356,-1,3.920299999997951,BACKFILL_AUTO
2026-04-15 14:11:10,1776262270,R_75,32498.3324,1,0.8967999999986205,BACKFILL_AUTO
2026-04-15 14:11:12,1776262272,R_75,32496.4042,-1,1.9281999999984691,BACKFILL_AUTO
2026-04-15 14:11:14,1776262274,R_75,32502.0388,1,5.63459999999759,BACKFILL_AUTO
2026-04-15 14:11:16,1776262276,R_75,32497.2002,-1,4.838599999999133,BACKFILL_AUTO
2026-04-15 14:11:18,1776262278,R_75,32491.3727,-1,5.827499999999418,BACKFILL_AUTO
2026-04-15 14:11:20,1776262280,R_75,32494.0716,1,2.698899999999412,BACKFILL_AUTO
2026-04-15 14:11:22,1776262282,R_75,32492.7657,-1,1.305899999999383,BACKFILL_AUTO
2026-04-15 14:11:24,1776262284,R_75,32500.7134,1,7.947700000000623,BACKFILL_AUTO
2026-04-15 14:11:26,1776262286,R_75,32500.2222,-1,0.49120000000039,BACKFILL_AUTO
2026-04-15 14:11:28,1776262288,R_75,32492.5447,-1,7.677500000001601,BACKFILL_AUTO
2026-04-15 14:11:30,1776262290,R_75,32500.2129,1,7.66820000000007,BACKFILL_AUTO
2026-04-15 14:11:32,1776262292,R_75,32507.236,1,7.0231000000021595,BACKFILL_AUTO
2026-04-15 14:11:34,1776262294,R_75,32499.2309,-1,8.00510000000213,BACKFILL_AUTO
2026-04-15 14:11:36,1776262296,R_75,32503.014,1,3.783100000000559,BACKFILL_AUTO
2026-04-15 14:11:38,1776262298,R_75,32510.9507,1,7.93670000000202,BACKFILL_AUTO
2026-04-15 14:11:40,1776262300,R_75,32509.2688,-1,1.6818999999995867,BACKFILL_AUTO
2026-04-15 14:11:42,1776262302,R_75,32506.4367,-1,2.8321000000032654,BACKFILL_AUTO
2026-04-15 14:11:44,1776262304,R_75,32495.2137,-1,11.222999999998137,BACKFILL_AUTO
2026-04-15 14:11:46,1776262306,R_75,32490.1575,-1,5.05619999999908,BACKFILL_AUTO
2026-04-15 14:11:48,1776262308,R_75,32489.0034,-1,1.1540999999997439,BACKFILL_AUTO
2026-04-15 14:11:50,1776262310,R_75,32481.4112,-1,7.5922000000027765,BACKFILL_AUTO
2026-04-15 14:11:52,1776262312,R_75,32483.048,1,1.6368000000002212,BACKFILL_AUTO
2026-04-15 14:11:54,1776262314,R_75,32468.7198,-1,14.328199999999924,BACKFILL_AUTO
2026-04-15 14:11:56,1776262316,R_75,32468.9812,1,0.2613999999994121,BACKFILL_AUTO
2026-04-15 14:11:58,1776262318,R_75,32465.2922,-1,3.6889999999984866,BACKFILL_AUTO
2026-04-15 14:12:00,1776262320,R_75,32464.8329,-1,0.4592999999986205,BACKFILL_AUTO
2026-04-15 14:12:02,1776262322,R_75,32464.6505,-1,0.18240000000150758,BACKFILL_AUTO
2026-04-15 14:12:04,1776262324,R_75,32463.8611,-1,0.7894000000014785,BACKFILL_AUTO
2026-04-15 14:12:06,1776262326,R_75,32466.9247,1,3.0636000000013155,BACKFILL_AUTO
2026-04-15 14:12:08,1776262328,R_75,32470.8466,1,3.9219000000011874,BACKFILL_AUTO
2026-04-15 14:12:10,1776262330,R_75,32468.3716,-1,2.475000000002183,BACKFILL_AUTO
2026-04-15 14:12:12,1776262332,R_75,32470.3948,1,2.0231999999996333,BACKFILL_AUTO
2026-04-15 14:12:14,1776262334,R_75,32475.9535,1,5.558700000001409,BACKFILL_AUTO
2026-04-15 14:12:16,1776262336,R_75,32466.0517,-1,9.90179999999964,BACKFILL_AUTO
2026-04-15 14:12:18,1776262338,R_75,32455.0588,-1,10.9929000000011,BACKFILL_AUTO
2026-04-15 14:12:20,1776262340,R_75,32461.5877,1,6.528900000001158,BACKFILL_AUTO
2026-04-15 14:12:22,1776262342,R_75,32447.3428,-1,14.244900000001508,BACKFILL_AUTO
2026-04-15 14:12:24,1776262344,R_75,32455.4166,1,8.073800000001938,BACKFILL_AUTO
2026-04-15 14:12:26,1776262346,R_75,32449.0899,-1,6.326700000001438,BACKFILL_AUTO
2026-04-15 14:12:28,1776262348,R_75,32449.8723,1,0.7824000000000524,BACKFILL_AUTO
2026-04-15 14:12:30,1776262350,R_75,32460.1305,1,10.258200000000215,BACKFILL_AUTO
2026-04-15 14:12:32,1776262352,R_75,32452.0683,-1,8.062200000000303,BACKFILL_AUTO
2026-04-15 14:12:34,1776262354,R_75,32453.5963,1,1.5280000000020664,BACKFILL_AUTO
2026-04-15 14:12:36,1776262356,R_75,32457.7677,1,4.171399999999267,BACKFILL_AUTO
2026-04-15 14:12:38,1776262358,R_75,32454.8307,-1,2.937000000001717,BACKFILL_AUTO
2026-04-15 14:12:40,1776262360,R_75,32454.9082,1,0.0775000000030559,BACKFILL_AUTO
2026-04-15 14:12:42,1776262362,R_75,32458.6781,1,3.769899999999325,BACKFILL_AUTO
2026-04-15 14:12:44,1776262364,R_75,32455.0772,-1,3.6009000000012747,BACKFILL_AUTO
2026-04-15 14:12:46,1776262366,R_75,32450.6353,-1,4.441899999997986,BACKFILL_AUTO
2026-04-15 14:12:48,1776262368,R_75,32456.8616,1,6.226299999998446,BACKFILL_AUTO
2026-04-15 14:12:50,1776262370,R_75,32446.4034,-1,10.458200000000943,BACKFILL_AUTO
2026-04-15 14:12:52,1776262372,R_75,32442.4398,-1,3.9635999999991327,BACKFILL_AUTO
2026-04-15 14:12:54,1776262374,R_75,32444.6614,1,2.2216000000007625,BACKFILL_AUTO
2026-04-15 14:12:56,1776262376,R_75,32447.2757,1,2.6142999999974563,BACKFILL_AUTO
2026-04-15 14:12:58,1776262378,R_75,32448.1289,1,0.8532000000013795,BACKFILL_AUTO
2026-04-15 14:13:00,1776262380,R_75,32439.5482,-1,8.580699999998615,BACKFILL_AUTO
2026-04-15 14:13:02,1776262382,R_75,32428.7765,-1,10.771700000001147,BACKFILL_AUTO
2026-04-15 14:13:04,1776262384,R_75,32418.5434,-1,10.233100000001286,BACKFILL_AUTO
2026-04-15 14:13:06,1776262386,R_75,32410.2625,-1,8.280899999997928,BACKFILL_AUTO
2026-04-15 14:13:08,1776262388,R_75,32416.4186,1,6.156100000000151,BACKFILL_AUTO
2026-04-15 14:13:10,1776262390,R_75,32425.8234,1,9.40480000000025,BACKFILL_AUTO
2026-04-15 14:13:12,1776262392,R_75,32424.5875,-1,1.235899999999674,BACKFILL_AUTO
2026-04-15 14:13:14,1776262394,R_75,32420.8332,-1,3.7543000000005122,BACKFILL_AUTO
2026-04-15 14:13:16,1776262396,R_75,32428.3374,1,7.5041999999994005,BACKFILL_AUTO
2026-04-15 14:13:18,1776262398,R_75,32422.9463,-1,5.391100000000733,BACKFILL_AUTO
2026-04-15 14:13:20,1776262400,R_75,32414.8774,-1,8.068899999998393,BACKFILL_AUTO
2026-04-15 14:13:22,1776262402,R_75,32413.6002,-1,1.2772000000004482,BACKFILL_AUTO
2026-04-15 14:13:24,1776262404,R_75,32428.5938,1,14.993599999997969,BACKFILL_AUTO
2026-04-15 14:13:26,1776262406,R_75,32427.7704,-1,0.8233999999974912,BACKFILL_AUTO
2026-04-15 14:13:28,1776262408,R_75,32422.6544,-1,5.116000000001804,BACKFILL_AUTO
2026-04-15 14:13:30,1776262410,R_75,32412.8249,-1,9.829499999999825,BACKFILL_AUTO
2026-04-15 14:13:32,1776262412,R_75,32416.7148,1,3.889900000001944,BACKFILL_AUTO
2026-04-15 14:13:34,1776262414,R_75,32423.0635,1,6.348699999998644,BACKFILL_AUTO
2026-04-15 14:13:36,1776262416,R_75,32424.7998,1,1.7363000000004831,BACKFILL_AUTO
2026-04-15 14:13:38,1776262418,R_75,32430.578,1,5.778200000000652,BACKFILL_AUTO
2026-04-15 14:13:40,1776262420,R_75,32428.509,-1,2.069000000003143,BACKFILL_AUTO
2026-04-15 14:13:42,1776262422,R_75,32434.258,1,5.749000000003434,BACKFILL_AUTO
2026-04-15 14:13:44,1776262424,R_75,32439.4765,1,5.21849999999904,BACKFILL_AUTO
2026-04-15 14:13:46,1776262426,R_75,32435.5785,-1,3.8980000000010477,BACKFILL_AUTO
2026-04-15 14:13:48,1776262428,R_75,32434.0476,-1,1.5308999999979278,BACKFILL_AUTO
2026-04-15 14:13:50,1776262430,R_75,32446.0646,1,12.016999999999825,BACKFILL_AUTO
2026-04-15 14:13:52,1776262432,R_75,32441.732,-1,4.332600000001548,BACKFILL_AUTO
2026-04-15 14:13:54,1776262434,R_75,32446.5159,1,4.783899999998539,BACKFILL_AUTO
2026-04-15 14:13:56,1776262436,R_75,32451.7737,1,5.257800000003044,BACKFILL_AUTO
2026-04-15 14:13:58,1776262438,R_75,32444.8519,-1,6.921800000000076,BACKFILL_AUTO
2026-04-15 14:14:00,1776262440,R_75,32445.2577,1,0.40579999999681604,BACKFILL_AUTO
2026-04-15 14:14:02,1776262442,R_75,32450.6697,1,5.412000000000262,BACKFILL_AUTO
2026-04-15 14:14:04,1776262444,R_75,32459.3908,1,8.72110000000248,BACKFILL_AUTO
2026-04-15 14:14:06,1776262446,R_75,32444.5275,-1,14.86330000000089,BACKFILL_AUTO
2026-04-15 14:14:08,1776262448,R_75,32441.1614,-1,3.3660999999992782,BACKFILL_AUTO
2026-04-15 14:14:10,1776262450,R_75,32439.5842,-1,1.5771999999997206,BACKFILL_AUTO
2026-04-15 14:14:12,1776262452,R_75,32430.6637,-1,8.920500000000175,BACKFILL_AUTO
2026-04-15 14:14:14,1776262454,R_75,32430.5124,-1,0.15130000000135624,BACKFILL_AUTO
2026-04-15 14:14:16,1776262456,R_75,32422.7321,-1,7.780299999998533,BACKFILL_AUTO
2026-04-15 14:14:18,1776262458,R_75,32415.8458,-1,6.886300000001938,BACKFILL_AUTO
2026-04-15 14:14:20,1776262460,R_75,32420.6097,1,4.76390000000174,BACKFILL_AUTO
2026-04-15 14:14:22,1776262462,R_75,32422.6153,1,2.0056000000004133,BACKFILL_AUTO
2026-04-15 14:14:24,1776262464,R_75,32423.6653,1,1.0499999999992724,BACKFILL_AUTO
2026-04-15 14:14:26,1776262466,R_75,32429.9855,1,6.3201999999982945,BACKFILL_AUTO
2026-04-15 14:14:28,1776262468,R_75,32421.8586,-1,8.126899999999296,BACKFILL_AUTO
2026-04-15 14:14:30,1776262470,R_75,32427.6625,1,5.8038999999989755,BACKFILL_AUTO
2026-04-15 14:14:32,1776262472,R_75,32430.8765,1,3.213999999999942,BACKFILL_AUTO
2026-04-15 14:14:34,1776262474,R_75,32433.0928,1,2.2163000000000466,BACKFILL_AUTO
2026-04-15 14:14:36,1776262476,R_75,32437.7579,1,4.665100000001985,BACKFILL_AUTO
2026-04-15 14:14:38,1776262478,R_75,32431.5181,-1,6.239799999999377,BACKFILL_AUTO
2026-04-15 14:14:40,1776262480,R_75,32420.7268,-1,10.791300000000774,BACKFILL_AUTO
2026-04-15 14:14:42,1776262482,R_75,32414.7772,-1,5.9495999999999185,BACKFILL_AUTO
2026-04-15 14:14:44,1776262484,R_75,32413.1911,-1,1.5861000000004424,BACKFILL_AUTO
2026-04-15 14:14:46,1776262486,R_75,32414.4814,1,1.2903000000005704,BACKFILL_AUTO
2026-04-15 14:14:48,1776262488,R_75,32413.1194,-1,1.3620000000009895,BACKFILL_AUTO
2026-04-15 14:14:50,1776262490,R_75,32408.6935,-1,4.425899999998364,BACKFILL_AUTO
2026-04-15 14:14:52,1776262492,R_75,32409.6355,1,0.9419999999990978,BACKFILL_AUTO
2026-04-15 14:14:54,1776262494,R_75,32417.6946,1,8.05909999999858,BACKFILL_AUTO
2026-04-15 14:14:56,1776262496,R_75,32411.2425,-1,6.452099999998609,BACKFILL_AUTO
2026-04-15 14:14:58,1776262498,R_75,32405.7579,-1,5.484599999999773,BACKFILL_AUTO
2026-04-15 14:15:00,1776262500,R_75,32409.4037,1,3.6457999999984168,BACKFILL_AUTO
2026-04-15 14:15:02,1776262502,R_75,32425.084,1,15.680299999999988,BACKFILL_AUTO
2026-04-15 14:15:04,1776262504,R_75,32423.3169,-1,1.7670999999972992,BACKFILL_AUTO
2026-04-15 14:15:06,1776262506,R_75,32436.2538,1,12.936899999996967,BACKFILL_AUTO
2026-04-15 14:15:08,1776262508,R_75,32441.8217,1,5.567900000001828,BACKFILL_AUTO
2026-04-15 14:15:10,1776262510,R_75,32435.861,-1,5.960699999999633,BACKFILL_AUTO
2026-04-15 14:15:12,1776262512,R_75,32433.3889,-1,2.4720999999990454,BACKFILL_AUTO
2026-04-15 14:15:14,1776262514,R_75,32437.6217,1,4.232799999997951,BACKFILL_AUTO
2026-04-15 14:15:16,1776262516,R_75,32433.2112,-1,4.410499999998137,BACKFILL_AUTO
2026-04-15 14:15:18,1776262518,R_75,32440.8384,1,7.627199999998993,BACKFILL_AUTO
2026-04-15 14:15:20,1776262520,R_75,32442.8494,1,2.010999999998603,BACKFILL_AUTO
2026-04-15 14:15:22,1776262522,R_75,32441.2539,-1,1.595499999999447,BACKFILL_AUTO
2026-04-15 14:15:24,1776262524,R_75,32451.2817,1,10.027799999999843,BACKFILL_AUTO
2026-04-15 14:15:26,1776262526,R_75,32449.8534,-1,1.428299999999581,BACKFILL_AUTO
2026-04-15 14:15:28,1776262528,R_75,32453.8224,1,3.9690000000009604,BACKFILL_AUTO
2026-04-15 14:15:30,1776262530,R_75,32448.8003,-1,5.022100000001956,BACKFILL_AUTO
2026-04-15 14:15:32,1776262532,R_75,32451.1755,1,2.3752000000022235,BACKFILL_AUTO
2026-04-15 14:15:34,1776262534,R_75,32455.0033,1,3.8277999999991152,BACKFILL_AUTO
2026-04-15 14:15:36,1776262536,R_75,32449.5146,-1,5.4887000000017,BACKFILL_AUTO
2026-04-15 14:15:38,1776262538,R_75,32451.3241,1,1.8095000000030268,BACKFILL_AUTO
2026-04-15 14:15:40,1776262540,R_75,32456.5903,1,5.266199999998207,BACKFILL_AUTO
2026-04-15 14:15:42,1776262542,R_75,32446.0895,-1,10.500800000001618,BACKFILL_AUTO
2026-04-15 14:15:44,1776262544,R_75,32444.4649,-1,1.624599999999191,BACKFILL_AUTO
2026-04-15 14:15:46,1776262546,R_75,32456.3865,1,11.92160000000149,BACKFILL_AUTO
2026-04-15 14:15:48,1776262548,R_75,32449.1337,-1,7.252800000002026,BACKFILL_AUTO
2026-04-15 14:15:50,1776262550,R_75,32455.6031,1,6.4694000000017695,BACKFILL_AUTO
2026-04-15 14:15:52,1776262552,R_75,32449.498,-1,6.105100000000675,BACKFILL_AUTO
2026-04-15 14:15:54,1776262554,R_75,32441.0815,-1,8.41649999999936,BACKFILL_AUTO
2026-04-15 14:15:56,1776262556,R_75,32443.591,1,2.5095000000001164,BACKFILL_AUTO
2026-04-15 14:15:58,1776262558,R_75,32441.9764,-1,1.6146000000007916,BACKFILL_AUTO
2026-04-15 14:16:00,1776262560,R_75,32439.8937,-1,2.082699999999022,BACKFILL_AUTO
2026-04-15 14:16:02,1776262562,R_75,32435.6968,-1,4.196899999999005,BACKFILL_AUTO
2026-04-15 14:16:04,1776262564,R_75,32424.4959,-1,11.20089999999982,BACKFILL_AUTO
2026-04-15 14:16:06,1776262566,R_75,32416.6266,-1,7.869300000002113,BACKFILL_AUTO
2026-04-15 14:16:08,1776262568,R_75,32411.6218,-1,5.004799999998795,BACKFILL_AUTO
2026-04-15 14:16:10,1776262570,R_75,32411.485,-1,0.1368000000002212,BACKFILL_AUTO
2026-04-15 14:16:12,1776262572,R_75,32415.6609,1,4.175899999998364,BACKFILL_AUTO
2026-04-15 14:16:14,1776262574,R_75,32406.6192,-1,9.041699999997945,BACKFILL_AUTO
2026-04-15 14:16:16,1776262576,R_75,32408.1797,1,1.5604999999995925,BACKFILL_AUTO
2026-04-15 14:16:18,1776262578,R_75,32409.376,1,1.19629999999961,BACKFILL_AUTO
2026-04-15 14:16:20,1776262580,R_75,32399.8033,-1,9.572700000000623,BACKFILL_AUTO
2026-04-15 14:16:22,1776262582,R_75,32404.8757,1,5.0724000000009255,BACKFILL_AUTO
2026-04-15 14:16:24,1776262584,R_75,32406.9858,1,2.110099999998056,BACKFILL_AUTO
2026-04-15 14:16:26,1776262586,R_75,32406.2641,-1,0.7216999999982363,BACKFILL_AUTO
2026-04-15 14:16:28,1776262588,R_75,32398.1934,-1,8.070700000000215,BACKFILL_AUTO
2026-04-15 14:16:30,1776262590,R_75,32391.9766,-1,6.216799999998329,BACKFILL_AUTO
2026-04-15 14:16:32,1776262592,R_75,32391.0547,-1,0.9219000000011874,BACKFILL_AUTO
2026-04-15 14:16:34,1776262594,R_75,32395.1168,1,4.062099999999191,BACKFILL_AUTO
2026-04-15 14:16:36,1776262596,R_75,32384.4833,-1,10.633499999999913,BACKFILL_AUTO
2026-04-15 14:16:38,1776262598,R_75,32385.4394,1,0.9560999999994237,BACKFILL_AUTO
2026-04-15 14:16:40,1776262600,R_75,32389.4727,1,4.033299999999144,BACKFILL_AUTO
2026-04-15 14:16:42,1776262602,R_75,32386.0884,-1,3.384299999997893,BACKFILL_AUTO
2026-04-15 14:16:44,1776262604,R_75,32395.6707,1,9.582299999998213,BACKFILL_AUTO
2026-04-15 14:16:46,1776262606,R_75,32400.9622,1,5.291500000002998,BACKFILL_AUTO
2026-04-15 14:16:48,1776262608,R_75,32397.8911,-1,3.0711000000010245,BACKFILL_AUTO
2026-04-15 14:16:50,1776262610,R_75,32404.5345,1,6.643400000000838,BACKFILL_AUTO
2026-04-15 14:16:52,1776262612,R_75,32404.9183,1,0.38379999999961,BACKFILL_AUTO
2026-04-15 14:16:54,1776262614,R_75,32406.711,1,1.792699999998149,BACKFILL_AUTO
2026-04-15 14:16:56,1776262616,R_75,32402.3111,-1,4.399900000000343,BACKFILL_AUTO
2026-04-15 14:16:58,1776262618,R_75,32406.346,1,4.034900000002381,BACKFILL_AUTO
2026-04-15 14:17:00,1776262620,R_75,32410.197,1,3.8509999999987485,BACKFILL_AUTO
2026-04-15 14:17:02,1776262622,R_75,32403.3291,-1,6.8679000000011,BACKFILL_AUTO
2026-04-15 14:17:04,1776262624,R_75,32402.6475,-1,0.6815999999998894,BACKFILL_AUTO
2026-04-15 14:17:06,1776262626,R_75,32401.9568,-1,0.6906999999991967,BACKFILL_AUTO
2026-04-15 14:17:08,1776262628,R_75,32396.8063,-1,5.150499999999738,BACKFILL_AUTO
2026-04-15 14:17:10,1776262630,R_75,32395.8204,-1,0.985899999999674,BACKFILL_AUTO
2026-04-15 14:17:12,1776262632,R_75,32396.198,1,0.3775999999998021,BACKFILL_AUTO
2026-04-15 14:17:14,1776262634,R_75,32398.7334,1,2.5354000000006636,BACKFILL_AUTO
2026-04-15 14:17:16,1776262636,R_75,32396.3588,-1,2.374599999999191,BACKFILL_AUTO
2026-04-15 14:17:18,1776262638,R_75,32398.3816,1,2.022799999998824,BACKFILL_AUTO
2026-04-15 14:17:20,1776262640,R_75,32396.9756,-1,1.4059999999990396,BACKFILL_AUTO
2026-04-15 14:17:22,1776262642,R_75,32402.0057,1,5.030099999999948,BACKFILL_AUTO
2026-04-15 14:17:24,1776262644,R_75,32408.415,1,6.409299999999348,BACKFILL_AUTO
2026-04-15 14:17:26,1776262646,R_75,32409.9822,1,1.5671999999976833,BACKFILL_AUTO
2026-04-15 14:17:28,1776262648,R_75,32409.8964,-1,0.08579999999710708,BACKFILL_AUTO
2026-04-15 14:17:30,1776262650,R_75,32407.501,-1,2.3954000000012456,BACKFILL_AUTO
2026-04-15 14:17:32,1776262652,R_75,32409.173,1,1.6719999999986612,BACKFILL_AUTO
2026-04-15 14:17:34,1776262654,R_75,32415.3138,1,6.140800000001036,BACKFILL_AUTO
2026-04-15 14:17:36,1776262656,R_75,32405.1851,-1,10.128700000001118,BACKFILL_AUTO
2026-04-15 14:17:38,1776262658,R_75,32410.862,1,5.676900000002206,BACKFILL_AUTO
2026-04-15 14:17:40,1776262660,R_75,32414.7069,1,3.8449000000000524,BACKFILL_AUTO
2026-04-15 14:17:42,1776262662,R_75,32410.6283,-1,4.078600000000733,BACKFILL_AUTO
2026-04-15 14:17:44,1776262664,R_75,32415.0513,1,4.422999999998865,BACKFILL_AUTO
2026-04-15 14:17:46,1776262666,R_75,32425.9903,1,10.939000000002125,BACKFILL_AUTO
2026-04-15 14:17:48,1776262668,R_75,32423.6853,-1,2.305000000000291,BACKFILL_AUTO
2026-04-15 14:17:50,1776262670,R_75,32429.829,1,6.1437000000005355,BACKFILL_AUTO
2026-04-15 14:17:52,1776262672,R_75,32433.0371,1,3.208099999999831,BACKFILL_AUTO
2026-04-15 14:17:54,1776262674,R_75,32426.7439,-1,6.29320000000007,BACKFILL_AUTO
2026-04-15 14:17:56,1776262676,R_75,32431.033,1,4.289099999998143,BACKFILL_AUTO
2026-04-15 14:17:58,1776262678,R_75,32423.5005,-1,7.532500000001164,BACKFILL_AUTO
2026-04-15 14:18:00,1776262680,R_75,32417.4838,-1,6.01669999999649,BACKFILL_AUTO
2026-04-15 14:18:02,1776262682,R_75,32418.7398,1,1.2559999999975844,BACKFILL_AUTO
2026-04-15 14:18:04,1776262684,R_75,32422.3498,1,3.610000000000582,BACKFILL_AUTO
2026-04-15 14:18:06,1776262686,R_75,32417.7675,-1,4.582299999998213,BACKFILL_AUTO
2026-04-15 14:18:08,1776262688,R_75,32418.4257,1,0.6581999999980326,BACKFILL_AUTO
2026-04-15 14:18:10,1776262690,R_75,32419.4036,1,0.9779000000016822,BACKFILL_AUTO
2026-04-15 14:18:12,1776262692,R_75,32418.6669,-1,0.7367000000012922,BACKFILL_AUTO
2026-04-15 14:18:14,1776262694,R_75,32426.4054,1,7.738499999999476,BACKFILL_AUTO
2026-04-15 14:18:16,1776262696,R_75,32418.4695,-1,7.935900000000402,BACKFILL_AUTO
2026-04-15 14:18:18,1776262698,R_75,32410.1576,-1,8.311900000000605,BACKFILL_AUTO
2026-04-15 14:18:20,1776262700,R_75,32410.2306,1,0.07300000000032014,BACKFILL_AUTO
2026-04-15 14:18:22,1776262702,R_75,32420.8361,1,10.605500000001484,BACKFILL_AUTO
2026-04-15 14:18:24,1776262704,R_75,32415.1712,-1,5.664899999999761,BACKFILL_AUTO
2026-04-15 14:18:26,1776262706,R_75,32409.5631,-1,5.608100000001286,BACKFILL_AUTO
2026-04-15 14:18:28,1776262708,R_75,32414.1667,1,4.603600000002189,BACKFILL_AUTO
2026-04-15 14:18:30,1776262710,R_75,32413.3297,-1,0.8370000000031723,BACKFILL_AUTO
2026-04-15 14:18:32,1776262712,R_75,32415.8969,1,2.5672000000013213,BACKFILL_AUTO
2026-04-15 14:18:34,1776262714,R_75,32420.4,1,4.503100000001723,BACKFILL_AUTO
2026-04-15 14:18:36,1776262716,R_75,32420.5262,1,0.12619999999878928,BACKFILL_AUTO
2026-04-15 14:18:38,1776262718,R_75,32419.3364,-1,1.1898000000001048,BACKFILL_AUTO
2026-04-15 14:18:40,1776262720,R_75,32409.0888,-1,10.247599999998783,BACKFILL_AUTO
2026-04-15 14:18:42,1776262722,R_75,32413.0641,1,3.975299999998242,BACKFILL_AUTO
2026-04-15 14:18:44,1776262724,R_75,32409.7866,-1,3.2775000000001455,BACKFILL_AUTO
2026-04-15 14:18:46,1776262726,R_75,32421.1805,1,11.393899999999121,BACKFILL_AUTO
2026-04-15 14:18:48,1776262728,R_75,32418.5802,-1,2.600299999998242,BACKFILL_AUTO
2026-04-15 14:18:50,1776262730,R_75,32418.7944,1,0.21419999999852735,BACKFILL_AUTO
2026-04-15 14:18:52,1776262732,R_75,32419.4324,1,0.6380000000026484,BACKFILL_AUTO
2026-04-15 14:18:54,1776262734,R_75,32407.3316,-1,12.100800000000163,BACKFILL_AUTO
2026-04-15 14:18:56,1776262736,R_75,32403.8361,-1,3.495500000000902,BACKFILL_AUTO
2026-04-15 14:18:58,1776262738,R_75,32406.8541,1,3.018000000000029,BACKFILL_AUTO
2026-04-15 14:19:00,1776262740,R_75,32398.764,-1,8.090100000001257,BACKFILL_AUTO
2026-04-15 14:19:02,1776262742,R_75,32374.1746,-1,24.58940000000075,BACKFILL_AUTO
2026-04-15 14:19:04,1776262744,R_75,32364.9848,-1,9.189800000000105,BACKFILL_AUTO
2026-04-15 14:19:06,1776262746,R_75,32368.269,1,3.2842000000018743,BACKFILL_AUTO
2026-04-15 14:19:08,1776262748,R_75,32361.4946,-1,6.774399999998423,BACKFILL_AUTO
2026-04-15 14:19:10,1776262750,R_75,32358.1419,-1,3.3527000000030966,BACKFILL_AUTO
2026-04-15 14:19:12,1776262752,R_75,32349.5421,-1,8.59979999999996,BACKFILL_AUTO
2026-04-15 14:19:14,1776262754,R_75,32346.7743,-1,2.7677999999978056,BACKFILL_AUTO
2026-04-15 14:19:16,1776262756,R_75,32342.2083,-1,4.566000000002532,BACKFILL_AUTO
2026-04-15 14:19:18,1776262758,R_75,32335.9635,-1,6.244799999996758,BACKFILL_AUTO
2026-04-15 14:19:20,1776262760,R_75,32337.7813,1,1.817799999997078,BACKFILL_AUTO
2026-04-15 14:19:22,1776262762,R_75,32333.8989,-1,3.882399999998597,BACKFILL_AUTO
2026-04-15 14:19:24,1776262764,R_75,32325.2352,-1,8.663700000000972,BACKFILL_AUTO
2026-04-15 14:19:26,1776262766,R_75,32333.81,1,8.574800000002142,BACKFILL_AUTO
2026-04-15 14:19:28,1776262768,R_75,32334.3433,1,0.5332999999991443,BACKFILL_AUTO
2026-04-15 14:19:30,1776262770,R_75,32335.9111,1,1.567800000000716,BACKFILL_AUTO
2026-04-15 14:19:32,1776262772,R_75,32328.4436,-1,7.467500000002474,BACKFILL_AUTO
2026-04-15 14:19:34,1776262774,R_75,32333.5219,1,5.078300000001036,BACKFILL_AUTO
2026-04-15 14:19:36,1776262776,R_75,32327.4435,-1,6.07839999999851,BACKFILL_AUTO
2026-04-15 14:19:38,1776262778,R_75,32322.2691,-1,5.174399999999878,BACKFILL_AUTO
2026-04-15 14:19:40,1776262780,R_75,32310.439,-1,11.830100000002858,BACKFILL_AUTO
2026-04-15 14:19:42,1776262782,R_75,32311.779,1,1.3400000000001455,BACKFILL_AUTO
2026-04-15 14:19:44,1776262784,R_75,32306.1625,-1,5.616500000000087,BACKFILL_AUTO
2026-04-15 14:19:46,1776262786,R_75,32310.2897,1,4.127200000002631,BACKFILL_AUTO
2026-04-15 14:19:48,1776262788,R_75,32318.2455,1,7.955799999999726,BACKFILL_AUTO
2026-04-15 14:19:50,1776262790,R_75,32312.9276,-1,5.317900000001828,BACKFILL_AUTO
2026-04-15 14:19:52,1776262792,R_75,32313.3484,1,0.42079999999987194,BACKFILL_AUTO
2026-04-15 14:19:54,1776262794,R_75,32308.4349,-1,4.9134999999987485,BACKFILL_AUTO
2026-04-15 14:19:56,1776262796,R_75,32309.6667,1,1.2318000000013853,BACKFILL_AUTO
2026-04-15 14:19:58,1776262798,R_75,32295.2255,-1,14.441200000001118,BACKFILL_AUTO
2026-04-15 14:20:00,1776262800,R_75,32299.855,1,4.629499999999098,BACKFILL_AUTO
2026-04-15 14:20:02,1776262802,R_75,32293.2025,-1,6.6525000000001455,BACKFILL_AUTO
2026-04-15 14:20:04,1776262804,R_75,32304.7848,1,11.582300000001851,BACKFILL_AUTO
2026-04-15 14:20:06,1776262806,R_75,32305.3098,1,0.5249999999978172,BACKFILL_AUTO
2026-04-15 14:20:08,1776262808,R_75,32302.1665,-1,3.1432999999997264,BACKFILL_AUTO
2026-04-15 14:20:10,1776262810,R_75,32306.2316,1,4.065099999999802,BACKFILL_AUTO
2026-04-15 14:20:12,1776262812,R_75,32302.0049,-1,4.226699999999255,BACKFILL_AUTO
2026-04-15 14:20:14,1776262814,R_75,32307.4531,1,5.448199999998906,BACKFILL_AUTO
2026-04-15 14:20:16,1776262816,R_75,32310.4218,1,2.968700000001263,BACKFILL_AUTO
2026-04-15 14:20:18,1776262818,R_75,32311.4115,1,0.9896999999982654,BACKFILL_AUTO
2026-04-15 14:20:20,1776262820,R_75,32302.0803,-1,9.331199999996898,BACKFILL_AUTO
2026-04-15 14:20:22,1776262822,R_75,32300.691,-1,1.3893000000025495,BACKFILL_AUTO
2026-04-15 14:20:24,1776262824,R_75,32297.6414,-1,3.0495999999984633,BACKFILL_AUTO
2026-04-15 14:20:26,1776262826,R_75,32298.4557,1,0.8142999999981839,BACKFILL_AUTO
2026-04-15 14:20:28,1776262828,R_75,32299.2536,1,0.7979000000013912,BACKFILL_AUTO
2026-04-15 14:20:30,1776262830,R_75,32304.0909,1,4.837299999999232,BACKFILL_AUTO
2026-04-15 14:20:32,1776262832,R_75,32303.4534,-1,0.6375000000007276,BACKFILL_AUTO
2026-04-15 14:20:34,1776262834,R_75,32299.4338,-1,4.0195999999996275,BACKFILL_AUTO
2026-04-15 14:20:36,1776262836,R_75,32301.2457,1,1.8119000000006054,BACKFILL_AUTO
2026-04-15 14:20:38,1776262838,R_75,32301.8143,1,0.5685999999986961,BACKFILL_AUTO
2026-04-15 14:20:40,1776262840,R_75,32303.1801,1,1.3658000000032189,BACKFILL_AUTO
2026-04-15 14:20:42,1776262842,R_75,32290.3608,-1,12.81930000000284,BACKFILL_AUTO
2026-04-15 14:20:44,1776262844,R_75,32290.3551,-1,0.005699999997887062,BACKFILL_AUTO
2026-04-15 14:20:46,1776262846,R_75,32284.8639,-1,5.49120000000039,BACKFILL_AUTO
2026-04-15 14:20:48,1776262848,R_75,32289.8403,1,4.976399999999558,BACKFILL_AUTO
2026-04-15 14:20:50,1776262850,R_75,32287.8694,-1,1.9709000000002561,BACKFILL_AUTO
2026-04-15 14:20:52,1776262852,R_75,32289.6361,1,1.766700000000128,BACKFILL_AUTO
2026-04-15 14:20:54,1776262854,R_75,32293.6341,1,3.9979999999995925,BACKFILL_AUTO
2026-04-15 14:20:56,1776262856,R_75,32288.889,-1,4.745100000000093,BACKFILL_AUTO
2026-04-15 14:20:58,1776262858,R_75,32289.808,1,0.919000000001688,BACKFILL_AUTO
2026-04-15 14:21:00,1776262860,R_75,32289.4757,-1,0.332300000001851,BACKFILL_AUTO
2026-04-15 14:21:02,1776262862,R_75,32292.5208,1,3.0450999999993655,BACKFILL_AUTO
2026-04-15 14:21:04,1776262864,R_75,32279.6756,-1,12.84519999999975,BACKFILL_AUTO
2026-04-15 14:21:06,1776262866,R_75,32280.0673,1,0.39170000000012806,BACKFILL_AUTO
2026-04-15 14:21:08,1776262868,R_75,32275.4536,-1,4.613699999998062,BACKFILL_AUTO
2026-04-15 14:21:10,1776262870,R_75,32281.5013,1,6.047699999999168,BACKFILL_AUTO
2026-04-15 14:21:12,1776262872,R_75,32284.2003,1,2.699000000000524,BACKFILL_AUTO
2026-04-15 14:21:14,1776262874,R_75,32276.9842,-1,7.216100000001461,BACKFILL_AUTO
2026-04-15 14:21:16,1776262876,R_75,32276.6925,-1,0.29169999999794527,BACKFILL_AUTO
2026-04-15 14:21:18,1776262878,R_75,32277.7232,1,1.0306999999993423,BACKFILL_AUTO
2026-04-15 14:21:20,1776262880,R_75,32278.8755,1,1.152299999997922,BACKFILL_AUTO
2026-04-15 14:21:22,1776262882,R_75,32281.2891,1,2.4136000000034983,BACKFILL_AUTO
2026-04-15 14:21:24,1776262884,R_75,32287.9428,1,6.653699999998935,BACKFILL_AUTO
2026-04-15 14:21:26,1776262886,R_75,32293.8086,1,5.865799999999581,BACKFILL_AUTO
2026-04-15 14:21:28,1776262888,R_75,32290.272,-1,3.536599999999453,BACKFILL_AUTO
2026-04-15 14:21:30,1776262890,R_75,32283.2096,-1,7.062400000002526,BACKFILL_AUTO
2026-04-15 14:21:32,1776262892,R_75,32284.0589,1,0.8493000000016764,BACKFILL_AUTO
2026-04-15 14:21:34,1776262894,R_75,32281.7341,-1,2.324799999998504,BACKFILL_AUTO
2026-04-15 14:21:36,1776262896,R_75,32278.1393,-1,3.5948000000025786,BACKFILL_AUTO
2026-04-15 14:21:38,1776262898,R_75,32283.9277,1,5.788400000001275,BACKFILL_AUTO
2026-04-15 14:21:40,1776262900,R_75,32290.7357,1,6.808000000000902,BACKFILL_AUTO
2026-04-15 14:21:42,1776262902,R_75,32289.1496,-1,1.5861000000004424,BACKFILL_AUTO
2026-04-15 14:21:44,1776262904,R_75,32287.6311,-1,1.51850000000195,BACKFILL_AUTO
2026-04-15 14:21:46,1776262906,R_75,32293.8785,1,6.247400000000198,BACKFILL_AUTO
2026-04-15 14:21:48,1776262908,R_75,32287.0783,-1,6.800199999997858,BACKFILL_AUTO
2026-04-15 14:21:50,1776262910,R_75,32289.5498,1,2.4714999999996508,BACKFILL_AUTO
2026-04-15 14:21:52,1776262912,R_75,32280.8396,-1,8.71020000000135,BACKFILL_AUTO
2026-04-15 14:21:54,1776262914,R_75,32287.8551,1,7.015500000001339,BACKFILL_AUTO
2026-04-15 14:21:56,1776262916,R_75,32275.3667,-1,12.488400000002002,BACKFILL_AUTO
2026-04-15 14:21:58,1776262918,R_75,32270.0121,-1,5.354599999998754,BACKFILL_AUTO
2026-04-15 14:22:00,1776262920,R_75,32273.2874,1,3.2753000000011525,BACKFILL_AUTO
2026-04-15 14:22:02,1776262922,R_75,32274.7084,1,1.4209999999984575,BACKFILL_AUTO
2026-04-15 14:22:04,1776262924,R_75,32274.5926,-1,0.1157999999995809,BACKFILL_AUTO
2026-04-15 14:22:06,1776262926,R_75,32269.0263,-1,5.566299999998591,BACKFILL_AUTO
2026-04-15 14:22:08,1776262928,R_75,32272.4422,1,3.415899999999965,BACKFILL_AUTO
2026-04-15 14:22:10,1776262930,R_75,32280.6787,1,8.236499999999069,BACKFILL_AUTO
2026-04-15 14:22:12,1776262932,R_75,32295.0365,1,14.357799999997951,BACKFILL_AUTO
2026-04-15 14:22:14,1776262934,R_75,32297.1467,1,2.1102000000028056,BACKFILL_AUTO
2026-04-15 14:22:16,1776262936,R_75,32298.0364,1,0.8896999999997206,BACKFILL_AUTO
2026-04-15 14:22:18,1776262938,R_75,32302.4168,1,4.38039999999819,BACKFILL_AUTO
2026-04-15 14:22:20,1776262940,R_75,32301.2173,-1,1.1994999999988067,BACKFILL_AUTO
2026-04-15 14:22:22,1776262942,R_75,32308.7342,1,7.516899999998714,BACKFILL_AUTO
2026-04-15 14:22:24,1776262944,R_75,32296.2194,-1,12.514799999997194,BACKFILL_AUTO
2026-04-15 14:22:26,1776262946,R_75,32294.7265,-1,1.4929000000011001,BACKFILL_AUTO
2026-04-15 14:22:28,1776262948,R_75,32288.6981,-1,6.0283999999992375,BACKFILL_AUTO
2026-04-15 14:22:30,1776262950,R_75,32284.2186,-1,4.479500000001281,BACKFILL_AUTO
2026-04-15 14:22:32,1776262952,R_75,32286.8542,1,2.635600000001432,BACKFILL_AUTO
2026-04-15 14:22:34,1776262954,R_75,32284.6662,-1,2.188000000001921,BACKFILL_AUTO
2026-04-15 14:22:36,1776262956,R_75,32284.0133,-1,0.6529000000009546,BACKFILL_AUTO
2026-04-15 14:22:38,1776262958,R_75,32278.8281,-1,5.185199999999895,BACKFILL_AUTO
2026-04-15 14:22:40,1776262960,R_75,32278.1159,-1,0.7121999999981199,BACKFILL_AUTO
2026-04-15 14:22:42,1776262962,R_75,32291.5629,1,13.447000000000116,BACKFILL_AUTO
2026-04-15 14:22:44,1776262964,R_75,32295.9015,1,4.338599999999133,BACKFILL_AUTO
2026-04-15 14:22:46,1776262966,R_75,32295.8871,-1,0.014400000000023283,BACKFILL_AUTO
2026-04-15 14:22:48,1776262968,R_75,32295.0785,-1,0.8086000000002969,BACKFILL_AUTO
2026-04-15 14:22:50,1776262970,R_75,32304.827,1,9.748500000001513,BACKFILL_AUTO
2026-04-15 14:22:52,1776262972,R_75,32298.7445,-1,6.082500000000437,BACKFILL_AUTO
2026-04-15 14:22:54,1776262974,R_75,32301.0467,1,2.3021999999982654,BACKFILL_AUTO
2026-04-15 14:22:56,1776262976,R_75,32302.639,1,1.5923000000002503,BACKFILL_AUTO
2026-04-15 14:22:58,1776262978,R_75,32295.0725,-1,7.566500000000815,BACKFILL_AUTO
2026-04-15 14:23:00,1776262980,R_75,32295.8899,1,0.8173999999999069,BACKFILL_AUTO
2026-04-15 14:23:02,1776262982,R_75,32305.1799,1,9.290000000000873,BACKFILL_AUTO
2026-04-15 14:23:04,1776262984,R_75,32311.1471,1,5.9671999999991385,BACKFILL_AUTO
2026-04-15 14:23:06,1776262986,R_75,32301.2253,-1,9.921800000000076,BACKFILL_AUTO
2026-04-15 14:23:08,1776262988,R_75,32308.8497,1,7.624400000000605,BACKFILL_AUTO
2026-04-15 14:23:10,1776262990,R_75,32303.6895,-1,5.16019999999844,BACKFILL_AUTO
2026-04-15 14:23:12,1776262992,R_75,32302.3363,-1,1.3532000000013795,BACKFILL_AUTO
2026-04-15 14:23:14,1776262994,R_75,32312.1731,1,9.836800000000949,BACKFILL_AUTO
2026-04-15 14:23:16,1776262996,R_75,32317.088,1,4.914899999999761,BACKFILL_AUTO
2026-04-15 14:23:18,1776262998,R_75,32318.7154,1,1.6274000000012165,BACKFILL_AUTO
2026-04-15 14:23:20,1776263000,R_75,32312.7483,-1,5.967100000001665,BACKFILL_AUTO
2026-04-15 14:23:22,1776263002,R_75,32319.6483,1,6.900000000001455,BACKFILL_AUTO
2026-04-15 14:23:24,1776263004,R_75,32315.1908,-1,4.457500000000437,BACKFILL_AUTO
2026-04-15 14:23:26,1776263006,R_75,32317.9721,1,2.781299999998737,BACKFILL_AUTO
2026-04-15 14:23:28,1776263008,R_75,32312.1119,-1,5.860199999999168,BACKFILL_AUTO
2026-04-15 14:23:30,1776263010,R_75,32315.4254,1,3.3135000000002037,BACKFILL_AUTO
2026-04-15 14:23:32,1776263012,R_75,32317.8977,1,2.472300000001269,BACKFILL_AUTO
2026-04-15 14:23:34,1776263014,R_75,32317.351,-1,0.5467000000026019,BACKFILL_AUTO
2026-04-15 14:23:36,1776263016,R_75,32315.9562,-1,1.394799999998213,BACKFILL_AUTO
2026-04-15 14:23:38,1776263018,R_75,32320.4178,1,4.461599999998725,BACKFILL_AUTO
2026-04-15 14:23:40,1776263020,R_75,32322.3695,1,1.9517000000014377,BACKFILL_AUTO
2026-04-15 14:23:42,1776263022,R_75,32306.1872,-1,16.182300000000396,BACKFILL_AUTO
2026-04-15 14:23:44,1776263024,R_75,32302.5747,-1,3.6124999999992724,BACKFILL_AUTO
2026-04-15 14:23:46,1776263026,R_75,32303.1419,1,0.5671999999976833,BACKFILL_AUTO
2026-04-15 14:23:48,1776263028,R_75,32285.5213,-1,17.620599999998376,BACKFILL_AUTO
2026-04-15 14:23:50,1776263030,R_75,32278.8089,-1,6.712400000000343,BACKFILL_AUTO
2026-04-15 14:23:52,1776263032,R_75,32293.5946,1,14.78570000000036,BACKFILL_AUTO
2026-04-15 14:23:54,1776263034,R_75,32294.09,1,0.49539999999979045,BACKFILL_AUTO
2026-04-15 14:23:56,1776263036,R_75,32296.3271,1,2.2370999999984633,BACKFILL_AUTO
2026-04-15 14:23:58,1776263038,R_75,32290.4406,-1,5.886499999996886,BACKFILL_AUTO
2026-04-15 14:24:00,1776263040,R_75,32293.9465,1,3.5058999999964726,BACKFILL_AUTO
2026-04-15 14:24:02,1776263042,R_75,32295.3365,1,1.390000000003056,BACKFILL_AUTO
2026-04-15 14:24:04,1776263044,R_75,32293.2826,-1,2.0539000000026135,BACKFILL_AUTO
2026-04-15 14:24:06,1776263046,R_75,32292.8902,-1,0.3923999999969965,BACKFILL_AUTO
2026-04-15 14:24:08,1776263048,R_75,32288.379,-1,4.5112000000008265,BACKFILL_AUTO
2026-04-15 14:24:10,1776263050,R_75,32291.699,1,3.319999999999709,BACKFILL_AUTO
2026-04-15 14:24:12,1776263052,R_75,32289.8088,-1,1.8902000000016415,BACKFILL_AUTO
2026-04-15 14:24:14,1776263054,R_75,32286.2202,-1,3.5885999999991327,BACKFILL_AUTO
2026-04-15 14:24:16,1776263056,R_75,32276.0206,-1,10.199599999999919,BACKFILL_AUTO
2026-04-15 14:24:18,1776263058,R_75,32271.1228,-1,4.897799999998824,BACKFILL_AUTO
2026-04-15 14:24:20,1776263060,R_75,32273.4202,1,2.2973999999994703,BACKFILL_AUTO
2026-04-15 14:24:22,1776263062,R_75,32281.2299,1,7.809699999997974,BACKFILL_AUTO
2026-04-15 14:24:24,1776263064,R_75,32278.4904,-1,2.73949999999968,BACKFILL_AUTO
2026-04-15 14:24:26,1776263066,R_75,32275.8101,-1,2.6802999999999884,BACKFILL_AUTO
2026-04-15 14:24:28,1776263068,R_75,32275.0179,-1,0.7921999999998661,BACKFILL_AUTO
2026-04-15 14:24:30,1776263070,R_75,32270.9414,-1,4.076499999999214,BACKFILL_AUTO
2026-04-15 14:24:32,1776263072,R_75,32266.7263,-1,4.215100000001257,BACKFILL_AUTO
2026-04-15 14:24:34,1776263074,R_75,32256.567,-1,10.159299999999348,BACKFILL_AUTO
2026-04-15 14:24:36,1776263076,R_75,32257.2884,1,0.721400000002177,BACKFILL_AUTO
2026-04-15 14:24:38,1776263078,R_75,32264.0891,1,6.800699999999779,BACKFILL_AUTO
2026-04-15 14:24:40,1776263080,R_75,32264.3484,1,0.2592999999978929,BACKFILL_AUTO
2026-04-15 14:24:42,1776263082,R_75,32270.0587,1,5.710300000002462,BACKFILL_AUTO
2026-04-15 14:24:44,1776263084,R_75,32267.0741,-1,2.984599999999773,BACKFILL_AUTO
2026-04-15 14:24:46,1776263086,R_75,32276.0459,1,8.971799999999348,BACKFILL_AUTO
2026-04-15 14:24:48,1776263088,R_75,32270.3887,-1,5.657200000001467,BACKFILL_AUTO
2026-04-15 14:24:50,1776263090,R_75,32266.2727,-1,4.1159999999981665,BACKFILL_AUTO
2026-04-15 14:24:52,1776263092,R_75,32256.3403,-1,9.932400000001508,BACKFILL_AUTO
2026-04-15 14:24:54,1776263094,R_75,32259.3341,1,2.993800000000192,BACKFILL_AUTO
2026-04-15 14:24:56,1776263096,R_75,32250.4078,-1,8.926299999999173,BACKFILL_AUTO
2026-04-15 14:24:58,1776263098,R_75,32256.2626,1,5.85479999999734,BACKFILL_AUTO
2026-04-15 14:25:00,1776263100,R_75,32263.502,1,7.239400000002206,BACKFILL_AUTO
2026-04-15 14:25:02,1776263102,R_75,32260.5966,-1,2.905399999999645,BACKFILL_AUTO
2026-04-15 14:25:04,1776263104,R_75,32266.1651,1,5.568499999997584,BACKFILL_AUTO
2026-04-15 14:25:06,1776263106,R_75,32263.6974,-1,2.4676999999974214,BACKFILL_AUTO
2026-04-15 14:25:08,1776263108,R_75,32263.1422,-1,0.5552000000025146,BACKFILL_AUTO
2026-04-15 14:25:10,1776263110,R_75,32256.2307,-1,6.911499999998341,BACKFILL_AUTO
2026-04-15 14:25:12,1776263112,R_75,32255.6122,-1,0.6185000000004948,BACKFILL_AUTO
2026-04-15 14:25:14,1776263114,R_75,32252.5967,-1,3.0155000000013388,BACKFILL_AUTO
2026-04-15 14:25:16,1776263116,R_75,32254.2936,1,1.6969000000026426,BACKFILL_AUTO
2026-04-15 14:25:18,1776263118,R_75,32248.6288,-1,5.664800000002288,BACKFILL_AUTO
2026-04-15 14:25:20,1776263120,R_75,32243.2849,-1,5.343899999999849,BACKFILL_AUTO
2026-04-15 14:25:22,1776263122,R_75,32240.817,-1,2.467899999999645,BACKFILL_AUTO
2026-04-15 14:25:24,1776263124,R_75,32239.7215,-1,1.095499999999447,BACKFILL_AUTO
2026-04-15 14:25:26,1776263126,R_75,32237.8523,-1,1.8692000000010012,BACKFILL_AUTO
2026-04-15 14:25:28,1776263128,R_75,32231.0378,-1,6.8145000000004075,BACKFILL_AUTO
2026-04-15 14:25:30,1776263130,R_75,32227.3539,-1,3.683899999999994,BACKFILL_AUTO
2026-04-15 14:25:32,1776263132,R_75,32220.7326,-1,6.621299999998882,BACKFILL_AUTO
2026-04-15 14:25:34,1776263134,R_75,32225.2575,1,4.524900000000343,BACKFILL_AUTO
2026-04-15 14:25:36,1776263136,R_75,32218.7102,-1,6.5472999999983585,BACKFILL_AUTO
2026-04-15 14:25:38,1776263138,R_75,32201.3533,-1,17.356900000002497,BACKFILL_AUTO
2026-04-15 14:25:40,1776263140,R_75,32192.8508,-1,8.50249999999869,BACKFILL_AUTO
2026-04-15 14:25:42,1776263142,R_75,32190.3632,-1,2.487600000000384,BACKFILL_AUTO
2026-04-15 14:25:44,1776263144,R_75,32188.0231,-1,2.3401000000012573,BACKFILL_AUTO
2026-04-15 14:25:46,1776263146,R_75,32184.4072,-1,3.6158999999970547,BACKFILL_AUTO
2026-04-15 14:25:48,1776263148,R_75,32192.079,1,7.671800000000076,BACKFILL_AUTO
2026-04-15 14:25:50,1776263150,R_75,32191.0234,-1,1.0556000000033237,BACKFILL_AUTO
2026-04-15 14:25:52,1776263152,R_75,32188.8943,-1,2.1290999999982887,BACKFILL_AUTO
2026-04-15 14:25:54,1776263154,R_75,32190.2464,1,1.352100000000064,BACKFILL_AUTO
2026-04-15 14:25:56,1776263156,R_75,32202.6443,1,12.397899999999936,BACKFILL_AUTO
2026-04-15 14:25:58,1776263158,R_75,32204.4735,1,1.829200000000128,BACKFILL_AUTO
2026-04-15 14:26:00,1776263160,R_75,32210.3547,1,5.881199999999808,BACKFILL_AUTO
2026-04-15 14:26:02,1776263162,R_75,32213.4271,1,3.0724000000009255,BACKFILL_AUTO
2026-04-15 14:26:04,1776263164,R_75,32209.3348,-1,4.09230000000025,BACKFILL_AUTO
2026-04-15 14:26:06,1776263166,R_75,32211.894,1,2.5591999999996915,BACKFILL_AUTO
2026-04-15 14:26:08,1776263168,R_75,32219.7015,1,7.807499999998981,BACKFILL_AUTO
2026-04-15 14:26:10,1776263170,R_75,32226.571,1,6.8695000000006985,BACKFILL_AUTO
2026-04-15 14:26:12,1776263172,R_75,32223.1553,-1,3.4157000000013795,BACKFILL_AUTO
2026-04-15 14:26:14,1776263174,R_75,32224.4366,1,1.2813000000023749,BACKFILL_AUTO
2026-04-15 14:26:16,1776263176,R_75,32228.072,1,3.6353999999992084,BACKFILL_AUTO
2026-04-15 14:26:18,1776263178,R_75,32226.0971,-1,1.974900000001071,BACKFILL_AUTO
2026-04-15 14:26:20,1776263180,R_75,32219.9403,-1,6.156800000000658,BACKFILL_AUTO
2026-04-15 14:26:22,1776263182,R_75,32216.6088,-1,3.331499999996595,BACKFILL_AUTO
2026-04-15 14:26:24,1776263184,R_75,32220.8765,1,4.267699999996694,BACKFILL_AUTO
2026-04-15 14:26:26,1776263186,R_75,32214.2907,-1,6.585799999997107,BACKFILL_AUTO
2026-04-15 14:26:28,1776263188,R_75,32217.4353,1,3.1445999999996275,BACKFILL_AUTO
2026-04-15 14:26:30,1776263190,R_75,32221.1795,1,3.744199999997363,BACKFILL_AUTO
2026-04-15 14:26:32,1776263192,R_75,32226.9898,1,5.810300000001007,BACKFILL_AUTO
2026-04-15 14:26:34,1776263194,R_75,32223.8572,-1,3.1326000000008207,BACKFILL_AUTO
2026-04-15 14:26:36,1776263196,R_75,32220.0037,-1,3.853499999997439,BACKFILL_AUTO
2026-04-15 14:26:38,1776263198,R_75,32216.069,-1,3.9347000000016124,BACKFILL_AUTO
2026-04-15 14:26:40,1776263200,R_75,32216.0695,1,0.0005000000019208528,BACKFILL_AUTO
2026-04-15 14:26:42,1776263202,R_75,32206.9702,-1,9.099300000001676,BACKFILL_AUTO
2026-04-15 14:26:44,1776263204,R_75,32211.1319,1,4.161700000000565,BACKFILL_AUTO
2026-04-15 14:26:46,1776263206,R_75,32216.9069,1,5.775000000001455,BACKFILL_AUTO
2026-04-15 14:26:48,1776263208,R_75,32220.4221,1,3.5151999999980035,BACKFILL_AUTO
2026-04-15 14:26:50,1776263210,R_75,32226.7724,1,6.35030000000188,BACKFILL_AUTO
2026-04-15 14:26:52,1776263212,R_75,32220.3936,-1,6.378800000002229,BACKFILL_AUTO
2026-04-15 14:26:54,1776263214,R_75,32221.0971,1,0.7034999999996217,BACKFILL_AUTO
2026-04-15 14:26:56,1776263216,R_75,32230.9397,1,9.842599999999948,BACKFILL_AUTO
2026-04-15 14:26:58,1776263218,R_75,32228.2212,-1,2.7184999999990396,BACKFILL_AUTO
2026-04-15 14:27:00,1776263220,R_75,32229.8441,1,1.6228999999984808,BACKFILL_AUTO
2026-04-15 14:27:02,1776263222,R_75,32231.9961,1,2.1520000000018626,BACKFILL_AUTO
2026-04-15 14:27:04,1776263224,R_75,32233.6316,1,1.6355000000003201,BACKFILL_AUTO
2026-04-15 14:27:06,1776263226,R_75,32231.3385,-1,2.293099999998958,BACKFILL_AUTO
2026-04-15 14:27:08,1776263228,R_75,32223.6922,-1,7.646300000000338,BACKFILL_AUTO
2026-04-15 14:27:10,1776263230,R_75,32227.9741,1,4.2818999999981315,BACKFILL_AUTO
2026-04-15 14:27:12,1776263232,R_75,32229.0104,1,1.0362999999997555,BACKFILL_AUTO
2026-04-15 14:27:14,1776263234,R_75,32237.1868,1,8.176400000000285,BACKFILL_AUTO
2026-04-15 14:27:16,1776263236,R_75,32231.9232,-1,5.263599999998405,BACKFILL_AUTO
2026-04-15 14:27:18,1776263238,R_75,32235.8207,1,3.897499999999127,BACKFILL_AUTO
2026-04-15 14:27:20,1776263240,R_75,32230.8238,-1,4.996900000001915,BACKFILL_AUTO
2026-04-15 14:27:22,1776263242,R_75,32221.8809,-1,8.94289999999819,BACKFILL_AUTO
2026-04-15 14:27:24,1776263244,R_75,32230.1793,1,8.298399999999674,BACKFILL_AUTO
2026-04-15 14:27:26,1776263246,R_75,32233.3351,1,3.155800000000454,BACKFILL_AUTO
2026-04-15 14:27:28,1776263248,R_75,32225.391,-1,7.944100000000617,BACKFILL_AUTO
2026-04-15 14:27:30,1776263250,R_75,32238.3834,1,12.99239999999918,BACKFILL_AUTO
2026-04-15 14:27:32,1776263252,R_75,32250.0205,1,11.637099999999919,BACKFILL_AUTO
2026-04-15 14:27:34,1776263254,R_75,32254.6136,1,4.5931000000018685,BACKFILL_AUTO
2026-04-15 14:27:36,1776263256,R_75,32250.6701,-1,3.9435000000012224,BACKFILL_AUTO
2026-04-15 14:27:38,1776263258,R_75,32248.1176,-1,2.5524999999979627,BACKFILL_AUTO
2026-04-15 14:27:40,1776263260,R_75,32237.7677,-1,10.349900000001071,BACKFILL_AUTO
2026-04-15 14:27:42,1776263262,R_75,32240.1401,1,2.372400000000198,BACKFILL_AUTO
2026-04-15 14:27:44,1776263264,R_75,32233.7871,-1,6.352999999999156,BACKFILL_AUTO
2026-04-15 14:27:46,1776263266,R_75,32240.887,1,7.099899999997433,BACKFILL_AUTO
2026-04-15 14:27:48,1776263268,R_75,32235.2384,-1,5.648600000000442,BACKFILL_AUTO
2026-04-15 14:27:50,1776263270,R_75,32238.405,1,3.1666000000004715,BACKFILL_AUTO
2026-04-15 14:27:52,1776263272,R_75,32226.3838,-1,12.021199999999226,BACKFILL_AUTO
2026-04-15 14:27:54,1776263274,R_75,32229.5474,1,3.1635999999998603,BACKFILL_AUTO
2026-04-15 14:27:56,1776263276,R_75,32230.4236,1,0.8761999999987893,BACKFILL_AUTO
2026-04-15 14:27:58,1776263278,R_75,32246.0829,1,15.659300000002986,BACKFILL_AUTO
2026-04-15 14:28:00,1776263280,R_75,32240.6284,-1,5.454499999999825,BACKFILL_AUTO
2026-04-15 14:28:02,1776263282,R_75,32234.6222,-1,6.006199999999808,BACKFILL_AUTO
2026-04-15 14:28:04,1776263284,R_75,32232.5654,-1,2.056800000002113,BACKFILL_AUTO
2026-04-15 14:28:06,1776263286,R_75,32230.1527,-1,2.4127000000007683,BACKFILL_AUTO
2026-04-15 14:28:08,1776263288,R_75,32223.2595,-1,6.893199999998615,BACKFILL_AUTO
2026-04-15 14:28:10,1776263290,R_75,32218.7076,-1,4.551899999998568,BACKFILL_AUTO
2026-04-15 14:28:12,1776263292,R_75,32218.1467,-1,0.5609000000004016,BACKFILL_AUTO
2026-04-15 14:28:14,1776263294,R_75,32229.6523,1,11.505600000000413,BACKFILL_AUTO
2026-04-15 14:28:16,1776263296,R_75,32216.9229,-1,12.729400000000169,BACKFILL_AUTO
2026-04-15 14:28:18,1776263298,R_75,32223.4235,1,6.500599999999395,BACKFILL_AUTO
2026-04-15 14:28:20,1776263300,R_75,32221.6384,-1,1.7851000000009662,BACKFILL_AUTO
2026-04-15 14:28:22,1776263302,R_75,32220.2667,-1,1.3716999999996915,BACKFILL_AUTO
2026-04-15 14:28:24,1776263304,R_75,32219.8888,-1,0.3778999999994994,BACKFILL_AUTO
2026-04-15 14:28:26,1776263306,R_75,32224.2975,1,4.408699999999953,BACKFILL_AUTO
2026-04-15 14:28:28,1776263308,R_75,32224.3038,1,0.006300000000919681,BACKFILL_AUTO
2026-04-15 14:28:30,1776263310,R_75,32224.3658,1,0.06199999999807915,BACKFILL_AUTO
2026-04-15 14:28:32,1776263312,R_75,32222.3588,-1,2.006999999997788,BACKFILL_AUTO
2026-04-15 14:28:34,1776263314,R_75,32225.1858,1,2.826999999997497,BACKFILL_AUTO
2026-04-15 14:28:36,1776263316,R_75,32219.3924,-1,5.793399999998655,BACKFILL_AUTO
2026-04-15 14:28:38,1776263318,R_75,32224.5906,1,5.198199999998906,BACKFILL_AUTO
2026-04-15 14:28:40,1776263320,R_75,32218.9265,-1,5.664099999998143,BACKFILL_AUTO
2026-04-15 14:28:42,1776263322,R_75,32213.7877,-1,5.138800000000629,BACKFILL_AUTO
2026-04-15 14:28:44,1776263324,R_75,32211.0653,-1,2.7224000000023807,BACKFILL_AUTO
2026-04-15 14:28:46,1776263326,R_75,32204.7909,-1,6.274399999998423,BACKFILL_AUTO
2026-04-15 14:28:48,1776263328,R_75,32210.3274,1,5.536499999998341,BACKFILL_AUTO
2026-04-15 14:28:50,1776263330,R_75,32207.1555,-1,3.1718999999975495,BACKFILL_AUTO
2026-04-15 14:28:52,1776263332,R_75,32211.2169,1,4.0613999999986845,BACKFILL_AUTO
2026-04-15 14:28:54,1776263334,R_75,32205.2325,-1,5.984400000001187,BACKFILL_AUTO
2026-04-15 14:28:56,1776263336,R_75,32205.9832,1,0.7507000000005064,BACKFILL_AUTO
2026-04-15 14:28:58,1776263338,R_75,32207.8424,1,1.8592000000026019,BACKFILL_AUTO
2026-04-15 14:29:00,1776263340,R_75,32209.1083,1,1.2658999999985099,BACKFILL_AUTO
2026-04-15 14:29:02,1776263342,R_75,32220.2383,1,11.130000000001019,BACKFILL_AUTO
2026-04-15 14:29:04,1776263344,R_75,32224.3277,1,4.089400000000751,BACKFILL_AUTO
2026-04-15 14:29:06,1776263346,R_75,32227.9892,1,3.661499999998341,BACKFILL_AUTO
2026-04-15 14:29:08,1776263348,R_75,32225.6855,-1,2.30370000000039,BACKFILL_AUTO
2026-04-15 14:29:10,1776263350,R_75,32221.5172,-1,4.168300000001182,BACKFILL_AUTO
2026-04-15 14:29:12,1776263352,R_75,32219.1682,-1,2.348999999998341,BACKFILL_AUTO
2026-04-15 14:29:14,1776263354,R_75,32220.5942,1,1.4259999999994761,BACKFILL_AUTO
2026-04-15 14:29:16,1776263356,R_75,32222.1418,1,1.5476000000016938,BACKFILL_AUTO
2026-04-15 14:29:18,1776263358,R_75,32224.8302,1,2.688399999999092,BACKFILL_AUTO
2026-04-15 14:29:20,1776263360,R_75,32222.4177,-1,2.412499999998545,BACKFILL_AUTO
2026-04-15 14:29:22,1776263362,R_75,32218.5656,-1,3.852100000000064,BACKFILL_AUTO
2026-04-15 14:29:24,1776263364,R_75,32217.2933,-1,1.2723000000005413,BACKFILL_AUTO
2026-04-15 14:29:26,1776263366,R_75,32217.4987,1,0.20539999999891734,BACKFILL_AUTO
2026-04-15 14:29:28,1776263368,R_75,32210.0909,-1,7.4078000000008615,BACKFILL_AUTO
2026-04-15 14:29:30,1776263370,R_75,32213.3624,1,3.271500000002561,BACKFILL_AUTO
2026-04-15 14:29:32,1776263372,R_75,32211.0366,-1,2.3258000000023458,BACKFILL_AUTO
2026-04-15 14:29:34,1776263374,R_75,32219.2635,1,8.226900000001478,BACKFILL_AUTO
2026-04-15 14:29:36,1776263376,R_75,32230.9714,1,11.707899999997608,BACKFILL_AUTO
2026-04-15 14:29:38,1776263378,R_75,32216.1827,-1,14.788699999997334,BACKFILL_AUTO
2026-04-15 14:29:40,1776263380,R_75,32216.1843,1,0.0015999999995983671,BACKFILL_AUTO
2026-04-15 14:29:42,1776263382,R_75,32218.5358,1,2.3515000000006694,BACKFILL_AUTO
2026-04-15 14:29:44,1776263384,R_75,32217.2478,-1,1.2880000000004657,BACKFILL_AUTO
2026-04-15 14:29:46,1776263386,R_75,32220.7605,1,3.512699999999313,BACKFILL_AUTO
2026-04-15 14:29:48,1776263388,R_75,32208.456,-1,12.304500000002008,BACKFILL_AUTO
2026-04-15 14:29:50,1776263390,R_75,32223.9633,1,15.507300000001123,BACKFILL_AUTO
2026-04-15 14:29:52,1776263392,R_75,32226.3889,1,2.425600000002305,BACKFILL_AUTO
2026-04-15 14:29:54,1776263394,R_75,32227.7841,1,1.3951999999990221,BACKFILL_AUTO
2026-04-15 14:29:56,1776263396,R_75,32233.943,1,6.158899999998539,BACKFILL_AUTO
2026-04-15 14:29:58,1776263398,R_75,32246.4294,1,12.486400000001595,BACKFILL_AUTO
2026-04-15 14:30:00,1776263400,R_75,32248.587,1,2.157599999998638,BACKFILL_AUTO
2026-04-15 14:30:02,1776263402,R_75,32253.8349,1,5.247900000002119,BACKFILL_AUTO
2026-04-15 14:30:04,1776263404,R_75,32253.6454,-1,0.18950000000040745,BACKFILL_AUTO
2026-04-15 14:30:06,1776263406,R_75,32259.2826,1,5.637199999997392,BACKFILL_AUTO
2026-04-15 14:30:08,1776263408,R_75,32260.4362,1,1.153600000001461,BACKFILL_AUTO
2026-04-15 14:30:10,1776263410,R_75,32279.0516,1,18.615399999998772,BACKFILL_AUTO
2026-04-15 14:30:12,1776263412,R_75,32282.7211,1,3.669499999999971,BACKFILL_AUTO
2026-04-15 14:30:14,1776263414,R_75,32283.1797,1,0.45860000000175205,BACKFILL_AUTO
2026-04-15 14:30:16,1776263416,R_75,32265.3791,-1,17.800600000002305,BACKFILL_AUTO
2026-04-15 14:30:18,1776263418,R_75,32256.6659,-1,8.713199999998324,BACKFILL_AUTO
2026-04-15 14:30:20,1776263420,R_75,32262.5736,1,5.90769999999975,BACKFILL_AUTO
2026-04-15 14:30:22,1776263422,R_75,32266.8951,1,4.3215000000018335,BACKFILL_AUTO
2026-04-15 14:30:24,1776263424,R_75,32266.7517,-1,0.1434000000008382,BACKFILL_AUTO
2026-04-15 14:30:26,1776263426,R_75,32270.5852,1,3.8335000000006403,BACKFILL_AUTO
2026-04-15 14:30:28,1776263428,R_75,32274.424,1,3.8387999999977183,BACKFILL_AUTO
2026-04-15 14:30:30,1776263430,R_75,32284.8605,1,10.436499999999796,BACKFILL_AUTO
2026-04-15 14:30:32,1776263432,R_75,32284.9381,1,0.07760000000052969,BACKFILL_AUTO
2026-04-15 14:30:34,1776263434,R_75,32280.7683,-1,4.169799999999668,BACKFILL_AUTO
2026-04-15 14:30:36,1776263436,R_75,32280.0234,-1,0.7449000000015076,BACKFILL_AUTO
2026-04-15 14:30:38,1776263438,R_75,32274.1937,-1,5.829699999998411,BACKFILL_AUTO
2026-04-15 14:30:40,1776263440,R_75,32272.965,-1,1.2286999999996624,BACKFILL_AUTO
2026-04-15 14:30:42,1776263442,R_75,32267.5756,-1,5.389400000000023,BACKFILL_AUTO
2026-04-15 14:30:44,1776263444,R_75,32269.2786,1,1.7030000000013388,BACKFILL_AUTO
2026-04-15 14:30:46,1776263446,R_75,32280.8398,1,11.561200000000099,BACKFILL_AUTO
2026-04-15 14:30:48,1776263448,R_75,32282.5984,1,1.7585999999973865,BACKFILL_AUTO
2026-04-15 14:30:50,1776263450,R_75,32276.3633,-1,6.235099999998056,BACKFILL_AUTO
2026-04-15 14:30:52,1776263452,R_75,32274.1791,-1,2.1841999999996915,BACKFILL_AUTO
2026-04-15 14:30:54,1776263454,R_75,32265.2562,-1,8.922900000001391,BACKFILL_AUTO
2026-04-15 14:30:56,1776263456,R_75,32265.8817,1,0.6255000000019209,BACKFILL_AUTO
2026-04-15 14:30:58,1776263458,R_75,32262.7301,-1,3.1516000000010536,BACKFILL_AUTO
2026-04-15 14:31:00,1776263460,R_75,32266.3899,1,3.659799999997631,BACKFILL_AUTO
2026-04-15 14:31:02,1776263462,R_75,32271.3784,1,4.988500000003114,BACKFILL_AUTO
2026-04-15 14:31:04,1776263464,R_75,32268.3141,-1,3.064300000001822,BACKFILL_AUTO
2026-04-15 14:31:06,1776263466,R_75,32266.2719,-1,2.042199999999866,BACKFILL_AUTO
2026-04-15 14:31:08,1776263468,R_75,32273.5883,1,7.316399999999703,BACKFILL_AUTO
2026-04-15 14:31:10,1776263470,R_75,32277.9136,1,4.325300000000425,BACKFILL_AUTO
2026-04-15 14:31:12,1776263472,R_75,32275.2031,-1,2.7105000000010477,BACKFILL_AUTO
2026-04-15 14:31:14,1776263474,R_75,32275.7467,1,0.5436000000008789,BACKFILL_AUTO
2026-04-15 14:31:16,1776263476,R_75,32277.945,1,2.1983000000000175,BACKFILL_AUTO
2026-04-15 14:31:18,1776263478,R_75,32274.7458,-1,3.1991999999991094,BACKFILL_AUTO
2026-04-15 14:31:20,1776263480,R_75,32266.0675,-1,8.678299999999581,BACKFILL_AUTO
2026-04-15 14:31:22,1776263482,R_75,32258.7499,-1,7.31760000000213,BACKFILL_AUTO
2026-04-15 14:31:24,1776263484,R_75,32262.3773,1,3.6274000000012165,BACKFILL_AUTO
2026-04-15 14:31:26,1776263486,R_75,32269.2872,1,6.909899999998743,BACKFILL_AUTO
2026-04-15 14:31:28,1776263488,R_75,32281.3872,1,12.100000000002183,BACKFILL_AUTO
2026-04-15 14:31:30,1776263490,R_75,32275.9365,-1,5.450700000001234,BACKFILL_AUTO
2026-04-15 14:31:32,1776263492,R_75,32282.9961,1,7.059600000000501,BACKFILL_AUTO
2026-04-15 14:31:34,1776263494,R_75,32283.7856,1,0.7894999999989523,BACKFILL_AUTO
2026-04-15 14:31:36,1776263496,R_75,32285.8733,1,2.0877000000000407,BACKFILL_AUTO
2026-04-15 14:31:38,1776263498,R_75,32293.3773,1,7.504000000000815,BACKFILL_AUTO
2026-04-15 14:31:40,1776263500,R_75,32283.0946,-1,10.28269999999975,BACKFILL_AUTO
2026-04-15 14:31:42,1776263502,R_75,32293.1351,1,10.040499999999156,BACKFILL_AUTO
2026-04-15 14:31:44,1776263504,R_75,32297.1281,1,3.993000000002212,BACKFILL_AUTO
2026-04-15 14:31:46,1776263506,R_75,32305.8832,1,8.755099999998492,BACKFILL_AUTO
2026-04-15 14:31:48,1776263508,R_75,32302.9804,-1,2.902799999999843,BACKFILL_AUTO
2026-04-15 14:31:50,1776263510,R_75,32307.9656,1,4.985199999999168,BACKFILL_AUTO
2026-04-15 14:31:52,1776263512,R_75,32313.8381,1,5.87250000000131,BACKFILL_AUTO
2026-04-15 14:31:54,1776263514,R_75,32318.5072,1,4.669099999999162,BACKFILL_AUTO
2026-04-15 14:31:56,1776263516,R_75,32306.1995,-1,12.307700000001205,BACKFILL_AUTO
2026-04-15 14:31:58,1776263518,R_75,32305.0672,-1,1.1322999999974854,BACKFILL_AUTO
2026-04-15 14:32:00,1776263520,R_75,32307.1724,1,2.105199999998149,BACKFILL_AUTO
2026-04-15 14:32:02,1776263522,R_75,32305.2395,-1,1.9328999999997905,BACKFILL_AUTO
2026-04-15 14:32:04,1776263524,R_75,32308.9372,1,3.697700000000623,BACKFILL_AUTO
2026-04-15 14:32:06,1776263526,R_75,32298.241,-1,10.696199999998498,BACKFILL_AUTO
2026-04-15 14:32:08,1776263528,R_75,32304.0236,1,5.782599999998638,BACKFILL_AUTO
2026-04-15 14:32:10,1776263530,R_75,32306.4524,1,2.428799999997864,BACKFILL_AUTO
2026-04-15 14:32:12,1776263532,R_75,32311.6371,1,5.184700000001612,BACKFILL_AUTO
2026-04-15 14:32:14,1776263534,R_75,32314.1978,1,2.560700000001816,BACKFILL_AUTO
2026-04-15 14:32:16,1776263536,R_75,32325.5359,1,11.338099999997212,BACKFILL_AUTO
2026-04-15 14:32:18,1776263538,R_75,32332.5829,1,7.047000000002299,BACKFILL_AUTO
2026-04-15 14:32:20,1776263540,R_75,32334.8863,1,2.3033999999970547,BACKFILL_AUTO
2026-04-15 14:32:22,1776263542,R_75,32339.2698,1,4.383499999999913,BACKFILL_AUTO
2026-04-15 14:32:24,1776263544,R_75,32337.9833,-1,1.286499999998341,BACKFILL_AUTO
2026-04-15 14:32:26,1776263546,R_75,32335.6109,-1,2.372400000000198,BACKFILL_AUTO
2026-04-15 14:32:28,1776263548,R_75,32327.3349,-1,8.275999999998021,BACKFILL_AUTO
2026-04-15 14:32:30,1776263550,R_75,32327.1731,-1,0.16180000000167638,BACKFILL_AUTO
2026-04-15 14:32:32,1776263552,R_75,32320.706,-1,6.467100000001665,BACKFILL_AUTO
2026-04-15 14:32:34,1776263554,R_75,32317.3287,-1,3.3773000000001048,BACKFILL_AUTO
2026-04-15 14:32:36,1776263556,R_75,32318.6114,1,1.2827000000033877,BACKFILL_AUTO
2026-04-15 14:32:38,1776263558,R_75,32314.6956,-1,3.9158000000024913,BACKFILL_AUTO
2026-04-15 14:32:40,1776263560,R_75,32313.3619,-1,1.3336999999992258,BACKFILL_AUTO
2026-04-15 14:32:42,1776263562,R_75,32316.9913,1,3.629400000001624,BACKFILL_AUTO
2026-04-15 14:32:44,1776263564,R_75,32312.5257,-1,4.465600000003178,BACKFILL_AUTO
2026-04-15 14:32:46,1776263566,R_75,32309.8755,-1,2.6502000000000407,BACKFILL_AUTO
2026-04-15 14:32:48,1776263568,R_75,32305.9514,-1,3.9240999999965425,BACKFILL_AUTO
2026-04-15 14:32:50,1776263570,R_75,32316.0244,1,10.072999999996682,BACKFILL_AUTO
2026-04-15 14:32:52,1776263572,R_75,32322.2452,1,6.220800000002782,BACKFILL_AUTO
2026-04-15 14:32:54,1776263574,R_75,32321.5638,-1,0.6814000000013039,BACKFILL_AUTO
2026-04-15 14:32:56,1776263576,R_75,32330.4925,1,8.92870000000039,BACKFILL_AUTO
2026-04-15 14:32:58,1776263578,R_75,32339.5635,1,9.070999999999913,BACKFILL_AUTO
2026-04-15 14:33:00,1776263580,R_75,32343.1074,1,3.5439000000005763,BACKFILL_AUTO
2026-04-15 14:33:02,1776263582,R_75,32336.0258,-1,7.081600000001345,BACKFILL_AUTO
2026-04-15 14:33:04,1776263584,R_75,32342.573,1,6.547200000000885,BACKFILL_AUTO
2026-04-15 14:33:06,1776263586,R_75,32347.7733,1,5.200300000000425,BACKFILL_AUTO
2026-04-15 14:33:08,1776263588,R_75,32351.9185,1,4.145199999999022,BACKFILL_AUTO
2026-04-15 14:33:10,1776263590,R_75,32341.413,-1,10.505499999999302,BACKFILL_AUTO
2026-04-15 14:33:12,1776263592,R_75,32344.1647,1,2.75170000000071,BACKFILL_AUTO
2026-04-15 14:33:14,1776263594,R_75,32337.254,-1,6.910700000000361,BACKFILL_AUTO
2026-04-15 14:33:16,1776263596,R_75,32340.1275,1,2.8734999999978754,BACKFILL_AUTO
2026-04-15 14:33:18,1776263598,R_75,32334.538,-1,5.589499999998225,BACKFILL_AUTO
2026-04-15 14:33:20,1776263600,R_75,32322.3092,-1,12.228800000000774,BACKFILL_AUTO
2026-04-15 14:33:22,1776263602,R_75,32324.2335,1,1.924299999998766,BACKFILL_AUTO
2026-04-15 14:33:24,1776263604,R_75,32334.0668,1,9.833300000002055,BACKFILL_AUTO
2026-04-15 14:33:26,1776263606,R_75,32320.4464,-1,13.62039999999979,BACKFILL_AUTO
2026-04-15 14:33:28,1776263608,R_75,32319.4211,-1,1.0253000000011525,BACKFILL_AUTO
2026-04-15 14:33:30,1776263610,R_75,32307.3461,-1,12.075000000000728,BACKFILL_AUTO
2026-04-15 14:33:32,1776263612,R_75,32304.364,-1,2.9820999999974447,BACKFILL_AUTO
2026-04-15 14:33:34,1776263614,R_75,32306.633,1,2.269000000000233,BACKFILL_AUTO
2026-04-15 14:33:36,1776263616,R_75,32317.9703,1,11.337299999999232,BACKFILL_AUTO
2026-04-15 14:33:38,1776263618,R_75,32312.8118,-1,5.158500000001368,BACKFILL_AUTO
2026-04-15 14:33:40,1776263620,R_75,32315.305,1,2.4932000000007974,BACKFILL_AUTO
2026-04-15 14:33:42,1776263622,R_75,32305.8469,-1,9.458099999999831,BACKFILL_AUTO
2026-04-15 14:33:44,1776263624,R_75,32298.5648,-1,7.282100000000355,BACKFILL_AUTO
2026-04-15 14:33:46,1776263626,R_75,32305.6474,1,7.082600000001548,BACKFILL_AUTO
2026-04-15 14:33:48,1776263628,R_75,32307.9275,1,2.2800999999999476,BACKFILL_AUTO
2026-04-15 14:33:50,1776263630,R_75,32306.9001,-1,1.0274000000026717,BACKFILL_AUTO
2026-04-15 14:33:52,1776263632,R_75,32304.1137,-1,2.7863999999972293,BACKFILL_AUTO
2026-04-15 14:33:54,1776263634,R_75,32306.8525,1,2.7387999999991735,BACKFILL_AUTO
2026-04-15 14:33:56,1776263636,R_75,32302.9717,-1,3.880800000002637,BACKFILL_AUTO
2026-04-15 14:33:58,1776263638,R_75,32302.4386,-1,0.5330999999969208,BACKFILL_AUTO
2026-04-15 14:34:00,1776263640,R_75,32292.75,-1,9.688600000001315,BACKFILL_AUTO
2026-04-15 14:34:02,1776263642,R_75,32297.1929,1,4.44289999999819,BACKFILL_AUTO
2026-04-15 14:34:04,1776263644,R_75,32286.2119,-1,10.980999999999767,BACKFILL_AUTO
2026-04-15 14:34:06,1776263646,R_75,32279.165,-1,7.0468999999975495,BACKFILL_AUTO
2026-04-15 14:34:08,1776263648,R_75,32275.0714,-1,4.093600000000151,BACKFILL_AUTO
2026-04-15 14:34:10,1776263650,R_75,32274.5819,-1,0.48949999999967986,BACKFILL_AUTO
2026-04-15 14:34:12,1776263652,R_75,32276.3663,1,1.7844000000004598,BACKFILL_AUTO
2026-04-15 14:34:14,1776263654,R_75,32275.6832,-1,0.683100000002014,BACKFILL_AUTO
2026-04-15 14:34:16,1776263656,R_75,32282.6572,1,6.974000000001979,BACKFILL_AUTO
2026-04-15 14:34:18,1776263658,R_75,32280.6617,-1,1.9955000000009022,BACKFILL_AUTO
2026-04-15 14:34:20,1776263660,R_75,32273.6118,-1,7.049900000001799,BACKFILL_AUTO
2026-04-15 14:34:22,1776263662,R_75,32276.4119,1,2.800100000000384,BACKFILL_AUTO
2026-04-15 14:34:24,1776263664,R_75,32282.2062,1,5.794300000001385,BACKFILL_AUTO
2026-04-15 14:34:26,1776263666,R_75,32280.7967,-1,1.4095000000015716,BACKFILL_AUTO
2026-04-15 14:34:28,1776263668,R_75,32279.4526,-1,1.3440999999984342,BACKFILL_AUTO
2026-04-15 14:34:30,1776263670,R_75,32274.8056,-1,4.647000000000844,BACKFILL_AUTO
2026-04-15 14:34:32,1776263672,R_75,32263.5388,-1,11.26680000000124,BACKFILL_AUTO
2026-04-15 14:34:34,1776263674,R_75,32259.322,-1,4.216799999998329,BACKFILL_AUTO
2026-04-15 14:34:36,1776263676,R_75,32260.1711,1,0.8490999999994528,BACKFILL_AUTO
2026-04-15 14:34:38,1776263678,R_75,32248.6291,-1,11.54200000000128,BACKFILL_AUTO
2026-04-15 14:34:40,1776263680,R_75,32253.7467,1,5.117600000001403,BACKFILL_AUTO
2026-04-15 14:34:42,1776263682,R_75,32256.8076,1,3.0609000000004016,BACKFILL_AUTO
2026-04-15 14:34:44,1776263684,R_75,32257.6789,1,0.8712999999988824,BACKFILL_AUTO
2026-04-15 14:34:46,1776263686,R_75,32264.4148,1,6.735899999999674,BACKFILL_AUTO
2026-04-15 14:34:48,1776263688,R_75,32252.9039,-1,11.510899999997491,BACKFILL_AUTO
2026-04-15 14:34:50,1776263690,R_75,32251.6141,-1,1.2898000000022876,BACKFILL_AUTO
2026-04-15 14:34:52,1776263692,R_75,32261.5327,1,9.918600000000879,BACKFILL_AUTO
2026-04-15 14:34:54,1776263694,R_75,32260.7774,-1,0.755300000000716,BACKFILL_AUTO
2026-04-15 14:34:56,1776263696,R_75,32258.7215,-1,2.055899999999383,BACKFILL_AUTO
2026-04-15 14:34:58,1776263698,R_75,32255.9979,-1,2.72360000000117,BACKFILL_AUTO
2026-04-15 14:35:00,1776263700,R_75,32256.4346,1,0.4367000000020198,BACKFILL_AUTO
2026-04-15 14:35:02,1776263702,R_75,32257.3873,1,0.9526999999980035,BACKFILL_AUTO
2026-04-15 14:35:04,1776263704,R_75,32257.7561,1,0.3688000000001921,BACKFILL_AUTO
2026-04-15 14:35:06,1776263706,R_75,32248.585,-1,9.17109999999957,BACKFILL_AUTO
2026-04-15 14:35:08,1776263708,R_75,32254.3746,1,5.789600000000064,BACKFILL_AUTO
2026-04-15 14:35:10,1776263710,R_75,32256.7902,1,2.4156000000002678,BACKFILL_AUTO
2026-04-15 14:35:12,1776263712,R_75,32259.6926,1,2.9023999999990338,BACKFILL_AUTO
2026-04-15 14:35:14,1776263714,R_75,32260.5942,1,0.9016000000010536,BACKFILL_AUTO
2026-04-15 14:35:16,1776263716,R_75,32256.3448,-1,4.249400000000605,BACKFILL_AUTO
2026-04-15 14:35:18,1776263718,R_75,32266.4733,1,10.128500000002532,BACKFILL_AUTO
2026-04-15 14:35:20,1776263720,R_75,32254.3464,-1,12.126900000002934,BACKFILL_AUTO
2026-04-15 14:35:22,1776263722,R_75,32256.2387,1,1.8923000000031607,BACKFILL_AUTO
2026-04-15 14:35:24,1776263724,R_75,32255.6021,-1,0.6366000000016356,BACKFILL_AUTO
2026-04-15 14:35:26,1776263726,R_75,32255.2115,-1,0.39059999999881256,BACKFILL_AUTO
2026-04-15 14:35:28,1776263728,R_75,32259.3243,1,4.11279999999897,BACKFILL_AUTO
2026-04-15 14:35:30,1776263730,R_75,32257.9544,-1,1.3699000000015076,BACKFILL_AUTO
2026-04-15 14:35:32,1776263732,R_75,32255.4098,-1,2.5445999999974447,BACKFILL_AUTO
2026-04-15 14:35:34,1776263734,R_75,32239.8933,-1,15.516500000001543,BACKFILL_AUTO
2026-04-15 14:35:36,1776263736,R_75,32237.1069,-1,2.7864000000008673,BACKFILL_AUTO
2026-04-15 14:35:38,1776263738,R_75,32236.0733,-1,1.0335999999988417,BACKFILL_AUTO
2026-04-15 14:35:40,1776263740,R_75,32243.2984,1,7.225099999999657,BACKFILL_AUTO
2026-04-15 14:35:42,1776263742,R_75,32241.8209,-1,1.4775000000008731,BACKFILL_AUTO
2026-04-15 14:35:44,1776263744,R_75,32242.4479,1,0.6270000000004075,BACKFILL_AUTO
2026-04-15 14:35:46,1776263746,R_75,32246.4014,1,3.9534999999996217,BACKFILL_AUTO
2026-04-15 14:35:48,1776263748,R_75,32254.66,1,8.258600000001024,BACKFILL_AUTO
2026-04-15 14:35:50,1776263750,R_75,32252.1345,-1,2.525499999999738,BACKFILL_AUTO
2026-04-15 14:35:52,1776263752,R_75,32246.2347,-1,5.899799999999232,BACKFILL_AUTO
2026-04-15 14:35:54,1776263754,R_75,32241.8769,-1,4.357800000001589,BACKFILL_AUTO
2026-04-15 14:35:56,1776263756,R_75,32245.4746,1,3.597700000002078,BACKFILL_AUTO
2026-04-15 14:35:58,1776263758,R_75,32249.9316,1,4.456999999998516,BACKFILL_AUTO
2026-04-15 14:36:00,1776263760,R_75,32251.3371,1,1.4055000000007567,BACKFILL_AUTO
2026-04-15 14:36:02,1776263762,R_75,32242.4378,-1,8.899300000000949,BACKFILL_AUTO
2026-04-15 14:36:04,1776263764,R_75,32232.4335,-1,10.004300000000512,BACKFILL_AUTO
2026-04-15 14:36:06,1776263766,R_75,32228.9611,-1,3.4723999999987427,BACKFILL_AUTO
2026-04-15 14:36:08,1776263768,R_75,32233.2737,1,4.312600000001112,BACKFILL_AUTO
2026-04-15 14:36:10,1776263770,R_75,32226.6907,-1,6.583000000002357,BACKFILL_AUTO
2026-04-15 14:36:12,1776263772,R_75,32223.6164,-1,3.074300000000221,BACKFILL_AUTO
2026-04-15 14:36:14,1776263774,R_75,32229.8768,1,6.260399999999208,BACKFILL_AUTO
2026-04-15 14:36:16,1776263776,R_75,32240.5096,1,10.632800000003044,BACKFILL_AUTO
2026-04-15 14:36:18,1776263778,R_75,32233.0921,-1,7.417499999999563,BACKFILL_AUTO
2026-04-15 14:36:20,1776263780,R_75,32234.4942,1,1.4020999999993364,BACKFILL_AUTO
2026-04-15 14:36:22,1776263782,R_75,32244.0971,1,9.602899999998044,BACKFILL_AUTO
2026-04-15 14:36:24,1776263784,R_75,32251.2847,1,7.187600000001112,BACKFILL_AUTO
2026-04-15 14:36:26,1776263786,R_75,32261.8562,1,10.571499999998196,BACKFILL_AUTO
2026-04-15 14:36:28,1776263788,R_75,32256.6596,-1,5.196599999999307,BACKFILL_AUTO
2026-04-15 14:36:30,1776263790,R_75,32258.1816,1,1.522000000000844,BACKFILL_AUTO
2026-04-15 14:36:32,1776263792,R_75,32259.5934,1,1.4118000000016764,BACKFILL_AUTO
2026-04-15 14:36:34,1776263794,R_75,32247.3136,-1,12.27980000000025,BACKFILL_AUTO
2026-04-15 14:36:36,1776263796,R_75,32254.9234,1,7.6097999999983585,BACKFILL_AUTO
2026-04-15 14:36:38,1776263798,R_75,32257.9364,1,3.0129999999990105,BACKFILL_AUTO
2026-04-15 14:36:40,1776263800,R_75,32248.677,-1,9.259399999999005,BACKFILL_AUTO
2026-04-15 14:36:42,1776263802,R_75,32247.2262,-1,1.4507999999987078,BACKFILL_AUTO
2026-04-15 14:36:44,1776263804,R_75,32250.2265,1,3.0002999999996973,BACKFILL_AUTO
2026-04-15 14:36:46,1776263806,R_75,32253.7796,1,3.5531000000009954,BACKFILL_AUTO
2026-04-15 14:36:48,1776263808,R_75,32247.406,-1,6.373600000002625,BACKFILL_AUTO
2026-04-15 14:36:50,1776263810,R_75,32244.1572,-1,3.2487999999975727,BACKFILL_AUTO
2026-04-15 14:36:52,1776263812,R_75,32242.4585,-1,1.6987000000008265,BACKFILL_AUTO
2026-04-15 14:36:54,1776263814,R_75,32237.6781,-1,4.780399999999645,BACKFILL_AUTO
2026-04-15 14:36:56,1776263816,R_75,32243.3996,1,5.721499999999651,BACKFILL_AUTO
2026-04-15 14:36:58,1776263818,R_75,32232.8283,-1,10.57129999999961,BACKFILL_AUTO
2026-04-15 14:37:00,1776263820,R_75,32229.5861,-1,3.2422000000005937,BACKFILL_AUTO
2026-04-15 14:37:02,1776263822,R_75,32224.5649,-1,5.021199999999226,BACKFILL_AUTO
2026-04-15 14:37:04,1776263824,R_75,32217.7117,-1,6.8532000000013795,BACKFILL_AUTO
2026-04-15 14:37:06,1776263826,R_75,32214.9408,-1,2.7708999999995285,BACKFILL_AUTO
2026-04-15 14:37:08,1776263828,R_75,32214.4438,-1,0.4969999999993888,BACKFILL_AUTO
2026-04-15 14:37:10,1776263830,R_75,32206.3585,-1,8.085300000002462,BACKFILL_AUTO
2026-04-15 14:37:12,1776263832,R_75,32205.7606,-1,0.5978999999970256,BACKFILL_AUTO
2026-04-15 14:37:14,1776263834,R_75,32205.5481,-1,0.2125000000014552,BACKFILL_AUTO
2026-04-15 14:37:16,1776263836,R_75,32199.8989,-1,5.649199999999837,BACKFILL_AUTO
2026-04-15 14:37:18,1776263838,R_75,32191.4927,-1,8.406200000001263,BACKFILL_AUTO
2026-04-15 14:37:20,1776263840,R_75,32196.4367,1,4.943999999999505,BACKFILL_AUTO
2026-04-15 14:37:22,1776263842,R_75,32212.9748,1,16.538100000001577,BACKFILL_AUTO
2026-04-15 14:37:24,1776263844,R_75,32213.1504,1,0.17559999999866704,BACKFILL_AUTO
2026-04-15 14:37:26,1776263846,R_75,32200.3226,-1,12.827799999999115,BACKFILL_AUTO
2026-04-15 14:37:28,1776263848,R_75,32200.0203,-1,0.3022999999993772,BACKFILL_AUTO
2026-04-15 14:37:30,1776263850,R_75,32197.4363,-1,2.583999999998923,BACKFILL_AUTO
2026-04-15 14:37:32,1776263852,R_75,32206.7171,1,9.280800000000454,BACKFILL_AUTO
2026-04-15 14:37:34,1776263854,R_75,32214.0538,1,7.336699999999837,BACKFILL_AUTO
2026-04-15 14:37:36,1776263856,R_75,32218.6307,1,4.576900000000023,BACKFILL_AUTO
2026-04-15 14:37:38,1776263858,R_75,32205.3621,-1,13.268600000003062,BACKFILL_AUTO
2026-04-15 14:37:40,1776263860,R_75,32200.538,-1,4.824099999997998,BACKFILL_AUTO
2026-04-15 14:37:42,1776263862,R_75,32192.7656,-1,7.772400000001653,BACKFILL_AUTO
2026-04-15 14:37:44,1776263864,R_75,32188.0806,-1,4.684999999997672,BACKFILL_AUTO
2026-04-15 14:37:46,1776263866,R_75,32189.901,1,1.820400000000518,BACKFILL_AUTO
2026-04-15 14:37:48,1776263868,R_75,32187.1622,-1,2.7388000000028114,BACKFILL_AUTO
2026-04-15 14:37:50,1776263870,R_75,32183.7053,-1,3.456899999997404,BACKFILL_AUTO
2026-04-15 14:37:52,1776263872,R_75,32193.3936,1,9.68829999999798,BACKFILL_AUTO
2026-04-15 14:37:54,1776263874,R_75,32185.4347,-1,7.958899999997811,BACKFILL_AUTO
2026-04-15 14:37:56,1776263876,R_75,32185.7193,1,0.2845999999990454,BACKFILL_AUTO
2026-04-15 14:37:58,1776263878,R_75,32186.2448,1,0.5254999999997381,BACKFILL_AUTO
2026-04-15 14:38:00,1776263880,R_75,32179.0771,-1,7.167700000001787,BACKFILL_AUTO
2026-04-15 14:38:02,1776263882,R_75,32182.253,1,3.1759000000020023,BACKFILL_AUTO
2026-04-15 14:38:04,1776263884,R_75,32183.1643,1,0.9112999999997555,BACKFILL_AUTO
2026-04-15 14:38:06,1776263886,R_75,32184.2292,1,1.0649000000012165,BACKFILL_AUTO
2026-04-15 14:38:08,1776263888,R_75,32187.296,1,3.0667999999968742,BACKFILL_AUTO
2026-04-15 14:38:10,1776263890,R_75,32183.3918,-1,3.9041999999972177,BACKFILL_AUTO
2026-04-15 14:38:12,1776263892,R_75,32181.1374,-1,2.254400000001624,BACKFILL_AUTO
2026-04-15 14:38:14,1776263894,R_75,32176.5741,-1,4.56329999999798,BACKFILL_AUTO
2026-04-15 14:38:16,1776263896,R_75,32173.7986,-1,2.775500000003376,BACKFILL_AUTO
2026-04-15 14:38:18,1776263898,R_75,32180.3765,1,6.577900000000227,BACKFILL_AUTO
2026-04-15 14:38:20,1776263900,R_75,32183.5292,1,3.152700000002369,BACKFILL_AUTO
2026-04-15 14:38:22,1776263902,R_75,32179.0211,-1,4.508099999999104,BACKFILL_AUTO
2026-04-15 14:38:24,1776263904,R_75,32185.6468,1,6.625699999996868,BACKFILL_AUTO
2026-04-15 14:38:26,1776263906,R_75,32189.1158,1,3.4690000000009604,BACKFILL_AUTO
2026-04-15 14:38:28,1776263908,R_75,32187.0347,-1,2.0810999999994237,BACKFILL_AUTO
2026-04-15 14:38:30,1776263910,R_75,32179.0504,-1,7.984300000000076,BACKFILL_AUTO
2026-04-15 14:38:32,1776263912,R_75,32172.4971,-1,6.553299999999581,BACKFILL_AUTO
2026-04-15 14:38:34,1776263914,R_75,32168.3941,-1,4.102999999999156,BACKFILL_AUTO
2026-04-15 14:38:36,1776263916,R_75,32177.4039,1,9.009799999999814,BACKFILL_AUTO
2026-04-15 14:38:38,1776263918,R_75,32179.4299,1,2.025999999998021,BACKFILL_AUTO
2026-04-15 14:38:40,1776263920,R_75,32176.2179,-1,3.2119999999995343,BACKFILL_AUTO
2026-04-15 14:38:42,1776263922,R_75,32164.1833,-1,12.034599999999045,BACKFILL_AUTO
2026-04-15 14:38:44,1776263924,R_75,32167.5776,1,3.39429999999993,BACKFILL_AUTO
2026-04-15 14:38:46,1776263926,R_75,32170.0292,1,2.451600000000326,BACKFILL_AUTO
2026-04-15 14:38:48,1776263928,R_75,32167.088,-1,2.9412000000011176,BACKFILL_AUTO
2026-04-15 14:38:50,1776263930,R_75,32164.1985,-1,2.889500000001135,BACKFILL_AUTO
2026-04-15 14:38:52,1776263932,R_75,32166.4064,1,2.2079000000012456,BACKFILL_AUTO
2026-04-15 14:38:54,1776263934,R_75,32174.8577,1,8.451300000000629,BACKFILL_AUTO
2026-04-15 14:38:56,1776263936,R_75,32178.5586,1,3.7008999999998196,BACKFILL_AUTO
2026-04-15 14:38:58,1776263938,R_75,32174.2453,-1,4.313300000001618,BACKFILL_AUTO
2026-04-15 14:39:00,1776263940,R_75,32168.4988,-1,5.746499999997468,BACKFILL_AUTO
2026-04-15 14:39:02,1776263942,R_75,32175.0104,1,6.511599999997998,BACKFILL_AUTO
2026-04-15 14:39:04,1776263944,R_75,32161.2739,-1,13.736499999999069,BACKFILL_AUTO
2026-04-15 14:39:06,1776263946,R_75,32154.7891,-1,6.4847999999983585,BACKFILL_AUTO
2026-04-15 14:39:08,1776263948,R_75,32146.3902,-1,8.39890000000014,BACKFILL_AUTO
2026-04-15 14:39:10,1776263950,R_75,32143.9592,-1,2.4310000000004948,BACKFILL_AUTO
2026-04-15 14:39:12,1776263952,R_75,32145.5366,1,1.5773999999983062,BACKFILL_AUTO
2026-04-15 14:39:14,1776263954,R_75,32155.949,1,10.412400000001071,BACKFILL_AUTO
2026-04-15 14:39:16,1776263956,R_75,32157.6625,1,1.713499999998021,BACKFILL_AUTO
2026-04-15 14:39:18,1776263958,R_75,32155.0191,-1,2.6433999999972,BACKFILL_AUTO
2026-04-15 14:39:20,1776263960,R_75,32160.8863,1,5.867199999996956,BACKFILL_AUTO
2026-04-15 14:39:22,1776263962,R_75,32169.602,1,8.715700000000652,BACKFILL_AUTO
2026-04-15 14:39:24,1776263964,R_75,32160.4611,-1,9.14089999999851,BACKFILL_AUTO
2026-04-15 14:39:26,1776263966,R_75,32170.4781,1,10.016999999999825,BACKFILL_AUTO
2026-04-15 14:39:28,1776263968,R_75,32163.9967,-1,6.481400000000576,BACKFILL_AUTO
2026-04-15 14:39:30,1776263970,R_75,32159.9144,-1,4.082299999998213,BACKFILL_AUTO
2026-04-15 14:39:32,1776263972,R_75,32161.0398,1,1.125399999997171,BACKFILL_AUTO
2026-04-15 14:39:34,1776263974,R_75,32164.8461,1,3.806300000000192,BACKFILL_AUTO
2026-04-15 14:39:36,1776263976,R_75,32160.7882,-1,4.0578999999997905,BACKFILL_AUTO
2026-04-15 14:39:38,1776263978,R_75,32158.6252,-1,2.1630000000004657,BACKFILL_AUTO
2026-04-15 14:39:40,1776263980,R_75,32157.4814,-1,1.1437999999980093,BACKFILL_AUTO
2026-04-15 14:39:42,1776263982,R_75,32156.8026,-1,0.6788000000015018,BACKFILL_AUTO
2026-04-15 14:39:44,1776263984,R_75,32156.5862,-1,0.21639999999752035,BACKFILL_AUTO
2026-04-15 14:39:46,1776263986,R_75,32153.1596,-1,3.4266000000025088,BACKFILL_AUTO
2026-04-15 14:39:48,1776263988,R_75,32155.1018,1,1.9422000000013213,BACKFILL_AUTO
2026-04-15 14:39:50,1776263990,R_75,32157.8798,1,2.7779999999984284,BACKFILL_AUTO
2026-04-15 14:39:52,1776263992,R_75,32153.5268,-1,4.352999999999156,BACKFILL_AUTO
2026-04-15 14:39:54,1776263994,R_75,32152.1068,-1,1.4199999999982538,BACKFILL_AUTO
2026-04-15 14:39:56,1776263996,R_75,32165.232,1,13.125199999998586,BACKFILL_AUTO
2026-04-15 14:39:58,1776263998,R_75,32162.28,-1,2.952000000001135,BACKFILL_AUTO
2026-04-15 14:40:00,1776264000,R_75,32162.3457,1,0.06570000000283471,BACKFILL_AUTO
2026-04-15 14:40:02,1776264002,R_75,32158.374,-1,3.9717000000018743,BACKFILL_AUTO
2026-04-15 14:40:04,1776264004,R_75,32159.4314,1,1.0574000000015076,BACKFILL_AUTO
2026-04-15 14:40:06,1776264006,R_75,32167.257,1,7.825600000000122,BACKFILL_AUTO
2026-04-15 14:40:08,1776264008,R_75,32171.9842,1,4.727199999997538,BACKFILL_AUTO
2026-04-15 14:40:10,1776264010,R_75,32161.7485,-1,10.23569999999745,BACKFILL_AUTO
2026-04-15 14:40:12,1776264012,R_75,32157.5163,-1,4.232200000002194,BACKFILL_AUTO
2026-04-15 14:40:14,1776264014,R_75,32166.7946,1,9.278300000001764,BACKFILL_AUTO
2026-04-15 14:40:16,1776264016,R_75,32173.0481,1,6.253499999998894,BACKFILL_AUTO
2026-04-15 14:40:18,1776264018,R_75,32173.1486,1,0.10050000000046566,BACKFILL_AUTO
2026-04-15 14:40:20,1776264020,R_75,32174.9127,1,1.764100000000326,BACKFILL_AUTO
2026-04-15 14:40:22,1776264022,R_75,32170.1051,-1,4.807600000000093,BACKFILL_AUTO
2026-04-15 14:40:24,1776264024,R_75,32178.8015,1,8.696400000000722,BACKFILL_AUTO
2026-04-15 14:40:26,1776264026,R_75,32177.9172,-1,0.8843000000015309,BACKFILL_AUTO
2026-04-15 14:40:28,1776264028,R_75,32182.7882,1,4.870999999999185,BACKFILL_AUTO
2026-04-15 14:40:30,1776264030,R_75,32180.357,-1,2.4311999999990803,BACKFILL_AUTO
2026-04-15 14:40:32,1776264032,R_75,32189.6754,1,9.31840000000011,BACKFILL_AUTO
2026-04-15 14:40:34,1776264034,R_75,32171.3574,-1,18.3179999999993,BACKFILL_AUTO
2026-04-15 14:40:36,1776264036,R_75,32168.7252,-1,2.6322000000000116,BACKFILL_AUTO
2026-04-15 14:40:38,1776264038,R_75,32168.7002,-1,0.02500000000145519,BACKFILL_AUTO
2026-04-15 14:40:40,1776264040,R_75,32175.9001,1,7.199899999999616,BACKFILL_AUTO
2026-04-15 14:40:42,1776264042,R_75,32179.1964,1,3.296300000001793,BACKFILL_AUTO
2026-04-15 14:40:44,1776264044,R_75,32180.044,1,0.8476000000009662,BACKFILL_AUTO
2026-04-15 14:40:46,1776264046,R_75,32167.3121,-1,12.731900000002497,BACKFILL_AUTO
2026-04-15 14:40:48,1776264048,R_75,32160.7067,-1,6.6054000000003725,BACKFILL_AUTO
2026-04-15 14:40:50,1776264050,R_75,32155.0032,-1,5.703499999999622,BACKFILL_AUTO
2026-04-15 14:40:52,1776264052,R_75,32152.0929,-1,2.910299999999552,BACKFILL_AUTO
2026-04-15 14:40:54,1776264054,R_75,32154.4695,1,2.3765999999995984,BACKFILL_AUTO
2026-04-15 14:40:56,1776264056,R_75,32155.765,1,1.2955000000001746,BACKFILL_AUTO
2026-04-15 14:40:58,1776264058,R_75,32164.8325,1,9.067500000001019,BACKFILL_AUTO
2026-04-15 14:41:00,1776264060,R_75,32160.4396,-1,4.392899999998917,BACKFILL_AUTO
2026-04-15 14:41:02,1776264062,R_75,32164.9372,1,4.4975999999987835,BACKFILL_AUTO
2026-04-15 14:41:04,1776264064,R_75,32163.4025,-1,1.5347000000001572,BACKFILL_AUTO
2026-04-15 14:41:06,1776264066,R_75,32161.0597,-1,2.342799999998533,BACKFILL_AUTO
2026-04-15 14:41:08,1776264068,R_75,32165.354,1,4.294299999997747,BACKFILL_AUTO
2026-04-15 14:41:10,1776264070,R_75,32169.2241,1,3.870100000000093,BACKFILL_AUTO
2026-04-15 14:41:12,1776264072,R_75,32172.2805,1,3.056400000001304,BACKFILL_AUTO
2026-04-15 14:41:14,1776264074,R_75,32161.465,-1,10.815500000000611,BACKFILL_AUTO
2026-04-15 14:41:16,1776264076,R_75,32165.4074,1,3.942399999999907,BACKFILL_AUTO
2026-04-15 14:41:18,1776264078,R_75,32169.1435,1,3.7360999999982596,BACKFILL_AUTO
2026-04-15 14:41:20,1776264080,R_75,32175.4472,1,6.30370000000039,BACKFILL_AUTO
2026-04-15 14:41:22,1776264082,R_75,32191.0592,1,15.61200000000099,BACKFILL_AUTO
2026-04-15 14:41:24,1776264084,R_75,32195.5768,1,4.51759999999922,BACKFILL_AUTO
2026-04-15 14:41:26,1776264086,R_75,32198.2694,1,2.6926000000021304,BACKFILL_AUTO
2026-04-15 14:41:28,1776264088,R_75,32206.4955,1,8.22609999999986,BACKFILL_AUTO
2026-04-15 14:41:30,1776264090,R_75,32213.6239,1,7.128399999997782,BACKFILL_AUTO
2026-04-15 14:41:32,1776264092,R_75,32211.0372,-1,2.586699999999837,BACKFILL_AUTO
2026-04-15 14:41:34,1776264094,R_75,32210.3712,-1,0.6659999999974389,BACKFILL_AUTO
2026-04-15 14:41:36,1776264096,R_75,32211.5488,1,1.1775999999990745,BACKFILL_AUTO
2026-04-15 14:41:38,1776264098,R_75,32212.6974,1,1.1486000000004424,BACKFILL_AUTO
2026-04-15 14:41:40,1776264100,R_75,32209.2028,-1,3.4946000000018103,BACKFILL_AUTO
2026-04-15 14:41:42,1776264102,R_75,32204.6933,-1,4.509500000000116,BACKFILL_AUTO
2026-04-15 14:41:44,1776264104,R_75,32216.1925,1,11.49920000000202,BACKFILL_AUTO
2026-04-15 14:41:46,1776264106,R_75,32209.0419,-1,7.15060000000085,BACKFILL_AUTO
2026-04-15 14:41:48,1776264108,R_75,32215.626,1,6.584100000000035,BACKFILL_AUTO
2026-04-15 14:41:50,1776264110,R_75,32217.4805,1,1.8545000000012806,BACKFILL_AUTO
2026-04-15 14:41:52,1776264112,R_75,32211.0024,-1,6.478100000000268,BACKFILL_AUTO
2026-04-15 14:41:54,1776264114,R_75,32202.1961,-1,8.806300000000192,BACKFILL_AUTO
2026-04-15 14:41:56,1776264116,R_75,32208.3768,1,6.1806999999971595,BACKFILL_AUTO
2026-04-15 14:41:58,1776264118,R_75,32214.6328,1,6.256000000001222,BACKFILL_AUTO
2026-04-15 14:42:00,1776264120,R_75,32208.8334,-1,5.799399999999878,BACKFILL_AUTO
2026-04-15 14:42:02,1776264122,R_75,32211.3974,1,2.5640000000021246,BACKFILL_AUTO
2026-04-15 14:42:04,1776264124,R_75,32219.8477,1,8.450299999996787,BACKFILL_AUTO
2026-04-15 14:42:06,1776264126,R_75,32224.5435,1,4.695800000001327,BACKFILL_AUTO
2026-04-15 14:42:08,1776264128,R_75,32224.9803,1,0.4367999999994936,BACKFILL_AUTO
2026-04-15 14:42:10,1776264130,R_75,32220.8843,-1,4.09599999999773,BACKFILL_AUTO
2026-04-15 14:42:12,1776264132,R_75,32221.1218,1,0.2374999999992724,BACKFILL_AUTO
2026-04-15 14:42:14,1776264134,R_75,32223.7199,1,2.598099999999249,BACKFILL_AUTO
2026-04-15 14:42:16,1776264136,R_75,32230.4925,1,6.772600000000239,BACKFILL_AUTO
2026-04-15 14:42:18,1776264138,R_75,32233.9002,1,3.4076999999997497,BACKFILL_AUTO
2026-04-15 14:42:20,1776264140,R_75,32240.0925,1,6.192299999998795,BACKFILL_AUTO
2026-04-15 14:42:22,1776264142,R_75,32230.415,-1,9.677499999997963,BACKFILL_AUTO
2026-04-15 14:42:24,1776264144,R_75,32237.5888,1,7.173800000000483,BACKFILL_AUTO
2026-04-15 14:42:26,1776264146,R_75,32238.1667,1,0.577900000000227,BACKFILL_AUTO
2026-04-15 14:42:28,1776264148,R_75,32251.5154,1,13.348699999998644,BACKFILL_AUTO
2026-04-15 14:42:30,1776264150,R_75,32252.244,1,0.7285999999985506,BACKFILL_AUTO
2026-04-15 14:42:32,1776264152,R_75,32260.1966,1,7.95260000000053,BACKFILL_AUTO
2026-04-15 14:42:34,1776264154,R_75,32262.021,1,1.824400000001333,BACKFILL_AUTO
2026-04-15 14:42:36,1776264156,R_75,32258.9446,-1,3.0764000000017404,BACKFILL_AUTO
2026-04-15 14:42:38,1776264158,R_75,32258.5606,-1,0.38399999999819556,BACKFILL_AUTO
2026-04-15 14:42:40,1776264160,R_75,32254.7266,-1,3.833999999998923,BACKFILL_AUTO
2026-04-15 14:42:42,1776264162,R_75,32251.7189,-1,3.0077000000019325,BACKFILL_AUTO
2026-04-15 14:42:44,1776264164,R_75,32257.8184,1,6.099500000000262,BACKFILL_AUTO
2026-04-15 14:42:46,1776264166,R_75,32256.9878,-1,0.8306000000011409,BACKFILL_AUTO
2026-04-15 14:42:48,1776264168,R_75,32263.1042,1,6.1164000000026135,BACKFILL_AUTO
2026-04-15 14:42:50,1776264170,R_75,32257.7126,-1,5.391600000002654,BACKFILL_AUTO
2026-04-15 14:42:52,1776264172,R_75,32258.352,1,0.6394000000000233,BACKFILL_AUTO
2026-04-15 14:42:54,1776264174,R_75,32264.9518,1,6.599799999999959,BACKFILL_AUTO
2026-04-15 14:42:56,1776264176,R_75,32259.726,-1,5.225800000000163,BACKFILL_AUTO
2026-04-15 14:42:58,1776264178,R_75,32269.0789,1,9.352900000001682,BACKFILL_AUTO
2026-04-15 14:43:00,1776264180,R_75,32273.8456,1,4.766700000000128,BACKFILL_AUTO
2026-04-15 14:43:02,1776264182,R_75,32280.3247,1,6.4791000000004715,BACKFILL_AUTO
2026-04-15 14:43:04,1776264184,R_75,32279.5208,-1,0.8039000000026135,BACKFILL_AUTO
2026-04-15 14:43:06,1776264186,R_75,32276.203,-1,3.317799999997078,BACKFILL_AUTO
2026-04-15 14:43:08,1776264188,R_75,32275.2787,-1,0.924300000002404,BACKFILL_AUTO
2026-04-15 14:43:10,1776264190,R_75,32277.5541,1,2.2754000000022643,BACKFILL_AUTO
2026-04-15 14:43:12,1776264192,R_75,32273.9985,-1,3.5555999999996857,BACKFILL_AUTO
2026-04-15 14:43:14,1776264194,R_75,32275.0077,1,1.0091999999967811,BACKFILL_AUTO
2026-04-15 14:43:16,1776264196,R_75,32266.7162,-1,8.29149999999936,BACKFILL_AUTO
2026-04-15 14:43:18,1776264198,R_75,32271.0077,1,4.29149999999936,BACKFILL_AUTO
2026-04-15 14:43:20,1776264200,R_75,32275.3392,1,4.331500000000233,BACKFILL_AUTO
2026-04-15 14:43:22,1776264202,R_75,32273.5287,-1,1.8104999999995925,BACKFILL_AUTO
2026-04-15 14:43:24,1776264204,R_75,32267.8891,-1,5.639599999998609,BACKFILL_AUTO
2026-04-15 14:43:26,1776264206,R_75,32259.2103,-1,8.678800000001502,BACKFILL_AUTO
2026-04-15 14:43:28,1776264208,R_75,32258.4492,-1,0.7610999999997148,BACKFILL_AUTO
2026-04-15 14:43:30,1776264210,R_75,32262.416,1,3.9668000000019674,BACKFILL_AUTO
2026-04-15 14:43:32,1776264212,R_75,32262.1655,-1,0.25050000000192085,BACKFILL_AUTO
2026-04-15 14:43:34,1776264214,R_75,32254.1276,-1,8.037899999999354,BACKFILL_AUTO
2026-04-15 14:43:36,1776264216,R_75,32241.3097,-1,12.81789999999819,BACKFILL_AUTO
2026-04-15 14:43:38,1776264218,R_75,32246.5209,1,5.211199999997916,BACKFILL_AUTO
2026-04-15 14:43:40,1776264220,R_75,32248.1177,1,1.596799999999348,BACKFILL_AUTO
2026-04-15 14:43:42,1776264222,R_75,32242.4597,-1,5.657999999999447,BACKFILL_AUTO
2026-04-15 14:43:44,1776264224,R_75,32246.563,1,4.103299999998853,BACKFILL_AUTO
2026-04-15 14:43:46,1776264226,R_75,32245.0002,-1,1.5627999999996973,BACKFILL_AUTO
2026-04-15 14:43:48,1776264228,R_75,32245.0558,1,0.05559999999968568,BACKFILL_AUTO
2026-04-15 14:43:50,1776264230,R_75,32247.9303,1,2.874500000001717,BACKFILL_AUTO
2026-04-15 14:43:52,1776264232,R_75,32250.1461,1,2.2158000000017637,BACKFILL_AUTO
2026-04-15 14:43:54,1776264234,R_75,32258.6912,1,8.545099999999366,BACKFILL_AUTO
2026-04-15 14:43:56,1776264236,R_75,32256.1636,-1,2.5276000000012573,BACKFILL_AUTO
2026-04-15 14:43:58,1776264238,R_75,32261.6072,1,5.443599999998696,BACKFILL_AUTO
2026-04-15 14:44:00,1776264240,R_75,32252.9421,-1,8.665099999998347,BACKFILL_AUTO
2026-04-15 14:44:02,1776264242,R_75,32248.4114,-1,4.530699999999342,BACKFILL_AUTO
2026-04-15 14:44:04,1776264244,R_75,32249.6035,1,1.1921000000002095,BACKFILL_AUTO
2026-04-15 14:44:06,1776264246,R_75,32252.2815,1,2.6779999999998836,BACKFILL_AUTO
2026-04-15 14:44:08,1776264248,R_75,32262.2346,1,9.953099999998813,BACKFILL_AUTO
2026-04-15 14:44:10,1776264250,R_75,32250.5758,-1,11.658800000001065,BACKFILL_AUTO
2026-04-15 14:44:12,1776264252,R_75,32242.0148,-1,8.560999999997875,BACKFILL_AUTO
2026-04-15 14:44:14,1776264254,R_75,32238.6684,-1,3.346400000002177,BACKFILL_AUTO
2026-04-15 14:44:16,1776264256,R_75,32226.1708,-1,12.497599999998783,BACKFILL_AUTO
2026-04-15 14:44:18,1776264258,R_75,32234.5681,1,8.397300000000541,BACKFILL_AUTO
2026-04-15 14:44:20,1776264260,R_75,32240.1082,1,5.540099999998347,BACKFILL_AUTO
2026-04-15 14:44:22,1776264262,R_75,32237.4481,-1,2.6600999999973283,BACKFILL_AUTO
2026-04-15 14:44:24,1776264264,R_75,32224.0804,-1,13.367700000002515,BACKFILL_AUTO
2026-04-15 14:44:26,1776264266,R_75,32230.1361,1,6.0557000000007974,BACKFILL_AUTO
2026-04-15 14:44:28,1776264268,R_75,32236.9534,1,6.817299999998795,BACKFILL_AUTO
2026-04-15 14:44:30,1776264270,R_75,32237.7934,1,0.8400000000001455,BACKFILL_AUTO
2026-04-15 14:44:32,1776264272,R_75,32239.8135,1,2.0201000000015483,BACKFILL_AUTO
2026-04-15 14:44:34,1776264274,R_75,32236.0652,-1,3.74829999999929,BACKFILL_AUTO
2026-04-15 14:44:36,1776264276,R_75,32238.5728,1,2.5076000000008207,BACKFILL_AUTO
2026-04-15 14:44:38,1776264278,R_75,32241.3767,1,2.8038999999989755,BACKFILL_AUTO
2026-04-15 14:44:40,1776264280,R_75,32246.1757,1,4.798999999999069,BACKFILL_AUTO
2026-04-15 14:44:42,1776264282,R_75,32254.6156,1,8.439900000001217,BACKFILL_AUTO
2026-04-15 14:44:44,1776264284,R_75,32255.4333,1,0.8176999999996042,BACKFILL_AUTO
2026-04-15 14:44:46,1776264286,R_75,32254.0199,-1,1.4134000000012747,BACKFILL_AUTO
2026-04-15 14:44:48,1776264288,R_75,32259.3475,1,5.32760000000053,BACKFILL_AUTO
2026-04-15 14:44:50,1776264290,R_75,32255.0482,-1,4.299299999998766,BACKFILL_AUTO
2026-04-15 14:44:52,1776264292,R_75,32239.3506,-1,15.697599999999511,BACKFILL_AUTO
2026-04-15 14:44:54,1776264294,R_75,32245.4468,1,6.096199999999953,BACKFILL_AUTO
2026-04-15 14:44:56,1776264296,R_75,32248.2862,1,2.839399999997113,BACKFILL_AUTO
2026-04-15 14:44:58,1776264298,R_75,32245.1979,-1,3.0882999999994354,BACKFILL_AUTO
2026-04-15 14:45:00,1776264300,R_75,32234.4179,-1,10.779999999998836,BACKFILL_AUTO
2026-04-15 14:45:02,1776264302,R_75,32232.9506,-1,1.4673000000002503,BACKFILL_AUTO
2026-04-15 14:45:04,1776264304,R_75,32230.6882,-1,2.262399999999616,BACKFILL_AUTO
2026-04-15 14:45:06,1776264306,R_75,32226.3421,-1,4.346099999998842,BACKFILL_AUTO
2026-04-15 14:45:08,1776264308,R_75,32225.3597,-1,0.98240000000078,BACKFILL_AUTO
2026-04-15 14:45:10,1776264310,R_75,32229.2017,1,3.842000000000553,BACKFILL_AUTO
2026-04-15 14:45:12,1776264312,R_75,32234.6296,1,5.427899999998772,BACKFILL_AUTO
2026-04-15 14:45:14,1776264314,R_75,32238.8801,1,4.250499999998283,BACKFILL_AUTO
2026-04-15 14:45:16,1776264316,R_75,32232.7831,-1,6.096999999997934,BACKFILL_AUTO
2026-04-15 14:45:18,1776264318,R_75,32236.1482,1,3.3650999999990745,BACKFILL_AUTO
2026-04-15 14:45:20,1776264320,R_75,32247.8244,1,11.6762000000017,BACKFILL_AUTO
2026-04-15 14:45:22,1776264322,R_75,32249.7672,1,1.942799999997078,BACKFILL_AUTO
2026-04-15 14:45:24,1776264324,R_75,32241.5566,-1,8.210599999998522,BACKFILL_AUTO
2026-04-15 14:45:26,1776264326,R_75,32241.377,-1,0.17959999999948195,BACKFILL_AUTO
2026-04-15 14:45:28,1776264328,R_75,32240.171,-1,1.20600000000195,BACKFILL_AUTO
2026-04-15 14:45:30,1776264330,R_75,32238.1503,-1,2.020699999997305,BACKFILL_AUTO
2026-04-15 14:45:32,1776264332,R_75,32247.9501,1,9.799799999997049,BACKFILL_AUTO
2026-04-15 14:45:34,1776264334,R_75,32238.6945,-1,9.255599999996775,BACKFILL_AUTO
2026-04-15 14:45:36,1776264336,R_75,32240.4407,1,1.7461999999977706,BACKFILL_AUTO
2026-04-15 14:45:38,1776264338,R_75,32252.9602,1,12.519500000002154,BACKFILL_AUTO
2026-04-15 14:45:40,1776264340,R_75,32261.0933,1,8.133099999999104,BACKFILL_AUTO
2026-04-15 14:45:42,1776264342,R_75,32261.1742,1,0.08090000000083819,BACKFILL_AUTO
2026-04-15 14:45:44,1776264344,R_75,32250.9687,-1,10.205500000000029,BACKFILL_AUTO
2026-04-15 14:45:46,1776264346,R_75,32261.1501,1,10.181399999997666,BACKFILL_AUTO
2026-04-15 14:45:48,1776264348,R_75,32264.2502,1,3.1000999999996566,BACKFILL_AUTO
2026-04-15 14:45:50,1776264350,R_75,32275.7174,1,11.467200000002777,BACKFILL_AUTO
2026-04-15 14:45:52,1776264352,R_75,32269.2333,-1,6.48410000000149,BACKFILL_AUTO
2026-04-15 14:45:54,1776264354,R_75,32263.6844,-1,5.548900000001595,BACKFILL_AUTO
2026-04-15 14:45:56,1776264356,R_75,32269.2861,1,5.601700000002893,BACKFILL_AUTO
2026-04-15 14:45:58,1776264358,R_75,32276.6153,1,7.329200000000128,BACKFILL_AUTO
2026-04-15 14:46:00,1776264360,R_75,32276.9602,1,0.3449000000000524,BACKFILL_AUTO
2026-04-15 14:46:02,1776264362,R_75,32267.2676,-1,9.69260000000213,BACKFILL_AUTO
2026-04-15 14:46:04,1776264364,R_75,32269.6669,1,2.399300000000949,BACKFILL_AUTO
2026-04-15 14:46:06,1776264366,R_75,32274.4623,1,4.795399999999063,BACKFILL_AUTO
2026-04-15 14:46:08,1776264368,R_75,32287.0681,1,12.605800000001182,BACKFILL_AUTO
2026-04-15 14:46:10,1776264370,R_75,32287.8979,1,0.8297999999995227,BACKFILL_AUTO
2026-04-15 14:46:12,1776264372,R_75,32295.1754,1,7.2775000000001455,BACKFILL_AUTO
2026-04-15 14:46:14,1776264374,R_75,32294.6945,-1,0.4808999999986554,BACKFILL_AUTO
2026-04-15 14:46:16,1776264376,R_75,32294.1406,-1,0.5539000000026135,BACKFILL_AUTO
2026-04-15 14:46:18,1776264378,R_75,32289.666,-1,4.474599999997736,BACKFILL_AUTO
2026-04-15 14:46:20,1776264380,R_75,32289.0709,-1,0.5951000000022759,BACKFILL_AUTO
2026-04-15 14:46:22,1776264382,R_75,32284.5348,-1,4.536099999997532,BACKFILL_AUTO
2026-04-15 14:46:24,1776264384,R_75,32289.6804,1,5.145599999999831,BACKFILL_AUTO
2026-04-15 14:46:26,1776264386,R_75,32284.8502,-1,4.830200000000332,BACKFILL_AUTO
2026-04-15 14:46:28,1776264388,R_75,32293.6852,1,8.834999999999127,BACKFILL_AUTO
2026-04-15 14:46:30,1776264390,R_75,32293.8127,1,0.12749999999869033,BACKFILL_AUTO
2026-04-15 14:46:32,1776264392,R_75,32290.7798,-1,3.0328999999983353,BACKFILL_AUTO
2026-04-15 14:46:34,1776264394,R_75,32298.0563,1,7.276499999999942,BACKFILL_AUTO
2026-04-15 14:46:36,1776264396,R_75,32310.3175,1,12.261200000000827,BACKFILL_AUTO
2026-04-15 14:46:38,1776264398,R_75,32320.7792,1,10.461699999999837,BACKFILL_AUTO
2026-04-15 14:46:40,1776264400,R_75,32325.0102,1,4.230999999999767,BACKFILL_AUTO
2026-04-15 14:46:42,1776264402,R_75,32327.7151,1,2.7049000000006345,BACKFILL_AUTO
2026-04-15 14:46:44,1776264404,R_75,32339.3013,1,11.586199999997916,BACKFILL_AUTO
2026-04-15 14:46:46,1776264406,R_75,32347.2947,1,7.993399999999383,BACKFILL_AUTO
2026-04-15 14:46:48,1776264408,R_75,32341.9177,-1,5.3769999999967695,BACKFILL_AUTO
2026-04-15 14:46:50,1776264410,R_75,32336.5167,-1,5.401000000001659,BACKFILL_AUTO
2026-04-15 14:46:52,1776264412,R_75,32341.5747,1,5.058000000000902,BACKFILL_AUTO
2026-04-15 14:46:54,1776264414,R_75,32329.0752,-1,12.499500000001717,BACKFILL_AUTO
2026-04-15 14:46:56,1776264416,R_75,32334.956,1,5.880799999998999,BACKFILL_AUTO
2026-04-15 14:46:58,1776264418,R_75,32336.5917,1,1.6357000000025437,BACKFILL_AUTO
2026-04-15 14:47:00,1776264420,R_75,32341.0211,1,4.429400000000896,BACKFILL_AUTO
2026-04-15 14:47:02,1776264422,R_75,32337.0641,-1,3.9570000000021537,BACKFILL_AUTO
2026-04-15 14:47:04,1776264424,R_75,32339.3229,1,2.25879999999961,BACKFILL_AUTO
2026-04-15 14:47:06,1776264426,R_75,32335.1831,-1,4.139800000000832,BACKFILL_AUTO
2026-04-15 14:47:08,1776264428,R_75,32348.4087,1,13.225600000001577,BACKFILL_AUTO
2026-04-15 14:47:10,1776264430,R_75,32351.2925,1,2.88379999999961,BACKFILL_AUTO
2026-04-15 14:47:12,1776264432,R_75,32358.4758,1,7.1833000000005995,BACKFILL_AUTO
2026-04-15 14:47:14,1776264434,R_75,32363.0553,1,4.579499999999825,BACKFILL_AUTO
2026-04-15 14:47:16,1776264436,R_75,32361.6143,-1,1.440999999998894,BACKFILL_AUTO
2026-04-15 14:47:18,1776264438,R_75,32362.4897,1,0.8753999999971711,BACKFILL_AUTO
2026-04-15 14:47:20,1776264440,R_75,32360.1752,-1,2.3144999999967695,BACKFILL_AUTO
2026-04-15 14:47:22,1776264442,R_75,32365.5702,1,5.394999999996799,BACKFILL_AUTO
2026-04-15 14:47:24,1776264444,R_75,32371.4821,1,5.911900000002788,BACKFILL_AUTO
2026-04-15 14:47:26,1776264446,R_75,32376.0907,1,4.608599999999569,BACKFILL_AUTO
2026-04-15 14:47:28,1776264448,R_75,32376.7801,1,0.6893999999992957,BACKFILL_AUTO
2026-04-15 14:47:30,1776264450,R_75,32382.6014,1,5.82129999999961,BACKFILL_AUTO
2026-04-15 14:47:32,1776264452,R_75,32383.0205,1,0.4190999999991618,BACKFILL_AUTO
2026-04-15 14:47:34,1776264454,R_75,32389.3562,1,6.335699999999633,BACKFILL_AUTO
2026-04-15 14:47:36,1776264456,R_75,32390.5686,1,1.2124000000003434,BACKFILL_AUTO
2026-04-15 14:47:38,1776264458,R_75,32383.8125,-1,6.756099999998696,BACKFILL_AUTO
2026-04-15 14:47:40,1776264460,R_75,32379.5004,-1,4.312099999999191,BACKFILL_AUTO
2026-04-15 14:47:42,1776264462,R_75,32384.2738,1,4.773399999998219,BACKFILL_AUTO
2026-04-15 14:47:44,1776264464,R_75,32379.482,-1,4.791799999999057,BACKFILL_AUTO
2026-04-15 14:47:46,1776264466,R_75,32379.8217,1,0.3397000000004482,BACKFILL_AUTO
2026-04-15 14:47:48,1776264468,R_75,32379.6288,-1,0.19290000000182772,BACKFILL_AUTO
2026-04-15 14:47:50,1776264470,R_75,32384.2963,1,4.667500000003201,BACKFILL_AUTO
2026-04-15 14:47:52,1776264472,R_75,32388.11,1,3.8136999999987893,BACKFILL_AUTO
2026-04-15 14:47:54,1776264474,R_75,32390.5353,1,2.4252999999989697,BACKFILL_AUTO
2026-04-15 14:47:56,1776264476,R_75,32399.7129,1,9.177599999999074,BACKFILL_AUTO
2026-04-15 14:47:58,1776264478,R_75,32388.399,-1,11.313899999997375,BACKFILL_AUTO
2026-04-15 14:48:00,1776264480,R_75,32389.5047,1,1.1057000000000698,BACKFILL_AUTO
2026-04-15 14:48:02,1776264482,R_75,32399.3249,1,9.820199999998295,BACKFILL_AUTO
2026-04-15 14:48:04,1776264484,R_75,32401.4373,1,2.1124000000017986,BACKFILL_AUTO
2026-04-15 14:48:06,1776264486,R_75,32397.2658,-1,4.171500000000378,BACKFILL_AUTO
2026-04-15 14:48:08,1776264488,R_75,32403.0045,1,5.738699999998062,BACKFILL_AUTO
2026-04-15 14:48:10,1776264490,R_75,32399.8298,-1,3.174699999999575,BACKFILL_AUTO
2026-04-15 14:48:12,1776264492,R_75,32404.4173,1,4.587500000001455,BACKFILL_AUTO
2026-04-15 14:48:14,1776264494,R_75,32406.0939,1,1.6765999999988708,BACKFILL_AUTO
2026-04-15 14:48:16,1776264496,R_75,32408.4691,1,2.3751999999985856,BACKFILL_AUTO
2026-04-15 14:48:18,1776264498,R_75,32397.8142,-1,10.654899999997724,BACKFILL_AUTO
2026-04-15 14:48:20,1776264500,R_75,32408.3586,1,10.54439999999886,BACKFILL_AUTO
2026-04-15 14:48:22,1776264502,R_75,32413.0244,1,4.665799999998853,BACKFILL_AUTO
2026-04-15 14:48:24,1776264504,R_75,32410.0555,-1,2.9688999999998487,BACKFILL_AUTO
2026-04-15 14:48:26,1776264506,R_75,32411.5946,1,1.5391000000017812,BACKFILL_AUTO
2026-04-15 14:48:28,1776264508,R_75,32409.3635,-1,2.231100000000879,BACKFILL_AUTO
2026-04-15 14:48:30,1776264510,R_75,32414.5458,1,5.182300000000396,BACKFILL_AUTO
2026-04-15 14:48:32,1776264512,R_75,32407.8099,-1,6.735899999999674,BACKFILL_AUTO
2026-04-15 14:48:34,1776264514,R_75,32402.7742,-1,5.035700000000361,BACKFILL_AUTO
2026-04-15 14:48:36,1776264516,R_75,32400.3024,-1,2.471799999999348,BACKFILL_AUTO
2026-04-15 14:48:38,1776264518,R_75,32402.4333,1,2.1309000000001106,BACKFILL_AUTO
2026-04-15 14:48:40,1776264520,R_75,32406.7158,1,4.282500000001164,BACKFILL_AUTO
2026-04-15 14:48:42,1776264522,R_75,32412.5724,1,5.856599999999162,BACKFILL_AUTO
2026-04-15 14:48:44,1776264524,R_75,32405.368,-1,7.204400000002352,BACKFILL_AUTO
2026-04-15 14:48:46,1776264526,R_75,32411.8135,1,6.44550000000163,BACKFILL_AUTO
2026-04-15 14:48:48,1776264528,R_75,32398.2343,-1,13.579200000000128,BACKFILL_AUTO
2026-04-15 14:48:50,1776264530,R_75,32393.1103,-1,5.123999999999796,BACKFILL_AUTO
2026-04-15 14:48:52,1776264532,R_75,32391.1734,-1,1.9369000000006054,BACKFILL_AUTO
2026-04-15 14:48:54,1776264534,R_75,32379.3584,-1,11.81499999999869,BACKFILL_AUTO
2026-04-15 14:48:56,1776264536,R_75,32372.8837,-1,6.4747000000024855,BACKFILL_AUTO
2026-04-15 14:48:58,1776264538,R_75,32378.4952,1,5.611500000002707,BACKFILL_AUTO
2026-04-15 14:49:00,1776264540,R_75,32372.1054,-1,6.389800000000832,BACKFILL_AUTO
2026-04-15 14:49:02,1776264542,R_75,32363.8373,-1,8.26810000000114,BACKFILL_AUTO
2026-04-15 14:49:04,1776264544,R_75,32361.9636,-1,1.873700000000099,BACKFILL_AUTO
2026-04-15 14:49:06,1776264546,R_75,32353.0747,-1,8.888899999998102,BACKFILL_AUTO
2026-04-15 14:49:08,1776264548,R_75,32356.131,1,3.056300000000192,BACKFILL_AUTO
2026-04-15 14:49:10,1776264550,R_75,32356.5358,1,0.4048000000002503,BACKFILL_AUTO
2026-04-15 14:49:12,1776264552,R_75,32356.0762,-1,0.4596000000019558,BACKFILL_AUTO
2026-04-15 14:49:14,1776264554,R_75,32365.932,1,9.855800000001182,BACKFILL_AUTO
2026-04-15 14:49:16,1776264556,R_75,32380.0101,1,14.078099999998813,BACKFILL_AUTO
2026-04-15 14:49:18,1776264558,R_75,32377.6291,-1,2.3810000000012224,BACKFILL_AUTO
2026-04-15 14:49:20,1776264560,R_75,32375.6255,-1,2.003600000000006,BACKFILL_AUTO
2026-04-15 14:49:22,1776264562,R_75,32370.336,-1,5.289499999998952,BACKFILL_AUTO
2026-04-15 14:49:24,1776264564,R_75,32360.8933,-1,9.442699999999604,BACKFILL_AUTO
2026-04-15 14:49:26,1776264566,R_75,32357.7012,-1,3.1921000000002095,BACKFILL_AUTO
2026-04-15 14:49:28,1776264568,R_75,32351.8347,-1,5.866500000000087,BACKFILL_AUTO
2026-04-15 14:49:30,1776264570,R_75,32359.9507,1,8.116000000001804,BACKFILL_AUTO
2026-04-15 14:49:32,1776264572,R_75,32358.8138,-1,1.136900000001333,BACKFILL_AUTO
2026-04-15 14:49:34,1776264574,R_75,32355.5492,-1,3.264599999998609,BACKFILL_AUTO
2026-04-15 14:49:36,1776264576,R_75,32349.9134,-1,5.6358000000000175,BACKFILL_AUTO
2026-04-15 14:49:38,1776264578,R_75,32339.6697,-1,10.243700000002718,BACKFILL_AUTO
2026-04-15 14:49:40,1776264580,R_75,32336.9106,-1,2.7590999999993073,BACKFILL_AUTO
2026-04-15 14:49:42,1776264582,R_75,32332.201,-1,4.709599999998318,BACKFILL_AUTO
2026-04-15 14:49:44,1776264584,R_75,32336.5599,1,4.358899999999267,BACKFILL_AUTO
2026-04-15 14:49:46,1776264586,R_75,32334.5932,-1,1.9667000000008557,BACKFILL_AUTO
2026-04-15 14:49:48,1776264588,R_75,32338.281,1,3.6877999999996973,BACKFILL_AUTO
2026-04-15 14:49:50,1776264590,R_75,32329.0729,-1,9.208099999999831,BACKFILL_AUTO
2026-04-15 14:49:52,1776264592,R_75,32337.4048,1,8.331900000001042,BACKFILL_AUTO
2026-04-15 14:49:54,1776264594,R_75,32336.8332,-1,0.5715999999993073,BACKFILL_AUTO
2026-04-15 14:49:56,1776264596,R_75,32330.6969,-1,6.136300000001938,BACKFILL_AUTO
2026-04-15 14:49:58,1776264598,R_75,32335.7437,1,5.046800000000076,BACKFILL_AUTO
2026-04-15 14:50:00,1776264600,R_75,32332.5663,-1,3.177400000000489,BACKFILL_AUTO
2026-04-15 14:50:02,1776264602,R_75,32338.3287,1,5.762399999999616,BACKFILL_AUTO
2026-04-15 14:50:04,1776264604,R_75,32337.1684,-1,1.1602999999995518,BACKFILL_AUTO
2026-04-15 14:50:06,1776264606,R_75,32344.1056,1,6.937200000000303,BACKFILL_AUTO
2026-04-15 14:50:08,1776264608,R_75,32347.8595,1,3.753899999999703,BACKFILL_AUTO
2026-04-15 14:50:10,1776264610,R_75,32348.0468,1,0.18730000000141445,BACKFILL_AUTO
2026-04-15 14:50:12,1776264612,R_75,32349.8035,1,1.7567000000017288,BACKFILL_AUTO
2026-04-15 14:50:14,1776264614,R_75,32351.514,1,1.7104999999974098,BACKFILL_AUTO
2026-04-15 14:50:16,1776264616,R_75,32354.7741,1,3.260099999999511,BACKFILL_AUTO
2026-04-15 14:50:18,1776264618,R_75,32363.7224,1,8.948300000000017,BACKFILL_AUTO
2026-04-15 14:50:20,1776264620,R_75,32372.4967,1,8.774300000000949,BACKFILL_AUTO
2026-04-15 14:50:22,1776264622,R_75,32374.0332,1,1.536500000001979,BACKFILL_AUTO
2026-04-15 14:50:24,1776264624,R_75,32371.0848,-1,2.9484000000011292,BACKFILL_AUTO
2026-04-15 14:50:26,1776264626,R_75,32367.5298,-1,3.555000000000291,BACKFILL_AUTO
2026-04-15 14:50:28,1776264628,R_75,32362.8489,-1,4.680899999999383,BACKFILL_AUTO
2026-04-15 14:50:30,1776264630,R_75,32367.8827,1,5.033799999997427,BACKFILL_AUTO
2026-04-15 14:50:32,1776264632,R_75,32364.4632,-1,3.419499999999971,BACKFILL_AUTO
2026-04-15 14:50:34,1776264634,R_75,32367.0807,1,2.617500000000291,BACKFILL_AUTO
2026-04-15 14:50:36,1776264636,R_75,32368.5696,1,1.4889000000002852,BACKFILL_AUTO
2026-04-15 14:50:38,1776264638,R_75,32361.6546,-1,6.914999999997235,BACKFILL_AUTO
2026-04-15 14:50:40,1776264640,R_75,32364.89,1,3.235399999997753,BACKFILL_AUTO
2026-04-15 14:50:42,1776264642,R_75,32361.7065,-1,3.183499999999185,BACKFILL_AUTO
2026-04-15 14:50:44,1776264644,R_75,32361.3473,-1,0.3591999999989639,BACKFILL_AUTO
2026-04-15 14:50:46,1776264646,R_75,32358.9479,-1,2.3994000000020606,BACKFILL_AUTO
2026-04-15 14:50:48,1776264648,R_75,32360.8818,1,1.9338999999999942,BACKFILL_AUTO
2026-04-15 14:50:50,1776264650,R_75,32367.2033,1,6.3215000000018335,BACKFILL_AUTO
2026-04-15 14:50:52,1776264652,R_75,32377.3161,1,10.11279999999897,BACKFILL_AUTO
2026-04-15 14:50:54,1776264654,R_75,32379.4247,1,2.1085999999995693,BACKFILL_AUTO
2026-04-15 14:50:56,1776264656,R_75,32389.4487,1,10.024000000001251,BACKFILL_AUTO
2026-04-15 14:50:58,1776264658,R_75,32379.6782,-1,9.770500000002357,BACKFILL_AUTO
2026-04-15 14:51:00,1776264660,R_75,32385.2175,1,5.539300000000367,BACKFILL_AUTO
2026-04-15 14:51:02,1776264662,R_75,32386.6291,1,1.4115999999994528,BACKFILL_AUTO
2026-04-15 14:51:04,1776264664,R_75,32394.2448,1,7.615700000002107,BACKFILL_AUTO
2026-04-15 14:51:06,1776264666,R_75,32393.7145,-1,0.5303000000021711,BACKFILL_AUTO
2026-04-15 14:51:08,1776264668,R_75,32387.1755,-1,6.538999999997031,BACKFILL_AUTO
2026-04-15 14:51:10,1776264670,R_75,32387.3289,1,0.15339999999923748,BACKFILL_AUTO
2026-04-15 14:51:12,1776264672,R_75,32378.8079,-1,8.52100000000064,BACKFILL_AUTO
2026-04-15 14:51:14,1776264674,R_75,32370.1949,-1,8.613000000001193,BACKFILL_AUTO
2026-04-15 14:51:16,1776264676,R_75,32371.4017,1,1.2067999999999302,BACKFILL_AUTO
2026-04-15 14:51:18,1776264678,R_75,32374.1951,1,2.7934000000022934,BACKFILL_AUTO
2026-04-15 14:51:20,1776264680,R_75,32373.4927,-1,0.7024000000019441,BACKFILL_AUTO
2026-04-15 14:51:22,1776264682,R_75,32377.8535,1,4.3608000000022,BACKFILL_AUTO
2026-04-15 14:51:24,1776264684,R_75,32383.9972,1,6.1437000000005355,BACKFILL_AUTO
2026-04-15 14:51:26,1776264686,R_75,32388.3567,1,4.359499999998661,BACKFILL_AUTO
2026-04-15 14:51:28,1776264688,R_75,32386.2735,-1,2.083200000000943,BACKFILL_AUTO
2026-04-15 14:51:30,1776264690,R_75,32385.0601,-1,1.2134000000005472,BACKFILL_AUTO
2026-04-15 14:51:32,1776264692,R_75,32376.4426,-1,8.617500000000291,BACKFILL_AUTO
2026-04-15 14:51:34,1776264694,R_75,32381.3401,1,4.897500000002765,BACKFILL_AUTO
2026-04-15 14:51:36,1776264696,R_75,32381.0457,-1,0.2944000000024971,BACKFILL_AUTO
2026-04-15 14:51:38,1776264698,R_75,32382.9729,1,1.9272000000019034,BACKFILL_AUTO
2026-04-15 14:51:40,1776264700,R_75,32379.5815,-1,3.3914000000004307,BACKFILL_AUTO
2026-04-15 14:51:42,1776264702,R_75,32383.6894,1,4.107899999999063,BACKFILL_AUTO
2026-04-15 14:51:44,1776264704,R_75,32391.8366,1,8.14719999999943,BACKFILL_AUTO
2026-04-15 14:51:46,1776264706,R_75,32380.3205,-1,11.516099999997095,BACKFILL_AUTO
2026-04-15 14:51:48,1776264708,R_75,32380.2151,-1,0.10540000000037253,BACKFILL_AUTO
2026-04-15 14:51:50,1776264710,R_75,32384.658,1,4.44289999999819,BACKFILL_AUTO
2026-04-15 14:51:52,1776264712,R_75,32380.4429,-1,4.215100000001257,BACKFILL_AUTO
2026-04-15 14:51:54,1776264714,R_75,32371.3723,-1,9.070599999999104,BACKFILL_AUTO
2026-04-15 14:51:56,1776264716,R_75,32380.4199,1,9.047600000001694,BACKFILL_AUTO
2026-04-15 14:51:58,1776264718,R_75,32381.896,1,1.4760999999998603,BACKFILL_AUTO
2026-04-15 14:52:00,1776264720,R_75,32384.2187,1,2.322700000000623,BACKFILL_AUTO
2026-04-15 14:52:02,1776264722,R_75,32377.9542,-1,6.264500000001135,BACKFILL_AUTO
2026-04-15 14:52:04,1776264724,R_75,32377.6393,-1,0.31490000000121654,BACKFILL_AUTO
2026-04-15 14:52:06,1776264726,R_75,32374.9503,-1,2.6889999999984866,BACKFILL_AUTO
2026-04-15 14:52:08,1776264728,R_75,32372.507,-1,2.443299999998999,BACKFILL_AUTO
2026-04-15 14:52:10,1776264730,R_75,32378.6996,1,6.192599999998492,BACKFILL_AUTO
2026-04-15 14:52:12,1776264732,R_75,32384.3145,1,5.614900000000489,BACKFILL_AUTO
2026-04-15 14:52:14,1776264734,R_75,32380.0182,-1,4.296300000001793,BACKFILL_AUTO
2026-04-15 14:52:16,1776264736,R_75,32374.2789,-1,5.739299999997456,BACKFILL_AUTO
2026-04-15 14:52:18,1776264738,R_75,32362.5039,-1,11.775000000001455,BACKFILL_AUTO
2026-04-15 14:52:20,1776264740,R_75,32358.1204,-1,4.383499999999913,BACKFILL_AUTO
2026-04-15 14:52:22,1776264742,R_75,32351.2977,-1,6.822700000000623,BACKFILL_AUTO
2026-04-15 14:52:24,1776264744,R_75,32358.9686,1,7.670900000000984,BACKFILL_AUTO
2026-04-15 14:52:26,1776264746,R_75,32357.0962,-1,1.872400000000198,BACKFILL_AUTO
2026-04-15 14:52:28,1776264748,R_75,32362.2493,1,5.15309999999954,BACKFILL_AUTO
2026-04-15 14:52:30,1776264750,R_75,32365.9593,1,3.709999999999127,BACKFILL_AUTO
2026-04-15 14:52:32,1776264752,R_75,32353.6698,-1,12.289499999998952,BACKFILL_AUTO
2026-04-15 14:52:34,1776264754,R_75,32349.9448,-1,3.724999999998545,BACKFILL_AUTO
2026-04-15 14:52:36,1776264756,R_75,32347.6845,-1,2.2603000000017346,BACKFILL_AUTO
2026-04-15 14:52:38,1776264758,R_75,32350.4597,1,2.7752000000000407,BACKFILL_AUTO
2026-04-15 14:52:40,1776264760,R_75,32335.4019,-1,15.057799999998679,BACKFILL_AUTO
2026-04-15 14:52:42,1776264762,R_75,32337.0651,1,1.6631999999990512,BACKFILL_AUTO
2026-04-15 14:52:44,1776264764,R_75,32334.4219,-1,2.6431999999986147,BACKFILL_AUTO
2026-04-15 14:52:46,1776264766,R_75,32326.8712,-1,7.550699999999779,BACKFILL_AUTO
2026-04-15 14:52:48,1776264768,R_75,32325.7847,-1,1.0865000000012515,BACKFILL_AUTO
2026-04-15 14:52:50,1776264770,R_75,32328.3738,1,2.5891000000010536,BACKFILL_AUTO
2026-04-15 14:52:52,1776264772,R_75,32335.4414,1,7.067599999998492,BACKFILL_AUTO
2026-04-15 14:52:54,1776264774,R_75,32333.4911,-1,1.950300000000425,BACKFILL_AUTO
2026-04-15 14:52:56,1776264776,R_75,32328.2089,-1,5.282199999997829,BACKFILL_AUTO
2026-04-15 14:52:58,1776264778,R_75,32333.0325,1,4.823599999999715,BACKFILL_AUTO
2026-04-15 14:53:00,1776264780,R_75,32333.0846,1,0.052099999997153645,BACKFILL_AUTO
2026-04-15 14:53:02,1776264782,R_75,32328.8926,-1,4.191999999999098,BACKFILL_AUTO
2026-04-15 14:53:04,1776264784,R_75,32335.9374,1,7.044799999999668,BACKFILL_AUTO
2026-04-15 14:53:06,1776264786,R_75,32352.8626,1,16.925200000001496,BACKFILL_AUTO
2026-04-15 14:53:08,1776264788,R_75,32345.9408,-1,6.921800000000076,BACKFILL_AUTO
2026-04-15 14:53:10,1776264790,R_75,32340.3062,-1,5.634600000001228,BACKFILL_AUTO
2026-04-15 14:53:12,1776264792,R_75,32336.5589,-1,3.747299999999086,BACKFILL_AUTO
2026-04-15 14:53:14,1776264794,R_75,32335.0737,-1,1.4851999999991676,BACKFILL_AUTO
2026-04-15 14:53:16,1776264796,R_75,32335.5597,1,0.4860000000007858,BACKFILL_AUTO
2026-04-15 14:53:18,1776264798,R_75,32338.8703,1,3.3105999999970663,BACKFILL_AUTO
2026-04-15 14:53:20,1776264800,R_75,32340.3717,1,1.5014000000010128,BACKFILL_AUTO
2026-04-15 14:53:22,1776264802,R_75,32339.7881,-1,0.5835999999981141,BACKFILL_AUTO
2026-04-15 14:53:24,1776264804,R_75,32349.7818,1,9.99369999999908,BACKFILL_AUTO
2026-04-15 14:53:26,1776264806,R_75,32349.775,-1,0.006799999999202555,BACKFILL_AUTO
2026-04-15 14:53:28,1776264808,R_75,32360.8317,1,11.056699999997363,BACKFILL_AUTO
2026-04-15 14:53:30,1776264810,R_75,32360.1168,-1,0.7148999999990338,BACKFILL_AUTO
2026-04-15 14:53:32,1776264812,R_75,32360.4023,1,0.28550000000177533,BACKFILL_AUTO
2026-04-15 14:53:34,1776264814,R_75,32357.2313,-1,3.1710000000020955,BACKFILL_AUTO
2026-04-15 14:53:36,1776264816,R_75,32342.7636,-1,14.46770000000106,BACKFILL_AUTO
2026-04-15 14:53:38,1776264818,R_75,32340.6859,-1,2.0776999999980035,BACKFILL_AUTO
2026-04-15 14:53:40,1776264820,R_75,32336.2039,-1,4.481999999999971,BACKFILL_AUTO
2026-04-15 14:53:42,1776264822,R_75,32337.348,1,1.1441000000013446,BACKFILL_AUTO
2026-04-15 14:53:44,1776264824,R_75,32338.9064,1,1.5583999999980733,BACKFILL_AUTO
2026-04-15 14:53:46,1776264826,R_75,32337.683,-1,1.2233999999989464,BACKFILL_AUTO
2026-04-15 14:53:48,1776264828,R_75,32337.9502,1,0.26719999999841093,BACKFILL_AUTO
2026-04-15 14:53:50,1776264830,R_75,32344.5764,1,6.626200000002427,BACKFILL_AUTO
2026-04-15 14:53:52,1776264832,R_75,32334.6492,-1,9.927200000001903,BACKFILL_AUTO
2026-04-15 14:53:54,1776264834,R_75,32333.2536,-1,1.3955999999998312,BACKFILL_AUTO
2026-04-15 14:53:56,1776264836,R_75,32338.3741,1,5.120500000000902,BACKFILL_AUTO
2026-04-15 14:53:58,1776264838,R_75,32343.8116,1,5.4375,BACKFILL_AUTO
2026-04-15 14:54:00,1776264840,R_75,32343.9748,1,0.16319999999905122,BACKFILL_AUTO
2026-04-15 14:54:02,1776264842,R_75,32350.0024,1,6.027600000001257,BACKFILL_AUTO
2026-04-15 14:54:04,1776264844,R_75,32360.6414,1,10.638999999999214,BACKFILL_AUTO
2026-04-15 14:54:06,1776264846,R_75,32356.3267,-1,4.314699999998993,BACKFILL_AUTO
2026-04-15 14:54:08,1776264848,R_75,32345.4026,-1,10.92410000000018,BACKFILL_AUTO
2026-04-15 14:54:10,1776264850,R_75,32339.7021,-1,5.7005000000026484,BACKFILL_AUTO
2026-04-15 14:54:12,1776264852,R_75,32335.0955,-1,4.606599999999162,BACKFILL_AUTO
2026-04-15 14:54:14,1776264854,R_75,32343.9893,1,8.893800000001647,BACKFILL_AUTO
2026-04-15 14:54:16,1776264856,R_75,32339.0273,-1,4.961999999999534,BACKFILL_AUTO
2026-04-15 14:54:18,1776264858,R_75,32335.5792,-1,3.448100000001432,BACKFILL_AUTO
2026-04-15 14:54:20,1776264860,R_75,32330.5431,-1,5.03610000000117,BACKFILL_AUTO
2026-04-15 14:54:22,1776264862,R_75,32331.6076,1,1.0645000000004075,BACKFILL_AUTO
2026-04-15 14:54:24,1776264864,R_75,32335.3814,1,3.773799999999028,BACKFILL_AUTO
2026-04-15 14:54:26,1776264866,R_75,32331.5148,-1,3.866599999997561,BACKFILL_AUTO
2026-04-15 14:54:28,1776264868,R_75,32323.2213,-1,8.293499999999767,BACKFILL_AUTO
2026-04-15 14:54:30,1776264870,R_75,32323.8468,1,0.6254999999982829,BACKFILL_AUTO
2026-04-15 14:54:32,1776264872,R_75,32320.2152,-1,3.631600000000617,BACKFILL_AUTO
2026-04-15 14:54:34,1776264874,R_75,32324.3508,1,4.135600000001432,BACKFILL_AUTO
2026-04-15 14:54:36,1776264876,R_75,32326.0208,1,1.6699999999982538,BACKFILL_AUTO
2026-04-15 14:54:38,1776264878,R_75,32321.9635,-1,4.057299999996758,BACKFILL_AUTO
2026-04-15 14:54:40,1776264880,R_75,32319.2318,-1,2.7317000000002736,BACKFILL_AUTO
2026-04-15 14:54:42,1776264882,R_75,32324.8408,1,5.609000000000378,BACKFILL_AUTO
2026-04-15 14:54:44,1776264884,R_75,32329.0688,1,4.227999999999156,BACKFILL_AUTO
2026-04-15 14:54:46,1776264886,R_75,32327.1757,-1,1.8931000000011409,BACKFILL_AUTO
2026-04-15 14:54:48,1776264888,R_75,32322.7179,-1,4.457800000000134,BACKFILL_AUTO
2026-04-15 14:54:50,1776264890,R_75,32323.451,1,0.7331000000012864,BACKFILL_AUTO
2026-04-15 14:54:52,1776264892,R_75,32319.975,-1,3.4760000000023865,BACKFILL_AUTO
2026-04-15 14:54:54,1776264894,R_75,32323.5993,1,3.6243000000031316,BACKFILL_AUTO
2026-04-15 14:54:56,1776264896,R_75,32327.5007,1,3.90139999999883,BACKFILL_AUTO
2026-04-15 14:54:58,1776264898,R_75,32336.2748,1,8.774099999998725,BACKFILL_AUTO
2026-04-15 14:55:00,1776264900,R_75,32341.041,1,4.766200000001845,BACKFILL_AUTO
2026-04-15 14:55:02,1776264902,R_75,32344.307,1,3.2659999999996217,BACKFILL_AUTO
2026-04-15 14:55:04,1776264904,R_75,32345.7666,1,1.4595999999983178,BACKFILL_AUTO
2026-04-15 14:55:06,1776264906,R_75,32341.6992,-1,4.067399999999907,BACKFILL_AUTO
2026-04-15 14:55:08,1776264908,R_75,32336.7893,-1,4.909899999998743,BACKFILL_AUTO
2026-04-15 14:55:10,1776264910,R_75,32340.1622,1,3.372899999998481,BACKFILL_AUTO
2026-04-15 14:55:12,1776264912,R_75,32350.9112,1,10.748999999999796,BACKFILL_AUTO
2026-04-15 14:55:14,1776264914,R_75,32352.3318,1,1.4206000000012864,BACKFILL_AUTO
2026-04-15 14:55:16,1776264916,R_75,32342.1287,-1,10.203099999998813,BACKFILL_AUTO
2026-04-15 14:55:18,1776264918,R_75,32339.2729,-1,2.8558000000011816,BACKFILL_AUTO
2026-04-15 14:55:20,1776264920,R_75,32342.8896,1,3.616699999998673,BACKFILL_AUTO
2026-04-15 14:55:22,1776264922,R_75,32338.429,-1,4.4605999999985215,BACKFILL_AUTO
2026-04-15 14:55:24,1776264924,R_75,32329.9187,-1,8.510300000001735,BACKFILL_AUTO
2026-04-15 14:55:26,1776264926,R_75,32333.4209,1,3.502200000002631,BACKFILL_AUTO
2026-04-15 14:55:28,1776264928,R_75,32329.3453,-1,4.075600000000122,BACKFILL_AUTO
2026-04-15 14:55:30,1776264930,R_75,32320.3707,-1,8.974600000001374,BACKFILL_AUTO
2026-04-15 14:55:32,1776264932,R_75,32325.6793,1,5.308600000000297,BACKFILL_AUTO
2026-04-15 14:55:34,1776264934,R_75,32325.5194,-1,0.15989999999874271,BACKFILL_AUTO
2026-04-15 14:55:36,1776264936,R_75,32334.9849,1,9.465499999998428,BACKFILL_AUTO
2026-04-15 14:55:38,1776264938,R_75,32333.849,-1,1.1359000000011292,BACKFILL_AUTO
2026-04-15 14:55:40,1776264940,R_75,32337.9981,1,4.149100000002363,BACKFILL_AUTO
2026-04-15 14:55:42,1776264942,R_75,32338.8654,1,0.8672999999980675,BACKFILL_AUTO
2026-04-15 14:55:44,1776264944,R_75,32340.7542,1,1.8888000000006286,BACKFILL_AUTO
2026-04-15 14:55:46,1776264946,R_75,32346.6522,1,5.898000000001048,BACKFILL_AUTO
2026-04-15 14:55:48,1776264948,R_75,32339.5689,-1,7.083300000002055,BACKFILL_AUTO
2026-04-15 14:55:50,1776264950,R_75,32337.0988,-1,2.470099999998638,BACKFILL_AUTO
2026-04-15 14:55:52,1776264952,R_75,32327.3051,-1,9.793699999998353,BACKFILL_AUTO
2026-04-15 14:55:54,1776264954,R_75,32326.9795,-1,0.32560000000012224,BACKFILL_AUTO
2026-04-15 14:55:56,1776264956,R_75,32325.7094,-1,1.2701000000015483,BACKFILL_AUTO
2026-04-15 14:55:58,1776264958,R_75,32335.5423,1,9.832900000001246,BACKFILL_AUTO
2026-04-15 14:56:00,1776264960,R_75,32335.577,1,0.03470000000015716,BACKFILL_AUTO
2026-04-15 14:56:02,1776264962,R_75,32328.1046,-1,7.472400000002381,BACKFILL_AUTO
2026-04-15 14:56:04,1776264964,R_75,32323.234,-1,4.870599999998376,BACKFILL_AUTO
2026-04-15 14:56:06,1776264966,R_75,32326.6619,1,3.427899999998772,BACKFILL_AUTO
2026-04-15 14:56:08,1776264968,R_75,32326.403,-1,0.2589000000007218,BACKFILL_AUTO
2026-04-15 14:56:10,1776264970,R_75,32321.6511,-1,4.751899999999296,BACKFILL_AUTO
2026-04-15 14:56:12,1776264972,R_75,32324.9974,1,3.346300000001065,BACKFILL_AUTO
2026-04-15 14:56:14,1776264974,R_75,32323.3925,-1,1.6048999999984517,BACKFILL_AUTO
2026-04-15 14:56:16,1776264976,R_75,32311.6689,-1,11.72360000000117,BACKFILL_AUTO
2026-04-15 14:56:18,1776264978,R_75,32302.9333,-1,8.735599999999977,BACKFILL_AUTO
2026-04-15 14:56:20,1776264980,R_75,32303.7815,1,0.8482000000003609,BACKFILL_AUTO
2026-04-15 14:56:22,1776264982,R_75,32299.254,-1,4.5275000000001455,BACKFILL_AUTO
2026-04-15 14:56:24,1776264984,R_75,32307.2558,1,8.001799999998184,BACKFILL_AUTO
2026-04-15 14:56:26,1776264986,R_75,32300.7609,-1,6.49489999999787,BACKFILL_AUTO
2026-04-15 14:56:28,1776264988,R_75,32298.3271,-1,2.4338000000025204,BACKFILL_AUTO
2026-04-15 14:56:30,1776264990,R_75,32289.4623,-1,8.864799999999377,BACKFILL_AUTO
2026-04-15 14:56:32,1776264992,R_75,32288.968,-1,0.49429999999847496,BACKFILL_AUTO
2026-04-15 14:56:34,1776264994,R_75,32299.081,1,10.112999999997555,BACKFILL_AUTO
2026-04-15 14:56:36,1776264996,R_75,32296.4682,-1,2.6127999999989697,BACKFILL_AUTO
2026-04-15 14:56:38,1776264998,R_75,32287.8701,-1,8.59809999999925,BACKFILL_AUTO
2026-04-15 14:56:40,1776265000,R_75,32294.9789,1,7.108799999998155,BACKFILL_AUTO
2026-04-15 14:56:42,1776265002,R_75,32302.1681,1,7.18920000000071,BACKFILL_AUTO
2026-04-15 14:56:44,1776265004,R_75,32304.8668,1,2.6987000000008265,BACKFILL_AUTO
2026-04-15 14:56:46,1776265006,R_75,32289.7816,-1,15.08520000000135,BACKFILL_AUTO
2026-04-15 14:56:48,1776265008,R_75,32277.3863,-1,12.395300000000134,BACKFILL_AUTO
2026-04-15 14:56:50,1776265010,R_75,32281.0144,1,3.628100000001723,BACKFILL_AUTO
2026-04-15 14:56:52,1776265012,R_75,32289.8337,1,8.819299999999203,BACKFILL_AUTO
2026-04-15 14:56:54,1776265014,R_75,32286.5433,-1,3.2903999999980442,BACKFILL_AUTO
2026-04-15 14:56:56,1776265016,R_75,32297.8333,1,11.289999999997235,BACKFILL_AUTO
2026-04-15 14:56:58,1776265018,R_75,32300.6316,1,2.7983000000022002,BACKFILL_AUTO
2026-04-15 14:57:00,1776265020,R_75,32303.6324,1,3.00079999999798,BACKFILL_AUTO
2026-04-15 14:57:02,1776265022,R_75,32301.6369,-1,1.9954999999972642,BACKFILL_AUTO
2026-04-15 14:57:04,1776265024,R_75,32315.8351,1,14.198199999998906,BACKFILL_AUTO
2026-04-15 14:57:06,1776265026,R_75,32314.7172,-1,1.1179000000011001,BACKFILL_AUTO
2026-04-15 14:57:08,1776265028,R_75,32313.1629,-1,1.5542999999997846,BACKFILL_AUTO
2026-04-15 14:57:10,1776265030,R_75,32314.8623,1,1.699400000001333,BACKFILL_AUTO
2026-04-15 14:57:12,1776265032,R_75,32303.4047,-1,11.457600000001548,BACKFILL_AUTO
2026-04-15 14:57:14,1776265034,R_75,32305.2502,1,1.845499999999447,BACKFILL_AUTO
2026-04-15 14:57:16,1776265036,R_75,32304.8733,-1,0.3768999999992957,BACKFILL_AUTO
2026-04-15 14:57:18,1776265038,R_75,32300.5451,-1,4.328199999999924,BACKFILL_AUTO
2026-04-15 14:57:20,1776265040,R_75,32299.4436,-1,1.1015000000006694,BACKFILL_AUTO
2026-04-15 14:57:22,1776265042,R_75,32303.133,1,3.6894000000029337,BACKFILL_AUTO
2026-04-15 14:57:24,1776265044,R_75,32308.9135,1,5.780499999997119,BACKFILL_AUTO
2026-04-15 14:57:26,1776265046,R_75,32316.552,1,7.638500000000931,BACKFILL_AUTO
2026-04-15 14:57:28,1776265048,R_75,32312.8585,-1,3.6935000000012224,BACKFILL_AUTO
2026-04-15 14:57:30,1776265050,R_75,32310.5463,-1,2.3121999999966647,BACKFILL_AUTO
2026-04-15 14:57:32,1776265052,R_75,32313.6561,1,3.1097999999983585,BACKFILL_AUTO
2026-04-15 14:57:34,1776265054,R_75,32317.0351,1,3.379000000000815,BACKFILL_AUTO
2026-04-15 14:57:36,1776265056,R_75,32311.9523,-1,5.082800000000134,BACKFILL_AUTO
2026-04-15 14:57:38,1776265058,R_75,32303.6058,-1,8.34649999999965,BACKFILL_AUTO
2026-04-15 14:57:40,1776265060,R_75,32298.1626,-1,5.443200000001525,BACKFILL_AUTO
2026-04-15 14:57:42,1776265062,R_75,32281.8563,-1,16.306300000000192,BACKFILL_AUTO
2026-04-15 14:57:44,1776265064,R_75,32284.2393,1,2.38300000000163,BACKFILL_AUTO
2026-04-15 14:57:46,1776265066,R_75,32291.0732,1,6.833899999997811,BACKFILL_AUTO
2026-04-15 14:57:48,1776265068,R_75,32288.874,-1,2.1991999999991094,BACKFILL_AUTO
2026-04-15 14:57:50,1776265070,R_75,32292.8424,1,3.968400000001566,BACKFILL_AUTO
2026-04-15 14:57:52,1776265072,R_75,32291.5541,-1,1.288300000000163,BACKFILL_AUTO
2026-04-15 14:57:54,1776265074,R_75,32283.3472,-1,8.206900000001042,BACKFILL_AUTO
2026-04-15 14:57:56,1776265076,R_75,32284.9023,1,1.5551000000014028,BACKFILL_AUTO
2026-04-15 14:57:58,1776265078,R_75,32283.9593,-1,0.9430000000029395,BACKFILL_AUTO
2026-04-15 14:58:00,1776265080,R_75,32281.5452,-1,2.414099999998143,BACKFILL_AUTO
2026-04-15 14:58:02,1776265082,R_75,32282.273,1,0.7278000000005704,BACKFILL_AUTO
2026-04-15 14:58:04,1776265084,R_75,32284.653,1,2.3799999999973807,BACKFILL_AUTO
2026-04-15 14:58:06,1776265086,R_75,32284.0551,-1,0.5978999999970256,BACKFILL_AUTO
2026-04-15 14:58:08,1776265088,R_75,32281.3806,-1,2.6745000000009895,BACKFILL_AUTO
2026-04-15 14:58:10,1776265090,R_75,32286.5331,1,5.1525000000001455,BACKFILL_AUTO
2026-04-15 14:58:12,1776265092,R_75,32281.7602,-1,4.772899999999936,BACKFILL_AUTO
2026-04-15 14:58:14,1776265094,R_75,32280.502,-1,1.2582000000002154,BACKFILL_AUTO
2026-04-15 14:58:16,1776265096,R_75,32280.6825,1,0.1804999999985739,BACKFILL_AUTO
2026-04-15 14:58:18,1776265098,R_75,32282.081,1,1.3984999999993306,BACKFILL_AUTO
2026-04-15 14:58:20,1776265100,R_75,32280.7006,-1,1.3803999999981897,BACKFILL_AUTO
2026-04-15 14:58:22,1776265102,R_75,32281.6544,1,0.953799999999319,BACKFILL_AUTO
2026-04-15 14:58:24,1776265104,R_75,32283.5418,1,1.8873999999996158,BACKFILL_AUTO
2026-04-15 14:58:26,1776265106,R_75,32290.6075,1,7.065699999999197,BACKFILL_AUTO
2026-04-15 14:58:28,1776265108,R_75,32305.307,1,14.699500000002445,BACKFILL_AUTO
2026-04-15 14:58:30,1776265110,R_75,32291.9772,-1,13.329799999999523,BACKFILL_AUTO
2026-04-15 14:58:32,1776265112,R_75,32295.441,1,3.4637999999977183,BACKFILL_AUTO
2026-04-15 14:58:34,1776265114,R_75,32301.1518,1,5.710800000000745,BACKFILL_AUTO
2026-04-15 14:58:36,1776265116,R_75,32307.5249,1,6.373100000000704,BACKFILL_AUTO
2026-04-15 14:58:38,1776265118,R_75,32315.5301,1,8.005199999999604,BACKFILL_AUTO
2026-04-15 14:58:40,1776265120,R_75,32313.0694,-1,2.4606999999996333,BACKFILL_AUTO
2026-04-15 14:58:42,1776265122,R_75,32315.9958,1,2.926400000000285,BACKFILL_AUTO
2026-04-15 14:58:44,1776265124,R_75,32323.4014,1,7.4055999999982305,BACKFILL_AUTO
2026-04-15 14:58:46,1776265126,R_75,32321.0335,-1,2.367899999997462,BACKFILL_AUTO
2026-04-15 14:58:48,1776265128,R_75,32312.4023,-1,8.631199999999808,BACKFILL_AUTO
2026-04-15 14:58:50,1776265130,R_75,32312.4969,1,0.09459999999671709,BACKFILL_AUTO
2026-04-15 14:58:52,1776265132,R_75,32310.9118,-1,1.5850999999966007,BACKFILL_AUTO
2026-04-15 14:58:54,1776265134,R_75,32315.4701,1,4.558299999996962,BACKFILL_AUTO
2026-04-15 14:58:56,1776265136,R_75,32313.088,-1,2.3820999999989,BACKFILL_AUTO
2026-04-15 14:58:58,1776265138,R_75,32319.7367,1,6.648700000001554,BACKFILL_AUTO
2026-04-15 14:59:00,1776265140,R_75,32333.9669,1,14.230199999998149,BACKFILL_AUTO
2026-04-15 14:59:02,1776265142,R_75,32325.4907,-1,8.476200000000972,BACKFILL_AUTO
2026-04-15 14:59:04,1776265144,R_75,32329.6981,1,4.207400000002963,BACKFILL_AUTO
2026-04-15 14:59:06,1776265146,R_75,32330.4117,1,0.7135999999991327,BACKFILL_AUTO
2026-04-15 14:59:08,1776265148,R_75,32321.7893,-1,8.622400000000198,BACKFILL_AUTO
2026-04-15 14:59:10,1776265150,R_75,32320.7994,-1,0.9899000000004889,BACKFILL_AUTO
2026-04-15 14:59:12,1776265152,R_75,32319.1073,-1,1.6921000000002095,BACKFILL_AUTO
2026-04-15 14:59:14,1776265154,R_75,32311.4264,-1,7.680899999999383,BACKFILL_AUTO
2026-04-15 14:59:16,1776265156,R_75,32312.5085,1,1.0820999999996275,BACKFILL_AUTO
2026-04-15 14:59:18,1776265158,R_75,32317.3081,1,4.799599999998463,BACKFILL_AUTO
2026-04-15 14:59:20,1776265160,R_75,32316.4685,-1,0.8395999999993364,BACKFILL_AUTO
2026-04-15 14:59:22,1776265162,R_75,32316.802,1,0.3335000000006403,BACKFILL_AUTO
2026-04-15 14:59:24,1776265164,R_75,32314.4295,-1,2.3725000000013097,BACKFILL_AUTO
2026-04-15 14:59:26,1776265166,R_75,32308.6797,-1,5.7497999999977765,BACKFILL_AUTO
2026-04-15 14:59:28,1776265168,R_75,32293.3687,-1,15.311000000001513,BACKFILL_AUTO
2026-04-15 14:59:30,1776265170,R_75,32293.1589,-1,0.20980000000054133,BACKFILL_AUTO
2026-04-15 14:59:32,1776265172,R_75,32293.9495,1,0.7906000000002678,BACKFILL_AUTO
2026-04-15 14:59:34,1776265174,R_75,32288.1675,-1,5.781999999999243,BACKFILL_AUTO
2026-04-15 14:59:36,1776265176,R_75,32290.7678,1,2.60030000000188,BACKFILL_AUTO
2026-04-15 14:59:38,1776265178,R_75,32286.1487,-1,4.619099999999889,BACKFILL_AUTO
2026-04-15 14:59:40,1776265180,R_75,32289.8952,1,3.746499999997468,BACKFILL_AUTO
2026-04-15 14:59:42,1776265182,R_75,32290.7139,1,0.8186999999998079,BACKFILL_AUTO
2026-04-15 14:59:44,1776265184,R_75,32282.0001,-1,8.713799999997718,BACKFILL_AUTO
2026-04-15 14:59:46,1776265186,R_75,32280.1085,-1,1.8916000000026543,BACKFILL_AUTO
2026-04-15 14:59:48,1776265188,R_75,32292.4226,1,12.314100000003236,BACKFILL_AUTO
2026-04-15 14:59:50,1776265190,R_75,32295.1804,1,2.7577999999994063,BACKFILL_AUTO
2026-04-15 14:59:52,1776265192,R_75,32296.2869,1,1.10649999999805,BACKFILL_AUTO
2026-04-15 14:59:54,1776265194,R_75,32292.2969,-1,3.9899999999979627,BACKFILL_AUTO
2026-04-15 14:59:56,1776265196,R_75,32287.3161,-1,4.980800000001182,BACKFILL_AUTO
2026-04-15 14:59:58,1776265198,R_75,32276.825,-1,10.491099999999278,BACKFILL_AUTO
2026-04-15 15:00:00,1776265200,R_75,32286.5267,1,9.7016999999978,BACKFILL_AUTO
2026-04-15 15:00:02,1776265202,R_75,32292.8441,1,6.317399999999907,BACKFILL_AUTO
2026-04-15 15:00:04,1776265204,R_75,32293.3709,1,0.5268000000032771,BACKFILL_AUTO
2026-04-15 15:00:06,1776265206,R_75,32279.0279,-1,14.343000000000757,BACKFILL_AUTO
2026-04-15 15:00:08,1776265208,R_75,32291.1975,1,12.169599999997445,BACKFILL_AUTO
2026-04-15 15:00:10,1776265210,R_75,32280.9492,-1,10.24829999999929,BACKFILL_AUTO
2026-04-15 15:00:12,1776265212,R_75,32273.5949,-1,7.354299999999057,BACKFILL_AUTO
2026-04-15 15:00:14,1776265214,R_75,32273.3036,-1,0.29130000000077416,BACKFILL_AUTO
2026-04-15 15:00:16,1776265216,R_75,32276.6307,1,3.327100000002247,BACKFILL_AUTO
2026-04-15 15:00:18,1776265218,R_75,32279.7437,1,3.1129999999975553,BACKFILL_AUTO
2026-04-15 15:00:20,1776265220,R_75,32266.9474,-1,12.796299999998155,BACKFILL_AUTO
2026-04-15 15:00:22,1776265222,R_75,32265.9607,-1,0.9867000000012922,BACKFILL_AUTO
2026-04-15 15:00:24,1776265224,R_75,32264.8326,-1,1.128099999998085,BACKFILL_AUTO
2026-04-15 15:00:26,1776265226,R_75,32267.4865,1,2.6538999999975204,BACKFILL_AUTO
2026-04-15 15:00:28,1776265228,R_75,32266.4808,-1,1.005699999997887,BACKFILL_AUTO
2026-04-15 15:00:30,1776265230,R_75,32261.9535,-1,4.52730000000156,BACKFILL_AUTO
2026-04-15 15:00:32,1776265232,R_75,32268.5304,1,6.576900000000023,BACKFILL_AUTO
2026-04-15 15:00:34,1776265234,R_75,32269.0981,1,0.5676999999996042,BACKFILL_AUTO
2026-04-15 15:00:36,1776265236,R_75,32274.1518,1,5.05370000000039,BACKFILL_AUTO
2026-04-15 15:00:38,1776265238,R_75,32267.9039,-1,6.247899999998481,BACKFILL_AUTO
2026-04-15 15:00:40,1776265240,R_75,32270.3004,1,2.396499999998923,BACKFILL_AUTO
2026-04-15 15:00:42,1776265242,R_75,32268.4449,-1,1.8555000000014843,BACKFILL_AUTO
2026-04-15 15:00:44,1776265244,R_75,32277.8728,1,9.42790000000241,BACKFILL_AUTO
2026-04-15 15:00:46,1776265246,R_75,32281.1501,1,3.277299999997922,BACKFILL_AUTO
2026-04-15 15:00:48,1776265248,R_75,32282.8336,1,1.683500000002823,BACKFILL_AUTO
2026-04-15 15:00:50,1776265250,R_75,32286.6902,1,3.856599999999162,BACKFILL_AUTO
2026-04-15 15:00:52,1776265252,R_75,32289.0819,1,2.391700000000128,BACKFILL_AUTO
2026-04-15 15:00:54,1776265254,R_75,32280.2001,-1,8.88180000000284,BACKFILL_AUTO
2026-04-15 15:00:56,1776265256,R_75,32285.1963,1,4.996200000001409,BACKFILL_AUTO
2026-04-15 15:00:58,1776265258,R_75,32285.7317,1,0.5354000000006636,BACKFILL_AUTO
2026-04-15 15:01:00,1776265260,R_75,32276.7661,-1,8.96559999999954,BACKFILL_AUTO
2026-04-15 15:01:02,1776265262,R_75,32273.5622,-1,3.2039000000004307,BACKFILL_AUTO
2026-04-15 15:01:04,1776265264,R_75,32271.5087,-1,2.0535000000018044,BACKFILL_AUTO
2026-04-15 15:01:06,1776265266,R_75,32276.6366,1,5.127900000003137,BACKFILL_AUTO
2026-04-15 15:01:08,1776265268,R_75,32276.8177,1,0.18109999999796855,BACKFILL_AUTO
2026-04-15 15:01:10,1776265270,R_75,32275.2277,-1,1.5900000000001455,BACKFILL_AUTO
2026-04-15 15:01:12,1776265272,R_75,32279.8785,1,4.650799999999435,BACKFILL_AUTO
2026-04-15 15:01:14,1776265274,R_75,32264.264,-1,15.61449999999968,BACKFILL_AUTO
2026-04-15 15:01:16,1776265276,R_75,32269.423,1,5.158999999999651,BACKFILL_AUTO
2026-04-15 15:01:18,1776265278,R_75,32269.4168,-1,0.006199999999807915,BACKFILL_AUTO
2026-04-15 15:01:20,1776265280,R_75,32260.7558,-1,8.661000000000058,BACKFILL_AUTO
2026-04-15 15:01:22,1776265282,R_75,32257.9964,-1,2.7593999999990046,BACKFILL_AUTO
2026-04-15 15:01:24,1776265284,R_75,32249.6661,-1,8.330300000001444,BACKFILL_AUTO
2026-04-15 15:01:26,1776265286,R_75,32250.379,1,0.7129000000022643,BACKFILL_AUTO
2026-04-15 15:01:28,1776265288,R_75,32247.6864,-1,2.6926000000021304,BACKFILL_AUTO
2026-04-15 15:01:30,1776265290,R_75,32242.6792,-1,5.007200000000012,BACKFILL_AUTO
2026-04-15 15:01:32,1776265292,R_75,32238.6457,-1,4.03349999999773,BACKFILL_AUTO
2026-04-15 15:01:34,1776265294,R_75,32243.7239,1,5.078199999999924,BACKFILL_AUTO
2026-04-15 15:01:36,1776265296,R_75,32249.4318,1,5.707899999997608,BACKFILL_AUTO
2026-04-15 15:01:38,1776265298,R_75,32264.2873,1,14.855500000001484,BACKFILL_AUTO
2026-04-15 15:01:40,1776265300,R_75,32258.5663,-1,5.721000000001368,BACKFILL_AUTO
2026-04-15 15:01:42,1776265302,R_75,32255.2102,-1,3.356099999997241,BACKFILL_AUTO
2026-04-15 15:01:44,1776265304,R_75,32263.2383,1,8.02809999999954,BACKFILL_AUTO
2026-04-15 15:01:46,1776265306,R_75,32257.1386,-1,6.0997000000024855,BACKFILL_AUTO
2026-04-15 15:01:48,1776265308,R_75,32262.011,1,4.872400000000198,BACKFILL_AUTO
2026-04-15 15:01:50,1776265310,R_75,32264.924,1,2.9130000000004657,BACKFILL_AUTO
2026-04-15 15:01:52,1776265312,R_75,32271.553,1,6.629000000000815,BACKFILL_AUTO
2026-04-15 15:01:54,1776265314,R_75,32279.8671,1,8.314099999999598,BACKFILL_AUTO
2026-04-15 15:01:56,1776265316,R_75,32281.9875,1,2.1203999999997905,BACKFILL_AUTO
2026-04-15 15:01:58,1776265318,R_75,32277.5605,-1,4.42699999999968,BACKFILL_AUTO
2026-04-15 15:02:00,1776265320,R_75,32275.9987,-1,1.5617999999994936,BACKFILL_AUTO
2026-04-15 15:02:02,1776265322,R_75,32267.1674,-1,8.831300000001647,BACKFILL_AUTO
2026-04-15 15:02:04,1776265324,R_75,32264.421,-1,2.746399999999994,BACKFILL_AUTO
2026-04-15 15:02:06,1776265326,R_75,32265.3677,1,0.9467000000004191,BACKFILL_AUTO
2026-04-15 15:02:08,1776265328,R_75,32262.7137,-1,2.653999999998632,BACKFILL_AUTO
2026-04-15 15:02:10,1776265330,R_75,32261.2898,-1,1.423900000001595,BACKFILL_AUTO
2026-04-15 15:02:12,1776265332,R_75,32254.3647,-1,6.925100000000384,BACKFILL_AUTO
